worm_id,cam_id,well_id,recording_id,timestamp,experiment_id,stage_2_frames,stage_3_frames,stage_4_frames,stage_5_frames,roam_mean,roam_std_over_mean,roam_early_mean,roam_mid_mean,roam_late_mean,roam_slope,speed_1s_rows,speed_1s_stage2_rows,speed_1s_stage2_col1_mean,speed_1s_stage2_col1_std_over_mean,speed_1s_stage2_col2_mean,speed_1s_stage2_col2_std_over_mean,speed_1s_stage3_rows,speed_1s_stage3_col1_mean,speed_1s_stage3_col1_std_over_mean,speed_1s_stage3_col2_mean,speed_1s_stage3_col2_std_over_mean,speed_1s_stage4_rows,speed_1s_stage4_col1_mean,speed_1s_stage4_col1_std_over_mean,speed_1s_stage4_col2_mean,speed_1s_stage4_col2_std_over_mean,speed_1s_stage5_rows,speed_1s_stage5_col1_mean,speed_1s_stage5_col1_std_over_mean,speed_1s_stage5_col2_mean,speed_1s_stage5_col2_std_over_mean,speed_10s_avg_rows,speed_10s_avg_stage2_rows,speed_10s_avg_stage2_col1_mean,speed_10s_avg_stage2_col1_std_over_mean,speed_10s_avg_stage2_col2_mean,speed_10s_avg_stage2_col2_std_over_mean,speed_10s_avg_stage3_rows,speed_10s_avg_stage3_col1_mean,speed_10s_avg_stage3_col1_std_over_mean,speed_10s_avg_stage3_col2_mean,speed_10s_avg_stage3_col2_std_over_mean,speed_10s_avg_stage4_rows,speed_10s_avg_stage4_col1_mean,speed_10s_avg_stage4_col1_std_over_mean,speed_10s_avg_stage4_col2_mean,speed_10s_avg_stage4_col2_std_over_mean,speed_10s_avg_stage5_rows,speed_10s_avg_stage5_col1_mean,speed_10s_avg_stage5_col1_std_over_mean,speed_10s_avg_stage5_col2_mean,speed_10s_avg_stage5_col2_std_over_mean,days_alive
cam034_w2,34,2,CAM034_2025-05-08-121710,2025-05-08-121710,SI206_2025-05-08,117720,82080,85320,104760,0.1270649891509128,1.4640351823626108,0.19610297316727315,0.07247279172123823,0.11261920256422708,-0.00020214424301497776,562650,82074,1.210594271515514,1.1179800658249237,59.66111728300292,1.0420517425798697,85314,1.0830174881623675,1.0675360432310668,59.99534224760084,1.049002410440082,104754,1.3913628473769082,1.0832914607173059,56.453422591240006,1.1104034681073682,172794,2.6875893494238507,2.1773914879699623,51.29887719018108,1.1883734761676779,562650,82074,1.2106098735432336,0.9104353709756868,59.65928132979911,0.560570695853995,85314,1.0830018631011795,0.7326771022208419,59.99694049718331,0.4894894540150334,104754,1.3913647919339405,0.6919432386122696,56.4544911568145,0.47136608229125687,172779,2.687502808731477,1.0046857745820414,51.29744696693731,0.508109604189574,8.0
cam034_w5,34,5,CAM034_2025-05-08-121710,2025-05-08-121710,SI206_2025-05-08,119880,88560,87480,104760,0.11800638227252457,1.526356829771476,0.16952121156556427,0.09298405459921259,0.0915138806527968,-0.00014209492419193243,573450,88554,1.2708534739257653,1.052307880826674,57.47373957194459,1.0883309038584168,87474,1.086007434933788,1.0287423641524152,59.93842544007879,1.0424904219514668,104754,1.4132140152506916,1.0962908085424672,58.0236019764716,1.0809157257767783,172794,2.0907837711923194,1.2299967258433226,52.59140980401588,1.1376945777881338,573450,88554,1.2708624130766548,0.8672381600678551,57.47485588396173,0.658558666701412,87474,1.0860034961147689,0.6299925961796158,59.93709420252306,0.4986552583632512,104754,1.4132171304835146,0.7112748397372451,58.02440189163724,0.4812290447110405,172779,2.0908102781047697,0.7554723180722859,52.59075543550968,0.48269744723160124,8.0
cam035_w1,35,1,CAM035_2025-05-08-121725,2025-05-08-121725,SI206_2025-05-08,120960,86400,88560,104760,0.10251069388999423,1.6523779549678284,0.12593897122929382,0.07593841810591187,0.10565469233477698,6.093136740815939e-05,573450,86394,1.2536538355642302,1.0550703322509782,62.619188181588065,1.0330191233441468,88554,1.0591765852053432,1.1019365264049665,65.69570627188388,0.9912168813757175,104754,1.2402884624586599,1.0379177744327335,57.24856011706976,1.0900395648397232,172794,2.103101834733779,1.118547807260638,47.75715599373637,1.262544054212301,573450,86394,1.2536938228271712,0.794086978460786,62.61638971538274,0.5620783566967648,88554,1.0591401240813354,0.7590119565573163,65.69982583667112,0.48425080151615263,104754,1.2402894048474196,0.6437040442630112,57.24838965658233,0.5168270692597645,172779,2.10320557452693,0.7481603979573915,47.7515572268407,0.5334791053173829,14.0
cam035_w5,35,5,CAM035_2025-05-08-121725,2025-05-08-121725,SI206_2025-05-08,129600,87480,90720,110160,0.13379650774013185,1.3315448214280385,0.14474515662033177,0.12582372803816233,0.13082063856190143,5.869758459655454e-05,590730,87474,1.2028391653752757,1.049528693168833,60.594295231879364,1.0704448670474758,90714,1.1653761799644562,1.1490276783732907,62.66324292539521,1.032452524309789,110154,1.431518127488016,1.0768914764544208,54.715267861099846,1.1445334695600546,172794,2.3221021238990818,1.3039617555498302,48.54773131380931,1.2523921373361382,590730,87474,1.2028370204843495,0.802037983331386,60.59082037273427,0.5815527900629974,90714,1.1653802311837116,0.8386995184151143,62.6648390943355,0.5192633971932131,110154,1.4315214334733677,0.7232250530703276,54.71521726558427,0.551380895035084,172779,2.3212790160461427,0.894420380224152,48.54811928639113,0.5591484584132737,13.0
cam036_w2,36,2,CAM036_2025-05-08-114558,2025-05-08-114558,SI206_2025-05-08,120960,83160,85320,105840,0.11809325145093298,1.4889921099522974,0.17891753028754928,0.09616172112847576,0.07920050293677394,-0.00026004183441295423,568050,83154,1.2016339206203945,1.0616973275008206,56.73763778795267,1.1224512668592261,85314,1.0591083832861996,1.1539260358487775,60.57678789071656,1.0525023539585556,105834,1.4077539572938715,1.0928105164342412,55.73123851512224,1.1295209417215264,172794,1.7407960600917864,1.2054094553884593,53.71983946424992,1.1574787628882688,568050,83154,1.2016426662511166,0.8467718739628185,56.739371159244705,0.6265678598238571,85314,1.0591066013788626,0.8269781990584081,60.57676055084193,0.5327766791173669,105834,1.4077510051569462,0.7570571630372067,55.73060017591629,0.5576040967221434,172779,1.7408809145451936,0.7720780829951699,53.7174659775275,0.45210424819371225,8.0
cam036_w3,36,3,CAM036_2025-05-08-114558,2025-05-08-114558,SI206_2025-05-08,124200,86400,72360,108000,0.13616144499496471,1.3980845011024765,0.20915134350531914,0.0867230996172218,0.11260989186235315,-0.00026423485841107564,563730,86394,1.210693679287732,0.9712565182338592,55.10069901857759,1.126857575287945,72354,1.1097922665310556,1.2130594720538344,64.72598321825225,0.995233748222368,107994,1.3420720990453696,1.1068117575067014,57.716846390229634,1.1053924840125613,172794,2.2478595809000708,1.2074734239114735,49.01227605885665,1.2517274674032837,563730,86394,1.2106950749130492,0.7277875649588701,55.1009135076854,0.6627691988222151,72354,1.109798605274206,0.9194221505910963,64.7273045301247,0.5160774734145364,107994,1.342069597030496,0.7229934905896508,57.71666595132889,0.524144292598387,172779,2.2478664284358634,0.7943072279536008,49.01267789720458,0.5030298457455229,10.0
cam036_w6,36,6,CAM036_2025-05-08-114558,2025-05-08-114558,SI206_2025-05-08,114480,84240,85320,103680,0.08941949350807071,1.4740287942112877,0.09595192618536057,0.07345109807561223,0.09885545626323936,0.0001054207543616279,560490,84234,0.9095362555172679,1.0951004912525253,68.98546346439392,0.9627469672492219,85314,1.1476096219280227,1.1680471342336625,65.72448368677405,1.0110067814315442,103674,1.2078210361614892,1.1885378640928095,63.005398530001806,1.0266859605864354,172794,2.429623088020132,1.2304232501697072,49.42114992153811,1.2474629856548418,560490,84234,0.9095517593484627,0.7859061949250493,68.98656767034693,0.4830061403502655,85314,1.1475683212334575,0.8379755459679498,65.7273998235334,0.4931981420523651,103674,1.207842117590428,0.7594324589813309,63.00407508811321,0.42994287451582497,172779,2.429683349300744,0.8550488592316191,49.4194835687455,0.5253333004683989,7.0
cam037_w1,37,1,CAM037_2025-05-08-121357,2025-05-08-121357,SI206_2025-05-08,115560,90720,79920,105840,0.09778180275427553,1.5826321137420365,0.14455865262432424,0.06358323737032269,0.08520351826817972,-0.0001063886619689141,564810,90714,1.1135778103333647,1.1154550991854197,62.801120661058484,1.042153870767942,79914,1.0257662824286857,1.0811885171586693,62.199459676244366,1.0262346088259515,105834,1.2243108021800808,1.023983012509549,60.25023166084995,1.0681076912616705,172794,2.3716133166835545,1.209957220363384,50.184438227118434,1.253712195667972,564810,90714,1.1135833580059575,0.8824721347449183,62.80111695932784,0.5704601717305767,79914,1.0257671052436084,0.7200011353146278,62.19874472988245,0.47663144093231696,105834,1.2243126472463224,0.592690762581635,60.25055401237474,0.44085525344895365,172779,2.3714010446000318,0.7554520166353358,50.186324096151814,0.5039932297224391,3.0
cam037_w2,37,2,CAM037_2025-05-08-121357,2025-05-08-121357,SI206_2025-05-08,115560,81000,87480,103680,0.0998673683028109,1.5754437615971788,0.1492484720099178,0.048641074385876934,0.10171255851263797,-3.012209726774143e-05,560490,80994,1.177177315803746,1.0777662436415023,56.84863640304409,1.104176741194531,87474,0.9356097336856686,1.1570756816768015,65.39463249860293,0.9803330391527554,103674,1.2482215144055466,1.1257082515316779,61.314389218807776,1.0455027181779832,172794,2.576583840797382,1.2245285196548665,52.65324892641406,1.2039664798613736,560490,80994,1.1771553328240836,0.8522258118834456,56.85242522550753,0.6011342506667617,87474,0.9356120884522856,0.754069614158669,65.39486610038082,0.45626621563686465,103674,1.2482548284192492,0.7087083341781409,61.312879343668484,0.43726004915793637,172779,2.5764814184093234,0.8769895756903907,52.65630945650016,0.48158586929851765,11.0
cam037_w3,37,3,CAM037_2025-05-08-121357,2025-05-08-121357,SI206_2025-05-08,116640,86400,85320,111240,0.1044327241434912,1.6588727872884057,0.17678420678420678,0.034104310878920935,0.10240965476734588,-0.00016874722580203415,572370,86394,1.0725954798581414,1.1374373356797687,64.16724585530521,1.0101375510225714,85314,0.8713706619711972,1.0627618517832655,65.49457109459547,0.9781072117885694,111234,1.2562724339191216,1.1255836231766085,62.082716585976335,1.0389015456217985,172794,2.516514652332797,1.1613441459476268,49.20212277711839,1.2467489992349003,572370,86394,1.0725991559752004,0.9210027904580783,64.16743479698935,0.5708343475069334,85314,0.8713840468741911,0.6049527308524927,65.48871613021274,0.4307428894665598,111234,1.256279745322229,0.705359799402275,62.085521036463064,0.4794700013586528,172779,2.516509961237616,0.7902996036766315,49.204101327203695,0.49278095738767846,7.0
cam228_w1,228,1,CAM228_2025-05-08-141050,2025-05-08-141050,SI206_2025-05-08,133920,83160,85320,102600,0.061352111447289276,2.0331429982364506,0.08563667761256945,0.04736350170307369,0.05105615502622469,-6.360263590330239e-05,577770,83154,1.4515235296852256,0.7928570449705843,84.6959190316671,0.717163426081997,85314,1.1902093849507303,1.489707384852639,67.37853964314232,0.9992958425355378,102594,1.6421434619188349,0.9959478920530062,76.46321148108055,0.799943322411424,172794,2.25909192567931,1.1171286129348483,70.03198298604605,0.8716144976700894,577770,83154,1.4515583149209637,0.4779709148666682,84.69619639274295,0.3859092160030959,85314,1.1901987764221698,1.0038286767955351,67.37703987176306,0.7200627767774027,102594,1.6421703114134438,0.6535450918649409,76.46391741964496,0.42777408466660993,172779,2.2591050847875476,0.7716780732434338,70.03443455793008,0.4149560977620093,11.0
cam228_w2,228,2,CAM228_2025-05-08-141050,2025-05-08-141050,SI206_2025-05-08,119880,78840,76680,102600,0.04284850964857569,2.1970766611337864,0.06383103082153384,0.025370593462451515,0.03934390466174174,-0.00010076263310937384,550770,78834,1.2395264575534704,0.7463381924964412,87.2913671328076,0.6818651421927783,76674,1.3984444731748158,0.8454962031579847,89.3378389757628,0.6819299478088224,102594,1.4731293357290842,0.9461627596853354,82.09350967666818,0.7324395083154364,172794,1.7797993655363924,1.1443913602453557,79.44020972494852,0.7702260178532407,550770,78834,1.239513119730411,0.4394957456986882,87.29105507093139,0.3570009721049757,76674,1.398464365438117,0.4719686078431778,89.33715007307876,0.32907269043254483,102594,1.4731407468408326,0.5932831389770923,82.0893021934918,0.3553809905328749,172779,1.7798461830902434,0.7666809402831012,79.44069945598388,0.3717666727219844,10.0
cam228_w3,228,3,CAM228_2025-05-08-141050,2025-05-08-141050,SI206_2025-05-08,146880,82080,81000,105840,0.047006220480645726,2.0951315981444054,0.05781217247860874,0.01846032143710236,0.06474616752622607,2.7551688621793825e-05,588570,82074,1.2137600699457194,0.8306852412788877,92.86306713752211,0.6310891247037257,80994,1.382521776877487,0.8861035363350317,89.24580448104139,0.6786953677149905,105834,1.504232579795635,1.0154973519448691,80.94724999825793,0.7437303586333184,172794,2.1877266065023386,1.2085993729483595,71.0780259000165,0.8510447461339626,588570,82074,1.2137799005134378,0.5400019981188316,92.8650935520332,0.31473154630144673,80994,1.3825348790052745,0.49893080880516283,89.24790128631703,0.3156142646753708,105834,1.5042728849344145,0.5839684365363087,80.94401251840806,0.38043672582516114,172779,2.1877930833795998,0.8121274639453354,71.07663316623918,0.41597489163838913,7.0
cam228_w6,228,6,CAM228_2025-05-08-141050,2025-05-08-141050,SI206_2025-05-08,149040,84240,82080,100440,0.038961286992832446,2.2495412280019917,0.06263550616395305,0.02619428111063436,0.028054073703909926,-8.165046171328008e-05,588570,84234,1.295076189103672,0.8054368820917628,89.0600823680554,0.6717768257073193,82074,1.4428819642955901,0.8889423558769647,90.5921550175543,0.684736508765884,100434,1.4943587286700952,0.8699029586605194,80.23443149175868,0.7406906454513192,172794,2.0598763065462338,1.1152839206475593,71.91487017447443,0.844118134378654,588570,84234,1.2951088171630913,0.5008233306644948,89.06014588284016,0.3593876842949716,82074,1.4428222648760745,0.47574431484476876,90.59064126421087,0.3196546344094143,100434,1.4943551203287215,0.48420957247797664,80.23594839475528,0.35252465303553954,172779,2.0599018231675346,0.6704552331156749,71.91424149714874,0.3850206018684299,14.0
cam229_w1,229,1,CAM229_2025-05-08-141115,2025-05-08-141115,SI206_2025-05-08,126360,83160,83160,103680,0.09549098201663113,1.622161907911578,0.09947616556762737,0.08067114505095777,0.10632563543130827,0.0001247085511840786,569130,83154,1.049335965120554,0.9415410400951026,75.96381316776737,0.8385662877678832,83154,1.2138323564857192,1.0011161114940839,73.8792725776207,0.8613461040218712,103674,1.4898345231961847,1.0400237894658757,67.54633022521843,0.914643209918544,172794,2.6151540323156404,1.1720180705707526,54.04349011977667,1.108895879225108,569130,83154,1.0492999972166175,0.6881984038533944,75.96671733292405,0.4686070970187094,83154,1.2138629915121326,0.71648992652114,73.87558786397123,0.46716157382304535,103674,1.4898321585063254,0.7094330517051005,67.54632084828295,0.46985117436905954,172779,2.615233739493026,0.7653979424189897,54.04154435998396,0.5143288226070286,9.0
cam231_w1,231,1,CAM231_2025-05-08-115315,2025-05-08-115315,SI206_2025-05-08,113400,83160,79920,95040,0.0371880805447195,2.6754684034524328,0.05544045750713033,0.025943049271020212,0.03018073485600795,-0.00015531567049402724,544290,83154,1.125612690019318,0.7440389718825737,101.84888567392584,0.5693230417610994,79914,1.3831022791389842,0.8059797126178666,86.90909215130841,0.6851723409248441,95034,1.6686839348882945,0.8477782928623707,79.41702101661654,0.7514088062209905,172794,1.689931315360573,1.1114862475673628,67.2418485802138,0.9036391838029085,544290,83154,1.1256064758428532,0.4746942210442078,101.8498568066483,0.2651180455400033,79914,1.3830407712961554,0.4994804219673391,86.91289857939736,0.33508514806060197,95034,1.6687395543341688,0.5052869038407962,79.41728288779954,0.3664183638422267,172779,1.6899001595510315,0.7379598408473362,67.24115198965713,0.5237968531422409,7.0
cam231_w5,231,5,CAM231_2025-05-08-115315,2025-05-08-115315,SI206_2025-05-08,117720,77760,78840,104760,0.05652247989996676,2.1218504253445207,0.08157598168865775,0.03991077341770751,0.04808068459353504,-2.5644688054318294e-05,551850,77754,1.5602491687867042,0.7940886726055243,82.93769320919147,0.7390864906706316,78834,1.5597849921035645,0.8774992910908164,89.5759964539515,0.6774181877488022,104754,1.5669320563082652,0.9024881435975513,88.42531285100556,0.6876515163508563,172794,2.422205455123452,1.1893209565796692,71.85300810217127,0.8496377763281755,551850,77754,1.560252806134308,0.5650409920837228,82.93881716812443,0.43024540092699215,78834,1.5597707382246175,0.5991814905998085,89.57493665642306,0.3499395590299117,104754,1.5669378753169867,0.556912872940541,88.42468821700326,0.31086930001830604,172779,2.4222921358298826,0.7477080585194052,71.85401897382282,0.40687879511815794,8.0
cam236_w1,236,1,CAM236_2025-05-08-115327,2025-05-08-115327,SI206_2025-05-08,130680,87480,87480,106920,0.08518714511217296,1.636029143595911,0.11948048121970961,0.03315234117582178,0.10292861294098746,2.1933823314346493e-05,585330,87474,0.9352493686815794,1.0878222324639593,64.14201816801365,1.0070512316571694,87474,0.927599298078985,4.296253733534757,68.12281243164414,0.9718816609576615,106914,1.2810394250998405,1.091381301057947,59.34570356823522,1.0817303144445838,172794,2.1672317804019423,1.2072314714013421,47.496565113769776,1.2726636678741425,585330,87474,0.9352491533709809,0.7513360747767975,64.14246675361652,0.5155647704965732,87474,0.9276176268249031,1.5004378370174245,68.11831815904614,0.43495017059628754,106914,1.281029853266173,0.6752486158026244,59.351095711647176,0.47398646619815593,172779,2.1673680687870602,0.8863895893889746,47.49247487775248,0.5673639906339542,13.0
cam236_w2,236,2,CAM236_2025-05-08-115327,2025-05-08-115327,SI206_2025-05-08,122040,91800,83160,100440,0.08670896754285638,1.5065111776547429,0.10952625253898148,0.039787853857506966,0.11081279623208067,1.6805004456364235e-05,570210,91794,0.785987000940603,1.1379061550137626,69.4116016609443,0.9341569479505065,83154,0.9121604654100944,1.0620312162282857,62.64686957748225,1.025416243792948,100434,1.2181909538589515,1.1797395713168728,60.43309152116956,1.0731673865170568,172794,2.024929967805153,1.22655567093858,41.51250062757561,1.4055405141569548,570210,91794,0.7859780368802656,0.7530526097171518,69.40897044344865,0.4645440600692769,83154,0.9121650995369569,0.6689756221144608,62.64717471269818,0.49189552482903975,100434,1.2181908173733387,0.7318282066779315,60.434145098055176,0.4516711815628366,172779,2.0249237978048797,0.8582304698690318,41.5115900547611,0.6543833698944752,14.0
cam236_w3,236,3,CAM236_2025-05-08-115327,2025-05-08-115327,SI206_2025-05-08,122040,87480,86400,99360,0.07905792673529734,1.8498175306971656,0.08384441813833257,0.07329930800698167,0.08003005406057775,-5.363474259023247e-05,568050,87474,0.8034053936656614,1.015342815871204,70.12764029459007,0.9183491337176986,86394,1.0996748471557058,1.1443998192468368,66.14652519844589,0.9916244089952945,99354,1.308889529740334,1.200618249942962,57.82014089121474,1.0923590381567805,172794,1.8095699702398684,1.2630693853824801,55.86283067460432,1.1443232349470827,568050,87474,0.8034050369722485,0.5908995452544956,70.12556010317664,0.4319037429747333,86394,1.0996794827367393,0.8213418815072542,66.14824213417792,0.4907135941118456,99354,1.3088886876399017,0.7306851233162623,57.820597983430886,0.515678418624971,172779,1.809571502608085,0.7950405779069977,55.86328840707904,0.4710800305859261,7.0
cam236_w6,236,6,CAM236_2025-05-08-115327,2025-05-08-115327,SI206_2025-05-08,113400,82080,82080,108000,0.07029700378197443,1.679438210721803,0.09069321677660527,0.03209057484171856,0.08810721972759945,4.495944371021372e-05,558330,82074,0.8693302097153491,1.1002370336488765,69.45392527586915,0.9230965074444033,82074,0.9260422207006195,1.0601993559653253,64.75951057614542,0.9979299294000004,107994,1.3175581526660098,1.105686392745001,61.03598439960117,1.0614873711532606,172794,1.8540346012798261,1.1688752077072033,54.70187957056313,1.1591892506088952,558330,82074,0.8693318734687947,0.8102493804685823,69.45416451823552,0.4814817953847409,82074,0.9260407972361001,0.6522066551416436,64.75943034578137,0.4642593821922624,107994,1.3175690472129742,0.7211510798627152,61.03433111798963,0.5055878656096294,172779,1.8540950804263474,0.7762842514709244,54.70354769723509,0.47622004815027225,8.0
cam241_w1,241,1,CAM241_2025-05-08-115304,2025-05-08-115304,SI206_2025-05-08,154440,89640,82080,103680,0.036483023151523755,2.348535787187889,0.06013546395049882,0.014458594139671994,0.03485501136440043,-3.3576031328159574e-05,602610,89634,1.3390376120722363,0.8908468123220133,88.44827373527337,0.7025622827441137,82074,1.1774915097401013,0.7911482446435602,92.45136684974962,0.6478001009773953,103674,1.515044349416866,0.8882541583800472,82.5520953245558,0.7383667587152285,172794,2.2671158407623273,0.9646689893830938,68.00779918868452,0.8910908707287418,602610,89634,1.3390449025060067,0.6626236851628806,88.44722879035301,0.38766407555730986,82074,1.1774755416379545,0.4268818506934062,92.4525025249643,0.2866532008237484,103674,1.515045859854572,0.5636723537245042,82.55048696890975,0.35939310456383255,172779,2.267144267305787,0.5969739176182512,68.00626300112792,0.4018928444891317,13.0
cam241_w2,241,2,CAM241_2025-05-08-115304,2025-05-08-115304,SI206_2025-05-08,151200,90720,82080,101520,0.056323083505318484,2.2069967605727405,0.07825225529342116,0.04037818139346913,0.050338813829065146,-5.7616246203223904e-05,598290,90714,1.348660119097446,0.9190347512392795,86.80237248390453,0.7201169322716668,82074,1.305339082153472,0.869857141279528,87.85484062540418,0.6927724718276679,101514,1.7593169222222698,0.8910683575502016,75.07318253679361,0.8111601585742265,172794,2.0817768955537916,1.1044422988208087,74.44366558897495,0.8203400477918906,598290,90714,1.3486416083175707,0.7070442734060748,86.79996981050057,0.4342213058722934,82074,1.3053513844246918,0.5577011391922356,87.86107565032006,0.3507554889477464,101514,1.7592528799127274,0.6098252585442294,75.07342191451477,0.4287685044350903,172779,2.0818428710484285,0.6808306619486018,74.44055293173504,0.37639681087872595,9.0
cam241_w3,241,3,CAM241_2025-05-08-115304,2025-05-08-115304,SI206_2025-05-08,141480,88560,79920,103680,0.03921252552362402,2.2328942716767277,0.059618788798009116,0.008175047389983897,0.049843740382879045,-1.0601496158222411e-05,586410,88554,1.2108594924243727,3.221755206704262,89.62023587257234,0.6883283077719483,79914,1.2591603577978854,0.7837897133730135,90.27829269388482,0.6519297351051059,103674,1.6550260675776505,0.8983147262842566,79.69944547586849,0.7568754713716668,172794,2.1236395023702923,1.1868483734578346,71.69633211960472,0.8461385774925416,586410,88554,1.210859906351227,0.8390469070537773,89.61977332880814,0.40810750169799953,79914,1.2592144841967208,0.4032506798959982,90.27366991318203,0.30200501086700204,103674,1.6549998553860026,0.5436655039678225,79.70082877490108,0.37480287752513775,172779,2.1237384079744364,0.779780979762711,71.6942527920839,0.40235615735189756,7.0
cam241_w4,241,4,CAM241_2025-05-08-115304,2025-05-08-115304,SI206_2025-05-08,193320,85320,79920,109080,0.0346745199605635,1.9380873520800188,0.037702985763823034,0.0191242743330643,0.04719629978480315,2.4351558753345358e-05,640410,85314,1.2776737538173706,0.7372092013129323,89.95471439542226,0.6599958336410947,79914,1.217685450812171,0.7695412137714078,91.52294977694056,0.6450759997843218,109074,1.6073350070552777,0.8651341529069266,79.7605245964659,0.7639641398912317,172794,2.3763401417891505,0.9909796875435284,67.23150932292722,0.8972848809207855,640410,85314,1.2776710845970394,0.41231490213521726,89.95486299622563,0.3226830102799827,79914,1.2176911513054536,0.40271660840522533,91.52426574093455,0.28113489834058414,109074,1.6073481156998013,0.5078735993842891,79.7591854259153,0.37221933605951824,172779,2.376427729308671,0.6209780728607698,67.23082714199228,0.3917640052935021,1.0
cam241_w6,241,6,CAM241_2025-05-08-115304,2025-05-08-115304,SI206_2025-05-08,142560,95040,75600,108000,0.08707832417939182,1.6795837776225606,0.15391309860396368,0.038312740909245385,0.06900913302496639,-0.0003255733101825558,593970,95034,1.4848181540151928,4.609271503466796,86.02314398614361,0.7247404602631727,75594,1.4607745249248258,0.7811829588480256,81.38276571588366,0.7418724209716958,107994,1.8097706533441587,0.9304124412809722,77.68379415099055,0.7949725264180494,172794,2.5946817104651245,1.0299598181512764,66.88924253790081,0.9088088951885448,593970,95034,1.484822105466693,1.2738092665066072,86.02333323484059,0.40487390800859424,75594,1.4607484248573366,0.44417828759180344,81.38835279228242,0.3709673338934605,107994,1.8097720050362065,0.598839667626717,77.67992868248282,0.40981408706081257,172779,2.5947329003695065,0.6754961865405624,66.89256137845884,0.4108534407796484,8.0
cam245_w1,245,1,CAM245_2025-05-08-141101,2025-05-08-141101,SI206_2025-05-08,99360,100440,95040,102600,0.018683167388675884,2.660132432067335,0.012502169458566748,0.011191055122580191,0.032356277584880716,8.716958237057333e-05,476119,100434,0.7183004266534276,0.9370080765626125,79.51517473403337,0.8089565377812072,95034,0.7025824119562345,1.0567087814866696,78.53397796700186,0.8276700705031964,102594,0.9143932133656366,1.0814259773705093,69.23370153056604,0.912756140373245,78703,1.1987416045656611,1.6307160009013775,69.56040538135557,0.9145792802777732,476119,100434,0.7182820468332503,0.48033596220157754,79.51355790815855,0.37459496000469,95034,0.7025782946864512,0.6401630493632853,78.53462435918078,0.3857063436261763,102594,0.9143460752779179,0.6414981560056987,69.23893951770752,0.40328765344890616,78688,1.1981526201097081,0.986642291028125,69.54707719955775,0.4404770092946173,7.0
cam245_w4,245,4,CAM245_2025-05-08-141101,2025-05-08-141101,SI206_2025-05-08,114480,82080,84240,93960,0.08464759359391906,1.8892285628953442,0.1348453019357571,0.039098405543917414,0.07999907330208272,-0.00010948896895626644,547530,82074,1.081034552910879,1.0996380310262452,64.47356682284246,1.005304988356215,84234,1.0290927067514928,1.0821626887131839,69.75151969654232,0.9390907585037045,93954,1.2227318303999246,1.0527445219376845,62.7096442291515,1.0169881260984486,172794,2.2888400009389755,1.2115184341190295,52.38471459960624,1.1812422226632746,547530,82074,1.0810194627961394,0.846704650708378,64.47395479165428,0.5689539592022502,84234,1.029104267284579,0.7131527465039765,69.75004830684915,0.4529259239404843,93954,1.2227484192432703,0.6023430702059106,62.70976287175412,0.42683446556937615,172779,2.28888006930852,0.8104581578403818,52.38510204453136,0.5018172867860379,2.0
cam245_w6,245,6,CAM245_2025-05-08-141101,2025-05-08-141101,SI206_2025-05-08,123120,84240,81000,101520,0.07893050745320614,1.7604591860764212,0.11787044049795423,0.047489633630156694,0.07143144823150754,-6.00797865761602e-05,562650,84234,1.0736480026428532,1.052185373687517,63.958460161698355,0.9898239928472292,80994,0.9517516657899217,1.0248146825919655,65.52674148917048,0.9730834299262964,101514,1.2780035443622606,1.101180040366031,60.65974190568415,1.0396725428278233,172794,1.8652152338829633,1.1984686853538302,55.13547696096284,1.1224691074362854,562650,84234,1.0736411708978906,0.7890889652079643,63.95955953400489,0.5492061022618493,80994,0.9517610572166437,0.6012407182421226,65.52748961144279,0.4656222987117934,101514,1.2780033041202268,0.7181551675801535,60.65843241285751,0.49702167452397544,172779,1.8653032466099249,0.7761243414860839,55.1330047482749,0.4791952217881583,5.0
cam302_w1,302,1,CAM302_2025-05-08-122159,2025-05-08-122159,SI206_2025-05-08,143640,89640,86400,106920,0.09750584283426965,1.5086487010158578,0.1097674304726678,0.06200748770493607,0.12074261032520509,0.0001850225431668969,599370,89634,0.8864036479649675,1.1064815935731755,67.06309005235636,0.9693451014917897,86394,0.9254631276163106,1.0777896354012384,63.82967260545029,1.0054358159096524,106914,1.296473140597108,1.0808007217190365,57.704086020343524,1.0917551465943505,172794,2.473922301431356,1.119820394179666,45.71751214285816,1.2954447438043548,599370,89634,0.8864074078719623,0.846250180993438,67.05985149954006,0.518896192426212,86394,0.9254392773680138,0.6705218111433393,63.833624295895476,0.4882567535387746,106914,1.2964882692573985,0.6916418481010668,57.703442712917905,0.5066627473398686,172779,2.47391105654404,0.7403266435951743,45.717912594743346,0.5552285080145973,14.0
cam302_w2,302,2,CAM302_2025-05-08-122159,2025-05-08-122159,SI206_2025-05-08,130680,88560,86400,105840,0.08206561388665817,1.688577627778704,0.08929360758138903,0.06228855313827812,0.09461468094030742,3.9759708370913925e-05,584250,88554,0.7845033640666933,1.1104661796059525,72.72919284464571,0.8946750855868617,86394,0.8750438419875891,1.1644939478722496,69.04251375229519,0.9407033960430043,105834,1.1135449212233997,1.1747604089007024,64.58133487829332,0.9989333758569603,172794,2.1035575913779305,1.209576022780448,52.485846075377125,1.176795406512828,584250,88554,0.7845195053780809,0.7757687229755555,72.72834920813678,0.4514633452495302,86394,0.875026779802161,0.795795339280692,69.04218651909837,0.4702643305074785,105834,1.1135454421170043,0.777019046696381,64.58099950242018,0.4727707852963681,172779,2.1033174931537477,0.8521441981757575,52.48706739841241,0.5001241464936891,8.0
cam302_w3,302,3,CAM302_2025-05-08-122159,2025-05-08-122159,SI206_2025-05-08,122040,81000,81000,99360,0.12141479919629845,1.452131508801014,0.12281176935958425,0.11187578853643718,0.12955683969287402,0.00011423619930241677,556170,80994,1.0597860221646065,1.0397261286226254,60.28631657766529,1.0589099738646919,80994,1.1623990959783155,1.1229482512068938,62.9059142409678,1.027486852149257,99354,1.290764562338013,1.1362257234341369,61.01642792319773,1.0612041853393037,172794,2.701177399950822,1.1886154834625773,47.359962381152805,1.2838702062898604,556170,80994,1.0597705447774508,0.8109971170620747,60.28775186226523,0.5917460398849154,80994,1.1623832660418458,0.8411823492876586,62.90614863496881,0.5345961134760369,99354,1.290776117694015,0.7397925394886372,61.018844546330186,0.4539057084141214,172779,2.701203781716385,0.7891976875368097,47.35872894751838,0.5612811600322671,7.0
cam302_w4,302,4,CAM302_2025-05-08-122159,2025-05-08-122159,SI206_2025-05-08,117720,88560,85320,101520,0.11201311596263988,1.552325831962336,0.19955680348454954,0.02899787272242873,0.1074846716809414,-0.0001951130814618296,565890,88554,1.106550279178482,1.1944426446438956,57.099185835356,1.089386522314314,85314,0.9274030489353985,1.0790704881275628,64.84330316138987,0.9906287126657207,101514,1.1557713672478462,1.0725893962161022,61.155159334535256,1.0524478662829366,172794,2.542576975127331,1.2775479313430214,50.20970744211959,1.2203184370314357,565890,88554,1.1065510318797553,0.9895547198722533,57.0998816357568,0.6251652572041829,85314,0.9274036112070213,0.6236094950118658,64.8447085152599,0.4501009759895004,101514,1.1557675431037564,0.6170846330931703,61.15565176612912,0.4379084401742735,172779,2.5427732300165737,0.9143951828407356,50.20677053461784,0.5441398045884661,13.0
cam302_w5,302,5,CAM302_2025-05-08-122159,2025-05-08-122159,SI206_2025-05-08,127440,85320,85320,103680,0.0711271797620464,1.949075751872429,0.1328346927626572,0.02630049950113084,0.05424634702235113,-0.000208485040843924,574530,85314,1.0327331007826643,1.186826863840735,63.632771805925024,1.019395013666447,85314,0.8487436570444001,1.0807739371394693,66.15042675281504,0.9722577798788589,103674,1.1429072220394807,1.0503973479262025,61.08600551754293,1.0566003239959674,172794,1.8783494087958355,1.167892479753054,54.245856040747256,1.1620440646561987,574530,85314,1.0327312710357321,0.9349615920351583,63.631476400171785,0.5466510979343019,85314,0.8487573574071966,0.653681041380404,66.15231263770401,0.44496152958137536,103674,1.1429001448181615,0.6077147383357602,61.085586667911215,0.4432854448776014,172779,1.878290398386186,0.7639703005449154,54.24520433061459,0.4540213775559928,7.0
cam304_w2,304,2,CAM304_2025-05-08-114024,2025-05-08-114024,SI206_2025-05-08,123120,87480,87480,103680,0.09866401666476592,1.7082449612871777,0.1367280713032153,0.08972109465321071,0.0695428840378717,-0.00014416162716130858,574530,87474,1.0739812918876792,1.033163559957966,66.10016695206048,0.9389007977187022,87474,1.285497779215847,1.1251583040531856,62.987514877463916,0.9738353896492992,103674,1.218522295976623,1.1781586834525857,65.80921883908724,0.9357146746456647,172794,2.150836668727297,1.2033864297850434,53.93437441032711,1.1175247998236275,574530,87474,1.0739861363500587,0.7930575110833078,66.09993547763415,0.5130098668165413,87474,1.2855011345974139,0.8422636599410925,62.986778015834986,0.4940124034944593,103674,1.218513306973767,0.7661813868285905,65.80947360673858,0.4058665958289357,172779,2.1509716510994163,0.8202188528050903,53.93163108480646,0.447963231952932,9.0
cam304_w4,304,4,CAM304_2025-05-08-114024,2025-05-08-114024,SI206_2025-05-08,122040,79920,79920,102600,0.1241786678630632,1.4926867372230181,0.13211255132269634,0.0901296406578952,0.15029381160859806,7.389634902065179e-05,557250,79914,1.0492664455335157,0.997747938163801,63.24204370868959,0.964524883601245,79914,1.1927796086444753,1.1648158334655245,65.19460754671276,0.9462944522671135,102594,1.5482158781166655,1.0455126528872152,55.54408538687172,1.0843083421385682,172794,2.7671942815235937,1.2079106429960729,48.44138753690965,1.224974757915036,557250,79914,1.0492509475899345,0.7337350714739193,63.243896695802555,0.5247366470744287,79914,1.1928200796546709,0.8935196082844958,65.19183210777317,0.47950502079027096,102594,1.5481981780695477,0.7034869505099484,55.54376329093953,0.5158633174738558,172779,2.7671694114057117,0.8898654476398223,48.44488250014839,0.5204477023872169,8.0
cam304_w6,304,6,CAM304_2025-05-08-114024,2025-05-08-114024,SI206_2025-05-08,123120,84240,85320,102600,0.0805398190349473,1.8053387885628245,0.09783702524678442,0.08501328538586274,0.05876914647219475,-8.670000709023439e-05,568050,84234,0.9331536072682186,1.0355871766157396,67.33147400431872,0.893767368066089,85314,1.1604498371238146,1.0744952767375044,63.4766717359569,0.9557095601958537,102594,1.1196515597998276,1.1115947895236795,65.48173359840371,0.9274636815357454,172794,1.9162749517834958,1.2137142068547817,56.03091389139927,1.0740773172242788,568050,84234,0.9331428540707637,0.7555079173710089,67.33423809328966,0.48213026428822225,85314,1.1604516473740198,0.7762649897574891,63.47415289152349,0.4960889158296594,102594,1.1196548020139587,0.6931633780126997,65.48269085698944,0.4098220749945449,172779,1.9163482697420438,0.7946403148841465,56.03101647677749,0.4561705040465844,9.0
cam306_w1,306,1,CAM306_2025-05-08-114043,2025-05-08-114043,SI206_2025-05-08,114480,81000,79920,105840,0.09399393961356418,1.849659343545096,0.07380616730456456,0.09640337555096021,0.11177227598516773,0.00022214347307996794,554010,80994,1.175846916657802,0.9873054466234572,72.84975030067463,0.8557451591478075,79914,1.3029194071968568,1.0084410206464962,64.26084943099141,0.9443158472828765,105834,1.2963990919165647,1.0704913433642396,64.9342242645364,0.9441134194956519,172794,2.281030612422508,1.4250794700570573,50.69242047312216,1.1775227162417778,554010,80994,1.1758567650729328,0.6777128401297423,72.8491980819827,0.4613839942916626,79914,1.3029306130355034,0.7340511881645664,64.2621405232945,0.5095547760073159,105834,1.2963495651117811,0.712402447206431,64.93342795955486,0.4420671814194664,172779,2.2812561587183153,0.9479900816806937,50.69670956448612,0.5635712210261241,7.0
cam306_w2,306,2,CAM306_2025-05-08-114043,2025-05-08-114043,SI206_2025-05-08,122040,81000,85320,102600,0.10545549168594372,1.6926958946355737,0.12063254651594134,0.09335970191129402,0.10237422663059582,6.649941767281031e-05,563730,80994,1.1543923911652632,1.220719164817113,63.768299870257145,1.0129650829810233,85314,1.3740753453024706,1.119542131144707,75.17841824755564,0.8440057804169918,102594,1.6596128346445418,1.0509391398631533,61.39538218381703,0.9924222365300542,172794,2.408891239747432,1.1911862024052267,53.97385892653045,1.14544236934767,563730,80994,1.1544036578364472,0.923185860404162,63.77276944603491,0.6407920732920821,85314,1.374063817212803,0.7187385903047201,75.17852771977438,0.4002641177340467,102594,1.6596257133551031,0.744392749266505,61.39329681776213,0.47773398138758644,172779,2.408954435028643,0.7935247211616796,53.97443126454257,0.5102333921025448,7.0
cam306_w4,306,4,CAM306_2025-05-08-114043,2025-05-08-114043,SI206_2025-05-08,124200,85320,78840,105840,0.09149378475242874,1.747638258524588,0.12760607660473117,0.05358738428449264,0.09328789336806242,-6.024565095061368e-05,566970,85314,1.259103392585787,1.0099138516647614,75.04284286442835,0.8389384517077034,78834,1.213662852467583,1.0807599236606753,73.68614865064643,0.8504062925754154,105834,1.4234651689359503,1.1340783760526267,66.89801074434241,0.9206055702582383,172794,2.1765482631658766,1.1826378246381513,56.81324777234529,1.076732691262603,566970,85314,1.2591113925756257,0.7518421591792311,75.04642122521633,0.4550205239910705,78834,1.2136439126236516,0.737132767467554,73.68398725049828,0.3909399866458695,105834,1.4234795614653966,0.8049556889819427,66.89749693100079,0.44388325943042917,172779,2.176555681456241,0.7898370044889556,56.81460548810541,0.44908591139519033,8.0
cam306_w5,306,5,CAM306_2025-05-08-114043,2025-05-08-114043,SI206_2025-05-08,164160,86400,86400,104760,0.09446101286648191,1.6667374965100124,0.1250973423387487,0.04956094539222329,0.10872475086847379,6.0419649880015334e-05,614490,86394,1.1821519670788974,1.0690666576488461,72.092345716893,0.8730837857578326,86394,1.1507768757159726,1.0576184539608797,74.10632904072587,0.8464253065217451,104754,1.548738060120631,1.0954654924038987,63.58584571311896,0.9640703707022579,172794,1.8180855653990227,1.3059507070731344,53.088941201457054,1.1198784649742948,614490,86394,1.182168870795361,0.8130482676083005,72.09198304533544,0.5207256560297234,86394,1.15076003852647,0.6833078429215872,74.10643662781659,0.3841823357335682,104754,1.5487376196903946,0.7589450923389602,63.58724927427865,0.4852479899891779,172779,1.8178064826904785,0.872887945452438,53.08835791281733,0.5477989506633766,8.0
cam306_w6,306,6,CAM306_2025-05-08-114043,2025-05-08-114043,SI206_2025-05-08,102600,83160,82080,104760,0.06797419919152778,1.9865065515507285,0.06905821093628826,0.05823597437088431,0.07662841226741074,0.00011586909999385876,545370,83154,1.318353313548072,1.319760299377488,77.11999012821686,0.8705467905130073,82074,1.3265350815498118,1.156340409853863,79.59799024227733,0.8014180021489514,104754,1.3565082564501871,1.0964680911974956,69.11529309914594,0.9015605559482481,172794,2.2486342521348637,1.1595145727735179,55.59160821162145,1.1104188719455916,545370,83154,1.3183438135108383,0.8128229741685946,77.12489051786211,0.5107162503762921,82074,1.3265612303967373,0.7240788979295517,79.59511043919717,0.37338706761657375,104754,1.356507003010418,0.7418900063351838,69.11535554140248,0.4016181496848822,172779,2.2486091865292996,0.7814761836455412,55.59404822477211,0.4824844234953925,14.0
cam307_w1,307,1,CAM307_2025-05-08-122128,2025-05-08-122128,SI206_2025-05-08,106920,92880,89640,102600,0.09995508743403841,1.625087914399456,0.08211770525131147,0.10029551380451805,0.11745204324628573,0.00013466680891647794,564810,92874,1.013509556620867,0.9552878162739812,71.52131620300523,0.8806943428409523,89634,1.1801545860471607,1.0876184026909068,67.45058134278788,0.9597892771002134,102594,1.468051412185615,1.055287336889611,57.395340108841054,1.1137772515491575,172794,2.136088841591436,1.162974194877111,51.927946005702715,1.2007687570173435,564810,92874,1.0135086156341604,0.6869232369844708,71.52042268115832,0.48901474661527167,89634,1.180152983623517,0.7781159636067388,67.45099211833052,0.494334106326579,102594,1.4680529400166928,0.6636965455887777,57.396629848312976,0.5167235522590554,172779,2.136170188131493,0.7860386069930275,51.928580124880455,0.5227759390876052,3.0
cam307_w2,307,2,CAM307_2025-05-08-122128,2025-05-08-122128,SI206_2025-05-08,123120,90720,89640,108000,0.08396586979180633,1.4977598837610064,0.10175833866723562,0.04356763634420757,0.1065716343639758,0.00011725765013354974,584250,90714,1.1492155762634273,1.0401982955288043,69.49520890054978,0.9398121788832104,89634,1.0451323282344767,1.0201064456993105,66.1528123042971,0.9864327982437655,107994,1.3280265845599784,1.0645431574398483,60.34559837516644,1.0764444489489873,172794,2.329512434266711,1.1429125476592392,49.82173993379984,1.2411413056917293,584250,90714,1.1492079640820534,0.7608338654322517,69.49669554069273,0.5141300029127015,89634,1.04514196041884,0.5835961304971408,66.15189233080505,0.45994850572789975,107994,1.3279490486660233,0.6372048326111404,60.34746038853033,0.481427896850793,172779,2.329592939057179,0.7660608526611038,49.819337485108655,0.5165408193768589,14.0
cam307_w3,307,3,CAM307_2025-05-08-122128,2025-05-08-122128,SI206_2025-05-08,206280,95040,87480,108000,0.08391986493020889,1.6852494643839988,0.021972637811675157,0.061813740839112515,0.16797321613983904,0.0005979874110004797,669570,95034,0.7677999767200393,0.9456888281549161,76.97866283203012,0.8457987950249383,87474,0.9774568006205829,1.0127465410900902,61.51966691791566,1.0371770854999123,107994,1.2880662572865182,1.0755771930450055,58.16952895458349,1.0855519349576213,172794,2.803703899739151,3.234661730788877,45.85997758023663,1.3013390367018798,669570,95034,0.7677898770440619,0.5106603201174571,76.97632433550982,0.3781060846398437,87474,0.9774678706359693,0.6554172844738624,61.52099709894458,0.540480182381518,107994,1.2880639365157696,0.7103815504153547,58.169915726839875,0.5181070361629365,172779,2.803525841175524,1.245931437889796,45.86008867514071,0.5959517201176231,8.0
cam308_w2,308,2,CAM308_2025-05-08-114056,2025-05-08-114056,SI206_2025-05-08,112320,82080,96120,103680,0.0807276597385169,1.705395324006572,0.11909613676881058,0.040841729578795255,0.08224511286794485,-6.11367612271295e-05,566970,82074,0.9247369127406734,1.0900304183540417,67.03162320043296,0.9508534753129457,96114,0.7965637808377878,1.1545910433514854,71.65819842887696,0.8976122743295893,103674,1.2382816720396796,1.075405663160734,59.52859532126627,1.0512921289530663,172794,2.161478009619667,1.1495208359325981,49.885911602780524,1.2161706954923217,566970,82074,0.9247281355313184,0.8216765646316067,67.03093056398951,0.5048857399837141,96114,0.796549327858376,0.7378666024350795,71.65875907016296,0.40216575668840804,103674,1.2382963957145887,0.660348346661594,59.527623731196925,0.46577281813446686,172779,2.161446652967473,0.7620034367508757,49.88881049185425,0.5052775735368332,11.0
cam308_w3,308,3,CAM308_2025-05-08-114056,2025-05-08-114056,SI206_2025-05-08,123120,86400,86400,102600,0.10793357266330986,1.5047253396511266,0.1618443898200928,0.057090823348165176,0.10486550482167155,-0.00015004160884725628,571290,86394,1.020379162801697,1.0372239739522133,62.456193917518256,1.0056941763470169,86394,1.0133876937605693,1.1036742818269414,64.0004599785447,0.9965910097819644,102594,1.3167597283628896,1.1076371191250085,59.411306201446585,1.0620356967585716,172794,2.2829814291789328,1.2524783003097681,52.189069067867095,1.181534588417503,571290,86394,1.0203743584991791,0.7696895273309335,62.45746937427171,0.5680028352836753,86394,1.01338801131543,0.7075791162017396,63.997349261706844,0.4840853139865046,102594,1.3167572449782337,0.6862056269899348,59.41073562718193,0.4684613323234511,172779,2.28290833038838,0.8415690460003381,52.191886451322226,0.5153340737859253,3.0
cam308_w5,308,5,CAM308_2025-05-08-114056,2025-05-08-114056,SI206_2025-05-08,116640,92880,89640,113400,0.1372925475846827,1.3400180296305055,0.22303368034547352,0.07127514804305762,0.11756881436551697,-0.00020610257110589413,585330,92874,1.3813549298504624,1.0298253603773369,56.643966028209995,1.0872924318539265,89634,0.9614784810474836,1.1138181000970868,64.02151623365822,0.9877005681560795,113394,1.214694812449625,1.1347431025964563,58.409168764646324,1.0609676116664448,172794,2.49127186216263,1.2868575913322422,48.32112288373048,1.2110319094569513,585330,92874,1.3813703897293361,0.818695146540066,56.64211628256518,0.6103398362001025,89634,0.9615046136942311,0.7596289424758069,64.01824665613245,0.48091470605958037,113394,1.2146771145388404,0.7299226579310011,58.4119242664378,0.46782424868296235,172779,2.4914202708327875,0.9073664788953865,48.31929923547323,0.5669444243388876,8.0
cam309_w1,309,1,CAM309_2025-05-08-114626,2025-05-08-114626,SI206_2025-05-08,122040,86400,83160,109080,0.0960106145157559,1.6581542315177304,0.17032352960051342,0.055020994434677256,0.06268731951207712,-0.0002839524764986429,573450,86394,1.1729179021399994,1.1442678831669126,63.06718533810902,1.002120675128876,83154,0.9491583941182983,1.1493618154415222,66.04000013680395,0.9645626525943802,109074,1.1989548187988406,1.0868858921561662,60.2893084833092,1.0399381224807562,172794,1.9408287605920715,1.2241470230117868,52.98858645830606,1.1593555885190405,573450,86394,1.1729262234431455,0.9340178434800378,63.067111556885564,0.5627292295825844,83154,0.9491720106966864,0.7367780435561677,66.03959508307955,0.4760357764705337,109074,1.1989360964878637,0.6932244107005088,60.28733602505617,0.4754214108887752,172779,1.9408528211127856,0.8104965689062047,52.98803951162704,0.45560782550545675,7.0
cam309_w2,309,2,CAM309_2025-05-08-114626,2025-05-08-114626,SI206_2025-05-08,117720,82080,81000,104760,0.11745436167014363,1.5846903148623406,0.14495602995480142,0.10701364270074669,0.1003934123548828,-8.991656347158696e-05,558330,82074,1.0844249260052379,1.150750746636557,65.19844851422948,0.9725536778464702,80994,1.2514310126510113,1.1044907259154144,59.82251350708921,1.0313141143248614,104754,1.3472377353043312,1.1566967770993517,60.76963968888131,1.0362594139258048,172794,2.134876875990891,1.2152303135330862,51.09052834416687,1.1944936633327705,558330,82074,1.0844271039101558,0.9323904438873235,65.19931206334279,0.5380971836479236,80994,1.2514262661627855,0.8023825836667001,59.822148906791604,0.5192757679847345,104754,1.3472297230724943,0.7848991036276536,60.77012160593682,0.4626458259731751,172779,2.1349627204254977,0.8309174533679493,51.09241358837089,0.49709638909341197,8.0
cam309_w3,309,3,CAM309_2025-05-08-114626,2025-05-08-114626,SI206_2025-05-08,117720,85320,81000,108000,0.10661980380963451,1.44070117012875,0.1445317103385129,0.05104819377343964,0.124279507316951,1.6308125677485705e-05,564810,85314,1.0847424315071432,1.1106983066655598,63.98434893669843,0.9865007620461435,80994,1.036648415936332,1.7596420604142877,60.67940999050876,1.015231241495188,107994,1.2287048354707084,1.0917648264567317,62.17171764650035,1.0099056856258974,172794,2.595470964188411,1.0778815984991388,47.52329284448445,1.2588487533242156,564810,85314,1.0847510024785338,0.8362667683949003,63.98590594997731,0.5497136840317259,80994,1.0366460080781208,0.7871107932221012,60.67947068868476,0.4865894815719116,107994,1.2287759008074486,0.6706274345531709,62.16797275014619,0.46277394430555796,172779,2.5953234355677055,0.7238987785303317,47.52519803452513,0.5356833000315447,8.0
cam309_w4,309,4,CAM309_2025-05-08-114626,2025-05-08-114626,SI206_2025-05-08,117720,82080,82080,105840,0.10560089950958598,1.5215436708346466,0.12333656035501978,0.07317071603154111,0.12029542214219704,5.5965947917577855e-06,560490,82074,1.061878361273934,1.0860022191719585,60.80299449942227,1.036751674163591,82074,1.0776952982579002,1.1977456050065993,65.84778647106283,0.9670854288080254,105834,1.4354691792579768,1.1876041841247031,61.96569539264089,1.031410159081152,172794,2.5691812209233085,1.1787894398777532,49.94398909206218,1.2151125017277034,560490,82074,1.0618897366922526,0.8434680312044965,60.79913918289802,0.5792907442448428,82074,1.077698260543492,0.8876876627062527,65.85054378933026,0.4515219381846975,105834,1.4354661277942782,0.8458474253002313,61.962410808438214,0.4513231964071685,172779,2.5692381027420397,0.8504075945424407,49.94439446396443,0.49481130841236226,7.0
cam309_w5,309,5,CAM309_2025-05-08-114626,2025-05-08-114626,SI206_2025-05-08,118800,88560,79920,102600,0.07332980165408193,2.057633205162315,0.1420705418803602,0.023980995709376667,0.05393786737250894,-0.0003197491875945016,562650,88554,0.8271700710634186,1.128907332327857,70.14561667486532,0.9002017407691986,79914,0.8349545691075659,1.1198311633686777,68.5476454796137,0.917937360729535,102594,1.1803485083589793,1.130088276621282,63.40141017583745,0.9964881622533472,172794,1.7994224754098536,1.2171175103419003,56.921105881820225,1.0898730520216424,562650,88554,0.8271749037850501,0.8410818630802053,70.14593152683533,0.4624691955113906,79914,0.8349892376379047,0.703468461760794,68.54662793123026,0.4026590560001206,102594,1.1802925016741184,0.7138963274659699,63.403997632411674,0.4423996721617567,172779,1.7993367253495847,0.7752057371953645,56.91903357754071,0.42398173673767303,8.0
cam309_w6,309,6,CAM309_2025-05-08-114626,2025-05-08-114626,SI206_2025-05-08,118800,84240,84240,105840,0.10229522869741722,1.4914977974812675,0.16987373299004505,0.06531100653542303,0.07170094656678358,-0.0002496022803997281,565890,84234,1.2143619174790803,0.9994828347045137,60.80593038184602,1.0241246115835994,84234,1.0956549711580266,1.0246543259769825,61.87996786942242,1.0213830293034212,105834,1.2602070290257583,1.057458178080191,60.681629285070336,1.0374422285371832,172794,2.139843643338371,1.11571564148527,51.101167929141724,1.191238591796028,565890,84234,1.214349305924852,0.7697173627744431,60.80440312968984,0.5761809431041738,84234,1.0956565730112071,0.6664401922470531,61.880601658647606,0.4782080722420587,105834,1.260207506740882,0.6396626822055452,60.68081466037748,0.4530786294944303,172779,2.1396831424719847,0.7404725905617711,51.102817343786974,0.47268371889788774,13.0
cam516_w1,516,1,CAM516_2025-05-08-122149,2025-05-08-122149,SI206_2025-05-08,118800,85320,78840,98280,0.08052803390226536,1.4096598033211176,0.08001677898027135,0.05485575566994733,0.10671156705657737,0.00017420089900450228,554010,85314,0.91475600063408,1.028904898246019,68.69879348969005,0.9233668627915035,78834,1.0465080133842046,1.0473482157361613,63.04055882748287,0.9963427559009623,98274,1.3656295889531163,1.081857077768484,59.242200843009,1.0650236592953846,172794,2.391349582447169,1.1206954179703477,49.70530108139125,1.2152124165599827,554010,85314,0.9147654580018937,0.7205167501250006,68.7003668162376,0.47235281137561275,78834,1.046494398543076,0.6739710118146335,63.04162780852381,0.46055261026620575,98274,1.3656292184826484,0.7199347173998137,59.24333098413918,0.45427152571821916,172779,2.391523706667968,0.7483898062904235,49.696806455897466,0.5111950660785786,9.0
cam516_w3,516,3,CAM516_2025-05-08-122149,2025-05-08-122149,SI206_2025-05-08,119880,82080,82080,99360,0.09918846194536848,1.7439878442165668,0.13101751385742738,0.0776176314666604,0.08893024051201763,-8.131193328202406e-05,556170,82074,1.070488832057182,1.0915859018695726,60.68166124120659,1.0193839522173198,82074,1.0888111625322943,1.2262355269911032,63.379258173348205,0.9863863206251359,99354,1.213659817122857,1.1950058932651684,62.25659364992775,1.0016355719289436,172794,2.144185269659909,1.2910074797803788,53.504458011183296,1.1498818490014378,556170,82074,1.070483460396979,0.8548039627488369,60.68567285776182,0.5559471165804675,82074,1.0888091543790337,0.9218607507048103,63.3778997004848,0.48514734392266484,99354,1.2136596244942126,0.7556246404019712,62.25838956402637,0.4356884055740984,172779,2.1442619986073415,0.9031690686070308,53.502225422695886,0.5031500726819568,11.0
cam516_w4,516,4,CAM516_2025-05-08-122149,2025-05-08-122149,SI206_2025-05-08,117720,78840,82080,98280,0.09403045313413724,1.6218601425234107,0.12250485058780111,0.06974621155879096,0.08984029725581967,-0.00015398493951502158,549690,78834,0.8670066320728406,1.1529466525112813,67.43196786438232,0.9377569951906783,82074,1.1002670257752394,1.093258163767063,61.61722684626529,1.0233962065816193,98274,1.4104155266930043,1.0848942825491792,55.91235341034938,1.0929971995457697,172794,1.9919729253107685,1.239351242376957,56.775532274811404,1.1142637306875196,549690,78834,0.8670082493221879,0.8560985355902672,67.43155204865832,0.4806942262610256,82074,1.1002612574316954,0.7120737429817644,61.61789052801218,0.5065568454765943,98274,1.410401440768966,0.6899373673335267,55.91229122578341,0.5016437202964555,172779,1.9919304621335827,0.8310415904878267,56.776374807305324,0.4486677871417647,11.0
cam516_w5,516,5,CAM516_2025-05-08-122149,2025-05-08-122149,SI206_2025-05-08,119880,82080,81000,102600,0.11285978481640996,1.5896150173604189,0.15399487933957667,0.0834905157341242,0.10109395937552906,-0.0001517417672618489,558330,82074,1.1162867732859403,1.0954721855022456,63.22010040386259,0.9866518894611441,80994,1.1046521482866345,1.2178768640267281,64.11561508001618,0.9787127564710614,102594,1.3428333056104251,1.1481904198557364,61.086982605849435,1.0320460508858118,172794,2.2258545919507484,1.1955629994957913,52.13577539619338,1.1637333056904284,558330,82074,1.1162805386297674,0.8663116695724001,63.2195242035329,0.5429813814840437,80994,1.104624480994932,0.9273809888858067,64.11706167987295,0.46756094476566284,102594,1.3428681079363491,0.7774723856500342,61.08536238974024,0.47228510205090796,172779,2.225894661141749,0.8559018740048652,52.13391645423831,0.4949487212528953,9.0
cam537_w2,537,2,CAM537_2025-05-08-120219,2025-05-08-120219,SI206_2025-05-08,124200,90720,90720,109080,0.10859988694742913,1.5416351946709843,0.16025824443561504,0.06288465122311684,0.10265676518355545,-0.00011147590883757193,587490,90714,1.0583369087280219,1.1833788837421833,63.81086319130716,1.0224050000491591,90714,0.9613021107562322,1.213337859530606,65.97577181656476,0.9923326972820605,109074,1.2461276719756307,1.2037517894957612,62.99024417878507,1.026982130494863,172794,2.2760318577810317,1.363741689570809,50.61877340580159,1.1961765042393337,587490,90714,1.0583307261108328,0.940864162949088,63.81104561380637,0.5499257075958018,90714,0.9613067002572385,0.8475393932497779,65.97629107627525,0.4742827094437558,109074,1.2461246130036603,0.8280657687203675,62.98902876846386,0.47309539357733127,172779,2.276105094699347,0.8943991743928722,50.61924332837883,0.5160105100504065,8.0
cam537_w3,537,3,CAM537_2025-05-08-120219,2025-05-08-120219,SI206_2025-05-08,114480,90720,86400,106920,0.10089397034225722,1.6764003851582625,0.16928504976329775,0.06362025561561566,0.06977660564785824,-0.0003504871689303224,571290,90714,0.8885514000819835,1.1514949652987843,67.9062804732002,0.9661928792146103,86394,1.1102827747459352,1.1200329660098072,62.278417183953835,1.042368119660059,106914,1.2663065295892308,1.1607454381597946,62.62160709664148,1.0344460370485757,172794,1.816551546408979,1.2792679033149637,53.86564627964252,1.1659929776939237,571290,90714,0.8885432490904456,0.9099688398101045,67.90894372439242,0.513500163614161,86394,1.110294653382544,0.7883822363034703,62.27648897765692,0.5068800475173862,106914,1.2663009307879252,0.7671059055144174,62.6238387351817,0.44514104028324786,172779,1.8166385837797872,0.7922043488838074,53.866859626287464,0.47453790165470217,4.0
cam537_w5,537,5,CAM537_2025-05-08-120219,2025-05-08-120219,SI206_2025-05-08,118800,90720,87480,108000,0.10190542321928991,1.5013635998810637,0.13777296293851862,0.06856073723860975,0.09938256948074138,-3.707437314960976e-05,577770,90714,1.0571068098420335,1.2063098119706668,63.20353429347304,1.0231787558476888,87474,1.0436867741663136,1.0732279516141738,60.483141697197695,1.0621172087743542,107994,1.3019447169311822,1.1117449932328318,52.60321965081759,1.1892827113646791,172794,2.068193259208334,1.305789482921543,41.49975281260018,1.4020674226982706,577770,90714,1.0571071903603089,0.9860920958170163,63.205205715004446,0.5563082007802568,87474,1.0436931461835608,0.7137544517335963,60.4849611433651,0.5213550345821727,107994,1.3019401472679406,0.7294772134130768,52.60194137755508,0.5298527749519462,172779,2.0681715200627666,0.8533748465735425,41.49821332634231,0.6043348121974278,2.0
cam034_w2,34,2,CAM034_2025-12-04-135853,2025-12-04-135853,SI216_2025-04-12,123120,100440,89640,109080,0.08185741773356273,1.6161230133389417,0.09914661791590493,0.05040087958367931,0.09602475570110394,2.8614922533804622e-05,595050,100434,0.9180470038979233,1.1736219511206658,74.40308124484169,0.8560294603744472,89634,1.054399213071012,1.2963555848483688,69.37974588962959,0.906003593436399,109074,1.3438771219161607,1.09761453697289,58.985673025449586,1.043804216771897,172794,2.219433485880423,1.1805350050872443,49.16014382132081,1.2132896176245354,595050,100434,0.9180534058817993,0.9081663639844152,74.40146625004145,0.45854628872036524,89634,1.0544019133568263,0.9486813358478657,69.38166906171476,0.40263774700459054,109074,1.3438709807622915,0.7410882832073736,58.98758278907725,0.4750156389965223,172779,2.219441414260964,0.7565348925937406,49.15822429218753,0.4746688545429003,4.0
cam034_w3,34,3,CAM034_2025-12-04-135853,2025-12-04-135853,SI216_2025-04-12,123120,91800,92880,111240,0.06611952270355204,2.084808935760012,0.09192833884241562,0.056960320957089944,0.04946990831115054,-0.00010039784285801227,591810,91794,0.8582054879255826,1.1663606222342728,73.0064655099032,0.8654736905009998,92874,0.915609783415335,1.1089936867486925,69.32100886879991,0.9137270149571581,111234,1.1891321166238298,1.1986748656013493,63.97537561521876,0.9968714190288769,172794,1.8691908494380496,1.17340806026623,55.95787642302481,1.1065574091035648,591810,91794,0.8582040828483573,0.894648898632463,73.00496945066828,0.4682108229831119,92874,0.915606730891036,0.7646355452297375,69.322291231718,0.44786940860623853,111234,1.1891256430491004,0.8032586575183943,63.97505507701118,0.42654896893700434,172779,1.8691951100809021,0.7697226961482361,55.95852894145058,0.4208130102239386,7.0
cam034_w4,34,4,CAM034_2025-12-04-135853,2025-12-04-135853,SI216_2025-04-12,112320,90720,93960,110160,0.09262105302397977,1.5258322897100494,0.10395685954518043,0.06263192152443302,0.11127437800232594,0.00010871890478400526,579930,90714,1.0461490596906735,1.1007306328852848,71.09807554639109,0.8866137742676349,93954,1.0495005372643733,1.1825202653755826,68.4758598875116,0.9288816392222523,110154,1.3207692472251231,1.1667180993295945,64.92141568792972,0.9925860133883164,172794,2.4304374650120177,1.1781857761040861,53.318858673965245,1.1576299691620702,579930,90714,1.0461375343022286,0.8504035807739043,71.09910536044623,0.4961647202882722,93954,1.0495035890265447,0.8696306976657113,68.47829131036013,0.4572114479590811,110154,1.320792905266988,0.7891692600255842,64.91663678836575,0.43954405360160737,172779,2.429822232665442,0.8599296305222609,53.32450081453443,0.5051779726774347,7.0
cam035_w3,35,3,CAM035_2025-12-04-135906,2025-12-04-135906,SI216_2025-04-12,126360,91800,87480,116640,0.07155100619288011,1.6316636032215066,0.07948436829337929,0.05541693870907044,0.07975171157619064,5.909932005817207e-05,595050,91794,1.117766087747887,0.995777922331821,72.31228047119703,0.9223940281784958,87474,1.0773227569011117,1.2683879743300153,69.80276470939836,0.9287581480424714,116634,1.229685423736982,1.2163899011209136,64.04947564023345,1.0048751927517658,172794,2.0392617860838587,1.219422657075452,52.96505399468057,1.172123995167075,595050,91794,1.117774028803083,0.6609068411925347,72.3151518743383,0.4528700362200302,87474,1.0772930992246939,0.9433844792558158,69.80487377476076,0.4283237551814016,116634,1.2296742476713234,0.8286585950975647,64.04781106564452,0.46966141151258,172779,2.039321614861415,0.8125593821349779,52.962206846955496,0.4703764783168636,7.0
cam036_w2,36,2,CAM036_2025-12-04-132659,2025-12-04-132659,SI216_2025-04-12,120960,89640,91800,110160,0.09450638526782046,1.6709562004682608,0.17208499071037567,0.04592032164046318,0.06551384345262251,-0.00026879760006284195,585330,89634,1.0858182713602802,1.156210404438852,62.66591380875627,1.024315233808822,91794,0.930315221611864,1.1640219896802744,65.63068234885394,0.9813126612428346,110154,1.2234010422370634,1.189994520604656,61.72710030588481,1.052563174944726,172794,1.802535536414371,1.214611516108381,55.97113275306082,1.1282411801380645,585330,89634,1.0858152089773494,0.9552750873417315,62.66438840760267,0.5855742708209162,91794,0.9303168979005717,0.7703649368281386,65.62892973610586,0.4689854139203906,110154,1.2233498531956897,0.7113576612983376,61.73155305117947,0.46479062478959604,172779,1.8026602063191588,0.7996033902810584,55.96674801323923,0.44725732864363477,8.0
cam036_w4,36,4,CAM036_2025-12-04-132659,2025-12-04-132659,SI216_2025-04-12,140400,96120,91800,108000,0.10310761757881728,1.6773423921659716,0.16501033923927655,0.06174970322798453,0.0825628102691908,-0.0002318434365223794,609090,96114,1.0550556356991474,1.0769171545828624,63.01599736728574,1.0386495867268588,91794,1.030918588268106,1.1800086840898034,66.8436762922933,0.9819890624602788,107994,1.473327728650788,1.2387789653967962,59.133261711084934,1.0878628097531093,172794,1.8102814233390383,1.3668886246224787,53.09620358501663,1.1818603235367868,609090,96114,1.0550603739528803,0.8254813448085682,63.01765148942254,0.5933885215468077,91794,1.03091054776199,0.7559716422270583,66.84189013874565,0.4827469725729783,107994,1.4733258692575057,0.8126276393424439,59.13296619188638,0.5211070590262397,172779,1.8101972891432951,0.7829196561921625,53.09852528639581,0.46854424776651876,6.0
cam037_w5,37,5,CAM037_2025-12-04-135837,2025-12-04-135837,SI216_2025-04-12,129600,88560,92880,110160,0.09176459366404163,1.529850960211412,0.1149172524118438,0.07909380314726171,0.08128272543301943,-8.47421430802313e-05,593970,88554,1.1372673332255119,1.1252938700896917,60.52987484598164,1.0447814077956779,92874,1.0470137637228147,1.209923226436811,64.71037133093458,0.9962744205713928,110154,1.2802009376601755,1.1387731612219225,60.829223627861175,1.0483419239717602,172794,1.866589232995747,1.364918262059307,52.47659469008046,1.1867664562853846,593970,88554,1.1372716353748387,0.9096630679109798,60.531069903168415,0.5558158655841454,92874,1.0470106586279992,0.881097460960852,64.70906135521213,0.47107526481699913,110154,1.280201386918236,0.759104493083089,60.82990101538572,0.47010920646801513,172779,1.8666841410680597,0.9251582283894018,52.47626474896617,0.5368037998329416,5.0
cam040_w1,40,1,CAM040_2025-12-04-132455,2025-12-04-132455,SI216_2025-04-12,138240,101520,97200,119880,0.13646323182527687,1.5555441279606954,0.19999726606629867,0.08944965000089476,0.11994277940863715,-0.0001337164073082639,629610,101514,1.2000380066905052,1.1291676307610754,59.0579770695748,1.0675871939933337,97194,1.0440608710994446,1.1974931043290848,61.99721817600194,1.014163894139679,119874,1.3328723861671423,1.1856095422879236,57.025666059280965,1.097816620393083,172794,2.0901602329367783,1.3195383059832981,50.388912116819725,1.1871500338697372,629610,101514,1.200044508094684,0.9539939760663955,59.056193732664674,0.6488945639121202,97194,1.0441233897639814,0.9123938265369324,61.99412671019765,0.5017108081642947,119874,1.3328134982729198,0.8364400420278945,57.02906621555143,0.5159803637985426,172779,2.0894676345758887,0.9164972468467519,50.39267448848487,0.5258223803634547,13.0
cam040_w2,40,2,CAM040_2025-12-04-132455,2025-12-04-132455,SI216_2025-04-12,140400,96120,100440,116640,0.11091478014172362,1.5837532013932853,0.12344315341913785,0.1171149686884648,0.09218621831756815,-7.622319435668093e-06,626370,96114,0.945996668260445,1.1359402155473617,63.32144539398389,1.0139762659308391,100434,1.182045051674643,1.2294110958207534,61.46583442633824,1.0374468398873526,116634,1.4652093303612708,1.2281818327659693,58.70377366477502,1.0774748756092303,172794,2.0331255436968476,1.2781773462974748,49.77037429235186,1.2207746580318002,626370,96114,0.945994678906373,0.8806616013434352,63.31992445173238,0.5596330521047256,100434,1.182042375452703,0.9321524085317989,61.46634433419618,0.5414688804293678,116634,1.4652154163296793,0.9051242439875645,58.70432648885847,0.5244223704692484,172779,2.0332537143877283,0.8519182924026822,49.7684887083107,0.49131935367458274,13.0
cam040_w4,40,4,CAM040_2025-12-04-132455,2025-12-04-132455,SI216_2025-04-12,146880,98280,101520,120960,0.1070740891636837,1.5019210280654571,0.11661665365929563,0.10322880388990166,0.10137680994185383,-4.216979516569223e-05,640410,98274,1.0701213245071683,1.088207743468667,69.77081287674154,0.9479384171147582,101514,1.264235483504849,1.097318329741437,62.681367125380326,1.0385586758702092,120954,1.3636620086564863,1.1280846165851282,60.44416644957105,1.0633769998334783,172794,1.9905657669189827,1.1815627439654313,51.50621239945762,1.2022523330619994,640410,98274,1.070124827469874,0.7992635050344674,69.76787768001192,0.4936242206874626,101514,1.2642437032066867,0.7953073687496673,62.68009748918335,0.5451766691715195,120954,1.3636602742836126,0.7382057814529077,60.44496609694005,0.4987580071227093,172779,1.9907104460520253,0.7836877987150701,51.50411602736965,0.5073829623651848,11.0
cam040_w5,40,5,CAM040_2025-12-04-132455,2025-12-04-132455,SI216_2025-04-12,137160,100440,100440,116640,0.15586692183062195,1.3056146968609248,0.2646913874657687,0.05682654834448335,0.14608282968161385,-0.00032537600874453184,627450,100434,1.297065244353602,1.1299607094763056,61.824877281774285,1.0369203301005046,100434,0.9818507816363334,1.165931575273315,65.7785228665789,0.9759188571177925,116634,1.3004511492997588,1.2140257337206497,58.447663110385925,1.0697075525610389,172794,2.654749636262928,1.1705631130402907,43.930464318083864,1.3375795321539843,627450,100434,1.2970574192266768,0.933721559959597,61.823887329437824,0.5781614201858973,100434,0.9818502392772143,0.7740697408129722,65.78047111421144,0.44020635192161395,116634,1.3004769109690086,0.8167179915824462,58.447001192938764,0.4865292753032508,172779,2.6548177133357047,0.7862392993027196,43.92977426673029,0.5717767071676265,13.0
cam040_w6,40,6,CAM040_2025-12-04-132455,2025-12-04-132455,SI216_2025-04-12,127440,104760,108000,122040,0.11786694378813312,1.5263750333634336,0.1778158749044808,0.07369377638721467,0.10209118007270386,-0.000161509575905764,635010,104754,1.347220499161347,1.1507396042518714,69.26752359288818,0.9463591570311106,107994,1.0411733516452553,1.2010789302306475,71.03439841422254,0.907578195033235,122034,1.2478032322847423,1.166291831867096,65.5246637075994,0.9936209776000724,172794,2.1116335678386506,1.2800503112338766,50.847365241255794,1.2025170398596843,635010,104754,1.3472247458003281,0.956067285037873,69.27062274741438,0.5645697712380207,107994,1.0411684176578053,0.8931526204799087,71.0320796531029,0.45670607129109997,122034,1.2478037846069028,0.7686647197980944,65.52506248066423,0.4559741028117587,172779,2.1116248250252743,0.849551424303288,50.848234374808904,0.5208357791876271,11.0
cam228_w2,228,2,CAM228_2025-12-04-145103,2025-12-04-145103,SI216_2025-04-12,133920,89640,95040,114480,0.07224526123434759,1.8643161973430702,0.08798399789445979,0.048950919766284746,0.07980086604229827,3.565517846817168e-05,605850,89634,1.1690902528262468,1.0456892179054145,72.86423444327849,0.8660896858493983,95034,1.129849386039434,1.0077405689616612,73.03428050451937,0.8507804507769401,114474,1.3663536259123659,1.05769681848761,69.50898661844994,0.8885753347136239,172794,2.5478982528447136,1.191056261281313,54.41458326542392,1.1103106421106492,605850,89634,1.1690833448015656,0.8222591902177492,72.86553883869755,0.4616710221784544,95034,1.1298577774937637,0.6741035711397516,73.03443594526337,0.4038536871540909,114474,1.3663519556821295,0.6764358365556328,69.50843582877444,0.37243498848571277,172779,2.548046577313566,0.7930584594040647,54.41284683070791,0.4551682796376331,6.0
cam228_w6,228,6,CAM228_2025-12-04-145103,2025-12-04-145103,SI216_2025-04-12,125280,90720,89640,105840,0.0572415052076904,2.330961273236301,0.11111185474782995,0.019341698353476915,0.041270962521764334,-0.00013309955084480046,584250,90714,1.3327508160328203,0.9941166656430598,71.03158232123661,0.8578631948059032,89634,1.091795787672912,0.9451070353518863,78.15202461771705,0.7833504088917635,105834,1.38222331205057,0.9740747224042335,67.74700071064824,0.9061646237275792,172794,1.8426611067285676,1.3307213219180036,62.15966849508976,0.9743992974510134,584250,90714,1.3327136108154052,0.7877959649910293,71.03243335045293,0.47691101889259246,89634,1.0917935041137437,0.5468571801746069,78.15216016023881,0.3297598220210475,105834,1.3822263951097096,0.5688150896337169,67.74767439378678,0.3785429999295275,172779,1.8425538915764297,0.7981895935677399,62.16071720746129,0.4012617516947119,6.0
cam229_w1,229,1,CAM229_2025-12-04-145148,2025-12-04-145148,SI216_2025-04-12,117720,93960,97200,111240,0.12556500386681382,1.533520023328058,0.1856180579726589,0.09133552632415998,0.09974142730362255,-0.0002520127431741623,592890,93954,1.3547667458019186,1.136602213769317,64.56034441106527,0.9516230305705535,97194,1.1857258637807122,1.1677859198954408,69.37742131281222,0.8927209880296836,111234,1.5131128580272888,1.1188663863244728,61.29663502715436,0.9861363772447378,172794,2.0274034243622454,1.3393729956381748,57.72437486079676,1.0544029758701203,592890,93954,1.3547692768042647,0.9598320743501629,64.56162358678765,0.5533528275902571,97194,1.1857275125329771,0.9214895113360394,69.3774150149098,0.4626481183311196,111234,1.5131096996215103,0.7999616458497854,61.2968081973344,0.4791654451874941,172779,2.027393268527196,0.8899046596804207,57.724877702142834,0.4607262936272174,9.0
cam229_w2,229,2,CAM229_2025-12-04-145148,2025-12-04-145148,SI216_2025-04-12,126360,92880,92880,114480,0.1198920752964043,1.601025975429662,0.14022479994465328,0.097497527249859,0.12195389869470066,-4.079460104396793e-05,599370,92874,1.2306353720169023,1.044018960453708,64.635811065958,0.9695549832603021,92874,1.1028059994739638,1.1903508880491043,71.42402090371847,0.857162911985638,114474,1.6298618503998974,1.1811385003906676,59.6028238822039,1.0111460372372036,172794,2.054224662826163,1.4603566309917921,53.240141181612856,1.086900423003421,599370,92874,1.2306366529713464,0.8493485768860666,64.63339569840451,0.560612293162783,92874,1.1028077783676828,0.8942220138421957,71.42537757957031,0.4059494536868975,114474,1.6298957352754928,0.8698008394295715,59.600730387185635,0.5369882960032065,172779,2.0541679795225725,0.8815456345828299,53.242683070843846,0.470195571007722,9.0
cam231_w1,231,1,CAM231_2025-12-04-134115,2025-12-04-134115,SI216_2025-04-12,130680,101520,96120,112320,0.08218323031295381,1.9652588386514598,0.15205695214868856,0.045073395037197754,0.04941934375297508,-0.0003168410304166222,613410,101514,1.4594640322556902,0.94303962032355,74.1886089880176,0.8256768435869927,96114,1.2720166271482956,0.9219464871575924,79.37816859662463,0.7767300973875673,112314,1.4762795733448497,0.9820372028834382,72.92400293170516,0.8503948286937222,172794,2.094444160775345,1.1767783417329118,63.5729245863443,0.9621373247074531,613410,101514,1.4594608849209603,0.7485014690168453,74.18960318431597,0.44130015530445904,96114,1.271991687474176,0.6008383671046391,79.374976909274,0.33760101067708503,112314,1.4763012330338723,0.6468628095003718,72.92610695072965,0.36271308463949264,172779,2.0944111215203787,0.7526205871567064,63.57204880671438,0.38799763506821344,8.0
cam231_w6,231,6,CAM231_2025-12-04-134115,2025-12-04-134115,SI216_2025-04-12,167400,89640,93960,113400,0.07251548464677313,2.087353651499022,0.11482101056758008,0.05786926326789474,0.044856180104844524,-0.00014926821182189987,637170,89634,1.4260084836811768,0.9136109156654554,75.34012837190217,0.8239761375835283,93954,1.409802503974474,0.9257653164310772,80.37449768046564,0.7857299962716776,113394,1.5121861087408175,1.0195510308189057,75.95900082558988,0.8257364883581673,172794,2.055998657762163,1.2036133495251622,65.42063628561623,0.9233287532616189,637170,89634,1.4260114961412775,0.7155934996149017,75.33733267255342,0.45641533320822547,93954,1.4098186483842063,0.639087360858046,80.37731072263911,0.34675586363444133,113394,1.5121778786745121,0.6895451870595976,75.95837079723103,0.34760027779271396,172779,2.056033341909869,0.7531312922575983,65.42029486265561,0.379079580729233,6.0
cam241_w1,241,1,CAM241_2025-12-04-134142,2025-12-04-134142,SI216_2025-04-12,126360,87480,101520,109080,0.08155629735357853,1.7846481649095838,0.09462226198188194,0.08267866234130322,0.0673679677375504,-1.72867642352879e-05,597210,87474,1.3309685866530832,0.873638444881418,64.79365298955756,0.9329439897688442,101514,1.0701917932097254,0.9950921218979432,77.90295869056195,0.7767520792150766,109074,1.4640471345022859,1.085055699155949,69.14821771626943,0.8831751409113481,172794,2.334447880629641,1.1625841129170356,54.93974715881617,1.071605708009106,597210,87474,1.3309639206981256,0.654279431613021,64.7937317244282,0.5469355119588212,101514,1.0701971557783658,0.6747490348294156,77.90299730538067,0.3564762550602961,109074,1.4640381055644602,0.7540865592941165,69.14725447772986,0.38515745518360245,172779,2.334583687338934,0.8302315438963007,54.93965071683433,0.4487468682288737,4.0
cam245_w3,245,3,CAM245_2025-12-04-145116,2025-12-04-145116,SI216_2025-04-12,139320,100440,96120,116640,0.061434998251353796,1.6706187647465207,0.07457445115126624,0.05216993826656875,0.057560605336226395,-2.21393432496269e-05,625290,100434,0.8281619401673518,1.1512432453037729,75.05398968692299,0.8477580264692068,96114,1.06040795210084,1.0583875403356895,63.580772585245,0.9973290559089841,116634,1.2253295712854935,1.1090336601914927,63.93786386961184,1.0194277159837988,172794,1.84402121073002,1.0794059993133318,51.60926947983035,1.183801430385363,625290,100434,0.8281578715118284,0.8317333002552934,75.05436057262934,0.39836256758496896,96114,1.0604067462766904,0.6732536546663174,63.581448461752494,0.48515144077802286,116634,1.2252987186578836,0.7034162054341861,63.93776669809987,0.45825362279933995,172779,1.8441620826346699,0.6868728479649878,51.60620644463342,0.48027868196518075,9.0
cam302_w3,302,3,CAM302_2025-12-04-140405,2025-12-04-140405,SI216_2025-04-12,111240,86400,96120,110160,0.09396428308566719,1.8940037350487162,0.16837279878871664,0.04524805691636645,0.0682719935519185,-0.0003488643762958085,576690,86394,0.9428545137680985,1.2786703130861155,65.26115863841702,0.9996521030751654,96114,0.9133033456857466,1.223424594500817,64.14218407966283,1.0152218089084872,110154,1.0893460541423652,1.1274061322764763,65.11744967068782,0.9689442092618077,172794,1.5666159927843326,1.3142482752650904,55.73118766824491,1.0993308693063002,576690,86394,0.9428561882214549,1.0628544556748298,65.26164357407734,0.6466261168517505,96114,0.913324817147467,0.8490207631134341,64.13884353024478,0.5780927323152713,110154,1.0893286254637153,0.7087793546097023,65.12035228923992,0.4307030583459249,172779,1.5666580128827223,0.9619505274134639,55.73074677245412,0.5025825793558205,6.0
cam302_w4,302,4,CAM302_2025-12-04-140405,2025-12-04-140405,SI216_2025-04-12,132840,93960,91800,109080,0.09835557401379477,1.8078099415817503,0.1437161373258625,0.09210225990373053,0.05924832481179129,-0.0002741073306950805,600450,93954,1.091071155339316,1.1951575949730724,67.39426813736186,0.9596781345698199,91794,1.1507965294807496,1.244681697861546,67.35060335048722,0.9476564653045524,109074,1.3161804102798136,1.241864951572609,64.47294922712788,0.9822137116095453,172794,1.7971457905998147,7.145268550764967,58.25987662605446,1.0802014884273436,600450,93954,1.0910807156184121,0.9459572047326416,67.39805776800183,0.5401747392362569,91794,1.1508241965042234,0.9423233114457283,67.3503319554359,0.4557799250979682,109074,1.3161611011826664,0.9172241850920951,64.47247345707176,0.4660058108996283,172779,1.797218479258358,2.34048534399603,58.26049672088269,0.46258633253563,6.0
cam304_w1,304,1,CAM304_2025-12-04-142235,2025-12-04-142235,SI216_2025-04-12,180360,91800,90720,113400,0.1052276689614146,1.7300649912286632,0.16561961965552713,0.05386998879542202,0.09619339843329468,-0.000179229207744631,649050,91794,1.0502555529328492,1.0221182359364698,62.76236763427217,0.9520244168615478,90714,0.9699751683553135,1.0436056737518136,65.1258484283342,0.9172141374194211,113394,1.2290087422737996,1.1067988435964187,61.789576470528004,0.9703354353176998,172794,2.3225954505270185,1.1703818477205878,50.18713750464328,1.1626077691265055,649050,91794,1.0502737326265446,0.7702233096758068,62.75817083527798,0.489236519462999,90714,0.9699811755417863,0.6866016959701379,65.12592479714765,0.4081063782197698,113394,1.229012011279819,0.7494101776020158,61.78905982510819,0.43237352580084704,172779,2.3225842346316266,0.8160774441534493,50.187801338263746,0.4856451815368094,6.0
cam304_w4,304,4,CAM304_2025-12-04-142235,2025-12-04-142235,SI216_2025-04-12,200880,103680,92880,109080,0.1114645827685913,1.5480012976763973,0.15304401170472548,0.0776604191365387,0.10368931746450966,-0.00030528013253931286,679290,103674,0.9049869605270568,1.1781400415487027,67.19829416996275,0.9098061971537129,92874,1.0023789200784132,1.1997873876606264,68.4353076552998,0.8808799571298896,109074,1.502149594578663,1.1230299166060227,58.12239371321595,1.0148026727382942,172794,2.0818366928613665,3.099695504202806,55.26160844074578,1.0848972752150228,679290,103674,0.90495544505719,0.9264651628844119,67.19861861842439,0.4778772808805692,92874,1.002396172937626,0.9220515747054823,68.4339537591245,0.4224271322521734,109074,1.5021367059213506,0.8195503067536329,58.125147817289125,0.4905262060616846,172779,2.0819110306340254,1.153275613319142,55.258255740108595,0.4230437182805184,3.0
cam307_w6,307,6,CAM307_2025-12-04-140319,2025-12-04-140319,SI216_2025-04-12,120960,95040,98280,110160,0.09930859773235158,1.594004417863573,0.14022997093903486,0.06649016821832988,0.09120565403968996,-0.00011678615125847816,597210,95034,1.0057860666298701,1.1997225459822787,65.81569760039869,0.9674432897030741,98274,0.9788084836388876,1.2033108183697874,64.87919717149806,0.9807986529475649,110154,1.339813870195606,1.14306708107122,59.74685116377145,1.0626197895958411,172794,2.2552085857514244,1.1285712446501288,50.9340141173616,1.200636764200111,597210,95034,1.0057859764761032,0.970065729694136,65.81543154534174,0.524525862452086,98274,0.9788043707494014,0.8704329587196746,64.87997095950769,0.46690995501990495,110154,1.3398183587519303,0.7754130954604275,59.746651871843994,0.4825941697136295,172779,2.255180405643751,0.7834036888207221,50.93406532287796,0.48257999347341324,14.0
cam308_w3,308,3,CAM308_2025-12-04-142259,2025-12-04-142259,SI216_2025-04-12,117720,88560,86400,106920,0.08233209849690132,1.7185935145939444,0.08112474100960347,0.07110926615158106,0.09476228832951945,4.293448324125595e-05,572370,88554,0.9321461538576324,1.0354427883045039,63.60183044573345,1.0027997378481763,86394,0.8585434137012024,1.3192102520779394,69.15568991278379,0.9089582764645666,106914,1.2089439260864354,1.1227928024917448,58.39871676311322,1.0738712600069247,172794,2.0023048938579273,1.3969128331540417,51.80584935163559,1.1663473291424222,572370,88554,0.9321233775063967,0.7769264189543792,63.605573752199426,0.5517757412768292,86394,0.8585688348323482,1.0155760839053782,69.15236311776218,0.4343280519291195,106914,1.2089459964675997,0.7758028562715562,58.397923326323095,0.49408017527723436,172779,2.002264790659644,0.9571805689437981,51.806966481098,0.4847603624679927,6.0
cam308_w5,308,5,CAM308_2025-12-04-142259,2025-12-04-142259,SI216_2025-04-12,127440,99360,91800,104760,0.10157706490999868,1.692042988537981,0.1541678435915143,0.053607027235176595,0.09695632390330522,-0.00018134304211078566,596130,99354,0.9025483951189359,1.2591433158352872,65.15756453791126,0.983421336404815,91794,0.9790499936346847,1.2240296310969934,66.04386327735806,0.9649769381641191,104754,1.4873644248213893,1.1726983402790192,59.60776628847197,1.0493298107469409,172794,2.1626400712563445,1.2247354188538404,52.5283319799814,1.1677707288057828,596130,99354,0.9025480480154624,0.9902951732253716,65.15549929468652,0.5489271900780199,91794,0.9790387003675983,0.8827627885066017,66.0486003653502,0.4429246464117891,104754,1.487399771673849,0.814301819368366,59.60366970116943,0.4586679526999175,172779,2.1626260126077317,0.8048039378590196,52.52352317075562,0.47537805903176295,11.0
cam309_w1,309,1,CAM309_2025-12-04-132759,2025-12-04-132759,SI216_2025-04-12,122040,86400,88560,112320,0.08871259754771814,1.8314471799384349,0.1500208065503765,0.049826403480165156,0.0662905826126127,-0.00024118328021106237,582090,86394,1.0305344598546748,1.0713559459828774,63.31301681914188,0.9846082864071889,88554,0.9104779423229707,1.1265021789153173,66.65264657902188,0.9484996933184605,112314,1.143396518768023,1.1531993670613596,64.24040951425609,0.9807236888471867,172794,1.7697132499903365,1.3166098490222702,56.20768381680115,1.097685695087777,582090,86394,1.0305502362482046,0.8312909872107854,63.31031987023775,0.5370796929859791,88554,0.910465027763408,0.7292801705774666,66.65498757299011,0.4178848655452945,112314,1.1433916217633822,0.795933054155155,64.24105801677189,0.4554537550485052,172779,1.7698350163582315,0.8354117734568305,56.20461611581122,0.4362518980930734,14.0
cam309_w3,309,3,CAM309_2025-12-04-132759,2025-12-04-132759,SI216_2025-04-12,127440,88560,84240,111240,0.10260962429994133,1.4019530178651907,0.13546746423216233,0.06265632026040124,0.10970508840726043,-1.4419810046210336e-05,584250,88554,1.0200647366702567,1.4451572568729774,70.0204604610458,0.9218835092321563,84234,0.9955183527787576,1.1346800334231095,65.44740742100103,0.9645388622108422,111234,1.462528670026486,1.1405370891928737,59.94400191883566,1.0629613235166921,172794,2.432478849169093,1.979879502866614,49.71591139128178,1.2169825414042699,584250,88554,1.0200520649079292,0.8578388637440046,70.01890364315578,0.49672315328121813,84234,0.9955197092255074,0.7358788492784529,65.44930833893896,0.4472302751013114,111234,1.462533763185909,0.8049473784663587,59.94332569201853,0.4995897971463241,172779,2.432564844279549,0.9385592173356985,49.7174928566851,0.4857381375185937,9.0
cam309_w6,309,6,CAM309_2025-12-04-132759,2025-12-04-132759,SI216_2025-04-12,126360,88560,90720,108000,0.08391726291327824,1.8860557613506754,0.1459248792153441,0.04638610288484986,0.05944080663964075,-0.00022064632738580967,586410,88554,1.028121547833146,1.0558986671128523,63.11835477985252,0.9885108554826931,90714,0.9856726799528849,1.158009197492953,65.85014657340771,0.9605352813228591,107994,1.1806574239184555,1.1993561227130536,63.69475175338143,1.0014159727654255,172794,2.014305945509121,1.438930887629395,52.345772709882645,1.168465091747792,586410,88554,1.0281259912573562,0.8024722545166532,63.118274676734266,0.5475904894657296,90714,0.9856659583082541,0.7806943618183807,65.85096057835177,0.44238062729094746,107994,1.1806647693606425,0.7659105636434066,63.694548967577404,0.4135004986441668,172779,2.0141589909232436,0.8156393318665784,52.345206370078,0.44481213036332523,6.0
cam516_w5,516,5,CAM516_2025-12-04-140349,2025-12-04-140349,SI216_2025-04-12,128520,93960,86400,102600,0.08044464047604862,1.5934901191390536,0.08511198441851092,0.061616791431537976,0.09460514557809696,4.504844373542863e-05,584250,93954,0.8680615865994928,1.1880400739406447,65.60612693456785,0.9772410330797222,86394,1.0529965965126291,1.2122997954291397,62.12829414916419,1.0069451675567571,102594,1.2432556469641274,1.2730444963169865,61.131100331116706,1.0343232080007736,172794,2.1844742390998007,1.270501592106888,52.72334944555308,1.169676200835372,584250,93954,0.8680601418079613,0.8801901953404068,65.60616145033113,0.5210440830937987,86394,1.0529841312364194,0.8834125541451803,62.12648257066945,0.47118030415927864,102594,1.243262917230753,0.7984695586874965,61.132352459720956,0.4562567069805483,172779,2.1843682216491516,0.8975549010396708,52.72699550205871,0.4883411805237023,11.0
cam516_w6,516,6,CAM516_2025-12-04-140349,2025-12-04-140349,SI216_2025-04-12,124200,82080,95040,106920,0.06986479088890424,1.772134351529819,0.05862659843393551,0.07869321549550852,0.0722745587372687,0.00011456719282165391,581010,82074,0.93183966699168,1.173572206089334,71.58899021528886,0.899677918859981,95034,1.0335503483814859,1.1954799940138363,71.13135704793301,0.9199015330814676,106914,1.2667993538333597,1.1056678508580462,60.828909383337106,1.045889150703735,172794,2.0933619236460155,1.1521742381648519,52.077218600662746,1.176337626686237,581010,82074,0.9318502443762167,0.9026120727152968,71.59214120987967,0.4686964576343989,95034,1.0335484924086475,0.8612659376065288,71.13058683104018,0.45632835320592885,106914,1.2667902496086747,0.6879725144927182,60.82960606971683,0.46475595058533886,172779,2.0933751941718164,0.7536004481376686,52.078236993232274,0.4627906301126994,6.0
cam537_w2,537,2,CAM537_2025-12-04-132736,2025-12-04-132736,SI216_2025-04-12,144720,96120,88560,114480,0.07970651957070751,1.8700790232463844,0.06991247731985484,0.09006216470999845,0.07914491668226925,5.695486042204638e-05,502704,96114,0.7075077894673523,1.16542718955118,71.34330896057135,0.9122524799973815,88554,1.068888231353467,1.1448577092586223,60.9929099547663,1.0380768208598947,114474,1.286272513914872,1.2101137403249522,58.54336665386827,1.0733001459119005,58848,1.3663751634155568,1.3073828710147293,60.99707432850635,1.0428068140703548,502704,96114,0.7075067697156618,0.8272232184589805,71.34014998980635,0.4629849169714744,88554,1.0688467790421226,0.8314605133350794,60.99690861746235,0.5133957883216068,114474,1.286299887384672,0.882987761553715,58.540982522169834,0.5302474419881776,58833,1.365696439820424,0.8938646743675384,61.0020577993032,0.49554961302007783,6.0
cam537_w3,537,3,CAM537_2025-12-04-132736,2025-12-04-132736,SI216_2025-04-12,122040,86400,92880,111240,0.15308415070941087,1.3566920391025543,0.23988921981313646,0.10965912265166215,0.10970410966343391,-0.00042256602094956796,524304,86394,1.1894232954390422,1.0876858479651945,56.94832699534931,1.1055321101485627,92874,1.165393289098046,1.1432759216261679,59.1712958799058,1.0764464954114819,111234,1.4995526589249772,1.1481181026309146,55.76324168463005,1.1338302658215706,111768,2.1611911228256635,1.3146457296773189,53.232838719422475,1.1675480755649592,524304,86394,1.189423906451968,0.8962064106956028,56.94703814151862,0.6269882671920431,92874,1.1653921006574042,0.8105514556692036,59.17157208893521,0.5372729437646726,111234,1.4995922308790344,0.8151397376400554,55.76168744390403,0.5345593268417039,111753,2.1612962881723794,0.886717468229921,53.22922251096012,0.49263638159649603,9.0
cam537_w4,537,4,CAM537_2025-12-04-132736,2025-12-04-132736,SI216_2025-04-12,123120,92880,99360,111240,0.09709785207474046,1.801624306099007,0.19028602024576535,0.04805467587249988,0.052952860105956165,-0.0003534060874181111,513504,92874,1.2792207192207847,1.063789543908334,57.61960196566477,1.0918326144769313,99354,0.8623033572944833,1.3092790105466932,71.00761009816894,0.9220782150816088,111234,1.1334580438574287,1.0936857437749765,59.21669286229443,1.064152643047047,86928,1.4036914540038663,1.2920544234392035,61.79267884538718,1.0465160572862395,513504,92874,1.2792147216902412,0.8768575942553217,57.619101373581934,0.6440186032473418,99354,0.8623063617453409,0.9198272491096837,71.00700218359079,0.42828058380772754,111234,1.1334587093574973,0.6924915022497897,59.2178559820323,0.4609495693715606,86913,1.4038176513426874,0.8799273464826496,61.79069588066828,0.48567625492030947,10.0
cam537_w6,537,6,CAM537_2025-12-04-132736,2025-12-04-132736,SI216_2025-04-12,120960,96120,99360,118800,0.12521810430195818,1.626160978487375,0.1940742523953441,0.05841127951523529,0.12316878099529516,-0.00013465119410455392,535104,96114,1.029068037739846,1.122208313816934,64.1164348099085,0.9932293983458772,99354,0.901611360604097,1.157925062228369,64.9723582509465,0.9696764206247744,118794,1.1213018035746527,1.2546277083958282,63.543546379303905,1.0019091889025795,99888,2.2826570504015886,1.4239792569060794,48.939565915088444,1.2228075055225702,535104,96114,1.0290738300743405,0.9017501026547603,64.11687478964703,0.5680445820103801,99354,0.9015963893547143,0.8130006728127285,64.97105566521242,0.4789048754935407,118794,1.1213144296691036,0.8350254248513462,63.544526774042744,0.4672392967329612,99873,2.2822490678768066,0.9335423095642892,48.94537807730962,0.5646627143845707,9.0
cam787_w1,787,1,CAM787_2025-12-04-125913,2025-12-04-125913,SI216_2025-04-12,131760,96120,99360,113400,0.11125615675230935,1.66723908036878,0.16157589627871,0.10235587277989494,0.06983670119832316,-0.0001755880023829323,613410,96114,1.217068019964941,1.0225834497926025,55.362709054762526,1.0735905304658413,99354,1.1511914848048244,1.1124133513454557,59.451312980711975,1.0027460286562015,113394,1.3166900461181932,1.1777042766699295,58.09191746087774,1.0222783827622415,172794,1.7504438079081788,1.2021154954712947,50.82055381822751,1.1427879817958702,613410,96114,1.2170731505666195,0.8141701758128705,55.36211938239098,0.5984837348341573,99354,1.1511931155264181,0.8095871216207674,59.451780571578446,0.4729615979256047,113394,1.3166809561021873,0.860199214140288,58.093872408023046,0.4556612156729158,172779,1.7505108702153995,0.7747655207034666,50.82013965729681,0.4682033868829888,5.0
cam787_w3,787,3,CAM787_2025-12-04-125913,2025-12-04-125913,SI216_2025-04-12,132840,95040,96120,106920,0.09432739609785787,1.6959074186799123,0.12604448267673848,0.06869080001739714,0.08824690559943796,-2.4438347063273603e-05,603690,95034,1.0670491796332469,1.098964182791679,62.68540816481688,0.9704148765418222,96114,0.9732781438147422,1.1097315239642076,63.646620712181885,0.9487614369625547,106914,1.4343874701559354,1.1173841768476438,58.05131294575589,1.0518831033770686,172794,2.188841248319486,1.2642948542948893,55.65734616730472,1.0989932739118211,603690,95034,1.0670503616488374,0.8895006051709392,62.68197021309532,0.5087021749502485,96114,0.9732737598749069,0.7865883074781427,63.64707399421687,0.4427605965456189,106914,1.434390100922028,0.7662529929627516,58.052335547296515,0.43688846427247807,172779,2.1888901688603077,0.9017088134779109,55.658521484720595,0.43875241006882015,13.0
cam787_w4,787,4,CAM787_2025-12-04-125913,2025-12-04-125913,SI216_2025-04-12,124200,98280,93960,111240,0.12306611218254382,1.6444888852439388,0.18029423675653236,0.08130520550533207,0.107598894285767,-0.00014062841997503352,600450,98274,1.0337192476470127,1.0441222469710703,61.885596952695586,0.9741577540034009,93954,1.1729270520788178,1.133191159806877,61.453645374691156,0.9816242284740025,111234,1.2492053375862235,1.1095654237196975,60.79165000437269,0.9982795883758923,172794,2.348506663922416,1.1596169495570283,49.77616634901859,1.1939047027312537,600450,98274,1.033718035330633,0.8419029872663738,61.884945374726215,0.5418013018499113,93954,1.1729299821164343,0.865516115464398,61.454216450808744,0.47765001231532217,111234,1.2491587440107947,0.7154773655064388,60.793701189145466,0.4061672999800204,172779,2.348654290814239,0.7894098181135636,49.775358140133726,0.5070774277039193,6.0
cam787_w5,787,5,CAM787_2025-12-04-125913,2025-12-04-125913,SI216_2025-04-12,124200,88560,91800,113400,0.11311533437174251,1.65905073578276,0.09186110911977058,0.11888169953181452,0.12860319446364235,0.0001316509504318656,590730,88554,1.1818870067251817,1.1249075034246903,61.737152272218076,0.9850556185517574,91794,1.1307251526267044,1.2396068948995609,64.91676225711382,0.9295814220059887,113394,1.3368086804070416,1.1181651641446266,58.76277054211845,1.0100978816014843,172794,2.4543225044187236,1.694892679229749,50.10225607965729,1.16447897922343,590730,88554,1.1818835052433978,0.9123049381455498,61.73634812212097,0.515644749496455,91794,1.1307059462472862,0.9926472585545159,64.91648710054211,0.4486889656919527,113394,1.3368293034039143,0.7779713413297946,58.762543581625344,0.45045929541840335,172779,2.454355927431509,0.9249331546095223,50.103239488112024,0.5085980026051257,6.0
cam788_w4,788,4,CAM788_2025-12-04-125901,2025-12-04-125901,SI216_2025-04-12,124200,93960,92880,110160,0.09801871549588145,1.5522500212927102,0.13381556439631878,0.06310144308249964,0.09713913900882594,-0.00010327172745814,593970,93954,0.8897041193359367,1.1129163575134349,60.938266424992925,1.0582294031721562,92874,1.0001189321568968,1.1108603197084455,62.04069862962741,1.0410607967292165,110154,1.362193924885726,1.142201226737979,58.14752435603135,1.1039466806897522,172794,1.9131550709883633,1.2076282663760691,54.850293490246386,1.1581898300861613,593970,93954,0.8897104741016193,0.8285578517951271,60.93286426656927,0.5819647692085677,92874,1.00011786868401,0.7132978714691508,62.044436635155606,0.49390605334118265,110154,1.3621734426691448,0.7822717448864324,58.14757798857976,0.5254128315092005,172779,1.9131684002624303,0.8242333635073803,54.85053943068182,0.4758711296469661,13.0
cam788_w5,788,5,CAM788_2025-12-04-125901,2025-12-04-125901,SI216_2025-04-12,154440,106920,105840,118800,0.0851921404188902,1.8938410745326795,0.06756162242340545,0.06754235049827736,0.12047244833498781,0.0002561521439364537,651366,106914,0.7286982342546127,1.1268851407285745,71.03226587105631,0.9013956445640149,105834,0.736563060814463,1.230317037813608,71.4142995775019,0.8942482413981364,118794,1.0426140393789205,1.2198374274354213,64.80634742775607,0.9726496192347277,165390,2.0395272255240817,1.2578664256773149,50.00920624076842,1.1725685895372742,651366,106914,0.7286987265338846,0.8447930355756853,71.03237078073055,0.49622425739238246,105834,0.7365629766233714,0.8668225347811521,71.41593549513095,0.4424986605856271,118794,1.042617003777251,0.852388106966191,64.80637143619246,0.4750702853463805,165375,2.039651039796583,1.0140776084229541,50.00653458034931,0.5593220043776982,6.0
cam791_w4,791,4,CAM791_2025-12-04-132441,2025-12-04-132441,SI216_2025-04-12,132840,97200,98280,120960,0.10741388802755637,1.6884001936038533,0.15186953922636942,0.07837251557531981,0.09199960928097987,-0.00012007980044641569,622050,97194,1.509683849625479,1.1282339074736283,59.48751982395585,1.0772829298823252,98274,0.9509225017391589,1.1990894172824549,68.88348176394824,0.9458512331955866,120954,1.2605993401278255,1.08744081802656,60.799880572468425,1.0530332547845822,172794,2.2333636803401524,1.636169223994757,51.11981099765314,1.2026952268775253,622050,97194,1.5096758377229103,0.9629189958571766,59.4883212002833,0.6248839400792413,98274,0.9509289658572827,0.8562229568153594,68.88405585048747,0.44859845355885847,120954,1.2605515400611824,0.6768342861647729,60.801035495124715,0.47940282740434753,172779,2.233486890010159,0.9234886933216294,51.11763170292735,0.4886398532956504,6.0
cam791_w5,791,5,CAM791_2025-12-04-132441,2025-12-04-132441,SI216_2025-04-12,130680,98280,95040,116640,0.12087262135768596,1.4995941445443302,0.16801316897606944,0.09768513793852708,0.0969195571584614,-0.00026547070779155683,613410,98274,0.9026326122615723,1.2596931741589914,69.00679904051835,0.9350520626884311,95034,1.1458536735136933,1.1885752963234408,61.80770794966064,1.0159724348775243,116634,1.3665687134912916,1.2897779411744106,60.371201383277814,1.0441183658464401,172794,1.838706987478994,1.289850199216635,51.159731411894505,1.1795611783247713,613410,98274,0.9026416109792829,1.042042115840983,69.00726408992307,0.5177148164444848,95034,1.1458443024823763,0.9016910431067807,61.80750787440165,0.5198727606595537,116634,1.3665702926976195,0.8996776686098504,60.37095773759195,0.5048074341220002,172779,1.8387717645692558,0.7816782555481416,51.159919537600814,0.4849463537662135,11.0
cam791_w6,791,6,CAM791_2025-12-04-132441,2025-12-04-132441,SI216_2025-04-12,203040,97200,92880,118800,0.11769205291809547,1.5511608489463415,0.13726547233588443,0.07944031112882156,0.13637037528958038,6.092734642778147e-05,684690,97194,1.127469215746762,1.0960814025950425,63.943448120766696,1.0047431959569622,92874,1.1006020115658568,1.1794535453440242,61.99152663950821,1.0256733897071655,118794,1.2939052525513894,1.1439082386294388,61.806795927288114,1.0378884991170707,172794,2.4357451980609954,1.2288391871440383,47.650550714313184,1.2495243364034707,684690,97194,1.127469044604614,0.8470619970261556,63.94400290617122,0.5409624405012419,92874,1.1005989237036236,0.8621249473122877,61.989914544178546,0.49482977220534563,118794,1.293907305862426,0.7888745589876083,61.80864241719658,0.48962052647031057,172779,2.435790259718793,0.8883323393368365,47.649767803614054,0.5543071188577356,11.0
cam795_w1,795,1,CAM795_2025-12-04-125848,2025-12-04-125848,SI216_2025-04-12,124200,95040,91800,110160,0.11008875454444729,1.4727080584077623,0.14386506111500888,0.058715706906177265,0.12768549561215575,2.7068070883408967e-05,593970,95034,1.0000656549822762,1.0844370437336133,63.0606545308776,0.9628149564920967,91794,1.0284254322188064,1.1526735428458237,63.90891584735702,0.9468549185659945,110154,1.3758075621348997,1.1218939128161898,56.990494087031394,1.0498895356475597,172794,2.493472896354656,1.3295419903463994,49.25740410746901,1.1834087123522083,593970,95034,1.0000670804070808,0.8306286863652451,63.06102034470146,0.4820478122926317,91794,1.0284470079363375,0.822991213350182,63.907156363300366,0.4241195395429224,110154,1.3757915380381707,0.7851525709747451,56.99298959989396,0.4555725541528032,172779,2.493515383992875,0.9229648583235079,49.25335817578704,0.5021614488401678,6.0
cam795_w2,795,2,CAM795_2025-12-04-125848,2025-12-04-125848,SI216_2025-04-12,124200,91800,97200,109080,0.09545184974723323,1.621066919291106,0.14206904542671853,0.05889005244272047,0.08539645137226068,-0.00011300017284825467,595050,91794,1.0359864243791577,1.1619672819960525,63.03360649352032,0.9739533690944852,97194,0.9910128688850113,1.1078578852934795,65.19437249769551,0.9485698141189348,109074,1.605652612978136,1.1225452389213924,57.2584512767006,1.0666277261355686,172794,2.229064122338643,1.2428391742610692,54.97681938088597,1.1192938134401635,595050,91794,1.0359900393381922,0.9228221787825814,63.033295213678855,0.5131287065148958,97194,0.9910087330822402,0.7195628236244421,65.19306609802982,0.39916549010823077,109074,1.6056686384465193,0.8060355326575744,57.25773562864876,0.4571065522127928,172779,2.229165752911172,0.8556658632408367,54.97834348557963,0.4229820221597835,9.0
cam795_w3,795,3,CAM795_2025-12-04-125848,2025-12-04-125848,SI216_2025-04-12,123120,92880,95040,118800,0.11486304856424644,1.7844378044939768,0.15974972078201014,0.10866765764514066,0.07617176726558843,-0.00022067935218241777,602610,92874,0.9836412869747263,1.1415093392215172,67.22950444014015,0.9222022723039138,95034,1.2633858537103027,1.1248256105073504,59.57705880896079,1.0084363691689684,118794,1.2795688374518799,1.236881977509126,62.59228577840781,0.9759560938873093,172794,1.7533142590835835,1.3813402200335807,58.0050262081981,1.035685907332481,602610,92874,0.9836406608245257,0.8453793117082045,67.23010646680936,0.5058572696861829,95034,1.2634137625160313,0.8494924268452212,59.57764729018463,0.512733108421911,118794,1.2795458980238432,0.904360800597492,62.591222076142444,0.4363436757070279,172779,1.7530050881549024,0.9469926144451801,58.00822149982028,0.43137662601365095,6.0
cam796_w1,796,1,CAM796_2025-12-04-132428,2025-12-04-132428,SI216_2025-04-12,141480,98280,103680,123120,0.10482043809991055,1.6188299762049785,0.15939601058171848,0.048345938666958695,0.10671936505105453,-5.4820597333610886e-05,630682,98274,1.1524426804491532,1.1153898308152195,62.07427623713235,0.9780839955195673,103674,0.9623323696650602,1.1501298814039653,66.57476054274954,0.9106498643497672,123114,1.370465898881407,1.2251448361606,61.68508457616433,0.9815641521811105,164146,2.230502477333997,1.3685840304216197,49.93050266945863,1.1582899969771718,630682,98274,1.1524364462068128,0.9283807899628528,62.07265917939334,0.5313781260458151,103674,0.9623342824007687,0.7973773831553612,66.57493891249656,0.3967831170256232,123114,1.3704481779327815,0.9052843343691139,61.688646866058946,0.4515991883395239,164131,2.23066405200904,0.888067579365025,49.92540671895888,0.46539105375451983,6.0
cam796_w2,796,2,CAM796_2025-12-04-132428,2025-12-04-132428,SI216_2025-04-12,120960,91800,96120,112320,0.11259374145404123,1.6835039626518558,0.16300701809202855,0.08525085155661555,0.08952335471347966,-0.00016834852147198427,593970,91794,1.2256576334806766,1.0851416171733963,60.20482404912401,0.9947094301902496,96114,1.1225426413527364,1.1794655081156618,63.57624609460419,0.957517338962164,112314,1.3103594702102548,1.1846433323225398,61.97497318099233,0.9786734499833017,172794,2.2943172825703204,1.3758306187031697,54.48264394199069,1.115589874298227,593970,91794,1.2256641215286452,0.900735151085492,60.206026370179046,0.5575307767714194,96114,1.1225468434823436,0.8881305873224163,63.57629054131562,0.45822603805331447,112314,1.3103577480687958,0.8044020386322015,61.97431032066288,0.40950479234877296,172779,2.29429678885776,0.9300338062500396,54.484917270850644,0.4506735969472554,8.0
cam796_w5,796,5,CAM796_2025-12-04-132428,2025-12-04-132428,SI216_2025-04-12,135000,95040,96120,112320,0.10222953395721199,1.67299116308665,0.16185276657688896,0.044528916057517326,0.10030691923722972,-9.767890255735891e-05,611250,95034,1.2009111951367157,1.091519987417505,64.00304968311069,0.9551502312849806,96114,0.9590950396463224,1.1618774980521158,68.11930538916715,0.8929622839673749,112314,1.261327768954621,1.1160835354253094,59.398945985077546,1.0058104740183935,172794,2.279008648951514,1.1908506552332465,49.64215285707469,1.1862465824331043,611250,95034,1.200914324752665,0.8960112007158509,64.00308661101727,0.5255122396057765,96114,0.959104864499697,0.7922053250186193,68.1198544103203,0.3781190041214066,112314,1.261319941324288,0.7568276825003732,59.398493775643054,0.44374128805686863,172779,2.2791670957112395,0.8123897798299473,49.638941557168614,0.4926451419727152,13.0
