feature,importance,dataset,run,seed
stage_2_frames,0.033623755466947396,Combined_shuffled,1,42
stage_3_frames,0.006582289850485221,Combined_shuffled,1,42
stage_4_frames,0.01659794704894737,Combined_shuffled,1,42
stage_5_frames,0.010982244194923208,Combined_shuffled,1,42
roam_mean,0.018658522160827678,Combined_shuffled,1,42
roam_std_over_mean,0.012109112260402425,Combined_shuffled,1,42
roam_early_mean,0.03435156841027366,Combined_shuffled,1,42
roam_mid_mean,0.07121545769350242,Combined_shuffled,1,42
roam_late_mean,0.03179556557235765,Combined_shuffled,1,42
roam_slope,0.016482555620091488,Combined_shuffled,1,42
speed_1s_rows,0.006992503272240071,Combined_shuffled,1,42
speed_1s_stage2_rows,0.00624618633613208,Combined_shuffled,1,42
speed_1s_stage2_col1_mean,0.03279230312747991,Combined_shuffled,1,42
speed_1s_stage2_col1_std_over_mean,0.03317112262057215,Combined_shuffled,1,42
speed_1s_stage2_col2_mean,0.011074704491983105,Combined_shuffled,1,42
speed_1s_stage2_col2_std_over_mean,0.02154957795324803,Combined_shuffled,1,42
speed_1s_stage3_rows,0.01675936671040857,Combined_shuffled,1,42
speed_1s_stage3_col1_mean,0.011212365397430592,Combined_shuffled,1,42
speed_1s_stage3_col1_std_over_mean,0.029803930286025945,Combined_shuffled,1,42
speed_1s_stage3_col2_mean,0.018392619727107824,Combined_shuffled,1,42
speed_1s_stage3_col2_std_over_mean,0.019829093410162327,Combined_shuffled,1,42
speed_1s_stage4_rows,0.011062943139886745,Combined_shuffled,1,42
speed_1s_stage4_col1_mean,0.02044890623919171,Combined_shuffled,1,42
speed_1s_stage4_col1_std_over_mean,0.02550660756008323,Combined_shuffled,1,42
speed_1s_stage4_col2_mean,0.013358107269620974,Combined_shuffled,1,42
speed_1s_stage4_col2_std_over_mean,0.014097230164301769,Combined_shuffled,1,42
speed_1s_stage5_rows,0.0006416226718416277,Combined_shuffled,1,42
speed_1s_stage5_col1_mean,0.014582717995220481,Combined_shuffled,1,42
speed_1s_stage5_col1_std_over_mean,0.022793130759213895,Combined_shuffled,1,42
speed_1s_stage5_col2_mean,0.014229232673595976,Combined_shuffled,1,42
speed_1s_stage5_col2_std_over_mean,0.01146999151662177,Combined_shuffled,1,42
speed_10s_avg_rows,0.009438691196505679,Combined_shuffled,1,42
speed_10s_avg_stage2_rows,0.004888924962226938,Combined_shuffled,1,42
speed_10s_avg_stage2_col1_mean,0.030613476617346754,Combined_shuffled,1,42
speed_10s_avg_stage2_col1_std_over_mean,0.03241011324680584,Combined_shuffled,1,42
speed_10s_avg_stage2_col2_mean,0.009554726127342155,Combined_shuffled,1,42
speed_10s_avg_stage2_col2_std_over_mean,0.019136094340141078,Combined_shuffled,1,42
speed_10s_avg_stage3_rows,0.02259021293963492,Combined_shuffled,1,42
speed_10s_avg_stage3_col1_mean,0.010277847528988814,Combined_shuffled,1,42
speed_10s_avg_stage3_col1_std_over_mean,0.03355634346478327,Combined_shuffled,1,42
speed_10s_avg_stage3_col2_mean,0.018941846097444284,Combined_shuffled,1,42
speed_10s_avg_stage3_col2_std_over_mean,0.053274819016619894,Combined_shuffled,1,42
speed_10s_avg_stage4_rows,0.011040101025454423,Combined_shuffled,1,42
speed_10s_avg_stage4_col1_mean,0.015713705198332584,Combined_shuffled,1,42
speed_10s_avg_stage4_col1_std_over_mean,0.015901913825422918,Combined_shuffled,1,42
speed_10s_avg_stage4_col2_mean,0.010522516854763733,Combined_shuffled,1,42
speed_10s_avg_stage4_col2_std_over_mean,0.030577286155811633,Combined_shuffled,1,42
speed_10s_avg_stage5_rows,0.0009635790457034953,Combined_shuffled,1,42
speed_10s_avg_stage5_col1_mean,0.014195584781988563,Combined_shuffled,1,42
speed_10s_avg_stage5_col1_std_over_mean,0.012994433389054526,Combined_shuffled,1,42
speed_10s_avg_stage5_col2_mean,0.011016935336942549,Combined_shuffled,1,42
speed_10s_avg_stage5_col2_std_over_mean,0.02397756724755861,Combined_shuffled,1,42
stage_2_frames,0.025273306880214737,Combined_shuffled,2,43
stage_3_frames,0.008964273351749907,Combined_shuffled,2,43
stage_4_frames,0.009096707285847733,Combined_shuffled,2,43
stage_5_frames,0.014394392077553463,Combined_shuffled,2,43
roam_mean,0.016769422249244957,Combined_shuffled,2,43
roam_std_over_mean,0.018387103534000315,Combined_shuffled,2,43
roam_early_mean,0.034670498709760945,Combined_shuffled,2,43
roam_mid_mean,0.04741070414936862,Combined_shuffled,2,43
roam_late_mean,0.01831719797803617,Combined_shuffled,2,43
roam_slope,0.029866731238394506,Combined_shuffled,2,43
speed_1s_rows,0.0095663112398607,Combined_shuffled,2,43
speed_1s_stage2_rows,0.008221052569098731,Combined_shuffled,2,43
speed_1s_stage2_col1_mean,0.01719479375063347,Combined_shuffled,2,43
speed_1s_stage2_col1_std_over_mean,0.027443939800191403,Combined_shuffled,2,43
speed_1s_stage2_col2_mean,0.014167408284696623,Combined_shuffled,2,43
speed_1s_stage2_col2_std_over_mean,0.012442896304563553,Combined_shuffled,2,43
speed_1s_stage3_rows,0.014105396899426987,Combined_shuffled,2,43
speed_1s_stage3_col1_mean,0.011942935543936224,Combined_shuffled,2,43
speed_1s_stage3_col1_std_over_mean,0.029624379755318123,Combined_shuffled,2,43
speed_1s_stage3_col2_mean,0.011460500527845268,Combined_shuffled,2,43
speed_1s_stage3_col2_std_over_mean,0.012829796305544322,Combined_shuffled,2,43
speed_1s_stage4_rows,0.010222651300153577,Combined_shuffled,2,43
speed_1s_stage4_col1_mean,0.019880346621651033,Combined_shuffled,2,43
speed_1s_stage4_col1_std_over_mean,0.033792440820230564,Combined_shuffled,2,43
speed_1s_stage4_col2_mean,0.024689570470373803,Combined_shuffled,2,43
speed_1s_stage4_col2_std_over_mean,0.021283135776990057,Combined_shuffled,2,43
speed_1s_stage5_rows,0.00035887213788191817,Combined_shuffled,2,43
speed_1s_stage5_col1_mean,0.01856029932033972,Combined_shuffled,2,43
speed_1s_stage5_col1_std_over_mean,0.021329659442155008,Combined_shuffled,2,43
speed_1s_stage5_col2_mean,0.016848105715376895,Combined_shuffled,2,43
speed_1s_stage5_col2_std_over_mean,0.012158099603903166,Combined_shuffled,2,43
speed_10s_avg_rows,0.011606718875838378,Combined_shuffled,2,43
speed_10s_avg_stage2_rows,0.005958538068585894,Combined_shuffled,2,43
speed_10s_avg_stage2_col1_mean,0.013384601156615985,Combined_shuffled,2,43
speed_10s_avg_stage2_col1_std_over_mean,0.040354593023090427,Combined_shuffled,2,43
speed_10s_avg_stage2_col2_mean,0.011782017231429305,Combined_shuffled,2,43
speed_10s_avg_stage2_col2_std_over_mean,0.021194905710997504,Combined_shuffled,2,43
speed_10s_avg_stage3_rows,0.016975567915954393,Combined_shuffled,2,43
speed_10s_avg_stage3_col1_mean,0.012546019416234028,Combined_shuffled,2,43
speed_10s_avg_stage3_col1_std_over_mean,0.021931968068066476,Combined_shuffled,2,43
speed_10s_avg_stage3_col2_mean,0.009094342695714082,Combined_shuffled,2,43
speed_10s_avg_stage3_col2_std_over_mean,0.02809451485700633,Combined_shuffled,2,43
speed_10s_avg_stage4_rows,0.0119124500463077,Combined_shuffled,2,43
speed_10s_avg_stage4_col1_mean,0.021417538433025757,Combined_shuffled,2,43
speed_10s_avg_stage4_col1_std_over_mean,0.011162821355650002,Combined_shuffled,2,43
speed_10s_avg_stage4_col2_mean,0.023721716435987483,Combined_shuffled,2,43
speed_10s_avg_stage4_col2_std_over_mean,0.08843585093824517,Combined_shuffled,2,43
speed_10s_avg_stage5_rows,0.00011074796310303416,Combined_shuffled,2,43
speed_10s_avg_stage5_col1_mean,0.020994032480671034,Combined_shuffled,2,43
speed_10s_avg_stage5_col1_std_over_mean,0.017907053690255983,Combined_shuffled,2,43
speed_10s_avg_stage5_col2_mean,0.019910804448821588,Combined_shuffled,2,43
speed_10s_avg_stage5_col2_std_over_mean,0.020230267544057035,Combined_shuffled,2,43
stage_2_frames,0.030493760208172408,Combined_shuffled,3,44
stage_3_frames,0.005962572448066705,Combined_shuffled,3,44
stage_4_frames,0.01552789613773687,Combined_shuffled,3,44
stage_5_frames,0.008457909383043272,Combined_shuffled,3,44
roam_mean,0.01564945243087815,Combined_shuffled,3,44
roam_std_over_mean,0.01915132611677345,Combined_shuffled,3,44
roam_early_mean,0.02227763047768043,Combined_shuffled,3,44
roam_mid_mean,0.028291083359343477,Combined_shuffled,3,44
roam_late_mean,0.016413518896225606,Combined_shuffled,3,44
roam_slope,0.04595887071817583,Combined_shuffled,3,44
speed_1s_rows,0.010787327835262305,Combined_shuffled,3,44
speed_1s_stage2_rows,0.007164889862621526,Combined_shuffled,3,44
speed_1s_stage2_col1_mean,0.016221268694381542,Combined_shuffled,3,44
speed_1s_stage2_col1_std_over_mean,0.054420596154295016,Combined_shuffled,3,44
speed_1s_stage2_col2_mean,0.02196074500513082,Combined_shuffled,3,44
speed_1s_stage2_col2_std_over_mean,0.020224110962619335,Combined_shuffled,3,44
speed_1s_stage3_rows,0.014181866301832144,Combined_shuffled,3,44
speed_1s_stage3_col1_mean,0.009369985045386428,Combined_shuffled,3,44
speed_1s_stage3_col1_std_over_mean,0.0345208087258304,Combined_shuffled,3,44
speed_1s_stage3_col2_mean,0.008603566102457534,Combined_shuffled,3,44
speed_1s_stage3_col2_std_over_mean,0.02882369802705404,Combined_shuffled,3,44
speed_1s_stage4_rows,0.008729576506146357,Combined_shuffled,3,44
speed_1s_stage4_col1_mean,0.021448875619443412,Combined_shuffled,3,44
speed_1s_stage4_col1_std_over_mean,0.027178824769416392,Combined_shuffled,3,44
speed_1s_stage4_col2_mean,0.008680693866514152,Combined_shuffled,3,44
speed_1s_stage4_col2_std_over_mean,0.01415722994040012,Combined_shuffled,3,44
speed_1s_stage5_rows,0.00036464856833112703,Combined_shuffled,3,44
speed_1s_stage5_col1_mean,0.016230193738278553,Combined_shuffled,3,44
speed_1s_stage5_col1_std_over_mean,0.017518865336078486,Combined_shuffled,3,44
speed_1s_stage5_col2_mean,0.012480024530928897,Combined_shuffled,3,44
speed_1s_stage5_col2_std_over_mean,0.009094709712675966,Combined_shuffled,3,44
speed_10s_avg_rows,0.01012780761111152,Combined_shuffled,3,44
speed_10s_avg_stage2_rows,0.006473783914232621,Combined_shuffled,3,44
speed_10s_avg_stage2_col1_mean,0.023404267887436974,Combined_shuffled,3,44
speed_10s_avg_stage2_col1_std_over_mean,0.03289022746484219,Combined_shuffled,3,44
speed_10s_avg_stage2_col2_mean,0.014661164210242087,Combined_shuffled,3,44
speed_10s_avg_stage2_col2_std_over_mean,0.02304330133638202,Combined_shuffled,3,44
speed_10s_avg_stage3_rows,0.018778586354408433,Combined_shuffled,3,44
speed_10s_avg_stage3_col1_mean,0.011015006025566692,Combined_shuffled,3,44
speed_10s_avg_stage3_col1_std_over_mean,0.027866694199582976,Combined_shuffled,3,44
speed_10s_avg_stage3_col2_mean,0.007403696949292413,Combined_shuffled,3,44
speed_10s_avg_stage3_col2_std_over_mean,0.06428930990015078,Combined_shuffled,3,44
speed_10s_avg_stage4_rows,0.008149626561236537,Combined_shuffled,3,44
speed_10s_avg_stage4_col1_mean,0.02219852436177801,Combined_shuffled,3,44
speed_10s_avg_stage4_col1_std_over_mean,0.02367985875937894,Combined_shuffled,3,44
speed_10s_avg_stage4_col2_mean,0.01322546669994596,Combined_shuffled,3,44
speed_10s_avg_stage4_col2_std_over_mean,0.05246996984289194,Combined_shuffled,3,44
speed_10s_avg_stage5_rows,0.00033196761252083366,Combined_shuffled,3,44
speed_10s_avg_stage5_col1_mean,0.019740569328886046,Combined_shuffled,3,44
speed_10s_avg_stage5_col1_std_over_mean,0.013538670180501164,Combined_shuffled,3,44
speed_10s_avg_stage5_col2_mean,0.015085301648101198,Combined_shuffled,3,44
speed_10s_avg_stage5_col2_std_over_mean,0.02127967367033018,Combined_shuffled,3,44
stage_2_frames,0.029817937741016435,Combined_shuffled,4,45
stage_3_frames,0.007207214561306063,Combined_shuffled,4,45
stage_4_frames,0.008701797925999143,Combined_shuffled,4,45
stage_5_frames,0.006508203928193515,Combined_shuffled,4,45
roam_mean,0.014581736292101759,Combined_shuffled,4,45
roam_std_over_mean,0.021563255017715083,Combined_shuffled,4,45
roam_early_mean,0.02711446688511171,Combined_shuffled,4,45
roam_mid_mean,0.08827480530856184,Combined_shuffled,4,45
roam_late_mean,0.020675699040523087,Combined_shuffled,4,45
roam_slope,0.02305671212764741,Combined_shuffled,4,45
speed_1s_rows,0.010552126376467854,Combined_shuffled,4,45
speed_1s_stage2_rows,0.0086293676409356,Combined_shuffled,4,45
speed_1s_stage2_col1_mean,0.038337515918558544,Combined_shuffled,4,45
speed_1s_stage2_col1_std_over_mean,0.03370076951906594,Combined_shuffled,4,45
speed_1s_stage2_col2_mean,0.021240895716294398,Combined_shuffled,4,45
speed_1s_stage2_col2_std_over_mean,0.01735214739987539,Combined_shuffled,4,45
speed_1s_stage3_rows,0.009561024665114886,Combined_shuffled,4,45
speed_1s_stage3_col1_mean,0.013649002187257819,Combined_shuffled,4,45
speed_1s_stage3_col1_std_over_mean,0.027850698523609174,Combined_shuffled,4,45
speed_1s_stage3_col2_mean,0.00874576573814712,Combined_shuffled,4,45
speed_1s_stage3_col2_std_over_mean,0.012668176775286966,Combined_shuffled,4,45
speed_1s_stage4_rows,0.008165110053829487,Combined_shuffled,4,45
speed_1s_stage4_col1_mean,0.009999478256708015,Combined_shuffled,4,45
speed_1s_stage4_col1_std_over_mean,0.020619099164713748,Combined_shuffled,4,45
speed_1s_stage4_col2_mean,0.009140425601804154,Combined_shuffled,4,45
speed_1s_stage4_col2_std_over_mean,0.015789291794006566,Combined_shuffled,4,45
speed_1s_stage5_rows,0.0002555352537018296,Combined_shuffled,4,45
speed_1s_stage5_col1_mean,0.02748476026876246,Combined_shuffled,4,45
speed_1s_stage5_col1_std_over_mean,0.017926556681143856,Combined_shuffled,4,45
speed_1s_stage5_col2_mean,0.00837979338547118,Combined_shuffled,4,45
speed_1s_stage5_col2_std_over_mean,0.010727229846672235,Combined_shuffled,4,45
speed_10s_avg_rows,0.009445326633118716,Combined_shuffled,4,45
speed_10s_avg_stage2_rows,0.008358314778749702,Combined_shuffled,4,45
speed_10s_avg_stage2_col1_mean,0.03796593024801718,Combined_shuffled,4,45
speed_10s_avg_stage2_col1_std_over_mean,0.04061989424298178,Combined_shuffled,4,45
speed_10s_avg_stage2_col2_mean,0.025691154138007904,Combined_shuffled,4,45
speed_10s_avg_stage2_col2_std_over_mean,0.01767356280981929,Combined_shuffled,4,45
speed_10s_avg_stage3_rows,0.010985428026319495,Combined_shuffled,4,45
speed_10s_avg_stage3_col1_mean,0.013609196617674053,Combined_shuffled,4,45
speed_10s_avg_stage3_col1_std_over_mean,0.03293266507280011,Combined_shuffled,4,45
speed_10s_avg_stage3_col2_mean,0.0051700054944937976,Combined_shuffled,4,45
speed_10s_avg_stage3_col2_std_over_mean,0.024214124736785622,Combined_shuffled,4,45
speed_10s_avg_stage4_rows,0.009551516641013507,Combined_shuffled,4,45
speed_10s_avg_stage4_col1_mean,0.010201598385197904,Combined_shuffled,4,45
speed_10s_avg_stage4_col1_std_over_mean,0.01634833536633692,Combined_shuffled,4,45
speed_10s_avg_stage4_col2_mean,0.009080683550492864,Combined_shuffled,4,45
speed_10s_avg_stage4_col2_std_over_mean,0.06487197136145621,Combined_shuffled,4,45
speed_10s_avg_stage5_rows,0.0006342798379950652,Combined_shuffled,4,45
speed_10s_avg_stage5_col1_mean,0.021236992047904593,Combined_shuffled,4,45
speed_10s_avg_stage5_col1_std_over_mean,0.022221845969889083,Combined_shuffled,4,45
speed_10s_avg_stage5_col2_mean,0.010876543121752257,Combined_shuffled,4,45
speed_10s_avg_stage5_col2_std_over_mean,0.030034031323590647,Combined_shuffled,4,45
stage_2_frames,0.021405453226648597,Combined_shuffled,5,46
stage_3_frames,0.006901259495558169,Combined_shuffled,5,46
stage_4_frames,0.018893557212876683,Combined_shuffled,5,46
stage_5_frames,0.013707506563019571,Combined_shuffled,5,46
roam_mean,0.016852429490160883,Combined_shuffled,5,46
roam_std_over_mean,0.019896265893735884,Combined_shuffled,5,46
roam_early_mean,0.020928292795083948,Combined_shuffled,5,46
roam_mid_mean,0.04958038697426153,Combined_shuffled,5,46
roam_late_mean,0.02091838971111203,Combined_shuffled,5,46
roam_slope,0.054819687821391315,Combined_shuffled,5,46
speed_1s_rows,0.01720216940400447,Combined_shuffled,5,46
speed_1s_stage2_rows,0.008726749098684405,Combined_shuffled,5,46
speed_1s_stage2_col1_mean,0.023838439588115632,Combined_shuffled,5,46
speed_1s_stage2_col1_std_over_mean,0.027490682909687134,Combined_shuffled,5,46
speed_1s_stage2_col2_mean,0.012078554828625247,Combined_shuffled,5,46
speed_1s_stage2_col2_std_over_mean,0.017921566460189376,Combined_shuffled,5,46
speed_1s_stage3_rows,0.018265797116048976,Combined_shuffled,5,46
speed_1s_stage3_col1_mean,0.012106252313743775,Combined_shuffled,5,46
speed_1s_stage3_col1_std_over_mean,0.04437585905310845,Combined_shuffled,5,46
speed_1s_stage3_col2_mean,0.007080294675636602,Combined_shuffled,5,46
speed_1s_stage3_col2_std_over_mean,0.012698217993287299,Combined_shuffled,5,46
speed_1s_stage4_rows,0.014616995319883716,Combined_shuffled,5,46
speed_1s_stage4_col1_mean,0.012664245935509194,Combined_shuffled,5,46
speed_1s_stage4_col1_std_over_mean,0.033341996029244224,Combined_shuffled,5,46
speed_1s_stage4_col2_mean,0.00981021563055298,Combined_shuffled,5,46
speed_1s_stage4_col2_std_over_mean,0.023606102960370006,Combined_shuffled,5,46
speed_1s_stage5_rows,0.00048532907565714933,Combined_shuffled,5,46
speed_1s_stage5_col1_mean,0.018265175599075093,Combined_shuffled,5,46
speed_1s_stage5_col1_std_over_mean,0.020134097500078073,Combined_shuffled,5,46
speed_1s_stage5_col2_mean,0.01785417346435867,Combined_shuffled,5,46
speed_1s_stage5_col2_std_over_mean,0.009321836816780353,Combined_shuffled,5,46
speed_10s_avg_rows,0.013713091359836444,Combined_shuffled,5,46
speed_10s_avg_stage2_rows,0.005447679887506391,Combined_shuffled,5,46
speed_10s_avg_stage2_col1_mean,0.02127062536975522,Combined_shuffled,5,46
speed_10s_avg_stage2_col1_std_over_mean,0.028395223050201514,Combined_shuffled,5,46
speed_10s_avg_stage2_col2_mean,0.009277952031486764,Combined_shuffled,5,46
speed_10s_avg_stage2_col2_std_over_mean,0.0265155615945113,Combined_shuffled,5,46
speed_10s_avg_stage3_rows,0.015549723338830758,Combined_shuffled,5,46
speed_10s_avg_stage3_col1_mean,0.011565330919106345,Combined_shuffled,5,46
speed_10s_avg_stage3_col1_std_over_mean,0.032028904515804896,Combined_shuffled,5,46
speed_10s_avg_stage3_col2_mean,0.006072000630551288,Combined_shuffled,5,46
speed_10s_avg_stage3_col2_std_over_mean,0.041076561229851295,Combined_shuffled,5,46
speed_10s_avg_stage4_rows,0.011068586448474223,Combined_shuffled,5,46
speed_10s_avg_stage4_col1_mean,0.01753059575405671,Combined_shuffled,5,46
speed_10s_avg_stage4_col1_std_over_mean,0.015224958016963273,Combined_shuffled,5,46
speed_10s_avg_stage4_col2_mean,0.009715204124171468,Combined_shuffled,5,46
speed_10s_avg_stage4_col2_std_over_mean,0.04613271132905336,Combined_shuffled,5,46
speed_10s_avg_stage5_rows,0.0009255838443610107,Combined_shuffled,5,46
speed_10s_avg_stage5_col1_mean,0.020139041910932236,Combined_shuffled,5,46
speed_10s_avg_stage5_col1_std_over_mean,0.018559082196878792,Combined_shuffled,5,46
speed_10s_avg_stage5_col2_mean,0.0159540351681093,Combined_shuffled,5,46
speed_10s_avg_stage5_col2_std_over_mean,0.02804956632306806,Combined_shuffled,5,46
stage_2_frames,0.02708524685212773,Combined_shuffled,6,47
stage_3_frames,0.011416982081949448,Combined_shuffled,6,47
stage_4_frames,0.011753166991917289,Combined_shuffled,6,47
stage_5_frames,0.007750835539399347,Combined_shuffled,6,47
roam_mean,0.018354068203652672,Combined_shuffled,6,47
roam_std_over_mean,0.0116587521136958,Combined_shuffled,6,47
roam_early_mean,0.020598406304462497,Combined_shuffled,6,47
roam_mid_mean,0.0404109314190661,Combined_shuffled,6,47
roam_late_mean,0.01964520847186267,Combined_shuffled,6,47
roam_slope,0.02602822444718243,Combined_shuffled,6,47
speed_1s_rows,0.008535265136775686,Combined_shuffled,6,47
speed_1s_stage2_rows,0.008598557904054307,Combined_shuffled,6,47
speed_1s_stage2_col1_mean,0.038358095562756704,Combined_shuffled,6,47
speed_1s_stage2_col1_std_over_mean,0.06001154660139701,Combined_shuffled,6,47
speed_1s_stage2_col2_mean,0.015626864148398728,Combined_shuffled,6,47
speed_1s_stage2_col2_std_over_mean,0.038602122205178564,Combined_shuffled,6,47
speed_1s_stage3_rows,0.010650578465772468,Combined_shuffled,6,47
speed_1s_stage3_col1_mean,0.012593915383027279,Combined_shuffled,6,47
speed_1s_stage3_col1_std_over_mean,0.02821391921037602,Combined_shuffled,6,47
speed_1s_stage3_col2_mean,0.018351276897222945,Combined_shuffled,6,47
speed_1s_stage3_col2_std_over_mean,0.015399998209547263,Combined_shuffled,6,47
speed_1s_stage4_rows,0.009798560087451951,Combined_shuffled,6,47
speed_1s_stage4_col1_mean,0.024686848282032797,Combined_shuffled,6,47
speed_1s_stage4_col1_std_over_mean,0.02806722104252864,Combined_shuffled,6,47
speed_1s_stage4_col2_mean,0.011947863447808032,Combined_shuffled,6,47
speed_1s_stage4_col2_std_over_mean,0.02630303205264234,Combined_shuffled,6,47
speed_1s_stage5_rows,0.0010437093601907976,Combined_shuffled,6,47
speed_1s_stage5_col1_mean,0.014217318030808607,Combined_shuffled,6,47
speed_1s_stage5_col1_std_over_mean,0.026402409275768306,Combined_shuffled,6,47
speed_1s_stage5_col2_mean,0.012797151138257619,Combined_shuffled,6,47
speed_1s_stage5_col2_std_over_mean,0.011063975715611903,Combined_shuffled,6,47
speed_10s_avg_rows,0.009600602715922568,Combined_shuffled,6,47
speed_10s_avg_stage2_rows,0.009863060271475717,Combined_shuffled,6,47
speed_10s_avg_stage2_col1_mean,0.026150386510705847,Combined_shuffled,6,47
speed_10s_avg_stage2_col1_std_over_mean,0.029627279132306464,Combined_shuffled,6,47
speed_10s_avg_stage2_col2_mean,0.018735828557246436,Combined_shuffled,6,47
speed_10s_avg_stage2_col2_std_over_mean,0.021164413523958602,Combined_shuffled,6,47
speed_10s_avg_stage3_rows,0.009859861665496435,Combined_shuffled,6,47
speed_10s_avg_stage3_col1_mean,0.007811995810336729,Combined_shuffled,6,47
speed_10s_avg_stage3_col1_std_over_mean,0.019356395346306628,Combined_shuffled,6,47
speed_10s_avg_stage3_col2_mean,0.017689078035810827,Combined_shuffled,6,47
speed_10s_avg_stage3_col2_std_over_mean,0.051060511748290974,Combined_shuffled,6,47
speed_10s_avg_stage4_rows,0.008920405960898851,Combined_shuffled,6,47
speed_10s_avg_stage4_col1_mean,0.018929971119629643,Combined_shuffled,6,47
speed_10s_avg_stage4_col1_std_over_mean,0.015355326697733034,Combined_shuffled,6,47
speed_10s_avg_stage4_col2_mean,0.013993754222420574,Combined_shuffled,6,47
speed_10s_avg_stage4_col2_std_over_mean,0.022201557001278772,Combined_shuffled,6,47
speed_10s_avg_stage5_rows,0.00035495510117868105,Combined_shuffled,6,47
speed_10s_avg_stage5_col1_mean,0.014925960438486874,Combined_shuffled,6,47
speed_10s_avg_stage5_col1_std_over_mean,0.01683042805580307,Combined_shuffled,6,47
speed_10s_avg_stage5_col2_mean,0.014013802205325688,Combined_shuffled,6,47
speed_10s_avg_stage5_col2_std_over_mean,0.03758237529646354,Combined_shuffled,6,47
stage_2_frames,0.03367594937525459,Combined_shuffled,7,48
stage_3_frames,0.006568172321587437,Combined_shuffled,7,48
stage_4_frames,0.01133466279744571,Combined_shuffled,7,48
stage_5_frames,0.010023107513792224,Combined_shuffled,7,48
roam_mean,0.014726210958815208,Combined_shuffled,7,48
roam_std_over_mean,0.02985897782541917,Combined_shuffled,7,48
roam_early_mean,0.03307936567828879,Combined_shuffled,7,48
roam_mid_mean,0.03883834320174137,Combined_shuffled,7,48
roam_late_mean,0.022553568716875194,Combined_shuffled,7,48
roam_slope,0.04637178378797481,Combined_shuffled,7,48
speed_1s_rows,0.014265199666588419,Combined_shuffled,7,48
speed_1s_stage2_rows,0.006157898886946935,Combined_shuffled,7,48
speed_1s_stage2_col1_mean,0.026238593483464426,Combined_shuffled,7,48
speed_1s_stage2_col1_std_over_mean,0.040259505698745326,Combined_shuffled,7,48
speed_1s_stage2_col2_mean,0.008770085428737005,Combined_shuffled,7,48
speed_1s_stage2_col2_std_over_mean,0.010439732944972614,Combined_shuffled,7,48
speed_1s_stage3_rows,0.01490250104508774,Combined_shuffled,7,48
speed_1s_stage3_col1_mean,0.01339228957834364,Combined_shuffled,7,48
speed_1s_stage3_col1_std_over_mean,0.03511734825116615,Combined_shuffled,7,48
speed_1s_stage3_col2_mean,0.010717307698983176,Combined_shuffled,7,48
speed_1s_stage3_col2_std_over_mean,0.018117158081162942,Combined_shuffled,7,48
speed_1s_stage4_rows,0.015023175432464063,Combined_shuffled,7,48
speed_1s_stage4_col1_mean,0.016170344241706602,Combined_shuffled,7,48
speed_1s_stage4_col1_std_over_mean,0.03325861118013387,Combined_shuffled,7,48
speed_1s_stage4_col2_mean,0.014694328594571142,Combined_shuffled,7,48
speed_1s_stage4_col2_std_over_mean,0.026277415478246212,Combined_shuffled,7,48
speed_1s_stage5_rows,0.0004046265372172238,Combined_shuffled,7,48
speed_1s_stage5_col1_mean,0.01722017014238347,Combined_shuffled,7,48
speed_1s_stage5_col1_std_over_mean,0.020166960448111206,Combined_shuffled,7,48
speed_1s_stage5_col2_mean,0.013436896011065633,Combined_shuffled,7,48
speed_1s_stage5_col2_std_over_mean,0.014685732615581967,Combined_shuffled,7,48
speed_10s_avg_rows,0.009772799036382163,Combined_shuffled,7,48
speed_10s_avg_stage2_rows,0.0073516622249713915,Combined_shuffled,7,48
speed_10s_avg_stage2_col1_mean,0.01789556467587509,Combined_shuffled,7,48
speed_10s_avg_stage2_col1_std_over_mean,0.020480306975237436,Combined_shuffled,7,48
speed_10s_avg_stage2_col2_mean,0.009569243291616916,Combined_shuffled,7,48
speed_10s_avg_stage2_col2_std_over_mean,0.01652427530683533,Combined_shuffled,7,48
speed_10s_avg_stage3_rows,0.00952994275239074,Combined_shuffled,7,48
speed_10s_avg_stage3_col1_mean,0.01505836180702575,Combined_shuffled,7,48
speed_10s_avg_stage3_col1_std_over_mean,0.016955062744948866,Combined_shuffled,7,48
speed_10s_avg_stage3_col2_mean,0.012717319575833386,Combined_shuffled,7,48
speed_10s_avg_stage3_col2_std_over_mean,0.04549209784929199,Combined_shuffled,7,48
speed_10s_avg_stage4_rows,0.00972425522387116,Combined_shuffled,7,48
speed_10s_avg_stage4_col1_mean,0.014324457636876559,Combined_shuffled,7,48
speed_10s_avg_stage4_col1_std_over_mean,0.011313910970375273,Combined_shuffled,7,48
speed_10s_avg_stage4_col2_mean,0.012504658376135507,Combined_shuffled,7,48
speed_10s_avg_stage4_col2_std_over_mean,0.0779753591986567,Combined_shuffled,7,48
speed_10s_avg_stage5_rows,0.00035768073720872135,Combined_shuffled,7,48
speed_10s_avg_stage5_col1_mean,0.022306185827633912,Combined_shuffled,7,48
speed_10s_avg_stage5_col1_std_over_mean,0.02053318126031142,Combined_shuffled,7,48
speed_10s_avg_stage5_col2_mean,0.011947701114244064,Combined_shuffled,7,48
speed_10s_avg_stage5_col2_std_over_mean,0.020919949791403505,Combined_shuffled,7,48
stage_2_frames,0.028987475920420665,Combined_shuffled,8,49
stage_3_frames,0.008000904075800949,Combined_shuffled,8,49
stage_4_frames,0.015791087792774675,Combined_shuffled,8,49
stage_5_frames,0.009191015412393408,Combined_shuffled,8,49
roam_mean,0.015238414839556314,Combined_shuffled,8,49
roam_std_over_mean,0.010311639495381868,Combined_shuffled,8,49
roam_early_mean,0.026872225227583955,Combined_shuffled,8,49
roam_mid_mean,0.0506659990257134,Combined_shuffled,8,49
roam_late_mean,0.01278840675677299,Combined_shuffled,8,49
roam_slope,0.036410471775298214,Combined_shuffled,8,49
speed_1s_rows,0.010385416932083695,Combined_shuffled,8,49
speed_1s_stage2_rows,0.006673474584902616,Combined_shuffled,8,49
speed_1s_stage2_col1_mean,0.01721836464746197,Combined_shuffled,8,49
speed_1s_stage2_col1_std_over_mean,0.035940152319084644,Combined_shuffled,8,49
speed_1s_stage2_col2_mean,0.020646204770812308,Combined_shuffled,8,49
speed_1s_stage2_col2_std_over_mean,0.01737738167831514,Combined_shuffled,8,49
speed_1s_stage3_rows,0.016125054990290367,Combined_shuffled,8,49
speed_1s_stage3_col1_mean,0.013059266695576045,Combined_shuffled,8,49
speed_1s_stage3_col1_std_over_mean,0.03050196928477413,Combined_shuffled,8,49
speed_1s_stage3_col2_mean,0.007417546421934926,Combined_shuffled,8,49
speed_1s_stage3_col2_std_over_mean,0.019155323753294456,Combined_shuffled,8,49
speed_1s_stage4_rows,0.008110358767421513,Combined_shuffled,8,49
speed_1s_stage4_col1_mean,0.013924238282237489,Combined_shuffled,8,49
speed_1s_stage4_col1_std_over_mean,0.03487720281041469,Combined_shuffled,8,49
speed_1s_stage4_col2_mean,0.00813408373613737,Combined_shuffled,8,49
speed_1s_stage4_col2_std_over_mean,0.022148261907212,Combined_shuffled,8,49
speed_1s_stage5_rows,0.0010311443873641146,Combined_shuffled,8,49
speed_1s_stage5_col1_mean,0.024855517243368062,Combined_shuffled,8,49
speed_1s_stage5_col1_std_over_mean,0.021539314394192804,Combined_shuffled,8,49
speed_1s_stage5_col2_mean,0.016995340496163136,Combined_shuffled,8,49
speed_1s_stage5_col2_std_over_mean,0.010018791378316932,Combined_shuffled,8,49
speed_10s_avg_rows,0.011755996124197416,Combined_shuffled,8,49
speed_10s_avg_stage2_rows,0.005298295916361692,Combined_shuffled,8,49
speed_10s_avg_stage2_col1_mean,0.01859669074054534,Combined_shuffled,8,49
speed_10s_avg_stage2_col1_std_over_mean,0.0461500560033762,Combined_shuffled,8,49
speed_10s_avg_stage2_col2_mean,0.012851355892754629,Combined_shuffled,8,49
speed_10s_avg_stage2_col2_std_over_mean,0.01118676006802316,Combined_shuffled,8,49
speed_10s_avg_stage3_rows,0.01649451892732555,Combined_shuffled,8,49
speed_10s_avg_stage3_col1_mean,0.009604900490876037,Combined_shuffled,8,49
speed_10s_avg_stage3_col1_std_over_mean,0.04226348262206224,Combined_shuffled,8,49
speed_10s_avg_stage3_col2_mean,0.010572427329171167,Combined_shuffled,8,49
speed_10s_avg_stage3_col2_std_over_mean,0.04715086215759738,Combined_shuffled,8,49
speed_10s_avg_stage4_rows,0.006703843472338753,Combined_shuffled,8,49
speed_10s_avg_stage4_col1_mean,0.016111713302384905,Combined_shuffled,8,49
speed_10s_avg_stage4_col1_std_over_mean,0.013151470997838269,Combined_shuffled,8,49
speed_10s_avg_stage4_col2_mean,0.00720727792807548,Combined_shuffled,8,49
speed_10s_avg_stage4_col2_std_over_mean,0.060495981828303964,Combined_shuffled,8,49
speed_10s_avg_stage5_rows,0.0006061976300940588,Combined_shuffled,8,49
speed_10s_avg_stage5_col1_mean,0.025859881040434216,Combined_shuffled,8,49
speed_10s_avg_stage5_col1_std_over_mean,0.027524307501418988,Combined_shuffled,8,49
speed_10s_avg_stage5_col2_mean,0.014573958590754629,Combined_shuffled,8,49
speed_10s_avg_stage5_col2_std_over_mean,0.025447971633011136,Combined_shuffled,8,49
stage_2_frames,0.027771661248465696,Combined_shuffled,9,50
stage_3_frames,0.0067945194726909625,Combined_shuffled,9,50
stage_4_frames,0.01755052643598863,Combined_shuffled,9,50
stage_5_frames,0.0067698041570676696,Combined_shuffled,9,50
roam_mean,0.011897067227233648,Combined_shuffled,9,50
roam_std_over_mean,0.016553365361689984,Combined_shuffled,9,50
roam_early_mean,0.02299197289243034,Combined_shuffled,9,50
roam_mid_mean,0.047475332251708045,Combined_shuffled,9,50
roam_late_mean,0.021367772420031055,Combined_shuffled,9,50
roam_slope,0.03251044674991429,Combined_shuffled,9,50
speed_1s_rows,0.010065153113511721,Combined_shuffled,9,50
speed_1s_stage2_rows,0.004728718601446663,Combined_shuffled,9,50
speed_1s_stage2_col1_mean,0.03621208724721549,Combined_shuffled,9,50
speed_1s_stage2_col1_std_over_mean,0.03401270649574988,Combined_shuffled,9,50
speed_1s_stage2_col2_mean,0.008528486646222001,Combined_shuffled,9,50
speed_1s_stage2_col2_std_over_mean,0.014604511678606515,Combined_shuffled,9,50
speed_1s_stage3_rows,0.015294613159155302,Combined_shuffled,9,50
speed_1s_stage3_col1_mean,0.011882885712644248,Combined_shuffled,9,50
speed_1s_stage3_col1_std_over_mean,0.04164299535270462,Combined_shuffled,9,50
speed_1s_stage3_col2_mean,0.0164342334619193,Combined_shuffled,9,50
speed_1s_stage3_col2_std_over_mean,0.019074610177549346,Combined_shuffled,9,50
speed_1s_stage4_rows,0.0093262504730168,Combined_shuffled,9,50
speed_1s_stage4_col1_mean,0.01548556336827687,Combined_shuffled,9,50
speed_1s_stage4_col1_std_over_mean,0.037882515239006015,Combined_shuffled,9,50
speed_1s_stage4_col2_mean,0.008251660352343926,Combined_shuffled,9,50
speed_1s_stage4_col2_std_over_mean,0.027302571125826038,Combined_shuffled,9,50
speed_1s_stage5_rows,0.0017200610536814264,Combined_shuffled,9,50
speed_1s_stage5_col1_mean,0.02302916297894407,Combined_shuffled,9,50
speed_1s_stage5_col1_std_over_mean,0.018095385734420967,Combined_shuffled,9,50
speed_1s_stage5_col2_mean,0.016816774779447617,Combined_shuffled,9,50
speed_1s_stage5_col2_std_over_mean,0.010648499349948687,Combined_shuffled,9,50
speed_10s_avg_rows,0.010023867667801997,Combined_shuffled,9,50
speed_10s_avg_stage2_rows,0.006994733809494403,Combined_shuffled,9,50
speed_10s_avg_stage2_col1_mean,0.03463561339104579,Combined_shuffled,9,50
speed_10s_avg_stage2_col1_std_over_mean,0.021918300941599165,Combined_shuffled,9,50
speed_10s_avg_stage2_col2_mean,0.008095504391676289,Combined_shuffled,9,50
speed_10s_avg_stage2_col2_std_over_mean,0.03171412578583975,Combined_shuffled,9,50
speed_10s_avg_stage3_rows,0.019424626946769268,Combined_shuffled,9,50
speed_10s_avg_stage3_col1_mean,0.010514867346691891,Combined_shuffled,9,50
speed_10s_avg_stage3_col1_std_over_mean,0.019842449953358078,Combined_shuffled,9,50
speed_10s_avg_stage3_col2_mean,0.011371412145708408,Combined_shuffled,9,50
speed_10s_avg_stage3_col2_std_over_mean,0.03562292220261384,Combined_shuffled,9,50
speed_10s_avg_stage4_rows,0.008957852678847635,Combined_shuffled,9,50
speed_10s_avg_stage4_col1_mean,0.015162554649208643,Combined_shuffled,9,50
speed_10s_avg_stage4_col1_std_over_mean,0.013705554445415012,Combined_shuffled,9,50
speed_10s_avg_stage4_col2_mean,0.01308446747850079,Combined_shuffled,9,50
speed_10s_avg_stage4_col2_std_over_mean,0.05047583373512589,Combined_shuffled,9,50
speed_10s_avg_stage5_rows,0.0008202922096012837,Combined_shuffled,9,50
speed_10s_avg_stage5_col1_mean,0.019883006199069093,Combined_shuffled,9,50
speed_10s_avg_stage5_col1_std_over_mean,0.0252719475431074,Combined_shuffled,9,50
speed_10s_avg_stage5_col2_mean,0.02136423256380109,Combined_shuffled,9,50
speed_10s_avg_stage5_col2_std_over_mean,0.028393919595866356,Combined_shuffled,9,50
stage_2_frames,0.025609370642911477,Combined_shuffled,10,51
stage_3_frames,0.00398700770573408,Combined_shuffled,10,51
stage_4_frames,0.019542660177348205,Combined_shuffled,10,51
stage_5_frames,0.011698087020381031,Combined_shuffled,10,51
roam_mean,0.011982310051405695,Combined_shuffled,10,51
roam_std_over_mean,0.024039464528151155,Combined_shuffled,10,51
roam_early_mean,0.021817926010510396,Combined_shuffled,10,51
roam_mid_mean,0.09191375556722894,Combined_shuffled,10,51
roam_late_mean,0.024035435373602233,Combined_shuffled,10,51
roam_slope,0.027994877344515365,Combined_shuffled,10,51
speed_1s_rows,0.007715214211470214,Combined_shuffled,10,51
speed_1s_stage2_rows,0.00518588481860103,Combined_shuffled,10,51
speed_1s_stage2_col1_mean,0.013773661330158858,Combined_shuffled,10,51
speed_1s_stage2_col1_std_over_mean,0.04124605538413723,Combined_shuffled,10,51
speed_1s_stage2_col2_mean,0.010391958860864864,Combined_shuffled,10,51
speed_1s_stage2_col2_std_over_mean,0.013409168410625533,Combined_shuffled,10,51
speed_1s_stage3_rows,0.012981614172775094,Combined_shuffled,10,51
speed_1s_stage3_col1_mean,0.015443473926927673,Combined_shuffled,10,51
speed_1s_stage3_col1_std_over_mean,0.03517161192373968,Combined_shuffled,10,51
speed_1s_stage3_col2_mean,0.010512422099564635,Combined_shuffled,10,51
speed_1s_stage3_col2_std_over_mean,0.01204292009119444,Combined_shuffled,10,51
speed_1s_stage4_rows,0.010355770102314081,Combined_shuffled,10,51
speed_1s_stage4_col1_mean,0.02249340944352933,Combined_shuffled,10,51
speed_1s_stage4_col1_std_over_mean,0.02471220683717537,Combined_shuffled,10,51
speed_1s_stage4_col2_mean,0.012311239137256175,Combined_shuffled,10,51
speed_1s_stage4_col2_std_over_mean,0.02518424847181984,Combined_shuffled,10,51
speed_1s_stage5_rows,0.0003823130293024235,Combined_shuffled,10,51
speed_1s_stage5_col1_mean,0.02175844726630218,Combined_shuffled,10,51
speed_1s_stage5_col1_std_over_mean,0.02165116653737392,Combined_shuffled,10,51
speed_1s_stage5_col2_mean,0.010013752731870006,Combined_shuffled,10,51
speed_1s_stage5_col2_std_over_mean,0.00943850820482691,Combined_shuffled,10,51
speed_10s_avg_rows,0.010550966773308528,Combined_shuffled,10,51
speed_10s_avg_stage2_rows,0.0043138120301481914,Combined_shuffled,10,51
speed_10s_avg_stage2_col1_mean,0.017935853606612425,Combined_shuffled,10,51
speed_10s_avg_stage2_col1_std_over_mean,0.024668721759145723,Combined_shuffled,10,51
speed_10s_avg_stage2_col2_mean,0.013193427755338983,Combined_shuffled,10,51
speed_10s_avg_stage2_col2_std_over_mean,0.015584522646694063,Combined_shuffled,10,51
speed_10s_avg_stage3_rows,0.014946055707447947,Combined_shuffled,10,51
speed_10s_avg_stage3_col1_mean,0.015571369300575141,Combined_shuffled,10,51
speed_10s_avg_stage3_col1_std_over_mean,0.030657339235488513,Combined_shuffled,10,51
speed_10s_avg_stage3_col2_mean,0.009171944385916104,Combined_shuffled,10,51
speed_10s_avg_stage3_col2_std_over_mean,0.04034232405387838,Combined_shuffled,10,51
speed_10s_avg_stage4_rows,0.009475793111723273,Combined_shuffled,10,51
speed_10s_avg_stage4_col1_mean,0.024307159936199817,Combined_shuffled,10,51
speed_10s_avg_stage4_col1_std_over_mean,0.015640802495543123,Combined_shuffled,10,51
speed_10s_avg_stage4_col2_mean,0.008239804722526584,Combined_shuffled,10,51
speed_10s_avg_stage4_col2_std_over_mean,0.04582225004626734,Combined_shuffled,10,51
speed_10s_avg_stage5_rows,0.0014988683461591439,Combined_shuffled,10,51
speed_10s_avg_stage5_col1_mean,0.01977813271178266,Combined_shuffled,10,51
speed_10s_avg_stage5_col1_std_over_mean,0.033488779407253845,Combined_shuffled,10,51
speed_10s_avg_stage5_col2_mean,0.01048455312836674,Combined_shuffled,10,51
speed_10s_avg_stage5_col2_std_over_mean,0.035531577426005476,Combined_shuffled,10,51
stage_2_frames,0.03179937479204266,Combined_shuffled,11,52
stage_3_frames,0.008746599540998701,Combined_shuffled,11,52
stage_4_frames,0.01491987790146697,Combined_shuffled,11,52
stage_5_frames,0.006754540211966908,Combined_shuffled,11,52
roam_mean,0.014359278693804678,Combined_shuffled,11,52
roam_std_over_mean,0.014139597271236266,Combined_shuffled,11,52
roam_early_mean,0.018213965840783795,Combined_shuffled,11,52
roam_mid_mean,0.03613535437089839,Combined_shuffled,11,52
roam_late_mean,0.01555735643438504,Combined_shuffled,11,52
roam_slope,0.029902698807826276,Combined_shuffled,11,52
speed_1s_rows,0.012314898985855983,Combined_shuffled,11,52
speed_1s_stage2_rows,0.0069046762466747486,Combined_shuffled,11,52
speed_1s_stage2_col1_mean,0.0256788425111826,Combined_shuffled,11,52
speed_1s_stage2_col1_std_over_mean,0.046765561469237854,Combined_shuffled,11,52
speed_1s_stage2_col2_mean,0.01090870324518962,Combined_shuffled,11,52
speed_1s_stage2_col2_std_over_mean,0.016197379884178503,Combined_shuffled,11,52
speed_1s_stage3_rows,0.013454756072811642,Combined_shuffled,11,52
speed_1s_stage3_col1_mean,0.010690095929984867,Combined_shuffled,11,52
speed_1s_stage3_col1_std_over_mean,0.032523950786659594,Combined_shuffled,11,52
speed_1s_stage3_col2_mean,0.02180522458442684,Combined_shuffled,11,52
speed_1s_stage3_col2_std_over_mean,0.03460517698781403,Combined_shuffled,11,52
speed_1s_stage4_rows,0.007721929888557604,Combined_shuffled,11,52
speed_1s_stage4_col1_mean,0.026910043947602175,Combined_shuffled,11,52
speed_1s_stage4_col1_std_over_mean,0.036614640486408535,Combined_shuffled,11,52
speed_1s_stage4_col2_mean,0.019646615703060404,Combined_shuffled,11,52
speed_1s_stage4_col2_std_over_mean,0.02174147640511312,Combined_shuffled,11,52
speed_1s_stage5_rows,0.0010240901843911636,Combined_shuffled,11,52
speed_1s_stage5_col1_mean,0.019076502191886016,Combined_shuffled,11,52
speed_1s_stage5_col1_std_over_mean,0.02069146996482731,Combined_shuffled,11,52
speed_1s_stage5_col2_mean,0.008501677310197096,Combined_shuffled,11,52
speed_1s_stage5_col2_std_over_mean,0.011330666893637879,Combined_shuffled,11,52
speed_10s_avg_rows,0.012002268911486971,Combined_shuffled,11,52
speed_10s_avg_stage2_rows,0.0064029567028228195,Combined_shuffled,11,52
speed_10s_avg_stage2_col1_mean,0.014941237325692696,Combined_shuffled,11,52
speed_10s_avg_stage2_col1_std_over_mean,0.02990367844916196,Combined_shuffled,11,52
speed_10s_avg_stage2_col2_mean,0.01158578381126536,Combined_shuffled,11,52
speed_10s_avg_stage2_col2_std_over_mean,0.011952836123926384,Combined_shuffled,11,52
speed_10s_avg_stage3_rows,0.015408981111863337,Combined_shuffled,11,52
speed_10s_avg_stage3_col1_mean,0.010144469065475486,Combined_shuffled,11,52
speed_10s_avg_stage3_col1_std_over_mean,0.022432160241048008,Combined_shuffled,11,52
speed_10s_avg_stage3_col2_mean,0.019717012850752905,Combined_shuffled,11,52
speed_10s_avg_stage3_col2_std_over_mean,0.06564103369738787,Combined_shuffled,11,52
speed_10s_avg_stage4_rows,0.007723883618981682,Combined_shuffled,11,52
speed_10s_avg_stage4_col1_mean,0.023031816989414748,Combined_shuffled,11,52
speed_10s_avg_stage4_col1_std_over_mean,0.02180596760518537,Combined_shuffled,11,52
speed_10s_avg_stage4_col2_mean,0.014446499892377354,Combined_shuffled,11,52
speed_10s_avg_stage4_col2_std_over_mean,0.04897648743333814,Combined_shuffled,11,52
speed_10s_avg_stage5_rows,0.0008316510225059298,Combined_shuffled,11,52
speed_10s_avg_stage5_col1_mean,0.022401659128975373,Combined_shuffled,11,52
speed_10s_avg_stage5_col1_std_over_mean,0.013848250377037944,Combined_shuffled,11,52
speed_10s_avg_stage5_col2_mean,0.008993824517285995,Combined_shuffled,11,52
speed_10s_avg_stage5_col2_std_over_mean,0.022170517578906392,Combined_shuffled,11,52
stage_2_frames,0.04641861061848357,Combined_shuffled,12,53
stage_3_frames,0.00846600329576132,Combined_shuffled,12,53
stage_4_frames,0.01839003440294486,Combined_shuffled,12,53
stage_5_frames,0.01111239503061684,Combined_shuffled,12,53
roam_mean,0.014871901330956202,Combined_shuffled,12,53
roam_std_over_mean,0.008975407867978936,Combined_shuffled,12,53
roam_early_mean,0.03287873151410711,Combined_shuffled,12,53
roam_mid_mean,0.04440170887015982,Combined_shuffled,12,53
roam_late_mean,0.026930921687630522,Combined_shuffled,12,53
roam_slope,0.03616459940311307,Combined_shuffled,12,53
speed_1s_rows,0.014884726192414165,Combined_shuffled,12,53
speed_1s_stage2_rows,0.008541601833247108,Combined_shuffled,12,53
speed_1s_stage2_col1_mean,0.016277623293996377,Combined_shuffled,12,53
speed_1s_stage2_col1_std_over_mean,0.04036354264956909,Combined_shuffled,12,53
speed_1s_stage2_col2_mean,0.006014258291405498,Combined_shuffled,12,53
speed_1s_stage2_col2_std_over_mean,0.00889094104672266,Combined_shuffled,12,53
speed_1s_stage3_rows,0.013140038618725144,Combined_shuffled,12,53
speed_1s_stage3_col1_mean,0.01384439908150742,Combined_shuffled,12,53
speed_1s_stage3_col1_std_over_mean,0.0332702213425112,Combined_shuffled,12,53
speed_1s_stage3_col2_mean,0.015699208388356888,Combined_shuffled,12,53
speed_1s_stage3_col2_std_over_mean,0.03044126719594683,Combined_shuffled,12,53
speed_1s_stage4_rows,0.010538650712797087,Combined_shuffled,12,53
speed_1s_stage4_col1_mean,0.022122030629490617,Combined_shuffled,12,53
speed_1s_stage4_col1_std_over_mean,0.01728111366568754,Combined_shuffled,12,53
speed_1s_stage4_col2_mean,0.008597811949904685,Combined_shuffled,12,53
speed_1s_stage4_col2_std_over_mean,0.017424595669574956,Combined_shuffled,12,53
speed_1s_stage5_rows,0.00023466603436000382,Combined_shuffled,12,53
speed_1s_stage5_col1_mean,0.01749058118174937,Combined_shuffled,12,53
speed_1s_stage5_col1_std_over_mean,0.014414524345188584,Combined_shuffled,12,53
speed_1s_stage5_col2_mean,0.012706533905376191,Combined_shuffled,12,53
speed_1s_stage5_col2_std_over_mean,0.010892960238471706,Combined_shuffled,12,53
speed_10s_avg_rows,0.01240257402038658,Combined_shuffled,12,53
speed_10s_avg_stage2_rows,0.011699366741853354,Combined_shuffled,12,53
speed_10s_avg_stage2_col1_mean,0.014622996468719748,Combined_shuffled,12,53
speed_10s_avg_stage2_col1_std_over_mean,0.03895083151839574,Combined_shuffled,12,53
speed_10s_avg_stage2_col2_mean,0.008648292403201287,Combined_shuffled,12,53
speed_10s_avg_stage2_col2_std_over_mean,0.012425964606272688,Combined_shuffled,12,53
speed_10s_avg_stage3_rows,0.014235639069835304,Combined_shuffled,12,53
speed_10s_avg_stage3_col1_mean,0.014446931471337694,Combined_shuffled,12,53
speed_10s_avg_stage3_col1_std_over_mean,0.018074715922722924,Combined_shuffled,12,53
speed_10s_avg_stage3_col2_mean,0.014852378429188103,Combined_shuffled,12,53
speed_10s_avg_stage3_col2_std_over_mean,0.09993486614346009,Combined_shuffled,12,53
speed_10s_avg_stage4_rows,0.014704246490268665,Combined_shuffled,12,53
speed_10s_avg_stage4_col1_mean,0.023898723384318105,Combined_shuffled,12,53
speed_10s_avg_stage4_col1_std_over_mean,0.015013056406668461,Combined_shuffled,12,53
speed_10s_avg_stage4_col2_mean,0.011780602324149958,Combined_shuffled,12,53
speed_10s_avg_stage4_col2_std_over_mean,0.020936540777393386,Combined_shuffled,12,53
speed_10s_avg_stage5_rows,0.00038765413400231524,Combined_shuffled,12,53
speed_10s_avg_stage5_col1_mean,0.018772969146433654,Combined_shuffled,12,53
speed_10s_avg_stage5_col1_std_over_mean,0.016036649732640216,Combined_shuffled,12,53
speed_10s_avg_stage5_col2_mean,0.01356807619077796,Combined_shuffled,12,53
speed_10s_avg_stage5_col2_std_over_mean,0.022925314329218488,Combined_shuffled,12,53
stage_2_frames,0.02341659733633469,Combined_shuffled,13,54
stage_3_frames,0.01013108510719637,Combined_shuffled,13,54
stage_4_frames,0.01657106007569424,Combined_shuffled,13,54
stage_5_frames,0.010026717622003158,Combined_shuffled,13,54
roam_mean,0.013837452657236505,Combined_shuffled,13,54
roam_std_over_mean,0.01787386728170409,Combined_shuffled,13,54
roam_early_mean,0.02365953414518659,Combined_shuffled,13,54
roam_mid_mean,0.05501933225365755,Combined_shuffled,13,54
roam_late_mean,0.02537854773083826,Combined_shuffled,13,54
roam_slope,0.043817603355282855,Combined_shuffled,13,54
speed_1s_rows,0.010922010715417355,Combined_shuffled,13,54
speed_1s_stage2_rows,0.007472479234848093,Combined_shuffled,13,54
speed_1s_stage2_col1_mean,0.02264815487530949,Combined_shuffled,13,54
speed_1s_stage2_col1_std_over_mean,0.03781573290126794,Combined_shuffled,13,54
speed_1s_stage2_col2_mean,0.00940603047404492,Combined_shuffled,13,54
speed_1s_stage2_col2_std_over_mean,0.01116166158384789,Combined_shuffled,13,54
speed_1s_stage3_rows,0.011050032188882055,Combined_shuffled,13,54
speed_1s_stage3_col1_mean,0.015397007063667915,Combined_shuffled,13,54
speed_1s_stage3_col1_std_over_mean,0.05080368832238953,Combined_shuffled,13,54
speed_1s_stage3_col2_mean,0.008419641323107003,Combined_shuffled,13,54
speed_1s_stage3_col2_std_over_mean,0.012789928899424818,Combined_shuffled,13,54
speed_1s_stage4_rows,0.00853291716358574,Combined_shuffled,13,54
speed_1s_stage4_col1_mean,0.015097430437316242,Combined_shuffled,13,54
speed_1s_stage4_col1_std_over_mean,0.027099295680943162,Combined_shuffled,13,54
speed_1s_stage4_col2_mean,0.011979428801110347,Combined_shuffled,13,54
speed_1s_stage4_col2_std_over_mean,0.0356344245543532,Combined_shuffled,13,54
speed_1s_stage5_rows,0.0006421371125056226,Combined_shuffled,13,54
speed_1s_stage5_col1_mean,0.021990347028869178,Combined_shuffled,13,54
speed_1s_stage5_col1_std_over_mean,0.01768103831578245,Combined_shuffled,13,54
speed_1s_stage5_col2_mean,0.010857707018374524,Combined_shuffled,13,54
speed_1s_stage5_col2_std_over_mean,0.011551056747788693,Combined_shuffled,13,54
speed_10s_avg_rows,0.01250379594485153,Combined_shuffled,13,54
speed_10s_avg_stage2_rows,0.008774444920618903,Combined_shuffled,13,54
speed_10s_avg_stage2_col1_mean,0.020721827874671007,Combined_shuffled,13,54
speed_10s_avg_stage2_col1_std_over_mean,0.03512656703923605,Combined_shuffled,13,54
speed_10s_avg_stage2_col2_mean,0.011374224582757747,Combined_shuffled,13,54
speed_10s_avg_stage2_col2_std_over_mean,0.02211245510177328,Combined_shuffled,13,54
speed_10s_avg_stage3_rows,0.013153055570176273,Combined_shuffled,13,54
speed_10s_avg_stage3_col1_mean,0.013415040035739123,Combined_shuffled,13,54
speed_10s_avg_stage3_col1_std_over_mean,0.02492401984878519,Combined_shuffled,13,54
speed_10s_avg_stage3_col2_mean,0.007761013807501816,Combined_shuffled,13,54
speed_10s_avg_stage3_col2_std_over_mean,0.029049275218871944,Combined_shuffled,13,54
speed_10s_avg_stage4_rows,0.011436504984459885,Combined_shuffled,13,54
speed_10s_avg_stage4_col1_mean,0.011288105201972074,Combined_shuffled,13,54
speed_10s_avg_stage4_col1_std_over_mean,0.019350759054248733,Combined_shuffled,13,54
speed_10s_avg_stage4_col2_mean,0.020014141448442282,Combined_shuffled,13,54
speed_10s_avg_stage4_col2_std_over_mean,0.06213147936720816,Combined_shuffled,13,54
speed_10s_avg_stage5_rows,0.0004766239243358545,Combined_shuffled,13,54
speed_10s_avg_stage5_col1_mean,0.01965560625667818,Combined_shuffled,13,54
speed_10s_avg_stage5_col1_std_over_mean,0.018961355247452575,Combined_shuffled,13,54
speed_10s_avg_stage5_col2_mean,0.013232956157708708,Combined_shuffled,13,54
speed_10s_avg_stage5_col2_std_over_mean,0.025852800404540327,Combined_shuffled,13,54
stage_2_frames,0.035618103894433956,Combined_shuffled,14,55
stage_3_frames,0.006234953041742395,Combined_shuffled,14,55
stage_4_frames,0.01258519683070286,Combined_shuffled,14,55
stage_5_frames,0.01474246668238195,Combined_shuffled,14,55
roam_mean,0.017567748074728735,Combined_shuffled,14,55
roam_std_over_mean,0.012922139002592113,Combined_shuffled,14,55
roam_early_mean,0.045166277140524576,Combined_shuffled,14,55
roam_mid_mean,0.04071833474735815,Combined_shuffled,14,55
roam_late_mean,0.012332619638526037,Combined_shuffled,14,55
roam_slope,0.03631254705045038,Combined_shuffled,14,55
speed_1s_rows,0.013834576903919768,Combined_shuffled,14,55
speed_1s_stage2_rows,0.006982566408116996,Combined_shuffled,14,55
speed_1s_stage2_col1_mean,0.020955675808589327,Combined_shuffled,14,55
speed_1s_stage2_col1_std_over_mean,0.02088379770709661,Combined_shuffled,14,55
speed_1s_stage2_col2_mean,0.01208427423488,Combined_shuffled,14,55
speed_1s_stage2_col2_std_over_mean,0.013033386447919897,Combined_shuffled,14,55
speed_1s_stage3_rows,0.018450346061218058,Combined_shuffled,14,55
speed_1s_stage3_col1_mean,0.00964724384890519,Combined_shuffled,14,55
speed_1s_stage3_col1_std_over_mean,0.04305738622261828,Combined_shuffled,14,55
speed_1s_stage3_col2_mean,0.012869700432681326,Combined_shuffled,14,55
speed_1s_stage3_col2_std_over_mean,0.01641494045663297,Combined_shuffled,14,55
speed_1s_stage4_rows,0.01022675897784854,Combined_shuffled,14,55
speed_1s_stage4_col1_mean,0.011341258460889226,Combined_shuffled,14,55
speed_1s_stage4_col1_std_over_mean,0.026997747495611457,Combined_shuffled,14,55
speed_1s_stage4_col2_mean,0.010344613984564616,Combined_shuffled,14,55
speed_1s_stage4_col2_std_over_mean,0.025397444718401847,Combined_shuffled,14,55
speed_1s_stage5_rows,0.0005835255592280753,Combined_shuffled,14,55
speed_1s_stage5_col1_mean,0.031804423522448944,Combined_shuffled,14,55
speed_1s_stage5_col1_std_over_mean,0.03129000099398622,Combined_shuffled,14,55
speed_1s_stage5_col2_mean,0.009812150396476019,Combined_shuffled,14,55
speed_1s_stage5_col2_std_over_mean,0.0070224735545503765,Combined_shuffled,14,55
speed_10s_avg_rows,0.011513878244633416,Combined_shuffled,14,55
speed_10s_avg_stage2_rows,0.005752328639244024,Combined_shuffled,14,55
speed_10s_avg_stage2_col1_mean,0.020963619016852723,Combined_shuffled,14,55
speed_10s_avg_stage2_col1_std_over_mean,0.07761464378944433,Combined_shuffled,14,55
speed_10s_avg_stage2_col2_mean,0.010127071568927911,Combined_shuffled,14,55
speed_10s_avg_stage2_col2_std_over_mean,0.01076529886667418,Combined_shuffled,14,55
speed_10s_avg_stage3_rows,0.01529778953874384,Combined_shuffled,14,55
speed_10s_avg_stage3_col1_mean,0.008215893176187941,Combined_shuffled,14,55
speed_10s_avg_stage3_col1_std_over_mean,0.022381203696342982,Combined_shuffled,14,55
speed_10s_avg_stage3_col2_mean,0.009221022768720296,Combined_shuffled,14,55
speed_10s_avg_stage3_col2_std_over_mean,0.051128529087943506,Combined_shuffled,14,55
speed_10s_avg_stage4_rows,0.007391584656953201,Combined_shuffled,14,55
speed_10s_avg_stage4_col1_mean,0.01145537585960285,Combined_shuffled,14,55
speed_10s_avg_stage4_col1_std_over_mean,0.018169010527822223,Combined_shuffled,14,55
speed_10s_avg_stage4_col2_mean,0.00926171668975856,Combined_shuffled,14,55
speed_10s_avg_stage4_col2_std_over_mean,0.04265517737707758,Combined_shuffled,14,55
speed_10s_avg_stage5_rows,0.0003587546720614772,Combined_shuffled,14,55
speed_10s_avg_stage5_col1_mean,0.024608204121598365,Combined_shuffled,14,55
speed_10s_avg_stage5_col1_std_over_mean,0.02413604482742675,Combined_shuffled,14,55
speed_10s_avg_stage5_col2_mean,0.01445993219415053,Combined_shuffled,14,55
speed_10s_avg_stage5_col2_std_over_mean,0.01728824237980856,Combined_shuffled,14,55
stage_2_frames,0.027676896114860752,Combined_shuffled,15,56
stage_3_frames,0.008191930334022905,Combined_shuffled,15,56
stage_4_frames,0.012903571418672636,Combined_shuffled,15,56
stage_5_frames,0.010376671731640497,Combined_shuffled,15,56
roam_mean,0.014391155567969964,Combined_shuffled,15,56
roam_std_over_mean,0.015525696107928042,Combined_shuffled,15,56
roam_early_mean,0.024032889323004528,Combined_shuffled,15,56
roam_mid_mean,0.04597068860068593,Combined_shuffled,15,56
roam_late_mean,0.023192592646560393,Combined_shuffled,15,56
roam_slope,0.04967199003888855,Combined_shuffled,15,56
speed_1s_rows,0.010223957988490883,Combined_shuffled,15,56
speed_1s_stage2_rows,0.0068977653075889146,Combined_shuffled,15,56
speed_1s_stage2_col1_mean,0.025206078206654325,Combined_shuffled,15,56
speed_1s_stage2_col1_std_over_mean,0.045301745291846,Combined_shuffled,15,56
speed_1s_stage2_col2_mean,0.009465014336953282,Combined_shuffled,15,56
speed_1s_stage2_col2_std_over_mean,0.014722917489035639,Combined_shuffled,15,56
speed_1s_stage3_rows,0.010099876603122943,Combined_shuffled,15,56
speed_1s_stage3_col1_mean,0.011753142740632605,Combined_shuffled,15,56
speed_1s_stage3_col1_std_over_mean,0.04263038383210156,Combined_shuffled,15,56
speed_1s_stage3_col2_mean,0.011793126945160786,Combined_shuffled,15,56
speed_1s_stage3_col2_std_over_mean,0.02166724595000249,Combined_shuffled,15,56
speed_1s_stage4_rows,0.007777900054492987,Combined_shuffled,15,56
speed_1s_stage4_col1_mean,0.020151325029913934,Combined_shuffled,15,56
speed_1s_stage4_col1_std_over_mean,0.03897689830957647,Combined_shuffled,15,56
speed_1s_stage4_col2_mean,0.013498304839384979,Combined_shuffled,15,56
speed_1s_stage4_col2_std_over_mean,0.025781789955398315,Combined_shuffled,15,56
speed_1s_stage5_rows,0.0003139203488119164,Combined_shuffled,15,56
speed_1s_stage5_col1_mean,0.01909164121766383,Combined_shuffled,15,56
speed_1s_stage5_col1_std_over_mean,0.018793959306083702,Combined_shuffled,15,56
speed_1s_stage5_col2_mean,0.009594834347694937,Combined_shuffled,15,56
speed_1s_stage5_col2_std_over_mean,0.008186237857491918,Combined_shuffled,15,56
speed_10s_avg_rows,0.012079010724459683,Combined_shuffled,15,56
speed_10s_avg_stage2_rows,0.006594920610955509,Combined_shuffled,15,56
speed_10s_avg_stage2_col1_mean,0.024377422161521358,Combined_shuffled,15,56
speed_10s_avg_stage2_col1_std_over_mean,0.024048057784178352,Combined_shuffled,15,56
speed_10s_avg_stage2_col2_mean,0.011742945076732318,Combined_shuffled,15,56
speed_10s_avg_stage2_col2_std_over_mean,0.03492443490098877,Combined_shuffled,15,56
speed_10s_avg_stage3_rows,0.014157261266506774,Combined_shuffled,15,56
speed_10s_avg_stage3_col1_mean,0.010548874715049448,Combined_shuffled,15,56
speed_10s_avg_stage3_col1_std_over_mean,0.02595478306069367,Combined_shuffled,15,56
speed_10s_avg_stage3_col2_mean,0.013504834642175239,Combined_shuffled,15,56
speed_10s_avg_stage3_col2_std_over_mean,0.07041991076449396,Combined_shuffled,15,56
speed_10s_avg_stage4_rows,0.00956464139316909,Combined_shuffled,15,56
speed_10s_avg_stage4_col1_mean,0.015580553689767733,Combined_shuffled,15,56
speed_10s_avg_stage4_col1_std_over_mean,0.015884078961571388,Combined_shuffled,15,56
speed_10s_avg_stage4_col2_mean,0.01235493721179856,Combined_shuffled,15,56
speed_10s_avg_stage4_col2_std_over_mean,0.03096518769857125,Combined_shuffled,15,56
speed_10s_avg_stage5_rows,0.000273200031426654,Combined_shuffled,15,56
speed_10s_avg_stage5_col1_mean,0.018253841409437678,Combined_shuffled,15,56
speed_10s_avg_stage5_col1_std_over_mean,0.017010336816664424,Combined_shuffled,15,56
speed_10s_avg_stage5_col2_mean,0.012193117656228342,Combined_shuffled,15,56
speed_10s_avg_stage5_col2_std_over_mean,0.0157055015812733,Combined_shuffled,15,56
stage_2_frames,0.032488325009004115,Combined_shuffled,16,57
stage_3_frames,0.005603494016771783,Combined_shuffled,16,57
stage_4_frames,0.013562481269166815,Combined_shuffled,16,57
stage_5_frames,0.011882337412268974,Combined_shuffled,16,57
roam_mean,0.01745528590093971,Combined_shuffled,16,57
roam_std_over_mean,0.021424300311077726,Combined_shuffled,16,57
roam_early_mean,0.024177883745081206,Combined_shuffled,16,57
roam_mid_mean,0.06594060903774407,Combined_shuffled,16,57
roam_late_mean,0.020504549056498712,Combined_shuffled,16,57
roam_slope,0.024296703761590942,Combined_shuffled,16,57
speed_1s_rows,0.010537581601044833,Combined_shuffled,16,57
speed_1s_stage2_rows,0.007362170876852161,Combined_shuffled,16,57
speed_1s_stage2_col1_mean,0.011741742836904719,Combined_shuffled,16,57
speed_1s_stage2_col1_std_over_mean,0.032940545131599726,Combined_shuffled,16,57
speed_1s_stage2_col2_mean,0.005818305562103489,Combined_shuffled,16,57
speed_1s_stage2_col2_std_over_mean,0.008343829991655019,Combined_shuffled,16,57
speed_1s_stage3_rows,0.01247448977161857,Combined_shuffled,16,57
speed_1s_stage3_col1_mean,0.013958058991176341,Combined_shuffled,16,57
speed_1s_stage3_col1_std_over_mean,0.038944062154061265,Combined_shuffled,16,57
speed_1s_stage3_col2_mean,0.0136067290334086,Combined_shuffled,16,57
speed_1s_stage3_col2_std_over_mean,0.02228097473272064,Combined_shuffled,16,57
speed_1s_stage4_rows,0.010390107269722795,Combined_shuffled,16,57
speed_1s_stage4_col1_mean,0.02050494291420772,Combined_shuffled,16,57
speed_1s_stage4_col1_std_over_mean,0.03693068512097681,Combined_shuffled,16,57
speed_1s_stage4_col2_mean,0.02034589162182439,Combined_shuffled,16,57
speed_1s_stage4_col2_std_over_mean,0.026069589071090037,Combined_shuffled,16,57
speed_1s_stage5_rows,0.0001566170079294135,Combined_shuffled,16,57
speed_1s_stage5_col1_mean,0.016621626393094363,Combined_shuffled,16,57
speed_1s_stage5_col1_std_over_mean,0.02265431151195113,Combined_shuffled,16,57
speed_1s_stage5_col2_mean,0.013612078309203992,Combined_shuffled,16,57
speed_1s_stage5_col2_std_over_mean,0.013469916606983654,Combined_shuffled,16,57
speed_10s_avg_rows,0.012976726739694466,Combined_shuffled,16,57
speed_10s_avg_stage2_rows,0.006416979943422425,Combined_shuffled,16,57
speed_10s_avg_stage2_col1_mean,0.014601426634119436,Combined_shuffled,16,57
speed_10s_avg_stage2_col1_std_over_mean,0.026807205484706647,Combined_shuffled,16,57
speed_10s_avg_stage2_col2_mean,0.006596632688080729,Combined_shuffled,16,57
speed_10s_avg_stage2_col2_std_over_mean,0.020126242199826738,Combined_shuffled,16,57
speed_10s_avg_stage3_rows,0.013535544001022182,Combined_shuffled,16,57
speed_10s_avg_stage3_col1_mean,0.018244143732770095,Combined_shuffled,16,57
speed_10s_avg_stage3_col1_std_over_mean,0.03184137573750183,Combined_shuffled,16,57
speed_10s_avg_stage3_col2_mean,0.012545769706076175,Combined_shuffled,16,57
speed_10s_avg_stage3_col2_std_over_mean,0.04457235765265193,Combined_shuffled,16,57
speed_10s_avg_stage4_rows,0.011362061697124245,Combined_shuffled,16,57
speed_10s_avg_stage4_col1_mean,0.01908581844824916,Combined_shuffled,16,57
speed_10s_avg_stage4_col1_std_over_mean,0.020791853430570363,Combined_shuffled,16,57
speed_10s_avg_stage4_col2_mean,0.01940510078507094,Combined_shuffled,16,57
speed_10s_avg_stage4_col2_std_over_mean,0.041367925157107875,Combined_shuffled,16,57
speed_10s_avg_stage5_rows,0.0006267783531293318,Combined_shuffled,16,57
speed_10s_avg_stage5_col1_mean,0.016199701412335704,Combined_shuffled,16,57
speed_10s_avg_stage5_col1_std_over_mean,0.015441735513551373,Combined_shuffled,16,57
speed_10s_avg_stage5_col2_mean,0.013323491931264161,Combined_shuffled,16,57
speed_10s_avg_stage5_col2_std_over_mean,0.03803090272145049,Combined_shuffled,16,57
stage_2_frames,0.03757496690893634,Combined_shuffled,17,58
stage_3_frames,0.008429478499260045,Combined_shuffled,17,58
stage_4_frames,0.010529812184864682,Combined_shuffled,17,58
stage_5_frames,0.013343520002740498,Combined_shuffled,17,58
roam_mean,0.015250627385031537,Combined_shuffled,17,58
roam_std_over_mean,0.020426462997665453,Combined_shuffled,17,58
roam_early_mean,0.024341978265399435,Combined_shuffled,17,58
roam_mid_mean,0.07911942035529948,Combined_shuffled,17,58
roam_late_mean,0.025790231717732655,Combined_shuffled,17,58
roam_slope,0.037566754569666905,Combined_shuffled,17,58
speed_1s_rows,0.010152614087672714,Combined_shuffled,17,58
speed_1s_stage2_rows,0.00601430705821511,Combined_shuffled,17,58
speed_1s_stage2_col1_mean,0.020910516229711556,Combined_shuffled,17,58
speed_1s_stage2_col1_std_over_mean,0.02430263891106714,Combined_shuffled,17,58
speed_1s_stage2_col2_mean,0.010761459195706286,Combined_shuffled,17,58
speed_1s_stage2_col2_std_over_mean,0.009309026155023147,Combined_shuffled,17,58
speed_1s_stage3_rows,0.013715505755412808,Combined_shuffled,17,58
speed_1s_stage3_col1_mean,0.012262239677507192,Combined_shuffled,17,58
speed_1s_stage3_col1_std_over_mean,0.031217971669627913,Combined_shuffled,17,58
speed_1s_stage3_col2_mean,0.008273786074825274,Combined_shuffled,17,58
speed_1s_stage3_col2_std_over_mean,0.011377861609751665,Combined_shuffled,17,58
speed_1s_stage4_rows,0.013359154648569807,Combined_shuffled,17,58
speed_1s_stage4_col1_mean,0.014781266869542745,Combined_shuffled,17,58
speed_1s_stage4_col1_std_over_mean,0.03924416686334862,Combined_shuffled,17,58
speed_1s_stage4_col2_mean,0.008365694785383616,Combined_shuffled,17,58
speed_1s_stage4_col2_std_over_mean,0.021751944328894803,Combined_shuffled,17,58
speed_1s_stage5_rows,0.0009300320998004045,Combined_shuffled,17,58
speed_1s_stage5_col1_mean,0.022608647696059594,Combined_shuffled,17,58
speed_1s_stage5_col1_std_over_mean,0.021497697666710662,Combined_shuffled,17,58
speed_1s_stage5_col2_mean,0.007986542492237365,Combined_shuffled,17,58
speed_1s_stage5_col2_std_over_mean,0.010234605368238853,Combined_shuffled,17,58
speed_10s_avg_rows,0.010663991619263444,Combined_shuffled,17,58
speed_10s_avg_stage2_rows,0.009438763664338346,Combined_shuffled,17,58
speed_10s_avg_stage2_col1_mean,0.018230690024944166,Combined_shuffled,17,58
speed_10s_avg_stage2_col1_std_over_mean,0.07936333628613972,Combined_shuffled,17,58
speed_10s_avg_stage2_col2_mean,0.011912845897261472,Combined_shuffled,17,58
speed_10s_avg_stage2_col2_std_over_mean,0.014018955897336403,Combined_shuffled,17,58
speed_10s_avg_stage3_rows,0.012084688384765608,Combined_shuffled,17,58
speed_10s_avg_stage3_col1_mean,0.012898466163173881,Combined_shuffled,17,58
speed_10s_avg_stage3_col1_std_over_mean,0.03208938969669764,Combined_shuffled,17,58
speed_10s_avg_stage3_col2_mean,0.00982927074863229,Combined_shuffled,17,58
speed_10s_avg_stage3_col2_std_over_mean,0.03270915068295999,Combined_shuffled,17,58
speed_10s_avg_stage4_rows,0.01446558109112508,Combined_shuffled,17,58
speed_10s_avg_stage4_col1_mean,0.0147169597353397,Combined_shuffled,17,58
speed_10s_avg_stage4_col1_std_over_mean,0.021063562539455318,Combined_shuffled,17,58
speed_10s_avg_stage4_col2_mean,0.013531786160705784,Combined_shuffled,17,58
speed_10s_avg_stage4_col2_std_over_mean,0.026384040050954145,Combined_shuffled,17,58
speed_10s_avg_stage5_rows,0.0012079032451251508,Combined_shuffled,17,58
speed_10s_avg_stage5_col1_mean,0.023293569342469733,Combined_shuffled,17,58
speed_10s_avg_stage5_col1_std_over_mean,0.019017080641017314,Combined_shuffled,17,58
speed_10s_avg_stage5_col2_mean,0.009858485068928105,Combined_shuffled,17,58
speed_10s_avg_stage5_col2_std_over_mean,0.021790550929462586,Combined_shuffled,17,58
stage_2_frames,0.03879670680370754,Combined_shuffled,18,59
stage_3_frames,0.012070458621879932,Combined_shuffled,18,59
stage_4_frames,0.012255030681484078,Combined_shuffled,18,59
stage_5_frames,0.007605074379494587,Combined_shuffled,18,59
roam_mean,0.023938042445278977,Combined_shuffled,18,59
roam_std_over_mean,0.018052949699177943,Combined_shuffled,18,59
roam_early_mean,0.03351254754549911,Combined_shuffled,18,59
roam_mid_mean,0.03952920322632196,Combined_shuffled,18,59
roam_late_mean,0.025670718026140557,Combined_shuffled,18,59
roam_slope,0.025404778620096043,Combined_shuffled,18,59
speed_1s_rows,0.012268121371211915,Combined_shuffled,18,59
speed_1s_stage2_rows,0.0071297619985317634,Combined_shuffled,18,59
speed_1s_stage2_col1_mean,0.03372922006813651,Combined_shuffled,18,59
speed_1s_stage2_col1_std_over_mean,0.03213940232823584,Combined_shuffled,18,59
speed_1s_stage2_col2_mean,0.016387928329406557,Combined_shuffled,18,59
speed_1s_stage2_col2_std_over_mean,0.013816125337628533,Combined_shuffled,18,59
speed_1s_stage3_rows,0.014578728565405768,Combined_shuffled,18,59
speed_1s_stage3_col1_mean,0.00968091129732362,Combined_shuffled,18,59
speed_1s_stage3_col1_std_over_mean,0.031670953764525306,Combined_shuffled,18,59
speed_1s_stage3_col2_mean,0.013197367413399495,Combined_shuffled,18,59
speed_1s_stage3_col2_std_over_mean,0.0162788009375322,Combined_shuffled,18,59
speed_1s_stage4_rows,0.010385437877582634,Combined_shuffled,18,59
speed_1s_stage4_col1_mean,0.015412568708008076,Combined_shuffled,18,59
speed_1s_stage4_col1_std_over_mean,0.02745049750901582,Combined_shuffled,18,59
speed_1s_stage4_col2_mean,0.013114689279229269,Combined_shuffled,18,59
speed_1s_stage4_col2_std_over_mean,0.030871527921684645,Combined_shuffled,18,59
speed_1s_stage5_rows,0.0005903682201430716,Combined_shuffled,18,59
speed_1s_stage5_col1_mean,0.023068917229553915,Combined_shuffled,18,59
speed_1s_stage5_col1_std_over_mean,0.01654910188546294,Combined_shuffled,18,59
speed_1s_stage5_col2_mean,0.014288511636918773,Combined_shuffled,18,59
speed_1s_stage5_col2_std_over_mean,0.012255329643157519,Combined_shuffled,18,59
speed_10s_avg_rows,0.011300047074878805,Combined_shuffled,18,59
speed_10s_avg_stage2_rows,0.008698901844045943,Combined_shuffled,18,59
speed_10s_avg_stage2_col1_mean,0.02863271982719675,Combined_shuffled,18,59
speed_10s_avg_stage2_col1_std_over_mean,0.0332014940488107,Combined_shuffled,18,59
speed_10s_avg_stage2_col2_mean,0.015371426287782293,Combined_shuffled,18,59
speed_10s_avg_stage2_col2_std_over_mean,0.015340578045644598,Combined_shuffled,18,59
speed_10s_avg_stage3_rows,0.014158726847459975,Combined_shuffled,18,59
speed_10s_avg_stage3_col1_mean,0.01033818413507918,Combined_shuffled,18,59
speed_10s_avg_stage3_col1_std_over_mean,0.021182345948018454,Combined_shuffled,18,59
speed_10s_avg_stage3_col2_mean,0.016411487202574994,Combined_shuffled,18,59
speed_10s_avg_stage3_col2_std_over_mean,0.043582724772158944,Combined_shuffled,18,59
speed_10s_avg_stage4_rows,0.008506934590638136,Combined_shuffled,18,59
speed_10s_avg_stage4_col1_mean,0.01573090917614307,Combined_shuffled,18,59
speed_10s_avg_stage4_col1_std_over_mean,0.012674970339239193,Combined_shuffled,18,59
speed_10s_avg_stage4_col2_mean,0.015912268789345357,Combined_shuffled,18,59
speed_10s_avg_stage4_col2_std_over_mean,0.04853102095658577,Combined_shuffled,18,59
speed_10s_avg_stage5_rows,0.0002922260070071714,Combined_shuffled,18,59
speed_10s_avg_stage5_col1_mean,0.019029934380091096,Combined_shuffled,18,59
speed_10s_avg_stage5_col1_std_over_mean,0.019139047079731696,Combined_shuffled,18,59
speed_10s_avg_stage5_col2_mean,0.017487068458659105,Combined_shuffled,18,59
speed_10s_avg_stage5_col2_std_over_mean,0.02277720281773385,Combined_shuffled,18,59
stage_2_frames,0.039452486271243814,Combined_shuffled,19,60
stage_3_frames,0.00946600207042163,Combined_shuffled,19,60
stage_4_frames,0.018024585107331827,Combined_shuffled,19,60
stage_5_frames,0.006963879563123274,Combined_shuffled,19,60
roam_mean,0.045957472288910166,Combined_shuffled,19,60
roam_std_over_mean,0.010202416267128415,Combined_shuffled,19,60
roam_early_mean,0.03275820157442881,Combined_shuffled,19,60
roam_mid_mean,0.051635089095519275,Combined_shuffled,19,60
roam_late_mean,0.010236398353421734,Combined_shuffled,19,60
roam_slope,0.02487518874936867,Combined_shuffled,19,60
speed_1s_rows,0.009851958149894422,Combined_shuffled,19,60
speed_1s_stage2_rows,0.005830410664167207,Combined_shuffled,19,60
speed_1s_stage2_col1_mean,0.013681198441888264,Combined_shuffled,19,60
speed_1s_stage2_col1_std_over_mean,0.02412487062596028,Combined_shuffled,19,60
speed_1s_stage2_col2_mean,0.009894837529136077,Combined_shuffled,19,60
speed_1s_stage2_col2_std_over_mean,0.008921779120912025,Combined_shuffled,19,60
speed_1s_stage3_rows,0.020188386342852385,Combined_shuffled,19,60
speed_1s_stage3_col1_mean,0.013809167480887672,Combined_shuffled,19,60
speed_1s_stage3_col1_std_over_mean,0.022389859721758998,Combined_shuffled,19,60
speed_1s_stage3_col2_mean,0.031576076979860555,Combined_shuffled,19,60
speed_1s_stage3_col2_std_over_mean,0.044776575400107925,Combined_shuffled,19,60
speed_1s_stage4_rows,0.007427436200424951,Combined_shuffled,19,60
speed_1s_stage4_col1_mean,0.011685800701039598,Combined_shuffled,19,60
speed_1s_stage4_col1_std_over_mean,0.04075189766250533,Combined_shuffled,19,60
speed_1s_stage4_col2_mean,0.01095174734101158,Combined_shuffled,19,60
speed_1s_stage4_col2_std_over_mean,0.012661483037216892,Combined_shuffled,19,60
speed_1s_stage5_rows,0.0032906656973264764,Combined_shuffled,19,60
speed_1s_stage5_col1_mean,0.01237444306254354,Combined_shuffled,19,60
speed_1s_stage5_col1_std_over_mean,0.011940528921350991,Combined_shuffled,19,60
speed_1s_stage5_col2_mean,0.012106184237061718,Combined_shuffled,19,60
speed_1s_stage5_col2_std_over_mean,0.01227096022899764,Combined_shuffled,19,60
speed_10s_avg_rows,0.008331832533485588,Combined_shuffled,19,60
speed_10s_avg_stage2_rows,0.007901950991921338,Combined_shuffled,19,60
speed_10s_avg_stage2_col1_mean,0.015232805370917818,Combined_shuffled,19,60
speed_10s_avg_stage2_col1_std_over_mean,0.03621416574819771,Combined_shuffled,19,60
speed_10s_avg_stage2_col2_mean,0.00948653900455197,Combined_shuffled,19,60
speed_10s_avg_stage2_col2_std_over_mean,0.016177090831238763,Combined_shuffled,19,60
speed_10s_avg_stage3_rows,0.012724351691655792,Combined_shuffled,19,60
speed_10s_avg_stage3_col1_mean,0.015033899087657501,Combined_shuffled,19,60
speed_10s_avg_stage3_col1_std_over_mean,0.05065232074949407,Combined_shuffled,19,60
speed_10s_avg_stage3_col2_mean,0.029708109484263254,Combined_shuffled,19,60
speed_10s_avg_stage3_col2_std_over_mean,0.07429542120851013,Combined_shuffled,19,60
speed_10s_avg_stage4_rows,0.006383605829184262,Combined_shuffled,19,60
speed_10s_avg_stage4_col1_mean,0.00936190649539991,Combined_shuffled,19,60
speed_10s_avg_stage4_col1_std_over_mean,0.021944592679883548,Combined_shuffled,19,60
speed_10s_avg_stage4_col2_mean,0.008011630711961688,Combined_shuffled,19,60
speed_10s_avg_stage4_col2_std_over_mean,0.02883355702443086,Combined_shuffled,19,60
speed_10s_avg_stage5_rows,0.0035054318218445033,Combined_shuffled,19,60
speed_10s_avg_stage5_col1_mean,0.0086371787713788,Combined_shuffled,19,60
speed_10s_avg_stage5_col1_std_over_mean,0.011276728427746146,Combined_shuffled,19,60
speed_10s_avg_stage5_col2_mean,0.010329607155271155,Combined_shuffled,19,60
speed_10s_avg_stage5_col2_std_over_mean,0.025879287493203038,Combined_shuffled,19,60
stage_2_frames,0.03407571372745631,Combined_shuffled,20,61
stage_3_frames,0.012870942498684076,Combined_shuffled,20,61
stage_4_frames,0.024237038099649146,Combined_shuffled,20,61
stage_5_frames,0.007446124007412071,Combined_shuffled,20,61
roam_mean,0.01464712094994112,Combined_shuffled,20,61
roam_std_over_mean,0.0159406903714469,Combined_shuffled,20,61
roam_early_mean,0.026753732652264724,Combined_shuffled,20,61
roam_mid_mean,0.04206977688288717,Combined_shuffled,20,61
roam_late_mean,0.020124056778977516,Combined_shuffled,20,61
roam_slope,0.02801909265735026,Combined_shuffled,20,61
speed_1s_rows,0.010526703661502762,Combined_shuffled,20,61
speed_1s_stage2_rows,0.007996327060509404,Combined_shuffled,20,61
speed_1s_stage2_col1_mean,0.03548366268245773,Combined_shuffled,20,61
speed_1s_stage2_col1_std_over_mean,0.041003386831011755,Combined_shuffled,20,61
speed_1s_stage2_col2_mean,0.022858272657783694,Combined_shuffled,20,61
speed_1s_stage2_col2_std_over_mean,0.01004379939684699,Combined_shuffled,20,61
speed_1s_stage3_rows,0.016584442098881748,Combined_shuffled,20,61
speed_1s_stage3_col1_mean,0.010880770714282997,Combined_shuffled,20,61
speed_1s_stage3_col1_std_over_mean,0.040301250375930235,Combined_shuffled,20,61
speed_1s_stage3_col2_mean,0.011840267323886733,Combined_shuffled,20,61
speed_1s_stage3_col2_std_over_mean,0.011846277114238768,Combined_shuffled,20,61
speed_1s_stage4_rows,0.007468934761608004,Combined_shuffled,20,61
speed_1s_stage4_col1_mean,0.014007936831608931,Combined_shuffled,20,61
speed_1s_stage4_col1_std_over_mean,0.023889741917988525,Combined_shuffled,20,61
speed_1s_stage4_col2_mean,0.016280763384133003,Combined_shuffled,20,61
speed_1s_stage4_col2_std_over_mean,0.028509539400747047,Combined_shuffled,20,61
speed_1s_stage5_rows,0.0008825586154062759,Combined_shuffled,20,61
speed_1s_stage5_col1_mean,0.012655435465561388,Combined_shuffled,20,61
speed_1s_stage5_col1_std_over_mean,0.026379641847214228,Combined_shuffled,20,61
speed_1s_stage5_col2_mean,0.011223785846831693,Combined_shuffled,20,61
speed_1s_stage5_col2_std_over_mean,0.01073784682546737,Combined_shuffled,20,61
speed_10s_avg_rows,0.011247017795392004,Combined_shuffled,20,61
speed_10s_avg_stage2_rows,0.009133940616871124,Combined_shuffled,20,61
speed_10s_avg_stage2_col1_mean,0.04239725046291006,Combined_shuffled,20,61
speed_10s_avg_stage2_col1_std_over_mean,0.032798127518629316,Combined_shuffled,20,61
speed_10s_avg_stage2_col2_mean,0.01869230437623557,Combined_shuffled,20,61
speed_10s_avg_stage2_col2_std_over_mean,0.01973767267392012,Combined_shuffled,20,61
speed_10s_avg_stage3_rows,0.013308199210868999,Combined_shuffled,20,61
speed_10s_avg_stage3_col1_mean,0.009822086699854108,Combined_shuffled,20,61
speed_10s_avg_stage3_col1_std_over_mean,0.022497502230786875,Combined_shuffled,20,61
speed_10s_avg_stage3_col2_mean,0.009234350211724368,Combined_shuffled,20,61
speed_10s_avg_stage3_col2_std_over_mean,0.045142667298682757,Combined_shuffled,20,61
speed_10s_avg_stage4_rows,0.008777038621041849,Combined_shuffled,20,61
speed_10s_avg_stage4_col1_mean,0.01599772452176465,Combined_shuffled,20,61
speed_10s_avg_stage4_col1_std_over_mean,0.017273194141742058,Combined_shuffled,20,61
speed_10s_avg_stage4_col2_mean,0.014864973020876117,Combined_shuffled,20,61
speed_10s_avg_stage4_col2_std_over_mean,0.04047209987177463,Combined_shuffled,20,61
speed_10s_avg_stage5_rows,0.000556247661556518,Combined_shuffled,20,61
speed_10s_avg_stage5_col1_mean,0.011156148488191096,Combined_shuffled,20,61
speed_10s_avg_stage5_col1_std_over_mean,0.017112075499938137,Combined_shuffled,20,61
speed_10s_avg_stage5_col2_mean,0.013919359134776611,Combined_shuffled,20,61
speed_10s_avg_stage5_col2_std_over_mean,0.02827438650249451,Combined_shuffled,20,61
stage_2_frames,0.02097694913467277,Combined_shuffled,21,62
stage_3_frames,0.0092213801321379,Combined_shuffled,21,62
stage_4_frames,0.012019248009384068,Combined_shuffled,21,62
stage_5_frames,0.011653148898197413,Combined_shuffled,21,62
roam_mean,0.016524128715584386,Combined_shuffled,21,62
roam_std_over_mean,0.01834244927389215,Combined_shuffled,21,62
roam_early_mean,0.02194319074846589,Combined_shuffled,21,62
roam_mid_mean,0.05409885964183617,Combined_shuffled,21,62
roam_late_mean,0.0167957699843933,Combined_shuffled,21,62
roam_slope,0.02616150099047081,Combined_shuffled,21,62
speed_1s_rows,0.008980283769871911,Combined_shuffled,21,62
speed_1s_stage2_rows,0.009804933781303857,Combined_shuffled,21,62
speed_1s_stage2_col1_mean,0.038450842074592734,Combined_shuffled,21,62
speed_1s_stage2_col1_std_over_mean,0.038345935612990344,Combined_shuffled,21,62
speed_1s_stage2_col2_mean,0.013197503750513593,Combined_shuffled,21,62
speed_1s_stage2_col2_std_over_mean,0.01632858476403853,Combined_shuffled,21,62
speed_1s_stage3_rows,0.019082052545202673,Combined_shuffled,21,62
speed_1s_stage3_col1_mean,0.01732325736768079,Combined_shuffled,21,62
speed_1s_stage3_col1_std_over_mean,0.026860938636108382,Combined_shuffled,21,62
speed_1s_stage3_col2_mean,0.013174406548587043,Combined_shuffled,21,62
speed_1s_stage3_col2_std_over_mean,0.014614954905088755,Combined_shuffled,21,62
speed_1s_stage4_rows,0.010023969734014386,Combined_shuffled,21,62
speed_1s_stage4_col1_mean,0.011564040731460943,Combined_shuffled,21,62
speed_1s_stage4_col1_std_over_mean,0.02517827447976372,Combined_shuffled,21,62
speed_1s_stage4_col2_mean,0.012702575872414466,Combined_shuffled,21,62
speed_1s_stage4_col2_std_over_mean,0.019610521046465833,Combined_shuffled,21,62
speed_1s_stage5_rows,0.000526990292033917,Combined_shuffled,21,62
speed_1s_stage5_col1_mean,0.027510206232398696,Combined_shuffled,21,62
speed_1s_stage5_col1_std_over_mean,0.02078613041734735,Combined_shuffled,21,62
speed_1s_stage5_col2_mean,0.010219494250957693,Combined_shuffled,21,62
speed_1s_stage5_col2_std_over_mean,0.009632374734194028,Combined_shuffled,21,62
speed_10s_avg_rows,0.010651072737843796,Combined_shuffled,21,62
speed_10s_avg_stage2_rows,0.007623556333907423,Combined_shuffled,21,62
speed_10s_avg_stage2_col1_mean,0.03636744613174755,Combined_shuffled,21,62
speed_10s_avg_stage2_col1_std_over_mean,0.0403549037990658,Combined_shuffled,21,62
speed_10s_avg_stage2_col2_mean,0.01159447672524871,Combined_shuffled,21,62
speed_10s_avg_stage2_col2_std_over_mean,0.02164236364722299,Combined_shuffled,21,62
speed_10s_avg_stage3_rows,0.012666474188263938,Combined_shuffled,21,62
speed_10s_avg_stage3_col1_mean,0.01747068014483213,Combined_shuffled,21,62
speed_10s_avg_stage3_col1_std_over_mean,0.0360246842481068,Combined_shuffled,21,62
speed_10s_avg_stage3_col2_mean,0.01291321804290331,Combined_shuffled,21,62
speed_10s_avg_stage3_col2_std_over_mean,0.051014683619249206,Combined_shuffled,21,62
speed_10s_avg_stage4_rows,0.009379125647356669,Combined_shuffled,21,62
speed_10s_avg_stage4_col1_mean,0.01369377184760322,Combined_shuffled,21,62
speed_10s_avg_stage4_col1_std_over_mean,0.014366518877297351,Combined_shuffled,21,62
speed_10s_avg_stage4_col2_mean,0.011003971632458406,Combined_shuffled,21,62
speed_10s_avg_stage4_col2_std_over_mean,0.041481457611033556,Combined_shuffled,21,62
speed_10s_avg_stage5_rows,0.0007804185464578147,Combined_shuffled,21,62
speed_10s_avg_stage5_col1_mean,0.019399774183841353,Combined_shuffled,21,62
speed_10s_avg_stage5_col1_std_over_mean,0.02009682033039082,Combined_shuffled,21,62
speed_10s_avg_stage5_col2_mean,0.011554857383244594,Combined_shuffled,21,62
speed_10s_avg_stage5_col2_std_over_mean,0.028264827245860134,Combined_shuffled,21,62
stage_2_frames,0.03840027802681687,Combined_shuffled,22,63
stage_3_frames,0.009665845361375991,Combined_shuffled,22,63
stage_4_frames,0.013898877351736798,Combined_shuffled,22,63
stage_5_frames,0.008689600481005045,Combined_shuffled,22,63
roam_mean,0.02727137801052507,Combined_shuffled,22,63
roam_std_over_mean,0.007973906820856289,Combined_shuffled,22,63
roam_early_mean,0.019485983936896333,Combined_shuffled,22,63
roam_mid_mean,0.06511177268134184,Combined_shuffled,22,63
roam_late_mean,0.016782912857041282,Combined_shuffled,22,63
roam_slope,0.022231198093372793,Combined_shuffled,22,63
speed_1s_rows,0.006133173937296829,Combined_shuffled,22,63
speed_1s_stage2_rows,0.011195920696435973,Combined_shuffled,22,63
speed_1s_stage2_col1_mean,0.023339235654685018,Combined_shuffled,22,63
speed_1s_stage2_col1_std_over_mean,0.033318193284759615,Combined_shuffled,22,63
speed_1s_stage2_col2_mean,0.010009563487279131,Combined_shuffled,22,63
speed_1s_stage2_col2_std_over_mean,0.016175613347628903,Combined_shuffled,22,63
speed_1s_stage3_rows,0.015993975989208667,Combined_shuffled,22,63
speed_1s_stage3_col1_mean,0.013020422824622251,Combined_shuffled,22,63
speed_1s_stage3_col1_std_over_mean,0.037741538509282385,Combined_shuffled,22,63
speed_1s_stage3_col2_mean,0.018132228611082435,Combined_shuffled,22,63
speed_1s_stage3_col2_std_over_mean,0.011211597197015831,Combined_shuffled,22,63
speed_1s_stage4_rows,0.010144044374378738,Combined_shuffled,22,63
speed_1s_stage4_col1_mean,0.011771880803476216,Combined_shuffled,22,63
speed_1s_stage4_col1_std_over_mean,0.03049720084867164,Combined_shuffled,22,63
speed_1s_stage4_col2_mean,0.014803239833153023,Combined_shuffled,22,63
speed_1s_stage4_col2_std_over_mean,0.023610847695803558,Combined_shuffled,22,63
speed_1s_stage5_rows,0.00017598526568613502,Combined_shuffled,22,63
speed_1s_stage5_col1_mean,0.022609466319836284,Combined_shuffled,22,63
speed_1s_stage5_col1_std_over_mean,0.024010968909728453,Combined_shuffled,22,63
speed_1s_stage5_col2_mean,0.007447611090171272,Combined_shuffled,22,63
speed_1s_stage5_col2_std_over_mean,0.0066655066589060355,Combined_shuffled,22,63
speed_10s_avg_rows,0.008356250017825664,Combined_shuffled,22,63
speed_10s_avg_stage2_rows,0.007802251478705111,Combined_shuffled,22,63
speed_10s_avg_stage2_col1_mean,0.018405219665185008,Combined_shuffled,22,63
speed_10s_avg_stage2_col1_std_over_mean,0.03424277612056377,Combined_shuffled,22,63
speed_10s_avg_stage2_col2_mean,0.008654520659800085,Combined_shuffled,22,63
speed_10s_avg_stage2_col2_std_over_mean,0.024781602918891185,Combined_shuffled,22,63
speed_10s_avg_stage3_rows,0.015156173128596956,Combined_shuffled,22,63
speed_10s_avg_stage3_col1_mean,0.012648657838641685,Combined_shuffled,22,63
speed_10s_avg_stage3_col1_std_over_mean,0.040987674722501574,Combined_shuffled,22,63
speed_10s_avg_stage3_col2_mean,0.01977995188893652,Combined_shuffled,22,63
speed_10s_avg_stage3_col2_std_over_mean,0.0185707357469499,Combined_shuffled,22,63
speed_10s_avg_stage4_rows,0.007956646857808948,Combined_shuffled,22,63
speed_10s_avg_stage4_col1_mean,0.015400752919020953,Combined_shuffled,22,63
speed_10s_avg_stage4_col1_std_over_mean,0.017256209376700235,Combined_shuffled,22,63
speed_10s_avg_stage4_col2_mean,0.010739479405392162,Combined_shuffled,22,63
speed_10s_avg_stage4_col2_std_over_mean,0.07651928123256936,Combined_shuffled,22,63
speed_10s_avg_stage5_rows,0.0002609191188625014,Combined_shuffled,22,63
speed_10s_avg_stage5_col1_mean,0.023734863160203592,Combined_shuffled,22,63
speed_10s_avg_stage5_col1_std_over_mean,0.02250985864335026,Combined_shuffled,22,63
speed_10s_avg_stage5_col2_mean,0.008185054775862908,Combined_shuffled,22,63
speed_10s_avg_stage5_col2_std_over_mean,0.030531151363554887,Combined_shuffled,22,63
stage_2_frames,0.018392188230071264,Combined_shuffled,23,64
stage_3_frames,0.007336992513050111,Combined_shuffled,23,64
stage_4_frames,0.017339307833011203,Combined_shuffled,23,64
stage_5_frames,0.01101397175416568,Combined_shuffled,23,64
roam_mean,0.016089895569739488,Combined_shuffled,23,64
roam_std_over_mean,0.012453189779166119,Combined_shuffled,23,64
roam_early_mean,0.02522339187176828,Combined_shuffled,23,64
roam_mid_mean,0.05630834009109895,Combined_shuffled,23,64
roam_late_mean,0.013891560926801919,Combined_shuffled,23,64
roam_slope,0.021794913626522625,Combined_shuffled,23,64
speed_1s_rows,0.009273892738691237,Combined_shuffled,23,64
speed_1s_stage2_rows,0.008543260519469844,Combined_shuffled,23,64
speed_1s_stage2_col1_mean,0.022009049928294718,Combined_shuffled,23,64
speed_1s_stage2_col1_std_over_mean,0.03209121965201922,Combined_shuffled,23,64
speed_1s_stage2_col2_mean,0.009788857997452367,Combined_shuffled,23,64
speed_1s_stage2_col2_std_over_mean,0.013818098069288364,Combined_shuffled,23,64
speed_1s_stage3_rows,0.015605132226003966,Combined_shuffled,23,64
speed_1s_stage3_col1_mean,0.013128719549046146,Combined_shuffled,23,64
speed_1s_stage3_col1_std_over_mean,0.043638435640400486,Combined_shuffled,23,64
speed_1s_stage3_col2_mean,0.012668385249159421,Combined_shuffled,23,64
speed_1s_stage3_col2_std_over_mean,0.015292211000390984,Combined_shuffled,23,64
speed_1s_stage4_rows,0.009894021294408334,Combined_shuffled,23,64
speed_1s_stage4_col1_mean,0.029860563156222292,Combined_shuffled,23,64
speed_1s_stage4_col1_std_over_mean,0.015700674870928702,Combined_shuffled,23,64
speed_1s_stage4_col2_mean,0.011045206360372085,Combined_shuffled,23,64
speed_1s_stage4_col2_std_over_mean,0.02672690010765221,Combined_shuffled,23,64
speed_1s_stage5_rows,0.0006204672328302025,Combined_shuffled,23,64
speed_1s_stage5_col1_mean,0.019814910276214442,Combined_shuffled,23,64
speed_1s_stage5_col1_std_over_mean,0.03177158362688083,Combined_shuffled,23,64
speed_1s_stage5_col2_mean,0.018755278094816325,Combined_shuffled,23,64
speed_1s_stage5_col2_std_over_mean,0.011362829043050018,Combined_shuffled,23,64
speed_10s_avg_rows,0.009616664790453465,Combined_shuffled,23,64
speed_10s_avg_stage2_rows,0.007878788368829862,Combined_shuffled,23,64
speed_10s_avg_stage2_col1_mean,0.021617492724048358,Combined_shuffled,23,64
speed_10s_avg_stage2_col1_std_over_mean,0.03873004673734701,Combined_shuffled,23,64
speed_10s_avg_stage2_col2_mean,0.00876796740450156,Combined_shuffled,23,64
speed_10s_avg_stage2_col2_std_over_mean,0.013926681280465458,Combined_shuffled,23,64
speed_10s_avg_stage3_rows,0.01612042474912273,Combined_shuffled,23,64
speed_10s_avg_stage3_col1_mean,0.011887526500644952,Combined_shuffled,23,64
speed_10s_avg_stage3_col1_std_over_mean,0.026047144529578233,Combined_shuffled,23,64
speed_10s_avg_stage3_col2_mean,0.009254322558091823,Combined_shuffled,23,64
speed_10s_avg_stage3_col2_std_over_mean,0.057236657492829565,Combined_shuffled,23,64
speed_10s_avg_stage4_rows,0.013211762041954574,Combined_shuffled,23,64
speed_10s_avg_stage4_col1_mean,0.02856829082148661,Combined_shuffled,23,64
speed_10s_avg_stage4_col1_std_over_mean,0.02150266055919033,Combined_shuffled,23,64
speed_10s_avg_stage4_col2_mean,0.015544616115205601,Combined_shuffled,23,64
speed_10s_avg_stage4_col2_std_over_mean,0.045227932527687455,Combined_shuffled,23,64
speed_10s_avg_stage5_rows,0.00029083579903908677,Combined_shuffled,23,64
speed_10s_avg_stage5_col1_mean,0.021274590785679753,Combined_shuffled,23,64
speed_10s_avg_stage5_col1_std_over_mean,0.017683268515173458,Combined_shuffled,23,64
speed_10s_avg_stage5_col2_mean,0.017565043015644405,Combined_shuffled,23,64
speed_10s_avg_stage5_col2_std_over_mean,0.02679383385403802,Combined_shuffled,23,64
stage_2_frames,0.03075222295176408,Combined_shuffled,24,65
stage_3_frames,0.008655597831603133,Combined_shuffled,24,65
stage_4_frames,0.015664105908317592,Combined_shuffled,24,65
stage_5_frames,0.009418952727623841,Combined_shuffled,24,65
roam_mean,0.019181989676288317,Combined_shuffled,24,65
roam_std_over_mean,0.014195044985271356,Combined_shuffled,24,65
roam_early_mean,0.021290057225380906,Combined_shuffled,24,65
roam_mid_mean,0.043657148478858765,Combined_shuffled,24,65
roam_late_mean,0.015432198852197408,Combined_shuffled,24,65
roam_slope,0.02841171121257774,Combined_shuffled,24,65
speed_1s_rows,0.009640364400182936,Combined_shuffled,24,65
speed_1s_stage2_rows,0.01408849020890977,Combined_shuffled,24,65
speed_1s_stage2_col1_mean,0.01639870740579211,Combined_shuffled,24,65
speed_1s_stage2_col1_std_over_mean,0.0513302555455401,Combined_shuffled,24,65
speed_1s_stage2_col2_mean,0.012794041831877396,Combined_shuffled,24,65
speed_1s_stage2_col2_std_over_mean,0.015635578284578917,Combined_shuffled,24,65
speed_1s_stage3_rows,0.013279164674953917,Combined_shuffled,24,65
speed_1s_stage3_col1_mean,0.01690656331140944,Combined_shuffled,24,65
speed_1s_stage3_col1_std_over_mean,0.03512682706935907,Combined_shuffled,24,65
speed_1s_stage3_col2_mean,0.01666584388272574,Combined_shuffled,24,65
speed_1s_stage3_col2_std_over_mean,0.015236639091477586,Combined_shuffled,24,65
speed_1s_stage4_rows,0.009450391681097214,Combined_shuffled,24,65
speed_1s_stage4_col1_mean,0.014163278048945752,Combined_shuffled,24,65
speed_1s_stage4_col1_std_over_mean,0.02889421862102686,Combined_shuffled,24,65
speed_1s_stage4_col2_mean,0.01194773099599664,Combined_shuffled,24,65
speed_1s_stage4_col2_std_over_mean,0.024701045114093947,Combined_shuffled,24,65
speed_1s_stage5_rows,0.001037112606015719,Combined_shuffled,24,65
speed_1s_stage5_col1_mean,0.017649421554039955,Combined_shuffled,24,65
speed_1s_stage5_col1_std_over_mean,0.0188799575438056,Combined_shuffled,24,65
speed_1s_stage5_col2_mean,0.008304235168523364,Combined_shuffled,24,65
speed_1s_stage5_col2_std_over_mean,0.013501251610501684,Combined_shuffled,24,65
speed_10s_avg_rows,0.010603008476968124,Combined_shuffled,24,65
speed_10s_avg_stage2_rows,0.011785459325593568,Combined_shuffled,24,65
speed_10s_avg_stage2_col1_mean,0.016032949060229017,Combined_shuffled,24,65
speed_10s_avg_stage2_col1_std_over_mean,0.04711687703498228,Combined_shuffled,24,65
speed_10s_avg_stage2_col2_mean,0.011459952009948595,Combined_shuffled,24,65
speed_10s_avg_stage2_col2_std_over_mean,0.019409054061465387,Combined_shuffled,24,65
speed_10s_avg_stage3_rows,0.014752211781133957,Combined_shuffled,24,65
speed_10s_avg_stage3_col1_mean,0.01386835875998572,Combined_shuffled,24,65
speed_10s_avg_stage3_col1_std_over_mean,0.031826844185047574,Combined_shuffled,24,65
speed_10s_avg_stage3_col2_mean,0.01579293107230445,Combined_shuffled,24,65
speed_10s_avg_stage3_col2_std_over_mean,0.038514308834002545,Combined_shuffled,24,65
speed_10s_avg_stage4_rows,0.010333318163559466,Combined_shuffled,24,65
speed_10s_avg_stage4_col1_mean,0.01448804671291237,Combined_shuffled,24,65
speed_10s_avg_stage4_col1_std_over_mean,0.015673556211796617,Combined_shuffled,24,65
speed_10s_avg_stage4_col2_mean,0.013633811385395812,Combined_shuffled,24,65
speed_10s_avg_stage4_col2_std_over_mean,0.052498308445894655,Combined_shuffled,24,65
speed_10s_avg_stage5_rows,0.0006323238835559372,Combined_shuffled,24,65
speed_10s_avg_stage5_col1_mean,0.019261106206244494,Combined_shuffled,24,65
speed_10s_avg_stage5_col1_std_over_mean,0.027963707150213367,Combined_shuffled,24,65
speed_10s_avg_stage5_col2_mean,0.01009997596858356,Combined_shuffled,24,65
speed_10s_avg_stage5_col2_std_over_mean,0.031963742769445684,Combined_shuffled,24,65
stage_2_frames,0.048873964328457135,Combined_shuffled,25,66
stage_3_frames,0.005734922083638498,Combined_shuffled,25,66
stage_4_frames,0.017163673490692852,Combined_shuffled,25,66
stage_5_frames,0.012460229438193441,Combined_shuffled,25,66
roam_mean,0.02914280681937624,Combined_shuffled,25,66
roam_std_over_mean,0.020735999647123138,Combined_shuffled,25,66
roam_early_mean,0.02905295963694693,Combined_shuffled,25,66
roam_mid_mean,0.03403589806311605,Combined_shuffled,25,66
roam_late_mean,0.01771514714795903,Combined_shuffled,25,66
roam_slope,0.019034095732272382,Combined_shuffled,25,66
speed_1s_rows,0.009839695505674569,Combined_shuffled,25,66
speed_1s_stage2_rows,0.007616481980597524,Combined_shuffled,25,66
speed_1s_stage2_col1_mean,0.010245676104375347,Combined_shuffled,25,66
speed_1s_stage2_col1_std_over_mean,0.02648791180765184,Combined_shuffled,25,66
speed_1s_stage2_col2_mean,0.010036746908495976,Combined_shuffled,25,66
speed_1s_stage2_col2_std_over_mean,0.015546919897302775,Combined_shuffled,25,66
speed_1s_stage3_rows,0.012091713364481397,Combined_shuffled,25,66
speed_1s_stage3_col1_mean,0.015435958581115902,Combined_shuffled,25,66
speed_1s_stage3_col1_std_over_mean,0.037208548591754466,Combined_shuffled,25,66
speed_1s_stage3_col2_mean,0.018017271051078858,Combined_shuffled,25,66
speed_1s_stage3_col2_std_over_mean,0.0199821968969784,Combined_shuffled,25,66
speed_1s_stage4_rows,0.008639067946125083,Combined_shuffled,25,66
speed_1s_stage4_col1_mean,0.025996603589627673,Combined_shuffled,25,66
speed_1s_stage4_col1_std_over_mean,0.03256052765084816,Combined_shuffled,25,66
speed_1s_stage4_col2_mean,0.008332746819539666,Combined_shuffled,25,66
speed_1s_stage4_col2_std_over_mean,0.027115745665540734,Combined_shuffled,25,66
speed_1s_stage5_rows,8.618260514971423e-05,Combined_shuffled,25,66
speed_1s_stage5_col1_mean,0.030322527992003665,Combined_shuffled,25,66
speed_1s_stage5_col1_std_over_mean,0.029550685176064222,Combined_shuffled,25,66
speed_1s_stage5_col2_mean,0.011712274879807003,Combined_shuffled,25,66
speed_1s_stage5_col2_std_over_mean,0.005708327662871831,Combined_shuffled,25,66
speed_10s_avg_rows,0.009908828696875392,Combined_shuffled,25,66
speed_10s_avg_stage2_rows,0.006473311098617058,Combined_shuffled,25,66
speed_10s_avg_stage2_col1_mean,0.009941768915575019,Combined_shuffled,25,66
speed_10s_avg_stage2_col1_std_over_mean,0.017404627204484793,Combined_shuffled,25,66
speed_10s_avg_stage2_col2_mean,0.010547434338868707,Combined_shuffled,25,66
speed_10s_avg_stage2_col2_std_over_mean,0.011871516813744582,Combined_shuffled,25,66
speed_10s_avg_stage3_rows,0.013994871072919631,Combined_shuffled,25,66
speed_10s_avg_stage3_col1_mean,0.012972935595887877,Combined_shuffled,25,66
speed_10s_avg_stage3_col1_std_over_mean,0.023480330269348072,Combined_shuffled,25,66
speed_10s_avg_stage3_col2_mean,0.019830360742350266,Combined_shuffled,25,66
speed_10s_avg_stage3_col2_std_over_mean,0.08640866489210801,Combined_shuffled,25,66
speed_10s_avg_stage4_rows,0.008579608818566602,Combined_shuffled,25,66
speed_10s_avg_stage4_col1_mean,0.01887811949093937,Combined_shuffled,25,66
speed_10s_avg_stage4_col1_std_over_mean,0.022626232280255933,Combined_shuffled,25,66
speed_10s_avg_stage4_col2_mean,0.010093314599726405,Combined_shuffled,25,66
speed_10s_avg_stage4_col2_std_over_mean,0.03627802770705833,Combined_shuffled,25,66
speed_10s_avg_stage5_rows,0.00041169601202489364,Combined_shuffled,25,66
speed_10s_avg_stage5_col1_mean,0.019445271412093457,Combined_shuffled,25,66
speed_10s_avg_stage5_col1_std_over_mean,0.014917806443788732,Combined_shuffled,25,66
speed_10s_avg_stage5_col2_mean,0.014230380712215402,Combined_shuffled,25,66
speed_10s_avg_stage5_col2_std_over_mean,0.03522138581769109,Combined_shuffled,25,66
stage_2_frames,0.026423297367704778,Combined_shuffled,26,67
stage_3_frames,0.008773260295028769,Combined_shuffled,26,67
stage_4_frames,0.010901566156983301,Combined_shuffled,26,67
stage_5_frames,0.006042243818644133,Combined_shuffled,26,67
roam_mean,0.011658664401064217,Combined_shuffled,26,67
roam_std_over_mean,0.01580375914689117,Combined_shuffled,26,67
roam_early_mean,0.03038325271501763,Combined_shuffled,26,67
roam_mid_mean,0.027355625110198775,Combined_shuffled,26,67
roam_late_mean,0.013232383047515119,Combined_shuffled,26,67
roam_slope,0.02789450085123385,Combined_shuffled,26,67
speed_1s_rows,0.00942994713021445,Combined_shuffled,26,67
speed_1s_stage2_rows,0.008227379153164564,Combined_shuffled,26,67
speed_1s_stage2_col1_mean,0.04032541865736516,Combined_shuffled,26,67
speed_1s_stage2_col1_std_over_mean,0.03976694467197583,Combined_shuffled,26,67
speed_1s_stage2_col2_mean,0.015626119357977218,Combined_shuffled,26,67
speed_1s_stage2_col2_std_over_mean,0.029802143946846785,Combined_shuffled,26,67
speed_1s_stage3_rows,0.008511128638874921,Combined_shuffled,26,67
speed_1s_stage3_col1_mean,0.014168949479208574,Combined_shuffled,26,67
speed_1s_stage3_col1_std_over_mean,0.026682063850949966,Combined_shuffled,26,67
speed_1s_stage3_col2_mean,0.014494207687350364,Combined_shuffled,26,67
speed_1s_stage3_col2_std_over_mean,0.03472691755825657,Combined_shuffled,26,67
speed_1s_stage4_rows,0.007645715667977,Combined_shuffled,26,67
speed_1s_stage4_col1_mean,0.01547857185428174,Combined_shuffled,26,67
speed_1s_stage4_col1_std_over_mean,0.02689269492871446,Combined_shuffled,26,67
speed_1s_stage4_col2_mean,0.010322290741063316,Combined_shuffled,26,67
speed_1s_stage4_col2_std_over_mean,0.024445406599093323,Combined_shuffled,26,67
speed_1s_stage5_rows,0.00034449595462873587,Combined_shuffled,26,67
speed_1s_stage5_col1_mean,0.024294188494786612,Combined_shuffled,26,67
speed_1s_stage5_col1_std_over_mean,0.01439156305531639,Combined_shuffled,26,67
speed_1s_stage5_col2_mean,0.01617176395596707,Combined_shuffled,26,67
speed_1s_stage5_col2_std_over_mean,0.011465113038943512,Combined_shuffled,26,67
speed_10s_avg_rows,0.011650478017468867,Combined_shuffled,26,67
speed_10s_avg_stage2_rows,0.007391652895111651,Combined_shuffled,26,67
speed_10s_avg_stage2_col1_mean,0.036950146906343836,Combined_shuffled,26,67
speed_10s_avg_stage2_col1_std_over_mean,0.031383209005608696,Combined_shuffled,26,67
speed_10s_avg_stage2_col2_mean,0.014371291488447954,Combined_shuffled,26,67
speed_10s_avg_stage2_col2_std_over_mean,0.017443021118290852,Combined_shuffled,26,67
speed_10s_avg_stage3_rows,0.009871803577632255,Combined_shuffled,26,67
speed_10s_avg_stage3_col1_mean,0.010989393458534901,Combined_shuffled,26,67
speed_10s_avg_stage3_col1_std_over_mean,0.028652929138330775,Combined_shuffled,26,67
speed_10s_avg_stage3_col2_mean,0.011233690263365056,Combined_shuffled,26,67
speed_10s_avg_stage3_col2_std_over_mean,0.06079949659951839,Combined_shuffled,26,67
speed_10s_avg_stage4_rows,0.007373129886947305,Combined_shuffled,26,67
speed_10s_avg_stage4_col1_mean,0.018754659720428314,Combined_shuffled,26,67
speed_10s_avg_stage4_col1_std_over_mean,0.012758014771129785,Combined_shuffled,26,67
speed_10s_avg_stage4_col2_mean,0.010431260230167005,Combined_shuffled,26,67
speed_10s_avg_stage4_col2_std_over_mean,0.0238857922103543,Combined_shuffled,26,67
speed_10s_avg_stage5_rows,0.0006424566691085631,Combined_shuffled,26,67
speed_10s_avg_stage5_col1_mean,0.030658896215646294,Combined_shuffled,26,67
speed_10s_avg_stage5_col1_std_over_mean,0.03522072413875402,Combined_shuffled,26,67
speed_10s_avg_stage5_col2_mean,0.012922484613562012,Combined_shuffled,26,67
speed_10s_avg_stage5_col2_std_over_mean,0.03493389174201079,Combined_shuffled,26,67
stage_2_frames,0.03168507581811586,Combined_shuffled,27,68
stage_3_frames,0.00556726205660036,Combined_shuffled,27,68
stage_4_frames,0.012553900781776935,Combined_shuffled,27,68
stage_5_frames,0.01142998059911679,Combined_shuffled,27,68
roam_mean,0.01719484386539767,Combined_shuffled,27,68
roam_std_over_mean,0.012657803082451503,Combined_shuffled,27,68
roam_early_mean,0.03368989671568264,Combined_shuffled,27,68
roam_mid_mean,0.04982274884498754,Combined_shuffled,27,68
roam_late_mean,0.025116968250674384,Combined_shuffled,27,68
roam_slope,0.030949055423039173,Combined_shuffled,27,68
speed_1s_rows,0.010535433650396402,Combined_shuffled,27,68
speed_1s_stage2_rows,0.006546663178691162,Combined_shuffled,27,68
speed_1s_stage2_col1_mean,0.02280336524954192,Combined_shuffled,27,68
speed_1s_stage2_col1_std_over_mean,0.031600216674872686,Combined_shuffled,27,68
speed_1s_stage2_col2_mean,0.006323857294642821,Combined_shuffled,27,68
speed_1s_stage2_col2_std_over_mean,0.016248624445897274,Combined_shuffled,27,68
speed_1s_stage3_rows,0.01333919507175375,Combined_shuffled,27,68
speed_1s_stage3_col1_mean,0.008764442773134741,Combined_shuffled,27,68
speed_1s_stage3_col1_std_over_mean,0.033075176589611066,Combined_shuffled,27,68
speed_1s_stage3_col2_mean,0.015329696874522987,Combined_shuffled,27,68
speed_1s_stage3_col2_std_over_mean,0.017147021198377067,Combined_shuffled,27,68
speed_1s_stage4_rows,0.013417396756604747,Combined_shuffled,27,68
speed_1s_stage4_col1_mean,0.0189820595582848,Combined_shuffled,27,68
speed_1s_stage4_col1_std_over_mean,0.030140268150740984,Combined_shuffled,27,68
speed_1s_stage4_col2_mean,0.010191230971981418,Combined_shuffled,27,68
speed_1s_stage4_col2_std_over_mean,0.017726715213787214,Combined_shuffled,27,68
speed_1s_stage5_rows,0.0009153552085033292,Combined_shuffled,27,68
speed_1s_stage5_col1_mean,0.014452429573718515,Combined_shuffled,27,68
speed_1s_stage5_col1_std_over_mean,0.019683591385537443,Combined_shuffled,27,68
speed_1s_stage5_col2_mean,0.013837199831410215,Combined_shuffled,27,68
speed_1s_stage5_col2_std_over_mean,0.005596641508934052,Combined_shuffled,27,68
speed_10s_avg_rows,0.008491107773584687,Combined_shuffled,27,68
speed_10s_avg_stage2_rows,0.010852245323527484,Combined_shuffled,27,68
speed_10s_avg_stage2_col1_mean,0.02959462420786417,Combined_shuffled,27,68
speed_10s_avg_stage2_col1_std_over_mean,0.05597637181342429,Combined_shuffled,27,68
speed_10s_avg_stage2_col2_mean,0.010587260733888595,Combined_shuffled,27,68
speed_10s_avg_stage2_col2_std_over_mean,0.02200964168825236,Combined_shuffled,27,68
speed_10s_avg_stage3_rows,0.01737110150769623,Combined_shuffled,27,68
speed_10s_avg_stage3_col1_mean,0.009356587637250894,Combined_shuffled,27,68
speed_10s_avg_stage3_col1_std_over_mean,0.03021211373850275,Combined_shuffled,27,68
speed_10s_avg_stage3_col2_mean,0.014526852899601454,Combined_shuffled,27,68
speed_10s_avg_stage3_col2_std_over_mean,0.07408890103396781,Combined_shuffled,27,68
speed_10s_avg_stage4_rows,0.011821036351838517,Combined_shuffled,27,68
speed_10s_avg_stage4_col1_mean,0.01732429239908307,Combined_shuffled,27,68
speed_10s_avg_stage4_col1_std_over_mean,0.019205399644371145,Combined_shuffled,27,68
speed_10s_avg_stage4_col2_mean,0.007696740141419167,Combined_shuffled,27,68
speed_10s_avg_stage4_col2_std_over_mean,0.036021318402872905,Combined_shuffled,27,68
speed_10s_avg_stage5_rows,0.0007958977211719855,Combined_shuffled,27,68
speed_10s_avg_stage5_col1_mean,0.011360365231523886,Combined_shuffled,27,68
speed_10s_avg_stage5_col1_std_over_mean,0.018638618455417207,Combined_shuffled,27,68
speed_10s_avg_stage5_col2_mean,0.013083201555675389,Combined_shuffled,27,68
speed_10s_avg_stage5_col2_std_over_mean,0.023662205140278586,Combined_shuffled,27,68
stage_2_frames,0.030757293068451787,Combined_shuffled,28,69
stage_3_frames,0.006046356738974772,Combined_shuffled,28,69
stage_4_frames,0.013271964419357506,Combined_shuffled,28,69
stage_5_frames,0.01028873604608879,Combined_shuffled,28,69
roam_mean,0.020835778735199647,Combined_shuffled,28,69
roam_std_over_mean,0.010745874828962545,Combined_shuffled,28,69
roam_early_mean,0.019330393203819025,Combined_shuffled,28,69
roam_mid_mean,0.031408517915500846,Combined_shuffled,28,69
roam_late_mean,0.02248751511583057,Combined_shuffled,28,69
roam_slope,0.02425505458141773,Combined_shuffled,28,69
speed_1s_rows,0.011179762833584354,Combined_shuffled,28,69
speed_1s_stage2_rows,0.00822002143134998,Combined_shuffled,28,69
speed_1s_stage2_col1_mean,0.029122410634463945,Combined_shuffled,28,69
speed_1s_stage2_col1_std_over_mean,0.07567354764166831,Combined_shuffled,28,69
speed_1s_stage2_col2_mean,0.011524197516447966,Combined_shuffled,28,69
speed_1s_stage2_col2_std_over_mean,0.010790047648725147,Combined_shuffled,28,69
speed_1s_stage3_rows,0.016939613226324087,Combined_shuffled,28,69
speed_1s_stage3_col1_mean,0.00754068180948133,Combined_shuffled,28,69
speed_1s_stage3_col1_std_over_mean,0.02570037083311121,Combined_shuffled,28,69
speed_1s_stage3_col2_mean,0.013838366179699963,Combined_shuffled,28,69
speed_1s_stage3_col2_std_over_mean,0.02217436387017983,Combined_shuffled,28,69
speed_1s_stage4_rows,0.010702989901620176,Combined_shuffled,28,69
speed_1s_stage4_col1_mean,0.018982122890969295,Combined_shuffled,28,69
speed_1s_stage4_col1_std_over_mean,0.027719178719043166,Combined_shuffled,28,69
speed_1s_stage4_col2_mean,0.01682848993187694,Combined_shuffled,28,69
speed_1s_stage4_col2_std_over_mean,0.026044782292498344,Combined_shuffled,28,69
speed_1s_stage5_rows,0.0005933221831172971,Combined_shuffled,28,69
speed_1s_stage5_col1_mean,0.017778771829962965,Combined_shuffled,28,69
speed_1s_stage5_col1_std_over_mean,0.01640923025959079,Combined_shuffled,28,69
speed_1s_stage5_col2_mean,0.01569354445713532,Combined_shuffled,28,69
speed_1s_stage5_col2_std_over_mean,0.00774409309508981,Combined_shuffled,28,69
speed_10s_avg_rows,0.012150788694775578,Combined_shuffled,28,69
speed_10s_avg_stage2_rows,0.008965181039251337,Combined_shuffled,28,69
speed_10s_avg_stage2_col1_mean,0.02694009017829002,Combined_shuffled,28,69
speed_10s_avg_stage2_col1_std_over_mean,0.041121199746371226,Combined_shuffled,28,69
speed_10s_avg_stage2_col2_mean,0.010873578334149718,Combined_shuffled,28,69
speed_10s_avg_stage2_col2_std_over_mean,0.021196652553687186,Combined_shuffled,28,69
speed_10s_avg_stage3_rows,0.013200108037159528,Combined_shuffled,28,69
speed_10s_avg_stage3_col1_mean,0.010357026786902809,Combined_shuffled,28,69
speed_10s_avg_stage3_col1_std_over_mean,0.03209038871685481,Combined_shuffled,28,69
speed_10s_avg_stage3_col2_mean,0.014739208000353405,Combined_shuffled,28,69
speed_10s_avg_stage3_col2_std_over_mean,0.05244226048086571,Combined_shuffled,28,69
speed_10s_avg_stage4_rows,0.009950719412445234,Combined_shuffled,28,69
speed_10s_avg_stage4_col1_mean,0.011873144472803437,Combined_shuffled,28,69
speed_10s_avg_stage4_col1_std_over_mean,0.015412275813877614,Combined_shuffled,28,69
speed_10s_avg_stage4_col2_mean,0.010509305909556609,Combined_shuffled,28,69
speed_10s_avg_stage4_col2_std_over_mean,0.04755286887424024,Combined_shuffled,28,69
speed_10s_avg_stage5_rows,0.0004447791414061559,Combined_shuffled,28,69
speed_10s_avg_stage5_col1_mean,0.018086507421186837,Combined_shuffled,28,69
speed_10s_avg_stage5_col1_std_over_mean,0.015041729720058667,Combined_shuffled,28,69
speed_10s_avg_stage5_col2_mean,0.017958023096181067,Combined_shuffled,28,69
speed_10s_avg_stage5_col2_std_over_mean,0.028466769730039306,Combined_shuffled,28,69
stage_2_frames,0.024404594367523742,Combined_shuffled,29,70
stage_3_frames,0.00819801798295777,Combined_shuffled,29,70
stage_4_frames,0.012269831478592248,Combined_shuffled,29,70
stage_5_frames,0.007923501484528896,Combined_shuffled,29,70
roam_mean,0.01778273108975599,Combined_shuffled,29,70
roam_std_over_mean,0.010631413609137724,Combined_shuffled,29,70
roam_early_mean,0.02346620859822122,Combined_shuffled,29,70
roam_mid_mean,0.11291846782368879,Combined_shuffled,29,70
roam_late_mean,0.020387144946445897,Combined_shuffled,29,70
roam_slope,0.034098147161662005,Combined_shuffled,29,70
speed_1s_rows,0.010435889686418698,Combined_shuffled,29,70
speed_1s_stage2_rows,0.0058615995323987626,Combined_shuffled,29,70
speed_1s_stage2_col1_mean,0.012796230220468451,Combined_shuffled,29,70
speed_1s_stage2_col1_std_over_mean,0.026749622081953656,Combined_shuffled,29,70
speed_1s_stage2_col2_mean,0.012661859072026214,Combined_shuffled,29,70
speed_1s_stage2_col2_std_over_mean,0.014640245783147017,Combined_shuffled,29,70
speed_1s_stage3_rows,0.01268757979114918,Combined_shuffled,29,70
speed_1s_stage3_col1_mean,0.013658960804111749,Combined_shuffled,29,70
speed_1s_stage3_col1_std_over_mean,0.035928578990933664,Combined_shuffled,29,70
speed_1s_stage3_col2_mean,0.020485317782656498,Combined_shuffled,29,70
speed_1s_stage3_col2_std_over_mean,0.016904920701704736,Combined_shuffled,29,70
speed_1s_stage4_rows,0.010593397097845242,Combined_shuffled,29,70
speed_1s_stage4_col1_mean,0.013537585800519362,Combined_shuffled,29,70
speed_1s_stage4_col1_std_over_mean,0.026322985440677734,Combined_shuffled,29,70
speed_1s_stage4_col2_mean,0.010320661321655744,Combined_shuffled,29,70
speed_1s_stage4_col2_std_over_mean,0.017693578498828865,Combined_shuffled,29,70
speed_1s_stage5_rows,8.05078287386418e-05,Combined_shuffled,29,70
speed_1s_stage5_col1_mean,0.02276123987277562,Combined_shuffled,29,70
speed_1s_stage5_col1_std_over_mean,0.019892594764804455,Combined_shuffled,29,70
speed_1s_stage5_col2_mean,0.008773973007781601,Combined_shuffled,29,70
speed_1s_stage5_col2_std_over_mean,0.008297270234716466,Combined_shuffled,29,70
speed_10s_avg_rows,0.014852622930458121,Combined_shuffled,29,70
speed_10s_avg_stage2_rows,0.005868309576486962,Combined_shuffled,29,70
speed_10s_avg_stage2_col1_mean,0.013039654282662329,Combined_shuffled,29,70
speed_10s_avg_stage2_col1_std_over_mean,0.027766861450652568,Combined_shuffled,29,70
speed_10s_avg_stage2_col2_mean,0.01056566507231433,Combined_shuffled,29,70
speed_10s_avg_stage2_col2_std_over_mean,0.02686155457453061,Combined_shuffled,29,70
speed_10s_avg_stage3_rows,0.018916426911665677,Combined_shuffled,29,70
speed_10s_avg_stage3_col1_mean,0.018675433950189203,Combined_shuffled,29,70
speed_10s_avg_stage3_col1_std_over_mean,0.02455880064045125,Combined_shuffled,29,70
speed_10s_avg_stage3_col2_mean,0.017617368717347058,Combined_shuffled,29,70
speed_10s_avg_stage3_col2_std_over_mean,0.049003774265403637,Combined_shuffled,29,70
speed_10s_avg_stage4_rows,0.00851469425892692,Combined_shuffled,29,70
speed_10s_avg_stage4_col1_mean,0.019878741477562932,Combined_shuffled,29,70
speed_10s_avg_stage4_col1_std_over_mean,0.013749322937341034,Combined_shuffled,29,70
speed_10s_avg_stage4_col2_mean,0.007587507001588046,Combined_shuffled,29,70
speed_10s_avg_stage4_col2_std_over_mean,0.060787410033681724,Combined_shuffled,29,70
speed_10s_avg_stage5_rows,0.00031478777178431345,Combined_shuffled,29,70
speed_10s_avg_stage5_col1_mean,0.024263797597310503,Combined_shuffled,29,70
speed_10s_avg_stage5_col1_std_over_mean,0.01785826119471695,Combined_shuffled,29,70
speed_10s_avg_stage5_col2_mean,0.010378834186079757,Combined_shuffled,29,70
speed_10s_avg_stage5_col2_std_over_mean,0.015775514311019458,Combined_shuffled,29,70
stage_2_frames,0.03269749383229848,Combined_shuffled,30,71
stage_3_frames,0.0072650065090005605,Combined_shuffled,30,71
stage_4_frames,0.010643318734859361,Combined_shuffled,30,71
stage_5_frames,0.010359987354415963,Combined_shuffled,30,71
roam_mean,0.019337010204060614,Combined_shuffled,30,71
roam_std_over_mean,0.010075456104792097,Combined_shuffled,30,71
roam_early_mean,0.026617800751568752,Combined_shuffled,30,71
roam_mid_mean,0.05835072513603432,Combined_shuffled,30,71
roam_late_mean,0.022526906491976,Combined_shuffled,30,71
roam_slope,0.05821597916516379,Combined_shuffled,30,71
speed_1s_rows,0.019694900152183274,Combined_shuffled,30,71
speed_1s_stage2_rows,0.0071849836754990315,Combined_shuffled,30,71
speed_1s_stage2_col1_mean,0.02093842525065057,Combined_shuffled,30,71
speed_1s_stage2_col1_std_over_mean,0.04809632350438059,Combined_shuffled,30,71
speed_1s_stage2_col2_mean,0.007366276755029066,Combined_shuffled,30,71
speed_1s_stage2_col2_std_over_mean,0.01615331541940451,Combined_shuffled,30,71
speed_1s_stage3_rows,0.008463502683842494,Combined_shuffled,30,71
speed_1s_stage3_col1_mean,0.01124350223048705,Combined_shuffled,30,71
speed_1s_stage3_col1_std_over_mean,0.031788056078414346,Combined_shuffled,30,71
speed_1s_stage3_col2_mean,0.009977190219724817,Combined_shuffled,30,71
speed_1s_stage3_col2_std_over_mean,0.014194131256305358,Combined_shuffled,30,71
speed_1s_stage4_rows,0.008868904289662609,Combined_shuffled,30,71
speed_1s_stage4_col1_mean,0.023935761990391553,Combined_shuffled,30,71
speed_1s_stage4_col1_std_over_mean,0.021069534086804984,Combined_shuffled,30,71
speed_1s_stage4_col2_mean,0.012587923573689439,Combined_shuffled,30,71
speed_1s_stage4_col2_std_over_mean,0.023884458430122536,Combined_shuffled,30,71
speed_1s_stage5_rows,0.0002449296102713995,Combined_shuffled,30,71
speed_1s_stage5_col1_mean,0.036336744028551186,Combined_shuffled,30,71
speed_1s_stage5_col1_std_over_mean,0.014664042120978327,Combined_shuffled,30,71
speed_1s_stage5_col2_mean,0.021113326860859184,Combined_shuffled,30,71
speed_1s_stage5_col2_std_over_mean,0.011348166031275838,Combined_shuffled,30,71
speed_10s_avg_rows,0.014762692703675058,Combined_shuffled,30,71
speed_10s_avg_stage2_rows,0.007642988159561927,Combined_shuffled,30,71
speed_10s_avg_stage2_col1_mean,0.015091273542788374,Combined_shuffled,30,71
speed_10s_avg_stage2_col1_std_over_mean,0.026913892455457826,Combined_shuffled,30,71
speed_10s_avg_stage2_col2_mean,0.009961781635654886,Combined_shuffled,30,71
speed_10s_avg_stage2_col2_std_over_mean,0.0164986739543085,Combined_shuffled,30,71
speed_10s_avg_stage3_rows,0.010128419284641782,Combined_shuffled,30,71
speed_10s_avg_stage3_col1_mean,0.013476979403928103,Combined_shuffled,30,71
speed_10s_avg_stage3_col1_std_over_mean,0.030821807491052677,Combined_shuffled,30,71
speed_10s_avg_stage3_col2_mean,0.010606751847078454,Combined_shuffled,30,71
speed_10s_avg_stage3_col2_std_over_mean,0.030001663397509523,Combined_shuffled,30,71
speed_10s_avg_stage4_rows,0.007502039371620226,Combined_shuffled,30,71
speed_10s_avg_stage4_col1_mean,0.01688634009345002,Combined_shuffled,30,71
speed_10s_avg_stage4_col1_std_over_mean,0.015292001596710906,Combined_shuffled,30,71
speed_10s_avg_stage4_col2_mean,0.010340375704033301,Combined_shuffled,30,71
speed_10s_avg_stage4_col2_std_over_mean,0.03852147845264482,Combined_shuffled,30,71
speed_10s_avg_stage5_rows,0.00045164996725591304,Combined_shuffled,30,71
speed_10s_avg_stage5_col1_mean,0.03757374707482033,Combined_shuffled,30,71
speed_10s_avg_stage5_col1_std_over_mean,0.021657894531269328,Combined_shuffled,30,71
speed_10s_avg_stage5_col2_mean,0.016113378567143923,Combined_shuffled,30,71
speed_10s_avg_stage5_col2_std_over_mean,0.024510088232696056,Combined_shuffled,30,71
stage_2_frames,0.03434332561879394,Combined_shuffled,31,72
stage_3_frames,0.010605637828858852,Combined_shuffled,31,72
stage_4_frames,0.012337692159550447,Combined_shuffled,31,72
stage_5_frames,0.01772176781956589,Combined_shuffled,31,72
roam_mean,0.01920064331349105,Combined_shuffled,31,72
roam_std_over_mean,0.010748679686311989,Combined_shuffled,31,72
roam_early_mean,0.025687794273064207,Combined_shuffled,31,72
roam_mid_mean,0.03305813514845667,Combined_shuffled,31,72
roam_late_mean,0.014539675051395215,Combined_shuffled,31,72
roam_slope,0.03400553458693993,Combined_shuffled,31,72
speed_1s_rows,0.00744706193188451,Combined_shuffled,31,72
speed_1s_stage2_rows,0.011110710655555378,Combined_shuffled,31,72
speed_1s_stage2_col1_mean,0.03818928692081677,Combined_shuffled,31,72
speed_1s_stage2_col1_std_over_mean,0.01586413885634393,Combined_shuffled,31,72
speed_1s_stage2_col2_mean,0.011856363502370529,Combined_shuffled,31,72
speed_1s_stage2_col2_std_over_mean,0.03200355749496983,Combined_shuffled,31,72
speed_1s_stage3_rows,0.012151925963255752,Combined_shuffled,31,72
speed_1s_stage3_col1_mean,0.013908378794820748,Combined_shuffled,31,72
speed_1s_stage3_col1_std_over_mean,0.02313826790216143,Combined_shuffled,31,72
speed_1s_stage3_col2_mean,0.030006680023347842,Combined_shuffled,31,72
speed_1s_stage3_col2_std_over_mean,0.034894533879538586,Combined_shuffled,31,72
speed_1s_stage4_rows,0.020188514190916884,Combined_shuffled,31,72
speed_1s_stage4_col1_mean,0.017615131296836836,Combined_shuffled,31,72
speed_1s_stage4_col1_std_over_mean,0.028194387668103775,Combined_shuffled,31,72
speed_1s_stage4_col2_mean,0.014049612439275248,Combined_shuffled,31,72
speed_1s_stage4_col2_std_over_mean,0.022011908888647343,Combined_shuffled,31,72
speed_1s_stage5_rows,0.0003325275097951484,Combined_shuffled,31,72
speed_1s_stage5_col1_mean,0.019856864428722,Combined_shuffled,31,72
speed_1s_stage5_col1_std_over_mean,0.020378640419487414,Combined_shuffled,31,72
speed_1s_stage5_col2_mean,0.00894791151458012,Combined_shuffled,31,72
speed_1s_stage5_col2_std_over_mean,0.006917332196017831,Combined_shuffled,31,72
speed_10s_avg_rows,0.006817367915685194,Combined_shuffled,31,72
speed_10s_avg_stage2_rows,0.009074258135160697,Combined_shuffled,31,72
speed_10s_avg_stage2_col1_mean,0.03135968037219329,Combined_shuffled,31,72
speed_10s_avg_stage2_col1_std_over_mean,0.023626066289583338,Combined_shuffled,31,72
speed_10s_avg_stage2_col2_mean,0.008475069842977266,Combined_shuffled,31,72
speed_10s_avg_stage2_col2_std_over_mean,0.0128242515281731,Combined_shuffled,31,72
speed_10s_avg_stage3_rows,0.01440745277587224,Combined_shuffled,31,72
speed_10s_avg_stage3_col1_mean,0.013423102918344896,Combined_shuffled,31,72
speed_10s_avg_stage3_col1_std_over_mean,0.021362823057783108,Combined_shuffled,31,72
speed_10s_avg_stage3_col2_mean,0.02606516855941241,Combined_shuffled,31,72
speed_10s_avg_stage3_col2_std_over_mean,0.043096034109119025,Combined_shuffled,31,72
speed_10s_avg_stage4_rows,0.01756273102580371,Combined_shuffled,31,72
speed_10s_avg_stage4_col1_mean,0.013329789719114348,Combined_shuffled,31,72
speed_10s_avg_stage4_col1_std_over_mean,0.015259839021400778,Combined_shuffled,31,72
speed_10s_avg_stage4_col2_mean,0.011853816692339168,Combined_shuffled,31,72
speed_10s_avg_stage4_col2_std_over_mean,0.05314911138613853,Combined_shuffled,31,72
speed_10s_avg_stage5_rows,0.0002663228528980885,Combined_shuffled,31,72
speed_10s_avg_stage5_col1_mean,0.01964299983767101,Combined_shuffled,31,72
speed_10s_avg_stage5_col1_std_over_mean,0.01659948617651213,Combined_shuffled,31,72
speed_10s_avg_stage5_col2_mean,0.010782718113322699,Combined_shuffled,31,72
speed_10s_avg_stage5_col2_std_over_mean,0.029709287706618865,Combined_shuffled,31,72
stage_2_frames,0.019216018690648824,Combined_shuffled,32,73
stage_3_frames,0.007033672336755171,Combined_shuffled,32,73
stage_4_frames,0.010025915692906185,Combined_shuffled,32,73
stage_5_frames,0.008743574220975938,Combined_shuffled,32,73
roam_mean,0.01368566425230753,Combined_shuffled,32,73
roam_std_over_mean,0.024203551402836036,Combined_shuffled,32,73
roam_early_mean,0.021829897139304846,Combined_shuffled,32,73
roam_mid_mean,0.07573054333401781,Combined_shuffled,32,73
roam_late_mean,0.013499858194259397,Combined_shuffled,32,73
roam_slope,0.06219332198060621,Combined_shuffled,32,73
speed_1s_rows,0.012712663283806283,Combined_shuffled,32,73
speed_1s_stage2_rows,0.00860895449820575,Combined_shuffled,32,73
speed_1s_stage2_col1_mean,0.02182914576460405,Combined_shuffled,32,73
speed_1s_stage2_col1_std_over_mean,0.042746609451182374,Combined_shuffled,32,73
speed_1s_stage2_col2_mean,0.012331672270528737,Combined_shuffled,32,73
speed_1s_stage2_col2_std_over_mean,0.02232972479260326,Combined_shuffled,32,73
speed_1s_stage3_rows,0.013172095357620182,Combined_shuffled,32,73
speed_1s_stage3_col1_mean,0.013830745652644666,Combined_shuffled,32,73
speed_1s_stage3_col1_std_over_mean,0.03487000532811013,Combined_shuffled,32,73
speed_1s_stage3_col2_mean,0.01059748614883697,Combined_shuffled,32,73
speed_1s_stage3_col2_std_over_mean,0.015701814080869025,Combined_shuffled,32,73
speed_1s_stage4_rows,0.010959519088073237,Combined_shuffled,32,73
speed_1s_stage4_col1_mean,0.025051322627199096,Combined_shuffled,32,73
speed_1s_stage4_col1_std_over_mean,0.030634412826949464,Combined_shuffled,32,73
speed_1s_stage4_col2_mean,0.010156998161499484,Combined_shuffled,32,73
speed_1s_stage4_col2_std_over_mean,0.014938735469173764,Combined_shuffled,32,73
speed_1s_stage5_rows,0.0009346134407490547,Combined_shuffled,32,73
speed_1s_stage5_col1_mean,0.014463814434559623,Combined_shuffled,32,73
speed_1s_stage5_col1_std_over_mean,0.01832054008673264,Combined_shuffled,32,73
speed_1s_stage5_col2_mean,0.00682044901042303,Combined_shuffled,32,73
speed_1s_stage5_col2_std_over_mean,0.009832243606458468,Combined_shuffled,32,73
speed_10s_avg_rows,0.011597136881595593,Combined_shuffled,32,73
speed_10s_avg_stage2_rows,0.008669606249358693,Combined_shuffled,32,73
speed_10s_avg_stage2_col1_mean,0.028387837111468778,Combined_shuffled,32,73
speed_10s_avg_stage2_col1_std_over_mean,0.03982533859588876,Combined_shuffled,32,73
speed_10s_avg_stage2_col2_mean,0.012045990473462331,Combined_shuffled,32,73
speed_10s_avg_stage2_col2_std_over_mean,0.015345681920635101,Combined_shuffled,32,73
speed_10s_avg_stage3_rows,0.010567791989255473,Combined_shuffled,32,73
speed_10s_avg_stage3_col1_mean,0.01284072360463919,Combined_shuffled,32,73
speed_10s_avg_stage3_col1_std_over_mean,0.035913108827321724,Combined_shuffled,32,73
speed_10s_avg_stage3_col2_mean,0.009201205708158177,Combined_shuffled,32,73
speed_10s_avg_stage3_col2_std_over_mean,0.026313315216422276,Combined_shuffled,32,73
speed_10s_avg_stage4_rows,0.007406271004909499,Combined_shuffled,32,73
speed_10s_avg_stage4_col1_mean,0.028770976586907193,Combined_shuffled,32,73
speed_10s_avg_stage4_col1_std_over_mean,0.02271872905391973,Combined_shuffled,32,73
speed_10s_avg_stage4_col2_mean,0.008446649394844035,Combined_shuffled,32,73
speed_10s_avg_stage4_col2_std_over_mean,0.03485804202764149,Combined_shuffled,32,73
speed_10s_avg_stage5_rows,0.0015643414668068988,Combined_shuffled,32,73
speed_10s_avg_stage5_col1_mean,0.018067731664119444,Combined_shuffled,32,73
speed_10s_avg_stage5_col1_std_over_mean,0.028712791133300015,Combined_shuffled,32,73
speed_10s_avg_stage5_col2_mean,0.007394075176868388,Combined_shuffled,32,73
speed_10s_avg_stage5_col2_std_over_mean,0.02434707328702999,Combined_shuffled,32,73
stage_2_frames,0.024373980864131166,Combined_shuffled,33,74
stage_3_frames,0.004447286116140919,Combined_shuffled,33,74
stage_4_frames,0.01363660723435815,Combined_shuffled,33,74
stage_5_frames,0.005811963711918031,Combined_shuffled,33,74
roam_mean,0.02281482869469791,Combined_shuffled,33,74
roam_std_over_mean,0.015640177286958778,Combined_shuffled,33,74
roam_early_mean,0.03561218961090769,Combined_shuffled,33,74
roam_mid_mean,0.03838609604388908,Combined_shuffled,33,74
roam_late_mean,0.02635482030680575,Combined_shuffled,33,74
roam_slope,0.028264017623398564,Combined_shuffled,33,74
speed_1s_rows,0.010038525645671065,Combined_shuffled,33,74
speed_1s_stage2_rows,0.007226303317066846,Combined_shuffled,33,74
speed_1s_stage2_col1_mean,0.022960146535783717,Combined_shuffled,33,74
speed_1s_stage2_col1_std_over_mean,0.043745424408148256,Combined_shuffled,33,74
speed_1s_stage2_col2_mean,0.00708367228806015,Combined_shuffled,33,74
speed_1s_stage2_col2_std_over_mean,0.012309548413397793,Combined_shuffled,33,74
speed_1s_stage3_rows,0.012474195518528268,Combined_shuffled,33,74
speed_1s_stage3_col1_mean,0.014014512284771194,Combined_shuffled,33,74
speed_1s_stage3_col1_std_over_mean,0.026166528746325874,Combined_shuffled,33,74
speed_1s_stage3_col2_mean,0.01586806384957072,Combined_shuffled,33,74
speed_1s_stage3_col2_std_over_mean,0.016567734429511892,Combined_shuffled,33,74
speed_1s_stage4_rows,0.007189564696810546,Combined_shuffled,33,74
speed_1s_stage4_col1_mean,0.02188216492906456,Combined_shuffled,33,74
speed_1s_stage4_col1_std_over_mean,0.034859937017783484,Combined_shuffled,33,74
speed_1s_stage4_col2_mean,0.011374953928928707,Combined_shuffled,33,74
speed_1s_stage4_col2_std_over_mean,0.02792589883955201,Combined_shuffled,33,74
speed_1s_stage5_rows,0.0007006192783144415,Combined_shuffled,33,74
speed_1s_stage5_col1_mean,0.01623882016051303,Combined_shuffled,33,74
speed_1s_stage5_col1_std_over_mean,0.017012356801911672,Combined_shuffled,33,74
speed_1s_stage5_col2_mean,0.010042708560071585,Combined_shuffled,33,74
speed_1s_stage5_col2_std_over_mean,0.009141471246341874,Combined_shuffled,33,74
speed_10s_avg_rows,0.009915269060646532,Combined_shuffled,33,74
speed_10s_avg_stage2_rows,0.00698033279293042,Combined_shuffled,33,74
speed_10s_avg_stage2_col1_mean,0.024958046634721395,Combined_shuffled,33,74
speed_10s_avg_stage2_col1_std_over_mean,0.05891894580262994,Combined_shuffled,33,74
speed_10s_avg_stage2_col2_mean,0.010811175625125026,Combined_shuffled,33,74
speed_10s_avg_stage2_col2_std_over_mean,0.023320783519511272,Combined_shuffled,33,74
speed_10s_avg_stage3_rows,0.007476052787495991,Combined_shuffled,33,74
speed_10s_avg_stage3_col1_mean,0.012088615807891601,Combined_shuffled,33,74
speed_10s_avg_stage3_col1_std_over_mean,0.024041175743281972,Combined_shuffled,33,74
speed_10s_avg_stage3_col2_mean,0.0161987180671849,Combined_shuffled,33,74
speed_10s_avg_stage3_col2_std_over_mean,0.04756354694786732,Combined_shuffled,33,74
speed_10s_avg_stage4_rows,0.009030954336355323,Combined_shuffled,33,74
speed_10s_avg_stage4_col1_mean,0.021488430231166183,Combined_shuffled,33,74
speed_10s_avg_stage4_col1_std_over_mean,0.013628467658289253,Combined_shuffled,33,74
speed_10s_avg_stage4_col2_mean,0.014935642618174665,Combined_shuffled,33,74
speed_10s_avg_stage4_col2_std_over_mean,0.06420854284659873,Combined_shuffled,33,74
speed_10s_avg_stage5_rows,0.0005431696974131228,Combined_shuffled,33,74
speed_10s_avg_stage5_col1_mean,0.019260732296553267,Combined_shuffled,33,74
speed_10s_avg_stage5_col1_std_over_mean,0.015145694632948254,Combined_shuffled,33,74
speed_10s_avg_stage5_col2_mean,0.010296300477760022,Combined_shuffled,33,74
speed_10s_avg_stage5_col2_std_over_mean,0.02902428402612119,Combined_shuffled,33,74
stage_2_frames,0.029591772657591463,Combined_shuffled,34,75
stage_3_frames,0.006307671160937259,Combined_shuffled,34,75
stage_4_frames,0.011599194519257417,Combined_shuffled,34,75
stage_5_frames,0.011634378814696015,Combined_shuffled,34,75
roam_mean,0.017794088206391955,Combined_shuffled,34,75
roam_std_over_mean,0.014438956578413464,Combined_shuffled,34,75
roam_early_mean,0.02161151595283577,Combined_shuffled,34,75
roam_mid_mean,0.05071825460399955,Combined_shuffled,34,75
roam_late_mean,0.02503989598334548,Combined_shuffled,34,75
roam_slope,0.03033912367194322,Combined_shuffled,34,75
speed_1s_rows,0.009382613071731112,Combined_shuffled,34,75
speed_1s_stage2_rows,0.006915646463228151,Combined_shuffled,34,75
speed_1s_stage2_col1_mean,0.01759395116760583,Combined_shuffled,34,75
speed_1s_stage2_col1_std_over_mean,0.03150286583516449,Combined_shuffled,34,75
speed_1s_stage2_col2_mean,0.009679227159324845,Combined_shuffled,34,75
speed_1s_stage2_col2_std_over_mean,0.017541337574654606,Combined_shuffled,34,75
speed_1s_stage3_rows,0.011084422490006745,Combined_shuffled,34,75
speed_1s_stage3_col1_mean,0.01354629202937301,Combined_shuffled,34,75
speed_1s_stage3_col1_std_over_mean,0.047492710404513395,Combined_shuffled,34,75
speed_1s_stage3_col2_mean,0.012625688387414272,Combined_shuffled,34,75
speed_1s_stage3_col2_std_over_mean,0.011108073333562426,Combined_shuffled,34,75
speed_1s_stage4_rows,0.01273970694899207,Combined_shuffled,34,75
speed_1s_stage4_col1_mean,0.023573992811635604,Combined_shuffled,34,75
speed_1s_stage4_col1_std_over_mean,0.024289468335188812,Combined_shuffled,34,75
speed_1s_stage4_col2_mean,0.015130131942858225,Combined_shuffled,34,75
speed_1s_stage4_col2_std_over_mean,0.0348236371157174,Combined_shuffled,34,75
speed_1s_stage5_rows,7.059966600662841e-05,Combined_shuffled,34,75
speed_1s_stage5_col1_mean,0.02585802245493816,Combined_shuffled,34,75
speed_1s_stage5_col1_std_over_mean,0.01947132645611034,Combined_shuffled,34,75
speed_1s_stage5_col2_mean,0.011583574477765474,Combined_shuffled,34,75
speed_1s_stage5_col2_std_over_mean,0.01135431671195703,Combined_shuffled,34,75
speed_10s_avg_rows,0.010684877895759263,Combined_shuffled,34,75
speed_10s_avg_stage2_rows,0.006392498887038539,Combined_shuffled,34,75
speed_10s_avg_stage2_col1_mean,0.0198554212816032,Combined_shuffled,34,75
speed_10s_avg_stage2_col1_std_over_mean,0.03965866511518497,Combined_shuffled,34,75
speed_10s_avg_stage2_col2_mean,0.014803821750704356,Combined_shuffled,34,75
speed_10s_avg_stage2_col2_std_over_mean,0.01486975181661284,Combined_shuffled,34,75
speed_10s_avg_stage3_rows,0.009057234587049169,Combined_shuffled,34,75
speed_10s_avg_stage3_col1_mean,0.015417586827584234,Combined_shuffled,34,75
speed_10s_avg_stage3_col1_std_over_mean,0.02332263136736063,Combined_shuffled,34,75
speed_10s_avg_stage3_col2_mean,0.01283368472232146,Combined_shuffled,34,75
speed_10s_avg_stage3_col2_std_over_mean,0.03425433740348747,Combined_shuffled,34,75
speed_10s_avg_stage4_rows,0.012545665396460182,Combined_shuffled,34,75
speed_10s_avg_stage4_col1_mean,0.022083621341899017,Combined_shuffled,34,75
speed_10s_avg_stage4_col1_std_over_mean,0.01886625616279592,Combined_shuffled,34,75
speed_10s_avg_stage4_col2_mean,0.015130817588226955,Combined_shuffled,34,75
speed_10s_avg_stage4_col2_std_over_mean,0.06429427669921382,Combined_shuffled,34,75
speed_10s_avg_stage5_rows,0.0005052306837083163,Combined_shuffled,34,75
speed_10s_avg_stage5_col1_mean,0.027657673305018685,Combined_shuffled,34,75
speed_10s_avg_stage5_col1_std_over_mean,0.021472364102644456,Combined_shuffled,34,75
speed_10s_avg_stage5_col2_mean,0.011351288630641195,Combined_shuffled,34,75
speed_10s_avg_stage5_col2_std_over_mean,0.01849983744752523,Combined_shuffled,34,75
stage_2_frames,0.030164217438136513,Combined_shuffled,35,76
stage_3_frames,0.006533450555104864,Combined_shuffled,35,76
stage_4_frames,0.008922427929102366,Combined_shuffled,35,76
stage_5_frames,0.0065269388569796135,Combined_shuffled,35,76
roam_mean,0.019137087968081386,Combined_shuffled,35,76
roam_std_over_mean,0.012423118060725772,Combined_shuffled,35,76
roam_early_mean,0.030955450170284476,Combined_shuffled,35,76
roam_mid_mean,0.04537823218263341,Combined_shuffled,35,76
roam_late_mean,0.013547333746098188,Combined_shuffled,35,76
roam_slope,0.040225029503912095,Combined_shuffled,35,76
speed_1s_rows,0.006032114635952586,Combined_shuffled,35,76
speed_1s_stage2_rows,0.007703102582719104,Combined_shuffled,35,76
speed_1s_stage2_col1_mean,0.02172569787683526,Combined_shuffled,35,76
speed_1s_stage2_col1_std_over_mean,0.018942231355971305,Combined_shuffled,35,76
speed_1s_stage2_col2_mean,0.013221039349554542,Combined_shuffled,35,76
speed_1s_stage2_col2_std_over_mean,0.030334977828805048,Combined_shuffled,35,76
speed_1s_stage3_rows,0.010460976442057936,Combined_shuffled,35,76
speed_1s_stage3_col1_mean,0.016214514642737574,Combined_shuffled,35,76
speed_1s_stage3_col1_std_over_mean,0.03948781748138874,Combined_shuffled,35,76
speed_1s_stage3_col2_mean,0.023742018552530587,Combined_shuffled,35,76
speed_1s_stage3_col2_std_over_mean,0.03370890675192198,Combined_shuffled,35,76
speed_1s_stage4_rows,0.006727858152060694,Combined_shuffled,35,76
speed_1s_stage4_col1_mean,0.01498680131161933,Combined_shuffled,35,76
speed_1s_stage4_col1_std_over_mean,0.029082794830886237,Combined_shuffled,35,76
speed_1s_stage4_col2_mean,0.011498180113002522,Combined_shuffled,35,76
speed_1s_stage4_col2_std_over_mean,0.023681025943825654,Combined_shuffled,35,76
speed_1s_stage5_rows,0.0015379229209269304,Combined_shuffled,35,76
speed_1s_stage5_col1_mean,0.022016473748816857,Combined_shuffled,35,76
speed_1s_stage5_col1_std_over_mean,0.011969961963232979,Combined_shuffled,35,76
speed_1s_stage5_col2_mean,0.01812959203393196,Combined_shuffled,35,76
speed_1s_stage5_col2_std_over_mean,0.012264782631961886,Combined_shuffled,35,76
speed_10s_avg_rows,0.009046770338254316,Combined_shuffled,35,76
speed_10s_avg_stage2_rows,0.004973231737658239,Combined_shuffled,35,76
speed_10s_avg_stage2_col1_mean,0.020465939097460865,Combined_shuffled,35,76
speed_10s_avg_stage2_col1_std_over_mean,0.033596758289307645,Combined_shuffled,35,76
speed_10s_avg_stage2_col2_mean,0.01530345869953908,Combined_shuffled,35,76
speed_10s_avg_stage2_col2_std_over_mean,0.008950138639128481,Combined_shuffled,35,76
speed_10s_avg_stage3_rows,0.010549299701664142,Combined_shuffled,35,76
speed_10s_avg_stage3_col1_mean,0.012702745162123118,Combined_shuffled,35,76
speed_10s_avg_stage3_col1_std_over_mean,0.0351806551915884,Combined_shuffled,35,76
speed_10s_avg_stage3_col2_mean,0.024244083044672755,Combined_shuffled,35,76
speed_10s_avg_stage3_col2_std_over_mean,0.04008592906983739,Combined_shuffled,35,76
speed_10s_avg_stage4_rows,0.0067597433681775366,Combined_shuffled,35,76
speed_10s_avg_stage4_col1_mean,0.016043185710653298,Combined_shuffled,35,76
speed_10s_avg_stage4_col1_std_over_mean,0.013840589217415109,Combined_shuffled,35,76
speed_10s_avg_stage4_col2_mean,0.01419621512853604,Combined_shuffled,35,76
speed_10s_avg_stage4_col2_std_over_mean,0.06324582426722887,Combined_shuffled,35,76
speed_10s_avg_stage5_rows,0.0007050172391234744,Combined_shuffled,35,76
speed_10s_avg_stage5_col1_mean,0.02143899485331394,Combined_shuffled,35,76
speed_10s_avg_stage5_col1_std_over_mean,0.012441032011767057,Combined_shuffled,35,76
speed_10s_avg_stage5_col2_mean,0.02027451512448064,Combined_shuffled,35,76
speed_10s_avg_stage5_col2_std_over_mean,0.028673796546271214,Combined_shuffled,35,76
stage_2_frames,0.030320178481243652,Combined_shuffled,36,77
stage_3_frames,0.010968926025276994,Combined_shuffled,36,77
stage_4_frames,0.009042497529957554,Combined_shuffled,36,77
stage_5_frames,0.011113260300096484,Combined_shuffled,36,77
roam_mean,0.015192782977172097,Combined_shuffled,36,77
roam_std_over_mean,0.011670100391743432,Combined_shuffled,36,77
roam_early_mean,0.02464542003644145,Combined_shuffled,36,77
roam_mid_mean,0.12649977137068108,Combined_shuffled,36,77
roam_late_mean,0.015697803982764116,Combined_shuffled,36,77
roam_slope,0.01949794840133281,Combined_shuffled,36,77
speed_1s_rows,0.0073882660498351274,Combined_shuffled,36,77
speed_1s_stage2_rows,0.006750855772802094,Combined_shuffled,36,77
speed_1s_stage2_col1_mean,0.013802258654383743,Combined_shuffled,36,77
speed_1s_stage2_col1_std_over_mean,0.021740167679300267,Combined_shuffled,36,77
speed_1s_stage2_col2_mean,0.010115399221690137,Combined_shuffled,36,77
speed_1s_stage2_col2_std_over_mean,0.015855305768550886,Combined_shuffled,36,77
speed_1s_stage3_rows,0.010592120221847716,Combined_shuffled,36,77
speed_1s_stage3_col1_mean,0.01586277873391328,Combined_shuffled,36,77
speed_1s_stage3_col1_std_over_mean,0.0330750050632253,Combined_shuffled,36,77
speed_1s_stage3_col2_mean,0.010246520934700567,Combined_shuffled,36,77
speed_1s_stage3_col2_std_over_mean,0.03201632713101648,Combined_shuffled,36,77
speed_1s_stage4_rows,0.00926248394834165,Combined_shuffled,36,77
speed_1s_stage4_col1_mean,0.023158825415827398,Combined_shuffled,36,77
speed_1s_stage4_col1_std_over_mean,0.022438675806727825,Combined_shuffled,36,77
speed_1s_stage4_col2_mean,0.011998653041721801,Combined_shuffled,36,77
speed_1s_stage4_col2_std_over_mean,0.020547047633652494,Combined_shuffled,36,77
speed_1s_stage5_rows,0.0004564506622259969,Combined_shuffled,36,77
speed_1s_stage5_col1_mean,0.013517846911658214,Combined_shuffled,36,77
speed_1s_stage5_col1_std_over_mean,0.020725332398044798,Combined_shuffled,36,77
speed_1s_stage5_col2_mean,0.011444848861792568,Combined_shuffled,36,77
speed_1s_stage5_col2_std_over_mean,0.011856056514386593,Combined_shuffled,36,77
speed_10s_avg_rows,0.005997629441951986,Combined_shuffled,36,77
speed_10s_avg_stage2_rows,0.006868347544880453,Combined_shuffled,36,77
speed_10s_avg_stage2_col1_mean,0.01520894547690516,Combined_shuffled,36,77
speed_10s_avg_stage2_col1_std_over_mean,0.0268586555311123,Combined_shuffled,36,77
speed_10s_avg_stage2_col2_mean,0.008485625925501023,Combined_shuffled,36,77
speed_10s_avg_stage2_col2_std_over_mean,0.04146210248480063,Combined_shuffled,36,77
speed_10s_avg_stage3_rows,0.013067195042437328,Combined_shuffled,36,77
speed_10s_avg_stage3_col1_mean,0.01623277009847688,Combined_shuffled,36,77
speed_10s_avg_stage3_col1_std_over_mean,0.033466368147534016,Combined_shuffled,36,77
speed_10s_avg_stage3_col2_mean,0.010319347052096972,Combined_shuffled,36,77
speed_10s_avg_stage3_col2_std_over_mean,0.046752264116690166,Combined_shuffled,36,77
speed_10s_avg_stage4_rows,0.004959633956819829,Combined_shuffled,36,77
speed_10s_avg_stage4_col1_mean,0.015478837576572792,Combined_shuffled,36,77
speed_10s_avg_stage4_col1_std_over_mean,0.016132863245299115,Combined_shuffled,36,77
speed_10s_avg_stage4_col2_mean,0.016221935387422313,Combined_shuffled,36,77
speed_10s_avg_stage4_col2_std_over_mean,0.04510736045187041,Combined_shuffled,36,77
speed_10s_avg_stage5_rows,0.00014047246922927912,Combined_shuffled,36,77
speed_10s_avg_stage5_col1_mean,0.013607867831507624,Combined_shuffled,36,77
speed_10s_avg_stage5_col1_std_over_mean,0.01571430329742489,Combined_shuffled,36,77
speed_10s_avg_stage5_col2_mean,0.011905119220280763,Combined_shuffled,36,77
speed_10s_avg_stage5_col2_std_over_mean,0.03851243977883147,Combined_shuffled,36,77
stage_2_frames,0.025336338533402204,Combined_shuffled,37,78
stage_3_frames,0.007439837138435642,Combined_shuffled,37,78
stage_4_frames,0.0069618841422377535,Combined_shuffled,37,78
stage_5_frames,0.005608463251389839,Combined_shuffled,37,78
roam_mean,0.020907273057086437,Combined_shuffled,37,78
roam_std_over_mean,0.016281709485412844,Combined_shuffled,37,78
roam_early_mean,0.024593981055622483,Combined_shuffled,37,78
roam_mid_mean,0.08708151134610143,Combined_shuffled,37,78
roam_late_mean,0.022850705548717255,Combined_shuffled,37,78
roam_slope,0.022426858720805083,Combined_shuffled,37,78
speed_1s_rows,0.014872198958230144,Combined_shuffled,37,78
speed_1s_stage2_rows,0.006095402845725554,Combined_shuffled,37,78
speed_1s_stage2_col1_mean,0.018867659553677408,Combined_shuffled,37,78
speed_1s_stage2_col1_std_over_mean,0.041396432448049136,Combined_shuffled,37,78
speed_1s_stage2_col2_mean,0.01113525675165535,Combined_shuffled,37,78
speed_1s_stage2_col2_std_over_mean,0.027666818123395345,Combined_shuffled,37,78
speed_1s_stage3_rows,0.003932042825691134,Combined_shuffled,37,78
speed_1s_stage3_col1_mean,0.010850206723977459,Combined_shuffled,37,78
speed_1s_stage3_col1_std_over_mean,0.02784432713204725,Combined_shuffled,37,78
speed_1s_stage3_col2_mean,0.00766108263298065,Combined_shuffled,37,78
speed_1s_stage3_col2_std_over_mean,0.017874721185750255,Combined_shuffled,37,78
speed_1s_stage4_rows,0.009334260316896345,Combined_shuffled,37,78
speed_1s_stage4_col1_mean,0.02535093987911291,Combined_shuffled,37,78
speed_1s_stage4_col1_std_over_mean,0.03500559229955286,Combined_shuffled,37,78
speed_1s_stage4_col2_mean,0.01110712257918741,Combined_shuffled,37,78
speed_1s_stage4_col2_std_over_mean,0.013973861233095033,Combined_shuffled,37,78
speed_1s_stage5_rows,0.00143253542364123,Combined_shuffled,37,78
speed_1s_stage5_col1_mean,0.01721822423975949,Combined_shuffled,37,78
speed_1s_stage5_col1_std_over_mean,0.0260123005398471,Combined_shuffled,37,78
speed_1s_stage5_col2_mean,0.015881799835761847,Combined_shuffled,37,78
speed_1s_stage5_col2_std_over_mean,0.011915007808380193,Combined_shuffled,37,78
speed_10s_avg_rows,0.014944609718286306,Combined_shuffled,37,78
speed_10s_avg_stage2_rows,0.005556909301468381,Combined_shuffled,37,78
speed_10s_avg_stage2_col1_mean,0.022180305890809042,Combined_shuffled,37,78
speed_10s_avg_stage2_col1_std_over_mean,0.027513050162796877,Combined_shuffled,37,78
speed_10s_avg_stage2_col2_mean,0.011082284171488278,Combined_shuffled,37,78
speed_10s_avg_stage2_col2_std_over_mean,0.033194651825914086,Combined_shuffled,37,78
speed_10s_avg_stage3_rows,0.005832684271345654,Combined_shuffled,37,78
speed_10s_avg_stage3_col1_mean,0.012622654486357111,Combined_shuffled,37,78
speed_10s_avg_stage3_col1_std_over_mean,0.02143588194646162,Combined_shuffled,37,78
speed_10s_avg_stage3_col2_mean,0.009913663594290701,Combined_shuffled,37,78
speed_10s_avg_stage3_col2_std_over_mean,0.049563343204229726,Combined_shuffled,37,78
speed_10s_avg_stage4_rows,0.007559428403090157,Combined_shuffled,37,78
speed_10s_avg_stage4_col1_mean,0.02131311316670761,Combined_shuffled,37,78
speed_10s_avg_stage4_col1_std_over_mean,0.016837101686026864,Combined_shuffled,37,78
speed_10s_avg_stage4_col2_mean,0.014320951577937455,Combined_shuffled,37,78
speed_10s_avg_stage4_col2_std_over_mean,0.06067737644497315,Combined_shuffled,37,78
speed_10s_avg_stage5_rows,0.0015195250650688386,Combined_shuffled,37,78
speed_10s_avg_stage5_col1_mean,0.015334914958514263,Combined_shuffled,37,78
speed_10s_avg_stage5_col1_std_over_mean,0.01543809442815886,Combined_shuffled,37,78
speed_10s_avg_stage5_col2_mean,0.017020075807575273,Combined_shuffled,37,78
speed_10s_avg_stage5_col2_std_over_mean,0.021223024272874674,Combined_shuffled,37,78
stage_2_frames,0.020376539531698018,Combined_shuffled,38,79
stage_3_frames,0.007692033155935027,Combined_shuffled,38,79
stage_4_frames,0.014124531317136079,Combined_shuffled,38,79
stage_5_frames,0.014316549877601089,Combined_shuffled,38,79
roam_mean,0.015354786135283158,Combined_shuffled,38,79
roam_std_over_mean,0.017084982773724895,Combined_shuffled,38,79
roam_early_mean,0.022332813240105873,Combined_shuffled,38,79
roam_mid_mean,0.046667460029228884,Combined_shuffled,38,79
roam_late_mean,0.01673907546491954,Combined_shuffled,38,79
roam_slope,0.026399971307594656,Combined_shuffled,38,79
speed_1s_rows,0.012813082669103427,Combined_shuffled,38,79
speed_1s_stage2_rows,0.006308360752372761,Combined_shuffled,38,79
speed_1s_stage2_col1_mean,0.02541831651348747,Combined_shuffled,38,79
speed_1s_stage2_col1_std_over_mean,0.03719622437290105,Combined_shuffled,38,79
speed_1s_stage2_col2_mean,0.009716178485450007,Combined_shuffled,38,79
speed_1s_stage2_col2_std_over_mean,0.021378384228072998,Combined_shuffled,38,79
speed_1s_stage3_rows,0.012581961197638816,Combined_shuffled,38,79
speed_1s_stage3_col1_mean,0.012118973346544205,Combined_shuffled,38,79
speed_1s_stage3_col1_std_over_mean,0.038107856589571755,Combined_shuffled,38,79
speed_1s_stage3_col2_mean,0.012496749014737159,Combined_shuffled,38,79
speed_1s_stage3_col2_std_over_mean,0.012095164526510731,Combined_shuffled,38,79
speed_1s_stage4_rows,0.012724688470685681,Combined_shuffled,38,79
speed_1s_stage4_col1_mean,0.01967648954687284,Combined_shuffled,38,79
speed_1s_stage4_col1_std_over_mean,0.027734264381039986,Combined_shuffled,38,79
speed_1s_stage4_col2_mean,0.016969865958612895,Combined_shuffled,38,79
speed_1s_stage4_col2_std_over_mean,0.026957965856181185,Combined_shuffled,38,79
speed_1s_stage5_rows,0.0004904770087025395,Combined_shuffled,38,79
speed_1s_stage5_col1_mean,0.01374868482744982,Combined_shuffled,38,79
speed_1s_stage5_col1_std_over_mean,0.027037868898389477,Combined_shuffled,38,79
speed_1s_stage5_col2_mean,0.015398389739200796,Combined_shuffled,38,79
speed_1s_stage5_col2_std_over_mean,0.009587977540735934,Combined_shuffled,38,79
speed_10s_avg_rows,0.012000172899336017,Combined_shuffled,38,79
speed_10s_avg_stage2_rows,0.007368054904974015,Combined_shuffled,38,79
speed_10s_avg_stage2_col1_mean,0.036427241257008865,Combined_shuffled,38,79
speed_10s_avg_stage2_col1_std_over_mean,0.03208421549904674,Combined_shuffled,38,79
speed_10s_avg_stage2_col2_mean,0.00933871423753349,Combined_shuffled,38,79
speed_10s_avg_stage2_col2_std_over_mean,0.01681224373795527,Combined_shuffled,38,79
speed_10s_avg_stage3_rows,0.013046352334571536,Combined_shuffled,38,79
speed_10s_avg_stage3_col1_mean,0.015822628481960633,Combined_shuffled,38,79
speed_10s_avg_stage3_col1_std_over_mean,0.023729643058947113,Combined_shuffled,38,79
speed_10s_avg_stage3_col2_mean,0.010602699198223528,Combined_shuffled,38,79
speed_10s_avg_stage3_col2_std_over_mean,0.05648848528716348,Combined_shuffled,38,79
speed_10s_avg_stage4_rows,0.012541988904164292,Combined_shuffled,38,79
speed_10s_avg_stage4_col1_mean,0.02132979989928345,Combined_shuffled,38,79
speed_10s_avg_stage4_col1_std_over_mean,0.01671419660592412,Combined_shuffled,38,79
speed_10s_avg_stage4_col2_mean,0.016802407805312582,Combined_shuffled,38,79
speed_10s_avg_stage4_col2_std_over_mean,0.04133273113750307,Combined_shuffled,38,79
speed_10s_avg_stage5_rows,0.0006613740749629728,Combined_shuffled,38,79
speed_10s_avg_stage5_col1_mean,0.013916009498358922,Combined_shuffled,38,79
speed_10s_avg_stage5_col1_std_over_mean,0.01615681994050774,Combined_shuffled,38,79
speed_10s_avg_stage5_col2_mean,0.012618703034222259,Combined_shuffled,38,79
speed_10s_avg_stage5_col2_std_over_mean,0.042558851445551174,Combined_shuffled,38,79
stage_2_frames,0.025949733246665215,Combined_shuffled,39,80
stage_3_frames,0.012553844715399647,Combined_shuffled,39,80
stage_4_frames,0.012008662524315584,Combined_shuffled,39,80
stage_5_frames,0.011688542520342153,Combined_shuffled,39,80
roam_mean,0.02226947543180031,Combined_shuffled,39,80
roam_std_over_mean,0.012459922836602513,Combined_shuffled,39,80
roam_early_mean,0.0253082467919107,Combined_shuffled,39,80
roam_mid_mean,0.04215804281802964,Combined_shuffled,39,80
roam_late_mean,0.02057746551968139,Combined_shuffled,39,80
roam_slope,0.023314530161833127,Combined_shuffled,39,80
speed_1s_rows,0.009255014763768518,Combined_shuffled,39,80
speed_1s_stage2_rows,0.00948269561120859,Combined_shuffled,39,80
speed_1s_stage2_col1_mean,0.019751348800582633,Combined_shuffled,39,80
speed_1s_stage2_col1_std_over_mean,0.044541141056118665,Combined_shuffled,39,80
speed_1s_stage2_col2_mean,0.02312581288369687,Combined_shuffled,39,80
speed_1s_stage2_col2_std_over_mean,0.028493190620720952,Combined_shuffled,39,80
speed_1s_stage3_rows,0.012183041613325774,Combined_shuffled,39,80
speed_1s_stage3_col1_mean,0.01034730281401794,Combined_shuffled,39,80
speed_1s_stage3_col1_std_over_mean,0.02925579208150233,Combined_shuffled,39,80
speed_1s_stage3_col2_mean,0.015562318296535229,Combined_shuffled,39,80
speed_1s_stage3_col2_std_over_mean,0.01656324207242514,Combined_shuffled,39,80
speed_1s_stage4_rows,0.009412419247636535,Combined_shuffled,39,80
speed_1s_stage4_col1_mean,0.018038531572117947,Combined_shuffled,39,80
speed_1s_stage4_col1_std_over_mean,0.02599995553555843,Combined_shuffled,39,80
speed_1s_stage4_col2_mean,0.016405135966223738,Combined_shuffled,39,80
speed_1s_stage4_col2_std_over_mean,0.02640925196313168,Combined_shuffled,39,80
speed_1s_stage5_rows,0.0003628237396953144,Combined_shuffled,39,80
speed_1s_stage5_col1_mean,0.015066582894320517,Combined_shuffled,39,80
speed_1s_stage5_col1_std_over_mean,0.020997952676676937,Combined_shuffled,39,80
speed_1s_stage5_col2_mean,0.013504945651198181,Combined_shuffled,39,80
speed_1s_stage5_col2_std_over_mean,0.010737439376574837,Combined_shuffled,39,80
speed_10s_avg_rows,0.015433056394404353,Combined_shuffled,39,80
speed_10s_avg_stage2_rows,0.011276640141029352,Combined_shuffled,39,80
speed_10s_avg_stage2_col1_mean,0.01457081182729751,Combined_shuffled,39,80
speed_10s_avg_stage2_col1_std_over_mean,0.02977225775508372,Combined_shuffled,39,80
speed_10s_avg_stage2_col2_mean,0.021898396701781786,Combined_shuffled,39,80
speed_10s_avg_stage2_col2_std_over_mean,0.018889706957899148,Combined_shuffled,39,80
speed_10s_avg_stage3_rows,0.013290586884584968,Combined_shuffled,39,80
speed_10s_avg_stage3_col1_mean,0.012381237439391467,Combined_shuffled,39,80
speed_10s_avg_stage3_col1_std_over_mean,0.026670163169595754,Combined_shuffled,39,80
speed_10s_avg_stage3_col2_mean,0.015883894721745853,Combined_shuffled,39,80
speed_10s_avg_stage3_col2_std_over_mean,0.059053455216161885,Combined_shuffled,39,80
speed_10s_avg_stage4_rows,0.008395657190593792,Combined_shuffled,39,80
speed_10s_avg_stage4_col1_mean,0.014829042936222543,Combined_shuffled,39,80
speed_10s_avg_stage4_col1_std_over_mean,0.011602868821888311,Combined_shuffled,39,80
speed_10s_avg_stage4_col2_mean,0.010393684485323594,Combined_shuffled,39,80
speed_10s_avg_stage4_col2_std_over_mean,0.06007526251212012,Combined_shuffled,39,80
speed_10s_avg_stage5_rows,0.0006608176109481848,Combined_shuffled,39,80
speed_10s_avg_stage5_col1_mean,0.017516442283106955,Combined_shuffled,39,80
speed_10s_avg_stage5_col1_std_over_mean,0.01648137060874321,Combined_shuffled,39,80
speed_10s_avg_stage5_col2_mean,0.012303050423486608,Combined_shuffled,39,80
speed_10s_avg_stage5_col2_std_over_mean,0.024837190114973855,Combined_shuffled,39,80
stage_2_frames,0.026637315994235918,Combined_shuffled,40,81
stage_3_frames,0.005313741635993892,Combined_shuffled,40,81
stage_4_frames,0.013219151749876918,Combined_shuffled,40,81
stage_5_frames,0.010340970951849045,Combined_shuffled,40,81
roam_mean,0.017845797691165295,Combined_shuffled,40,81
roam_std_over_mean,0.014036858470587511,Combined_shuffled,40,81
roam_early_mean,0.03036726302497509,Combined_shuffled,40,81
roam_mid_mean,0.0803197784231274,Combined_shuffled,40,81
roam_late_mean,0.016553555396883524,Combined_shuffled,40,81
roam_slope,0.029094739315951402,Combined_shuffled,40,81
speed_1s_rows,0.008526532352017962,Combined_shuffled,40,81
speed_1s_stage2_rows,0.008482803474143282,Combined_shuffled,40,81
speed_1s_stage2_col1_mean,0.018560592009169707,Combined_shuffled,40,81
speed_1s_stage2_col1_std_over_mean,0.035094148621736765,Combined_shuffled,40,81
speed_1s_stage2_col2_mean,0.024030744811852058,Combined_shuffled,40,81
speed_1s_stage2_col2_std_over_mean,0.01581580670197778,Combined_shuffled,40,81
speed_1s_stage3_rows,0.012295030785935634,Combined_shuffled,40,81
speed_1s_stage3_col1_mean,0.013642964010232657,Combined_shuffled,40,81
speed_1s_stage3_col1_std_over_mean,0.025141560462213716,Combined_shuffled,40,81
speed_1s_stage3_col2_mean,0.008869604218620828,Combined_shuffled,40,81
speed_1s_stage3_col2_std_over_mean,0.01423958482861551,Combined_shuffled,40,81
speed_1s_stage4_rows,0.012504309534085099,Combined_shuffled,40,81
speed_1s_stage4_col1_mean,0.018609823069928477,Combined_shuffled,40,81
speed_1s_stage4_col1_std_over_mean,0.021772563360307164,Combined_shuffled,40,81
speed_1s_stage4_col2_mean,0.011778930125534496,Combined_shuffled,40,81
speed_1s_stage4_col2_std_over_mean,0.03346289409664213,Combined_shuffled,40,81
speed_1s_stage5_rows,0.00020645653624302507,Combined_shuffled,40,81
speed_1s_stage5_col1_mean,0.027424008612832437,Combined_shuffled,40,81
speed_1s_stage5_col1_std_over_mean,0.018441304783490996,Combined_shuffled,40,81
speed_1s_stage5_col2_mean,0.010886807660802134,Combined_shuffled,40,81
speed_1s_stage5_col2_std_over_mean,0.010996998141448238,Combined_shuffled,40,81
speed_10s_avg_rows,0.00800890951211657,Combined_shuffled,40,81
speed_10s_avg_stage2_rows,0.005834503933118737,Combined_shuffled,40,81
speed_10s_avg_stage2_col1_mean,0.01989610480029788,Combined_shuffled,40,81
speed_10s_avg_stage2_col1_std_over_mean,0.02471010322122126,Combined_shuffled,40,81
speed_10s_avg_stage2_col2_mean,0.02653017497483805,Combined_shuffled,40,81
speed_10s_avg_stage2_col2_std_over_mean,0.023789216025784588,Combined_shuffled,40,81
speed_10s_avg_stage3_rows,0.011893046431719385,Combined_shuffled,40,81
speed_10s_avg_stage3_col1_mean,0.013159359073907166,Combined_shuffled,40,81
speed_10s_avg_stage3_col1_std_over_mean,0.027345118256724466,Combined_shuffled,40,81
speed_10s_avg_stage3_col2_mean,0.011073082892036472,Combined_shuffled,40,81
speed_10s_avg_stage3_col2_std_over_mean,0.03655274837780875,Combined_shuffled,40,81
speed_10s_avg_stage4_rows,0.009089275982842258,Combined_shuffled,40,81
speed_10s_avg_stage4_col1_mean,0.019271601604735553,Combined_shuffled,40,81
speed_10s_avg_stage4_col1_std_over_mean,0.01699019362625189,Combined_shuffled,40,81
speed_10s_avg_stage4_col2_mean,0.012642838112424488,Combined_shuffled,40,81
speed_10s_avg_stage4_col2_std_over_mean,0.042757875033032404,Combined_shuffled,40,81
speed_10s_avg_stage5_rows,5.558661805005037e-05,Combined_shuffled,40,81
speed_10s_avg_stage5_col1_mean,0.02882487875159434,Combined_shuffled,40,81
speed_10s_avg_stage5_col1_std_over_mean,0.01639597879350022,Combined_shuffled,40,81
speed_10s_avg_stage5_col2_mean,0.010263654708480396,Combined_shuffled,40,81
speed_10s_avg_stage5_col2_std_over_mean,0.04040310841703891,Combined_shuffled,40,81
stage_2_frames,0.0336177531209496,Combined_shuffled,41,82
stage_3_frames,0.008608256226169397,Combined_shuffled,41,82
stage_4_frames,0.013690217423512998,Combined_shuffled,41,82
stage_5_frames,0.008354879314137763,Combined_shuffled,41,82
roam_mean,0.018522722077870233,Combined_shuffled,41,82
roam_std_over_mean,0.015762612257079374,Combined_shuffled,41,82
roam_early_mean,0.021990351266424433,Combined_shuffled,41,82
roam_mid_mean,0.028708856930726168,Combined_shuffled,41,82
roam_late_mean,0.00860608328041623,Combined_shuffled,41,82
roam_slope,0.024994642292468304,Combined_shuffled,41,82
speed_1s_rows,0.007151965142674291,Combined_shuffled,41,82
speed_1s_stage2_rows,0.007901111864060012,Combined_shuffled,41,82
speed_1s_stage2_col1_mean,0.019837289800049205,Combined_shuffled,41,82
speed_1s_stage2_col1_std_over_mean,0.03417214587117937,Combined_shuffled,41,82
speed_1s_stage2_col2_mean,0.01580825956514299,Combined_shuffled,41,82
speed_1s_stage2_col2_std_over_mean,0.03408959238977817,Combined_shuffled,41,82
speed_1s_stage3_rows,0.013502528224251522,Combined_shuffled,41,82
speed_1s_stage3_col1_mean,0.015038461136301286,Combined_shuffled,41,82
speed_1s_stage3_col1_std_over_mean,0.024281434200158186,Combined_shuffled,41,82
speed_1s_stage3_col2_mean,0.016516286929596342,Combined_shuffled,41,82
speed_1s_stage3_col2_std_over_mean,0.01272152032967812,Combined_shuffled,41,82
speed_1s_stage4_rows,0.009927868384468791,Combined_shuffled,41,82
speed_1s_stage4_col1_mean,0.015463899000734766,Combined_shuffled,41,82
speed_1s_stage4_col1_std_over_mean,0.03611016257153705,Combined_shuffled,41,82
speed_1s_stage4_col2_mean,0.01975758817142159,Combined_shuffled,41,82
speed_1s_stage4_col2_std_over_mean,0.027508648505502,Combined_shuffled,41,82
speed_1s_stage5_rows,0.0004397089724397003,Combined_shuffled,41,82
speed_1s_stage5_col1_mean,0.022157281106514885,Combined_shuffled,41,82
speed_1s_stage5_col1_std_over_mean,0.03646984948876281,Combined_shuffled,41,82
speed_1s_stage5_col2_mean,0.01219660202332623,Combined_shuffled,41,82
speed_1s_stage5_col2_std_over_mean,0.013751547588463803,Combined_shuffled,41,82
speed_10s_avg_rows,0.007513323891119,Combined_shuffled,41,82
speed_10s_avg_stage2_rows,0.007314952487846697,Combined_shuffled,41,82
speed_10s_avg_stage2_col1_mean,0.019385805954729763,Combined_shuffled,41,82
speed_10s_avg_stage2_col1_std_over_mean,0.034913279878443934,Combined_shuffled,41,82
speed_10s_avg_stage2_col2_mean,0.01516855377106399,Combined_shuffled,41,82
speed_10s_avg_stage2_col2_std_over_mean,0.0154437151176122,Combined_shuffled,41,82
speed_10s_avg_stage3_rows,0.011391537290498648,Combined_shuffled,41,82
speed_10s_avg_stage3_col1_mean,0.01725747200911371,Combined_shuffled,41,82
speed_10s_avg_stage3_col1_std_over_mean,0.02612558789717416,Combined_shuffled,41,82
speed_10s_avg_stage3_col2_mean,0.01900080866946575,Combined_shuffled,41,82
speed_10s_avg_stage3_col2_std_over_mean,0.05021083094068505,Combined_shuffled,41,82
speed_10s_avg_stage4_rows,0.008411588070761603,Combined_shuffled,41,82
speed_10s_avg_stage4_col1_mean,0.012149958446168679,Combined_shuffled,41,82
speed_10s_avg_stage4_col1_std_over_mean,0.015264995275641062,Combined_shuffled,41,82
speed_10s_avg_stage4_col2_mean,0.02466478974394131,Combined_shuffled,41,82
speed_10s_avg_stage4_col2_std_over_mean,0.057527260710825284,Combined_shuffled,41,82
speed_10s_avg_stage5_rows,0.0008584976423897324,Combined_shuffled,41,82
speed_10s_avg_stage5_col1_mean,0.0208841647314854,Combined_shuffled,41,82
speed_10s_avg_stage5_col1_std_over_mean,0.03019857550420611,Combined_shuffled,41,82
speed_10s_avg_stage5_col2_mean,0.011719409099086277,Combined_shuffled,41,82
speed_10s_avg_stage5_col2_std_over_mean,0.016934767411946033,Combined_shuffled,41,82
stage_2_frames,0.033126854304764565,Combined_shuffled,42,83
stage_3_frames,0.007102465766914664,Combined_shuffled,42,83
stage_4_frames,0.013282151429806903,Combined_shuffled,42,83
stage_5_frames,0.0112327829444537,Combined_shuffled,42,83
roam_mean,0.025177726254908734,Combined_shuffled,42,83
roam_std_over_mean,0.012609396423225,Combined_shuffled,42,83
roam_early_mean,0.03938338133740739,Combined_shuffled,42,83
roam_mid_mean,0.05851287055462863,Combined_shuffled,42,83
roam_late_mean,0.01628852005148428,Combined_shuffled,42,83
roam_slope,0.019068826211401973,Combined_shuffled,42,83
speed_1s_rows,0.009794854766036993,Combined_shuffled,42,83
speed_1s_stage2_rows,0.00624493230970935,Combined_shuffled,42,83
speed_1s_stage2_col1_mean,0.04476192391494968,Combined_shuffled,42,83
speed_1s_stage2_col1_std_over_mean,0.036815662087541265,Combined_shuffled,42,83
speed_1s_stage2_col2_mean,0.011216262598711944,Combined_shuffled,42,83
speed_1s_stage2_col2_std_over_mean,0.014278141564809603,Combined_shuffled,42,83
speed_1s_stage3_rows,0.011140182365619488,Combined_shuffled,42,83
speed_1s_stage3_col1_mean,0.01594521125771214,Combined_shuffled,42,83
speed_1s_stage3_col1_std_over_mean,0.026245318091002817,Combined_shuffled,42,83
speed_1s_stage3_col2_mean,0.009454701628653868,Combined_shuffled,42,83
speed_1s_stage3_col2_std_over_mean,0.013939607634649966,Combined_shuffled,42,83
speed_1s_stage4_rows,0.011354544595890208,Combined_shuffled,42,83
speed_1s_stage4_col1_mean,0.012999741275300288,Combined_shuffled,42,83
speed_1s_stage4_col1_std_over_mean,0.02558641023822398,Combined_shuffled,42,83
speed_1s_stage4_col2_mean,0.01663073618291971,Combined_shuffled,42,83
speed_1s_stage4_col2_std_over_mean,0.026051104985965398,Combined_shuffled,42,83
speed_1s_stage5_rows,0.00017805066826025382,Combined_shuffled,42,83
speed_1s_stage5_col1_mean,0.013237628008833616,Combined_shuffled,42,83
speed_1s_stage5_col1_std_over_mean,0.014603600760965127,Combined_shuffled,42,83
speed_1s_stage5_col2_mean,0.015426783031111028,Combined_shuffled,42,83
speed_1s_stage5_col2_std_over_mean,0.008470628211037128,Combined_shuffled,42,83
speed_10s_avg_rows,0.013448699075940186,Combined_shuffled,42,83
speed_10s_avg_stage2_rows,0.0077970565107979084,Combined_shuffled,42,83
speed_10s_avg_stage2_col1_mean,0.043980052844720764,Combined_shuffled,42,83
speed_10s_avg_stage2_col1_std_over_mean,0.05035854587627595,Combined_shuffled,42,83
speed_10s_avg_stage2_col2_mean,0.012787342064133518,Combined_shuffled,42,83
speed_10s_avg_stage2_col2_std_over_mean,0.021457166677504334,Combined_shuffled,42,83
speed_10s_avg_stage3_rows,0.008886039684370904,Combined_shuffled,42,83
speed_10s_avg_stage3_col1_mean,0.014928915143758444,Combined_shuffled,42,83
speed_10s_avg_stage3_col1_std_over_mean,0.033024840760182445,Combined_shuffled,42,83
speed_10s_avg_stage3_col2_mean,0.010961049153777868,Combined_shuffled,42,83
speed_10s_avg_stage3_col2_std_over_mean,0.028347902818228736,Combined_shuffled,42,83
speed_10s_avg_stage4_rows,0.009200293063496167,Combined_shuffled,42,83
speed_10s_avg_stage4_col1_mean,0.013364281366749811,Combined_shuffled,42,83
speed_10s_avg_stage4_col1_std_over_mean,0.013900320822255273,Combined_shuffled,42,83
speed_10s_avg_stage4_col2_mean,0.015403136756949397,Combined_shuffled,42,83
speed_10s_avg_stage4_col2_std_over_mean,0.042175319779603905,Combined_shuffled,42,83
speed_10s_avg_stage5_rows,0.00043440486421637093,Combined_shuffled,42,83
speed_10s_avg_stage5_col1_mean,0.019107129465439215,Combined_shuffled,42,83
speed_10s_avg_stage5_col1_std_over_mean,0.023935527167480156,Combined_shuffled,42,83
speed_10s_avg_stage5_col2_mean,0.014479532172588074,Combined_shuffled,42,83
speed_10s_avg_stage5_col2_std_over_mean,0.02186144247463077,Combined_shuffled,42,83
stage_2_frames,0.016920883210575124,Combined_shuffled,43,84
stage_3_frames,0.01019423865378733,Combined_shuffled,43,84
stage_4_frames,0.015576038557716764,Combined_shuffled,43,84
stage_5_frames,0.011707164314091129,Combined_shuffled,43,84
roam_mean,0.01584867744764263,Combined_shuffled,43,84
roam_std_over_mean,0.015612914014765486,Combined_shuffled,43,84
roam_early_mean,0.03122615969901758,Combined_shuffled,43,84
roam_mid_mean,0.05752875533786725,Combined_shuffled,43,84
roam_late_mean,0.018995010930756877,Combined_shuffled,43,84
roam_slope,0.030473173864285167,Combined_shuffled,43,84
speed_1s_rows,0.012192406564469365,Combined_shuffled,43,84
speed_1s_stage2_rows,0.007748453389665518,Combined_shuffled,43,84
speed_1s_stage2_col1_mean,0.02569350192427887,Combined_shuffled,43,84
speed_1s_stage2_col1_std_over_mean,0.037455086921013396,Combined_shuffled,43,84
speed_1s_stage2_col2_mean,0.012450765453184227,Combined_shuffled,43,84
speed_1s_stage2_col2_std_over_mean,0.01448677513316385,Combined_shuffled,43,84
speed_1s_stage3_rows,0.018043861067001257,Combined_shuffled,43,84
speed_1s_stage3_col1_mean,0.014143342110989101,Combined_shuffled,43,84
speed_1s_stage3_col1_std_over_mean,0.03460493137787906,Combined_shuffled,43,84
speed_1s_stage3_col2_mean,0.00839581506205794,Combined_shuffled,43,84
speed_1s_stage3_col2_std_over_mean,0.012197625782509242,Combined_shuffled,43,84
speed_1s_stage4_rows,0.008557932516530642,Combined_shuffled,43,84
speed_1s_stage4_col1_mean,0.01713961394935462,Combined_shuffled,43,84
speed_1s_stage4_col1_std_over_mean,0.03855935480518143,Combined_shuffled,43,84
speed_1s_stage4_col2_mean,0.015504755871152333,Combined_shuffled,43,84
speed_1s_stage4_col2_std_over_mean,0.02717569630657062,Combined_shuffled,43,84
speed_1s_stage5_rows,0.0001773218100428321,Combined_shuffled,43,84
speed_1s_stage5_col1_mean,0.013992630665145906,Combined_shuffled,43,84
speed_1s_stage5_col1_std_over_mean,0.019418452042534253,Combined_shuffled,43,84
speed_1s_stage5_col2_mean,0.01711639387654717,Combined_shuffled,43,84
speed_1s_stage5_col2_std_over_mean,0.012451762374580642,Combined_shuffled,43,84
speed_10s_avg_rows,0.012141146922394165,Combined_shuffled,43,84
speed_10s_avg_stage2_rows,0.008583531456208111,Combined_shuffled,43,84
speed_10s_avg_stage2_col1_mean,0.02611745931942008,Combined_shuffled,43,84
speed_10s_avg_stage2_col1_std_over_mean,0.03369680080967777,Combined_shuffled,43,84
speed_10s_avg_stage2_col2_mean,0.013478821130106032,Combined_shuffled,43,84
speed_10s_avg_stage2_col2_std_over_mean,0.022326282454813013,Combined_shuffled,43,84
speed_10s_avg_stage3_rows,0.015020015077470392,Combined_shuffled,43,84
speed_10s_avg_stage3_col1_mean,0.015606245159337485,Combined_shuffled,43,84
speed_10s_avg_stage3_col1_std_over_mean,0.03429470148231947,Combined_shuffled,43,84
speed_10s_avg_stage3_col2_mean,0.010777362159877372,Combined_shuffled,43,84
speed_10s_avg_stage3_col2_std_over_mean,0.03562046434356656,Combined_shuffled,43,84
speed_10s_avg_stage4_rows,0.012954417592820053,Combined_shuffled,43,84
speed_10s_avg_stage4_col1_mean,0.015738440641774334,Combined_shuffled,43,84
speed_10s_avg_stage4_col1_std_over_mean,0.015776352703964946,Combined_shuffled,43,84
speed_10s_avg_stage4_col2_mean,0.01838138520277745,Combined_shuffled,43,84
speed_10s_avg_stage4_col2_std_over_mean,0.034322841063216106,Combined_shuffled,43,84
speed_10s_avg_stage5_rows,0.0004906053927812563,Combined_shuffled,43,84
speed_10s_avg_stage5_col1_mean,0.017531531288212283,Combined_shuffled,43,84
speed_10s_avg_stage5_col1_std_over_mean,0.021046532439269752,Combined_shuffled,43,84
speed_10s_avg_stage5_col2_mean,0.017064212083797572,Combined_shuffled,43,84
speed_10s_avg_stage5_col2_std_over_mean,0.027441356241838282,Combined_shuffled,43,84
stage_2_frames,0.029942420586636154,Combined_shuffled,44,85
stage_3_frames,0.00966726157294015,Combined_shuffled,44,85
stage_4_frames,0.01683593169124057,Combined_shuffled,44,85
stage_5_frames,0.00786820027250165,Combined_shuffled,44,85
roam_mean,0.01553159642457549,Combined_shuffled,44,85
roam_std_over_mean,0.01606707319912457,Combined_shuffled,44,85
roam_early_mean,0.03220220426964216,Combined_shuffled,44,85
roam_mid_mean,0.03175259295144166,Combined_shuffled,44,85
roam_late_mean,0.014653465627033383,Combined_shuffled,44,85
roam_slope,0.05303472650049671,Combined_shuffled,44,85
speed_1s_rows,0.018482337723706527,Combined_shuffled,44,85
speed_1s_stage2_rows,0.008190354835818705,Combined_shuffled,44,85
speed_1s_stage2_col1_mean,0.02079138995367034,Combined_shuffled,44,85
speed_1s_stage2_col1_std_over_mean,0.023542280519757503,Combined_shuffled,44,85
speed_1s_stage2_col2_mean,0.013017015015391063,Combined_shuffled,44,85
speed_1s_stage2_col2_std_over_mean,0.008173266466358938,Combined_shuffled,44,85
speed_1s_stage3_rows,0.014411417835520501,Combined_shuffled,44,85
speed_1s_stage3_col1_mean,0.009396916565941443,Combined_shuffled,44,85
speed_1s_stage3_col1_std_over_mean,0.02763256228434184,Combined_shuffled,44,85
speed_1s_stage3_col2_mean,0.010827701866315476,Combined_shuffled,44,85
speed_1s_stage3_col2_std_over_mean,0.009319489663609083,Combined_shuffled,44,85
speed_1s_stage4_rows,0.009798527879936148,Combined_shuffled,44,85
speed_1s_stage4_col1_mean,0.019487091677496793,Combined_shuffled,44,85
speed_1s_stage4_col1_std_over_mean,0.02701854961011802,Combined_shuffled,44,85
speed_1s_stage4_col2_mean,0.010953030255009861,Combined_shuffled,44,85
speed_1s_stage4_col2_std_over_mean,0.01819253898163316,Combined_shuffled,44,85
speed_1s_stage5_rows,0.0005862902046951298,Combined_shuffled,44,85
speed_1s_stage5_col1_mean,0.023392559770272475,Combined_shuffled,44,85
speed_1s_stage5_col1_std_over_mean,0.028431410374934244,Combined_shuffled,44,85
speed_1s_stage5_col2_mean,0.013704497930842172,Combined_shuffled,44,85
speed_1s_stage5_col2_std_over_mean,0.009617986444175157,Combined_shuffled,44,85
speed_10s_avg_rows,0.014927832128003839,Combined_shuffled,44,85
speed_10s_avg_stage2_rows,0.007945662753483147,Combined_shuffled,44,85
speed_10s_avg_stage2_col1_mean,0.021857363658276608,Combined_shuffled,44,85
speed_10s_avg_stage2_col1_std_over_mean,0.06133364898732381,Combined_shuffled,44,85
speed_10s_avg_stage2_col2_mean,0.013130841401599716,Combined_shuffled,44,85
speed_10s_avg_stage2_col2_std_over_mean,0.01491863429515292,Combined_shuffled,44,85
speed_10s_avg_stage3_rows,0.015920428841568107,Combined_shuffled,44,85
speed_10s_avg_stage3_col1_mean,0.010040962010798491,Combined_shuffled,44,85
speed_10s_avg_stage3_col1_std_over_mean,0.030951545991914593,Combined_shuffled,44,85
speed_10s_avg_stage3_col2_mean,0.008576157352588185,Combined_shuffled,44,85
speed_10s_avg_stage3_col2_std_over_mean,0.05840697361518832,Combined_shuffled,44,85
speed_10s_avg_stage4_rows,0.008772114837702518,Combined_shuffled,44,85
speed_10s_avg_stage4_col1_mean,0.017611351992672945,Combined_shuffled,44,85
speed_10s_avg_stage4_col1_std_over_mean,0.015711956169088066,Combined_shuffled,44,85
speed_10s_avg_stage4_col2_mean,0.012567165671782387,Combined_shuffled,44,85
speed_10s_avg_stage4_col2_std_over_mean,0.0499568143864066,Combined_shuffled,44,85
speed_10s_avg_stage5_rows,0.0006774319499863151,Combined_shuffled,44,85
speed_10s_avg_stage5_col1_mean,0.0252047630565015,Combined_shuffled,44,85
speed_10s_avg_stage5_col1_std_over_mean,0.0221076028297024,Combined_shuffled,44,85
speed_10s_avg_stage5_col2_mean,0.01319751990407438,Combined_shuffled,44,85
speed_10s_avg_stage5_col2_std_over_mean,0.0236605392110081,Combined_shuffled,44,85
stage_2_frames,0.037553818367359,Combined_shuffled,45,86
stage_3_frames,0.009465098261909189,Combined_shuffled,45,86
stage_4_frames,0.014243566425848685,Combined_shuffled,45,86
stage_5_frames,0.00631158611454905,Combined_shuffled,45,86
roam_mean,0.013161094226833033,Combined_shuffled,45,86
roam_std_over_mean,0.013765847125485306,Combined_shuffled,45,86
roam_early_mean,0.017606003915787653,Combined_shuffled,45,86
roam_mid_mean,0.05474108131210506,Combined_shuffled,45,86
roam_late_mean,0.01238546892335933,Combined_shuffled,45,86
roam_slope,0.02715887089684717,Combined_shuffled,45,86
speed_1s_rows,0.010114136276162918,Combined_shuffled,45,86
speed_1s_stage2_rows,0.008368046266208956,Combined_shuffled,45,86
speed_1s_stage2_col1_mean,0.022156267892542183,Combined_shuffled,45,86
speed_1s_stage2_col1_std_over_mean,0.04121020230128972,Combined_shuffled,45,86
speed_1s_stage2_col2_mean,0.009153690868880708,Combined_shuffled,45,86
speed_1s_stage2_col2_std_over_mean,0.01167074192547008,Combined_shuffled,45,86
speed_1s_stage3_rows,0.014676358712657616,Combined_shuffled,45,86
speed_1s_stage3_col1_mean,0.01617446380299111,Combined_shuffled,45,86
speed_1s_stage3_col1_std_over_mean,0.0303732474238839,Combined_shuffled,45,86
speed_1s_stage3_col2_mean,0.009602587833256283,Combined_shuffled,45,86
speed_1s_stage3_col2_std_over_mean,0.022389723658638155,Combined_shuffled,45,86
speed_1s_stage4_rows,0.008033038910987436,Combined_shuffled,45,86
speed_1s_stage4_col1_mean,0.017707962180046707,Combined_shuffled,45,86
speed_1s_stage4_col1_std_over_mean,0.02413821549851251,Combined_shuffled,45,86
speed_1s_stage4_col2_mean,0.006682704227322679,Combined_shuffled,45,86
speed_1s_stage4_col2_std_over_mean,0.014375052566344488,Combined_shuffled,45,86
speed_1s_stage5_rows,0.000991093944777838,Combined_shuffled,45,86
speed_1s_stage5_col1_mean,0.01675684314358096,Combined_shuffled,45,86
speed_1s_stage5_col1_std_over_mean,0.027128190693338276,Combined_shuffled,45,86
speed_1s_stage5_col2_mean,0.024213790915221713,Combined_shuffled,45,86
speed_1s_stage5_col2_std_over_mean,0.010649247168546908,Combined_shuffled,45,86
speed_10s_avg_rows,0.008612024922122903,Combined_shuffled,45,86
speed_10s_avg_stage2_rows,0.00650261044629831,Combined_shuffled,45,86
speed_10s_avg_stage2_col1_mean,0.025732734514124292,Combined_shuffled,45,86
speed_10s_avg_stage2_col1_std_over_mean,0.021693688409412923,Combined_shuffled,45,86
speed_10s_avg_stage2_col2_mean,0.008772797261732622,Combined_shuffled,45,86
speed_10s_avg_stage2_col2_std_over_mean,0.012754084256898222,Combined_shuffled,45,86
speed_10s_avg_stage3_rows,0.015087978080661485,Combined_shuffled,45,86
speed_10s_avg_stage3_col1_mean,0.017090887407523268,Combined_shuffled,45,86
speed_10s_avg_stage3_col1_std_over_mean,0.0246922942806521,Combined_shuffled,45,86
speed_10s_avg_stage3_col2_mean,0.011324952806061493,Combined_shuffled,45,86
speed_10s_avg_stage3_col2_std_over_mean,0.08783483575377682,Combined_shuffled,45,86
speed_10s_avg_stage4_rows,0.005566007889715733,Combined_shuffled,45,86
speed_10s_avg_stage4_col1_mean,0.022099880064854516,Combined_shuffled,45,86
speed_10s_avg_stage4_col1_std_over_mean,0.012434426393244104,Combined_shuffled,45,86
speed_10s_avg_stage4_col2_mean,0.009586725398458569,Combined_shuffled,45,86
speed_10s_avg_stage4_col2_std_over_mean,0.07249155975468193,Combined_shuffled,45,86
speed_10s_avg_stage5_rows,0.0017386123594922958,Combined_shuffled,45,86
speed_10s_avg_stage5_col1_mean,0.017695053258220354,Combined_shuffled,45,86
speed_10s_avg_stage5_col1_std_over_mean,0.02105966879278646,Combined_shuffled,45,86
speed_10s_avg_stage5_col2_mean,0.02549518078172316,Combined_shuffled,45,86
speed_10s_avg_stage5_col2_std_over_mean,0.018775955386813963,Combined_shuffled,45,86
stage_2_frames,0.028540020595482024,Combined_shuffled,46,87
stage_3_frames,0.00669083576999472,Combined_shuffled,46,87
stage_4_frames,0.01629070543309059,Combined_shuffled,46,87
stage_5_frames,0.005941522017172601,Combined_shuffled,46,87
roam_mean,0.0160757219842223,Combined_shuffled,46,87
roam_std_over_mean,0.01571051771428219,Combined_shuffled,46,87
roam_early_mean,0.04023118239776745,Combined_shuffled,46,87
roam_mid_mean,0.06121356370498304,Combined_shuffled,46,87
roam_late_mean,0.014693593213566872,Combined_shuffled,46,87
roam_slope,0.030948626702964242,Combined_shuffled,46,87
speed_1s_rows,0.011079080077783493,Combined_shuffled,46,87
speed_1s_stage2_rows,0.006945785511647696,Combined_shuffled,46,87
speed_1s_stage2_col1_mean,0.018940424229379454,Combined_shuffled,46,87
speed_1s_stage2_col1_std_over_mean,0.03509059496306204,Combined_shuffled,46,87
speed_1s_stage2_col2_mean,0.0106643895087855,Combined_shuffled,46,87
speed_1s_stage2_col2_std_over_mean,0.017358844530699025,Combined_shuffled,46,87
speed_1s_stage3_rows,0.01116272620187672,Combined_shuffled,46,87
speed_1s_stage3_col1_mean,0.01144139946341096,Combined_shuffled,46,87
speed_1s_stage3_col1_std_over_mean,0.02840036570441929,Combined_shuffled,46,87
speed_1s_stage3_col2_mean,0.010972218753480728,Combined_shuffled,46,87
speed_1s_stage3_col2_std_over_mean,0.013283208850414239,Combined_shuffled,46,87
speed_1s_stage4_rows,0.010065400905537668,Combined_shuffled,46,87
speed_1s_stage4_col1_mean,0.01912249036022599,Combined_shuffled,46,87
speed_1s_stage4_col1_std_over_mean,0.02040026869300222,Combined_shuffled,46,87
speed_1s_stage4_col2_mean,0.022325189565911563,Combined_shuffled,46,87
speed_1s_stage4_col2_std_over_mean,0.036840929669011396,Combined_shuffled,46,87
speed_1s_stage5_rows,0.0004298549247952457,Combined_shuffled,46,87
speed_1s_stage5_col1_mean,0.013874551877381075,Combined_shuffled,46,87
speed_1s_stage5_col1_std_over_mean,0.014918008611433373,Combined_shuffled,46,87
speed_1s_stage5_col2_mean,0.018018908276254856,Combined_shuffled,46,87
speed_1s_stage5_col2_std_over_mean,0.010707559932404643,Combined_shuffled,46,87
speed_10s_avg_rows,0.008516965211712262,Combined_shuffled,46,87
speed_10s_avg_stage2_rows,0.0057939893870467265,Combined_shuffled,46,87
speed_10s_avg_stage2_col1_mean,0.01646117974841433,Combined_shuffled,46,87
speed_10s_avg_stage2_col1_std_over_mean,0.06401869876083353,Combined_shuffled,46,87
speed_10s_avg_stage2_col2_mean,0.01176237661399992,Combined_shuffled,46,87
speed_10s_avg_stage2_col2_std_over_mean,0.036072817882132846,Combined_shuffled,46,87
speed_10s_avg_stage3_rows,0.013131078362395649,Combined_shuffled,46,87
speed_10s_avg_stage3_col1_mean,0.009587139178287999,Combined_shuffled,46,87
speed_10s_avg_stage3_col1_std_over_mean,0.019214581385275452,Combined_shuffled,46,87
speed_10s_avg_stage3_col2_mean,0.00805213370193117,Combined_shuffled,46,87
speed_10s_avg_stage3_col2_std_over_mean,0.04626036834847531,Combined_shuffled,46,87
speed_10s_avg_stage4_rows,0.00883061772374845,Combined_shuffled,46,87
speed_10s_avg_stage4_col1_mean,0.013601506687516002,Combined_shuffled,46,87
speed_10s_avg_stage4_col1_std_over_mean,0.01926102295449827,Combined_shuffled,46,87
speed_10s_avg_stage4_col2_mean,0.015848608747777715,Combined_shuffled,46,87
speed_10s_avg_stage4_col2_std_over_mean,0.04253692764813562,Combined_shuffled,46,87
speed_10s_avg_stage5_rows,0.0008810038467014982,Combined_shuffled,46,87
speed_10s_avg_stage5_col1_mean,0.015355205046553204,Combined_shuffled,46,87
speed_10s_avg_stage5_col1_std_over_mean,0.023209450172331485,Combined_shuffled,46,87
speed_10s_avg_stage5_col2_mean,0.014438091467705064,Combined_shuffled,46,87
speed_10s_avg_stage5_col2_std_over_mean,0.02878774698008434,Combined_shuffled,46,87
stage_2_frames,0.029671334880761138,Combined_shuffled,47,88
stage_3_frames,0.007477259839439412,Combined_shuffled,47,88
stage_4_frames,0.00891292566438406,Combined_shuffled,47,88
stage_5_frames,0.013993910527812552,Combined_shuffled,47,88
roam_mean,0.009586070451093439,Combined_shuffled,47,88
roam_std_over_mean,0.015093496483129878,Combined_shuffled,47,88
roam_early_mean,0.02273535789183955,Combined_shuffled,47,88
roam_mid_mean,0.04124451087478496,Combined_shuffled,47,88
roam_late_mean,0.021319648778596642,Combined_shuffled,47,88
roam_slope,0.030368058155006268,Combined_shuffled,47,88
speed_1s_rows,0.011902008163342312,Combined_shuffled,47,88
speed_1s_stage2_rows,0.008289287630394297,Combined_shuffled,47,88
speed_1s_stage2_col1_mean,0.017648595370530516,Combined_shuffled,47,88
speed_1s_stage2_col1_std_over_mean,0.02227766270789309,Combined_shuffled,47,88
speed_1s_stage2_col2_mean,0.009589651201601006,Combined_shuffled,47,88
speed_1s_stage2_col2_std_over_mean,0.017746451363621997,Combined_shuffled,47,88
speed_1s_stage3_rows,0.014687487929310563,Combined_shuffled,47,88
speed_1s_stage3_col1_mean,0.011495905333016988,Combined_shuffled,47,88
speed_1s_stage3_col1_std_over_mean,0.039078718481212506,Combined_shuffled,47,88
speed_1s_stage3_col2_mean,0.00854532215113579,Combined_shuffled,47,88
speed_1s_stage3_col2_std_over_mean,0.017889085776614008,Combined_shuffled,47,88
speed_1s_stage4_rows,0.01714356665012557,Combined_shuffled,47,88
speed_1s_stage4_col1_mean,0.02748656101336988,Combined_shuffled,47,88
speed_1s_stage4_col1_std_over_mean,0.04163570511199186,Combined_shuffled,47,88
speed_1s_stage4_col2_mean,0.016572545801186393,Combined_shuffled,47,88
speed_1s_stage4_col2_std_over_mean,0.022604018141137595,Combined_shuffled,47,88
speed_1s_stage5_rows,0.0001580958791366698,Combined_shuffled,47,88
speed_1s_stage5_col1_mean,0.020973641878107352,Combined_shuffled,47,88
speed_1s_stage5_col1_std_over_mean,0.024073858117503108,Combined_shuffled,47,88
speed_1s_stage5_col2_mean,0.01629893334147471,Combined_shuffled,47,88
speed_1s_stage5_col2_std_over_mean,0.014993116819297717,Combined_shuffled,47,88
speed_10s_avg_rows,0.008404745960221983,Combined_shuffled,47,88
speed_10s_avg_stage2_rows,0.01428213378124497,Combined_shuffled,47,88
speed_10s_avg_stage2_col1_mean,0.02752643496389365,Combined_shuffled,47,88
speed_10s_avg_stage2_col1_std_over_mean,0.021687377638470916,Combined_shuffled,47,88
speed_10s_avg_stage2_col2_mean,0.01061209594789006,Combined_shuffled,47,88
speed_10s_avg_stage2_col2_std_over_mean,0.019697614165038315,Combined_shuffled,47,88
speed_10s_avg_stage3_rows,0.01448526873015464,Combined_shuffled,47,88
speed_10s_avg_stage3_col1_mean,0.009996030503597104,Combined_shuffled,47,88
speed_10s_avg_stage3_col1_std_over_mean,0.03469232426670395,Combined_shuffled,47,88
speed_10s_avg_stage3_col2_mean,0.00977468838747716,Combined_shuffled,47,88
speed_10s_avg_stage3_col2_std_over_mean,0.03294835531866248,Combined_shuffled,47,88
speed_10s_avg_stage4_rows,0.021191878655693948,Combined_shuffled,47,88
speed_10s_avg_stage4_col1_mean,0.023295887280393668,Combined_shuffled,47,88
speed_10s_avg_stage4_col1_std_over_mean,0.032701536628660564,Combined_shuffled,47,88
speed_10s_avg_stage4_col2_mean,0.012820683269645625,Combined_shuffled,47,88
speed_10s_avg_stage4_col2_std_over_mean,0.04386795737925962,Combined_shuffled,47,88
speed_10s_avg_stage5_rows,0.0001056711782031795,Combined_shuffled,47,88
speed_10s_avg_stage5_col1_mean,0.025124874051021283,Combined_shuffled,47,88
speed_10s_avg_stage5_col1_std_over_mean,0.015632258614266495,Combined_shuffled,47,88
speed_10s_avg_stage5_col2_mean,0.012748502548866211,Combined_shuffled,47,88
speed_10s_avg_stage5_col2_std_over_mean,0.026910888321782456,Combined_shuffled,47,88
stage_2_frames,0.031625771057573325,Combined_shuffled,48,89
stage_3_frames,0.004129035412673027,Combined_shuffled,48,89
stage_4_frames,0.014310291571094492,Combined_shuffled,48,89
stage_5_frames,0.010705264953200816,Combined_shuffled,48,89
roam_mean,0.009154463990327053,Combined_shuffled,48,89
roam_std_over_mean,0.027455023095378086,Combined_shuffled,48,89
roam_early_mean,0.03271483253505493,Combined_shuffled,48,89
roam_mid_mean,0.047674316920852,Combined_shuffled,48,89
roam_late_mean,0.018244768943161977,Combined_shuffled,48,89
roam_slope,0.025653720214308274,Combined_shuffled,48,89
speed_1s_rows,0.005562775816466504,Combined_shuffled,48,89
speed_1s_stage2_rows,0.006062154665257019,Combined_shuffled,48,89
speed_1s_stage2_col1_mean,0.020028471568410856,Combined_shuffled,48,89
speed_1s_stage2_col1_std_over_mean,0.03886135058230947,Combined_shuffled,48,89
speed_1s_stage2_col2_mean,0.011201095400894586,Combined_shuffled,48,89
speed_1s_stage2_col2_std_over_mean,0.024479246265957138,Combined_shuffled,48,89
speed_1s_stage3_rows,0.014086523945288143,Combined_shuffled,48,89
speed_1s_stage3_col1_mean,0.009487145003451821,Combined_shuffled,48,89
speed_1s_stage3_col1_std_over_mean,0.030995897351118726,Combined_shuffled,48,89
speed_1s_stage3_col2_mean,0.02293860381827475,Combined_shuffled,48,89
speed_1s_stage3_col2_std_over_mean,0.029642408612500806,Combined_shuffled,48,89
speed_1s_stage4_rows,0.009174648421471452,Combined_shuffled,48,89
speed_1s_stage4_col1_mean,0.01702689325217023,Combined_shuffled,48,89
speed_1s_stage4_col1_std_over_mean,0.027510121853620027,Combined_shuffled,48,89
speed_1s_stage4_col2_mean,0.011002099283060044,Combined_shuffled,48,89
speed_1s_stage4_col2_std_over_mean,0.02715067111984258,Combined_shuffled,48,89
speed_1s_stage5_rows,0.00030936627749337316,Combined_shuffled,48,89
speed_1s_stage5_col1_mean,0.01423589765142594,Combined_shuffled,48,89
speed_1s_stage5_col1_std_over_mean,0.022572322910466337,Combined_shuffled,48,89
speed_1s_stage5_col2_mean,0.01352242280908884,Combined_shuffled,48,89
speed_1s_stage5_col2_std_over_mean,0.017326005013729908,Combined_shuffled,48,89
speed_10s_avg_rows,0.007884956516349156,Combined_shuffled,48,89
speed_10s_avg_stage2_rows,0.004802032396799771,Combined_shuffled,48,89
speed_10s_avg_stage2_col1_mean,0.018424513990000693,Combined_shuffled,48,89
speed_10s_avg_stage2_col1_std_over_mean,0.029866271098901043,Combined_shuffled,48,89
speed_10s_avg_stage2_col2_mean,0.012124800683570355,Combined_shuffled,48,89
speed_10s_avg_stage2_col2_std_over_mean,0.023227315448308545,Combined_shuffled,48,89
speed_10s_avg_stage3_rows,0.018162128897299047,Combined_shuffled,48,89
speed_10s_avg_stage3_col1_mean,0.008829126331963469,Combined_shuffled,48,89
speed_10s_avg_stage3_col1_std_over_mean,0.035194223539307866,Combined_shuffled,48,89
speed_10s_avg_stage3_col2_mean,0.01962910711704633,Combined_shuffled,48,89
speed_10s_avg_stage3_col2_std_over_mean,0.04422986844687863,Combined_shuffled,48,89
speed_10s_avg_stage4_rows,0.013805316880212977,Combined_shuffled,48,89
speed_10s_avg_stage4_col1_mean,0.01848378744758867,Combined_shuffled,48,89
speed_10s_avg_stage4_col1_std_over_mean,0.01916851334474157,Combined_shuffled,48,89
speed_10s_avg_stage4_col2_mean,0.011049486133035516,Combined_shuffled,48,89
speed_10s_avg_stage4_col2_std_over_mean,0.033102205199837996,Combined_shuffled,48,89
speed_10s_avg_stage5_rows,0.0005381840286760611,Combined_shuffled,48,89
speed_10s_avg_stage5_col1_mean,0.016576336994586945,Combined_shuffled,48,89
speed_10s_avg_stage5_col1_std_over_mean,0.016030394596686245,Combined_shuffled,48,89
speed_10s_avg_stage5_col2_mean,0.011130674467156137,Combined_shuffled,48,89
speed_10s_avg_stage5_col2_std_over_mean,0.04289714612513063,Combined_shuffled,48,89
stage_2_frames,0.03847958503815982,Combined_shuffled,49,90
stage_3_frames,0.00597154520480445,Combined_shuffled,49,90
stage_4_frames,0.012737453019828135,Combined_shuffled,49,90
stage_5_frames,0.012044674084272788,Combined_shuffled,49,90
roam_mean,0.013924691411041948,Combined_shuffled,49,90
roam_std_over_mean,0.008739622836445273,Combined_shuffled,49,90
roam_early_mean,0.03486202553310682,Combined_shuffled,49,90
roam_mid_mean,0.04751687312126528,Combined_shuffled,49,90
roam_late_mean,0.012031649432794358,Combined_shuffled,49,90
roam_slope,0.028531336318223285,Combined_shuffled,49,90
speed_1s_rows,0.012944664944509245,Combined_shuffled,49,90
speed_1s_stage2_rows,0.004648785847413048,Combined_shuffled,49,90
speed_1s_stage2_col1_mean,0.05345287163568865,Combined_shuffled,49,90
speed_1s_stage2_col1_std_over_mean,0.032779012023651376,Combined_shuffled,49,90
speed_1s_stage2_col2_mean,0.014371016368033578,Combined_shuffled,49,90
speed_1s_stage2_col2_std_over_mean,0.015498189535382165,Combined_shuffled,49,90
speed_1s_stage3_rows,0.00874091182860591,Combined_shuffled,49,90
speed_1s_stage3_col1_mean,0.012431170561904343,Combined_shuffled,49,90
speed_1s_stage3_col1_std_over_mean,0.03188997785412471,Combined_shuffled,49,90
speed_1s_stage3_col2_mean,0.008750384469418135,Combined_shuffled,49,90
speed_1s_stage3_col2_std_over_mean,0.015138849917439441,Combined_shuffled,49,90
speed_1s_stage4_rows,0.008700945288678135,Combined_shuffled,49,90
speed_1s_stage4_col1_mean,0.013846861442480608,Combined_shuffled,49,90
speed_1s_stage4_col1_std_over_mean,0.021677368741130888,Combined_shuffled,49,90
speed_1s_stage4_col2_mean,0.015774421896796113,Combined_shuffled,49,90
speed_1s_stage4_col2_std_over_mean,0.03716945209908986,Combined_shuffled,49,90
speed_1s_stage5_rows,0.0003449862829918809,Combined_shuffled,49,90
speed_1s_stage5_col1_mean,0.014708016898479783,Combined_shuffled,49,90
speed_1s_stage5_col1_std_over_mean,0.01901525109623664,Combined_shuffled,49,90
speed_1s_stage5_col2_mean,0.014316049457358508,Combined_shuffled,49,90
speed_1s_stage5_col2_std_over_mean,0.009608706264491663,Combined_shuffled,49,90
speed_10s_avg_rows,0.009692835427291536,Combined_shuffled,49,90
speed_10s_avg_stage2_rows,0.004478355515065863,Combined_shuffled,49,90
speed_10s_avg_stage2_col1_mean,0.046724051130660756,Combined_shuffled,49,90
speed_10s_avg_stage2_col1_std_over_mean,0.0268659426791156,Combined_shuffled,49,90
speed_10s_avg_stage2_col2_mean,0.007697480223103359,Combined_shuffled,49,90
speed_10s_avg_stage2_col2_std_over_mean,0.028943527365108572,Combined_shuffled,49,90
speed_10s_avg_stage3_rows,0.010061039243776517,Combined_shuffled,49,90
speed_10s_avg_stage3_col1_mean,0.015848634665120216,Combined_shuffled,49,90
speed_10s_avg_stage3_col1_std_over_mean,0.02420428134065583,Combined_shuffled,49,90
speed_10s_avg_stage3_col2_mean,0.01223431736334821,Combined_shuffled,49,90
speed_10s_avg_stage3_col2_std_over_mean,0.04331011382304099,Combined_shuffled,49,90
speed_10s_avg_stage4_rows,0.01053677133909362,Combined_shuffled,49,90
speed_10s_avg_stage4_col1_mean,0.01526829429866295,Combined_shuffled,49,90
speed_10s_avg_stage4_col1_std_over_mean,0.021047909014975653,Combined_shuffled,49,90
speed_10s_avg_stage4_col2_mean,0.015251518439345819,Combined_shuffled,49,90
speed_10s_avg_stage4_col2_std_over_mean,0.05446838838837692,Combined_shuffled,49,90
speed_10s_avg_stage5_rows,0.00042569944193285905,Combined_shuffled,49,90
speed_10s_avg_stage5_col1_mean,0.012490970745315468,Combined_shuffled,49,90
speed_10s_avg_stage5_col1_std_over_mean,0.021697477480622375,Combined_shuffled,49,90
speed_10s_avg_stage5_col2_mean,0.012722927958893243,Combined_shuffled,49,90
speed_10s_avg_stage5_col2_std_over_mean,0.025382113662646682,Combined_shuffled,49,90
stage_2_frames,0.03847467039632904,Combined_shuffled,50,91
stage_3_frames,0.008637911174034868,Combined_shuffled,50,91
stage_4_frames,0.01278356695833955,Combined_shuffled,50,91
stage_5_frames,0.012253071222666653,Combined_shuffled,50,91
roam_mean,0.01760877834632801,Combined_shuffled,50,91
roam_std_over_mean,0.022821604016660134,Combined_shuffled,50,91
roam_early_mean,0.0329640164607391,Combined_shuffled,50,91
roam_mid_mean,0.02403519215240713,Combined_shuffled,50,91
roam_late_mean,0.02248372918655515,Combined_shuffled,50,91
roam_slope,0.029824614787519448,Combined_shuffled,50,91
speed_1s_rows,0.007316258800935465,Combined_shuffled,50,91
speed_1s_stage2_rows,0.008597499602730893,Combined_shuffled,50,91
speed_1s_stage2_col1_mean,0.02157637727605195,Combined_shuffled,50,91
speed_1s_stage2_col1_std_over_mean,0.05913911298107326,Combined_shuffled,50,91
speed_1s_stage2_col2_mean,0.007954114913206283,Combined_shuffled,50,91
speed_1s_stage2_col2_std_over_mean,0.02106563863865708,Combined_shuffled,50,91
speed_1s_stage3_rows,0.012248135111309726,Combined_shuffled,50,91
speed_1s_stage3_col1_mean,0.011525602717943988,Combined_shuffled,50,91
speed_1s_stage3_col1_std_over_mean,0.03660540965713636,Combined_shuffled,50,91
speed_1s_stage3_col2_mean,0.00921228385146298,Combined_shuffled,50,91
speed_1s_stage3_col2_std_over_mean,0.018721545479034724,Combined_shuffled,50,91
speed_1s_stage4_rows,0.011145497879275032,Combined_shuffled,50,91
speed_1s_stage4_col1_mean,0.02185135761898779,Combined_shuffled,50,91
speed_1s_stage4_col1_std_over_mean,0.027497535625478194,Combined_shuffled,50,91
speed_1s_stage4_col2_mean,0.014682925874474876,Combined_shuffled,50,91
speed_1s_stage4_col2_std_over_mean,0.02128781439350642,Combined_shuffled,50,91
speed_1s_stage5_rows,0.0005854064829154026,Combined_shuffled,50,91
speed_1s_stage5_col1_mean,0.013361626284982721,Combined_shuffled,50,91
speed_1s_stage5_col1_std_over_mean,0.021613687064834835,Combined_shuffled,50,91
speed_1s_stage5_col2_mean,0.010129210879886191,Combined_shuffled,50,91
speed_1s_stage5_col2_std_over_mean,0.012211347395622511,Combined_shuffled,50,91
speed_10s_avg_rows,0.004906833653625671,Combined_shuffled,50,91
speed_10s_avg_stage2_rows,0.0060535334400276175,Combined_shuffled,50,91
speed_10s_avg_stage2_col1_mean,0.01994672395257199,Combined_shuffled,50,91
speed_10s_avg_stage2_col1_std_over_mean,0.045017624507603146,Combined_shuffled,50,91
speed_10s_avg_stage2_col2_mean,0.01117094934630057,Combined_shuffled,50,91
speed_10s_avg_stage2_col2_std_over_mean,0.01844534710723315,Combined_shuffled,50,91
speed_10s_avg_stage3_rows,0.013802011988578517,Combined_shuffled,50,91
speed_10s_avg_stage3_col1_mean,0.008770683113380527,Combined_shuffled,50,91
speed_10s_avg_stage3_col1_std_over_mean,0.015298250856275347,Combined_shuffled,50,91
speed_10s_avg_stage3_col2_mean,0.01045851244007492,Combined_shuffled,50,91
speed_10s_avg_stage3_col2_std_over_mean,0.043039545820173775,Combined_shuffled,50,91
speed_10s_avg_stage4_rows,0.009455136133675712,Combined_shuffled,50,91
speed_10s_avg_stage4_col1_mean,0.02246916928204862,Combined_shuffled,50,91
speed_10s_avg_stage4_col1_std_over_mean,0.018240139723841822,Combined_shuffled,50,91
speed_10s_avg_stage4_col2_mean,0.013682234670419019,Combined_shuffled,50,91
speed_10s_avg_stage4_col2_std_over_mean,0.05217828660424892,Combined_shuffled,50,91
speed_10s_avg_stage5_rows,0.0006909631962233654,Combined_shuffled,50,91
speed_10s_avg_stage5_col1_mean,0.015842571128355094,Combined_shuffled,50,91
speed_10s_avg_stage5_col1_std_over_mean,0.016465950738361494,Combined_shuffled,50,91
speed_10s_avg_stage5_col2_mean,0.011874427254813875,Combined_shuffled,50,91
speed_10s_avg_stage5_col2_std_over_mean,0.051975561811081,Combined_shuffled,50,91
stage_2_frames,0.02448284718948709,Combined_shuffled,51,92
stage_3_frames,0.008948371944732114,Combined_shuffled,51,92
stage_4_frames,0.01234969084201444,Combined_shuffled,51,92
stage_5_frames,0.01427738687522732,Combined_shuffled,51,92
roam_mean,0.012614308187656756,Combined_shuffled,51,92
roam_std_over_mean,0.010247052849785904,Combined_shuffled,51,92
roam_early_mean,0.02413410595901329,Combined_shuffled,51,92
roam_mid_mean,0.04706438805050495,Combined_shuffled,51,92
roam_late_mean,0.010329657247835385,Combined_shuffled,51,92
roam_slope,0.0364148206374032,Combined_shuffled,51,92
speed_1s_rows,0.0062754332924426,Combined_shuffled,51,92
speed_1s_stage2_rows,0.006603245546904506,Combined_shuffled,51,92
speed_1s_stage2_col1_mean,0.017321767486724714,Combined_shuffled,51,92
speed_1s_stage2_col1_std_over_mean,0.011965978188639289,Combined_shuffled,51,92
speed_1s_stage2_col2_mean,0.011440918104460919,Combined_shuffled,51,92
speed_1s_stage2_col2_std_over_mean,0.02335031185239003,Combined_shuffled,51,92
speed_1s_stage3_rows,0.010296462264283124,Combined_shuffled,51,92
speed_1s_stage3_col1_mean,0.014987340871771565,Combined_shuffled,51,92
speed_1s_stage3_col1_std_over_mean,0.022026872993287955,Combined_shuffled,51,92
speed_1s_stage3_col2_mean,0.013790474087190056,Combined_shuffled,51,92
speed_1s_stage3_col2_std_over_mean,0.023419339294684628,Combined_shuffled,51,92
speed_1s_stage4_rows,0.009251359914945228,Combined_shuffled,51,92
speed_1s_stage4_col1_mean,0.01795647828846023,Combined_shuffled,51,92
speed_1s_stage4_col1_std_over_mean,0.029186137563876235,Combined_shuffled,51,92
speed_1s_stage4_col2_mean,0.014668076142087726,Combined_shuffled,51,92
speed_1s_stage4_col2_std_over_mean,0.024005182797380165,Combined_shuffled,51,92
speed_1s_stage5_rows,0.0005280236641807155,Combined_shuffled,51,92
speed_1s_stage5_col1_mean,0.0236431886003115,Combined_shuffled,51,92
speed_1s_stage5_col1_std_over_mean,0.026744654111468348,Combined_shuffled,51,92
speed_1s_stage5_col2_mean,0.01664838856429427,Combined_shuffled,51,92
speed_1s_stage5_col2_std_over_mean,0.008054846806944365,Combined_shuffled,51,92
speed_10s_avg_rows,0.0055910473226645045,Combined_shuffled,51,92
speed_10s_avg_stage2_rows,0.006444830822874469,Combined_shuffled,51,92
speed_10s_avg_stage2_col1_mean,0.016281923387384614,Combined_shuffled,51,92
speed_10s_avg_stage2_col1_std_over_mean,0.02697612566446222,Combined_shuffled,51,92
speed_10s_avg_stage2_col2_mean,0.015046621204742644,Combined_shuffled,51,92
speed_10s_avg_stage2_col2_std_over_mean,0.011292683230436463,Combined_shuffled,51,92
speed_10s_avg_stage3_rows,0.011080539155190331,Combined_shuffled,51,92
speed_10s_avg_stage3_col1_mean,0.011345307503858055,Combined_shuffled,51,92
speed_10s_avg_stage3_col1_std_over_mean,0.030902168253926873,Combined_shuffled,51,92
speed_10s_avg_stage3_col2_mean,0.016157146986165064,Combined_shuffled,51,92
speed_10s_avg_stage3_col2_std_over_mean,0.11414833443074994,Combined_shuffled,51,92
speed_10s_avg_stage4_rows,0.012824895186123907,Combined_shuffled,51,92
speed_10s_avg_stage4_col1_mean,0.01731711857043381,Combined_shuffled,51,92
speed_10s_avg_stage4_col1_std_over_mean,0.014640163236171138,Combined_shuffled,51,92
speed_10s_avg_stage4_col2_mean,0.012492372665123184,Combined_shuffled,51,92
speed_10s_avg_stage4_col2_std_over_mean,0.07087142253505169,Combined_shuffled,51,92
speed_10s_avg_stage5_rows,0.0003963898957926785,Combined_shuffled,51,92
speed_10s_avg_stage5_col1_mean,0.025259662941005376,Combined_shuffled,51,92
speed_10s_avg_stage5_col1_std_over_mean,0.01877768284665408,Combined_shuffled,51,92
speed_10s_avg_stage5_col2_mean,0.01575609347463485,Combined_shuffled,51,92
speed_10s_avg_stage5_col2_std_over_mean,0.013370360466165548,Combined_shuffled,51,92
stage_2_frames,0.032319755666592044,Combined_shuffled,52,93
stage_3_frames,0.008777276459509232,Combined_shuffled,52,93
stage_4_frames,0.009745861207404938,Combined_shuffled,52,93
stage_5_frames,0.009221893402375796,Combined_shuffled,52,93
roam_mean,0.01579831107998108,Combined_shuffled,52,93
roam_std_over_mean,0.01723230730207845,Combined_shuffled,52,93
roam_early_mean,0.0396529449231234,Combined_shuffled,52,93
roam_mid_mean,0.033789913638073744,Combined_shuffled,52,93
roam_late_mean,0.022446327706089012,Combined_shuffled,52,93
roam_slope,0.027276227384349493,Combined_shuffled,52,93
speed_1s_rows,0.011195066746089059,Combined_shuffled,52,93
speed_1s_stage2_rows,0.00959623657779825,Combined_shuffled,52,93
speed_1s_stage2_col1_mean,0.04119715753944739,Combined_shuffled,52,93
speed_1s_stage2_col1_std_over_mean,0.029955093556030148,Combined_shuffled,52,93
speed_1s_stage2_col2_mean,0.012665372615452992,Combined_shuffled,52,93
speed_1s_stage2_col2_std_over_mean,0.012920076998335209,Combined_shuffled,52,93
speed_1s_stage3_rows,0.010780118034603988,Combined_shuffled,52,93
speed_1s_stage3_col1_mean,0.01173372007744405,Combined_shuffled,52,93
speed_1s_stage3_col1_std_over_mean,0.02559461737414951,Combined_shuffled,52,93
speed_1s_stage3_col2_mean,0.007739685998682582,Combined_shuffled,52,93
speed_1s_stage3_col2_std_over_mean,0.010382674103467127,Combined_shuffled,52,93
speed_1s_stage4_rows,0.009208669446129194,Combined_shuffled,52,93
speed_1s_stage4_col1_mean,0.01573527050053389,Combined_shuffled,52,93
speed_1s_stage4_col1_std_over_mean,0.02719207360411935,Combined_shuffled,52,93
speed_1s_stage4_col2_mean,0.025635852608044803,Combined_shuffled,52,93
speed_1s_stage4_col2_std_over_mean,0.02447177391419004,Combined_shuffled,52,93
speed_1s_stage5_rows,0.0004599785645079443,Combined_shuffled,52,93
speed_1s_stage5_col1_mean,0.01749276188143424,Combined_shuffled,52,93
speed_1s_stage5_col1_std_over_mean,0.013986798353548744,Combined_shuffled,52,93
speed_1s_stage5_col2_mean,0.024113953970580776,Combined_shuffled,52,93
speed_1s_stage5_col2_std_over_mean,0.01202074872342452,Combined_shuffled,52,93
speed_10s_avg_rows,0.011246159519167135,Combined_shuffled,52,93
speed_10s_avg_stage2_rows,0.009796395751437236,Combined_shuffled,52,93
speed_10s_avg_stage2_col1_mean,0.0386680701274128,Combined_shuffled,52,93
speed_10s_avg_stage2_col1_std_over_mean,0.032262487640094796,Combined_shuffled,52,93
speed_10s_avg_stage2_col2_mean,0.009313393592825764,Combined_shuffled,52,93
speed_10s_avg_stage2_col2_std_over_mean,0.020474476570488905,Combined_shuffled,52,93
speed_10s_avg_stage3_rows,0.013203812132817938,Combined_shuffled,52,93
speed_10s_avg_stage3_col1_mean,0.012696379335780978,Combined_shuffled,52,93
speed_10s_avg_stage3_col1_std_over_mean,0.024304016871004367,Combined_shuffled,52,93
speed_10s_avg_stage3_col2_mean,0.008130879496646133,Combined_shuffled,52,93
speed_10s_avg_stage3_col2_std_over_mean,0.018682875134369944,Combined_shuffled,52,93
speed_10s_avg_stage4_rows,0.011733602839486948,Combined_shuffled,52,93
speed_10s_avg_stage4_col1_mean,0.016455884917362502,Combined_shuffled,52,93
speed_10s_avg_stage4_col1_std_over_mean,0.023577252731194646,Combined_shuffled,52,93
speed_10s_avg_stage4_col2_mean,0.0202234928198343,Combined_shuffled,52,93
speed_10s_avg_stage4_col2_std_over_mean,0.058833351129249936,Combined_shuffled,52,93
speed_10s_avg_stage5_rows,0.00024881412877739644,Combined_shuffled,52,93
speed_10s_avg_stage5_col1_mean,0.017629006708082037,Combined_shuffled,52,93
speed_10s_avg_stage5_col1_std_over_mean,0.03207196027161254,Combined_shuffled,52,93
speed_10s_avg_stage5_col2_mean,0.021578561450732964,Combined_shuffled,52,93
speed_10s_avg_stage5_col2_std_over_mean,0.028530606874029918,Combined_shuffled,52,93
stage_2_frames,0.0248753720650163,Combined_shuffled,53,94
stage_3_frames,0.008529821759106198,Combined_shuffled,53,94
stage_4_frames,0.01104537911353551,Combined_shuffled,53,94
stage_5_frames,0.008346578049188442,Combined_shuffled,53,94
roam_mean,0.01117706095758987,Combined_shuffled,53,94
roam_std_over_mean,0.012730257544900942,Combined_shuffled,53,94
roam_early_mean,0.031105053280704245,Combined_shuffled,53,94
roam_mid_mean,0.046430003039605545,Combined_shuffled,53,94
roam_late_mean,0.016551005743025215,Combined_shuffled,53,94
roam_slope,0.028094501403223393,Combined_shuffled,53,94
speed_1s_rows,0.01208452468047076,Combined_shuffled,53,94
speed_1s_stage2_rows,0.0075253998616288545,Combined_shuffled,53,94
speed_1s_stage2_col1_mean,0.01668569121075053,Combined_shuffled,53,94
speed_1s_stage2_col1_std_over_mean,0.0690055184406572,Combined_shuffled,53,94
speed_1s_stage2_col2_mean,0.011052259490299627,Combined_shuffled,53,94
speed_1s_stage2_col2_std_over_mean,0.013336505878960882,Combined_shuffled,53,94
speed_1s_stage3_rows,0.007933093019144752,Combined_shuffled,53,94
speed_1s_stage3_col1_mean,0.011575027327674119,Combined_shuffled,53,94
speed_1s_stage3_col1_std_over_mean,0.04408474693490691,Combined_shuffled,53,94
speed_1s_stage3_col2_mean,0.012752568485378977,Combined_shuffled,53,94
speed_1s_stage3_col2_std_over_mean,0.01984378653157986,Combined_shuffled,53,94
speed_1s_stage4_rows,0.007997027964760005,Combined_shuffled,53,94
speed_1s_stage4_col1_mean,0.013387189693931364,Combined_shuffled,53,94
speed_1s_stage4_col1_std_over_mean,0.026030906502616056,Combined_shuffled,53,94
speed_1s_stage4_col2_mean,0.008508018464631863,Combined_shuffled,53,94
speed_1s_stage4_col2_std_over_mean,0.015373734825973354,Combined_shuffled,53,94
speed_1s_stage5_rows,0.001049013829296381,Combined_shuffled,53,94
speed_1s_stage5_col1_mean,0.023732425811994563,Combined_shuffled,53,94
speed_1s_stage5_col1_std_over_mean,0.021705629422390668,Combined_shuffled,53,94
speed_1s_stage5_col2_mean,0.011678790327121588,Combined_shuffled,53,94
speed_1s_stage5_col2_std_over_mean,0.009563197743615486,Combined_shuffled,53,94
speed_10s_avg_rows,0.011429032491650731,Combined_shuffled,53,94
speed_10s_avg_stage2_rows,0.009605331913220539,Combined_shuffled,53,94
speed_10s_avg_stage2_col1_mean,0.020319658799037073,Combined_shuffled,53,94
speed_10s_avg_stage2_col1_std_over_mean,0.040890478479672594,Combined_shuffled,53,94
speed_10s_avg_stage2_col2_mean,0.011607743678999437,Combined_shuffled,53,94
speed_10s_avg_stage2_col2_std_over_mean,0.02631888063377707,Combined_shuffled,53,94
speed_10s_avg_stage3_rows,0.010412057303032856,Combined_shuffled,53,94
speed_10s_avg_stage3_col1_mean,0.009289553260465752,Combined_shuffled,53,94
speed_10s_avg_stage3_col1_std_over_mean,0.03150578022786641,Combined_shuffled,53,94
speed_10s_avg_stage3_col2_mean,0.008623067347319314,Combined_shuffled,53,94
speed_10s_avg_stage3_col2_std_over_mean,0.08769170942944857,Combined_shuffled,53,94
speed_10s_avg_stage4_rows,0.006029415666017696,Combined_shuffled,53,94
speed_10s_avg_stage4_col1_mean,0.01682952781574385,Combined_shuffled,53,94
speed_10s_avg_stage4_col1_std_over_mean,0.016271341283222992,Combined_shuffled,53,94
speed_10s_avg_stage4_col2_mean,0.00858911694263647,Combined_shuffled,53,94
speed_10s_avg_stage4_col2_std_over_mean,0.029221409253202928,Combined_shuffled,53,94
speed_10s_avg_stage5_rows,0.0010324405260920375,Combined_shuffled,53,94
speed_10s_avg_stage5_col1_mean,0.026013011328881494,Combined_shuffled,53,94
speed_10s_avg_stage5_col1_std_over_mean,0.02689941853002534,Combined_shuffled,53,94
speed_10s_avg_stage5_col2_mean,0.010847461421116159,Combined_shuffled,53,94
speed_10s_avg_stage5_col2_std_over_mean,0.026783474264891218,Combined_shuffled,53,94
stage_2_frames,0.02504950895745848,Combined_shuffled,54,95
stage_3_frames,0.009736002227256395,Combined_shuffled,54,95
stage_4_frames,0.012920922636880725,Combined_shuffled,54,95
stage_5_frames,0.0065814108656584,Combined_shuffled,54,95
roam_mean,0.011597820650100208,Combined_shuffled,54,95
roam_std_over_mean,0.015209184365660761,Combined_shuffled,54,95
roam_early_mean,0.03335827556393803,Combined_shuffled,54,95
roam_mid_mean,0.05807343479489439,Combined_shuffled,54,95
roam_late_mean,0.017252625647670418,Combined_shuffled,54,95
roam_slope,0.035620877845216704,Combined_shuffled,54,95
speed_1s_rows,0.008523889181695802,Combined_shuffled,54,95
speed_1s_stage2_rows,0.00815124069201459,Combined_shuffled,54,95
speed_1s_stage2_col1_mean,0.0246852038097197,Combined_shuffled,54,95
speed_1s_stage2_col1_std_over_mean,0.04212512870593417,Combined_shuffled,54,95
speed_1s_stage2_col2_mean,0.006052028758775098,Combined_shuffled,54,95
speed_1s_stage2_col2_std_over_mean,0.021085745263611035,Combined_shuffled,54,95
speed_1s_stage3_rows,0.01411596921344423,Combined_shuffled,54,95
speed_1s_stage3_col1_mean,0.008778398279071488,Combined_shuffled,54,95
speed_1s_stage3_col1_std_over_mean,0.03534647114856703,Combined_shuffled,54,95
speed_1s_stage3_col2_mean,0.004982580601549473,Combined_shuffled,54,95
speed_1s_stage3_col2_std_over_mean,0.01650649967112669,Combined_shuffled,54,95
speed_1s_stage4_rows,0.008295514405476486,Combined_shuffled,54,95
speed_1s_stage4_col1_mean,0.032820542847065516,Combined_shuffled,54,95
speed_1s_stage4_col1_std_over_mean,0.030817671772316722,Combined_shuffled,54,95
speed_1s_stage4_col2_mean,0.010810599444528474,Combined_shuffled,54,95
speed_1s_stage4_col2_std_over_mean,0.017063013131193665,Combined_shuffled,54,95
speed_1s_stage5_rows,0.000467781891465077,Combined_shuffled,54,95
speed_1s_stage5_col1_mean,0.020036950474877545,Combined_shuffled,54,95
speed_1s_stage5_col1_std_over_mean,0.02057673884273443,Combined_shuffled,54,95
speed_1s_stage5_col2_mean,0.019432748955375154,Combined_shuffled,54,95
speed_1s_stage5_col2_std_over_mean,0.010906237167658765,Combined_shuffled,54,95
speed_10s_avg_rows,0.0101839347717759,Combined_shuffled,54,95
speed_10s_avg_stage2_rows,0.0065395949020687575,Combined_shuffled,54,95
speed_10s_avg_stage2_col1_mean,0.02502873372021649,Combined_shuffled,54,95
speed_10s_avg_stage2_col1_std_over_mean,0.027335801586372367,Combined_shuffled,54,95
speed_10s_avg_stage2_col2_mean,0.006340705315898847,Combined_shuffled,54,95
speed_10s_avg_stage2_col2_std_over_mean,0.017721380053818472,Combined_shuffled,54,95
speed_10s_avg_stage3_rows,0.017900242775390568,Combined_shuffled,54,95
speed_10s_avg_stage3_col1_mean,0.007880207233277049,Combined_shuffled,54,95
speed_10s_avg_stage3_col1_std_over_mean,0.020754050061396433,Combined_shuffled,54,95
speed_10s_avg_stage3_col2_mean,0.006456795721200006,Combined_shuffled,54,95
speed_10s_avg_stage3_col2_std_over_mean,0.033864971513038224,Combined_shuffled,54,95
speed_10s_avg_stage4_rows,0.006549698741187304,Combined_shuffled,54,95
speed_10s_avg_stage4_col1_mean,0.03269223398851417,Combined_shuffled,54,95
speed_10s_avg_stage4_col1_std_over_mean,0.01754436391553256,Combined_shuffled,54,95
speed_10s_avg_stage4_col2_mean,0.01429918671494753,Combined_shuffled,54,95
speed_10s_avg_stage4_col2_std_over_mean,0.0727082437480512,Combined_shuffled,54,95
speed_10s_avg_stage5_rows,0.0003659328347004773,Combined_shuffled,54,95
speed_10s_avg_stage5_col1_mean,0.030588282630845644,Combined_shuffled,54,95
speed_10s_avg_stage5_col1_std_over_mean,0.014240478022295772,Combined_shuffled,54,95
speed_10s_avg_stage5_col2_mean,0.019349689930917856,Combined_shuffled,54,95
speed_10s_avg_stage5_col2_std_over_mean,0.024674454005618688,Combined_shuffled,54,95
stage_2_frames,0.02415960156216168,Combined_shuffled,55,96
stage_3_frames,0.007983454868875597,Combined_shuffled,55,96
stage_4_frames,0.014034473896014426,Combined_shuffled,55,96
stage_5_frames,0.013261274962996873,Combined_shuffled,55,96
roam_mean,0.010511114851818736,Combined_shuffled,55,96
roam_std_over_mean,0.012064370623401545,Combined_shuffled,55,96
roam_early_mean,0.026876184139324806,Combined_shuffled,55,96
roam_mid_mean,0.05751502551714108,Combined_shuffled,55,96
roam_late_mean,0.02771618230769761,Combined_shuffled,55,96
roam_slope,0.021404923409235818,Combined_shuffled,55,96
speed_1s_rows,0.008621699061869858,Combined_shuffled,55,96
speed_1s_stage2_rows,0.009973076611142153,Combined_shuffled,55,96
speed_1s_stage2_col1_mean,0.029446742700813447,Combined_shuffled,55,96
speed_1s_stage2_col1_std_over_mean,0.01728708738630887,Combined_shuffled,55,96
speed_1s_stage2_col2_mean,0.008669705897297927,Combined_shuffled,55,96
speed_1s_stage2_col2_std_over_mean,0.0075516015456422265,Combined_shuffled,55,96
speed_1s_stage3_rows,0.014189563999237244,Combined_shuffled,55,96
speed_1s_stage3_col1_mean,0.01047655588789367,Combined_shuffled,55,96
speed_1s_stage3_col1_std_over_mean,0.04783790154112969,Combined_shuffled,55,96
speed_1s_stage3_col2_mean,0.009992309408477597,Combined_shuffled,55,96
speed_1s_stage3_col2_std_over_mean,0.020921995006929987,Combined_shuffled,55,96
speed_1s_stage4_rows,0.012532336847972178,Combined_shuffled,55,96
speed_1s_stage4_col1_mean,0.03766947546847726,Combined_shuffled,55,96
speed_1s_stage4_col1_std_over_mean,0.029480138010924275,Combined_shuffled,55,96
speed_1s_stage4_col2_mean,0.012776191223257953,Combined_shuffled,55,96
speed_1s_stage4_col2_std_over_mean,0.029158157106339015,Combined_shuffled,55,96
speed_1s_stage5_rows,0.00016948531593765124,Combined_shuffled,55,96
speed_1s_stage5_col1_mean,0.01827563010161034,Combined_shuffled,55,96
speed_1s_stage5_col1_std_over_mean,0.03409711533981425,Combined_shuffled,55,96
speed_1s_stage5_col2_mean,0.011034645371662672,Combined_shuffled,55,96
speed_1s_stage5_col2_std_over_mean,0.007793500189647965,Combined_shuffled,55,96
speed_10s_avg_rows,0.009433585752913858,Combined_shuffled,55,96
speed_10s_avg_stage2_rows,0.00947399465922797,Combined_shuffled,55,96
speed_10s_avg_stage2_col1_mean,0.022024632237565858,Combined_shuffled,55,96
speed_10s_avg_stage2_col1_std_over_mean,0.024000433680329395,Combined_shuffled,55,96
speed_10s_avg_stage2_col2_mean,0.009363186097188777,Combined_shuffled,55,96
speed_10s_avg_stage2_col2_std_over_mean,0.016587620158515358,Combined_shuffled,55,96
speed_10s_avg_stage3_rows,0.020009458461288543,Combined_shuffled,55,96
speed_10s_avg_stage3_col1_mean,0.01105685817993788,Combined_shuffled,55,96
speed_10s_avg_stage3_col1_std_over_mean,0.029817116869937568,Combined_shuffled,55,96
speed_10s_avg_stage3_col2_mean,0.017925890491515536,Combined_shuffled,55,96
speed_10s_avg_stage3_col2_std_over_mean,0.045090890689883596,Combined_shuffled,55,96
speed_10s_avg_stage4_rows,0.015094151521447146,Combined_shuffled,55,96
speed_10s_avg_stage4_col1_mean,0.0305391672698507,Combined_shuffled,55,96
speed_10s_avg_stage4_col1_std_over_mean,0.01324688182574584,Combined_shuffled,55,96
speed_10s_avg_stage4_col2_mean,0.01000409764933542,Combined_shuffled,55,96
speed_10s_avg_stage4_col2_std_over_mean,0.059050363742782205,Combined_shuffled,55,96
speed_10s_avg_stage5_rows,0.0002366780867141815,Combined_shuffled,55,96
speed_10s_avg_stage5_col1_mean,0.021508581201193165,Combined_shuffled,55,96
speed_10s_avg_stage5_col1_std_over_mean,0.014358572331443342,Combined_shuffled,55,96
speed_10s_avg_stage5_col2_mean,0.011223422525734564,Combined_shuffled,55,96
speed_10s_avg_stage5_col2_std_over_mean,0.01647289640639473,Combined_shuffled,55,96
stage_2_frames,0.038627409992999635,Combined_shuffled,56,97
stage_3_frames,0.006515998608159582,Combined_shuffled,56,97
stage_4_frames,0.015590103045572465,Combined_shuffled,56,97
stage_5_frames,0.007841310937921626,Combined_shuffled,56,97
roam_mean,0.01772210293151385,Combined_shuffled,56,97
roam_std_over_mean,0.023819966400634045,Combined_shuffled,56,97
roam_early_mean,0.035553269455258864,Combined_shuffled,56,97
roam_mid_mean,0.056602968149311164,Combined_shuffled,56,97
roam_late_mean,0.014699075788949318,Combined_shuffled,56,97
roam_slope,0.027388591994518697,Combined_shuffled,56,97
speed_1s_rows,0.010231454624575823,Combined_shuffled,56,97
speed_1s_stage2_rows,0.006965463542840375,Combined_shuffled,56,97
speed_1s_stage2_col1_mean,0.029848565959082383,Combined_shuffled,56,97
speed_1s_stage2_col1_std_over_mean,0.018345355789161213,Combined_shuffled,56,97
speed_1s_stage2_col2_mean,0.008616399103701083,Combined_shuffled,56,97
speed_1s_stage2_col2_std_over_mean,0.01309573148099544,Combined_shuffled,56,97
speed_1s_stage3_rows,0.010866257911795695,Combined_shuffled,56,97
speed_1s_stage3_col1_mean,0.013324600433266505,Combined_shuffled,56,97
speed_1s_stage3_col1_std_over_mean,0.0259652536598679,Combined_shuffled,56,97
speed_1s_stage3_col2_mean,0.010373991757855406,Combined_shuffled,56,97
speed_1s_stage3_col2_std_over_mean,0.011872341835823112,Combined_shuffled,56,97
speed_1s_stage4_rows,0.011291786225997231,Combined_shuffled,56,97
speed_1s_stage4_col1_mean,0.017891119825594447,Combined_shuffled,56,97
speed_1s_stage4_col1_std_over_mean,0.028294651886209388,Combined_shuffled,56,97
speed_1s_stage4_col2_mean,0.011921234086123434,Combined_shuffled,56,97
speed_1s_stage4_col2_std_over_mean,0.025436789724987023,Combined_shuffled,56,97
speed_1s_stage5_rows,0.0006891286432880412,Combined_shuffled,56,97
speed_1s_stage5_col1_mean,0.020990818409295307,Combined_shuffled,56,97
speed_1s_stage5_col1_std_over_mean,0.014775708571597927,Combined_shuffled,56,97
speed_1s_stage5_col2_mean,0.021127295492096115,Combined_shuffled,56,97
speed_1s_stage5_col2_std_over_mean,0.011792762822326832,Combined_shuffled,56,97
speed_10s_avg_rows,0.008529356301842695,Combined_shuffled,56,97
speed_10s_avg_stage2_rows,0.00566717709814085,Combined_shuffled,56,97
speed_10s_avg_stage2_col1_mean,0.024863627965509807,Combined_shuffled,56,97
speed_10s_avg_stage2_col1_std_over_mean,0.023935426874633268,Combined_shuffled,56,97
speed_10s_avg_stage2_col2_mean,0.00888290358060887,Combined_shuffled,56,97
speed_10s_avg_stage2_col2_std_over_mean,0.020743909637627723,Combined_shuffled,56,97
speed_10s_avg_stage3_rows,0.011398180511585608,Combined_shuffled,56,97
speed_10s_avg_stage3_col1_mean,0.010576665016868042,Combined_shuffled,56,97
speed_10s_avg_stage3_col1_std_over_mean,0.020883515944086287,Combined_shuffled,56,97
speed_10s_avg_stage3_col2_mean,0.012611533699676946,Combined_shuffled,56,97
speed_10s_avg_stage3_col2_std_over_mean,0.07504999426746406,Combined_shuffled,56,97
speed_10s_avg_stage4_rows,0.009473026117888018,Combined_shuffled,56,97
speed_10s_avg_stage4_col1_mean,0.01818015223990291,Combined_shuffled,56,97
speed_10s_avg_stage4_col1_std_over_mean,0.016127705359867843,Combined_shuffled,56,97
speed_10s_avg_stage4_col2_mean,0.008981162172157471,Combined_shuffled,56,97
speed_10s_avg_stage4_col2_std_over_mean,0.06036449616706934,Combined_shuffled,56,97
speed_10s_avg_stage5_rows,0.0012592531385104968,Combined_shuffled,56,97
speed_10s_avg_stage5_col1_mean,0.023267384494463698,Combined_shuffled,56,97
speed_10s_avg_stage5_col1_std_over_mean,0.018325026763418868,Combined_shuffled,56,97
speed_10s_avg_stage5_col2_mean,0.02097915528842055,Combined_shuffled,56,97
speed_10s_avg_stage5_col2_std_over_mean,0.031822838268936775,Combined_shuffled,56,97
stage_2_frames,0.037576523011015224,Combined_shuffled,57,98
stage_3_frames,0.00667205740933447,Combined_shuffled,57,98
stage_4_frames,0.008357211216732552,Combined_shuffled,57,98
stage_5_frames,0.010371330321606056,Combined_shuffled,57,98
roam_mean,0.015894949555955745,Combined_shuffled,57,98
roam_std_over_mean,0.012374485990328806,Combined_shuffled,57,98
roam_early_mean,0.02514596789323513,Combined_shuffled,57,98
roam_mid_mean,0.04184701636257731,Combined_shuffled,57,98
roam_late_mean,0.01615776820018742,Combined_shuffled,57,98
roam_slope,0.03697696134103663,Combined_shuffled,57,98
speed_1s_rows,0.01191045748515112,Combined_shuffled,57,98
speed_1s_stage2_rows,0.008739918968522956,Combined_shuffled,57,98
speed_1s_stage2_col1_mean,0.010423016773190087,Combined_shuffled,57,98
speed_1s_stage2_col1_std_over_mean,0.05703651951579273,Combined_shuffled,57,98
speed_1s_stage2_col2_mean,0.010954917528571717,Combined_shuffled,57,98
speed_1s_stage2_col2_std_over_mean,0.022902777846431785,Combined_shuffled,57,98
speed_1s_stage3_rows,0.00885654084057452,Combined_shuffled,57,98
speed_1s_stage3_col1_mean,0.015856867961278612,Combined_shuffled,57,98
speed_1s_stage3_col1_std_over_mean,0.03491903362711872,Combined_shuffled,57,98
speed_1s_stage3_col2_mean,0.011588334256710305,Combined_shuffled,57,98
speed_1s_stage3_col2_std_over_mean,0.018138650646125406,Combined_shuffled,57,98
speed_1s_stage4_rows,0.012622162811541186,Combined_shuffled,57,98
speed_1s_stage4_col1_mean,0.027274286911519667,Combined_shuffled,57,98
speed_1s_stage4_col1_std_over_mean,0.020710523601750037,Combined_shuffled,57,98
speed_1s_stage4_col2_mean,0.015190260472184136,Combined_shuffled,57,98
speed_1s_stage4_col2_std_over_mean,0.026104680967114956,Combined_shuffled,57,98
speed_1s_stage5_rows,0.0008404572102771125,Combined_shuffled,57,98
speed_1s_stage5_col1_mean,0.030589826886292283,Combined_shuffled,57,98
speed_1s_stage5_col1_std_over_mean,0.028334943497168093,Combined_shuffled,57,98
speed_1s_stage5_col2_mean,0.013809026887674908,Combined_shuffled,57,98
speed_1s_stage5_col2_std_over_mean,0.012558570193551421,Combined_shuffled,57,98
speed_10s_avg_rows,0.012571444140591926,Combined_shuffled,57,98
speed_10s_avg_stage2_rows,0.007790685075793675,Combined_shuffled,57,98
speed_10s_avg_stage2_col1_mean,0.01118522828566736,Combined_shuffled,57,98
speed_10s_avg_stage2_col1_std_over_mean,0.04186452283032127,Combined_shuffled,57,98
speed_10s_avg_stage2_col2_mean,0.012053008862405838,Combined_shuffled,57,98
speed_10s_avg_stage2_col2_std_over_mean,0.014029434605269404,Combined_shuffled,57,98
speed_10s_avg_stage3_rows,0.015069191338291807,Combined_shuffled,57,98
speed_10s_avg_stage3_col1_mean,0.018067822636979092,Combined_shuffled,57,98
speed_10s_avg_stage3_col1_std_over_mean,0.021076637186978723,Combined_shuffled,57,98
speed_10s_avg_stage3_col2_mean,0.008416963467328158,Combined_shuffled,57,98
speed_10s_avg_stage3_col2_std_over_mean,0.031104917175896748,Combined_shuffled,57,98
speed_10s_avg_stage4_rows,0.010115976621218667,Combined_shuffled,57,98
speed_10s_avg_stage4_col1_mean,0.027457737250400086,Combined_shuffled,57,98
speed_10s_avg_stage4_col1_std_over_mean,0.014386703713996496,Combined_shuffled,57,98
speed_10s_avg_stage4_col2_mean,0.016512753218099453,Combined_shuffled,57,98
speed_10s_avg_stage4_col2_std_over_mean,0.03179400092797895,Combined_shuffled,57,98
speed_10s_avg_stage5_rows,0.0004290619899143222,Combined_shuffled,57,98
speed_10s_avg_stage5_col1_mean,0.03714618465243837,Combined_shuffled,57,98
speed_10s_avg_stage5_col1_std_over_mean,0.01925444493875663,Combined_shuffled,57,98
speed_10s_avg_stage5_col2_mean,0.011213155828621464,Combined_shuffled,57,98
speed_10s_avg_stage5_col2_std_over_mean,0.027724079062500556,Combined_shuffled,57,98
stage_2_frames,0.015527182422095895,Combined_shuffled,58,99
stage_3_frames,0.009663593681226473,Combined_shuffled,58,99
stage_4_frames,0.01335709028137547,Combined_shuffled,58,99
stage_5_frames,0.012132916798018216,Combined_shuffled,58,99
roam_mean,0.022048349270757432,Combined_shuffled,58,99
roam_std_over_mean,0.014430426430773649,Combined_shuffled,58,99
roam_early_mean,0.03090619046959905,Combined_shuffled,58,99
roam_mid_mean,0.038481908465077354,Combined_shuffled,58,99
roam_late_mean,0.021953926925684236,Combined_shuffled,58,99
roam_slope,0.026188825429214933,Combined_shuffled,58,99
speed_1s_rows,0.010405131501678625,Combined_shuffled,58,99
speed_1s_stage2_rows,0.005666260208485276,Combined_shuffled,58,99
speed_1s_stage2_col1_mean,0.015311313766457519,Combined_shuffled,58,99
speed_1s_stage2_col1_std_over_mean,0.04490764417694271,Combined_shuffled,58,99
speed_1s_stage2_col2_mean,0.008264240768672578,Combined_shuffled,58,99
speed_1s_stage2_col2_std_over_mean,0.014363074861391552,Combined_shuffled,58,99
speed_1s_stage3_rows,0.012019972908050328,Combined_shuffled,58,99
speed_1s_stage3_col1_mean,0.011943710276809174,Combined_shuffled,58,99
speed_1s_stage3_col1_std_over_mean,0.03530456867581188,Combined_shuffled,58,99
speed_1s_stage3_col2_mean,0.022382766925620606,Combined_shuffled,58,99
speed_1s_stage3_col2_std_over_mean,0.021627942226477924,Combined_shuffled,58,99
speed_1s_stage4_rows,0.009163606439312614,Combined_shuffled,58,99
speed_1s_stage4_col1_mean,0.01750970095384478,Combined_shuffled,58,99
speed_1s_stage4_col1_std_over_mean,0.038609386491087555,Combined_shuffled,58,99
speed_1s_stage4_col2_mean,0.01693694621759436,Combined_shuffled,58,99
speed_1s_stage4_col2_std_over_mean,0.02270623570180748,Combined_shuffled,58,99
speed_1s_stage5_rows,0.0005005603215147523,Combined_shuffled,58,99
speed_1s_stage5_col1_mean,0.02494048718900733,Combined_shuffled,58,99
speed_1s_stage5_col1_std_over_mean,0.019313191521672664,Combined_shuffled,58,99
speed_1s_stage5_col2_mean,0.011195144914656122,Combined_shuffled,58,99
speed_1s_stage5_col2_std_over_mean,0.01950649169106002,Combined_shuffled,58,99
speed_10s_avg_rows,0.011151928976464266,Combined_shuffled,58,99
speed_10s_avg_stage2_rows,0.0074307249224858565,Combined_shuffled,58,99
speed_10s_avg_stage2_col1_mean,0.011824108155621358,Combined_shuffled,58,99
speed_10s_avg_stage2_col1_std_over_mean,0.04244629087840149,Combined_shuffled,58,99
speed_10s_avg_stage2_col2_mean,0.005400610705799231,Combined_shuffled,58,99
speed_10s_avg_stage2_col2_std_over_mean,0.020939676502868262,Combined_shuffled,58,99
speed_10s_avg_stage3_rows,0.016049570691975955,Combined_shuffled,58,99
speed_10s_avg_stage3_col1_mean,0.009883473136378482,Combined_shuffled,58,99
speed_10s_avg_stage3_col1_std_over_mean,0.0286361915425677,Combined_shuffled,58,99
speed_10s_avg_stage3_col2_mean,0.016666115871536647,Combined_shuffled,58,99
speed_10s_avg_stage3_col2_std_over_mean,0.03381553871001577,Combined_shuffled,58,99
speed_10s_avg_stage4_rows,0.00830323644622732,Combined_shuffled,58,99
speed_10s_avg_stage4_col1_mean,0.01916757112800659,Combined_shuffled,58,99
speed_10s_avg_stage4_col1_std_over_mean,0.02388240811274082,Combined_shuffled,58,99
speed_10s_avg_stage4_col2_mean,0.018297419125113106,Combined_shuffled,58,99
speed_10s_avg_stage4_col2_std_over_mean,0.059212036008806535,Combined_shuffled,58,99
speed_10s_avg_stage5_rows,0.0005769595857287051,Combined_shuffled,58,99
speed_10s_avg_stage5_col1_mean,0.024990599653737382,Combined_shuffled,58,99
speed_10s_avg_stage5_col1_std_over_mean,0.01565580395369215,Combined_shuffled,58,99
speed_10s_avg_stage5_col2_mean,0.013194432077223041,Combined_shuffled,58,99
speed_10s_avg_stage5_col2_std_over_mean,0.025206515902830805,Combined_shuffled,58,99
stage_2_frames,0.04170236200086724,Combined_shuffled,59,100
stage_3_frames,0.007236038891456206,Combined_shuffled,59,100
stage_4_frames,0.009608435611389349,Combined_shuffled,59,100
stage_5_frames,0.009732040074969148,Combined_shuffled,59,100
roam_mean,0.017668094779643286,Combined_shuffled,59,100
roam_std_over_mean,0.012187097333112924,Combined_shuffled,59,100
roam_early_mean,0.037201999741175745,Combined_shuffled,59,100
roam_mid_mean,0.038931433792333374,Combined_shuffled,59,100
roam_late_mean,0.013702325650929907,Combined_shuffled,59,100
roam_slope,0.032826711324875774,Combined_shuffled,59,100
speed_1s_rows,0.00716911287095144,Combined_shuffled,59,100
speed_1s_stage2_rows,0.008069453374117458,Combined_shuffled,59,100
speed_1s_stage2_col1_mean,0.03467011677910104,Combined_shuffled,59,100
speed_1s_stage2_col1_std_over_mean,0.03590404972402089,Combined_shuffled,59,100
speed_1s_stage2_col2_mean,0.013929784288445756,Combined_shuffled,59,100
speed_1s_stage2_col2_std_over_mean,0.01671080866008468,Combined_shuffled,59,100
speed_1s_stage3_rows,0.010444007267576272,Combined_shuffled,59,100
speed_1s_stage3_col1_mean,0.013289271927724005,Combined_shuffled,59,100
speed_1s_stage3_col1_std_over_mean,0.03028917611559633,Combined_shuffled,59,100
speed_1s_stage3_col2_mean,0.011061494772904025,Combined_shuffled,59,100
speed_1s_stage3_col2_std_over_mean,0.020573443342467614,Combined_shuffled,59,100
speed_1s_stage4_rows,0.008397571395171274,Combined_shuffled,59,100
speed_1s_stage4_col1_mean,0.016859828226159924,Combined_shuffled,59,100
speed_1s_stage4_col1_std_over_mean,0.02774013605479469,Combined_shuffled,59,100
speed_1s_stage4_col2_mean,0.016143827947613952,Combined_shuffled,59,100
speed_1s_stage4_col2_std_over_mean,0.02349236729912143,Combined_shuffled,59,100
speed_1s_stage5_rows,0.00023612015017852265,Combined_shuffled,59,100
speed_1s_stage5_col1_mean,0.025396351206782762,Combined_shuffled,59,100
speed_1s_stage5_col1_std_over_mean,0.022892906183042797,Combined_shuffled,59,100
speed_1s_stage5_col2_mean,0.014372827047623356,Combined_shuffled,59,100
speed_1s_stage5_col2_std_over_mean,0.008081856863407663,Combined_shuffled,59,100
speed_10s_avg_rows,0.010170295933972154,Combined_shuffled,59,100
speed_10s_avg_stage2_rows,0.00644258864743835,Combined_shuffled,59,100
speed_10s_avg_stage2_col1_mean,0.0352241898847171,Combined_shuffled,59,100
speed_10s_avg_stage2_col1_std_over_mean,0.018636353853825074,Combined_shuffled,59,100
speed_10s_avg_stage2_col2_mean,0.013346909250960892,Combined_shuffled,59,100
speed_10s_avg_stage2_col2_std_over_mean,0.018648409732615518,Combined_shuffled,59,100
speed_10s_avg_stage3_rows,0.010219443907059082,Combined_shuffled,59,100
speed_10s_avg_stage3_col1_mean,0.013450721812738103,Combined_shuffled,59,100
speed_10s_avg_stage3_col1_std_over_mean,0.03456315699791511,Combined_shuffled,59,100
speed_10s_avg_stage3_col2_mean,0.018581352455558645,Combined_shuffled,59,100
speed_10s_avg_stage3_col2_std_over_mean,0.04354007648264857,Combined_shuffled,59,100
speed_10s_avg_stage4_rows,0.005029679757659834,Combined_shuffled,59,100
speed_10s_avg_stage4_col1_mean,0.01549261897230165,Combined_shuffled,59,100
speed_10s_avg_stage4_col1_std_over_mean,0.017095821588157572,Combined_shuffled,59,100
speed_10s_avg_stage4_col2_mean,0.016925048048256452,Combined_shuffled,59,100
speed_10s_avg_stage4_col2_std_over_mean,0.05246676969918769,Combined_shuffled,59,100
speed_10s_avg_stage5_rows,0.0007467226708407958,Combined_shuffled,59,100
speed_10s_avg_stage5_col1_mean,0.027833655914044422,Combined_shuffled,59,100
speed_10s_avg_stage5_col1_std_over_mean,0.018716545658783956,Combined_shuffled,59,100
speed_10s_avg_stage5_col2_mean,0.013701795121315578,Combined_shuffled,59,100
speed_10s_avg_stage5_col2_std_over_mean,0.022646792912364586,Combined_shuffled,59,100
stage_2_frames,0.030089800682277096,Combined_shuffled,60,101
stage_3_frames,0.006990484109574425,Combined_shuffled,60,101
stage_4_frames,0.013302370236044664,Combined_shuffled,60,101
stage_5_frames,0.014216748193387923,Combined_shuffled,60,101
roam_mean,0.016970474092959167,Combined_shuffled,60,101
roam_std_over_mean,0.011576987537624785,Combined_shuffled,60,101
roam_early_mean,0.020653358941318145,Combined_shuffled,60,101
roam_mid_mean,0.09712886574233914,Combined_shuffled,60,101
roam_late_mean,0.01809442392188554,Combined_shuffled,60,101
roam_slope,0.020639303700741508,Combined_shuffled,60,101
speed_1s_rows,0.007418436037052197,Combined_shuffled,60,101
speed_1s_stage2_rows,0.0064390440593690475,Combined_shuffled,60,101
speed_1s_stage2_col1_mean,0.02419082168471357,Combined_shuffled,60,101
speed_1s_stage2_col1_std_over_mean,0.04954552329495082,Combined_shuffled,60,101
speed_1s_stage2_col2_mean,0.010287337851413348,Combined_shuffled,60,101
speed_1s_stage2_col2_std_over_mean,0.015017945731351524,Combined_shuffled,60,101
speed_1s_stage3_rows,0.012022702826299615,Combined_shuffled,60,101
speed_1s_stage3_col1_mean,0.011441315756648411,Combined_shuffled,60,101
speed_1s_stage3_col1_std_over_mean,0.020929460212159766,Combined_shuffled,60,101
speed_1s_stage3_col2_mean,0.017091949001295452,Combined_shuffled,60,101
speed_1s_stage3_col2_std_over_mean,0.009351273862285282,Combined_shuffled,60,101
speed_1s_stage4_rows,0.00825580669174496,Combined_shuffled,60,101
speed_1s_stage4_col1_mean,0.021153110389896975,Combined_shuffled,60,101
speed_1s_stage4_col1_std_over_mean,0.024533109594986363,Combined_shuffled,60,101
speed_1s_stage4_col2_mean,0.015421485239072066,Combined_shuffled,60,101
speed_1s_stage4_col2_std_over_mean,0.016121874616312728,Combined_shuffled,60,101
speed_1s_stage5_rows,0.00046976662845292207,Combined_shuffled,60,101
speed_1s_stage5_col1_mean,0.02038659819856612,Combined_shuffled,60,101
speed_1s_stage5_col1_std_over_mean,0.018307024671654192,Combined_shuffled,60,101
speed_1s_stage5_col2_mean,0.01106337877432337,Combined_shuffled,60,101
speed_1s_stage5_col2_std_over_mean,0.009560058363107575,Combined_shuffled,60,101
speed_10s_avg_rows,0.008252713578596759,Combined_shuffled,60,101
speed_10s_avg_stage2_rows,0.008663103093866191,Combined_shuffled,60,101
speed_10s_avg_stage2_col1_mean,0.02441945579779281,Combined_shuffled,60,101
speed_10s_avg_stage2_col1_std_over_mean,0.020530364689682515,Combined_shuffled,60,101
speed_10s_avg_stage2_col2_mean,0.007724385413547732,Combined_shuffled,60,101
speed_10s_avg_stage2_col2_std_over_mean,0.01697895494789966,Combined_shuffled,60,101
speed_10s_avg_stage3_rows,0.01935953718844698,Combined_shuffled,60,101
speed_10s_avg_stage3_col1_mean,0.014015487068576003,Combined_shuffled,60,101
speed_10s_avg_stage3_col1_std_over_mean,0.028556983515619305,Combined_shuffled,60,101
speed_10s_avg_stage3_col2_mean,0.010569912749218684,Combined_shuffled,60,101
speed_10s_avg_stage3_col2_std_over_mean,0.06011999971939904,Combined_shuffled,60,101
speed_10s_avg_stage4_rows,0.01190705219850204,Combined_shuffled,60,101
speed_10s_avg_stage4_col1_mean,0.015586868542781879,Combined_shuffled,60,101
speed_10s_avg_stage4_col1_std_over_mean,0.01425651528712717,Combined_shuffled,60,101
speed_10s_avg_stage4_col2_mean,0.013010594040111999,Combined_shuffled,60,101
speed_10s_avg_stage4_col2_std_over_mean,0.06981998636090668,Combined_shuffled,60,101
speed_10s_avg_stage5_rows,0.000980960531670039,Combined_shuffled,60,101
speed_10s_avg_stage5_col1_mean,0.022793312544046943,Combined_shuffled,60,101
speed_10s_avg_stage5_col1_std_over_mean,0.017904056887666202,Combined_shuffled,60,101
speed_10s_avg_stage5_col2_mean,0.010816451323349251,Combined_shuffled,60,101
speed_10s_avg_stage5_col2_std_over_mean,0.02506246387738343,Combined_shuffled,60,101
stage_2_frames,0.032692755215570454,Combined_shuffled,61,102
stage_3_frames,0.010778156220256433,Combined_shuffled,61,102
stage_4_frames,0.01659775636705605,Combined_shuffled,61,102
stage_5_frames,0.006772392183251375,Combined_shuffled,61,102
roam_mean,0.014183285685956021,Combined_shuffled,61,102
roam_std_over_mean,0.013592458560038346,Combined_shuffled,61,102
roam_early_mean,0.022333735909719075,Combined_shuffled,61,102
roam_mid_mean,0.04222287513796924,Combined_shuffled,61,102
roam_late_mean,0.013871275074842865,Combined_shuffled,61,102
roam_slope,0.02627097081730564,Combined_shuffled,61,102
speed_1s_rows,0.009496341236252955,Combined_shuffled,61,102
speed_1s_stage2_rows,0.010284393984230691,Combined_shuffled,61,102
speed_1s_stage2_col1_mean,0.017791173802716363,Combined_shuffled,61,102
speed_1s_stage2_col1_std_over_mean,0.04809757692741687,Combined_shuffled,61,102
speed_1s_stage2_col2_mean,0.018245775674304895,Combined_shuffled,61,102
speed_1s_stage2_col2_std_over_mean,0.02331925599347549,Combined_shuffled,61,102
speed_1s_stage3_rows,0.014290451508605117,Combined_shuffled,61,102
speed_1s_stage3_col1_mean,0.017623194893682328,Combined_shuffled,61,102
speed_1s_stage3_col1_std_over_mean,0.028878407155508157,Combined_shuffled,61,102
speed_1s_stage3_col2_mean,0.014147200093461165,Combined_shuffled,61,102
speed_1s_stage3_col2_std_over_mean,0.02151994424833946,Combined_shuffled,61,102
speed_1s_stage4_rows,0.007521573992449742,Combined_shuffled,61,102
speed_1s_stage4_col1_mean,0.01676899563433901,Combined_shuffled,61,102
speed_1s_stage4_col1_std_over_mean,0.04269694994603324,Combined_shuffled,61,102
speed_1s_stage4_col2_mean,0.014028609487474529,Combined_shuffled,61,102
speed_1s_stage4_col2_std_over_mean,0.0210838058308005,Combined_shuffled,61,102
speed_1s_stage5_rows,0.0002093267360790535,Combined_shuffled,61,102
speed_1s_stage5_col1_mean,0.014999136260994144,Combined_shuffled,61,102
speed_1s_stage5_col1_std_over_mean,0.01629476143815263,Combined_shuffled,61,102
speed_1s_stage5_col2_mean,0.012054927579907513,Combined_shuffled,61,102
speed_1s_stage5_col2_std_over_mean,0.00785124205397368,Combined_shuffled,61,102
speed_10s_avg_rows,0.010633390661639631,Combined_shuffled,61,102
speed_10s_avg_stage2_rows,0.00884076052091249,Combined_shuffled,61,102
speed_10s_avg_stage2_col1_mean,0.009853673735548709,Combined_shuffled,61,102
speed_10s_avg_stage2_col1_std_over_mean,0.03136821056859699,Combined_shuffled,61,102
speed_10s_avg_stage2_col2_mean,0.01931691589070586,Combined_shuffled,61,102
speed_10s_avg_stage2_col2_std_over_mean,0.018487999950513076,Combined_shuffled,61,102
speed_10s_avg_stage3_rows,0.01870712407507752,Combined_shuffled,61,102
speed_10s_avg_stage3_col1_mean,0.01483328204336238,Combined_shuffled,61,102
speed_10s_avg_stage3_col1_std_over_mean,0.04011929844774811,Combined_shuffled,61,102
speed_10s_avg_stage3_col2_mean,0.02107437127235663,Combined_shuffled,61,102
speed_10s_avg_stage3_col2_std_over_mean,0.07184663721258805,Combined_shuffled,61,102
speed_10s_avg_stage4_rows,0.009183009827327445,Combined_shuffled,61,102
speed_10s_avg_stage4_col1_mean,0.022726122873137942,Combined_shuffled,61,102
speed_10s_avg_stage4_col1_std_over_mean,0.029031176056490332,Combined_shuffled,61,102
speed_10s_avg_stage4_col2_mean,0.016792436959153296,Combined_shuffled,61,102
speed_10s_avg_stage4_col2_std_over_mean,0.026033616924545477,Combined_shuffled,61,102
speed_10s_avg_stage5_rows,0.00018408336433754487,Combined_shuffled,61,102
speed_10s_avg_stage5_col1_mean,0.012723560912030031,Combined_shuffled,61,102
speed_10s_avg_stage5_col1_std_over_mean,0.017536706493995653,Combined_shuffled,61,102
speed_10s_avg_stage5_col2_mean,0.011598069361049197,Combined_shuffled,61,102
speed_10s_avg_stage5_col2_std_over_mean,0.01259084719872057,Combined_shuffled,61,102
stage_2_frames,0.02492784644357376,Combined_shuffled,62,103
stage_3_frames,0.008583959134709619,Combined_shuffled,62,103
stage_4_frames,0.015430964279072795,Combined_shuffled,62,103
stage_5_frames,0.008460865923610965,Combined_shuffled,62,103
roam_mean,0.02568364762011213,Combined_shuffled,62,103
roam_std_over_mean,0.01719300000101183,Combined_shuffled,62,103
roam_early_mean,0.02556858229582387,Combined_shuffled,62,103
roam_mid_mean,0.046321618821830585,Combined_shuffled,62,103
roam_late_mean,0.011397460756406776,Combined_shuffled,62,103
roam_slope,0.029148288196148047,Combined_shuffled,62,103
speed_1s_rows,0.014079723180153806,Combined_shuffled,62,103
speed_1s_stage2_rows,0.006428187186938928,Combined_shuffled,62,103
speed_1s_stage2_col1_mean,0.020995299038846622,Combined_shuffled,62,103
speed_1s_stage2_col1_std_over_mean,0.026243315343767105,Combined_shuffled,62,103
speed_1s_stage2_col2_mean,0.008663920885199449,Combined_shuffled,62,103
speed_1s_stage2_col2_std_over_mean,0.013564871124729804,Combined_shuffled,62,103
speed_1s_stage3_rows,0.012826253500338143,Combined_shuffled,62,103
speed_1s_stage3_col1_mean,0.011348072434927692,Combined_shuffled,62,103
speed_1s_stage3_col1_std_over_mean,0.03404639649822864,Combined_shuffled,62,103
speed_1s_stage3_col2_mean,0.007524833430293147,Combined_shuffled,62,103
speed_1s_stage3_col2_std_over_mean,0.017452586479063965,Combined_shuffled,62,103
speed_1s_stage4_rows,0.012849604523237863,Combined_shuffled,62,103
speed_1s_stage4_col1_mean,0.01509776198571313,Combined_shuffled,62,103
speed_1s_stage4_col1_std_over_mean,0.02596983518173633,Combined_shuffled,62,103
speed_1s_stage4_col2_mean,0.015591601349864145,Combined_shuffled,62,103
speed_1s_stage4_col2_std_over_mean,0.020624503286391305,Combined_shuffled,62,103
speed_1s_stage5_rows,0.0004794837075047229,Combined_shuffled,62,103
speed_1s_stage5_col1_mean,0.015325786336144502,Combined_shuffled,62,103
speed_1s_stage5_col1_std_over_mean,0.020695788331477758,Combined_shuffled,62,103
speed_1s_stage5_col2_mean,0.021227081863327713,Combined_shuffled,62,103
speed_1s_stage5_col2_std_over_mean,0.011929151266806846,Combined_shuffled,62,103
speed_10s_avg_rows,0.013755554727151578,Combined_shuffled,62,103
speed_10s_avg_stage2_rows,0.009449167922533188,Combined_shuffled,62,103
speed_10s_avg_stage2_col1_mean,0.01991490449988045,Combined_shuffled,62,103
speed_10s_avg_stage2_col1_std_over_mean,0.023030250580526764,Combined_shuffled,62,103
speed_10s_avg_stage2_col2_mean,0.012370968381976918,Combined_shuffled,62,103
speed_10s_avg_stage2_col2_std_over_mean,0.026476127961482607,Combined_shuffled,62,103
speed_10s_avg_stage3_rows,0.01906634947964503,Combined_shuffled,62,103
speed_10s_avg_stage3_col1_mean,0.013262420664243789,Combined_shuffled,62,103
speed_10s_avg_stage3_col1_std_over_mean,0.02333314276359462,Combined_shuffled,62,103
speed_10s_avg_stage3_col2_mean,0.005878116059911118,Combined_shuffled,62,103
speed_10s_avg_stage3_col2_std_over_mean,0.0817848285722429,Combined_shuffled,62,103
speed_10s_avg_stage4_rows,0.010327342380527566,Combined_shuffled,62,103
speed_10s_avg_stage4_col1_mean,0.013747423725608734,Combined_shuffled,62,103
speed_10s_avg_stage4_col1_std_over_mean,0.01639019089419507,Combined_shuffled,62,103
speed_10s_avg_stage4_col2_mean,0.010953709363836866,Combined_shuffled,62,103
speed_10s_avg_stage4_col2_std_over_mean,0.07347354323078871,Combined_shuffled,62,103
speed_10s_avg_stage5_rows,0.0005680584362537476,Combined_shuffled,62,103
speed_10s_avg_stage5_col1_mean,0.015132852434433746,Combined_shuffled,62,103
speed_10s_avg_stage5_col1_std_over_mean,0.01948649911814193,Combined_shuffled,62,103
speed_10s_avg_stage5_col2_mean,0.018142427998277852,Combined_shuffled,62,103
speed_10s_avg_stage5_col2_std_over_mean,0.027775830397754938,Combined_shuffled,62,103
stage_2_frames,0.03277773498819182,Combined_shuffled,63,104
stage_3_frames,0.0074995246198579025,Combined_shuffled,63,104
stage_4_frames,0.008799367485426457,Combined_shuffled,63,104
stage_5_frames,0.011657851839314837,Combined_shuffled,63,104
roam_mean,0.015780534953932078,Combined_shuffled,63,104
roam_std_over_mean,0.021152851401104962,Combined_shuffled,63,104
roam_early_mean,0.032487875610904694,Combined_shuffled,63,104
roam_mid_mean,0.07336968581605509,Combined_shuffled,63,104
roam_late_mean,0.01442775904172027,Combined_shuffled,63,104
roam_slope,0.039308215247580436,Combined_shuffled,63,104
speed_1s_rows,0.008842318528753971,Combined_shuffled,63,104
speed_1s_stage2_rows,0.00735346062981278,Combined_shuffled,63,104
speed_1s_stage2_col1_mean,0.027180973553118788,Combined_shuffled,63,104
speed_1s_stage2_col1_std_over_mean,0.015256920986925914,Combined_shuffled,63,104
speed_1s_stage2_col2_mean,0.012124355482342038,Combined_shuffled,63,104
speed_1s_stage2_col2_std_over_mean,0.0178219602798823,Combined_shuffled,63,104
speed_1s_stage3_rows,0.009761404130228742,Combined_shuffled,63,104
speed_1s_stage3_col1_mean,0.016933354358829672,Combined_shuffled,63,104
speed_1s_stage3_col1_std_over_mean,0.033116792451384006,Combined_shuffled,63,104
speed_1s_stage3_col2_mean,0.012155836869123722,Combined_shuffled,63,104
speed_1s_stage3_col2_std_over_mean,0.010471967895210064,Combined_shuffled,63,104
speed_1s_stage4_rows,0.009765123686406483,Combined_shuffled,63,104
speed_1s_stage4_col1_mean,0.01656006767228997,Combined_shuffled,63,104
speed_1s_stage4_col1_std_over_mean,0.04040523918692598,Combined_shuffled,63,104
speed_1s_stage4_col2_mean,0.02739479184375393,Combined_shuffled,63,104
speed_1s_stage4_col2_std_over_mean,0.026594346788651448,Combined_shuffled,63,104
speed_1s_stage5_rows,0.00024878219808234026,Combined_shuffled,63,104
speed_1s_stage5_col1_mean,0.0229409275633237,Combined_shuffled,63,104
speed_1s_stage5_col1_std_over_mean,0.02771448196325389,Combined_shuffled,63,104
speed_1s_stage5_col2_mean,0.007731290685025011,Combined_shuffled,63,104
speed_1s_stage5_col2_std_over_mean,0.013383761477461903,Combined_shuffled,63,104
speed_10s_avg_rows,0.01191786917189937,Combined_shuffled,63,104
speed_10s_avg_stage2_rows,0.009188124931810258,Combined_shuffled,63,104
speed_10s_avg_stage2_col1_mean,0.026949015806993413,Combined_shuffled,63,104
speed_10s_avg_stage2_col1_std_over_mean,0.019405323564647248,Combined_shuffled,63,104
speed_10s_avg_stage2_col2_mean,0.011745433473280161,Combined_shuffled,63,104
speed_10s_avg_stage2_col2_std_over_mean,0.01716869931294746,Combined_shuffled,63,104
speed_10s_avg_stage3_rows,0.010188571254356637,Combined_shuffled,63,104
speed_10s_avg_stage3_col1_mean,0.013912777652626244,Combined_shuffled,63,104
speed_10s_avg_stage3_col1_std_over_mean,0.02141845175823164,Combined_shuffled,63,104
speed_10s_avg_stage3_col2_mean,0.00992035742819956,Combined_shuffled,63,104
speed_10s_avg_stage3_col2_std_over_mean,0.030116203543121698,Combined_shuffled,63,104
speed_10s_avg_stage4_rows,0.017058545081691894,Combined_shuffled,63,104
speed_10s_avg_stage4_col1_mean,0.01794720700501116,Combined_shuffled,63,104
speed_10s_avg_stage4_col1_std_over_mean,0.015097076883151202,Combined_shuffled,63,104
speed_10s_avg_stage4_col2_mean,0.03096808545101368,Combined_shuffled,63,104
speed_10s_avg_stage4_col2_std_over_mean,0.04247749376500092,Combined_shuffled,63,104
speed_10s_avg_stage5_rows,0.0006708619378492286,Combined_shuffled,63,104
speed_10s_avg_stage5_col1_mean,0.02282767861516705,Combined_shuffled,63,104
speed_10s_avg_stage5_col1_std_over_mean,0.016153829815103275,Combined_shuffled,63,104
speed_10s_avg_stage5_col2_mean,0.013072619693164911,Combined_shuffled,63,104
speed_10s_avg_stage5_col2_std_over_mean,0.020776214619857885,Combined_shuffled,63,104
stage_2_frames,0.026594697571870256,Combined_shuffled,64,105
stage_3_frames,0.007776623729648505,Combined_shuffled,64,105
stage_4_frames,0.010736286319250188,Combined_shuffled,64,105
stage_5_frames,0.008588563056152465,Combined_shuffled,64,105
roam_mean,0.01777621271674275,Combined_shuffled,64,105
roam_std_over_mean,0.01789011033217738,Combined_shuffled,64,105
roam_early_mean,0.019899796177614632,Combined_shuffled,64,105
roam_mid_mean,0.04202979084424703,Combined_shuffled,64,105
roam_late_mean,0.012516415885668198,Combined_shuffled,64,105
roam_slope,0.028470471652329524,Combined_shuffled,64,105
speed_1s_rows,0.007425023837111258,Combined_shuffled,64,105
speed_1s_stage2_rows,0.00639565162677802,Combined_shuffled,64,105
speed_1s_stage2_col1_mean,0.02114880238425207,Combined_shuffled,64,105
speed_1s_stage2_col1_std_over_mean,0.026196205385155106,Combined_shuffled,64,105
speed_1s_stage2_col2_mean,0.011719593560892163,Combined_shuffled,64,105
speed_1s_stage2_col2_std_over_mean,0.018272923813583912,Combined_shuffled,64,105
speed_1s_stage3_rows,0.01687564179927349,Combined_shuffled,64,105
speed_1s_stage3_col1_mean,0.011472550735258762,Combined_shuffled,64,105
speed_1s_stage3_col1_std_over_mean,0.03016628961427435,Combined_shuffled,64,105
speed_1s_stage3_col2_mean,0.024574990072240174,Combined_shuffled,64,105
speed_1s_stage3_col2_std_over_mean,0.026772029785468072,Combined_shuffled,64,105
speed_1s_stage4_rows,0.008203800018129943,Combined_shuffled,64,105
speed_1s_stage4_col1_mean,0.016692790581626808,Combined_shuffled,64,105
speed_1s_stage4_col1_std_over_mean,0.030437891945891336,Combined_shuffled,64,105
speed_1s_stage4_col2_mean,0.01721833142119399,Combined_shuffled,64,105
speed_1s_stage4_col2_std_over_mean,0.035768243902890524,Combined_shuffled,64,105
speed_1s_stage5_rows,0.0009212159219512692,Combined_shuffled,64,105
speed_1s_stage5_col1_mean,0.02673462854015853,Combined_shuffled,64,105
speed_1s_stage5_col1_std_over_mean,0.02192468671664931,Combined_shuffled,64,105
speed_1s_stage5_col2_mean,0.009107553720133782,Combined_shuffled,64,105
speed_1s_stage5_col2_std_over_mean,0.011920455413115722,Combined_shuffled,64,105
speed_10s_avg_rows,0.006765524718684487,Combined_shuffled,64,105
speed_10s_avg_stage2_rows,0.010293721405051446,Combined_shuffled,64,105
speed_10s_avg_stage2_col1_mean,0.023426252982523967,Combined_shuffled,64,105
speed_10s_avg_stage2_col1_std_over_mean,0.04080255856909779,Combined_shuffled,64,105
speed_10s_avg_stage2_col2_mean,0.012568807995261002,Combined_shuffled,64,105
speed_10s_avg_stage2_col2_std_over_mean,0.01330504053226544,Combined_shuffled,64,105
speed_10s_avg_stage3_rows,0.01201595048187377,Combined_shuffled,64,105
speed_10s_avg_stage3_col1_mean,0.014085881177519226,Combined_shuffled,64,105
speed_10s_avg_stage3_col1_std_over_mean,0.025764070970320598,Combined_shuffled,64,105
speed_10s_avg_stage3_col2_mean,0.025385845450950708,Combined_shuffled,64,105
speed_10s_avg_stage3_col2_std_over_mean,0.07897150851167054,Combined_shuffled,64,105
speed_10s_avg_stage4_rows,0.011776585744227219,Combined_shuffled,64,105
speed_10s_avg_stage4_col1_mean,0.012679058176258834,Combined_shuffled,64,105
speed_10s_avg_stage4_col1_std_over_mean,0.019090123902807867,Combined_shuffled,64,105
speed_10s_avg_stage4_col2_mean,0.014325919702224556,Combined_shuffled,64,105
speed_10s_avg_stage4_col2_std_over_mean,0.020417198569150963,Combined_shuffled,64,105
speed_10s_avg_stage5_rows,0.0005885552335548979,Combined_shuffled,64,105
speed_10s_avg_stage5_col1_mean,0.01956595525032715,Combined_shuffled,64,105
speed_10s_avg_stage5_col1_std_over_mean,0.014813176453425041,Combined_shuffled,64,105
speed_10s_avg_stage5_col2_mean,0.009536115594692057,Combined_shuffled,64,105
speed_10s_avg_stage5_col2_std_over_mean,0.04159387949638306,Combined_shuffled,64,105
stage_2_frames,0.033129358545771044,Combined_shuffled,65,106
stage_3_frames,0.00853518527301416,Combined_shuffled,65,106
stage_4_frames,0.01884411592876809,Combined_shuffled,65,106
stage_5_frames,0.006596280868879442,Combined_shuffled,65,106
roam_mean,0.017686610726077502,Combined_shuffled,65,106
roam_std_over_mean,0.01059160894902778,Combined_shuffled,65,106
roam_early_mean,0.02664850600782838,Combined_shuffled,65,106
roam_mid_mean,0.03341222835759577,Combined_shuffled,65,106
roam_late_mean,0.017977403369911382,Combined_shuffled,65,106
roam_slope,0.02629114205324297,Combined_shuffled,65,106
speed_1s_rows,0.0089951312926225,Combined_shuffled,65,106
speed_1s_stage2_rows,0.010176399850011862,Combined_shuffled,65,106
speed_1s_stage2_col1_mean,0.01689971998491937,Combined_shuffled,65,106
speed_1s_stage2_col1_std_over_mean,0.027306239493352445,Combined_shuffled,65,106
speed_1s_stage2_col2_mean,0.012036817744551722,Combined_shuffled,65,106
speed_1s_stage2_col2_std_over_mean,0.008988625622097785,Combined_shuffled,65,106
speed_1s_stage3_rows,0.02153577070648232,Combined_shuffled,65,106
speed_1s_stage3_col1_mean,0.009927195475246573,Combined_shuffled,65,106
speed_1s_stage3_col1_std_over_mean,0.03205809569876648,Combined_shuffled,65,106
speed_1s_stage3_col2_mean,0.010257061062556024,Combined_shuffled,65,106
speed_1s_stage3_col2_std_over_mean,0.024878933127826627,Combined_shuffled,65,106
speed_1s_stage4_rows,0.011213547414719924,Combined_shuffled,65,106
speed_1s_stage4_col1_mean,0.034564804801816076,Combined_shuffled,65,106
speed_1s_stage4_col1_std_over_mean,0.033239768426248886,Combined_shuffled,65,106
speed_1s_stage4_col2_mean,0.016128835302626383,Combined_shuffled,65,106
speed_1s_stage4_col2_std_over_mean,0.03809279005461633,Combined_shuffled,65,106
speed_1s_stage5_rows,0.00027482413835522,Combined_shuffled,65,106
speed_1s_stage5_col1_mean,0.025030705250738146,Combined_shuffled,65,106
speed_1s_stage5_col1_std_over_mean,0.021127293296471217,Combined_shuffled,65,106
speed_1s_stage5_col2_mean,0.012155977438295546,Combined_shuffled,65,106
speed_1s_stage5_col2_std_over_mean,0.008325916278163316,Combined_shuffled,65,106
speed_10s_avg_rows,0.010620632748241453,Combined_shuffled,65,106
speed_10s_avg_stage2_rows,0.007758210337057305,Combined_shuffled,65,106
speed_10s_avg_stage2_col1_mean,0.024389071007763843,Combined_shuffled,65,106
speed_10s_avg_stage2_col1_std_over_mean,0.0362871777117627,Combined_shuffled,65,106
speed_10s_avg_stage2_col2_mean,0.010758591072744612,Combined_shuffled,65,106
speed_10s_avg_stage2_col2_std_over_mean,0.02328975702986635,Combined_shuffled,65,106
speed_10s_avg_stage3_rows,0.020007907057986697,Combined_shuffled,65,106
speed_10s_avg_stage3_col1_mean,0.011042929248900287,Combined_shuffled,65,106
speed_10s_avg_stage3_col1_std_over_mean,0.020504243373799195,Combined_shuffled,65,106
speed_10s_avg_stage3_col2_mean,0.011103710605479765,Combined_shuffled,65,106
speed_10s_avg_stage3_col2_std_over_mean,0.05624593559159424,Combined_shuffled,65,106
speed_10s_avg_stage4_rows,0.00935653045409232,Combined_shuffled,65,106
speed_10s_avg_stage4_col1_mean,0.026151439633988357,Combined_shuffled,65,106
speed_10s_avg_stage4_col1_std_over_mean,0.015470586532219421,Combined_shuffled,65,106
speed_10s_avg_stage4_col2_mean,0.018925125471443448,Combined_shuffled,65,106
speed_10s_avg_stage4_col2_std_over_mean,0.030071792069505505,Combined_shuffled,65,106
speed_10s_avg_stage5_rows,0.000464950413078848,Combined_shuffled,65,106
speed_10s_avg_stage5_col1_mean,0.018465266516568882,Combined_shuffled,65,106
speed_10s_avg_stage5_col1_std_over_mean,0.0216312201074793,Combined_shuffled,65,106
speed_10s_avg_stage5_col2_mean,0.014672735291799315,Combined_shuffled,65,106
speed_10s_avg_stage5_col2_std_over_mean,0.029855295184026888,Combined_shuffled,65,106
stage_2_frames,0.027542369195349435,Combined_shuffled,66,107
stage_3_frames,0.00593646788906723,Combined_shuffled,66,107
stage_4_frames,0.012996478282495602,Combined_shuffled,66,107
stage_5_frames,0.008087198686039986,Combined_shuffled,66,107
roam_mean,0.017825808772289117,Combined_shuffled,66,107
roam_std_over_mean,0.010026784984258796,Combined_shuffled,66,107
roam_early_mean,0.024964735673087584,Combined_shuffled,66,107
roam_mid_mean,0.036185133323846055,Combined_shuffled,66,107
roam_late_mean,0.012044536702965557,Combined_shuffled,66,107
roam_slope,0.02623685155559139,Combined_shuffled,66,107
speed_1s_rows,0.010675165674473276,Combined_shuffled,66,107
speed_1s_stage2_rows,0.007314390449103304,Combined_shuffled,66,107
speed_1s_stage2_col1_mean,0.03030942380793207,Combined_shuffled,66,107
speed_1s_stage2_col1_std_over_mean,0.06310325263632036,Combined_shuffled,66,107
speed_1s_stage2_col2_mean,0.011511541073016688,Combined_shuffled,66,107
speed_1s_stage2_col2_std_over_mean,0.013356000949820377,Combined_shuffled,66,107
speed_1s_stage3_rows,0.011705788651997128,Combined_shuffled,66,107
speed_1s_stage3_col1_mean,0.012644120188281956,Combined_shuffled,66,107
speed_1s_stage3_col1_std_over_mean,0.03564598757434101,Combined_shuffled,66,107
speed_1s_stage3_col2_mean,0.009528405390464414,Combined_shuffled,66,107
speed_1s_stage3_col2_std_over_mean,0.025606927607496322,Combined_shuffled,66,107
speed_1s_stage4_rows,0.009833358228622064,Combined_shuffled,66,107
speed_1s_stage4_col1_mean,0.011295222271328264,Combined_shuffled,66,107
speed_1s_stage4_col1_std_over_mean,0.023181573713136967,Combined_shuffled,66,107
speed_1s_stage4_col2_mean,0.026824111470880888,Combined_shuffled,66,107
speed_1s_stage4_col2_std_over_mean,0.027296134685551567,Combined_shuffled,66,107
speed_1s_stage5_rows,0.0001353021765043873,Combined_shuffled,66,107
speed_1s_stage5_col1_mean,0.024561397642189706,Combined_shuffled,66,107
speed_1s_stage5_col1_std_over_mean,0.017231487760070927,Combined_shuffled,66,107
speed_1s_stage5_col2_mean,0.009914920773129193,Combined_shuffled,66,107
speed_1s_stage5_col2_std_over_mean,0.008898911870628644,Combined_shuffled,66,107
speed_10s_avg_rows,0.00996063937418529,Combined_shuffled,66,107
speed_10s_avg_stage2_rows,0.008028169229292954,Combined_shuffled,66,107
speed_10s_avg_stage2_col1_mean,0.022779378294740776,Combined_shuffled,66,107
speed_10s_avg_stage2_col1_std_over_mean,0.06732444583789621,Combined_shuffled,66,107
speed_10s_avg_stage2_col2_mean,0.016594973761140497,Combined_shuffled,66,107
speed_10s_avg_stage2_col2_std_over_mean,0.021177129468290503,Combined_shuffled,66,107
speed_10s_avg_stage3_rows,0.010545407340550827,Combined_shuffled,66,107
speed_10s_avg_stage3_col1_mean,0.015786637385360364,Combined_shuffled,66,107
speed_10s_avg_stage3_col1_std_over_mean,0.027637235020110864,Combined_shuffled,66,107
speed_10s_avg_stage3_col2_mean,0.010712232134337267,Combined_shuffled,66,107
speed_10s_avg_stage3_col2_std_over_mean,0.045859051209543776,Combined_shuffled,66,107
speed_10s_avg_stage4_rows,0.007606302846535112,Combined_shuffled,66,107
speed_10s_avg_stage4_col1_mean,0.010733077537494336,Combined_shuffled,66,107
speed_10s_avg_stage4_col1_std_over_mean,0.01765893944586961,Combined_shuffled,66,107
speed_10s_avg_stage4_col2_mean,0.01856160014691192,Combined_shuffled,66,107
speed_10s_avg_stage4_col2_std_over_mean,0.030646838841683045,Combined_shuffled,66,107
speed_10s_avg_stage5_rows,0.0004350676170779495,Combined_shuffled,66,107
speed_10s_avg_stage5_col1_mean,0.024378850133203674,Combined_shuffled,66,107
speed_10s_avg_stage5_col1_std_over_mean,0.016524269289504224,Combined_shuffled,66,107
speed_10s_avg_stage5_col2_mean,0.01394781245666465,Combined_shuffled,66,107
speed_10s_avg_stage5_col2_std_over_mean,0.030682152969325915,Combined_shuffled,66,107
stage_2_frames,0.0317689314970695,Combined_shuffled,67,108
stage_3_frames,0.006834113403035818,Combined_shuffled,67,108
stage_4_frames,0.014758647189788806,Combined_shuffled,67,108
stage_5_frames,0.0072027377943012704,Combined_shuffled,67,108
roam_mean,0.02579997393312634,Combined_shuffled,67,108
roam_std_over_mean,0.013770904458320075,Combined_shuffled,67,108
roam_early_mean,0.03096290589126256,Combined_shuffled,67,108
roam_mid_mean,0.04624376943827986,Combined_shuffled,67,108
roam_late_mean,0.01712983079983133,Combined_shuffled,67,108
roam_slope,0.028061822244038276,Combined_shuffled,67,108
speed_1s_rows,0.008469433508611714,Combined_shuffled,67,108
speed_1s_stage2_rows,0.0062489806027100575,Combined_shuffled,67,108
speed_1s_stage2_col1_mean,0.026502023342401336,Combined_shuffled,67,108
speed_1s_stage2_col1_std_over_mean,0.03559217742169735,Combined_shuffled,67,108
speed_1s_stage2_col2_mean,0.011489267649799679,Combined_shuffled,67,108
speed_1s_stage2_col2_std_over_mean,0.015490935126421551,Combined_shuffled,67,108
speed_1s_stage3_rows,0.010154490721749416,Combined_shuffled,67,108
speed_1s_stage3_col1_mean,0.013699814280388065,Combined_shuffled,67,108
speed_1s_stage3_col1_std_over_mean,0.027928484394427515,Combined_shuffled,67,108
speed_1s_stage3_col2_mean,0.011692257141933286,Combined_shuffled,67,108
speed_1s_stage3_col2_std_over_mean,0.013932712885438027,Combined_shuffled,67,108
speed_1s_stage4_rows,0.009737135243409039,Combined_shuffled,67,108
speed_1s_stage4_col1_mean,0.021682290735923523,Combined_shuffled,67,108
speed_1s_stage4_col1_std_over_mean,0.043352047416505134,Combined_shuffled,67,108
speed_1s_stage4_col2_mean,0.013328429668032472,Combined_shuffled,67,108
speed_1s_stage4_col2_std_over_mean,0.037313751173140716,Combined_shuffled,67,108
speed_1s_stage5_rows,0.00022994244322759616,Combined_shuffled,67,108
speed_1s_stage5_col1_mean,0.022365957617127515,Combined_shuffled,67,108
speed_1s_stage5_col1_std_over_mean,0.01593289890793659,Combined_shuffled,67,108
speed_1s_stage5_col2_mean,0.01786943700318846,Combined_shuffled,67,108
speed_1s_stage5_col2_std_over_mean,0.008837359928076497,Combined_shuffled,67,108
speed_10s_avg_rows,0.005848327611447096,Combined_shuffled,67,108
speed_10s_avg_stage2_rows,0.007801972199109167,Combined_shuffled,67,108
speed_10s_avg_stage2_col1_mean,0.018516223927653126,Combined_shuffled,67,108
speed_10s_avg_stage2_col1_std_over_mean,0.030901710325293045,Combined_shuffled,67,108
speed_10s_avg_stage2_col2_mean,0.009093937327714637,Combined_shuffled,67,108
speed_10s_avg_stage2_col2_std_over_mean,0.029558120704831194,Combined_shuffled,67,108
speed_10s_avg_stage3_rows,0.015366193916587032,Combined_shuffled,67,108
speed_10s_avg_stage3_col1_mean,0.011261639593127025,Combined_shuffled,67,108
speed_10s_avg_stage3_col1_std_over_mean,0.021771031595700357,Combined_shuffled,67,108
speed_10s_avg_stage3_col2_mean,0.010218464434242578,Combined_shuffled,67,108
speed_10s_avg_stage3_col2_std_over_mean,0.04584821590232273,Combined_shuffled,67,108
speed_10s_avg_stage4_rows,0.006970976035973168,Combined_shuffled,67,108
speed_10s_avg_stage4_col1_mean,0.015442264862124877,Combined_shuffled,67,108
speed_10s_avg_stage4_col1_std_over_mean,0.01703870651826125,Combined_shuffled,67,108
speed_10s_avg_stage4_col2_mean,0.014485334464641746,Combined_shuffled,67,108
speed_10s_avg_stage4_col2_std_over_mean,0.0616811813718865,Combined_shuffled,67,108
speed_10s_avg_stage5_rows,0.00014247950237667814,Combined_shuffled,67,108
speed_10s_avg_stage5_col1_mean,0.023170986248785233,Combined_shuffled,67,108
speed_10s_avg_stage5_col1_std_over_mean,0.02527646706556992,Combined_shuffled,67,108
speed_10s_avg_stage5_col2_mean,0.010002676645656336,Combined_shuffled,67,108
speed_10s_avg_stage5_col2_std_over_mean,0.02521962588549701,Combined_shuffled,67,108
stage_2_frames,0.05445485057235099,Combined_shuffled,68,109
stage_3_frames,0.007634170411689451,Combined_shuffled,68,109
stage_4_frames,0.012489194733823051,Combined_shuffled,68,109
stage_5_frames,0.00835970675466653,Combined_shuffled,68,109
roam_mean,0.013125414883303063,Combined_shuffled,68,109
roam_std_over_mean,0.01792163748927625,Combined_shuffled,68,109
roam_early_mean,0.025935606875820288,Combined_shuffled,68,109
roam_mid_mean,0.056660509268353566,Combined_shuffled,68,109
roam_late_mean,0.02127021438544536,Combined_shuffled,68,109
roam_slope,0.04518840830130907,Combined_shuffled,68,109
speed_1s_rows,0.008317838585713559,Combined_shuffled,68,109
speed_1s_stage2_rows,0.008107931183998362,Combined_shuffled,68,109
speed_1s_stage2_col1_mean,0.015989244595044316,Combined_shuffled,68,109
speed_1s_stage2_col1_std_over_mean,0.01752704920342908,Combined_shuffled,68,109
speed_1s_stage2_col2_mean,0.01585811029329201,Combined_shuffled,68,109
speed_1s_stage2_col2_std_over_mean,0.012483533397582845,Combined_shuffled,68,109
speed_1s_stage3_rows,0.014120409333093152,Combined_shuffled,68,109
speed_1s_stage3_col1_mean,0.010907260062185686,Combined_shuffled,68,109
speed_1s_stage3_col1_std_over_mean,0.02691326802360016,Combined_shuffled,68,109
speed_1s_stage3_col2_mean,0.010689590664299958,Combined_shuffled,68,109
speed_1s_stage3_col2_std_over_mean,0.012788005802678951,Combined_shuffled,68,109
speed_1s_stage4_rows,0.009461176141484508,Combined_shuffled,68,109
speed_1s_stage4_col1_mean,0.0151681801642755,Combined_shuffled,68,109
speed_1s_stage4_col1_std_over_mean,0.030527818939628172,Combined_shuffled,68,109
speed_1s_stage4_col2_mean,0.012323574441374703,Combined_shuffled,68,109
speed_1s_stage4_col2_std_over_mean,0.029260861270315776,Combined_shuffled,68,109
speed_1s_stage5_rows,0.0009923006129221635,Combined_shuffled,68,109
speed_1s_stage5_col1_mean,0.02671095326948551,Combined_shuffled,68,109
speed_1s_stage5_col1_std_over_mean,0.02234353153536507,Combined_shuffled,68,109
speed_1s_stage5_col2_mean,0.012057114586176334,Combined_shuffled,68,109
speed_1s_stage5_col2_std_over_mean,0.011960308705911457,Combined_shuffled,68,109
speed_10s_avg_rows,0.00900848384921854,Combined_shuffled,68,109
speed_10s_avg_stage2_rows,0.00929534776298023,Combined_shuffled,68,109
speed_10s_avg_stage2_col1_mean,0.01744813085322929,Combined_shuffled,68,109
speed_10s_avg_stage2_col1_std_over_mean,0.03438629010181192,Combined_shuffled,68,109
speed_10s_avg_stage2_col2_mean,0.01227260435481395,Combined_shuffled,68,109
speed_10s_avg_stage2_col2_std_over_mean,0.015128091381161135,Combined_shuffled,68,109
speed_10s_avg_stage3_rows,0.017933286334646664,Combined_shuffled,68,109
speed_10s_avg_stage3_col1_mean,0.012405194168248037,Combined_shuffled,68,109
speed_10s_avg_stage3_col1_std_over_mean,0.02110481693670938,Combined_shuffled,68,109
speed_10s_avg_stage3_col2_mean,0.008056293831486665,Combined_shuffled,68,109
speed_10s_avg_stage3_col2_std_over_mean,0.05348394121792981,Combined_shuffled,68,109
speed_10s_avg_stage4_rows,0.008550737300404673,Combined_shuffled,68,109
speed_10s_avg_stage4_col1_mean,0.015435984261144198,Combined_shuffled,68,109
speed_10s_avg_stage4_col1_std_over_mean,0.0241223475793881,Combined_shuffled,68,109
speed_10s_avg_stage4_col2_mean,0.007083480350984121,Combined_shuffled,68,109
speed_10s_avg_stage4_col2_std_over_mean,0.035983777683144674,Combined_shuffled,68,109
speed_10s_avg_stage5_rows,0.0004151943529972485,Combined_shuffled,68,109
speed_10s_avg_stage5_col1_mean,0.025742068660771132,Combined_shuffled,68,109
speed_10s_avg_stage5_col1_std_over_mean,0.02016453588964431,Combined_shuffled,68,109
speed_10s_avg_stage5_col2_mean,0.009729945967795164,Combined_shuffled,68,109
speed_10s_avg_stage5_col2_std_over_mean,0.05470167267359598,Combined_shuffled,68,109
stage_2_frames,0.027879334762891346,Combined_shuffled,69,110
stage_3_frames,0.006592893505141472,Combined_shuffled,69,110
stage_4_frames,0.014696755618203963,Combined_shuffled,69,110
stage_5_frames,0.007981376073697014,Combined_shuffled,69,110
roam_mean,0.012303343927387689,Combined_shuffled,69,110
roam_std_over_mean,0.021367845933246456,Combined_shuffled,69,110
roam_early_mean,0.02339506557129753,Combined_shuffled,69,110
roam_mid_mean,0.03921850730043144,Combined_shuffled,69,110
roam_late_mean,0.01973838278391286,Combined_shuffled,69,110
roam_slope,0.02995121911798601,Combined_shuffled,69,110
speed_1s_rows,0.008549785542093307,Combined_shuffled,69,110
speed_1s_stage2_rows,0.004645366798573968,Combined_shuffled,69,110
speed_1s_stage2_col1_mean,0.015719467734134233,Combined_shuffled,69,110
speed_1s_stage2_col1_std_over_mean,0.03391661640523934,Combined_shuffled,69,110
speed_1s_stage2_col2_mean,0.009175756068478392,Combined_shuffled,69,110
speed_1s_stage2_col2_std_over_mean,0.016197447312011296,Combined_shuffled,69,110
speed_1s_stage3_rows,0.020337431309036633,Combined_shuffled,69,110
speed_1s_stage3_col1_mean,0.014994874803079846,Combined_shuffled,69,110
speed_1s_stage3_col1_std_over_mean,0.04994127870507877,Combined_shuffled,69,110
speed_1s_stage3_col2_mean,0.008837715246014252,Combined_shuffled,69,110
speed_1s_stage3_col2_std_over_mean,0.01651748699379803,Combined_shuffled,69,110
speed_1s_stage4_rows,0.007824159471976318,Combined_shuffled,69,110
speed_1s_stage4_col1_mean,0.021235579217844885,Combined_shuffled,69,110
speed_1s_stage4_col1_std_over_mean,0.038334766650705794,Combined_shuffled,69,110
speed_1s_stage4_col2_mean,0.008903266941760855,Combined_shuffled,69,110
speed_1s_stage4_col2_std_over_mean,0.047161461146640035,Combined_shuffled,69,110
speed_1s_stage5_rows,0.00012854622462568876,Combined_shuffled,69,110
speed_1s_stage5_col1_mean,0.02287068316785094,Combined_shuffled,69,110
speed_1s_stage5_col1_std_over_mean,0.029283520182238763,Combined_shuffled,69,110
speed_1s_stage5_col2_mean,0.012206843048114688,Combined_shuffled,69,110
speed_1s_stage5_col2_std_over_mean,0.018371222452270273,Combined_shuffled,69,110
speed_10s_avg_rows,0.007844437515930355,Combined_shuffled,69,110
speed_10s_avg_stage2_rows,0.0071272767969080145,Combined_shuffled,69,110
speed_10s_avg_stage2_col1_mean,0.013213557304736643,Combined_shuffled,69,110
speed_10s_avg_stage2_col1_std_over_mean,0.031511889900944175,Combined_shuffled,69,110
speed_10s_avg_stage2_col2_mean,0.010721900101488959,Combined_shuffled,69,110
speed_10s_avg_stage2_col2_std_over_mean,0.011755925384556542,Combined_shuffled,69,110
speed_10s_avg_stage3_rows,0.019019066829564002,Combined_shuffled,69,110
speed_10s_avg_stage3_col1_mean,0.016968379574147437,Combined_shuffled,69,110
speed_10s_avg_stage3_col1_std_over_mean,0.029649043357070227,Combined_shuffled,69,110
speed_10s_avg_stage3_col2_mean,0.009235874452967467,Combined_shuffled,69,110
speed_10s_avg_stage3_col2_std_over_mean,0.06813371760305627,Combined_shuffled,69,110
speed_10s_avg_stage4_rows,0.00931510515404353,Combined_shuffled,69,110
speed_10s_avg_stage4_col1_mean,0.018346678752737895,Combined_shuffled,69,110
speed_10s_avg_stage4_col1_std_over_mean,0.019904570487854416,Combined_shuffled,69,110
speed_10s_avg_stage4_col2_mean,0.011421757393003577,Combined_shuffled,69,110
speed_10s_avg_stage4_col2_std_over_mean,0.031873468256616806,Combined_shuffled,69,110
speed_10s_avg_stage5_rows,0.0006096061097658497,Combined_shuffled,69,110
speed_10s_avg_stage5_col1_mean,0.016848167198610497,Combined_shuffled,69,110
speed_10s_avg_stage5_col1_std_over_mean,0.02739044558005838,Combined_shuffled,69,110
speed_10s_avg_stage5_col2_mean,0.009956463622236357,Combined_shuffled,69,110
speed_10s_avg_stage5_col2_std_over_mean,0.020874668607940683,Combined_shuffled,69,110
stage_2_frames,0.05143183692093836,Combined_shuffled,70,111
stage_3_frames,0.014213872879087886,Combined_shuffled,70,111
stage_4_frames,0.01553771234200396,Combined_shuffled,70,111
stage_5_frames,0.011013006632948276,Combined_shuffled,70,111
roam_mean,0.01198407303577384,Combined_shuffled,70,111
roam_std_over_mean,0.014145926994773116,Combined_shuffled,70,111
roam_early_mean,0.02538162734913953,Combined_shuffled,70,111
roam_mid_mean,0.037560790836750436,Combined_shuffled,70,111
roam_late_mean,0.022519719299703863,Combined_shuffled,70,111
roam_slope,0.014519376730650152,Combined_shuffled,70,111
speed_1s_rows,0.007950279550132866,Combined_shuffled,70,111
speed_1s_stage2_rows,0.013444568905590239,Combined_shuffled,70,111
speed_1s_stage2_col1_mean,0.010999192969244682,Combined_shuffled,70,111
speed_1s_stage2_col1_std_over_mean,0.0240183287960094,Combined_shuffled,70,111
speed_1s_stage2_col2_mean,0.011820447165891614,Combined_shuffled,70,111
speed_1s_stage2_col2_std_over_mean,0.019514883208091704,Combined_shuffled,70,111
speed_1s_stage3_rows,0.01588073455968268,Combined_shuffled,70,111
speed_1s_stage3_col1_mean,0.015451580858163137,Combined_shuffled,70,111
speed_1s_stage3_col1_std_over_mean,0.029976655753747077,Combined_shuffled,70,111
speed_1s_stage3_col2_mean,0.01411899702643212,Combined_shuffled,70,111
speed_1s_stage3_col2_std_over_mean,0.019924545152538404,Combined_shuffled,70,111
speed_1s_stage4_rows,0.009284953814802448,Combined_shuffled,70,111
speed_1s_stage4_col1_mean,0.01194290974168836,Combined_shuffled,70,111
speed_1s_stage4_col1_std_over_mean,0.018420331629022263,Combined_shuffled,70,111
speed_1s_stage4_col2_mean,0.017813701994111673,Combined_shuffled,70,111
speed_1s_stage4_col2_std_over_mean,0.018802624995803745,Combined_shuffled,70,111
speed_1s_stage5_rows,0.0005619152176649922,Combined_shuffled,70,111
speed_1s_stage5_col1_mean,0.013659993936337208,Combined_shuffled,70,111
speed_1s_stage5_col1_std_over_mean,0.020716767351525056,Combined_shuffled,70,111
speed_1s_stage5_col2_mean,0.008475442111970195,Combined_shuffled,70,111
speed_1s_stage5_col2_std_over_mean,0.008203104131325535,Combined_shuffled,70,111
speed_10s_avg_rows,0.006844630887460872,Combined_shuffled,70,111
speed_10s_avg_stage2_rows,0.013808347265756853,Combined_shuffled,70,111
speed_10s_avg_stage2_col1_mean,0.015031951705380053,Combined_shuffled,70,111
speed_10s_avg_stage2_col1_std_over_mean,0.02547103929076384,Combined_shuffled,70,111
speed_10s_avg_stage2_col2_mean,0.010455109218407609,Combined_shuffled,70,111
speed_10s_avg_stage2_col2_std_over_mean,0.014720074146852,Combined_shuffled,70,111
speed_10s_avg_stage3_rows,0.015972294125480707,Combined_shuffled,70,111
speed_10s_avg_stage3_col1_mean,0.016368583241189963,Combined_shuffled,70,111
speed_10s_avg_stage3_col1_std_over_mean,0.027957576425409678,Combined_shuffled,70,111
speed_10s_avg_stage3_col2_mean,0.012991192830427186,Combined_shuffled,70,111
speed_10s_avg_stage3_col2_std_over_mean,0.10727705059114488,Combined_shuffled,70,111
speed_10s_avg_stage4_rows,0.012327837093322098,Combined_shuffled,70,111
speed_10s_avg_stage4_col1_mean,0.013719954609979773,Combined_shuffled,70,111
speed_10s_avg_stage4_col1_std_over_mean,0.0241710306713998,Combined_shuffled,70,111
speed_10s_avg_stage4_col2_mean,0.022935314578474055,Combined_shuffled,70,111
speed_10s_avg_stage4_col2_std_over_mean,0.08525165439615211,Combined_shuffled,70,111
speed_10s_avg_stage5_rows,0.0009421403533315542,Combined_shuffled,70,111
speed_10s_avg_stage5_col1_mean,0.010503295810562285,Combined_shuffled,70,111
speed_10s_avg_stage5_col1_std_over_mean,0.011195916397058723,Combined_shuffled,70,111
speed_10s_avg_stage5_col2_mean,0.007448401987342124,Combined_shuffled,70,111
speed_10s_avg_stage5_col2_std_over_mean,0.015316702482559055,Combined_shuffled,70,111
stage_2_frames,0.02455870046019046,Combined_shuffled,71,112
stage_3_frames,0.009178373692642431,Combined_shuffled,71,112
stage_4_frames,0.014037432717855743,Combined_shuffled,71,112
stage_5_frames,0.009841111268728647,Combined_shuffled,71,112
roam_mean,0.01804067772140266,Combined_shuffled,71,112
roam_std_over_mean,0.01945667474586495,Combined_shuffled,71,112
roam_early_mean,0.029331292621463702,Combined_shuffled,71,112
roam_mid_mean,0.058748190236433045,Combined_shuffled,71,112
roam_late_mean,0.017517940427704007,Combined_shuffled,71,112
roam_slope,0.03205268571588469,Combined_shuffled,71,112
speed_1s_rows,0.008901062481262207,Combined_shuffled,71,112
speed_1s_stage2_rows,0.007955520892876109,Combined_shuffled,71,112
speed_1s_stage2_col1_mean,0.0216922919092439,Combined_shuffled,71,112
speed_1s_stage2_col1_std_over_mean,0.015248895583478597,Combined_shuffled,71,112
speed_1s_stage2_col2_mean,0.007736523856324483,Combined_shuffled,71,112
speed_1s_stage2_col2_std_over_mean,0.013991377265285777,Combined_shuffled,71,112
speed_1s_stage3_rows,0.018543747014354645,Combined_shuffled,71,112
speed_1s_stage3_col1_mean,0.013300153554392756,Combined_shuffled,71,112
speed_1s_stage3_col1_std_over_mean,0.030720514305189718,Combined_shuffled,71,112
speed_1s_stage3_col2_mean,0.01470289759518294,Combined_shuffled,71,112
speed_1s_stage3_col2_std_over_mean,0.020608746355010473,Combined_shuffled,71,112
speed_1s_stage4_rows,0.00979476099223121,Combined_shuffled,71,112
speed_1s_stage4_col1_mean,0.014749880931026232,Combined_shuffled,71,112
speed_1s_stage4_col1_std_over_mean,0.03154401857399037,Combined_shuffled,71,112
speed_1s_stage4_col2_mean,0.017537070996201477,Combined_shuffled,71,112
speed_1s_stage4_col2_std_over_mean,0.04783936490240555,Combined_shuffled,71,112
speed_1s_stage5_rows,0.0004131080738784377,Combined_shuffled,71,112
speed_1s_stage5_col1_mean,0.020766125528814863,Combined_shuffled,71,112
speed_1s_stage5_col1_std_over_mean,0.030331390542482607,Combined_shuffled,71,112
speed_1s_stage5_col2_mean,0.01902847096845279,Combined_shuffled,71,112
speed_1s_stage5_col2_std_over_mean,0.009265911202887445,Combined_shuffled,71,112
speed_10s_avg_rows,0.007797070027296906,Combined_shuffled,71,112
speed_10s_avg_stage2_rows,0.0058907375122759205,Combined_shuffled,71,112
speed_10s_avg_stage2_col1_mean,0.02925302267039717,Combined_shuffled,71,112
speed_10s_avg_stage2_col1_std_over_mean,0.037777710455702905,Combined_shuffled,71,112
speed_10s_avg_stage2_col2_mean,0.007772434844763764,Combined_shuffled,71,112
speed_10s_avg_stage2_col2_std_over_mean,0.019383857226857957,Combined_shuffled,71,112
speed_10s_avg_stage3_rows,0.012595621315218427,Combined_shuffled,71,112
speed_10s_avg_stage3_col1_mean,0.011162349927620737,Combined_shuffled,71,112
speed_10s_avg_stage3_col1_std_over_mean,0.024432101450037033,Combined_shuffled,71,112
speed_10s_avg_stage3_col2_mean,0.011934320090266227,Combined_shuffled,71,112
speed_10s_avg_stage3_col2_std_over_mean,0.043966355116787294,Combined_shuffled,71,112
speed_10s_avg_stage4_rows,0.009702201209064083,Combined_shuffled,71,112
speed_10s_avg_stage4_col1_mean,0.014487118842464423,Combined_shuffled,71,112
speed_10s_avg_stage4_col1_std_over_mean,0.01272778634255845,Combined_shuffled,71,112
speed_10s_avg_stage4_col2_mean,0.019911263557772757,Combined_shuffled,71,112
speed_10s_avg_stage4_col2_std_over_mean,0.04304611327182015,Combined_shuffled,71,112
speed_10s_avg_stage5_rows,0.0002449506733504332,Combined_shuffled,71,112
speed_10s_avg_stage5_col1_mean,0.018514333413667296,Combined_shuffled,71,112
speed_10s_avg_stage5_col1_std_over_mean,0.02134490749764112,Combined_shuffled,71,112
speed_10s_avg_stage5_col2_mean,0.013920528375745261,Combined_shuffled,71,112
speed_10s_avg_stage5_col2_std_over_mean,0.026700303045548875,Combined_shuffled,71,112
stage_2_frames,0.03195409801813605,Combined_shuffled,72,113
stage_3_frames,0.005881809517571682,Combined_shuffled,72,113
stage_4_frames,0.012096569272008957,Combined_shuffled,72,113
stage_5_frames,0.010751742658955524,Combined_shuffled,72,113
roam_mean,0.02252017760556713,Combined_shuffled,72,113
roam_std_over_mean,0.008851826147484322,Combined_shuffled,72,113
roam_early_mean,0.030164194305328698,Combined_shuffled,72,113
roam_mid_mean,0.04940388915026167,Combined_shuffled,72,113
roam_late_mean,0.01225181292785062,Combined_shuffled,72,113
roam_slope,0.01965659822778008,Combined_shuffled,72,113
speed_1s_rows,0.010009151158849818,Combined_shuffled,72,113
speed_1s_stage2_rows,0.005460053120217355,Combined_shuffled,72,113
speed_1s_stage2_col1_mean,0.020427548216501924,Combined_shuffled,72,113
speed_1s_stage2_col1_std_over_mean,0.03257975953372261,Combined_shuffled,72,113
speed_1s_stage2_col2_mean,0.008282766017771262,Combined_shuffled,72,113
speed_1s_stage2_col2_std_over_mean,0.012815565951176914,Combined_shuffled,72,113
speed_1s_stage3_rows,0.011385195875419404,Combined_shuffled,72,113
speed_1s_stage3_col1_mean,0.0125416948261672,Combined_shuffled,72,113
speed_1s_stage3_col1_std_over_mean,0.04626037143971634,Combined_shuffled,72,113
speed_1s_stage3_col2_mean,0.025361351100171382,Combined_shuffled,72,113
speed_1s_stage3_col2_std_over_mean,0.020729608124706225,Combined_shuffled,72,113
speed_1s_stage4_rows,0.010120958089145352,Combined_shuffled,72,113
speed_1s_stage4_col1_mean,0.012042031817174765,Combined_shuffled,72,113
speed_1s_stage4_col1_std_over_mean,0.03545182031546977,Combined_shuffled,72,113
speed_1s_stage4_col2_mean,0.014620788709362944,Combined_shuffled,72,113
speed_1s_stage4_col2_std_over_mean,0.025789469301634962,Combined_shuffled,72,113
speed_1s_stage5_rows,0.0004622072472942319,Combined_shuffled,72,113
speed_1s_stage5_col1_mean,0.02319089856600084,Combined_shuffled,72,113
speed_1s_stage5_col1_std_over_mean,0.021671468855386934,Combined_shuffled,72,113
speed_1s_stage5_col2_mean,0.019872873136510125,Combined_shuffled,72,113
speed_1s_stage5_col2_std_over_mean,0.013583433679694218,Combined_shuffled,72,113
speed_10s_avg_rows,0.011420375828804105,Combined_shuffled,72,113
speed_10s_avg_stage2_rows,0.004443853090537986,Combined_shuffled,72,113
speed_10s_avg_stage2_col1_mean,0.026414042539017572,Combined_shuffled,72,113
speed_10s_avg_stage2_col1_std_over_mean,0.02224072947024652,Combined_shuffled,72,113
speed_10s_avg_stage2_col2_mean,0.007885115559245969,Combined_shuffled,72,113
speed_10s_avg_stage2_col2_std_over_mean,0.03173179182739532,Combined_shuffled,72,113
speed_10s_avg_stage3_rows,0.01240290712342941,Combined_shuffled,72,113
speed_10s_avg_stage3_col1_mean,0.010199532551390347,Combined_shuffled,72,113
speed_10s_avg_stage3_col1_std_over_mean,0.026058412192401167,Combined_shuffled,72,113
speed_10s_avg_stage3_col2_mean,0.02400765867303768,Combined_shuffled,72,113
speed_10s_avg_stage3_col2_std_over_mean,0.032808099322697584,Combined_shuffled,72,113
speed_10s_avg_stage4_rows,0.008326833797107277,Combined_shuffled,72,113
speed_10s_avg_stage4_col1_mean,0.014740987977950057,Combined_shuffled,72,113
speed_10s_avg_stage4_col1_std_over_mean,0.01180920327554141,Combined_shuffled,72,113
speed_10s_avg_stage4_col2_mean,0.01847523643292928,Combined_shuffled,72,113
speed_10s_avg_stage4_col2_std_over_mean,0.06681080895119552,Combined_shuffled,72,113
speed_10s_avg_stage5_rows,0.0005578691133668991,Combined_shuffled,72,113
speed_10s_avg_stage5_col1_mean,0.02018743408631113,Combined_shuffled,72,113
speed_10s_avg_stage5_col1_std_over_mean,0.018452656761515158,Combined_shuffled,72,113
speed_10s_avg_stage5_col2_mean,0.018195021938368333,Combined_shuffled,72,113
speed_10s_avg_stage5_col2_std_over_mean,0.026639696574472096,Combined_shuffled,72,113
stage_2_frames,0.02109126900497591,Combined_shuffled,73,114
stage_3_frames,0.007239831649250119,Combined_shuffled,73,114
stage_4_frames,0.010565145836227629,Combined_shuffled,73,114
stage_5_frames,0.01242833357959093,Combined_shuffled,73,114
roam_mean,0.011634020321640938,Combined_shuffled,73,114
roam_std_over_mean,0.01678089324386688,Combined_shuffled,73,114
roam_early_mean,0.03805030444738051,Combined_shuffled,73,114
roam_mid_mean,0.0476527880447754,Combined_shuffled,73,114
roam_late_mean,0.014378071181504195,Combined_shuffled,73,114
roam_slope,0.030980697141705343,Combined_shuffled,73,114
speed_1s_rows,0.012470573521855204,Combined_shuffled,73,114
speed_1s_stage2_rows,0.006320703046328175,Combined_shuffled,73,114
speed_1s_stage2_col1_mean,0.044419638338332706,Combined_shuffled,73,114
speed_1s_stage2_col1_std_over_mean,0.024646449954493613,Combined_shuffled,73,114
speed_1s_stage2_col2_mean,0.013881496648961485,Combined_shuffled,73,114
speed_1s_stage2_col2_std_over_mean,0.019974271092996876,Combined_shuffled,73,114
speed_1s_stage3_rows,0.009492695473423952,Combined_shuffled,73,114
speed_1s_stage3_col1_mean,0.01026933175367026,Combined_shuffled,73,114
speed_1s_stage3_col1_std_over_mean,0.03627132082355453,Combined_shuffled,73,114
speed_1s_stage3_col2_mean,0.0070314528245164565,Combined_shuffled,73,114
speed_1s_stage3_col2_std_over_mean,0.012552368744795294,Combined_shuffled,73,114
speed_1s_stage4_rows,0.011148802743335235,Combined_shuffled,73,114
speed_1s_stage4_col1_mean,0.019138300247289523,Combined_shuffled,73,114
speed_1s_stage4_col1_std_over_mean,0.045689827922207486,Combined_shuffled,73,114
speed_1s_stage4_col2_mean,0.020162919923276446,Combined_shuffled,73,114
speed_1s_stage4_col2_std_over_mean,0.01955920089727449,Combined_shuffled,73,114
speed_1s_stage5_rows,0.0001449412368593224,Combined_shuffled,73,114
speed_1s_stage5_col1_mean,0.014253124508880161,Combined_shuffled,73,114
speed_1s_stage5_col1_std_over_mean,0.02233478486273321,Combined_shuffled,73,114
speed_1s_stage5_col2_mean,0.015883615874854196,Combined_shuffled,73,114
speed_1s_stage5_col2_std_over_mean,0.009848403938754257,Combined_shuffled,73,114
speed_10s_avg_rows,0.010750559320037153,Combined_shuffled,73,114
speed_10s_avg_stage2_rows,0.008605585748098983,Combined_shuffled,73,114
speed_10s_avg_stage2_col1_mean,0.04709075662280719,Combined_shuffled,73,114
speed_10s_avg_stage2_col1_std_over_mean,0.01958735714926054,Combined_shuffled,73,114
speed_10s_avg_stage2_col2_mean,0.016481154302111615,Combined_shuffled,73,114
speed_10s_avg_stage2_col2_std_over_mean,0.034586240266524924,Combined_shuffled,73,114
speed_10s_avg_stage3_rows,0.010005400179418047,Combined_shuffled,73,114
speed_10s_avg_stage3_col1_mean,0.010888584500796045,Combined_shuffled,73,114
speed_10s_avg_stage3_col1_std_over_mean,0.030773786752033523,Combined_shuffled,73,114
speed_10s_avg_stage3_col2_mean,0.008332813238592307,Combined_shuffled,73,114
speed_10s_avg_stage3_col2_std_over_mean,0.03264473510785206,Combined_shuffled,73,114
speed_10s_avg_stage4_rows,0.01228362760116893,Combined_shuffled,73,114
speed_10s_avg_stage4_col1_mean,0.019747483023553163,Combined_shuffled,73,114
speed_10s_avg_stage4_col1_std_over_mean,0.01101464435368906,Combined_shuffled,73,114
speed_10s_avg_stage4_col2_mean,0.015679793242384162,Combined_shuffled,73,114
speed_10s_avg_stage4_col2_std_over_mean,0.04536656949049922,Combined_shuffled,73,114
speed_10s_avg_stage5_rows,0.000742712334598053,Combined_shuffled,73,114
speed_10s_avg_stage5_col1_mean,0.021346007745291773,Combined_shuffled,73,114
speed_10s_avg_stage5_col1_std_over_mean,0.022224733784495427,Combined_shuffled,73,114
speed_10s_avg_stage5_col2_mean,0.012796851680066088,Combined_shuffled,73,114
speed_10s_avg_stage5_col2_std_over_mean,0.022755024727411054,Combined_shuffled,73,114
stage_2_frames,0.02755875050230332,Combined_shuffled,74,115
stage_3_frames,0.010782334879559693,Combined_shuffled,74,115
stage_4_frames,0.012728622487919908,Combined_shuffled,74,115
stage_5_frames,0.009152485858889746,Combined_shuffled,74,115
roam_mean,0.019867298179636134,Combined_shuffled,74,115
roam_std_over_mean,0.011587825460765257,Combined_shuffled,74,115
roam_early_mean,0.022371715707010405,Combined_shuffled,74,115
roam_mid_mean,0.03085467054828887,Combined_shuffled,74,115
roam_late_mean,0.02247463589866701,Combined_shuffled,74,115
roam_slope,0.03018666170302657,Combined_shuffled,74,115
speed_1s_rows,0.016016018067062703,Combined_shuffled,74,115
speed_1s_stage2_rows,0.011216405948171505,Combined_shuffled,74,115
speed_1s_stage2_col1_mean,0.012247858265470313,Combined_shuffled,74,115
speed_1s_stage2_col1_std_over_mean,0.059258640486396126,Combined_shuffled,74,115
speed_1s_stage2_col2_mean,0.007455536234830153,Combined_shuffled,74,115
speed_1s_stage2_col2_std_over_mean,0.008690243405228316,Combined_shuffled,74,115
speed_1s_stage3_rows,0.011327705024734465,Combined_shuffled,74,115
speed_1s_stage3_col1_mean,0.01543013819401311,Combined_shuffled,74,115
speed_1s_stage3_col1_std_over_mean,0.027138935227638262,Combined_shuffled,74,115
speed_1s_stage3_col2_mean,0.012488818511232791,Combined_shuffled,74,115
speed_1s_stage3_col2_std_over_mean,0.014883917486440496,Combined_shuffled,74,115
speed_1s_stage4_rows,0.012971855857535176,Combined_shuffled,74,115
speed_1s_stage4_col1_mean,0.01572505846648296,Combined_shuffled,74,115
speed_1s_stage4_col1_std_over_mean,0.048954808769079726,Combined_shuffled,74,115
speed_1s_stage4_col2_mean,0.01611695602358974,Combined_shuffled,74,115
speed_1s_stage4_col2_std_over_mean,0.013365904232973645,Combined_shuffled,74,115
speed_1s_stage5_rows,0.0016218687642707366,Combined_shuffled,74,115
speed_1s_stage5_col1_mean,0.015595621903418344,Combined_shuffled,74,115
speed_1s_stage5_col1_std_over_mean,0.014798170311201063,Combined_shuffled,74,115
speed_1s_stage5_col2_mean,0.009436428144763557,Combined_shuffled,74,115
speed_1s_stage5_col2_std_over_mean,0.0064848610687941455,Combined_shuffled,74,115
speed_10s_avg_rows,0.014759703481573834,Combined_shuffled,74,115
speed_10s_avg_stage2_rows,0.010753545942470678,Combined_shuffled,74,115
speed_10s_avg_stage2_col1_mean,0.013917379841697927,Combined_shuffled,74,115
speed_10s_avg_stage2_col1_std_over_mean,0.046197738388941624,Combined_shuffled,74,115
speed_10s_avg_stage2_col2_mean,0.006922426494709423,Combined_shuffled,74,115
speed_10s_avg_stage2_col2_std_over_mean,0.01994855472287431,Combined_shuffled,74,115
speed_10s_avg_stage3_rows,0.012864210594337051,Combined_shuffled,74,115
speed_10s_avg_stage3_col1_mean,0.011124802398188223,Combined_shuffled,74,115
speed_10s_avg_stage3_col1_std_over_mean,0.032867233912257356,Combined_shuffled,74,115
speed_10s_avg_stage3_col2_mean,0.009082894895804392,Combined_shuffled,74,115
speed_10s_avg_stage3_col2_std_over_mean,0.06713323233592276,Combined_shuffled,74,115
speed_10s_avg_stage4_rows,0.013618632537772441,Combined_shuffled,74,115
speed_10s_avg_stage4_col1_mean,0.021545667903772728,Combined_shuffled,74,115
speed_10s_avg_stage4_col1_std_over_mean,0.012786531071475312,Combined_shuffled,74,115
speed_10s_avg_stage4_col2_mean,0.01349991401144262,Combined_shuffled,74,115
speed_10s_avg_stage4_col2_std_over_mean,0.07857715962630384,Combined_shuffled,74,115
speed_10s_avg_stage5_rows,0.0018778089627479418,Combined_shuffled,74,115
speed_10s_avg_stage5_col1_mean,0.016011937550623672,Combined_shuffled,74,115
speed_10s_avg_stage5_col1_std_over_mean,0.021612685790412724,Combined_shuffled,74,115
speed_10s_avg_stage5_col2_mean,0.013286996961596444,Combined_shuffled,74,115
speed_10s_avg_stage5_col2_std_over_mean,0.012820190955680513,Combined_shuffled,74,115
stage_2_frames,0.03193984844187862,Combined_shuffled,75,116
stage_3_frames,0.007239206955960118,Combined_shuffled,75,116
stage_4_frames,0.009812327114032963,Combined_shuffled,75,116
stage_5_frames,0.01244326994783706,Combined_shuffled,75,116
roam_mean,0.01383581464227535,Combined_shuffled,75,116
roam_std_over_mean,0.01727089263708465,Combined_shuffled,75,116
roam_early_mean,0.025872843138331086,Combined_shuffled,75,116
roam_mid_mean,0.04694057371107939,Combined_shuffled,75,116
roam_late_mean,0.021976074849428585,Combined_shuffled,75,116
roam_slope,0.0400359268048417,Combined_shuffled,75,116
speed_1s_rows,0.013028971504514765,Combined_shuffled,75,116
speed_1s_stage2_rows,0.008511311801754157,Combined_shuffled,75,116
speed_1s_stage2_col1_mean,0.01659007884203645,Combined_shuffled,75,116
speed_1s_stage2_col1_std_over_mean,0.05176750541372123,Combined_shuffled,75,116
speed_1s_stage2_col2_mean,0.013686613671921536,Combined_shuffled,75,116
speed_1s_stage2_col2_std_over_mean,0.016279592505464353,Combined_shuffled,75,116
speed_1s_stage3_rows,0.009294835817069434,Combined_shuffled,75,116
speed_1s_stage3_col1_mean,0.01075386668681905,Combined_shuffled,75,116
speed_1s_stage3_col1_std_over_mean,0.04417873066975363,Combined_shuffled,75,116
speed_1s_stage3_col2_mean,0.012064551543101387,Combined_shuffled,75,116
speed_1s_stage3_col2_std_over_mean,0.015274971204758426,Combined_shuffled,75,116
speed_1s_stage4_rows,0.007530618267279479,Combined_shuffled,75,116
speed_1s_stage4_col1_mean,0.015058179518061692,Combined_shuffled,75,116
speed_1s_stage4_col1_std_over_mean,0.023749205234988996,Combined_shuffled,75,116
speed_1s_stage4_col2_mean,0.02398129181025222,Combined_shuffled,75,116
speed_1s_stage4_col2_std_over_mean,0.023156796899788223,Combined_shuffled,75,116
speed_1s_stage5_rows,0.0004679517066341209,Combined_shuffled,75,116
speed_1s_stage5_col1_mean,0.01741458084781923,Combined_shuffled,75,116
speed_1s_stage5_col1_std_over_mean,0.016754027043522367,Combined_shuffled,75,116
speed_1s_stage5_col2_mean,0.01284073017137684,Combined_shuffled,75,116
speed_1s_stage5_col2_std_over_mean,0.010314609120847985,Combined_shuffled,75,116
speed_10s_avg_rows,0.010585643611287785,Combined_shuffled,75,116
speed_10s_avg_stage2_rows,0.0055138137767628695,Combined_shuffled,75,116
speed_10s_avg_stage2_col1_mean,0.017440419825001482,Combined_shuffled,75,116
speed_10s_avg_stage2_col1_std_over_mean,0.04705287649865567,Combined_shuffled,75,116
speed_10s_avg_stage2_col2_mean,0.014278687826892523,Combined_shuffled,75,116
speed_10s_avg_stage2_col2_std_over_mean,0.021089314987593664,Combined_shuffled,75,116
speed_10s_avg_stage3_rows,0.009537809040514713,Combined_shuffled,75,116
speed_10s_avg_stage3_col1_mean,0.008938023375552452,Combined_shuffled,75,116
speed_10s_avg_stage3_col1_std_over_mean,0.03139600355734975,Combined_shuffled,75,116
speed_10s_avg_stage3_col2_mean,0.0075666109735111784,Combined_shuffled,75,116
speed_10s_avg_stage3_col2_std_over_mean,0.02608300662388886,Combined_shuffled,75,116
speed_10s_avg_stage4_rows,0.009033882483690725,Combined_shuffled,75,116
speed_10s_avg_stage4_col1_mean,0.014788294298053709,Combined_shuffled,75,116
speed_10s_avg_stage4_col1_std_over_mean,0.014710711730152842,Combined_shuffled,75,116
speed_10s_avg_stage4_col2_mean,0.015554307989011416,Combined_shuffled,75,116
speed_10s_avg_stage4_col2_std_over_mean,0.07911006822187888,Combined_shuffled,75,116
speed_10s_avg_stage5_rows,0.0006229219449305571,Combined_shuffled,75,116
speed_10s_avg_stage5_col1_mean,0.0211881043291154,Combined_shuffled,75,116
speed_10s_avg_stage5_col1_std_over_mean,0.02038357223537374,Combined_shuffled,75,116
speed_10s_avg_stage5_col2_mean,0.011869614454945917,Combined_shuffled,75,116
speed_10s_avg_stage5_col2_std_over_mean,0.023190513691600776,Combined_shuffled,75,116
stage_2_frames,0.026729776431996744,Combined_shuffled,76,117
stage_3_frames,0.005932106424733012,Combined_shuffled,76,117
stage_4_frames,0.018102940179714467,Combined_shuffled,76,117
stage_5_frames,0.009442697296047424,Combined_shuffled,76,117
roam_mean,0.01729522141185208,Combined_shuffled,76,117
roam_std_over_mean,0.014241121790832244,Combined_shuffled,76,117
roam_early_mean,0.021167575865746212,Combined_shuffled,76,117
roam_mid_mean,0.027759955244747836,Combined_shuffled,76,117
roam_late_mean,0.009911838280297994,Combined_shuffled,76,117
roam_slope,0.03230851286861629,Combined_shuffled,76,117
speed_1s_rows,0.0075070806536973785,Combined_shuffled,76,117
speed_1s_stage2_rows,0.008971173111530846,Combined_shuffled,76,117
speed_1s_stage2_col1_mean,0.019608874438578058,Combined_shuffled,76,117
speed_1s_stage2_col1_std_over_mean,0.025056140401272863,Combined_shuffled,76,117
speed_1s_stage2_col2_mean,0.009627960197555529,Combined_shuffled,76,117
speed_1s_stage2_col2_std_over_mean,0.03050627168664599,Combined_shuffled,76,117
speed_1s_stage3_rows,0.020472150361882407,Combined_shuffled,76,117
speed_1s_stage3_col1_mean,0.01600687769649911,Combined_shuffled,76,117
speed_1s_stage3_col1_std_over_mean,0.07142265311976877,Combined_shuffled,76,117
speed_1s_stage3_col2_mean,0.008023935132813742,Combined_shuffled,76,117
speed_1s_stage3_col2_std_over_mean,0.00834111179936097,Combined_shuffled,76,117
speed_1s_stage4_rows,0.00988739394900762,Combined_shuffled,76,117
speed_1s_stage4_col1_mean,0.01996234478130847,Combined_shuffled,76,117
speed_1s_stage4_col1_std_over_mean,0.03622676821041967,Combined_shuffled,76,117
speed_1s_stage4_col2_mean,0.008870406458911557,Combined_shuffled,76,117
speed_1s_stage4_col2_std_over_mean,0.013325180503795542,Combined_shuffled,76,117
speed_1s_stage5_rows,0.0008708987420846267,Combined_shuffled,76,117
speed_1s_stage5_col1_mean,0.016381851076224634,Combined_shuffled,76,117
speed_1s_stage5_col1_std_over_mean,0.024304428615751772,Combined_shuffled,76,117
speed_1s_stage5_col2_mean,0.014668270878981982,Combined_shuffled,76,117
speed_1s_stage5_col2_std_over_mean,0.01326013520365359,Combined_shuffled,76,117
speed_10s_avg_rows,0.010692478133997124,Combined_shuffled,76,117
speed_10s_avg_stage2_rows,0.006996305463509365,Combined_shuffled,76,117
speed_10s_avg_stage2_col1_mean,0.02403195329227425,Combined_shuffled,76,117
speed_10s_avg_stage2_col1_std_over_mean,0.02819364104048682,Combined_shuffled,76,117
speed_10s_avg_stage2_col2_mean,0.006107864293308742,Combined_shuffled,76,117
speed_10s_avg_stage2_col2_std_over_mean,0.027884509775489286,Combined_shuffled,76,117
speed_10s_avg_stage3_rows,0.017257540700869784,Combined_shuffled,76,117
speed_10s_avg_stage3_col1_mean,0.010721451634739861,Combined_shuffled,76,117
speed_10s_avg_stage3_col1_std_over_mean,0.03124352189316647,Combined_shuffled,76,117
speed_10s_avg_stage3_col2_mean,0.009407035211018414,Combined_shuffled,76,117
speed_10s_avg_stage3_col2_std_over_mean,0.0359806487259035,Combined_shuffled,76,117
speed_10s_avg_stage4_rows,0.005357549385280085,Combined_shuffled,76,117
speed_10s_avg_stage4_col1_mean,0.01596565661601176,Combined_shuffled,76,117
speed_10s_avg_stage4_col1_std_over_mean,0.01193451399072772,Combined_shuffled,76,117
speed_10s_avg_stage4_col2_mean,0.01404970090461593,Combined_shuffled,76,117
speed_10s_avg_stage4_col2_std_over_mean,0.08552633783878566,Combined_shuffled,76,117
speed_10s_avg_stage5_rows,0.0009027187658877874,Combined_shuffled,76,117
speed_10s_avg_stage5_col1_mean,0.012635059075604693,Combined_shuffled,76,117
speed_10s_avg_stage5_col1_std_over_mean,0.020854739335127215,Combined_shuffled,76,117
speed_10s_avg_stage5_col2_mean,0.01539931113116626,Combined_shuffled,76,117
speed_10s_avg_stage5_col2_std_over_mean,0.042663809977699876,Combined_shuffled,76,117
stage_2_frames,0.022339065340973227,Combined_shuffled,77,118
stage_3_frames,0.0049840587667974705,Combined_shuffled,77,118
stage_4_frames,0.018440905427130123,Combined_shuffled,77,118
stage_5_frames,0.009250496338882381,Combined_shuffled,77,118
roam_mean,0.017428520158511367,Combined_shuffled,77,118
roam_std_over_mean,0.019396916255770186,Combined_shuffled,77,118
roam_early_mean,0.03697096664489524,Combined_shuffled,77,118
roam_mid_mean,0.04042886772216993,Combined_shuffled,77,118
roam_late_mean,0.01380260504761966,Combined_shuffled,77,118
roam_slope,0.02606243324630603,Combined_shuffled,77,118
speed_1s_rows,0.010755267704219309,Combined_shuffled,77,118
speed_1s_stage2_rows,0.005619581326622855,Combined_shuffled,77,118
speed_1s_stage2_col1_mean,0.026732092199204995,Combined_shuffled,77,118
speed_1s_stage2_col1_std_over_mean,0.02619881310067626,Combined_shuffled,77,118
speed_1s_stage2_col2_mean,0.009516225484389084,Combined_shuffled,77,118
speed_1s_stage2_col2_std_over_mean,0.015829568691910146,Combined_shuffled,77,118
speed_1s_stage3_rows,0.011849633158231862,Combined_shuffled,77,118
speed_1s_stage3_col1_mean,0.01249157546869534,Combined_shuffled,77,118
speed_1s_stage3_col1_std_over_mean,0.03900765914378165,Combined_shuffled,77,118
speed_1s_stage3_col2_mean,0.01619656347236019,Combined_shuffled,77,118
speed_1s_stage3_col2_std_over_mean,0.023730331327450265,Combined_shuffled,77,118
speed_1s_stage4_rows,0.00960781756748085,Combined_shuffled,77,118
speed_1s_stage4_col1_mean,0.023440617346922057,Combined_shuffled,77,118
speed_1s_stage4_col1_std_over_mean,0.028667638114168142,Combined_shuffled,77,118
speed_1s_stage4_col2_mean,0.019723948208542674,Combined_shuffled,77,118
speed_1s_stage4_col2_std_over_mean,0.029482840053219838,Combined_shuffled,77,118
speed_1s_stage5_rows,0.0005991177029881668,Combined_shuffled,77,118
speed_1s_stage5_col1_mean,0.0241853416689822,Combined_shuffled,77,118
speed_1s_stage5_col1_std_over_mean,0.021567263462700232,Combined_shuffled,77,118
speed_1s_stage5_col2_mean,0.008665749366180591,Combined_shuffled,77,118
speed_1s_stage5_col2_std_over_mean,0.0125337836773166,Combined_shuffled,77,118
speed_10s_avg_rows,0.009781397248303682,Combined_shuffled,77,118
speed_10s_avg_stage2_rows,0.005188480629774441,Combined_shuffled,77,118
speed_10s_avg_stage2_col1_mean,0.030379356560052688,Combined_shuffled,77,118
speed_10s_avg_stage2_col1_std_over_mean,0.025441279862666265,Combined_shuffled,77,118
speed_10s_avg_stage2_col2_mean,0.007885929194085248,Combined_shuffled,77,118
speed_10s_avg_stage2_col2_std_over_mean,0.02552951768474337,Combined_shuffled,77,118
speed_10s_avg_stage3_rows,0.010776544161840885,Combined_shuffled,77,118
speed_10s_avg_stage3_col1_mean,0.011076941063166597,Combined_shuffled,77,118
speed_10s_avg_stage3_col1_std_over_mean,0.015284473050809332,Combined_shuffled,77,118
speed_10s_avg_stage3_col2_mean,0.01707529812558615,Combined_shuffled,77,118
speed_10s_avg_stage3_col2_std_over_mean,0.07200341724269459,Combined_shuffled,77,118
speed_10s_avg_stage4_rows,0.008776461145938025,Combined_shuffled,77,118
speed_10s_avg_stage4_col1_mean,0.02053161272709802,Combined_shuffled,77,118
speed_10s_avg_stage4_col1_std_over_mean,0.01368635198118243,Combined_shuffled,77,118
speed_10s_avg_stage4_col2_mean,0.029466839322964056,Combined_shuffled,77,118
speed_10s_avg_stage4_col2_std_over_mean,0.029376420010653166,Combined_shuffled,77,118
speed_10s_avg_stage5_rows,0.00028234001529070925,Combined_shuffled,77,118
speed_10s_avg_stage5_col1_mean,0.022107930298411755,Combined_shuffled,77,118
speed_10s_avg_stage5_col1_std_over_mean,0.023816148643940972,Combined_shuffled,77,118
speed_10s_avg_stage5_col2_mean,0.007943443904043952,Combined_shuffled,77,118
speed_10s_avg_stage5_col2_std_over_mean,0.02808355393165476,Combined_shuffled,77,118
stage_2_frames,0.03661339533810707,Combined_shuffled,78,119
stage_3_frames,0.00918909305301262,Combined_shuffled,78,119
stage_4_frames,0.012557711124450041,Combined_shuffled,78,119
stage_5_frames,0.013369823949182898,Combined_shuffled,78,119
roam_mean,0.010883390572772662,Combined_shuffled,78,119
roam_std_over_mean,0.02267141562601086,Combined_shuffled,78,119
roam_early_mean,0.034456573982558455,Combined_shuffled,78,119
roam_mid_mean,0.028831089672764532,Combined_shuffled,78,119
roam_late_mean,0.01824682289817293,Combined_shuffled,78,119
roam_slope,0.02844569412596437,Combined_shuffled,78,119
speed_1s_rows,0.009879363187890604,Combined_shuffled,78,119
speed_1s_stage2_rows,0.011821092469914753,Combined_shuffled,78,119
speed_1s_stage2_col1_mean,0.016590007093872577,Combined_shuffled,78,119
speed_1s_stage2_col1_std_over_mean,0.03171083126972672,Combined_shuffled,78,119
speed_1s_stage2_col2_mean,0.01078926075009757,Combined_shuffled,78,119
speed_1s_stage2_col2_std_over_mean,0.01691416130680161,Combined_shuffled,78,119
speed_1s_stage3_rows,0.01400047019832783,Combined_shuffled,78,119
speed_1s_stage3_col1_mean,0.012241174694361,Combined_shuffled,78,119
speed_1s_stage3_col1_std_over_mean,0.02330278543091266,Combined_shuffled,78,119
speed_1s_stage3_col2_mean,0.010508608864399483,Combined_shuffled,78,119
speed_1s_stage3_col2_std_over_mean,0.016696506253085046,Combined_shuffled,78,119
speed_1s_stage4_rows,0.01384607337160968,Combined_shuffled,78,119
speed_1s_stage4_col1_mean,0.020982636839441723,Combined_shuffled,78,119
speed_1s_stage4_col1_std_over_mean,0.022443375701591297,Combined_shuffled,78,119
speed_1s_stage4_col2_mean,0.01387007029227042,Combined_shuffled,78,119
speed_1s_stage4_col2_std_over_mean,0.02617413804954255,Combined_shuffled,78,119
speed_1s_stage5_rows,0.00042411359992347044,Combined_shuffled,78,119
speed_1s_stage5_col1_mean,0.03426032025462522,Combined_shuffled,78,119
speed_1s_stage5_col1_std_over_mean,0.01983658123034155,Combined_shuffled,78,119
speed_1s_stage5_col2_mean,0.008824143932394326,Combined_shuffled,78,119
speed_1s_stage5_col2_std_over_mean,0.010792022256203118,Combined_shuffled,78,119
speed_10s_avg_rows,0.015511543987899125,Combined_shuffled,78,119
speed_10s_avg_stage2_rows,0.011174812374805287,Combined_shuffled,78,119
speed_10s_avg_stage2_col1_mean,0.015028193867398539,Combined_shuffled,78,119
speed_10s_avg_stage2_col1_std_over_mean,0.047090039390081946,Combined_shuffled,78,119
speed_10s_avg_stage2_col2_mean,0.007923691544739497,Combined_shuffled,78,119
speed_10s_avg_stage2_col2_std_over_mean,0.015180588415057934,Combined_shuffled,78,119
speed_10s_avg_stage3_rows,0.013612456799250602,Combined_shuffled,78,119
speed_10s_avg_stage3_col1_mean,0.013377080796356423,Combined_shuffled,78,119
speed_10s_avg_stage3_col1_std_over_mean,0.02036019963013326,Combined_shuffled,78,119
speed_10s_avg_stage3_col2_mean,0.005823722239131229,Combined_shuffled,78,119
speed_10s_avg_stage3_col2_std_over_mean,0.061664868826523674,Combined_shuffled,78,119
speed_10s_avg_stage4_rows,0.016907099862056397,Combined_shuffled,78,119
speed_10s_avg_stage4_col1_mean,0.02364609310544149,Combined_shuffled,78,119
speed_10s_avg_stage4_col1_std_over_mean,0.013938522617291366,Combined_shuffled,78,119
speed_10s_avg_stage4_col2_mean,0.014156231565616649,Combined_shuffled,78,119
speed_10s_avg_stage4_col2_std_over_mean,0.06017451506114106,Combined_shuffled,78,119
speed_10s_avg_stage5_rows,0.00024540813543937854,Combined_shuffled,78,119
speed_10s_avg_stage5_col1_mean,0.027224784295985238,Combined_shuffled,78,119
speed_10s_avg_stage5_col1_std_over_mean,0.021326242253315423,Combined_shuffled,78,119
speed_10s_avg_stage5_col2_mean,0.012337858471208937,Combined_shuffled,78,119
speed_10s_avg_stage5_col2_std_over_mean,0.022123299370796958,Combined_shuffled,78,119
stage_2_frames,0.027134790045919968,Combined_shuffled,79,120
stage_3_frames,0.009209928127987894,Combined_shuffled,79,120
stage_4_frames,0.012487651168475512,Combined_shuffled,79,120
stage_5_frames,0.006391513034658411,Combined_shuffled,79,120
roam_mean,0.009991758323661077,Combined_shuffled,79,120
roam_std_over_mean,0.014916162969785342,Combined_shuffled,79,120
roam_early_mean,0.029240565423224445,Combined_shuffled,79,120
roam_mid_mean,0.026338399345454004,Combined_shuffled,79,120
roam_late_mean,0.014036657936596416,Combined_shuffled,79,120
roam_slope,0.03943006360702527,Combined_shuffled,79,120
speed_1s_rows,0.012486223466635452,Combined_shuffled,79,120
speed_1s_stage2_rows,0.008332254674051234,Combined_shuffled,79,120
speed_1s_stage2_col1_mean,0.014002698459918198,Combined_shuffled,79,120
speed_1s_stage2_col1_std_over_mean,0.05293798482451899,Combined_shuffled,79,120
speed_1s_stage2_col2_mean,0.01541489084598963,Combined_shuffled,79,120
speed_1s_stage2_col2_std_over_mean,0.02052015161592701,Combined_shuffled,79,120
speed_1s_stage3_rows,0.01151806191487935,Combined_shuffled,79,120
speed_1s_stage3_col1_mean,0.014796833803335048,Combined_shuffled,79,120
speed_1s_stage3_col1_std_over_mean,0.06614138979166462,Combined_shuffled,79,120
speed_1s_stage3_col2_mean,0.013439637561816632,Combined_shuffled,79,120
speed_1s_stage3_col2_std_over_mean,0.017065709742848326,Combined_shuffled,79,120
speed_1s_stage4_rows,0.006960812240272803,Combined_shuffled,79,120
speed_1s_stage4_col1_mean,0.016193145927820517,Combined_shuffled,79,120
speed_1s_stage4_col1_std_over_mean,0.018889167509485622,Combined_shuffled,79,120
speed_1s_stage4_col2_mean,0.010062632635287613,Combined_shuffled,79,120
speed_1s_stage4_col2_std_over_mean,0.02692858650676504,Combined_shuffled,79,120
speed_1s_stage5_rows,0.0005209116804595431,Combined_shuffled,79,120
speed_1s_stage5_col1_mean,0.021851214752819936,Combined_shuffled,79,120
speed_1s_stage5_col1_std_over_mean,0.01718449612128891,Combined_shuffled,79,120
speed_1s_stage5_col2_mean,0.010669302011200912,Combined_shuffled,79,120
speed_1s_stage5_col2_std_over_mean,0.01420179515503449,Combined_shuffled,79,120
speed_10s_avg_rows,0.008274870148434612,Combined_shuffled,79,120
speed_10s_avg_stage2_rows,0.00938442821214832,Combined_shuffled,79,120
speed_10s_avg_stage2_col1_mean,0.014722783047195218,Combined_shuffled,79,120
speed_10s_avg_stage2_col1_std_over_mean,0.0521949279163354,Combined_shuffled,79,120
speed_10s_avg_stage2_col2_mean,0.018379695394009403,Combined_shuffled,79,120
speed_10s_avg_stage2_col2_std_over_mean,0.02886092923900271,Combined_shuffled,79,120
speed_10s_avg_stage3_rows,0.010789038654238239,Combined_shuffled,79,120
speed_10s_avg_stage3_col1_mean,0.01110078923211562,Combined_shuffled,79,120
speed_10s_avg_stage3_col1_std_over_mean,0.016269019459446726,Combined_shuffled,79,120
speed_10s_avg_stage3_col2_mean,0.01065704997991341,Combined_shuffled,79,120
speed_10s_avg_stage3_col2_std_over_mean,0.05395080950135076,Combined_shuffled,79,120
speed_10s_avg_stage4_rows,0.005600623025279876,Combined_shuffled,79,120
speed_10s_avg_stage4_col1_mean,0.01619429683770788,Combined_shuffled,79,120
speed_10s_avg_stage4_col1_std_over_mean,0.02390462769115176,Combined_shuffled,79,120
speed_10s_avg_stage4_col2_mean,0.01121204978538732,Combined_shuffled,79,120
speed_10s_avg_stage4_col2_std_over_mean,0.026640106622996818,Combined_shuffled,79,120
speed_10s_avg_stage5_rows,0.0005413906116239481,Combined_shuffled,79,120
speed_10s_avg_stage5_col1_mean,0.019987906514294284,Combined_shuffled,79,120
speed_10s_avg_stage5_col1_std_over_mean,0.026903689466141023,Combined_shuffled,79,120
speed_10s_avg_stage5_col2_mean,0.011760960759029146,Combined_shuffled,79,120
speed_10s_avg_stage5_col2_std_over_mean,0.04337461667738955,Combined_shuffled,79,120
stage_2_frames,0.03537292938671665,Combined_shuffled,80,121
stage_3_frames,0.008643353432436593,Combined_shuffled,80,121
stage_4_frames,0.010693471750012415,Combined_shuffled,80,121
stage_5_frames,0.011735022935967272,Combined_shuffled,80,121
roam_mean,0.01020555380510345,Combined_shuffled,80,121
roam_std_over_mean,0.016295804064552232,Combined_shuffled,80,121
roam_early_mean,0.022257931005711263,Combined_shuffled,80,121
roam_mid_mean,0.05051766317287304,Combined_shuffled,80,121
roam_late_mean,0.01803337134086852,Combined_shuffled,80,121
roam_slope,0.022991034407183943,Combined_shuffled,80,121
speed_1s_rows,0.009580583053732413,Combined_shuffled,80,121
speed_1s_stage2_rows,0.005756396617975383,Combined_shuffled,80,121
speed_1s_stage2_col1_mean,0.02887810552643908,Combined_shuffled,80,121
speed_1s_stage2_col1_std_over_mean,0.014868233889491505,Combined_shuffled,80,121
speed_1s_stage2_col2_mean,0.012238666334123592,Combined_shuffled,80,121
speed_1s_stage2_col2_std_over_mean,0.01936893447299834,Combined_shuffled,80,121
speed_1s_stage3_rows,0.014251061163663599,Combined_shuffled,80,121
speed_1s_stage3_col1_mean,0.00786215037151897,Combined_shuffled,80,121
speed_1s_stage3_col1_std_over_mean,0.02411676788182499,Combined_shuffled,80,121
speed_1s_stage3_col2_mean,0.022371209424244063,Combined_shuffled,80,121
speed_1s_stage3_col2_std_over_mean,0.03254239349461325,Combined_shuffled,80,121
speed_1s_stage4_rows,0.019024772125668013,Combined_shuffled,80,121
speed_1s_stage4_col1_mean,0.015051518127701067,Combined_shuffled,80,121
speed_1s_stage4_col1_std_over_mean,0.02259550496084948,Combined_shuffled,80,121
speed_1s_stage4_col2_mean,0.01718679118653291,Combined_shuffled,80,121
speed_1s_stage4_col2_std_over_mean,0.03305553607737961,Combined_shuffled,80,121
speed_1s_stage5_rows,0.00017267120910612516,Combined_shuffled,80,121
speed_1s_stage5_col1_mean,0.016653397270555967,Combined_shuffled,80,121
speed_1s_stage5_col1_std_over_mean,0.02176878693524559,Combined_shuffled,80,121
speed_1s_stage5_col2_mean,0.017584977869980284,Combined_shuffled,80,121
speed_1s_stage5_col2_std_over_mean,0.010291538291391837,Combined_shuffled,80,121
speed_10s_avg_rows,0.01107753831318833,Combined_shuffled,80,121
speed_10s_avg_stage2_rows,0.010141114696197776,Combined_shuffled,80,121
speed_10s_avg_stage2_col1_mean,0.030527923417488494,Combined_shuffled,80,121
speed_10s_avg_stage2_col1_std_over_mean,0.023200793877898973,Combined_shuffled,80,121
speed_10s_avg_stage2_col2_mean,0.012807359888897177,Combined_shuffled,80,121
speed_10s_avg_stage2_col2_std_over_mean,0.014048543390792813,Combined_shuffled,80,121
speed_10s_avg_stage3_rows,0.011189496132957208,Combined_shuffled,80,121
speed_10s_avg_stage3_col1_mean,0.01058344479153734,Combined_shuffled,80,121
speed_10s_avg_stage3_col1_std_over_mean,0.025159501064822874,Combined_shuffled,80,121
speed_10s_avg_stage3_col2_mean,0.021729692952920012,Combined_shuffled,80,121
speed_10s_avg_stage3_col2_std_over_mean,0.07617819671116306,Combined_shuffled,80,121
speed_10s_avg_stage4_rows,0.011270968990676446,Combined_shuffled,80,121
speed_10s_avg_stage4_col1_mean,0.01519259700412818,Combined_shuffled,80,121
speed_10s_avg_stage4_col1_std_over_mean,0.019935833594948365,Combined_shuffled,80,121
speed_10s_avg_stage4_col2_mean,0.01467811499903729,Combined_shuffled,80,121
speed_10s_avg_stage4_col2_std_over_mean,0.05058110013633851,Combined_shuffled,80,121
speed_10s_avg_stage5_rows,0.0004624466498827411,Combined_shuffled,80,121
speed_10s_avg_stage5_col1_mean,0.01667015393075262,Combined_shuffled,80,121
speed_10s_avg_stage5_col1_std_over_mean,0.013101799681239859,Combined_shuffled,80,121
speed_10s_avg_stage5_col2_mean,0.012555276615819094,Combined_shuffled,80,121
speed_10s_avg_stage5_col2_std_over_mean,0.026941971572851418,Combined_shuffled,80,121
stage_2_frames,0.02907434457873514,Combined_shuffled,81,122
stage_3_frames,0.0075690939879081535,Combined_shuffled,81,122
stage_4_frames,0.013923489091469267,Combined_shuffled,81,122
stage_5_frames,0.009824656888750916,Combined_shuffled,81,122
roam_mean,0.02138761082505208,Combined_shuffled,81,122
roam_std_over_mean,0.012783196896963838,Combined_shuffled,81,122
roam_early_mean,0.023555089449202624,Combined_shuffled,81,122
roam_mid_mean,0.036521451435199886,Combined_shuffled,81,122
roam_late_mean,0.021540944123169727,Combined_shuffled,81,122
roam_slope,0.02884388958761751,Combined_shuffled,81,122
speed_1s_rows,0.008272998814273064,Combined_shuffled,81,122
speed_1s_stage2_rows,0.009251115975270808,Combined_shuffled,81,122
speed_1s_stage2_col1_mean,0.017180875535365608,Combined_shuffled,81,122
speed_1s_stage2_col1_std_over_mean,0.02365395889887741,Combined_shuffled,81,122
speed_1s_stage2_col2_mean,0.010115034586080237,Combined_shuffled,81,122
speed_1s_stage2_col2_std_over_mean,0.010328627051932429,Combined_shuffled,81,122
speed_1s_stage3_rows,0.011656923965317525,Combined_shuffled,81,122
speed_1s_stage3_col1_mean,0.011180293589490055,Combined_shuffled,81,122
speed_1s_stage3_col1_std_over_mean,0.02257709943445883,Combined_shuffled,81,122
speed_1s_stage3_col2_mean,0.010560745357239556,Combined_shuffled,81,122
speed_1s_stage3_col2_std_over_mean,0.01683657016126719,Combined_shuffled,81,122
speed_1s_stage4_rows,0.008817813156006717,Combined_shuffled,81,122
speed_1s_stage4_col1_mean,0.013590863498808049,Combined_shuffled,81,122
speed_1s_stage4_col1_std_over_mean,0.033506366450881696,Combined_shuffled,81,122
speed_1s_stage4_col2_mean,0.00981436078361462,Combined_shuffled,81,122
speed_1s_stage4_col2_std_over_mean,0.025656170726834113,Combined_shuffled,81,122
speed_1s_stage5_rows,0.001091766133626566,Combined_shuffled,81,122
speed_1s_stage5_col1_mean,0.023079709908112627,Combined_shuffled,81,122
speed_1s_stage5_col1_std_over_mean,0.0371346339495413,Combined_shuffled,81,122
speed_1s_stage5_col2_mean,0.014542733354167121,Combined_shuffled,81,122
speed_1s_stage5_col2_std_over_mean,0.011343433762419475,Combined_shuffled,81,122
speed_10s_avg_rows,0.010750720598088119,Combined_shuffled,81,122
speed_10s_avg_stage2_rows,0.012388425729733425,Combined_shuffled,81,122
speed_10s_avg_stage2_col1_mean,0.016657442171494407,Combined_shuffled,81,122
speed_10s_avg_stage2_col1_std_over_mean,0.058821393773237,Combined_shuffled,81,122
speed_10s_avg_stage2_col2_mean,0.013660544785705237,Combined_shuffled,81,122
speed_10s_avg_stage2_col2_std_over_mean,0.016282493588146332,Combined_shuffled,81,122
speed_10s_avg_stage3_rows,0.01298738464782483,Combined_shuffled,81,122
speed_10s_avg_stage3_col1_mean,0.011023605128791959,Combined_shuffled,81,122
speed_10s_avg_stage3_col1_std_over_mean,0.019702463441107446,Combined_shuffled,81,122
speed_10s_avg_stage3_col2_mean,0.01937053404416122,Combined_shuffled,81,122
speed_10s_avg_stage3_col2_std_over_mean,0.0836085257540692,Combined_shuffled,81,122
speed_10s_avg_stage4_rows,0.00852888370795951,Combined_shuffled,81,122
speed_10s_avg_stage4_col1_mean,0.013558965575579502,Combined_shuffled,81,122
speed_10s_avg_stage4_col1_std_over_mean,0.014533345690555338,Combined_shuffled,81,122
speed_10s_avg_stage4_col2_mean,0.014785944885614022,Combined_shuffled,81,122
speed_10s_avg_stage4_col2_std_over_mean,0.03794059093511866,Combined_shuffled,81,122
speed_10s_avg_stage5_rows,0.0016688898539109717,Combined_shuffled,81,122
speed_10s_avg_stage5_col1_mean,0.02614645601821502,Combined_shuffled,81,122
speed_10s_avg_stage5_col1_std_over_mean,0.027300208693177553,Combined_shuffled,81,122
speed_10s_avg_stage5_col2_mean,0.015405704265388103,Combined_shuffled,81,122
speed_10s_avg_stage5_col2_std_over_mean,0.029661614754468046,Combined_shuffled,81,122
stage_2_frames,0.023747842013217446,Combined_shuffled,82,123
stage_3_frames,0.007660026333559385,Combined_shuffled,82,123
stage_4_frames,0.017463485829288115,Combined_shuffled,82,123
stage_5_frames,0.01359482309266016,Combined_shuffled,82,123
roam_mean,0.014372585680457885,Combined_shuffled,82,123
roam_std_over_mean,0.011669582249402476,Combined_shuffled,82,123
roam_early_mean,0.02557240971819166,Combined_shuffled,82,123
roam_mid_mean,0.06102388156058087,Combined_shuffled,82,123
roam_late_mean,0.026098250876747824,Combined_shuffled,82,123
roam_slope,0.037425442186326936,Combined_shuffled,82,123
speed_1s_rows,0.009274818620825305,Combined_shuffled,82,123
speed_1s_stage2_rows,0.008284354186389106,Combined_shuffled,82,123
speed_1s_stage2_col1_mean,0.020865888006523715,Combined_shuffled,82,123
speed_1s_stage2_col1_std_over_mean,0.04713592822664466,Combined_shuffled,82,123
speed_1s_stage2_col2_mean,0.00975405885268163,Combined_shuffled,82,123
speed_1s_stage2_col2_std_over_mean,0.007155919227868338,Combined_shuffled,82,123
speed_1s_stage3_rows,0.01589230837829521,Combined_shuffled,82,123
speed_1s_stage3_col1_mean,0.0130663842578883,Combined_shuffled,82,123
speed_1s_stage3_col1_std_over_mean,0.03219120011292888,Combined_shuffled,82,123
speed_1s_stage3_col2_mean,0.009384869108350869,Combined_shuffled,82,123
speed_1s_stage3_col2_std_over_mean,0.0176867423877302,Combined_shuffled,82,123
speed_1s_stage4_rows,0.010486960720794898,Combined_shuffled,82,123
speed_1s_stage4_col1_mean,0.010132461163933848,Combined_shuffled,82,123
speed_1s_stage4_col1_std_over_mean,0.022595585741384146,Combined_shuffled,82,123
speed_1s_stage4_col2_mean,0.014874751514828208,Combined_shuffled,82,123
speed_1s_stage4_col2_std_over_mean,0.022169494993522672,Combined_shuffled,82,123
speed_1s_stage5_rows,0.0004970629193220067,Combined_shuffled,82,123
speed_1s_stage5_col1_mean,0.0313027573056394,Combined_shuffled,82,123
speed_1s_stage5_col1_std_over_mean,0.023191795459858458,Combined_shuffled,82,123
speed_1s_stage5_col2_mean,0.012441827018323278,Combined_shuffled,82,123
speed_1s_stage5_col2_std_over_mean,0.009791476715622572,Combined_shuffled,82,123
speed_10s_avg_rows,0.013818882758797025,Combined_shuffled,82,123
speed_10s_avg_stage2_rows,0.00555986709070232,Combined_shuffled,82,123
speed_10s_avg_stage2_col1_mean,0.01833010952983269,Combined_shuffled,82,123
speed_10s_avg_stage2_col1_std_over_mean,0.05059809060929651,Combined_shuffled,82,123
speed_10s_avg_stage2_col2_mean,0.008154324818413007,Combined_shuffled,82,123
speed_10s_avg_stage2_col2_std_over_mean,0.02683316203383048,Combined_shuffled,82,123
speed_10s_avg_stage3_rows,0.015246523092129639,Combined_shuffled,82,123
speed_10s_avg_stage3_col1_mean,0.012246751822186982,Combined_shuffled,82,123
speed_10s_avg_stage3_col1_std_over_mean,0.027720399426583105,Combined_shuffled,82,123
speed_10s_avg_stage3_col2_mean,0.01041447360921479,Combined_shuffled,82,123
speed_10s_avg_stage3_col2_std_over_mean,0.06032352160193025,Combined_shuffled,82,123
speed_10s_avg_stage4_rows,0.010218441182013956,Combined_shuffled,82,123
speed_10s_avg_stage4_col1_mean,0.011778433438917272,Combined_shuffled,82,123
speed_10s_avg_stage4_col1_std_over_mean,0.018135487924952443,Combined_shuffled,82,123
speed_10s_avg_stage4_col2_mean,0.010164231486590377,Combined_shuffled,82,123
speed_10s_avg_stage4_col2_std_over_mean,0.02759290325149183,Combined_shuffled,82,123
speed_10s_avg_stage5_rows,0.0005330867544770992,Combined_shuffled,82,123
speed_10s_avg_stage5_col1_mean,0.026418614347981276,Combined_shuffled,82,123
speed_10s_avg_stage5_col1_std_over_mean,0.020633214588215334,Combined_shuffled,82,123
speed_10s_avg_stage5_col2_mean,0.011523910782311,Combined_shuffled,82,123
speed_10s_avg_stage5_col2_std_over_mean,0.02695059539034422,Combined_shuffled,82,123
stage_2_frames,0.024235993069617455,Combined_shuffled,83,124
stage_3_frames,0.008575200772549257,Combined_shuffled,83,124
stage_4_frames,0.008512339481258235,Combined_shuffled,83,124
stage_5_frames,0.007191351614983795,Combined_shuffled,83,124
roam_mean,0.016449093019798206,Combined_shuffled,83,124
roam_std_over_mean,0.019053653478319933,Combined_shuffled,83,124
roam_early_mean,0.024857621404792068,Combined_shuffled,83,124
roam_mid_mean,0.06028432011709409,Combined_shuffled,83,124
roam_late_mean,0.01690378740350039,Combined_shuffled,83,124
roam_slope,0.025076553510426546,Combined_shuffled,83,124
speed_1s_rows,0.010378065187335632,Combined_shuffled,83,124
speed_1s_stage2_rows,0.007579507434033994,Combined_shuffled,83,124
speed_1s_stage2_col1_mean,0.03245367409689303,Combined_shuffled,83,124
speed_1s_stage2_col1_std_over_mean,0.02340619729781001,Combined_shuffled,83,124
speed_1s_stage2_col2_mean,0.015601449112943016,Combined_shuffled,83,124
speed_1s_stage2_col2_std_over_mean,0.024496701960738256,Combined_shuffled,83,124
speed_1s_stage3_rows,0.009966003660619435,Combined_shuffled,83,124
speed_1s_stage3_col1_mean,0.015877997190693407,Combined_shuffled,83,124
speed_1s_stage3_col1_std_over_mean,0.024879703992063375,Combined_shuffled,83,124
speed_1s_stage3_col2_mean,0.019499198975180196,Combined_shuffled,83,124
speed_1s_stage3_col2_std_over_mean,0.015239180558953448,Combined_shuffled,83,124
speed_1s_stage4_rows,0.005667555740779513,Combined_shuffled,83,124
speed_1s_stage4_col1_mean,0.013904489106165811,Combined_shuffled,83,124
speed_1s_stage4_col1_std_over_mean,0.03806449424065782,Combined_shuffled,83,124
speed_1s_stage4_col2_mean,0.015358924144959263,Combined_shuffled,83,124
speed_1s_stage4_col2_std_over_mean,0.025788742058811796,Combined_shuffled,83,124
speed_1s_stage5_rows,0.000463841003726533,Combined_shuffled,83,124
speed_1s_stage5_col1_mean,0.027879711660476942,Combined_shuffled,83,124
speed_1s_stage5_col1_std_over_mean,0.02358670615299955,Combined_shuffled,83,124
speed_1s_stage5_col2_mean,0.01683657219715471,Combined_shuffled,83,124
speed_1s_stage5_col2_std_over_mean,0.010135941458653229,Combined_shuffled,83,124
speed_10s_avg_rows,0.009409647275205104,Combined_shuffled,83,124
speed_10s_avg_stage2_rows,0.008257990660798459,Combined_shuffled,83,124
speed_10s_avg_stage2_col1_mean,0.03177906220507085,Combined_shuffled,83,124
speed_10s_avg_stage2_col1_std_over_mean,0.051559806155093556,Combined_shuffled,83,124
speed_10s_avg_stage2_col2_mean,0.01287767589606673,Combined_shuffled,83,124
speed_10s_avg_stage2_col2_std_over_mean,0.01805309702991652,Combined_shuffled,83,124
speed_10s_avg_stage3_rows,0.010761165939645156,Combined_shuffled,83,124
speed_10s_avg_stage3_col1_mean,0.014225375345372623,Combined_shuffled,83,124
speed_10s_avg_stage3_col1_std_over_mean,0.021942534510098987,Combined_shuffled,83,124
speed_10s_avg_stage3_col2_mean,0.018040670981532225,Combined_shuffled,83,124
speed_10s_avg_stage3_col2_std_over_mean,0.027394300302298457,Combined_shuffled,83,124
speed_10s_avg_stage4_rows,0.008573356023130219,Combined_shuffled,83,124
speed_10s_avg_stage4_col1_mean,0.013457946659531069,Combined_shuffled,83,124
speed_10s_avg_stage4_col1_std_over_mean,0.01746443756570676,Combined_shuffled,83,124
speed_10s_avg_stage4_col2_mean,0.015229347412510027,Combined_shuffled,83,124
speed_10s_avg_stage4_col2_std_over_mean,0.03026087776982406,Combined_shuffled,83,124
speed_10s_avg_stage5_rows,0.0006933604647687865,Combined_shuffled,83,124
speed_10s_avg_stage5_col1_mean,0.03396664096093458,Combined_shuffled,83,124
speed_10s_avg_stage5_col1_std_over_mean,0.021153132899980685,Combined_shuffled,83,124
speed_10s_avg_stage5_col2_mean,0.013108149347286853,Combined_shuffled,83,124
speed_10s_avg_stage5_col2_std_over_mean,0.03358685349123942,Combined_shuffled,83,124
stage_2_frames,0.0115944391547078,Combined_shuffled,84,125
stage_3_frames,0.006274978026620959,Combined_shuffled,84,125
stage_4_frames,0.013695411991514455,Combined_shuffled,84,125
stage_5_frames,0.011334297149684508,Combined_shuffled,84,125
roam_mean,0.016015545577289455,Combined_shuffled,84,125
roam_std_over_mean,0.02312401455079061,Combined_shuffled,84,125
roam_early_mean,0.022433120434087548,Combined_shuffled,84,125
roam_mid_mean,0.0305310163154554,Combined_shuffled,84,125
roam_late_mean,0.012814603915434541,Combined_shuffled,84,125
roam_slope,0.02427378586092782,Combined_shuffled,84,125
speed_1s_rows,0.009609544925494722,Combined_shuffled,84,125
speed_1s_stage2_rows,0.009241685575172302,Combined_shuffled,84,125
speed_1s_stage2_col1_mean,0.026106321252892386,Combined_shuffled,84,125
speed_1s_stage2_col1_std_over_mean,0.04758452493357099,Combined_shuffled,84,125
speed_1s_stage2_col2_mean,0.014198970392180179,Combined_shuffled,84,125
speed_1s_stage2_col2_std_over_mean,0.009933362408212215,Combined_shuffled,84,125
speed_1s_stage3_rows,0.011117491836562654,Combined_shuffled,84,125
speed_1s_stage3_col1_mean,0.01373870120510951,Combined_shuffled,84,125
speed_1s_stage3_col1_std_over_mean,0.04105132795054879,Combined_shuffled,84,125
speed_1s_stage3_col2_mean,0.008338514956277403,Combined_shuffled,84,125
speed_1s_stage3_col2_std_over_mean,0.010902739762919068,Combined_shuffled,84,125
speed_1s_stage4_rows,0.008086750324102396,Combined_shuffled,84,125
speed_1s_stage4_col1_mean,0.019103675798778686,Combined_shuffled,84,125
speed_1s_stage4_col1_std_over_mean,0.03836196114894277,Combined_shuffled,84,125
speed_1s_stage4_col2_mean,0.018039605269479793,Combined_shuffled,84,125
speed_1s_stage4_col2_std_over_mean,0.02068173619937773,Combined_shuffled,84,125
speed_1s_stage5_rows,0.0011918520393329078,Combined_shuffled,84,125
speed_1s_stage5_col1_mean,0.019444461700420045,Combined_shuffled,84,125
speed_1s_stage5_col1_std_over_mean,0.023852297719736914,Combined_shuffled,84,125
speed_1s_stage5_col2_mean,0.01544531636027965,Combined_shuffled,84,125
speed_1s_stage5_col2_std_over_mean,0.006563083466462365,Combined_shuffled,84,125
speed_10s_avg_rows,0.013774983717084964,Combined_shuffled,84,125
speed_10s_avg_stage2_rows,0.006709697960659091,Combined_shuffled,84,125
speed_10s_avg_stage2_col1_mean,0.018977958801391366,Combined_shuffled,84,125
speed_10s_avg_stage2_col1_std_over_mean,0.048387918569711585,Combined_shuffled,84,125
speed_10s_avg_stage2_col2_mean,0.007766781005507009,Combined_shuffled,84,125
speed_10s_avg_stage2_col2_std_over_mean,0.02244186107806915,Combined_shuffled,84,125
speed_10s_avg_stage3_rows,0.01439638314626181,Combined_shuffled,84,125
speed_10s_avg_stage3_col1_mean,0.00989423970766276,Combined_shuffled,84,125
speed_10s_avg_stage3_col1_std_over_mean,0.03094858021387155,Combined_shuffled,84,125
speed_10s_avg_stage3_col2_mean,0.007406693852855934,Combined_shuffled,84,125
speed_10s_avg_stage3_col2_std_over_mean,0.03323601101683602,Combined_shuffled,84,125
speed_10s_avg_stage4_rows,0.008252297223362232,Combined_shuffled,84,125
speed_10s_avg_stage4_col1_mean,0.01687837509566963,Combined_shuffled,84,125
speed_10s_avg_stage4_col1_std_over_mean,0.015598626182415835,Combined_shuffled,84,125
speed_10s_avg_stage4_col2_mean,0.017975587382119816,Combined_shuffled,84,125
speed_10s_avg_stage4_col2_std_over_mean,0.090059477621314,Combined_shuffled,84,125
speed_10s_avg_stage5_rows,0.0011440249566459929,Combined_shuffled,84,125
speed_10s_avg_stage5_col1_mean,0.015198098486298661,Combined_shuffled,84,125
speed_10s_avg_stage5_col1_std_over_mean,0.024127787374923073,Combined_shuffled,84,125
speed_10s_avg_stage5_col2_mean,0.01249162400754751,Combined_shuffled,84,125
speed_10s_avg_stage5_col2_std_over_mean,0.03964785439742552,Combined_shuffled,84,125
stage_2_frames,0.024412134504784654,Combined_shuffled,85,126
stage_3_frames,0.009022169234127207,Combined_shuffled,85,126
stage_4_frames,0.015700622781644268,Combined_shuffled,85,126
stage_5_frames,0.013364349632367632,Combined_shuffled,85,126
roam_mean,0.015182669554502821,Combined_shuffled,85,126
roam_std_over_mean,0.013199713438063075,Combined_shuffled,85,126
roam_early_mean,0.03421678427190446,Combined_shuffled,85,126
roam_mid_mean,0.050718865850123036,Combined_shuffled,85,126
roam_late_mean,0.013346537504051658,Combined_shuffled,85,126
roam_slope,0.027931592692802248,Combined_shuffled,85,126
speed_1s_rows,0.008526265733816854,Combined_shuffled,85,126
speed_1s_stage2_rows,0.007447480660474457,Combined_shuffled,85,126
speed_1s_stage2_col1_mean,0.015716159384426113,Combined_shuffled,85,126
speed_1s_stage2_col1_std_over_mean,0.021187720692837374,Combined_shuffled,85,126
speed_1s_stage2_col2_mean,0.010127224244968917,Combined_shuffled,85,126
speed_1s_stage2_col2_std_over_mean,0.026042495993496194,Combined_shuffled,85,126
speed_1s_stage3_rows,0.011935807450034412,Combined_shuffled,85,126
speed_1s_stage3_col1_mean,0.009887921552420405,Combined_shuffled,85,126
speed_1s_stage3_col1_std_over_mean,0.04469776899406116,Combined_shuffled,85,126
speed_1s_stage3_col2_mean,0.017134270699720195,Combined_shuffled,85,126
speed_1s_stage3_col2_std_over_mean,0.018941900292266604,Combined_shuffled,85,126
speed_1s_stage4_rows,0.011381841043335094,Combined_shuffled,85,126
speed_1s_stage4_col1_mean,0.024518511750901046,Combined_shuffled,85,126
speed_1s_stage4_col1_std_over_mean,0.03306275279838982,Combined_shuffled,85,126
speed_1s_stage4_col2_mean,0.020274551193111612,Combined_shuffled,85,126
speed_1s_stage4_col2_std_over_mean,0.029029869474080167,Combined_shuffled,85,126
speed_1s_stage5_rows,0.000750690893911498,Combined_shuffled,85,126
speed_1s_stage5_col1_mean,0.014845158993548626,Combined_shuffled,85,126
speed_1s_stage5_col1_std_over_mean,0.039934878827277795,Combined_shuffled,85,126
speed_1s_stage5_col2_mean,0.01457298137890888,Combined_shuffled,85,126
speed_1s_stage5_col2_std_over_mean,0.010740388316354902,Combined_shuffled,85,126
speed_10s_avg_rows,0.008330298633644316,Combined_shuffled,85,126
speed_10s_avg_stage2_rows,0.00712066389356779,Combined_shuffled,85,126
speed_10s_avg_stage2_col1_mean,0.014153707161613115,Combined_shuffled,85,126
speed_10s_avg_stage2_col1_std_over_mean,0.029998138526558513,Combined_shuffled,85,126
speed_10s_avg_stage2_col2_mean,0.010209831384376469,Combined_shuffled,85,126
speed_10s_avg_stage2_col2_std_over_mean,0.01886331768918935,Combined_shuffled,85,126
speed_10s_avg_stage3_rows,0.01037452387122096,Combined_shuffled,85,126
speed_10s_avg_stage3_col1_mean,0.01380187234959923,Combined_shuffled,85,126
speed_10s_avg_stage3_col1_std_over_mean,0.01661803066541683,Combined_shuffled,85,126
speed_10s_avg_stage3_col2_mean,0.017706477010721932,Combined_shuffled,85,126
speed_10s_avg_stage3_col2_std_over_mean,0.04711140651927904,Combined_shuffled,85,126
speed_10s_avg_stage4_rows,0.011340779257327035,Combined_shuffled,85,126
speed_10s_avg_stage4_col1_mean,0.02807341398526494,Combined_shuffled,85,126
speed_10s_avg_stage4_col1_std_over_mean,0.015607908827802422,Combined_shuffled,85,126
speed_10s_avg_stage4_col2_mean,0.021050590009639714,Combined_shuffled,85,126
speed_10s_avg_stage4_col2_std_over_mean,0.049709727176873525,Combined_shuffled,85,126
speed_10s_avg_stage5_rows,0.00010589772692579509,Combined_shuffled,85,126
speed_10s_avg_stage5_col1_mean,0.016620662680441066,Combined_shuffled,85,126
speed_10s_avg_stage5_col1_std_over_mean,0.017515593061733774,Combined_shuffled,85,126
speed_10s_avg_stage5_col2_mean,0.013975092447166462,Combined_shuffled,85,126
speed_10s_avg_stage5_col2_std_over_mean,0.023859987288924602,Combined_shuffled,85,126
stage_2_frames,0.029544792476800055,Combined_shuffled,86,127
stage_3_frames,0.009158796649683418,Combined_shuffled,86,127
stage_4_frames,0.015202593281223278,Combined_shuffled,86,127
stage_5_frames,0.008751364915777677,Combined_shuffled,86,127
roam_mean,0.013777365947262941,Combined_shuffled,86,127
roam_std_over_mean,0.019484861817963467,Combined_shuffled,86,127
roam_early_mean,0.023110416753938476,Combined_shuffled,86,127
roam_mid_mean,0.030120128331376533,Combined_shuffled,86,127
roam_late_mean,0.011794237550521981,Combined_shuffled,86,127
roam_slope,0.05008434380021444,Combined_shuffled,86,127
speed_1s_rows,0.009838848071885536,Combined_shuffled,86,127
speed_1s_stage2_rows,0.007687248708248666,Combined_shuffled,86,127
speed_1s_stage2_col1_mean,0.024558569093437614,Combined_shuffled,86,127
speed_1s_stage2_col1_std_over_mean,0.07721312538659045,Combined_shuffled,86,127
speed_1s_stage2_col2_mean,0.009659664745092665,Combined_shuffled,86,127
speed_1s_stage2_col2_std_over_mean,0.016433114306855484,Combined_shuffled,86,127
speed_1s_stage3_rows,0.010630658984422682,Combined_shuffled,86,127
speed_1s_stage3_col1_mean,0.010647280703195778,Combined_shuffled,86,127
speed_1s_stage3_col1_std_over_mean,0.036479758225290246,Combined_shuffled,86,127
speed_1s_stage3_col2_mean,0.012683914398073036,Combined_shuffled,86,127
speed_1s_stage3_col2_std_over_mean,0.012444963544460034,Combined_shuffled,86,127
speed_1s_stage4_rows,0.007351493812018693,Combined_shuffled,86,127
speed_1s_stage4_col1_mean,0.01768851710453329,Combined_shuffled,86,127
speed_1s_stage4_col1_std_over_mean,0.023945925252168418,Combined_shuffled,86,127
speed_1s_stage4_col2_mean,0.01110167084266958,Combined_shuffled,86,127
speed_1s_stage4_col2_std_over_mean,0.019028602422788827,Combined_shuffled,86,127
speed_1s_stage5_rows,0.00037302279734745074,Combined_shuffled,86,127
speed_1s_stage5_col1_mean,0.023472189756719743,Combined_shuffled,86,127
speed_1s_stage5_col1_std_over_mean,0.016518963260244057,Combined_shuffled,86,127
speed_1s_stage5_col2_mean,0.008015202132768063,Combined_shuffled,86,127
speed_1s_stage5_col2_std_over_mean,0.009158726894357032,Combined_shuffled,86,127
speed_10s_avg_rows,0.008938335859040653,Combined_shuffled,86,127
speed_10s_avg_stage2_rows,0.008696017724884366,Combined_shuffled,86,127
speed_10s_avg_stage2_col1_mean,0.027654639768111083,Combined_shuffled,86,127
speed_10s_avg_stage2_col1_std_over_mean,0.03263818593068036,Combined_shuffled,86,127
speed_10s_avg_stage2_col2_mean,0.008122139629920339,Combined_shuffled,86,127
speed_10s_avg_stage2_col2_std_over_mean,0.0146940050404894,Combined_shuffled,86,127
speed_10s_avg_stage3_rows,0.012793613228026319,Combined_shuffled,86,127
speed_10s_avg_stage3_col1_mean,0.011465165478630216,Combined_shuffled,86,127
speed_10s_avg_stage3_col1_std_over_mean,0.0345892250429769,Combined_shuffled,86,127
speed_10s_avg_stage3_col2_mean,0.010870737192735772,Combined_shuffled,86,127
speed_10s_avg_stage3_col2_std_over_mean,0.05116231715566316,Combined_shuffled,86,127
speed_10s_avg_stage4_rows,0.007861987881081094,Combined_shuffled,86,127
speed_10s_avg_stage4_col1_mean,0.019757138856434535,Combined_shuffled,86,127
speed_10s_avg_stage4_col1_std_over_mean,0.01368477064082034,Combined_shuffled,86,127
speed_10s_avg_stage4_col2_mean,0.014661490612987504,Combined_shuffled,86,127
speed_10s_avg_stage4_col2_std_over_mean,0.07617310732470858,Combined_shuffled,86,127
speed_10s_avg_stage5_rows,0.00011267939125544887,Combined_shuffled,86,127
speed_10s_avg_stage5_col1_mean,0.019916203670838857,Combined_shuffled,86,127
speed_10s_avg_stage5_col1_std_over_mean,0.015056660698049588,Combined_shuffled,86,127
speed_10s_avg_stage5_col2_mean,0.010826854972834404,Combined_shuffled,86,127
speed_10s_avg_stage5_col2_std_over_mean,0.024364361931901595,Combined_shuffled,86,127
stage_2_frames,0.04311281827089784,Combined_shuffled,87,128
stage_3_frames,0.011695162429007254,Combined_shuffled,87,128
stage_4_frames,0.00986586949986869,Combined_shuffled,87,128
stage_5_frames,0.013257979187488254,Combined_shuffled,87,128
roam_mean,0.015575698620209853,Combined_shuffled,87,128
roam_std_over_mean,0.010829455701286711,Combined_shuffled,87,128
roam_early_mean,0.03865350488555978,Combined_shuffled,87,128
roam_mid_mean,0.021190175935949854,Combined_shuffled,87,128
roam_late_mean,0.019017565837463595,Combined_shuffled,87,128
roam_slope,0.02853395188727014,Combined_shuffled,87,128
speed_1s_rows,0.00993069175125731,Combined_shuffled,87,128
speed_1s_stage2_rows,0.009284783732793038,Combined_shuffled,87,128
speed_1s_stage2_col1_mean,0.024182644801701927,Combined_shuffled,87,128
speed_1s_stage2_col1_std_over_mean,0.029593496695202847,Combined_shuffled,87,128
speed_1s_stage2_col2_mean,0.016628303818282387,Combined_shuffled,87,128
speed_1s_stage2_col2_std_over_mean,0.017247083614911996,Combined_shuffled,87,128
speed_1s_stage3_rows,0.010267516855392038,Combined_shuffled,87,128
speed_1s_stage3_col1_mean,0.012497469478013811,Combined_shuffled,87,128
speed_1s_stage3_col1_std_over_mean,0.028144059634810432,Combined_shuffled,87,128
speed_1s_stage3_col2_mean,0.026498368688942245,Combined_shuffled,87,128
speed_1s_stage3_col2_std_over_mean,0.01758311156468504,Combined_shuffled,87,128
speed_1s_stage4_rows,0.00945676565593769,Combined_shuffled,87,128
speed_1s_stage4_col1_mean,0.012586398563434166,Combined_shuffled,87,128
speed_1s_stage4_col1_std_over_mean,0.036184454648809525,Combined_shuffled,87,128
speed_1s_stage4_col2_mean,0.01587132946081776,Combined_shuffled,87,128
speed_1s_stage4_col2_std_over_mean,0.026746727367149135,Combined_shuffled,87,128
speed_1s_stage5_rows,0.0007238619676984372,Combined_shuffled,87,128
speed_1s_stage5_col1_mean,0.02523020824231447,Combined_shuffled,87,128
speed_1s_stage5_col1_std_over_mean,0.016984598331298985,Combined_shuffled,87,128
speed_1s_stage5_col2_mean,0.015584616255144021,Combined_shuffled,87,128
speed_1s_stage5_col2_std_over_mean,0.011430624184937148,Combined_shuffled,87,128
speed_10s_avg_rows,0.011304615865453504,Combined_shuffled,87,128
speed_10s_avg_stage2_rows,0.01325926996368742,Combined_shuffled,87,128
speed_10s_avg_stage2_col1_mean,0.01686696175561917,Combined_shuffled,87,128
speed_10s_avg_stage2_col1_std_over_mean,0.042191581356681225,Combined_shuffled,87,128
speed_10s_avg_stage2_col2_mean,0.01717898245286944,Combined_shuffled,87,128
speed_10s_avg_stage2_col2_std_over_mean,0.02820761798065118,Combined_shuffled,87,128
speed_10s_avg_stage3_rows,0.013370547027354638,Combined_shuffled,87,128
speed_10s_avg_stage3_col1_mean,0.014770059834455172,Combined_shuffled,87,128
speed_10s_avg_stage3_col1_std_over_mean,0.017668227709762608,Combined_shuffled,87,128
speed_10s_avg_stage3_col2_mean,0.020176699968796143,Combined_shuffled,87,128
speed_10s_avg_stage3_col2_std_over_mean,0.027801705898816375,Combined_shuffled,87,128
speed_10s_avg_stage4_rows,0.008937178736950198,Combined_shuffled,87,128
speed_10s_avg_stage4_col1_mean,0.016791043406362977,Combined_shuffled,87,128
speed_10s_avg_stage4_col1_std_over_mean,0.014927611979111554,Combined_shuffled,87,128
speed_10s_avg_stage4_col2_mean,0.01247448877820524,Combined_shuffled,87,128
speed_10s_avg_stage4_col2_std_over_mean,0.05970276841823283,Combined_shuffled,87,128
speed_10s_avg_stage5_rows,0.0001898102214249182,Combined_shuffled,87,128
speed_10s_avg_stage5_col1_mean,0.02433366197919911,Combined_shuffled,87,128
speed_10s_avg_stage5_col1_std_over_mean,0.015244554050028412,Combined_shuffled,87,128
speed_10s_avg_stage5_col2_mean,0.01132877619651885,Combined_shuffled,87,128
speed_10s_avg_stage5_col2_std_over_mean,0.028884538851282653,Combined_shuffled,87,128
stage_2_frames,0.019404962746426783,Combined_shuffled,88,129
stage_3_frames,0.008924274151506446,Combined_shuffled,88,129
stage_4_frames,0.013852695108747213,Combined_shuffled,88,129
stage_5_frames,0.01095975056030945,Combined_shuffled,88,129
roam_mean,0.012245142368468409,Combined_shuffled,88,129
roam_std_over_mean,0.01258039787287165,Combined_shuffled,88,129
roam_early_mean,0.020094922319236066,Combined_shuffled,88,129
roam_mid_mean,0.04831955541048828,Combined_shuffled,88,129
roam_late_mean,0.01145115697461963,Combined_shuffled,88,129
roam_slope,0.04919419769060454,Combined_shuffled,88,129
speed_1s_rows,0.01584599009082139,Combined_shuffled,88,129
speed_1s_stage2_rows,0.007074400482093005,Combined_shuffled,88,129
speed_1s_stage2_col1_mean,0.023240931631776738,Combined_shuffled,88,129
speed_1s_stage2_col1_std_over_mean,0.026874203784719674,Combined_shuffled,88,129
speed_1s_stage2_col2_mean,0.009187100354219406,Combined_shuffled,88,129
speed_1s_stage2_col2_std_over_mean,0.021853886849900722,Combined_shuffled,88,129
speed_1s_stage3_rows,0.01246589143153281,Combined_shuffled,88,129
speed_1s_stage3_col1_mean,0.007908452534173665,Combined_shuffled,88,129
speed_1s_stage3_col1_std_over_mean,0.05987045869791678,Combined_shuffled,88,129
speed_1s_stage3_col2_mean,0.016386915864939,Combined_shuffled,88,129
speed_1s_stage3_col2_std_over_mean,0.03265174019892596,Combined_shuffled,88,129
speed_1s_stage4_rows,0.01095543178754967,Combined_shuffled,88,129
speed_1s_stage4_col1_mean,0.009883368962803033,Combined_shuffled,88,129
speed_1s_stage4_col1_std_over_mean,0.03215665885051683,Combined_shuffled,88,129
speed_1s_stage4_col2_mean,0.014695282592092119,Combined_shuffled,88,129
speed_1s_stage4_col2_std_over_mean,0.0199812315229928,Combined_shuffled,88,129
speed_1s_stage5_rows,0.00038959804163387295,Combined_shuffled,88,129
speed_1s_stage5_col1_mean,0.019916213163933518,Combined_shuffled,88,129
speed_1s_stage5_col1_std_over_mean,0.01899651754052907,Combined_shuffled,88,129
speed_1s_stage5_col2_mean,0.022954877721780752,Combined_shuffled,88,129
speed_1s_stage5_col2_std_over_mean,0.018808937096729896,Combined_shuffled,88,129
speed_10s_avg_rows,0.01909654119364585,Combined_shuffled,88,129
speed_10s_avg_stage2_rows,0.008304933335230816,Combined_shuffled,88,129
speed_10s_avg_stage2_col1_mean,0.024734380239576283,Combined_shuffled,88,129
speed_10s_avg_stage2_col1_std_over_mean,0.04115893842910864,Combined_shuffled,88,129
speed_10s_avg_stage2_col2_mean,0.009230299554525253,Combined_shuffled,88,129
speed_10s_avg_stage2_col2_std_over_mean,0.014297219871452169,Combined_shuffled,88,129
speed_10s_avg_stage3_rows,0.014281130688299904,Combined_shuffled,88,129
speed_10s_avg_stage3_col1_mean,0.009567962852840957,Combined_shuffled,88,129
speed_10s_avg_stage3_col1_std_over_mean,0.024266416355413933,Combined_shuffled,88,129
speed_10s_avg_stage3_col2_mean,0.01578577348679411,Combined_shuffled,88,129
speed_10s_avg_stage3_col2_std_over_mean,0.05518070687635229,Combined_shuffled,88,129
speed_10s_avg_stage4_rows,0.009267885142073443,Combined_shuffled,88,129
speed_10s_avg_stage4_col1_mean,0.013245897436900115,Combined_shuffled,88,129
speed_10s_avg_stage4_col1_std_over_mean,0.011853806475385774,Combined_shuffled,88,129
speed_10s_avg_stage4_col2_mean,0.012545026442814912,Combined_shuffled,88,129
speed_10s_avg_stage4_col2_std_over_mean,0.03155688717237702,Combined_shuffled,88,129
speed_10s_avg_stage5_rows,0.0002053658110989892,Combined_shuffled,88,129
speed_10s_avg_stage5_col1_mean,0.020924477308878087,Combined_shuffled,88,129
speed_10s_avg_stage5_col1_std_over_mean,0.01512805253791765,Combined_shuffled,88,129
speed_10s_avg_stage5_col2_mean,0.01473221820672091,Combined_shuffled,88,129
speed_10s_avg_stage5_col2_std_over_mean,0.025510936177733822,Combined_shuffled,88,129
stage_2_frames,0.02545162817225038,Combined_shuffled,89,130
stage_3_frames,0.011696944123677302,Combined_shuffled,89,130
stage_4_frames,0.019770870382771328,Combined_shuffled,89,130
stage_5_frames,0.006992994101372535,Combined_shuffled,89,130
roam_mean,0.019854092123086,Combined_shuffled,89,130
roam_std_over_mean,0.01174995145333672,Combined_shuffled,89,130
roam_early_mean,0.0245890414618935,Combined_shuffled,89,130
roam_mid_mean,0.03197109388841076,Combined_shuffled,89,130
roam_late_mean,0.020999726386778418,Combined_shuffled,89,130
roam_slope,0.033949613761037285,Combined_shuffled,89,130
speed_1s_rows,0.011508106597822898,Combined_shuffled,89,130
speed_1s_stage2_rows,0.009462356832872767,Combined_shuffled,89,130
speed_1s_stage2_col1_mean,0.021235814923212862,Combined_shuffled,89,130
speed_1s_stage2_col1_std_over_mean,0.03607929607569153,Combined_shuffled,89,130
speed_1s_stage2_col2_mean,0.009830520771756408,Combined_shuffled,89,130
speed_1s_stage2_col2_std_over_mean,0.01720369042722469,Combined_shuffled,89,130
speed_1s_stage3_rows,0.014282141738745448,Combined_shuffled,89,130
speed_1s_stage3_col1_mean,0.018385942882060618,Combined_shuffled,89,130
speed_1s_stage3_col1_std_over_mean,0.04967894302100216,Combined_shuffled,89,130
speed_1s_stage3_col2_mean,0.009969099659320975,Combined_shuffled,89,130
speed_1s_stage3_col2_std_over_mean,0.020256395603988665,Combined_shuffled,89,130
speed_1s_stage4_rows,0.0068540249341592936,Combined_shuffled,89,130
speed_1s_stage4_col1_mean,0.01888052687422385,Combined_shuffled,89,130
speed_1s_stage4_col1_std_over_mean,0.02816096708954425,Combined_shuffled,89,130
speed_1s_stage4_col2_mean,0.011726587891472405,Combined_shuffled,89,130
speed_1s_stage4_col2_std_over_mean,0.019609397394304336,Combined_shuffled,89,130
speed_1s_stage5_rows,0.00024780768473456317,Combined_shuffled,89,130
speed_1s_stage5_col1_mean,0.012664482127978454,Combined_shuffled,89,130
speed_1s_stage5_col1_std_over_mean,0.01993316746961686,Combined_shuffled,89,130
speed_1s_stage5_col2_mean,0.022760271074719063,Combined_shuffled,89,130
speed_1s_stage5_col2_std_over_mean,0.009117300000119724,Combined_shuffled,89,130
speed_10s_avg_rows,0.010813196205357912,Combined_shuffled,89,130
speed_10s_avg_stage2_rows,0.010449436418844722,Combined_shuffled,89,130
speed_10s_avg_stage2_col1_mean,0.01795636680537609,Combined_shuffled,89,130
speed_10s_avg_stage2_col1_std_over_mean,0.045358093000091325,Combined_shuffled,89,130
speed_10s_avg_stage2_col2_mean,0.009008463133791252,Combined_shuffled,89,130
speed_10s_avg_stage2_col2_std_over_mean,0.025162101909160375,Combined_shuffled,89,130
speed_10s_avg_stage3_rows,0.017231457825364914,Combined_shuffled,89,130
speed_10s_avg_stage3_col1_mean,0.012685270920848335,Combined_shuffled,89,130
speed_10s_avg_stage3_col1_std_over_mean,0.020468779697733353,Combined_shuffled,89,130
speed_10s_avg_stage3_col2_mean,0.016807716535636483,Combined_shuffled,89,130
speed_10s_avg_stage3_col2_std_over_mean,0.06272857135668938,Combined_shuffled,89,130
speed_10s_avg_stage4_rows,0.012645933923301707,Combined_shuffled,89,130
speed_10s_avg_stage4_col1_mean,0.018399614683142457,Combined_shuffled,89,130
speed_10s_avg_stage4_col1_std_over_mean,0.019500489316060656,Combined_shuffled,89,130
speed_10s_avg_stage4_col2_mean,0.012381759084382564,Combined_shuffled,89,130
speed_10s_avg_stage4_col2_std_over_mean,0.036081657199643694,Combined_shuffled,89,130
speed_10s_avg_stage5_rows,0.0003179431305032822,Combined_shuffled,89,130
speed_10s_avg_stage5_col1_mean,0.014077222285804422,Combined_shuffled,89,130
speed_10s_avg_stage5_col1_std_over_mean,0.025609198037958834,Combined_shuffled,89,130
speed_10s_avg_stage5_col2_mean,0.015444218731084196,Combined_shuffled,89,130
speed_10s_avg_stage5_col2_std_over_mean,0.021999712870038098,Combined_shuffled,89,130
stage_2_frames,0.030272026922713198,Combined_shuffled,90,131
stage_3_frames,0.009099448182907338,Combined_shuffled,90,131
stage_4_frames,0.012475007077704664,Combined_shuffled,90,131
stage_5_frames,0.014578709641866232,Combined_shuffled,90,131
roam_mean,0.016408865872775867,Combined_shuffled,90,131
roam_std_over_mean,0.01386295030152625,Combined_shuffled,90,131
roam_early_mean,0.033357152072832415,Combined_shuffled,90,131
roam_mid_mean,0.040587483744359304,Combined_shuffled,90,131
roam_late_mean,0.027369324587865385,Combined_shuffled,90,131
roam_slope,0.03559402624858376,Combined_shuffled,90,131
speed_1s_rows,0.008283629111193973,Combined_shuffled,90,131
speed_1s_stage2_rows,0.006742520886735566,Combined_shuffled,90,131
speed_1s_stage2_col1_mean,0.0336462945235583,Combined_shuffled,90,131
speed_1s_stage2_col1_std_over_mean,0.01830393354245949,Combined_shuffled,90,131
speed_1s_stage2_col2_mean,0.020779393408919322,Combined_shuffled,90,131
speed_1s_stage2_col2_std_over_mean,0.0186114269542152,Combined_shuffled,90,131
speed_1s_stage3_rows,0.009757536488122519,Combined_shuffled,90,131
speed_1s_stage3_col1_mean,0.006250067100316611,Combined_shuffled,90,131
speed_1s_stage3_col1_std_over_mean,0.03209667936844503,Combined_shuffled,90,131
speed_1s_stage3_col2_mean,0.010155185660001616,Combined_shuffled,90,131
speed_1s_stage3_col2_std_over_mean,0.011894096370974598,Combined_shuffled,90,131
speed_1s_stage4_rows,0.013788063386158724,Combined_shuffled,90,131
speed_1s_stage4_col1_mean,0.02035797884074836,Combined_shuffled,90,131
speed_1s_stage4_col1_std_over_mean,0.02307273503201551,Combined_shuffled,90,131
speed_1s_stage4_col2_mean,0.01557520811855942,Combined_shuffled,90,131
speed_1s_stage4_col2_std_over_mean,0.022543260179747983,Combined_shuffled,90,131
speed_1s_stage5_rows,0.00042052450904413077,Combined_shuffled,90,131
speed_1s_stage5_col1_mean,0.015179233322063515,Combined_shuffled,90,131
speed_1s_stage5_col1_std_over_mean,0.026912250173632156,Combined_shuffled,90,131
speed_1s_stage5_col2_mean,0.01040287860065582,Combined_shuffled,90,131
speed_1s_stage5_col2_std_over_mean,0.009889447647515827,Combined_shuffled,90,131
speed_10s_avg_rows,0.010887454068930569,Combined_shuffled,90,131
speed_10s_avg_stage2_rows,0.01186422266136474,Combined_shuffled,90,131
speed_10s_avg_stage2_col1_mean,0.0403647548503896,Combined_shuffled,90,131
speed_10s_avg_stage2_col1_std_over_mean,0.03343740437458349,Combined_shuffled,90,131
speed_10s_avg_stage2_col2_mean,0.023761823104113768,Combined_shuffled,90,131
speed_10s_avg_stage2_col2_std_over_mean,0.021313528992170806,Combined_shuffled,90,131
speed_10s_avg_stage3_rows,0.01372476285434049,Combined_shuffled,90,131
speed_10s_avg_stage3_col1_mean,0.006679865241138475,Combined_shuffled,90,131
speed_10s_avg_stage3_col1_std_over_mean,0.027710101892700394,Combined_shuffled,90,131
speed_10s_avg_stage3_col2_mean,0.010580886764254702,Combined_shuffled,90,131
speed_10s_avg_stage3_col2_std_over_mean,0.025616952299105267,Combined_shuffled,90,131
speed_10s_avg_stage4_rows,0.01347654180814442,Combined_shuffled,90,131
speed_10s_avg_stage4_col1_mean,0.018090222567334502,Combined_shuffled,90,131
speed_10s_avg_stage4_col1_std_over_mean,0.016431204056251286,Combined_shuffled,90,131
speed_10s_avg_stage4_col2_mean,0.017568064076304134,Combined_shuffled,90,131
speed_10s_avg_stage4_col2_std_over_mean,0.07866149487812431,Combined_shuffled,90,131
speed_10s_avg_stage5_rows,0.0003730690612949919,Combined_shuffled,90,131
speed_10s_avg_stage5_col1_mean,0.015176881473066997,Combined_shuffled,90,131
speed_10s_avg_stage5_col1_std_over_mean,0.018278394388821895,Combined_shuffled,90,131
speed_10s_avg_stage5_col2_mean,0.010037562023534107,Combined_shuffled,90,131
speed_10s_avg_stage5_col2_std_over_mean,0.017697470685813153,Combined_shuffled,90,131
stage_2_frames,0.02057420681475695,Combined_shuffled,91,132
stage_3_frames,0.009501497802946075,Combined_shuffled,91,132
stage_4_frames,0.009993962007196221,Combined_shuffled,91,132
stage_5_frames,0.011272573583311676,Combined_shuffled,91,132
roam_mean,0.011801106869104676,Combined_shuffled,91,132
roam_std_over_mean,0.012219906626104464,Combined_shuffled,91,132
roam_early_mean,0.028490738316939993,Combined_shuffled,91,132
roam_mid_mean,0.0354117552952127,Combined_shuffled,91,132
roam_late_mean,0.020617211497567088,Combined_shuffled,91,132
roam_slope,0.03657435054878526,Combined_shuffled,91,132
speed_1s_rows,0.009710594291726708,Combined_shuffled,91,132
speed_1s_stage2_rows,0.007429456391673142,Combined_shuffled,91,132
speed_1s_stage2_col1_mean,0.025181625296064856,Combined_shuffled,91,132
speed_1s_stage2_col1_std_over_mean,0.045974200024137796,Combined_shuffled,91,132
speed_1s_stage2_col2_mean,0.013824796827281547,Combined_shuffled,91,132
speed_1s_stage2_col2_std_over_mean,0.01855993199205397,Combined_shuffled,91,132
speed_1s_stage3_rows,0.01030844010572478,Combined_shuffled,91,132
speed_1s_stage3_col1_mean,0.014748631397234396,Combined_shuffled,91,132
speed_1s_stage3_col1_std_over_mean,0.02661913343741522,Combined_shuffled,91,132
speed_1s_stage3_col2_mean,0.008180688829950097,Combined_shuffled,91,132
speed_1s_stage3_col2_std_over_mean,0.01712658688539452,Combined_shuffled,91,132
speed_1s_stage4_rows,0.009807623493948701,Combined_shuffled,91,132
speed_1s_stage4_col1_mean,0.01695662863103145,Combined_shuffled,91,132
speed_1s_stage4_col1_std_over_mean,0.027838140811541446,Combined_shuffled,91,132
speed_1s_stage4_col2_mean,0.017878974879999388,Combined_shuffled,91,132
speed_1s_stage4_col2_std_over_mean,0.025988085592384632,Combined_shuffled,91,132
speed_1s_stage5_rows,0.00027382874744090403,Combined_shuffled,91,132
speed_1s_stage5_col1_mean,0.018768981286830123,Combined_shuffled,91,132
speed_1s_stage5_col1_std_over_mean,0.018204931149280606,Combined_shuffled,91,132
speed_1s_stage5_col2_mean,0.009258804257579998,Combined_shuffled,91,132
speed_1s_stage5_col2_std_over_mean,0.010344743840737912,Combined_shuffled,91,132
speed_10s_avg_rows,0.006463585698446707,Combined_shuffled,91,132
speed_10s_avg_stage2_rows,0.007964056759679693,Combined_shuffled,91,132
speed_10s_avg_stage2_col1_mean,0.03092094372546438,Combined_shuffled,91,132
speed_10s_avg_stage2_col1_std_over_mean,0.06245133207956423,Combined_shuffled,91,132
speed_10s_avg_stage2_col2_mean,0.014790387378017843,Combined_shuffled,91,132
speed_10s_avg_stage2_col2_std_over_mean,0.016459941504393626,Combined_shuffled,91,132
speed_10s_avg_stage3_rows,0.013530862440916155,Combined_shuffled,91,132
speed_10s_avg_stage3_col1_mean,0.012244122731436487,Combined_shuffled,91,132
speed_10s_avg_stage3_col1_std_over_mean,0.02687271567162703,Combined_shuffled,91,132
speed_10s_avg_stage3_col2_mean,0.007629287229535742,Combined_shuffled,91,132
speed_10s_avg_stage3_col2_std_over_mean,0.023481073653002685,Combined_shuffled,91,132
speed_10s_avg_stage4_rows,0.013225902128828909,Combined_shuffled,91,132
speed_10s_avg_stage4_col1_mean,0.018695441390213462,Combined_shuffled,91,132
speed_10s_avg_stage4_col1_std_over_mean,0.011437185318636951,Combined_shuffled,91,132
speed_10s_avg_stage4_col2_mean,0.01847665638452119,Combined_shuffled,91,132
speed_10s_avg_stage4_col2_std_over_mean,0.0806559825025264,Combined_shuffled,91,132
speed_10s_avg_stage5_rows,0.00015383996483725684,Combined_shuffled,91,132
speed_10s_avg_stage5_col1_mean,0.017257699517845827,Combined_shuffled,91,132
speed_10s_avg_stage5_col1_std_over_mean,0.02271239390476322,Combined_shuffled,91,132
speed_10s_avg_stage5_col2_mean,0.010397669298481862,Combined_shuffled,91,132
speed_10s_avg_stage5_col2_std_over_mean,0.034736783185903175,Combined_shuffled,91,132
stage_2_frames,0.029908099727386468,Combined_shuffled,92,133
stage_3_frames,0.006278139723537349,Combined_shuffled,92,133
stage_4_frames,0.013193986991779667,Combined_shuffled,92,133
stage_5_frames,0.004961716023489764,Combined_shuffled,92,133
roam_mean,0.0218657027504389,Combined_shuffled,92,133
roam_std_over_mean,0.00776671314053418,Combined_shuffled,92,133
roam_early_mean,0.021198636975077893,Combined_shuffled,92,133
roam_mid_mean,0.053360892958816485,Combined_shuffled,92,133
roam_late_mean,0.014331791753734599,Combined_shuffled,92,133
roam_slope,0.03016576137745133,Combined_shuffled,92,133
speed_1s_rows,0.01202333705778309,Combined_shuffled,92,133
speed_1s_stage2_rows,0.004711903449999608,Combined_shuffled,92,133
speed_1s_stage2_col1_mean,0.013583010081671223,Combined_shuffled,92,133
speed_1s_stage2_col1_std_over_mean,0.014716113325549689,Combined_shuffled,92,133
speed_1s_stage2_col2_mean,0.015125173224673475,Combined_shuffled,92,133
speed_1s_stage2_col2_std_over_mean,0.016556424855494533,Combined_shuffled,92,133
speed_1s_stage3_rows,0.014974109664104965,Combined_shuffled,92,133
speed_1s_stage3_col1_mean,0.011191603308569489,Combined_shuffled,92,133
speed_1s_stage3_col1_std_over_mean,0.020789231316258528,Combined_shuffled,92,133
speed_1s_stage3_col2_mean,0.012601721959014541,Combined_shuffled,92,133
speed_1s_stage3_col2_std_over_mean,0.025270845203613536,Combined_shuffled,92,133
speed_1s_stage4_rows,0.007636455487851951,Combined_shuffled,92,133
speed_1s_stage4_col1_mean,0.022471732380400247,Combined_shuffled,92,133
speed_1s_stage4_col1_std_over_mean,0.02823058042600234,Combined_shuffled,92,133
speed_1s_stage4_col2_mean,0.011947548955776035,Combined_shuffled,92,133
speed_1s_stage4_col2_std_over_mean,0.0325776701233554,Combined_shuffled,92,133
speed_1s_stage5_rows,5.524297117771382e-05,Combined_shuffled,92,133
speed_1s_stage5_col1_mean,0.021370858617610126,Combined_shuffled,92,133
speed_1s_stage5_col1_std_over_mean,0.025093292644053185,Combined_shuffled,92,133
speed_1s_stage5_col2_mean,0.01666420416964268,Combined_shuffled,92,133
speed_1s_stage5_col2_std_over_mean,0.011666875444181964,Combined_shuffled,92,133
speed_10s_avg_rows,0.007567795061690974,Combined_shuffled,92,133
speed_10s_avg_stage2_rows,0.006983513417426183,Combined_shuffled,92,133
speed_10s_avg_stage2_col1_mean,0.011796648773229225,Combined_shuffled,92,133
speed_10s_avg_stage2_col1_std_over_mean,0.042275561876656466,Combined_shuffled,92,133
speed_10s_avg_stage2_col2_mean,0.010747736071196045,Combined_shuffled,92,133
speed_10s_avg_stage2_col2_std_over_mean,0.01722577073695991,Combined_shuffled,92,133
speed_10s_avg_stage3_rows,0.016085767596824712,Combined_shuffled,92,133
speed_10s_avg_stage3_col1_mean,0.01254615005144686,Combined_shuffled,92,133
speed_10s_avg_stage3_col1_std_over_mean,0.022144543237243408,Combined_shuffled,92,133
speed_10s_avg_stage3_col2_mean,0.012409838101822064,Combined_shuffled,92,133
speed_10s_avg_stage3_col2_std_over_mean,0.09907127801058498,Combined_shuffled,92,133
speed_10s_avg_stage4_rows,0.006428055871004583,Combined_shuffled,92,133
speed_10s_avg_stage4_col1_mean,0.015776790839844256,Combined_shuffled,92,133
speed_10s_avg_stage4_col1_std_over_mean,0.01614594765908937,Combined_shuffled,92,133
speed_10s_avg_stage4_col2_mean,0.015627166933041742,Combined_shuffled,92,133
speed_10s_avg_stage4_col2_std_over_mean,0.06497488562977312,Combined_shuffled,92,133
speed_10s_avg_stage5_rows,0.00017932165113183413,Combined_shuffled,92,133
speed_10s_avg_stage5_col1_mean,0.023575088128950098,Combined_shuffled,92,133
speed_10s_avg_stage5_col1_std_over_mean,0.018798117847853846,Combined_shuffled,92,133
speed_10s_avg_stage5_col2_mean,0.017201950056815487,Combined_shuffled,92,133
speed_10s_avg_stage5_col2_std_over_mean,0.020148696358384066,Combined_shuffled,92,133
stage_2_frames,0.018604768143881397,Combined_shuffled,93,134
stage_3_frames,0.008184034818889756,Combined_shuffled,93,134
stage_4_frames,0.0089017788323064,Combined_shuffled,93,134
stage_5_frames,0.006618834414776919,Combined_shuffled,93,134
roam_mean,0.03668309271114548,Combined_shuffled,93,134
roam_std_over_mean,0.012447710387310532,Combined_shuffled,93,134
roam_early_mean,0.030921250694315235,Combined_shuffled,93,134
roam_mid_mean,0.06734466099406883,Combined_shuffled,93,134
roam_late_mean,0.014799482364922371,Combined_shuffled,93,134
roam_slope,0.034086909309817254,Combined_shuffled,93,134
speed_1s_rows,0.009754577826881923,Combined_shuffled,93,134
speed_1s_stage2_rows,0.007925521808666245,Combined_shuffled,93,134
speed_1s_stage2_col1_mean,0.02983721724401589,Combined_shuffled,93,134
speed_1s_stage2_col1_std_over_mean,0.026339283588926114,Combined_shuffled,93,134
speed_1s_stage2_col2_mean,0.017931578334947514,Combined_shuffled,93,134
speed_1s_stage2_col2_std_over_mean,0.018109291391345924,Combined_shuffled,93,134
speed_1s_stage3_rows,0.00777296885824046,Combined_shuffled,93,134
speed_1s_stage3_col1_mean,0.01417336089077937,Combined_shuffled,93,134
speed_1s_stage3_col1_std_over_mean,0.04571354761671486,Combined_shuffled,93,134
speed_1s_stage3_col2_mean,0.01100437563259424,Combined_shuffled,93,134
speed_1s_stage3_col2_std_over_mean,0.017001193962197132,Combined_shuffled,93,134
speed_1s_stage4_rows,0.010574017479394689,Combined_shuffled,93,134
speed_1s_stage4_col1_mean,0.02168961849373564,Combined_shuffled,93,134
speed_1s_stage4_col1_std_over_mean,0.026977994318882353,Combined_shuffled,93,134
speed_1s_stage4_col2_mean,0.011594015907271221,Combined_shuffled,93,134
speed_1s_stage4_col2_std_over_mean,0.02315911436718091,Combined_shuffled,93,134
speed_1s_stage5_rows,0.00013354142723631172,Combined_shuffled,93,134
speed_1s_stage5_col1_mean,0.01797108479051726,Combined_shuffled,93,134
speed_1s_stage5_col1_std_over_mean,0.021342678805779298,Combined_shuffled,93,134
speed_1s_stage5_col2_mean,0.011975489070949618,Combined_shuffled,93,134
speed_1s_stage5_col2_std_over_mean,0.00894145120355977,Combined_shuffled,93,134
speed_10s_avg_rows,0.009806298851598373,Combined_shuffled,93,134
speed_10s_avg_stage2_rows,0.009221069078788958,Combined_shuffled,93,134
speed_10s_avg_stage2_col1_mean,0.022795839164497775,Combined_shuffled,93,134
speed_10s_avg_stage2_col1_std_over_mean,0.024525511282299302,Combined_shuffled,93,134
speed_10s_avg_stage2_col2_mean,0.01427948784503864,Combined_shuffled,93,134
speed_10s_avg_stage2_col2_std_over_mean,0.028779710672931197,Combined_shuffled,93,134
speed_10s_avg_stage3_rows,0.01278345864127797,Combined_shuffled,93,134
speed_10s_avg_stage3_col1_mean,0.01092947797829398,Combined_shuffled,93,134
speed_10s_avg_stage3_col1_std_over_mean,0.016136589246734584,Combined_shuffled,93,134
speed_10s_avg_stage3_col2_mean,0.009457321789060322,Combined_shuffled,93,134
speed_10s_avg_stage3_col2_std_over_mean,0.06194138339569717,Combined_shuffled,93,134
speed_10s_avg_stage4_rows,0.010901602125895225,Combined_shuffled,93,134
speed_10s_avg_stage4_col1_mean,0.02281924853507045,Combined_shuffled,93,134
speed_10s_avg_stage4_col1_std_over_mean,0.016796709664939662,Combined_shuffled,93,134
speed_10s_avg_stage4_col2_mean,0.016749117082269224,Combined_shuffled,93,134
speed_10s_avg_stage4_col2_std_over_mean,0.036012936033620144,Combined_shuffled,93,134
speed_10s_avg_stage5_rows,0.00018601132089886012,Combined_shuffled,93,134
speed_10s_avg_stage5_col1_mean,0.01619702335660084,Combined_shuffled,93,134
speed_10s_avg_stage5_col1_std_over_mean,0.022798599579158255,Combined_shuffled,93,134
speed_10s_avg_stage5_col2_mean,0.012715504685403294,Combined_shuffled,93,134
speed_10s_avg_stage5_col2_std_over_mean,0.025652653978674823,Combined_shuffled,93,134
stage_2_frames,0.033258948207758,Combined_shuffled,94,135
stage_3_frames,0.008517411624292795,Combined_shuffled,94,135
stage_4_frames,0.011533680375821148,Combined_shuffled,94,135
stage_5_frames,0.01109503849564923,Combined_shuffled,94,135
roam_mean,0.011846652929312246,Combined_shuffled,94,135
roam_std_over_mean,0.013677007852542502,Combined_shuffled,94,135
roam_early_mean,0.03029214472171761,Combined_shuffled,94,135
roam_mid_mean,0.04241016886800262,Combined_shuffled,94,135
roam_late_mean,0.02762255057197668,Combined_shuffled,94,135
roam_slope,0.025607214604672066,Combined_shuffled,94,135
speed_1s_rows,0.011375004695722824,Combined_shuffled,94,135
speed_1s_stage2_rows,0.011020408620529462,Combined_shuffled,94,135
speed_1s_stage2_col1_mean,0.025556184462564552,Combined_shuffled,94,135
speed_1s_stage2_col1_std_over_mean,0.047655824398011734,Combined_shuffled,94,135
speed_1s_stage2_col2_mean,0.015912965540186272,Combined_shuffled,94,135
speed_1s_stage2_col2_std_over_mean,0.013333029815434674,Combined_shuffled,94,135
speed_1s_stage3_rows,0.015156174950115814,Combined_shuffled,94,135
speed_1s_stage3_col1_mean,0.011867705051900062,Combined_shuffled,94,135
speed_1s_stage3_col1_std_over_mean,0.037140490068448696,Combined_shuffled,94,135
speed_1s_stage3_col2_mean,0.021156834149840386,Combined_shuffled,94,135
speed_1s_stage3_col2_std_over_mean,0.01827622515485049,Combined_shuffled,94,135
speed_1s_stage4_rows,0.014245665750143237,Combined_shuffled,94,135
speed_1s_stage4_col1_mean,0.01788525246107352,Combined_shuffled,94,135
speed_1s_stage4_col1_std_over_mean,0.02600975704854353,Combined_shuffled,94,135
speed_1s_stage4_col2_mean,0.013522172184735422,Combined_shuffled,94,135
speed_1s_stage4_col2_std_over_mean,0.02117935816066241,Combined_shuffled,94,135
speed_1s_stage5_rows,0.0005021346574810569,Combined_shuffled,94,135
speed_1s_stage5_col1_mean,0.020820400837781007,Combined_shuffled,94,135
speed_1s_stage5_col1_std_over_mean,0.01606178789729395,Combined_shuffled,94,135
speed_1s_stage5_col2_mean,0.01277001049013619,Combined_shuffled,94,135
speed_1s_stage5_col2_std_over_mean,0.007560535577680893,Combined_shuffled,94,135
speed_10s_avg_rows,0.010479754196412984,Combined_shuffled,94,135
speed_10s_avg_stage2_rows,0.010488322030555768,Combined_shuffled,94,135
speed_10s_avg_stage2_col1_mean,0.024914223206296056,Combined_shuffled,94,135
speed_10s_avg_stage2_col1_std_over_mean,0.026849036961608518,Combined_shuffled,94,135
speed_10s_avg_stage2_col2_mean,0.01400348924675268,Combined_shuffled,94,135
speed_10s_avg_stage2_col2_std_over_mean,0.029214785478576547,Combined_shuffled,94,135
speed_10s_avg_stage3_rows,0.012000906177869402,Combined_shuffled,94,135
speed_10s_avg_stage3_col1_mean,0.010129913447605441,Combined_shuffled,94,135
speed_10s_avg_stage3_col1_std_over_mean,0.0339067188911119,Combined_shuffled,94,135
speed_10s_avg_stage3_col2_mean,0.019201381155316423,Combined_shuffled,94,135
speed_10s_avg_stage3_col2_std_over_mean,0.040433845877373795,Combined_shuffled,94,135
speed_10s_avg_stage4_rows,0.011607905939511715,Combined_shuffled,94,135
speed_10s_avg_stage4_col1_mean,0.015006877993045054,Combined_shuffled,94,135
speed_10s_avg_stage4_col1_std_over_mean,0.015023037823859735,Combined_shuffled,94,135
speed_10s_avg_stage4_col2_mean,0.014959868792320107,Combined_shuffled,94,135
speed_10s_avg_stage4_col2_std_over_mean,0.04464563829877058,Combined_shuffled,94,135
speed_10s_avg_stage5_rows,0.0002508110502404462,Combined_shuffled,94,135
speed_10s_avg_stage5_col1_mean,0.017570332255034567,Combined_shuffled,94,135
speed_10s_avg_stage5_col1_std_over_mean,0.019836045245535297,Combined_shuffled,94,135
speed_10s_avg_stage5_col2_mean,0.014779433639059049,Combined_shuffled,94,135
speed_10s_avg_stage5_col2_std_over_mean,0.01982893206826292,Combined_shuffled,94,135
stage_2_frames,0.034941058165848325,Combined_shuffled,95,136
stage_3_frames,0.00921361591679535,Combined_shuffled,95,136
stage_4_frames,0.015062191577114258,Combined_shuffled,95,136
stage_5_frames,0.008021488550620778,Combined_shuffled,95,136
roam_mean,0.010440713063122503,Combined_shuffled,95,136
roam_std_over_mean,0.013352356478571876,Combined_shuffled,95,136
roam_early_mean,0.03193736545258283,Combined_shuffled,95,136
roam_mid_mean,0.036518176467547236,Combined_shuffled,95,136
roam_late_mean,0.015048869455894263,Combined_shuffled,95,136
roam_slope,0.02191533878715809,Combined_shuffled,95,136
speed_1s_rows,0.011060350096811267,Combined_shuffled,95,136
speed_1s_stage2_rows,0.005344174721078935,Combined_shuffled,95,136
speed_1s_stage2_col1_mean,0.032213344006604916,Combined_shuffled,95,136
speed_1s_stage2_col1_std_over_mean,0.024808160114586853,Combined_shuffled,95,136
speed_1s_stage2_col2_mean,0.006801677946415436,Combined_shuffled,95,136
speed_1s_stage2_col2_std_over_mean,0.017066879984623282,Combined_shuffled,95,136
speed_1s_stage3_rows,0.014254938833707763,Combined_shuffled,95,136
speed_1s_stage3_col1_mean,0.009148914757126498,Combined_shuffled,95,136
speed_1s_stage3_col1_std_over_mean,0.04320179335696479,Combined_shuffled,95,136
speed_1s_stage3_col2_mean,0.013815088876912702,Combined_shuffled,95,136
speed_1s_stage3_col2_std_over_mean,0.015944264028799112,Combined_shuffled,95,136
speed_1s_stage4_rows,0.008805895634053923,Combined_shuffled,95,136
speed_1s_stage4_col1_mean,0.03337804448169021,Combined_shuffled,95,136
speed_1s_stage4_col1_std_over_mean,0.04031650643086516,Combined_shuffled,95,136
speed_1s_stage4_col2_mean,0.02363309309318174,Combined_shuffled,95,136
speed_1s_stage4_col2_std_over_mean,0.03084771290645171,Combined_shuffled,95,136
speed_1s_stage5_rows,0.00047817696288501973,Combined_shuffled,95,136
speed_1s_stage5_col1_mean,0.014536039599422476,Combined_shuffled,95,136
speed_1s_stage5_col1_std_over_mean,0.019583663411613276,Combined_shuffled,95,136
speed_1s_stage5_col2_mean,0.011199814515313815,Combined_shuffled,95,136
speed_1s_stage5_col2_std_over_mean,0.008483686099013022,Combined_shuffled,95,136
speed_10s_avg_rows,0.01119420363914702,Combined_shuffled,95,136
speed_10s_avg_stage2_rows,0.0070351328748558765,Combined_shuffled,95,136
speed_10s_avg_stage2_col1_mean,0.03016701237352217,Combined_shuffled,95,136
speed_10s_avg_stage2_col1_std_over_mean,0.024359009147842312,Combined_shuffled,95,136
speed_10s_avg_stage2_col2_mean,0.008442481179426378,Combined_shuffled,95,136
speed_10s_avg_stage2_col2_std_over_mean,0.020982907932087784,Combined_shuffled,95,136
speed_10s_avg_stage3_rows,0.01644960170565688,Combined_shuffled,95,136
speed_10s_avg_stage3_col1_mean,0.01078510636368131,Combined_shuffled,95,136
speed_10s_avg_stage3_col1_std_over_mean,0.017239826957738378,Combined_shuffled,95,136
speed_10s_avg_stage3_col2_mean,0.013947768522387894,Combined_shuffled,95,136
speed_10s_avg_stage3_col2_std_over_mean,0.05215539511071266,Combined_shuffled,95,136
speed_10s_avg_stage4_rows,0.00660329162525186,Combined_shuffled,95,136
speed_10s_avg_stage4_col1_mean,0.030149312793906806,Combined_shuffled,95,136
speed_10s_avg_stage4_col1_std_over_mean,0.01536529983425675,Combined_shuffled,95,136
speed_10s_avg_stage4_col2_mean,0.01890048849897333,Combined_shuffled,95,136
speed_10s_avg_stage4_col2_std_over_mean,0.06026461589089199,Combined_shuffled,95,136
speed_10s_avg_stage5_rows,0.00021056025465285885,Combined_shuffled,95,136
speed_10s_avg_stage5_col1_mean,0.014025259280990729,Combined_shuffled,95,136
speed_10s_avg_stage5_col1_std_over_mean,0.02244039389654956,Combined_shuffled,95,136
speed_10s_avg_stage5_col2_mean,0.00994938871674439,Combined_shuffled,95,136
speed_10s_avg_stage5_col2_std_over_mean,0.027959549627345415,Combined_shuffled,95,136
stage_2_frames,0.018486564686128137,Combined_shuffled,96,137
stage_3_frames,0.005813102678907856,Combined_shuffled,96,137
stage_4_frames,0.013874231299352544,Combined_shuffled,96,137
stage_5_frames,0.011040451717993172,Combined_shuffled,96,137
roam_mean,0.014217839594528848,Combined_shuffled,96,137
roam_std_over_mean,0.014872000479915576,Combined_shuffled,96,137
roam_early_mean,0.030264105081917615,Combined_shuffled,96,137
roam_mid_mean,0.03010738409352159,Combined_shuffled,96,137
roam_late_mean,0.017473293810791837,Combined_shuffled,96,137
roam_slope,0.02006687606717339,Combined_shuffled,96,137
speed_1s_rows,0.013224545281414963,Combined_shuffled,96,137
speed_1s_stage2_rows,0.007209020842901575,Combined_shuffled,96,137
speed_1s_stage2_col1_mean,0.039809938506469,Combined_shuffled,96,137
speed_1s_stage2_col1_std_over_mean,0.05126604846548561,Combined_shuffled,96,137
speed_1s_stage2_col2_mean,0.013070545099834414,Combined_shuffled,96,137
speed_1s_stage2_col2_std_over_mean,0.01741373473281475,Combined_shuffled,96,137
speed_1s_stage3_rows,0.013291062917699693,Combined_shuffled,96,137
speed_1s_stage3_col1_mean,0.010132790770222265,Combined_shuffled,96,137
speed_1s_stage3_col1_std_over_mean,0.035357541485658985,Combined_shuffled,96,137
speed_1s_stage3_col2_mean,0.009089616441091564,Combined_shuffled,96,137
speed_1s_stage3_col2_std_over_mean,0.010324530059487604,Combined_shuffled,96,137
speed_1s_stage4_rows,0.007870460076681594,Combined_shuffled,96,137
speed_1s_stage4_col1_mean,0.02639816202309015,Combined_shuffled,96,137
speed_1s_stage4_col1_std_over_mean,0.0410516414065111,Combined_shuffled,96,137
speed_1s_stage4_col2_mean,0.009681999464055829,Combined_shuffled,96,137
speed_1s_stage4_col2_std_over_mean,0.024722476859466408,Combined_shuffled,96,137
speed_1s_stage5_rows,0.0005655560628715145,Combined_shuffled,96,137
speed_1s_stage5_col1_mean,0.028505464537255918,Combined_shuffled,96,137
speed_1s_stage5_col1_std_over_mean,0.020759209357431703,Combined_shuffled,96,137
speed_1s_stage5_col2_mean,0.01110312824963631,Combined_shuffled,96,137
speed_1s_stage5_col2_std_over_mean,0.010714750999967729,Combined_shuffled,96,137
speed_10s_avg_rows,0.008113700707453288,Combined_shuffled,96,137
speed_10s_avg_stage2_rows,0.005316874485280111,Combined_shuffled,96,137
speed_10s_avg_stage2_col1_mean,0.041300191068650384,Combined_shuffled,96,137
speed_10s_avg_stage2_col1_std_over_mean,0.0425139403671942,Combined_shuffled,96,137
speed_10s_avg_stage2_col2_mean,0.013702934780963008,Combined_shuffled,96,137
speed_10s_avg_stage2_col2_std_over_mean,0.01833395268104779,Combined_shuffled,96,137
speed_10s_avg_stage3_rows,0.01102258704363497,Combined_shuffled,96,137
speed_10s_avg_stage3_col1_mean,0.011624588136617542,Combined_shuffled,96,137
speed_10s_avg_stage3_col1_std_over_mean,0.023503078440664692,Combined_shuffled,96,137
speed_10s_avg_stage3_col2_mean,0.010633616739593779,Combined_shuffled,96,137
speed_10s_avg_stage3_col2_std_over_mean,0.027938380868886052,Combined_shuffled,96,137
speed_10s_avg_stage4_rows,0.012847295076833827,Combined_shuffled,96,137
speed_10s_avg_stage4_col1_mean,0.022553967913689202,Combined_shuffled,96,137
speed_10s_avg_stage4_col1_std_over_mean,0.017688746130109054,Combined_shuffled,96,137
speed_10s_avg_stage4_col2_mean,0.012288577313339972,Combined_shuffled,96,137
speed_10s_avg_stage4_col2_std_over_mean,0.054225317796589845,Combined_shuffled,96,137
speed_10s_avg_stage5_rows,0.0006146112818052183,Combined_shuffled,96,137
speed_10s_avg_stage5_col1_mean,0.02808481234496607,Combined_shuffled,96,137
speed_10s_avg_stage5_col1_std_over_mean,0.016862987866989566,Combined_shuffled,96,137
speed_10s_avg_stage5_col2_mean,0.016264519103031113,Combined_shuffled,96,137
speed_10s_avg_stage5_col2_std_over_mean,0.0267872467023811,Combined_shuffled,96,137
stage_2_frames,0.02278286997805386,Combined_shuffled,97,138
stage_3_frames,0.008812541036458196,Combined_shuffled,97,138
stage_4_frames,0.014435518927319592,Combined_shuffled,97,138
stage_5_frames,0.013397800567840842,Combined_shuffled,97,138
roam_mean,0.018940257332175123,Combined_shuffled,97,138
roam_std_over_mean,0.015428008745915522,Combined_shuffled,97,138
roam_early_mean,0.02109163651332535,Combined_shuffled,97,138
roam_mid_mean,0.037074957497757924,Combined_shuffled,97,138
roam_late_mean,0.014980622829441506,Combined_shuffled,97,138
roam_slope,0.048025914587574985,Combined_shuffled,97,138
speed_1s_rows,0.008125914848522415,Combined_shuffled,97,138
speed_1s_stage2_rows,0.007332677434160285,Combined_shuffled,97,138
speed_1s_stage2_col1_mean,0.01448719003124753,Combined_shuffled,97,138
speed_1s_stage2_col1_std_over_mean,0.024497980818274253,Combined_shuffled,97,138
speed_1s_stage2_col2_mean,0.008808793828675512,Combined_shuffled,97,138
speed_1s_stage2_col2_std_over_mean,0.01223292556571255,Combined_shuffled,97,138
speed_1s_stage3_rows,0.017082591751975885,Combined_shuffled,97,138
speed_1s_stage3_col1_mean,0.01160353336350747,Combined_shuffled,97,138
speed_1s_stage3_col1_std_over_mean,0.022852787855410565,Combined_shuffled,97,138
speed_1s_stage3_col2_mean,0.018694029947914234,Combined_shuffled,97,138
speed_1s_stage3_col2_std_over_mean,0.019906793868708982,Combined_shuffled,97,138
speed_1s_stage4_rows,0.014196478901981266,Combined_shuffled,97,138
speed_1s_stage4_col1_mean,0.014930121581931972,Combined_shuffled,97,138
speed_1s_stage4_col1_std_over_mean,0.03458544559574269,Combined_shuffled,97,138
speed_1s_stage4_col2_mean,0.015551356132917698,Combined_shuffled,97,138
speed_1s_stage4_col2_std_over_mean,0.019298077772239682,Combined_shuffled,97,138
speed_1s_stage5_rows,0.0009647498914528632,Combined_shuffled,97,138
speed_1s_stage5_col1_mean,0.025018492391136442,Combined_shuffled,97,138
speed_1s_stage5_col1_std_over_mean,0.024018771944194724,Combined_shuffled,97,138
speed_1s_stage5_col2_mean,0.013127343342590376,Combined_shuffled,97,138
speed_1s_stage5_col2_std_over_mean,0.01207091073886234,Combined_shuffled,97,138
speed_10s_avg_rows,0.010738679357318372,Combined_shuffled,97,138
speed_10s_avg_stage2_rows,0.006965104516489561,Combined_shuffled,97,138
speed_10s_avg_stage2_col1_mean,0.014271894695659895,Combined_shuffled,97,138
speed_10s_avg_stage2_col1_std_over_mean,0.057018719478092846,Combined_shuffled,97,138
speed_10s_avg_stage2_col2_mean,0.007478723609572134,Combined_shuffled,97,138
speed_10s_avg_stage2_col2_std_over_mean,0.021701048462946217,Combined_shuffled,97,138
speed_10s_avg_stage3_rows,0.013319429018726646,Combined_shuffled,97,138
speed_10s_avg_stage3_col1_mean,0.011221893245533838,Combined_shuffled,97,138
speed_10s_avg_stage3_col1_std_over_mean,0.03230154837025521,Combined_shuffled,97,138
speed_10s_avg_stage3_col2_mean,0.025781187396379635,Combined_shuffled,97,138
speed_10s_avg_stage3_col2_std_over_mean,0.04618476732182758,Combined_shuffled,97,138
speed_10s_avg_stage4_rows,0.01133470161113855,Combined_shuffled,97,138
speed_10s_avg_stage4_col1_mean,0.014007057989256272,Combined_shuffled,97,138
speed_10s_avg_stage4_col1_std_over_mean,0.017021522788525492,Combined_shuffled,97,138
speed_10s_avg_stage4_col2_mean,0.014458102974740471,Combined_shuffled,97,138
speed_10s_avg_stage4_col2_std_over_mean,0.04354083081372346,Combined_shuffled,97,138
speed_10s_avg_stage5_rows,0.0011026134510698253,Combined_shuffled,97,138
speed_10s_avg_stage5_col1_mean,0.032636700237929986,Combined_shuffled,97,138
speed_10s_avg_stage5_col1_std_over_mean,0.01981775659949473,Combined_shuffled,97,138
speed_10s_avg_stage5_col2_mean,0.017338539985203672,Combined_shuffled,97,138
speed_10s_avg_stage5_col2_std_over_mean,0.027402082453093096,Combined_shuffled,97,138
stage_2_frames,0.021987333665339084,Combined_shuffled,98,139
stage_3_frames,0.008028372820083018,Combined_shuffled,98,139
stage_4_frames,0.01098544542466334,Combined_shuffled,98,139
stage_5_frames,0.007780947105883704,Combined_shuffled,98,139
roam_mean,0.025757415228518512,Combined_shuffled,98,139
roam_std_over_mean,0.018292168669930695,Combined_shuffled,98,139
roam_early_mean,0.024339777814664166,Combined_shuffled,98,139
roam_mid_mean,0.03293023176698989,Combined_shuffled,98,139
roam_late_mean,0.011169688553616702,Combined_shuffled,98,139
roam_slope,0.02853792200721302,Combined_shuffled,98,139
speed_1s_rows,0.011152003163476022,Combined_shuffled,98,139
speed_1s_stage2_rows,0.00754561858256936,Combined_shuffled,98,139
speed_1s_stage2_col1_mean,0.017530727000475525,Combined_shuffled,98,139
speed_1s_stage2_col1_std_over_mean,0.03590008819943346,Combined_shuffled,98,139
speed_1s_stage2_col2_mean,0.014051188994911428,Combined_shuffled,98,139
speed_1s_stage2_col2_std_over_mean,0.02751069419965597,Combined_shuffled,98,139
speed_1s_stage3_rows,0.010587599882251487,Combined_shuffled,98,139
speed_1s_stage3_col1_mean,0.018519318129494488,Combined_shuffled,98,139
speed_1s_stage3_col1_std_over_mean,0.032186829918097314,Combined_shuffled,98,139
speed_1s_stage3_col2_mean,0.01835193257141867,Combined_shuffled,98,139
speed_1s_stage3_col2_std_over_mean,0.023766142192204062,Combined_shuffled,98,139
speed_1s_stage4_rows,0.011592793713898333,Combined_shuffled,98,139
speed_1s_stage4_col1_mean,0.016752973258186418,Combined_shuffled,98,139
speed_1s_stage4_col1_std_over_mean,0.02268888692920706,Combined_shuffled,98,139
speed_1s_stage4_col2_mean,0.019119529427842608,Combined_shuffled,98,139
speed_1s_stage4_col2_std_over_mean,0.018517504855975135,Combined_shuffled,98,139
speed_1s_stage5_rows,0.0003642902123383516,Combined_shuffled,98,139
speed_1s_stage5_col1_mean,0.021111511129532724,Combined_shuffled,98,139
speed_1s_stage5_col1_std_over_mean,0.02053844991310456,Combined_shuffled,98,139
speed_1s_stage5_col2_mean,0.013335422121716185,Combined_shuffled,98,139
speed_1s_stage5_col2_std_over_mean,0.010998986381177762,Combined_shuffled,98,139
speed_10s_avg_rows,0.008516774166459086,Combined_shuffled,98,139
speed_10s_avg_stage2_rows,0.009026048218327554,Combined_shuffled,98,139
speed_10s_avg_stage2_col1_mean,0.020156240602643257,Combined_shuffled,98,139
speed_10s_avg_stage2_col1_std_over_mean,0.0501800408832028,Combined_shuffled,98,139
speed_10s_avg_stage2_col2_mean,0.010936302455960835,Combined_shuffled,98,139
speed_10s_avg_stage2_col2_std_over_mean,0.0186234766481501,Combined_shuffled,98,139
speed_10s_avg_stage3_rows,0.006954598003988958,Combined_shuffled,98,139
speed_10s_avg_stage3_col1_mean,0.014934608516458713,Combined_shuffled,98,139
speed_10s_avg_stage3_col1_std_over_mean,0.022680060835040913,Combined_shuffled,98,139
speed_10s_avg_stage3_col2_mean,0.01961583044774064,Combined_shuffled,98,139
speed_10s_avg_stage3_col2_std_over_mean,0.04708307121065989,Combined_shuffled,98,139
speed_10s_avg_stage4_rows,0.010082833986216165,Combined_shuffled,98,139
speed_10s_avg_stage4_col1_mean,0.011636548678211393,Combined_shuffled,98,139
speed_10s_avg_stage4_col1_std_over_mean,0.012818385805854154,Combined_shuffled,98,139
speed_10s_avg_stage4_col2_mean,0.02123991967847891,Combined_shuffled,98,139
speed_10s_avg_stage4_col2_std_over_mean,0.06373659178299979,Combined_shuffled,98,139
speed_10s_avg_stage5_rows,0.0008123155455298471,Combined_shuffled,98,139
speed_10s_avg_stage5_col1_mean,0.026106712111255443,Combined_shuffled,98,139
speed_10s_avg_stage5_col1_std_over_mean,0.02109184884507956,Combined_shuffled,98,139
speed_10s_avg_stage5_col2_mean,0.010126126133800805,Combined_shuffled,98,139
speed_10s_avg_stage5_col2_std_over_mean,0.031709871610072105,Combined_shuffled,98,139
stage_2_frames,0.0311338055769602,Combined_shuffled,99,140
stage_3_frames,0.006774015687832503,Combined_shuffled,99,140
stage_4_frames,0.01202293980019738,Combined_shuffled,99,140
stage_5_frames,0.010557227241355324,Combined_shuffled,99,140
roam_mean,0.024455608051985333,Combined_shuffled,99,140
roam_std_over_mean,0.01598713191750293,Combined_shuffled,99,140
roam_early_mean,0.02710383678673371,Combined_shuffled,99,140
roam_mid_mean,0.04877847257283085,Combined_shuffled,99,140
roam_late_mean,0.0267215779976883,Combined_shuffled,99,140
roam_slope,0.05048162872711818,Combined_shuffled,99,140
speed_1s_rows,0.014038461975702545,Combined_shuffled,99,140
speed_1s_stage2_rows,0.007032660759722906,Combined_shuffled,99,140
speed_1s_stage2_col1_mean,0.01906724371957978,Combined_shuffled,99,140
speed_1s_stage2_col1_std_over_mean,0.06111070087364328,Combined_shuffled,99,140
speed_1s_stage2_col2_mean,0.011430608022939001,Combined_shuffled,99,140
speed_1s_stage2_col2_std_over_mean,0.014720785272870912,Combined_shuffled,99,140
speed_1s_stage3_rows,0.01684973909696581,Combined_shuffled,99,140
speed_1s_stage3_col1_mean,0.009330089394871774,Combined_shuffled,99,140
speed_1s_stage3_col1_std_over_mean,0.03769242680678711,Combined_shuffled,99,140
speed_1s_stage3_col2_mean,0.00931247933059897,Combined_shuffled,99,140
speed_1s_stage3_col2_std_over_mean,0.013659504514405289,Combined_shuffled,99,140
speed_1s_stage4_rows,0.00850203975483591,Combined_shuffled,99,140
speed_1s_stage4_col1_mean,0.012154788210243966,Combined_shuffled,99,140
speed_1s_stage4_col1_std_over_mean,0.03661029614302366,Combined_shuffled,99,140
speed_1s_stage4_col2_mean,0.01610440026969884,Combined_shuffled,99,140
speed_1s_stage4_col2_std_over_mean,0.020671895976689822,Combined_shuffled,99,140
speed_1s_stage5_rows,0.0003451518747617468,Combined_shuffled,99,140
speed_1s_stage5_col1_mean,0.019978354304701622,Combined_shuffled,99,140
speed_1s_stage5_col1_std_over_mean,0.01676496068452321,Combined_shuffled,99,140
speed_1s_stage5_col2_mean,0.011731075110455073,Combined_shuffled,99,140
speed_1s_stage5_col2_std_over_mean,0.011828425993826549,Combined_shuffled,99,140
speed_10s_avg_rows,0.016956578983200365,Combined_shuffled,99,140
speed_10s_avg_stage2_rows,0.006334474141417393,Combined_shuffled,99,140
speed_10s_avg_stage2_col1_mean,0.014954011712941305,Combined_shuffled,99,140
speed_10s_avg_stage2_col1_std_over_mean,0.03697830744972211,Combined_shuffled,99,140
speed_10s_avg_stage2_col2_mean,0.010134141886169137,Combined_shuffled,99,140
speed_10s_avg_stage2_col2_std_over_mean,0.024950566662991027,Combined_shuffled,99,140
speed_10s_avg_stage3_rows,0.018247218207312996,Combined_shuffled,99,140
speed_10s_avg_stage3_col1_mean,0.009541899436731551,Combined_shuffled,99,140
speed_10s_avg_stage3_col1_std_over_mean,0.02026551699441123,Combined_shuffled,99,140
speed_10s_avg_stage3_col2_mean,0.008242021838726877,Combined_shuffled,99,140
speed_10s_avg_stage3_col2_std_over_mean,0.024591900541143383,Combined_shuffled,99,140
speed_10s_avg_stage4_rows,0.009448857037997704,Combined_shuffled,99,140
speed_10s_avg_stage4_col1_mean,0.017070030786323905,Combined_shuffled,99,140
speed_10s_avg_stage4_col1_std_over_mean,0.017093685173404843,Combined_shuffled,99,140
speed_10s_avg_stage4_col2_mean,0.014641420829937676,Combined_shuffled,99,140
speed_10s_avg_stage4_col2_std_over_mean,0.06253345000473871,Combined_shuffled,99,140
speed_10s_avg_stage5_rows,0.0005969191188820675,Combined_shuffled,99,140
speed_10s_avg_stage5_col1_mean,0.017447111773114667,Combined_shuffled,99,140
speed_10s_avg_stage5_col1_std_over_mean,0.018475011093096516,Combined_shuffled,99,140
speed_10s_avg_stage5_col2_mean,0.012632142479595362,Combined_shuffled,99,140
speed_10s_avg_stage5_col2_std_over_mean,0.01591240139708886,Combined_shuffled,99,140
stage_2_frames,0.0225804733763961,Combined_shuffled,100,141
stage_3_frames,0.006107245376053719,Combined_shuffled,100,141
stage_4_frames,0.01441274061293234,Combined_shuffled,100,141
stage_5_frames,0.009448858331210149,Combined_shuffled,100,141
roam_mean,0.013370529083945091,Combined_shuffled,100,141
roam_std_over_mean,0.013451156320166096,Combined_shuffled,100,141
roam_early_mean,0.025665852479089656,Combined_shuffled,100,141
roam_mid_mean,0.03823268544951764,Combined_shuffled,100,141
roam_late_mean,0.03158614127238579,Combined_shuffled,100,141
roam_slope,0.03498053962794706,Combined_shuffled,100,141
speed_1s_rows,0.011429720843472909,Combined_shuffled,100,141
speed_1s_stage2_rows,0.00856269598669625,Combined_shuffled,100,141
speed_1s_stage2_col1_mean,0.022026752586049206,Combined_shuffled,100,141
speed_1s_stage2_col1_std_over_mean,0.0630761663547112,Combined_shuffled,100,141
speed_1s_stage2_col2_mean,0.007147590084436555,Combined_shuffled,100,141
speed_1s_stage2_col2_std_over_mean,0.008689378760964683,Combined_shuffled,100,141
speed_1s_stage3_rows,0.01648919385132773,Combined_shuffled,100,141
speed_1s_stage3_col1_mean,0.01038305937056969,Combined_shuffled,100,141
speed_1s_stage3_col1_std_over_mean,0.05093828245602861,Combined_shuffled,100,141
speed_1s_stage3_col2_mean,0.00833081467920555,Combined_shuffled,100,141
speed_1s_stage3_col2_std_over_mean,0.017128133260627062,Combined_shuffled,100,141
speed_1s_stage4_rows,0.011238160892580215,Combined_shuffled,100,141
speed_1s_stage4_col1_mean,0.016960981634938765,Combined_shuffled,100,141
speed_1s_stage4_col1_std_over_mean,0.03633349376633196,Combined_shuffled,100,141
speed_1s_stage4_col2_mean,0.01179793928090875,Combined_shuffled,100,141
speed_1s_stage4_col2_std_over_mean,0.02530578508179309,Combined_shuffled,100,141
speed_1s_stage5_rows,0.00032161341379946675,Combined_shuffled,100,141
speed_1s_stage5_col1_mean,0.023625382964369945,Combined_shuffled,100,141
speed_1s_stage5_col1_std_over_mean,0.019554604312180077,Combined_shuffled,100,141
speed_1s_stage5_col2_mean,0.013750110981828956,Combined_shuffled,100,141
speed_1s_stage5_col2_std_over_mean,0.012951235630090666,Combined_shuffled,100,141
speed_10s_avg_rows,0.01063337936604321,Combined_shuffled,100,141
speed_10s_avg_stage2_rows,0.0070479916097728875,Combined_shuffled,100,141
speed_10s_avg_stage2_col1_mean,0.02188468321415897,Combined_shuffled,100,141
speed_10s_avg_stage2_col1_std_over_mean,0.04085947295911954,Combined_shuffled,100,141
speed_10s_avg_stage2_col2_mean,0.009198159844532943,Combined_shuffled,100,141
speed_10s_avg_stage2_col2_std_over_mean,0.024350092596011893,Combined_shuffled,100,141
speed_10s_avg_stage3_rows,0.015198320198275125,Combined_shuffled,100,141
speed_10s_avg_stage3_col1_mean,0.013881682356967623,Combined_shuffled,100,141
speed_10s_avg_stage3_col1_std_over_mean,0.02236061391448679,Combined_shuffled,100,141
speed_10s_avg_stage3_col2_mean,0.012547071129829336,Combined_shuffled,100,141
speed_10s_avg_stage3_col2_std_over_mean,0.025476219250421435,Combined_shuffled,100,141
speed_10s_avg_stage4_rows,0.008865850327836454,Combined_shuffled,100,141
speed_10s_avg_stage4_col1_mean,0.013142287936234244,Combined_shuffled,100,141
speed_10s_avg_stage4_col1_std_over_mean,0.01812485099965787,Combined_shuffled,100,141
speed_10s_avg_stage4_col2_mean,0.015797765089820802,Combined_shuffled,100,141
speed_10s_avg_stage4_col2_std_over_mean,0.037025847041389844,Combined_shuffled,100,141
speed_10s_avg_stage5_rows,0.0004945889910076246,Combined_shuffled,100,141
speed_10s_avg_stage5_col1_mean,0.030377019022646556,Combined_shuffled,100,141
speed_10s_avg_stage5_col1_std_over_mean,0.028480941384276554,Combined_shuffled,100,141
speed_10s_avg_stage5_col2_mean,0.011824462539624495,Combined_shuffled,100,141
speed_10s_avg_stage5_col2_std_over_mean,0.02655138210533075,Combined_shuffled,100,141
