feature,importance,dataset,run,seed
stage_2_frames,0.04481271974418106,Combined,1,42
stage_3_frames,0.007141737578632842,Combined,1,42
stage_4_frames,0.016706950957943757,Combined,1,42
stage_5_frames,0.011177046477539199,Combined,1,42
roam_mean,0.022106817057903096,Combined,1,42
roam_std_over_mean,0.018013797289444484,Combined,1,42
roam_early_mean,0.01929889704961669,Combined,1,42
roam_mid_mean,0.0114433331459445,Combined,1,42
roam_late_mean,0.030563469675459906,Combined,1,42
roam_slope,0.015017467585098915,Combined,1,42
speed_1s_rows,0.01991896622867159,Combined,1,42
speed_1s_stage2_rows,0.006286165165992246,Combined,1,42
speed_1s_stage2_col1_mean,0.016430591000501947,Combined,1,42
speed_1s_stage2_col1_std_over_mean,0.018975768784607806,Combined,1,42
speed_1s_stage2_col2_mean,0.007929277347530177,Combined,1,42
speed_1s_stage2_col2_std_over_mean,0.02757647458378711,Combined,1,42
speed_1s_stage3_rows,0.015868211341489215,Combined,1,42
speed_1s_stage3_col1_mean,0.029875912108728593,Combined,1,42
speed_1s_stage3_col1_std_over_mean,0.01192769808375065,Combined,1,42
speed_1s_stage3_col2_mean,0.010955731203792255,Combined,1,42
speed_1s_stage3_col2_std_over_mean,0.02416512035394336,Combined,1,42
speed_1s_stage4_rows,0.012768267101983498,Combined,1,42
speed_1s_stage4_col1_mean,0.014792060067904952,Combined,1,42
speed_1s_stage4_col1_std_over_mean,0.013748199305965238,Combined,1,42
speed_1s_stage4_col2_mean,0.01531169482442845,Combined,1,42
speed_1s_stage4_col2_std_over_mean,0.06382503422527987,Combined,1,42
speed_1s_stage5_rows,2.7936026552971073e-05,Combined,1,42
speed_1s_stage5_col1_mean,0.01693913400770863,Combined,1,42
speed_1s_stage5_col1_std_over_mean,0.08748526390325922,Combined,1,42
speed_1s_stage5_col2_mean,0.011460998820600997,Combined,1,42
speed_1s_stage5_col2_std_over_mean,0.06309420189723788,Combined,1,42
speed_10s_avg_rows,0.021808895783132217,Combined,1,42
speed_10s_avg_stage2_rows,0.00520977693544147,Combined,1,42
speed_10s_avg_stage2_col1_mean,0.015840241180537024,Combined,1,42
speed_10s_avg_stage2_col1_std_over_mean,0.014937915386415682,Combined,1,42
speed_10s_avg_stage2_col2_mean,0.010831627398333193,Combined,1,42
speed_10s_avg_stage2_col2_std_over_mean,0.025621079391732717,Combined,1,42
speed_10s_avg_stage3_rows,0.013459818107976973,Combined,1,42
speed_10s_avg_stage3_col1_mean,0.02609564237544303,Combined,1,42
speed_10s_avg_stage3_col1_std_over_mean,0.012309138760210715,Combined,1,42
speed_10s_avg_stage3_col2_mean,0.00793441292817095,Combined,1,42
speed_10s_avg_stage3_col2_std_over_mean,0.011251765762356685,Combined,1,42
speed_10s_avg_stage4_rows,0.009527281727442403,Combined,1,42
speed_10s_avg_stage4_col1_mean,0.011897377426955083,Combined,1,42
speed_10s_avg_stage4_col1_std_over_mean,0.022077927377984537,Combined,1,42
speed_10s_avg_stage4_col2_mean,0.016759874923354855,Combined,1,42
speed_10s_avg_stage4_col2_std_over_mean,0.02069900997855,Combined,1,42
speed_10s_avg_stage5_rows,0.00011062790556943777,Combined,1,42
speed_10s_avg_stage5_col1_mean,0.017347170530654602,Combined,1,42
speed_10s_avg_stage5_col1_std_over_mean,0.017755713458189167,Combined,1,42
speed_10s_avg_stage5_col2_mean,0.011341551708673757,Combined,1,42
speed_10s_avg_stage5_col2_std_over_mean,0.0215382080073944,Combined,1,42
stage_2_frames,0.07360272819110562,Combined,2,43
stage_3_frames,0.009792703978980143,Combined,2,43
stage_4_frames,0.009192504168492422,Combined,2,43
stage_5_frames,0.008452780175706729,Combined,2,43
roam_mean,0.015102793001147946,Combined,2,43
roam_std_over_mean,0.031018557261234713,Combined,2,43
roam_early_mean,0.02107402447199161,Combined,2,43
roam_mid_mean,0.020101820434894443,Combined,2,43
roam_late_mean,0.019420519420696624,Combined,2,43
roam_slope,0.016381905738591766,Combined,2,43
speed_1s_rows,0.01607723389460944,Combined,2,43
speed_1s_stage2_rows,0.009795114431465928,Combined,2,43
speed_1s_stage2_col1_mean,0.013293349076090146,Combined,2,43
speed_1s_stage2_col1_std_over_mean,0.02456961381238972,Combined,2,43
speed_1s_stage2_col2_mean,0.009809229266412563,Combined,2,43
speed_1s_stage2_col2_std_over_mean,0.018283401045522535,Combined,2,43
speed_1s_stage3_rows,0.009255442228935493,Combined,2,43
speed_1s_stage3_col1_mean,0.0233551946517916,Combined,2,43
speed_1s_stage3_col1_std_over_mean,0.026972410682295382,Combined,2,43
speed_1s_stage3_col2_mean,0.018461531776832327,Combined,2,43
speed_1s_stage3_col2_std_over_mean,0.027038140256705312,Combined,2,43
speed_1s_stage4_rows,0.010939734799620607,Combined,2,43
speed_1s_stage4_col1_mean,0.010992922878130711,Combined,2,43
speed_1s_stage4_col1_std_over_mean,0.018780312128727703,Combined,2,43
speed_1s_stage4_col2_mean,0.01680672487736198,Combined,2,43
speed_1s_stage4_col2_std_over_mean,0.03161108505614135,Combined,2,43
speed_1s_stage5_rows,7.363473675377247e-05,Combined,2,43
speed_1s_stage5_col1_mean,0.01754582489861352,Combined,2,43
speed_1s_stage5_col1_std_over_mean,0.06820398171875719,Combined,2,43
speed_1s_stage5_col2_mean,0.014381820608740468,Combined,2,43
speed_1s_stage5_col2_std_over_mean,0.03246702281684909,Combined,2,43
speed_10s_avg_rows,0.016462403917598366,Combined,2,43
speed_10s_avg_stage2_rows,0.008739192328342018,Combined,2,43
speed_10s_avg_stage2_col1_mean,0.012431564384743982,Combined,2,43
speed_10s_avg_stage2_col1_std_over_mean,0.018009338770439417,Combined,2,43
speed_10s_avg_stage2_col2_mean,0.008219526244234766,Combined,2,43
speed_10s_avg_stage2_col2_std_over_mean,0.026391685093680114,Combined,2,43
speed_10s_avg_stage3_rows,0.01294822860519274,Combined,2,43
speed_10s_avg_stage3_col1_mean,0.02067922181143578,Combined,2,43
speed_10s_avg_stage3_col1_std_over_mean,0.024164075951346335,Combined,2,43
speed_10s_avg_stage3_col2_mean,0.026086364807456453,Combined,2,43
speed_10s_avg_stage3_col2_std_over_mean,0.01759796481391966,Combined,2,43
speed_10s_avg_stage4_rows,0.008995586713760799,Combined,2,43
speed_10s_avg_stage4_col1_mean,0.012928717409252484,Combined,2,43
speed_10s_avg_stage4_col1_std_over_mean,0.03314928940154616,Combined,2,43
speed_10s_avg_stage4_col2_mean,0.014079952740275535,Combined,2,43
speed_10s_avg_stage4_col2_std_over_mean,0.01602763879595745,Combined,2,43
speed_10s_avg_stage5_rows,0.00011345141774050519,Combined,2,43
speed_10s_avg_stage5_col1_mean,0.011674464808738667,Combined,2,43
speed_10s_avg_stage5_col1_std_over_mean,0.029398412745529245,Combined,2,43
speed_10s_avg_stage5_col2_mean,0.01674644753195597,Combined,2,43
speed_10s_avg_stage5_col2_std_over_mean,0.02230240922126463,Combined,2,43
stage_2_frames,0.02211680638930059,Combined,3,44
stage_3_frames,0.00539079719769964,Combined,3,44
stage_4_frames,0.011087511715974226,Combined,3,44
stage_5_frames,0.013361404484787214,Combined,3,44
roam_mean,0.017495775849514842,Combined,3,44
roam_std_over_mean,0.014329513422083521,Combined,3,44
roam_early_mean,0.01845330739254669,Combined,3,44
roam_mid_mean,0.011771642345094296,Combined,3,44
roam_late_mean,0.015464958526749051,Combined,3,44
roam_slope,0.0175317361660353,Combined,3,44
speed_1s_rows,0.016448774724502464,Combined,3,44
speed_1s_stage2_rows,0.00489107324334638,Combined,3,44
speed_1s_stage2_col1_mean,0.01924167274473295,Combined,3,44
speed_1s_stage2_col1_std_over_mean,0.02196684699481608,Combined,3,44
speed_1s_stage2_col2_mean,0.007531130066819462,Combined,3,44
speed_1s_stage2_col2_std_over_mean,0.018008548472960153,Combined,3,44
speed_1s_stage3_rows,0.009039266531889533,Combined,3,44
speed_1s_stage3_col1_mean,0.019956706055081812,Combined,3,44
speed_1s_stage3_col1_std_over_mean,0.013028650981740515,Combined,3,44
speed_1s_stage3_col2_mean,0.013716779847888362,Combined,3,44
speed_1s_stage3_col2_std_over_mean,0.043664007271375226,Combined,3,44
speed_1s_stage4_rows,0.020336969904999728,Combined,3,44
speed_1s_stage4_col1_mean,0.013142482686922424,Combined,3,44
speed_1s_stage4_col1_std_over_mean,0.010811514389469349,Combined,3,44
speed_1s_stage4_col2_mean,0.012562486385323117,Combined,3,44
speed_1s_stage4_col2_std_over_mean,0.063503712755046,Combined,3,44
speed_1s_stage5_rows,6.0778824710493934e-05,Combined,3,44
speed_1s_stage5_col1_mean,0.015698470239901976,Combined,3,44
speed_1s_stage5_col1_std_over_mean,0.13375037594098804,Combined,3,44
speed_1s_stage5_col2_mean,0.015472853476190778,Combined,3,44
speed_1s_stage5_col2_std_over_mean,0.08571741690118109,Combined,3,44
speed_10s_avg_rows,0.018342945704880702,Combined,3,44
speed_10s_avg_stage2_rows,0.008792658687452297,Combined,3,44
speed_10s_avg_stage2_col1_mean,0.018977659706484254,Combined,3,44
speed_10s_avg_stage2_col1_std_over_mean,0.016781013699060012,Combined,3,44
speed_10s_avg_stage2_col2_mean,0.009562905498961593,Combined,3,44
speed_10s_avg_stage2_col2_std_over_mean,0.018050480478996055,Combined,3,44
speed_10s_avg_stage3_rows,0.011256721686494192,Combined,3,44
speed_10s_avg_stage3_col1_mean,0.016229762579774074,Combined,3,44
speed_10s_avg_stage3_col1_std_over_mean,0.013234014422998958,Combined,3,44
speed_10s_avg_stage3_col2_mean,0.01696927440265877,Combined,3,44
speed_10s_avg_stage3_col2_std_over_mean,0.01421267963645243,Combined,3,44
speed_10s_avg_stage4_rows,0.013046076837749087,Combined,3,44
speed_10s_avg_stage4_col1_mean,0.011067722247659763,Combined,3,44
speed_10s_avg_stage4_col1_std_over_mean,0.009996265004422408,Combined,3,44
speed_10s_avg_stage4_col2_mean,0.020832083895111833,Combined,3,44
speed_10s_avg_stage4_col2_std_over_mean,0.01295669249918184,Combined,3,44
speed_10s_avg_stage5_rows,0.0001865833741844674,Combined,3,44
speed_10s_avg_stage5_col1_mean,0.01420458003237093,Combined,3,44
speed_10s_avg_stage5_col1_std_over_mean,0.017201711777362138,Combined,3,44
speed_10s_avg_stage5_col2_mean,0.011728978137495991,Combined,3,44
speed_10s_avg_stage5_col2_std_over_mean,0.020815217760576835,Combined,3,44
stage_2_frames,0.05708728609822376,Combined,4,45
stage_3_frames,0.00837624121766345,Combined,4,45
stage_4_frames,0.008047058995965315,Combined,4,45
stage_5_frames,0.008779491417103638,Combined,4,45
roam_mean,0.021769971253413036,Combined,4,45
roam_std_over_mean,0.020427585333928303,Combined,4,45
roam_early_mean,0.018672408673308653,Combined,4,45
roam_mid_mean,0.013609664035753468,Combined,4,45
roam_late_mean,0.020924849993359817,Combined,4,45
roam_slope,0.015612464141912592,Combined,4,45
speed_1s_rows,0.024669324366865402,Combined,4,45
speed_1s_stage2_rows,0.009539503760566892,Combined,4,45
speed_1s_stage2_col1_mean,0.01361306812442313,Combined,4,45
speed_1s_stage2_col1_std_over_mean,0.030160342720205305,Combined,4,45
speed_1s_stage2_col2_mean,0.010522563318630232,Combined,4,45
speed_1s_stage2_col2_std_over_mean,0.020393103495977637,Combined,4,45
speed_1s_stage3_rows,0.010006698166443123,Combined,4,45
speed_1s_stage3_col1_mean,0.02016097674448774,Combined,4,45
speed_1s_stage3_col1_std_over_mean,0.01683361269398016,Combined,4,45
speed_1s_stage3_col2_mean,0.009880928339629091,Combined,4,45
speed_1s_stage3_col2_std_over_mean,0.01995553181462919,Combined,4,45
speed_1s_stage4_rows,0.008947004158928178,Combined,4,45
speed_1s_stage4_col1_mean,0.009513179039197161,Combined,4,45
speed_1s_stage4_col1_std_over_mean,0.020800188987747412,Combined,4,45
speed_1s_stage4_col2_mean,0.025339999000689128,Combined,4,45
speed_1s_stage4_col2_std_over_mean,0.09123065794515847,Combined,4,45
speed_1s_stage5_rows,0.0002320155028970477,Combined,4,45
speed_1s_stage5_col1_mean,0.012083889833804262,Combined,4,45
speed_1s_stage5_col1_std_over_mean,0.04582436343235535,Combined,4,45
speed_1s_stage5_col2_mean,0.017819333848780247,Combined,4,45
speed_1s_stage5_col2_std_over_mean,0.04711607537417192,Combined,4,45
speed_10s_avg_rows,0.022612102887905276,Combined,4,45
speed_10s_avg_stage2_rows,0.009398274924351462,Combined,4,45
speed_10s_avg_stage2_col1_mean,0.01296815835679269,Combined,4,45
speed_10s_avg_stage2_col1_std_over_mean,0.021019992615755757,Combined,4,45
speed_10s_avg_stage2_col2_mean,0.00848173482026796,Combined,4,45
speed_10s_avg_stage2_col2_std_over_mean,0.02383160424203451,Combined,4,45
speed_10s_avg_stage3_rows,0.006901743506491473,Combined,4,45
speed_10s_avg_stage3_col1_mean,0.020632547472122394,Combined,4,45
speed_10s_avg_stage3_col1_std_over_mean,0.017789105792392734,Combined,4,45
speed_10s_avg_stage3_col2_mean,0.010492995471043844,Combined,4,45
speed_10s_avg_stage3_col2_std_over_mean,0.01432358781085079,Combined,4,45
speed_10s_avg_stage4_rows,0.008100752294916642,Combined,4,45
speed_10s_avg_stage4_col1_mean,0.010759397555776417,Combined,4,45
speed_10s_avg_stage4_col1_std_over_mean,0.03358283317373446,Combined,4,45
speed_10s_avg_stage4_col2_mean,0.026690661311427194,Combined,4,45
speed_10s_avg_stage4_col2_std_over_mean,0.01672292448320878,Combined,4,45
speed_10s_avg_stage5_rows,6.66101099043397e-05,Combined,4,45
speed_10s_avg_stage5_col1_mean,0.01427918874541163,Combined,4,45
speed_10s_avg_stage5_col1_std_over_mean,0.018849630919032637,Combined,4,45
speed_10s_avg_stage5_col2_mean,0.02021817800796874,Combined,4,45
speed_10s_avg_stage5_col2_std_over_mean,0.024328593668410944,Combined,4,45
stage_2_frames,0.03983565179582717,Combined,5,46
stage_3_frames,0.005884119115982107,Combined,5,46
stage_4_frames,0.009597658099818345,Combined,5,46
stage_5_frames,0.010517605480800992,Combined,5,46
roam_mean,0.016651979565873713,Combined,5,46
roam_std_over_mean,0.020047969461652375,Combined,5,46
roam_early_mean,0.01954859728646473,Combined,5,46
roam_mid_mean,0.01664857653372042,Combined,5,46
roam_late_mean,0.03920578906199165,Combined,5,46
roam_slope,0.019865295658484727,Combined,5,46
speed_1s_rows,0.012326171323192513,Combined,5,46
speed_1s_stage2_rows,0.008629314581577965,Combined,5,46
speed_1s_stage2_col1_mean,0.019909881623033428,Combined,5,46
speed_1s_stage2_col1_std_over_mean,0.03021684190123335,Combined,5,46
speed_1s_stage2_col2_mean,0.01102672466682946,Combined,5,46
speed_1s_stage2_col2_std_over_mean,0.01768311951580107,Combined,5,46
speed_1s_stage3_rows,0.007472894741712788,Combined,5,46
speed_1s_stage3_col1_mean,0.018656354254583965,Combined,5,46
speed_1s_stage3_col1_std_over_mean,0.019137832213773156,Combined,5,46
speed_1s_stage3_col2_mean,0.015003617254808138,Combined,5,46
speed_1s_stage3_col2_std_over_mean,0.017811341333598994,Combined,5,46
speed_1s_stage4_rows,0.01186638907615667,Combined,5,46
speed_1s_stage4_col1_mean,0.018252864156043852,Combined,5,46
speed_1s_stage4_col1_std_over_mean,0.02002870250837512,Combined,5,46
speed_1s_stage4_col2_mean,0.015212761824220999,Combined,5,46
speed_1s_stage4_col2_std_over_mean,0.04286801063520662,Combined,5,46
speed_1s_stage5_rows,0.0001260137703050752,Combined,5,46
speed_1s_stage5_col1_mean,0.02400765634611437,Combined,5,46
speed_1s_stage5_col1_std_over_mean,0.06425854371185778,Combined,5,46
speed_1s_stage5_col2_mean,0.017081628475992375,Combined,5,46
speed_1s_stage5_col2_std_over_mean,0.03694819136180842,Combined,5,46
speed_10s_avg_rows,0.01291857598711192,Combined,5,46
speed_10s_avg_stage2_rows,0.008272232753220954,Combined,5,46
speed_10s_avg_stage2_col1_mean,0.018158017495233086,Combined,5,46
speed_10s_avg_stage2_col1_std_over_mean,0.020372689784493272,Combined,5,46
speed_10s_avg_stage2_col2_mean,0.00987777662195518,Combined,5,46
speed_10s_avg_stage2_col2_std_over_mean,0.018663405296214092,Combined,5,46
speed_10s_avg_stage3_rows,0.009425503221994105,Combined,5,46
speed_10s_avg_stage3_col1_mean,0.023146352137255865,Combined,5,46
speed_10s_avg_stage3_col1_std_over_mean,0.027702450772177208,Combined,5,46
speed_10s_avg_stage3_col2_mean,0.017128386623143848,Combined,5,46
speed_10s_avg_stage3_col2_std_over_mean,0.015137740614268943,Combined,5,46
speed_10s_avg_stage4_rows,0.017566357469154612,Combined,5,46
speed_10s_avg_stage4_col1_mean,0.016234807209135466,Combined,5,46
speed_10s_avg_stage4_col1_std_over_mean,0.021873288407426392,Combined,5,46
speed_10s_avg_stage4_col2_mean,0.015791148502860383,Combined,5,46
speed_10s_avg_stage4_col2_std_over_mean,0.02244025499029828,Combined,5,46
speed_10s_avg_stage5_rows,0.00026032643987145525,Combined,5,46
speed_10s_avg_stage5_col1_mean,0.019745691925278697,Combined,5,46
speed_10s_avg_stage5_col1_std_over_mean,0.03475288461493599,Combined,5,46
speed_10s_avg_stage5_col2_mean,0.014578350453946674,Combined,5,46
speed_10s_avg_stage5_col2_std_over_mean,0.029625661343181477,Combined,5,46
stage_2_frames,0.050059568371126024,Combined,6,47
stage_3_frames,0.008263347499066185,Combined,6,47
stage_4_frames,0.01420733768227246,Combined,6,47
stage_5_frames,0.009953305613053874,Combined,6,47
roam_mean,0.024588929475937948,Combined,6,47
roam_std_over_mean,0.017391442860382703,Combined,6,47
roam_early_mean,0.02472954286689033,Combined,6,47
roam_mid_mean,0.01384687914979778,Combined,6,47
roam_late_mean,0.018219322012956327,Combined,6,47
roam_slope,0.02501442427519753,Combined,6,47
speed_1s_rows,0.016502916698291216,Combined,6,47
speed_1s_stage2_rows,0.005671763536557024,Combined,6,47
speed_1s_stage2_col1_mean,0.014309690143936354,Combined,6,47
speed_1s_stage2_col1_std_over_mean,0.01668235254956816,Combined,6,47
speed_1s_stage2_col2_mean,0.010653458943508854,Combined,6,47
speed_1s_stage2_col2_std_over_mean,0.013351470456655034,Combined,6,47
speed_1s_stage3_rows,0.01415251615294338,Combined,6,47
speed_1s_stage3_col1_mean,0.01619659721856782,Combined,6,47
speed_1s_stage3_col1_std_over_mean,0.022737204106650682,Combined,6,47
speed_1s_stage3_col2_mean,0.00834932651525129,Combined,6,47
speed_1s_stage3_col2_std_over_mean,0.023366272872856326,Combined,6,47
speed_1s_stage4_rows,0.009806344407136623,Combined,6,47
speed_1s_stage4_col1_mean,0.013378786864123126,Combined,6,47
speed_1s_stage4_col1_std_over_mean,0.023660656893568686,Combined,6,47
speed_1s_stage4_col2_mean,0.012992189195351288,Combined,6,47
speed_1s_stage4_col2_std_over_mean,0.037905139598880214,Combined,6,47
speed_1s_stage5_rows,0.0004088226307810944,Combined,6,47
speed_1s_stage5_col1_mean,0.017436904744241227,Combined,6,47
speed_1s_stage5_col1_std_over_mean,0.1428157530894561,Combined,6,47
speed_1s_stage5_col2_mean,0.012459173587201387,Combined,6,47
speed_1s_stage5_col2_std_over_mean,0.043747912306335894,Combined,6,47
speed_10s_avg_rows,0.01761314907567613,Combined,6,47
speed_10s_avg_stage2_rows,0.009585097862031985,Combined,6,47
speed_10s_avg_stage2_col1_mean,0.017989655210307515,Combined,6,47
speed_10s_avg_stage2_col1_std_over_mean,0.02817874795033069,Combined,6,47
speed_10s_avg_stage2_col2_mean,0.011185817987303726,Combined,6,47
speed_10s_avg_stage2_col2_std_over_mean,0.023363852896092076,Combined,6,47
speed_10s_avg_stage3_rows,0.018276415013253312,Combined,6,47
speed_10s_avg_stage3_col1_mean,0.01467330378467929,Combined,6,47
speed_10s_avg_stage3_col1_std_over_mean,0.02374707439581998,Combined,6,47
speed_10s_avg_stage3_col2_mean,0.007380975021179848,Combined,6,47
speed_10s_avg_stage3_col2_std_over_mean,0.011466681082168587,Combined,6,47
speed_10s_avg_stage4_rows,0.012577913924693452,Combined,6,47
speed_10s_avg_stage4_col1_mean,0.012601266431900193,Combined,6,47
speed_10s_avg_stage4_col1_std_over_mean,0.015568352662522177,Combined,6,47
speed_10s_avg_stage4_col2_mean,0.014524429504310574,Combined,6,47
speed_10s_avg_stage4_col2_std_over_mean,0.016752320033441223,Combined,6,47
speed_10s_avg_stage5_rows,0.0001619232048721465,Combined,6,47
speed_10s_avg_stage5_col1_mean,0.012124692445735937,Combined,6,47
speed_10s_avg_stage5_col1_std_over_mean,0.019943159726811127,Combined,6,47
speed_10s_avg_stage5_col2_mean,0.012522438878097916,Combined,6,47
speed_10s_avg_stage5_col2_std_over_mean,0.016903380590229042,Combined,6,47
stage_2_frames,0.043023591241629494,Combined,7,48
stage_3_frames,0.008178749621552149,Combined,7,48
stage_4_frames,0.013474206446208567,Combined,7,48
stage_5_frames,0.007413806443580664,Combined,7,48
roam_mean,0.015756465348873594,Combined,7,48
roam_std_over_mean,0.014776224823568534,Combined,7,48
roam_early_mean,0.018216934537751844,Combined,7,48
roam_mid_mean,0.030082678021555176,Combined,7,48
roam_late_mean,0.018129716792567113,Combined,7,48
roam_slope,0.015256849282989548,Combined,7,48
speed_1s_rows,0.01661985570783327,Combined,7,48
speed_1s_stage2_rows,0.010123434749262163,Combined,7,48
speed_1s_stage2_col1_mean,0.015727155336617747,Combined,7,48
speed_1s_stage2_col1_std_over_mean,0.022777540216585138,Combined,7,48
speed_1s_stage2_col2_mean,0.007911177260010031,Combined,7,48
speed_1s_stage2_col2_std_over_mean,0.02003358713023426,Combined,7,48
speed_1s_stage3_rows,0.013877559500320382,Combined,7,48
speed_1s_stage3_col1_mean,0.026262534862751822,Combined,7,48
speed_1s_stage3_col1_std_over_mean,0.011275676340102334,Combined,7,48
speed_1s_stage3_col2_mean,0.0322743511095354,Combined,7,48
speed_1s_stage3_col2_std_over_mean,0.034576813854655296,Combined,7,48
speed_1s_stage4_rows,0.010051530304046638,Combined,7,48
speed_1s_stage4_col1_mean,0.012372117387578258,Combined,7,48
speed_1s_stage4_col1_std_over_mean,0.01735924200725268,Combined,7,48
speed_1s_stage4_col2_mean,0.013577443954529042,Combined,7,48
speed_1s_stage4_col2_std_over_mean,0.0431029572959359,Combined,7,48
speed_1s_stage5_rows,3.628061429393276e-05,Combined,7,48
speed_1s_stage5_col1_mean,0.014493974361839905,Combined,7,48
speed_1s_stage5_col1_std_over_mean,0.1303818881957324,Combined,7,48
speed_1s_stage5_col2_mean,0.015398549385403948,Combined,7,48
speed_1s_stage5_col2_std_over_mean,0.04815268679002453,Combined,7,48
speed_10s_avg_rows,0.015787939061886573,Combined,7,48
speed_10s_avg_stage2_rows,0.008201949327444827,Combined,7,48
speed_10s_avg_stage2_col1_mean,0.011912266849904417,Combined,7,48
speed_10s_avg_stage2_col1_std_over_mean,0.010912308870025958,Combined,7,48
speed_10s_avg_stage2_col2_mean,0.006009473531662484,Combined,7,48
speed_10s_avg_stage2_col2_std_over_mean,0.01620604765229335,Combined,7,48
speed_10s_avg_stage3_rows,0.012498783692674648,Combined,7,48
speed_10s_avg_stage3_col1_mean,0.024675811232675652,Combined,7,48
speed_10s_avg_stage3_col1_std_over_mean,0.016018535956620374,Combined,7,48
speed_10s_avg_stage3_col2_mean,0.026172181716522015,Combined,7,48
speed_10s_avg_stage3_col2_std_over_mean,0.012809869386679806,Combined,7,48
speed_10s_avg_stage4_rows,0.00782753513758994,Combined,7,48
speed_10s_avg_stage4_col1_mean,0.012638152665807329,Combined,7,48
speed_10s_avg_stage4_col1_std_over_mean,0.020896534293673566,Combined,7,48
speed_10s_avg_stage4_col2_mean,0.011739585886130081,Combined,7,48
speed_10s_avg_stage4_col2_std_over_mean,0.01580774895303226,Combined,7,48
speed_10s_avg_stage5_rows,2.5509401157047775e-05,Combined,7,48
speed_10s_avg_stage5_col1_mean,0.012989968661768669,Combined,7,48
speed_10s_avg_stage5_col1_std_over_mean,0.02131714315954267,Combined,7,48
speed_10s_avg_stage5_col2_mean,0.018368909499350602,Combined,7,48
speed_10s_avg_stage5_col2_std_over_mean,0.016488166138735976,Combined,7,48
stage_2_frames,0.041777723515138705,Combined,8,49
stage_3_frames,0.008517794198925985,Combined,8,49
stage_4_frames,0.014618288554743565,Combined,8,49
stage_5_frames,0.014739302162478622,Combined,8,49
roam_mean,0.024960685830431012,Combined,8,49
roam_std_over_mean,0.020937012144692287,Combined,8,49
roam_early_mean,0.017470549624427494,Combined,8,49
roam_mid_mean,0.010637659302197826,Combined,8,49
roam_late_mean,0.020196709248725204,Combined,8,49
roam_slope,0.02063588689750188,Combined,8,49
speed_1s_rows,0.019391079333908802,Combined,8,49
speed_1s_stage2_rows,0.007157877753390851,Combined,8,49
speed_1s_stage2_col1_mean,0.020053071075607738,Combined,8,49
speed_1s_stage2_col1_std_over_mean,0.016542905332843395,Combined,8,49
speed_1s_stage2_col2_mean,0.016984209910814303,Combined,8,49
speed_1s_stage2_col2_std_over_mean,0.01855079758000452,Combined,8,49
speed_1s_stage3_rows,0.010255856593356531,Combined,8,49
speed_1s_stage3_col1_mean,0.020626295837799867,Combined,8,49
speed_1s_stage3_col1_std_over_mean,0.016849047957297004,Combined,8,49
speed_1s_stage3_col2_mean,0.02187102108305324,Combined,8,49
speed_1s_stage3_col2_std_over_mean,0.03589980989619107,Combined,8,49
speed_1s_stage4_rows,0.01482073905639269,Combined,8,49
speed_1s_stage4_col1_mean,0.006613660678681373,Combined,8,49
speed_1s_stage4_col1_std_over_mean,0.017602580744077227,Combined,8,49
speed_1s_stage4_col2_mean,0.01702298952549996,Combined,8,49
speed_1s_stage4_col2_std_over_mean,0.04557243783588836,Combined,8,49
speed_1s_stage5_rows,0.00020149042166194055,Combined,8,49
speed_1s_stage5_col1_mean,0.014089682108589203,Combined,8,49
speed_1s_stage5_col1_std_over_mean,0.07698506330925904,Combined,8,49
speed_1s_stage5_col2_mean,0.012323772262606184,Combined,8,49
speed_1s_stage5_col2_std_over_mean,0.04473810354976405,Combined,8,49
speed_10s_avg_rows,0.015452510012746584,Combined,8,49
speed_10s_avg_stage2_rows,0.009682743035133074,Combined,8,49
speed_10s_avg_stage2_col1_mean,0.01988534732545509,Combined,8,49
speed_10s_avg_stage2_col1_std_over_mean,0.028483186585797408,Combined,8,49
speed_10s_avg_stage2_col2_mean,0.01632478774311479,Combined,8,49
speed_10s_avg_stage2_col2_std_over_mean,0.025448666875585207,Combined,8,49
speed_10s_avg_stage3_rows,0.016091190644595497,Combined,8,49
speed_10s_avg_stage3_col1_mean,0.019508846479214997,Combined,8,49
speed_10s_avg_stage3_col1_std_over_mean,0.014956175044031147,Combined,8,49
speed_10s_avg_stage3_col2_mean,0.03145058907280072,Combined,8,49
speed_10s_avg_stage3_col2_std_over_mean,0.01801031941321863,Combined,8,49
speed_10s_avg_stage4_rows,0.0128829810900882,Combined,8,49
speed_10s_avg_stage4_col1_mean,0.008106698653287996,Combined,8,49
speed_10s_avg_stage4_col1_std_over_mean,0.017200365675917918,Combined,8,49
speed_10s_avg_stage4_col2_mean,0.020200819240297343,Combined,8,49
speed_10s_avg_stage4_col2_std_over_mean,0.01533157302140831,Combined,8,49
speed_10s_avg_stage5_rows,0.00047284907567222664,Combined,8,49
speed_10s_avg_stage5_col1_mean,0.012246785124875812,Combined,8,49
speed_10s_avg_stage5_col1_std_over_mean,0.020444175316046493,Combined,8,49
speed_10s_avg_stage5_col2_mean,0.015172263279350057,Combined,8,49
speed_10s_avg_stage5_col2_std_over_mean,0.014003023965412536,Combined,8,49
stage_2_frames,0.03695559055840625,Combined,9,50
stage_3_frames,0.009243458775202468,Combined,9,50
stage_4_frames,0.009150366859121292,Combined,9,50
stage_5_frames,0.011588422789426352,Combined,9,50
roam_mean,0.02526723384522809,Combined,9,50
roam_std_over_mean,0.021603784166714275,Combined,9,50
roam_early_mean,0.02497544768620194,Combined,9,50
roam_mid_mean,0.014170844709666763,Combined,9,50
roam_late_mean,0.027400672598702176,Combined,9,50
roam_slope,0.012576246028052357,Combined,9,50
speed_1s_rows,0.015998214177876398,Combined,9,50
speed_1s_stage2_rows,0.007530170549080208,Combined,9,50
speed_1s_stage2_col1_mean,0.010672077789392073,Combined,9,50
speed_1s_stage2_col1_std_over_mean,0.02113995444446139,Combined,9,50
speed_1s_stage2_col2_mean,0.007491061633816976,Combined,9,50
speed_1s_stage2_col2_std_over_mean,0.015978559052724634,Combined,9,50
speed_1s_stage3_rows,0.00986672726724965,Combined,9,50
speed_1s_stage3_col1_mean,0.012173999230517521,Combined,9,50
speed_1s_stage3_col1_std_over_mean,0.02337329900245247,Combined,9,50
speed_1s_stage3_col2_mean,0.014139357279744882,Combined,9,50
speed_1s_stage3_col2_std_over_mean,0.029477931181059406,Combined,9,50
speed_1s_stage4_rows,0.012604045590919528,Combined,9,50
speed_1s_stage4_col1_mean,0.00863276197714691,Combined,9,50
speed_1s_stage4_col1_std_over_mean,0.020055584043357368,Combined,9,50
speed_1s_stage4_col2_mean,0.012023105783076624,Combined,9,50
speed_1s_stage4_col2_std_over_mean,0.029498299961694237,Combined,9,50
speed_1s_stage5_rows,0.00026745084458509844,Combined,9,50
speed_1s_stage5_col1_mean,0.013764392726428041,Combined,9,50
speed_1s_stage5_col1_std_over_mean,0.15026853668956722,Combined,9,50
speed_1s_stage5_col2_mean,0.013523644835088078,Combined,9,50
speed_1s_stage5_col2_std_over_mean,0.055752384314997065,Combined,9,50
speed_10s_avg_rows,0.01792728572654796,Combined,9,50
speed_10s_avg_stage2_rows,0.007851004874944658,Combined,9,50
speed_10s_avg_stage2_col1_mean,0.013382895624146782,Combined,9,50
speed_10s_avg_stage2_col1_std_over_mean,0.016086402867775535,Combined,9,50
speed_10s_avg_stage2_col2_mean,0.009098741952205414,Combined,9,50
speed_10s_avg_stage2_col2_std_over_mean,0.026887147263186886,Combined,9,50
speed_10s_avg_stage3_rows,0.008171850746662771,Combined,9,50
speed_10s_avg_stage3_col1_mean,0.010272410798047863,Combined,9,50
speed_10s_avg_stage3_col1_std_over_mean,0.01855331548343111,Combined,9,50
speed_10s_avg_stage3_col2_mean,0.01628391336202744,Combined,9,50
speed_10s_avg_stage3_col2_std_over_mean,0.015453574014139335,Combined,9,50
speed_10s_avg_stage4_rows,0.011220171126308296,Combined,9,50
speed_10s_avg_stage4_col1_mean,0.00735905787441149,Combined,9,50
speed_10s_avg_stage4_col1_std_over_mean,0.03955050515214065,Combined,9,50
speed_10s_avg_stage4_col2_mean,0.014623864283143512,Combined,9,50
speed_10s_avg_stage4_col2_std_over_mean,0.02225752873909144,Combined,9,50
speed_10s_avg_stage5_rows,0.0003269160293350227,Combined,9,50
speed_10s_avg_stage5_col1_mean,0.015284372754464075,Combined,9,50
speed_10s_avg_stage5_col1_std_over_mean,0.019207538441350213,Combined,9,50
speed_10s_avg_stage5_col2_mean,0.011385412428916393,Combined,9,50
speed_10s_avg_stage5_col2_std_over_mean,0.021652464065765424,Combined,9,50
stage_2_frames,0.06688836261261717,Combined,10,51
stage_3_frames,0.007336370834977271,Combined,10,51
stage_4_frames,0.00947244508735576,Combined,10,51
stage_5_frames,0.010024406710023305,Combined,10,51
roam_mean,0.01830400264132676,Combined,10,51
roam_std_over_mean,0.015499575604701513,Combined,10,51
roam_early_mean,0.022639173430965682,Combined,10,51
roam_mid_mean,0.010632357055995174,Combined,10,51
roam_late_mean,0.01807088030381336,Combined,10,51
roam_slope,0.016281901968166236,Combined,10,51
speed_1s_rows,0.024201897805536693,Combined,10,51
speed_1s_stage2_rows,0.006834205637984025,Combined,10,51
speed_1s_stage2_col1_mean,0.01534528633138943,Combined,10,51
speed_1s_stage2_col1_std_over_mean,0.021951914830705153,Combined,10,51
speed_1s_stage2_col2_mean,0.007439129505808939,Combined,10,51
speed_1s_stage2_col2_std_over_mean,0.011395781284020735,Combined,10,51
speed_1s_stage3_rows,0.008849064218378494,Combined,10,51
speed_1s_stage3_col1_mean,0.021040022085799776,Combined,10,51
speed_1s_stage3_col1_std_over_mean,0.019450369559842532,Combined,10,51
speed_1s_stage3_col2_mean,0.015579973875226073,Combined,10,51
speed_1s_stage3_col2_std_over_mean,0.031049248172190125,Combined,10,51
speed_1s_stage4_rows,0.009602917697732308,Combined,10,51
speed_1s_stage4_col1_mean,0.015000861247792863,Combined,10,51
speed_1s_stage4_col1_std_over_mean,0.023162113964187058,Combined,10,51
speed_1s_stage4_col2_mean,0.015740223333399042,Combined,10,51
speed_1s_stage4_col2_std_over_mean,0.07936204834873574,Combined,10,51
speed_1s_stage5_rows,0.00039488446542408737,Combined,10,51
speed_1s_stage5_col1_mean,0.015367025835138923,Combined,10,51
speed_1s_stage5_col1_std_over_mean,0.09879031731523803,Combined,10,51
speed_1s_stage5_col2_mean,0.012928340888628907,Combined,10,51
speed_1s_stage5_col2_std_over_mean,0.015039792456353644,Combined,10,51
speed_10s_avg_rows,0.03398971761143266,Combined,10,51
speed_10s_avg_stage2_rows,0.008357531914424007,Combined,10,51
speed_10s_avg_stage2_col1_mean,0.01384348206586939,Combined,10,51
speed_10s_avg_stage2_col1_std_over_mean,0.01775892401825993,Combined,10,51
speed_10s_avg_stage2_col2_mean,0.013698947740592642,Combined,10,51
speed_10s_avg_stage2_col2_std_over_mean,0.016659038893112155,Combined,10,51
speed_10s_avg_stage3_rows,0.0062174149904435545,Combined,10,51
speed_10s_avg_stage3_col1_mean,0.022635806637851603,Combined,10,51
speed_10s_avg_stage3_col1_std_over_mean,0.017690718919777918,Combined,10,51
speed_10s_avg_stage3_col2_mean,0.014323703408392063,Combined,10,51
speed_10s_avg_stage3_col2_std_over_mean,0.013865288136907577,Combined,10,51
speed_10s_avg_stage4_rows,0.010704716906890148,Combined,10,51
speed_10s_avg_stage4_col1_mean,0.009931874989654641,Combined,10,51
speed_10s_avg_stage4_col1_std_over_mean,0.025781305265920405,Combined,10,51
speed_10s_avg_stage4_col2_mean,0.019963256816759492,Combined,10,51
speed_10s_avg_stage4_col2_std_over_mean,0.013071144080760346,Combined,10,51
speed_10s_avg_stage5_rows,0.0001311130020961352,Combined,10,51
speed_10s_avg_stage5_col1_mean,0.01756541515183047,Combined,10,51
speed_10s_avg_stage5_col1_std_over_mean,0.019646858043102077,Combined,10,51
speed_10s_avg_stage5_col2_mean,0.0213287792786549,Combined,10,51
speed_10s_avg_stage5_col2_std_over_mean,0.01916006701781304,Combined,10,51
stage_2_frames,0.03382820424412577,Combined,11,52
stage_3_frames,0.009324137148761073,Combined,11,52
stage_4_frames,0.009252179767082362,Combined,11,52
stage_5_frames,0.005530381666482528,Combined,11,52
roam_mean,0.017461449640135414,Combined,11,52
roam_std_over_mean,0.03677456104355602,Combined,11,52
roam_early_mean,0.023273794325247794,Combined,11,52
roam_mid_mean,0.020099086570163845,Combined,11,52
roam_late_mean,0.016766015491800658,Combined,11,52
roam_slope,0.018508925383992954,Combined,11,52
speed_1s_rows,0.02296801194037448,Combined,11,52
speed_1s_stage2_rows,0.0075414944611164126,Combined,11,52
speed_1s_stage2_col1_mean,0.01582360144216671,Combined,11,52
speed_1s_stage2_col1_std_over_mean,0.018496976178212426,Combined,11,52
speed_1s_stage2_col2_mean,0.006886010266797619,Combined,11,52
speed_1s_stage2_col2_std_over_mean,0.014625797002086605,Combined,11,52
speed_1s_stage3_rows,0.011247893106065282,Combined,11,52
speed_1s_stage3_col1_mean,0.017833346255129414,Combined,11,52
speed_1s_stage3_col1_std_over_mean,0.01759556059094977,Combined,11,52
speed_1s_stage3_col2_mean,0.006929859374298518,Combined,11,52
speed_1s_stage3_col2_std_over_mean,0.017448327102116145,Combined,11,52
speed_1s_stage4_rows,0.00817964212522576,Combined,11,52
speed_1s_stage4_col1_mean,0.016131466769432883,Combined,11,52
speed_1s_stage4_col1_std_over_mean,0.01715881813180993,Combined,11,52
speed_1s_stage4_col2_mean,0.0143917216753118,Combined,11,52
speed_1s_stage4_col2_std_over_mean,0.025161181292308547,Combined,11,52
speed_1s_stage5_rows,0.0007489420619903127,Combined,11,52
speed_1s_stage5_col1_mean,0.009155282172379814,Combined,11,52
speed_1s_stage5_col1_std_over_mean,0.14723371672776356,Combined,11,52
speed_1s_stage5_col2_mean,0.01607838835650261,Combined,11,52
speed_1s_stage5_col2_std_over_mean,0.047277926455901335,Combined,11,52
speed_10s_avg_rows,0.02986435424965268,Combined,11,52
speed_10s_avg_stage2_rows,0.00947471437655152,Combined,11,52
speed_10s_avg_stage2_col1_mean,0.01660984314420173,Combined,11,52
speed_10s_avg_stage2_col1_std_over_mean,0.015661132323644484,Combined,11,52
speed_10s_avg_stage2_col2_mean,0.008666764072519135,Combined,11,52
speed_10s_avg_stage2_col2_std_over_mean,0.024882360610966946,Combined,11,52
speed_10s_avg_stage3_rows,0.010804793640678337,Combined,11,52
speed_10s_avg_stage3_col1_mean,0.01709252752014876,Combined,11,52
speed_10s_avg_stage3_col1_std_over_mean,0.015121185698284887,Combined,11,52
speed_10s_avg_stage3_col2_mean,0.006997167300522724,Combined,11,52
speed_10s_avg_stage3_col2_std_over_mean,0.012193024928467175,Combined,11,52
speed_10s_avg_stage4_rows,0.006608922067908143,Combined,11,52
speed_10s_avg_stage4_col1_mean,0.015901881487727615,Combined,11,52
speed_10s_avg_stage4_col1_std_over_mean,0.01953800017749802,Combined,11,52
speed_10s_avg_stage4_col2_mean,0.014218094169781195,Combined,11,52
speed_10s_avg_stage4_col2_std_over_mean,0.02750659805626097,Combined,11,52
speed_10s_avg_stage5_rows,0.00045213745841537166,Combined,11,52
speed_10s_avg_stage5_col1_mean,0.00901870190112029,Combined,11,52
speed_10s_avg_stage5_col1_std_over_mean,0.031146184501437375,Combined,11,52
speed_10s_avg_stage5_col2_mean,0.019570839209327784,Combined,11,52
speed_10s_avg_stage5_col2_std_over_mean,0.03893807433559656,Combined,11,52
stage_2_frames,0.05076748502902729,Combined,12,53
stage_3_frames,0.006359584749402452,Combined,12,53
stage_4_frames,0.012036651643876363,Combined,12,53
stage_5_frames,0.013406493116818463,Combined,12,53
roam_mean,0.013230981580980834,Combined,12,53
roam_std_over_mean,0.020560072886423406,Combined,12,53
roam_early_mean,0.02670315793831656,Combined,12,53
roam_mid_mean,0.010611900150070314,Combined,12,53
roam_late_mean,0.015428675666229182,Combined,12,53
roam_slope,0.019738938353967086,Combined,12,53
speed_1s_rows,0.014219994908414154,Combined,12,53
speed_1s_stage2_rows,0.005874491508629789,Combined,12,53
speed_1s_stage2_col1_mean,0.016267476265077078,Combined,12,53
speed_1s_stage2_col1_std_over_mean,0.03099867347660022,Combined,12,53
speed_1s_stage2_col2_mean,0.007000545443596362,Combined,12,53
speed_1s_stage2_col2_std_over_mean,0.010747560652542789,Combined,12,53
speed_1s_stage3_rows,0.011365006115151855,Combined,12,53
speed_1s_stage3_col1_mean,0.011953183657040392,Combined,12,53
speed_1s_stage3_col1_std_over_mean,0.016590139880391156,Combined,12,53
speed_1s_stage3_col2_mean,0.011619835492355339,Combined,12,53
speed_1s_stage3_col2_std_over_mean,0.03414537888024899,Combined,12,53
speed_1s_stage4_rows,0.010124738097741563,Combined,12,53
speed_1s_stage4_col1_mean,0.014287129700032318,Combined,12,53
speed_1s_stage4_col1_std_over_mean,0.01759790924985274,Combined,12,53
speed_1s_stage4_col2_mean,0.01747801494963629,Combined,12,53
speed_1s_stage4_col2_std_over_mean,0.10281039242927431,Combined,12,53
speed_1s_stage5_rows,0.00030777336425807553,Combined,12,53
speed_1s_stage5_col1_mean,0.022710412475146814,Combined,12,53
speed_1s_stage5_col1_std_over_mean,0.1064039623150919,Combined,12,53
speed_1s_stage5_col2_mean,0.01509599973258173,Combined,12,53
speed_1s_stage5_col2_std_over_mean,0.02292464360602455,Combined,12,53
speed_10s_avg_rows,0.012502054511839389,Combined,12,53
speed_10s_avg_stage2_rows,0.007612462238099109,Combined,12,53
speed_10s_avg_stage2_col1_mean,0.016991973824543417,Combined,12,53
speed_10s_avg_stage2_col1_std_over_mean,0.020280845935344783,Combined,12,53
speed_10s_avg_stage2_col2_mean,0.005929481782530222,Combined,12,53
speed_10s_avg_stage2_col2_std_over_mean,0.019683472850908296,Combined,12,53
speed_10s_avg_stage3_rows,0.009698865657204124,Combined,12,53
speed_10s_avg_stage3_col1_mean,0.014454626091567831,Combined,12,53
speed_10s_avg_stage3_col1_std_over_mean,0.01589503717524389,Combined,12,53
speed_10s_avg_stage3_col2_mean,0.010799232216955041,Combined,12,53
speed_10s_avg_stage3_col2_std_over_mean,0.015583013559944521,Combined,12,53
speed_10s_avg_stage4_rows,0.008483131688414176,Combined,12,53
speed_10s_avg_stage4_col1_mean,0.0119517448334038,Combined,12,53
speed_10s_avg_stage4_col1_std_over_mean,0.01883285438701185,Combined,12,53
speed_10s_avg_stage4_col2_mean,0.01615331083195098,Combined,12,53
speed_10s_avg_stage4_col2_std_over_mean,0.0326994013652872,Combined,12,53
speed_10s_avg_stage5_rows,0.00020090096871174765,Combined,12,53
speed_10s_avg_stage5_col1_mean,0.02211679102418258,Combined,12,53
speed_10s_avg_stage5_col1_std_over_mean,0.021518596475704345,Combined,12,53
speed_10s_avg_stage5_col2_mean,0.015025851498490091,Combined,12,53
speed_10s_avg_stage5_col2_std_over_mean,0.014219147767862272,Combined,12,53
stage_2_frames,0.05554230642284173,Combined,13,54
stage_3_frames,0.006605930795693585,Combined,13,54
stage_4_frames,0.009377443269990895,Combined,13,54
stage_5_frames,0.01215586912067939,Combined,13,54
roam_mean,0.01891372902353513,Combined,13,54
roam_std_over_mean,0.02383764237217132,Combined,13,54
roam_early_mean,0.018748658294224244,Combined,13,54
roam_mid_mean,0.012182029055442568,Combined,13,54
roam_late_mean,0.02422220431309992,Combined,13,54
roam_slope,0.01934670817320653,Combined,13,54
speed_1s_rows,0.018593639323144295,Combined,13,54
speed_1s_stage2_rows,0.007338043221098237,Combined,13,54
speed_1s_stage2_col1_mean,0.01650427173367314,Combined,13,54
speed_1s_stage2_col1_std_over_mean,0.02522477769007359,Combined,13,54
speed_1s_stage2_col2_mean,0.007155215259027277,Combined,13,54
speed_1s_stage2_col2_std_over_mean,0.015693051321725708,Combined,13,54
speed_1s_stage3_rows,0.009706871164506735,Combined,13,54
speed_1s_stage3_col1_mean,0.008587772108391102,Combined,13,54
speed_1s_stage3_col1_std_over_mean,0.019163534003008045,Combined,13,54
speed_1s_stage3_col2_mean,0.018715633702957986,Combined,13,54
speed_1s_stage3_col2_std_over_mean,0.023950191175027006,Combined,13,54
speed_1s_stage4_rows,0.011532823119134008,Combined,13,54
speed_1s_stage4_col1_mean,0.013967925243227848,Combined,13,54
speed_1s_stage4_col1_std_over_mean,0.021891022367249338,Combined,13,54
speed_1s_stage4_col2_mean,0.010004730017987688,Combined,13,54
speed_1s_stage4_col2_std_over_mean,0.030808320227415014,Combined,13,54
speed_1s_stage5_rows,4.989556362748047e-05,Combined,13,54
speed_1s_stage5_col1_mean,0.019352233696092187,Combined,13,54
speed_1s_stage5_col1_std_over_mean,0.08425390265777534,Combined,13,54
speed_1s_stage5_col2_mean,0.02149870013608161,Combined,13,54
speed_1s_stage5_col2_std_over_mean,0.05289502079875638,Combined,13,54
speed_10s_avg_rows,0.023322592782069933,Combined,13,54
speed_10s_avg_stage2_rows,0.005805036449570906,Combined,13,54
speed_10s_avg_stage2_col1_mean,0.019215724186094362,Combined,13,54
speed_10s_avg_stage2_col1_std_over_mean,0.026298345416327612,Combined,13,54
speed_10s_avg_stage2_col2_mean,0.00845325902856318,Combined,13,54
speed_10s_avg_stage2_col2_std_over_mean,0.015635712502673996,Combined,13,54
speed_10s_avg_stage3_rows,0.014009299252240641,Combined,13,54
speed_10s_avg_stage3_col1_mean,0.012950790709046802,Combined,13,54
speed_10s_avg_stage3_col1_std_over_mean,0.02088892844979979,Combined,13,54
speed_10s_avg_stage3_col2_mean,0.019003388705895647,Combined,13,54
speed_10s_avg_stage3_col2_std_over_mean,0.013142328009797305,Combined,13,54
speed_10s_avg_stage4_rows,0.009264406945996414,Combined,13,54
speed_10s_avg_stage4_col1_mean,0.013931467783480775,Combined,13,54
speed_10s_avg_stage4_col1_std_over_mean,0.03478736777595775,Combined,13,54
speed_10s_avg_stage4_col2_mean,0.009651063921618606,Combined,13,54
speed_10s_avg_stage4_col2_std_over_mean,0.014473096804948229,Combined,13,54
speed_10s_avg_stage5_rows,0.0001638112340296858,Combined,13,54
speed_10s_avg_stage5_col1_mean,0.013929035267813713,Combined,13,54
speed_10s_avg_stage5_col1_std_over_mean,0.0283485162198011,Combined,13,54
speed_10s_avg_stage5_col2_mean,0.028886335963884235,Combined,13,54
speed_10s_avg_stage5_col2_std_over_mean,0.030019397219524128,Combined,13,54
stage_2_frames,0.03930976576441706,Combined,14,55
stage_3_frames,0.008065313476081568,Combined,14,55
stage_4_frames,0.015914246521601987,Combined,14,55
stage_5_frames,0.012349910612805916,Combined,14,55
roam_mean,0.019658693038873475,Combined,14,55
roam_std_over_mean,0.03104932008784893,Combined,14,55
roam_early_mean,0.015597276536674972,Combined,14,55
roam_mid_mean,0.01779810349281705,Combined,14,55
roam_late_mean,0.03240952838240426,Combined,14,55
roam_slope,0.013727858493623946,Combined,14,55
speed_1s_rows,0.01631053390172154,Combined,14,55
speed_1s_stage2_rows,0.008055337823651596,Combined,14,55
speed_1s_stage2_col1_mean,0.009533852775622829,Combined,14,55
speed_1s_stage2_col1_std_over_mean,0.02070990339293418,Combined,14,55
speed_1s_stage2_col2_mean,0.010658163594663976,Combined,14,55
speed_1s_stage2_col2_std_over_mean,0.021664902501077936,Combined,14,55
speed_1s_stage3_rows,0.01256494785659028,Combined,14,55
speed_1s_stage3_col1_mean,0.02104330236362422,Combined,14,55
speed_1s_stage3_col1_std_over_mean,0.012350343013176458,Combined,14,55
speed_1s_stage3_col2_mean,0.013871635181511929,Combined,14,55
speed_1s_stage3_col2_std_over_mean,0.036000541163183915,Combined,14,55
speed_1s_stage4_rows,0.011319246188199112,Combined,14,55
speed_1s_stage4_col1_mean,0.01601490295613978,Combined,14,55
speed_1s_stage4_col1_std_over_mean,0.02091226098363307,Combined,14,55
speed_1s_stage4_col2_mean,0.012045045718681032,Combined,14,55
speed_1s_stage4_col2_std_over_mean,0.03448627823897846,Combined,14,55
speed_1s_stage5_rows,0.00018624605074088664,Combined,14,55
speed_1s_stage5_col1_mean,0.013871885118547915,Combined,14,55
speed_1s_stage5_col1_std_over_mean,0.11018103057930052,Combined,14,55
speed_1s_stage5_col2_mean,0.018325496429506528,Combined,14,55
speed_1s_stage5_col2_std_over_mean,0.062311739479997366,Combined,14,55
speed_10s_avg_rows,0.01682481963065133,Combined,14,55
speed_10s_avg_stage2_rows,0.007232196537590065,Combined,14,55
speed_10s_avg_stage2_col1_mean,0.01181648157051124,Combined,14,55
speed_10s_avg_stage2_col1_std_over_mean,0.01561358772811492,Combined,14,55
speed_10s_avg_stage2_col2_mean,0.009752132439599335,Combined,14,55
speed_10s_avg_stage2_col2_std_over_mean,0.016830902882273735,Combined,14,55
speed_10s_avg_stage3_rows,0.01391585494590987,Combined,14,55
speed_10s_avg_stage3_col1_mean,0.017063094702986798,Combined,14,55
speed_10s_avg_stage3_col1_std_over_mean,0.01965629517255052,Combined,14,55
speed_10s_avg_stage3_col2_mean,0.01673207895211255,Combined,14,55
speed_10s_avg_stage3_col2_std_over_mean,0.01572810644138707,Combined,14,55
speed_10s_avg_stage4_rows,0.013537193148766764,Combined,14,55
speed_10s_avg_stage4_col1_mean,0.012538158592427285,Combined,14,55
speed_10s_avg_stage4_col1_std_over_mean,0.01893545131228909,Combined,14,55
speed_10s_avg_stage4_col2_mean,0.0127751279802641,Combined,14,55
speed_10s_avg_stage4_col2_std_over_mean,0.037412435242015214,Combined,14,55
speed_10s_avg_stage5_rows,2.4290063913438252e-05,Combined,14,55
speed_10s_avg_stage5_col1_mean,0.014865319535910023,Combined,14,55
speed_10s_avg_stage5_col1_std_over_mean,0.014757668448551874,Combined,14,55
speed_10s_avg_stage5_col2_mean,0.011313725622431697,Combined,14,55
speed_10s_avg_stage5_col2_std_over_mean,0.014377467331110427,Combined,14,55
stage_2_frames,0.03537975886493622,Combined,15,56
stage_3_frames,0.007566998430793599,Combined,15,56
stage_4_frames,0.008526277713880296,Combined,15,56
stage_5_frames,0.014057703770985652,Combined,15,56
roam_mean,0.017262317063802265,Combined,15,56
roam_std_over_mean,0.022943207342975447,Combined,15,56
roam_early_mean,0.022614424918662095,Combined,15,56
roam_mid_mean,0.009114007943856643,Combined,15,56
roam_late_mean,0.013427136491426205,Combined,15,56
roam_slope,0.012615889785137295,Combined,15,56
speed_1s_rows,0.01358803211478032,Combined,15,56
speed_1s_stage2_rows,0.005120040718141761,Combined,15,56
speed_1s_stage2_col1_mean,0.013792001621118209,Combined,15,56
speed_1s_stage2_col1_std_over_mean,0.024746141696913523,Combined,15,56
speed_1s_stage2_col2_mean,0.008609746986300487,Combined,15,56
speed_1s_stage2_col2_std_over_mean,0.01641448162269179,Combined,15,56
speed_1s_stage3_rows,0.007900575480026687,Combined,15,56
speed_1s_stage3_col1_mean,0.01427841110110502,Combined,15,56
speed_1s_stage3_col1_std_over_mean,0.015414921518092494,Combined,15,56
speed_1s_stage3_col2_mean,0.014274315599847986,Combined,15,56
speed_1s_stage3_col2_std_over_mean,0.04296904902390638,Combined,15,56
speed_1s_stage4_rows,0.014295673033959344,Combined,15,56
speed_1s_stage4_col1_mean,0.010577951946307824,Combined,15,56
speed_1s_stage4_col1_std_over_mean,0.01288558635172044,Combined,15,56
speed_1s_stage4_col2_mean,0.01785002006005684,Combined,15,56
speed_1s_stage4_col2_std_over_mean,0.04305982611271316,Combined,15,56
speed_1s_stage5_rows,0.0001881945141453417,Combined,15,56
speed_1s_stage5_col1_mean,0.01846647616562803,Combined,15,56
speed_1s_stage5_col1_std_over_mean,0.1194010894734852,Combined,15,56
speed_1s_stage5_col2_mean,0.010972853576167271,Combined,15,56
speed_1s_stage5_col2_std_over_mean,0.12552831040241175,Combined,15,56
speed_10s_avg_rows,0.012849231686455615,Combined,15,56
speed_10s_avg_stage2_rows,0.0059240894654627296,Combined,15,56
speed_10s_avg_stage2_col1_mean,0.011619244050851418,Combined,15,56
speed_10s_avg_stage2_col1_std_over_mean,0.01626269372151413,Combined,15,56
speed_10s_avg_stage2_col2_mean,0.008565102628547878,Combined,15,56
speed_10s_avg_stage2_col2_std_over_mean,0.020453352857842746,Combined,15,56
speed_10s_avg_stage3_rows,0.006642273836448131,Combined,15,56
speed_10s_avg_stage3_col1_mean,0.012476102345335674,Combined,15,56
speed_10s_avg_stage3_col1_std_over_mean,0.017933443006609803,Combined,15,56
speed_10s_avg_stage3_col2_mean,0.017434862528209298,Combined,15,56
speed_10s_avg_stage3_col2_std_over_mean,0.019820895690202088,Combined,15,56
speed_10s_avg_stage4_rows,0.012348523870174894,Combined,15,56
speed_10s_avg_stage4_col1_mean,0.010213223035820415,Combined,15,56
speed_10s_avg_stage4_col1_std_over_mean,0.014562240423213356,Combined,15,56
speed_10s_avg_stage4_col2_mean,0.014233308780968646,Combined,15,56
speed_10s_avg_stage4_col2_std_over_mean,0.014751649880724364,Combined,15,56
speed_10s_avg_stage5_rows,0.0003324024691323639,Combined,15,56
speed_10s_avg_stage5_col1_mean,0.019831740351206942,Combined,15,56
speed_10s_avg_stage5_col1_std_over_mean,0.024299004385440474,Combined,15,56
speed_10s_avg_stage5_col2_mean,0.012974119970914381,Combined,15,56
speed_10s_avg_stage5_col2_std_over_mean,0.012631073568949013,Combined,15,56
stage_2_frames,0.03614432218894821,Combined,16,57
stage_3_frames,0.00820462494742882,Combined,16,57
stage_4_frames,0.010320997565582728,Combined,16,57
stage_5_frames,0.013307591954401836,Combined,16,57
roam_mean,0.020202905905579195,Combined,16,57
roam_std_over_mean,0.06604641198381972,Combined,16,57
roam_early_mean,0.024293568549886017,Combined,16,57
roam_mid_mean,0.01868253290362682,Combined,16,57
roam_late_mean,0.0233549514549907,Combined,16,57
roam_slope,0.01612839980675085,Combined,16,57
speed_1s_rows,0.011909599493087376,Combined,16,57
speed_1s_stage2_rows,0.00778602030656462,Combined,16,57
speed_1s_stage2_col1_mean,0.0093875085101706,Combined,16,57
speed_1s_stage2_col1_std_over_mean,0.02355925729708073,Combined,16,57
speed_1s_stage2_col2_mean,0.008916431658106396,Combined,16,57
speed_1s_stage2_col2_std_over_mean,0.014747965158962944,Combined,16,57
speed_1s_stage3_rows,0.01129523176635738,Combined,16,57
speed_1s_stage3_col1_mean,0.010394272568557367,Combined,16,57
speed_1s_stage3_col1_std_over_mean,0.018587965851731888,Combined,16,57
speed_1s_stage3_col2_mean,0.015911891185193917,Combined,16,57
speed_1s_stage3_col2_std_over_mean,0.022231236098806593,Combined,16,57
speed_1s_stage4_rows,0.013743289208763483,Combined,16,57
speed_1s_stage4_col1_mean,0.011346472828948542,Combined,16,57
speed_1s_stage4_col1_std_over_mean,0.014305511422955348,Combined,16,57
speed_1s_stage4_col2_mean,0.01748658081779888,Combined,16,57
speed_1s_stage4_col2_std_over_mean,0.046276523492063314,Combined,16,57
speed_1s_stage5_rows,0.0002855198515935089,Combined,16,57
speed_1s_stage5_col1_mean,0.01508412416425074,Combined,16,57
speed_1s_stage5_col1_std_over_mean,0.11140854796435155,Combined,16,57
speed_1s_stage5_col2_mean,0.014541975822055304,Combined,16,57
speed_1s_stage5_col2_std_over_mean,0.04714796686791514,Combined,16,57
speed_10s_avg_rows,0.014289486830217293,Combined,16,57
speed_10s_avg_stage2_rows,0.0072828332857796454,Combined,16,57
speed_10s_avg_stage2_col1_mean,0.009198960387408868,Combined,16,57
speed_10s_avg_stage2_col1_std_over_mean,0.017312995686670128,Combined,16,57
speed_10s_avg_stage2_col2_mean,0.007740519992476381,Combined,16,57
speed_10s_avg_stage2_col2_std_over_mean,0.01415511369413927,Combined,16,57
speed_10s_avg_stage3_rows,0.011629536906153724,Combined,16,57
speed_10s_avg_stage3_col1_mean,0.010553126278671915,Combined,16,57
speed_10s_avg_stage3_col1_std_over_mean,0.021177132124739425,Combined,16,57
speed_10s_avg_stage3_col2_mean,0.014246073397199903,Combined,16,57
speed_10s_avg_stage3_col2_std_over_mean,0.01576311161847576,Combined,16,57
speed_10s_avg_stage4_rows,0.011589493823042455,Combined,16,57
speed_10s_avg_stage4_col1_mean,0.012743284861014333,Combined,16,57
speed_10s_avg_stage4_col1_std_over_mean,0.02023360304365534,Combined,16,57
speed_10s_avg_stage4_col2_mean,0.02512847414786908,Combined,16,57
speed_10s_avg_stage4_col2_std_over_mean,0.026370099553716338,Combined,16,57
speed_10s_avg_stage5_rows,4.772737958874261e-05,Combined,16,57
speed_10s_avg_stage5_col1_mean,0.014428001092341698,Combined,16,57
speed_10s_avg_stage5_col1_std_over_mean,0.023875025953950874,Combined,16,57
speed_10s_avg_stage5_col2_mean,0.01768991513736571,Combined,16,57
speed_10s_avg_stage5_col2_std_over_mean,0.02150528520919273,Combined,16,57
stage_2_frames,0.058856867246782976,Combined,17,58
stage_3_frames,0.0044461357356865685,Combined,17,58
stage_4_frames,0.008753916464615874,Combined,17,58
stage_5_frames,0.012311529070557607,Combined,17,58
roam_mean,0.021963071010871135,Combined,17,58
roam_std_over_mean,0.031792153309467226,Combined,17,58
roam_early_mean,0.014565536539836799,Combined,17,58
roam_mid_mean,0.01747687172581616,Combined,17,58
roam_late_mean,0.024705750897733313,Combined,17,58
roam_slope,0.01939990582878538,Combined,17,58
speed_1s_rows,0.011426178644475328,Combined,17,58
speed_1s_stage2_rows,0.005722898972881865,Combined,17,58
speed_1s_stage2_col1_mean,0.02179927040709483,Combined,17,58
speed_1s_stage2_col1_std_over_mean,0.022022292842716482,Combined,17,58
speed_1s_stage2_col2_mean,0.009018958569619462,Combined,17,58
speed_1s_stage2_col2_std_over_mean,0.01652953681215538,Combined,17,58
speed_1s_stage3_rows,0.010714322178388053,Combined,17,58
speed_1s_stage3_col1_mean,0.015957523091450983,Combined,17,58
speed_1s_stage3_col1_std_over_mean,0.017212820615314633,Combined,17,58
speed_1s_stage3_col2_mean,0.013748385017705545,Combined,17,58
speed_1s_stage3_col2_std_over_mean,0.02101727743016308,Combined,17,58
speed_1s_stage4_rows,0.01061503064820613,Combined,17,58
speed_1s_stage4_col1_mean,0.014179575406361247,Combined,17,58
speed_1s_stage4_col1_std_over_mean,0.023582923546406773,Combined,17,58
speed_1s_stage4_col2_mean,0.016141009796532015,Combined,17,58
speed_1s_stage4_col2_std_over_mean,0.03102112961411042,Combined,17,58
speed_1s_stage5_rows,0.00014813966669966573,Combined,17,58
speed_1s_stage5_col1_mean,0.01842979263283847,Combined,17,58
speed_1s_stage5_col1_std_over_mean,0.09465460004825269,Combined,17,58
speed_1s_stage5_col2_mean,0.02116015167983478,Combined,17,58
speed_1s_stage5_col2_std_over_mean,0.07196769957692685,Combined,17,58
speed_10s_avg_rows,0.015023551667409277,Combined,17,58
speed_10s_avg_stage2_rows,0.005159048346500347,Combined,17,58
speed_10s_avg_stage2_col1_mean,0.024909958852377016,Combined,17,58
speed_10s_avg_stage2_col1_std_over_mean,0.01795138690700432,Combined,17,58
speed_10s_avg_stage2_col2_mean,0.007265676543112896,Combined,17,58
speed_10s_avg_stage2_col2_std_over_mean,0.01576752062060386,Combined,17,58
speed_10s_avg_stage3_rows,0.012339355098136903,Combined,17,58
speed_10s_avg_stage3_col1_mean,0.01766300552245067,Combined,17,58
speed_10s_avg_stage3_col1_std_over_mean,0.019899323475951476,Combined,17,58
speed_10s_avg_stage3_col2_mean,0.010211865653003336,Combined,17,58
speed_10s_avg_stage3_col2_std_over_mean,0.02085959258926552,Combined,17,58
speed_10s_avg_stage4_rows,0.009845259665517215,Combined,17,58
speed_10s_avg_stage4_col1_mean,0.014127172813655768,Combined,17,58
speed_10s_avg_stage4_col1_std_over_mean,0.02829048442796615,Combined,17,58
speed_10s_avg_stage4_col2_mean,0.01337239849025341,Combined,17,58
speed_10s_avg_stage4_col2_std_over_mean,0.016516411393516353,Combined,17,58
speed_10s_avg_stage5_rows,0.0001534235528882356,Combined,17,58
speed_10s_avg_stage5_col1_mean,0.017041935544695668,Combined,17,58
speed_10s_avg_stage5_col1_std_over_mean,0.01616619967051929,Combined,17,58
speed_10s_avg_stage5_col2_mean,0.019699186129817636,Combined,17,58
speed_10s_avg_stage5_col2_std_over_mean,0.016395988007067114,Combined,17,58
stage_2_frames,0.036157031465050136,Combined,18,59
stage_3_frames,0.010692532908181772,Combined,18,59
stage_4_frames,0.014152207215614917,Combined,18,59
stage_5_frames,0.00855246247997374,Combined,18,59
roam_mean,0.033824275451869695,Combined,18,59
roam_std_over_mean,0.017085973442303084,Combined,18,59
roam_early_mean,0.01539172385079189,Combined,18,59
roam_mid_mean,0.018311332210874623,Combined,18,59
roam_late_mean,0.020830760262270077,Combined,18,59
roam_slope,0.012686980747701136,Combined,18,59
speed_1s_rows,0.02091606518533802,Combined,18,59
speed_1s_stage2_rows,0.009825440173700352,Combined,18,59
speed_1s_stage2_col1_mean,0.013867257192716394,Combined,18,59
speed_1s_stage2_col1_std_over_mean,0.0179440069993819,Combined,18,59
speed_1s_stage2_col2_mean,0.008422844163904979,Combined,18,59
speed_1s_stage2_col2_std_over_mean,0.013499535537793362,Combined,18,59
speed_1s_stage3_rows,0.014026107718549143,Combined,18,59
speed_1s_stage3_col1_mean,0.01269310438711271,Combined,18,59
speed_1s_stage3_col1_std_over_mean,0.01980117712909869,Combined,18,59
speed_1s_stage3_col2_mean,0.010945963769964316,Combined,18,59
speed_1s_stage3_col2_std_over_mean,0.015609513217798287,Combined,18,59
speed_1s_stage4_rows,0.012079992517073587,Combined,18,59
speed_1s_stage4_col1_mean,0.014108723434322689,Combined,18,59
speed_1s_stage4_col1_std_over_mean,0.017976025281933723,Combined,18,59
speed_1s_stage4_col2_mean,0.01047491363852264,Combined,18,59
speed_1s_stage4_col2_std_over_mean,0.031521096765214654,Combined,18,59
speed_1s_stage5_rows,5.2383472472745616e-05,Combined,18,59
speed_1s_stage5_col1_mean,0.014265439291749466,Combined,18,59
speed_1s_stage5_col1_std_over_mean,0.16912440979027027,Combined,18,59
speed_1s_stage5_col2_mean,0.009416858188603898,Combined,18,59
speed_1s_stage5_col2_std_over_mean,0.04581098177274613,Combined,18,59
speed_10s_avg_rows,0.020680013112995627,Combined,18,59
speed_10s_avg_stage2_rows,0.00831316869329417,Combined,18,59
speed_10s_avg_stage2_col1_mean,0.01337510252990631,Combined,18,59
speed_10s_avg_stage2_col1_std_over_mean,0.027538052883724445,Combined,18,59
speed_10s_avg_stage2_col2_mean,0.009555467339821466,Combined,18,59
speed_10s_avg_stage2_col2_std_over_mean,0.01431800124862767,Combined,18,59
speed_10s_avg_stage3_rows,0.017137756743459263,Combined,18,59
speed_10s_avg_stage3_col1_mean,0.008986404738392094,Combined,18,59
speed_10s_avg_stage3_col1_std_over_mean,0.02380705087301158,Combined,18,59
speed_10s_avg_stage3_col2_mean,0.010216868467809937,Combined,18,59
speed_10s_avg_stage3_col2_std_over_mean,0.008955369983411756,Combined,18,59
speed_10s_avg_stage4_rows,0.008491670383957864,Combined,18,59
speed_10s_avg_stage4_col1_mean,0.01371590113226575,Combined,18,59
speed_10s_avg_stage4_col1_std_over_mean,0.027616831136718725,Combined,18,59
speed_10s_avg_stage4_col2_mean,0.010037476872310559,Combined,18,59
speed_10s_avg_stage4_col2_std_over_mean,0.014152007077846885,Combined,18,59
speed_10s_avg_stage5_rows,4.72154248629391e-05,Combined,18,59
speed_10s_avg_stage5_col1_mean,0.011082364787258511,Combined,18,59
speed_10s_avg_stage5_col1_std_over_mean,0.0467386836728423,Combined,18,59
speed_10s_avg_stage5_col2_mean,0.010302307626774853,Combined,18,59
speed_10s_avg_stage5_col2_std_over_mean,0.02486516560780842,Combined,18,59
stage_2_frames,0.035656417801864244,Combined,19,60
stage_3_frames,0.01144535130842727,Combined,19,60
stage_4_frames,0.009242413468129002,Combined,19,60
stage_5_frames,0.012714221128042989,Combined,19,60
roam_mean,0.009358503876894568,Combined,19,60
roam_std_over_mean,0.027672430566495595,Combined,19,60
roam_early_mean,0.016886182863118528,Combined,19,60
roam_mid_mean,0.01641083877372422,Combined,19,60
roam_late_mean,0.025719625618431545,Combined,19,60
roam_slope,0.017870572978515024,Combined,19,60
speed_1s_rows,0.014290221612534779,Combined,19,60
speed_1s_stage2_rows,0.013596521230209142,Combined,19,60
speed_1s_stage2_col1_mean,0.015111663069113249,Combined,19,60
speed_1s_stage2_col1_std_over_mean,0.04499628002893714,Combined,19,60
speed_1s_stage2_col2_mean,0.00707972743726933,Combined,19,60
speed_1s_stage2_col2_std_over_mean,0.01268994005615027,Combined,19,60
speed_1s_stage3_rows,0.010337421714676207,Combined,19,60
speed_1s_stage3_col1_mean,0.01942483068803929,Combined,19,60
speed_1s_stage3_col1_std_over_mean,0.027948307513616072,Combined,19,60
speed_1s_stage3_col2_mean,0.010593247130122498,Combined,19,60
speed_1s_stage3_col2_std_over_mean,0.014459190396236422,Combined,19,60
speed_1s_stage4_rows,0.009888405976115235,Combined,19,60
speed_1s_stage4_col1_mean,0.010348398442634412,Combined,19,60
speed_1s_stage4_col1_std_over_mean,0.016448108119694483,Combined,19,60
speed_1s_stage4_col2_mean,0.02409450125016997,Combined,19,60
speed_1s_stage4_col2_std_over_mean,0.04416502285364637,Combined,19,60
speed_1s_stage5_rows,0.00041101638580931825,Combined,19,60
speed_1s_stage5_col1_mean,0.023377416727073327,Combined,19,60
speed_1s_stage5_col1_std_over_mean,0.10180066648813388,Combined,19,60
speed_1s_stage5_col2_mean,0.0194115048164266,Combined,19,60
speed_1s_stage5_col2_std_over_mean,0.029294460027868844,Combined,19,60
speed_10s_avg_rows,0.014315411157560057,Combined,19,60
speed_10s_avg_stage2_rows,0.008740741935540036,Combined,19,60
speed_10s_avg_stage2_col1_mean,0.013315852641384263,Combined,19,60
speed_10s_avg_stage2_col1_std_over_mean,0.017953264436864756,Combined,19,60
speed_10s_avg_stage2_col2_mean,0.00922230406850661,Combined,19,60
speed_10s_avg_stage2_col2_std_over_mean,0.0185050964738011,Combined,19,60
speed_10s_avg_stage3_rows,0.00967314844493227,Combined,19,60
speed_10s_avg_stage3_col1_mean,0.02004808952167899,Combined,19,60
speed_10s_avg_stage3_col1_std_over_mean,0.025786929798933603,Combined,19,60
speed_10s_avg_stage3_col2_mean,0.008216495059029142,Combined,19,60
speed_10s_avg_stage3_col2_std_over_mean,0.011590357953525683,Combined,19,60
speed_10s_avg_stage4_rows,0.009135814465810604,Combined,19,60
speed_10s_avg_stage4_col1_mean,0.007408859574607554,Combined,19,60
speed_10s_avg_stage4_col1_std_over_mean,0.04182101158606297,Combined,19,60
speed_10s_avg_stage4_col2_mean,0.015018284442225294,Combined,19,60
speed_10s_avg_stage4_col2_std_over_mean,0.03802117356204844,Combined,19,60
speed_10s_avg_stage5_rows,0.0004223447092239487,Combined,19,60
speed_10s_avg_stage5_col1_mean,0.019905121921654514,Combined,19,60
speed_10s_avg_stage5_col1_std_over_mean,0.0198485828504531,Combined,19,60
speed_10s_avg_stage5_col2_mean,0.017849630819841675,Combined,19,60
speed_10s_avg_stage5_col2_std_over_mean,0.020458074228195698,Combined,19,60
stage_2_frames,0.04413097922965213,Combined,20,61
stage_3_frames,0.007640177161636785,Combined,20,61
stage_4_frames,0.016404318359863033,Combined,20,61
stage_5_frames,0.016538326710569304,Combined,20,61
roam_mean,0.02417681821810642,Combined,20,61
roam_std_over_mean,0.02764110476076699,Combined,20,61
roam_early_mean,0.026074240062112994,Combined,20,61
roam_mid_mean,0.03049125726674358,Combined,20,61
roam_late_mean,0.029227098738354808,Combined,20,61
roam_slope,0.013480532868497723,Combined,20,61
speed_1s_rows,0.018555026888173575,Combined,20,61
speed_1s_stage2_rows,0.007243656462583072,Combined,20,61
speed_1s_stage2_col1_mean,0.01588181398146053,Combined,20,61
speed_1s_stage2_col1_std_over_mean,0.02014230935861179,Combined,20,61
speed_1s_stage2_col2_mean,0.0062601886849942105,Combined,20,61
speed_1s_stage2_col2_std_over_mean,0.015735194375494695,Combined,20,61
speed_1s_stage3_rows,0.013365388993987027,Combined,20,61
speed_1s_stage3_col1_mean,0.02081311309378382,Combined,20,61
speed_1s_stage3_col1_std_over_mean,0.021446551255999917,Combined,20,61
speed_1s_stage3_col2_mean,0.013249969210125064,Combined,20,61
speed_1s_stage3_col2_std_over_mean,0.016323023966536163,Combined,20,61
speed_1s_stage4_rows,0.014388258481422342,Combined,20,61
speed_1s_stage4_col1_mean,0.011553405018008346,Combined,20,61
speed_1s_stage4_col1_std_over_mean,0.013727684722770327,Combined,20,61
speed_1s_stage4_col2_mean,0.01241055995970977,Combined,20,61
speed_1s_stage4_col2_std_over_mean,0.029954226998767198,Combined,20,61
speed_1s_stage5_rows,0.00015039093058000124,Combined,20,61
speed_1s_stage5_col1_mean,0.01526063821798155,Combined,20,61
speed_1s_stage5_col1_std_over_mean,0.12429111941109691,Combined,20,61
speed_1s_stage5_col2_mean,0.012942778336660054,Combined,20,61
speed_1s_stage5_col2_std_over_mean,0.06464505824532424,Combined,20,61
speed_10s_avg_rows,0.018076163610649378,Combined,20,61
speed_10s_avg_stage2_rows,0.009271874820843294,Combined,20,61
speed_10s_avg_stage2_col1_mean,0.011690018798520874,Combined,20,61
speed_10s_avg_stage2_col1_std_over_mean,0.01653211377594785,Combined,20,61
speed_10s_avg_stage2_col2_mean,0.00795738031046285,Combined,20,61
speed_10s_avg_stage2_col2_std_over_mean,0.017056612719360386,Combined,20,61
speed_10s_avg_stage3_rows,0.014612791760132759,Combined,20,61
speed_10s_avg_stage3_col1_mean,0.01682578749768295,Combined,20,61
speed_10s_avg_stage3_col1_std_over_mean,0.021092462721593402,Combined,20,61
speed_10s_avg_stage3_col2_mean,0.012843127335224542,Combined,20,61
speed_10s_avg_stage3_col2_std_over_mean,0.013365622644742592,Combined,20,61
speed_10s_avg_stage4_rows,0.01498050423305418,Combined,20,61
speed_10s_avg_stage4_col1_mean,0.011993436727441449,Combined,20,61
speed_10s_avg_stage4_col1_std_over_mean,0.024905375891842326,Combined,20,61
speed_10s_avg_stage4_col2_mean,0.011915250570823297,Combined,20,61
speed_10s_avg_stage4_col2_std_over_mean,0.013912232419189176,Combined,20,61
speed_10s_avg_stage5_rows,0.000265282210371325,Combined,20,61
speed_10s_avg_stage5_col1_mean,0.0155551705954594,Combined,20,61
speed_10s_avg_stage5_col1_std_over_mean,0.016841176078763887,Combined,20,61
speed_10s_avg_stage5_col2_mean,0.01200468684803725,Combined,20,61
speed_10s_avg_stage5_col2_std_over_mean,0.014157718459482575,Combined,20,61
stage_2_frames,0.050829462090206445,Combined,21,62
stage_3_frames,0.005840398554746723,Combined,21,62
stage_4_frames,0.010526874276434145,Combined,21,62
stage_5_frames,0.01421576418649346,Combined,21,62
roam_mean,0.037398106610581516,Combined,21,62
roam_std_over_mean,0.03606323914999344,Combined,21,62
roam_early_mean,0.023014847594758844,Combined,21,62
roam_mid_mean,0.016397046682310786,Combined,21,62
roam_late_mean,0.01701624420960311,Combined,21,62
roam_slope,0.01527418779673886,Combined,21,62
speed_1s_rows,0.015569433897796307,Combined,21,62
speed_1s_stage2_rows,0.005300090813084759,Combined,21,62
speed_1s_stage2_col1_mean,0.025115722358458218,Combined,21,62
speed_1s_stage2_col1_std_over_mean,0.020499286740896207,Combined,21,62
speed_1s_stage2_col2_mean,0.008138681344670063,Combined,21,62
speed_1s_stage2_col2_std_over_mean,0.00948535736937191,Combined,21,62
speed_1s_stage3_rows,0.009150124378640677,Combined,21,62
speed_1s_stage3_col1_mean,0.012536393587695902,Combined,21,62
speed_1s_stage3_col1_std_over_mean,0.018269051680551335,Combined,21,62
speed_1s_stage3_col2_mean,0.013062521575231639,Combined,21,62
speed_1s_stage3_col2_std_over_mean,0.022875226644745155,Combined,21,62
speed_1s_stage4_rows,0.013397178168104198,Combined,21,62
speed_1s_stage4_col1_mean,0.011081472659110483,Combined,21,62
speed_1s_stage4_col1_std_over_mean,0.02067059271384706,Combined,21,62
speed_1s_stage4_col2_mean,0.00921988560355634,Combined,21,62
speed_1s_stage4_col2_std_over_mean,0.034361808187410636,Combined,21,62
speed_1s_stage5_rows,0.00033888859981811393,Combined,21,62
speed_1s_stage5_col1_mean,0.015605420231872556,Combined,21,62
speed_1s_stage5_col1_std_over_mean,0.10730805453303693,Combined,21,62
speed_1s_stage5_col2_mean,0.014233555209504338,Combined,21,62
speed_1s_stage5_col2_std_over_mean,0.10644207728213238,Combined,21,62
speed_10s_avg_rows,0.014699118254731969,Combined,21,62
speed_10s_avg_stage2_rows,0.006930306945016415,Combined,21,62
speed_10s_avg_stage2_col1_mean,0.021751382286447598,Combined,21,62
speed_10s_avg_stage2_col1_std_over_mean,0.016280542480945136,Combined,21,62
speed_10s_avg_stage2_col2_mean,0.00728585991820386,Combined,21,62
speed_10s_avg_stage2_col2_std_over_mean,0.016542350595040976,Combined,21,62
speed_10s_avg_stage3_rows,0.008549717271579707,Combined,21,62
speed_10s_avg_stage3_col1_mean,0.008638242662239998,Combined,21,62
speed_10s_avg_stage3_col1_std_over_mean,0.02391047596868819,Combined,21,62
speed_10s_avg_stage3_col2_mean,0.013148431195348174,Combined,21,62
speed_10s_avg_stage3_col2_std_over_mean,0.012312335349862346,Combined,21,62
speed_10s_avg_stage4_rows,0.015624834703388274,Combined,21,62
speed_10s_avg_stage4_col1_mean,0.009441304043126424,Combined,21,62
speed_10s_avg_stage4_col1_std_over_mean,0.017117357509749378,Combined,21,62
speed_10s_avg_stage4_col2_mean,0.011012426400565186,Combined,21,62
speed_10s_avg_stage4_col2_std_over_mean,0.00957825836821483,Combined,21,62
speed_10s_avg_stage5_rows,5.91455760626266e-05,Combined,21,62
speed_10s_avg_stage5_col1_mean,0.016965934838214215,Combined,21,62
speed_10s_avg_stage5_col1_std_over_mean,0.01577903265316737,Combined,21,62
speed_10s_avg_stage5_col2_mean,0.014397245834389031,Combined,21,62
speed_10s_avg_stage5_col2_std_over_mean,0.020738702413615754,Combined,21,62
stage_2_frames,0.04413392538710909,Combined,22,63
stage_3_frames,0.007899042355944994,Combined,22,63
stage_4_frames,0.011268117717057722,Combined,22,63
stage_5_frames,0.008975565543096562,Combined,22,63
roam_mean,0.020769452833406834,Combined,22,63
roam_std_over_mean,0.031150637198117732,Combined,22,63
roam_early_mean,0.008716879575560334,Combined,22,63
roam_mid_mean,0.02130847283886096,Combined,22,63
roam_late_mean,0.047353032745055854,Combined,22,63
roam_slope,0.015166133873997267,Combined,22,63
speed_1s_rows,0.01565665216942655,Combined,22,63
speed_1s_stage2_rows,0.008372244647645338,Combined,22,63
speed_1s_stage2_col1_mean,0.01314358964994907,Combined,22,63
speed_1s_stage2_col1_std_over_mean,0.023378737282730756,Combined,22,63
speed_1s_stage2_col2_mean,0.007921520197334863,Combined,22,63
speed_1s_stage2_col2_std_over_mean,0.013682160175917538,Combined,22,63
speed_1s_stage3_rows,0.014568185324092727,Combined,22,63
speed_1s_stage3_col1_mean,0.02355813957752227,Combined,22,63
speed_1s_stage3_col1_std_over_mean,0.014051550830016147,Combined,22,63
speed_1s_stage3_col2_mean,0.014572027629780044,Combined,22,63
speed_1s_stage3_col2_std_over_mean,0.019587571838718936,Combined,22,63
speed_1s_stage4_rows,0.009513758077287522,Combined,22,63
speed_1s_stage4_col1_mean,0.018635967614312486,Combined,22,63
speed_1s_stage4_col1_std_over_mean,0.014564366360896953,Combined,22,63
speed_1s_stage4_col2_mean,0.013232281028527037,Combined,22,63
speed_1s_stage4_col2_std_over_mean,0.021620375932802766,Combined,22,63
speed_1s_stage5_rows,0.00029730450341391794,Combined,22,63
speed_1s_stage5_col1_mean,0.010877536991729848,Combined,22,63
speed_1s_stage5_col1_std_over_mean,0.1357883575581919,Combined,22,63
speed_1s_stage5_col2_mean,0.017252527173765787,Combined,22,63
speed_1s_stage5_col2_std_over_mean,0.051976124155775905,Combined,22,63
speed_10s_avg_rows,0.01923526554040486,Combined,22,63
speed_10s_avg_stage2_rows,0.007567324844948978,Combined,22,63
speed_10s_avg_stage2_col1_mean,0.010203623788923845,Combined,22,63
speed_10s_avg_stage2_col1_std_over_mean,0.021907482287153782,Combined,22,63
speed_10s_avg_stage2_col2_mean,0.007546565045556573,Combined,22,63
speed_10s_avg_stage2_col2_std_over_mean,0.02525291694566243,Combined,22,63
speed_10s_avg_stage3_rows,0.016095658890203392,Combined,22,63
speed_10s_avg_stage3_col1_mean,0.020871294825047862,Combined,22,63
speed_10s_avg_stage3_col1_std_over_mean,0.019119821387730433,Combined,22,63
speed_10s_avg_stage3_col2_mean,0.014057551670686461,Combined,22,63
speed_10s_avg_stage3_col2_std_over_mean,0.013327313258036131,Combined,22,63
speed_10s_avg_stage4_rows,0.00879884387134571,Combined,22,63
speed_10s_avg_stage4_col1_mean,0.012447564178266547,Combined,22,63
speed_10s_avg_stage4_col1_std_over_mean,0.018099643022765115,Combined,22,63
speed_10s_avg_stage4_col2_mean,0.01507033884045845,Combined,22,63
speed_10s_avg_stage4_col2_std_over_mean,0.014354170720727063,Combined,22,63
speed_10s_avg_stage5_rows,0.0002482244987352318,Combined,22,63
speed_10s_avg_stage5_col1_mean,0.012453793880417396,Combined,22,63
speed_10s_avg_stage5_col1_std_over_mean,0.01955818907568647,Combined,22,63
speed_10s_avg_stage5_col2_mean,0.017782120553845298,Combined,22,63
speed_10s_avg_stage5_col2_std_over_mean,0.02701005408535232,Combined,22,63
stage_2_frames,0.045662117794516045,Combined,23,64
stage_3_frames,0.009035526661674908,Combined,23,64
stage_4_frames,0.01048058322542981,Combined,23,64
stage_5_frames,0.012461031662759381,Combined,23,64
roam_mean,0.019292609963920824,Combined,23,64
roam_std_over_mean,0.027512792075609197,Combined,23,64
roam_early_mean,0.035879859835997265,Combined,23,64
roam_mid_mean,0.014339489676806039,Combined,23,64
roam_late_mean,0.027711709441293794,Combined,23,64
roam_slope,0.013527112223707546,Combined,23,64
speed_1s_rows,0.008805429945606479,Combined,23,64
speed_1s_stage2_rows,0.006303376234271213,Combined,23,64
speed_1s_stage2_col1_mean,0.011112449336867523,Combined,23,64
speed_1s_stage2_col1_std_over_mean,0.024619186745035694,Combined,23,64
speed_1s_stage2_col2_mean,0.007481659631354689,Combined,23,64
speed_1s_stage2_col2_std_over_mean,0.018210182647369812,Combined,23,64
speed_1s_stage3_rows,0.009925514547305524,Combined,23,64
speed_1s_stage3_col1_mean,0.018466041030637575,Combined,23,64
speed_1s_stage3_col1_std_over_mean,0.019976666695845406,Combined,23,64
speed_1s_stage3_col2_mean,0.014162213977321177,Combined,23,64
speed_1s_stage3_col2_std_over_mean,0.02556321001702746,Combined,23,64
speed_1s_stage4_rows,0.013187586472404816,Combined,23,64
speed_1s_stage4_col1_mean,0.014387600984961507,Combined,23,64
speed_1s_stage4_col1_std_over_mean,0.03620279555351949,Combined,23,64
speed_1s_stage4_col2_mean,0.012775747841146663,Combined,23,64
speed_1s_stage4_col2_std_over_mean,0.03573676278494764,Combined,23,64
speed_1s_stage5_rows,0.0002363142011449712,Combined,23,64
speed_1s_stage5_col1_mean,0.014701514010618612,Combined,23,64
speed_1s_stage5_col1_std_over_mean,0.14236230213333279,Combined,23,64
speed_1s_stage5_col2_mean,0.01352933338732494,Combined,23,64
speed_1s_stage5_col2_std_over_mean,0.03635837023262722,Combined,23,64
speed_10s_avg_rows,0.008549032253155554,Combined,23,64
speed_10s_avg_stage2_rows,0.008140766824324745,Combined,23,64
speed_10s_avg_stage2_col1_mean,0.011116633261346043,Combined,23,64
speed_10s_avg_stage2_col1_std_over_mean,0.03431336071686214,Combined,23,64
speed_10s_avg_stage2_col2_mean,0.00824975030077566,Combined,23,64
speed_10s_avg_stage2_col2_std_over_mean,0.02735899428627118,Combined,23,64
speed_10s_avg_stage3_rows,0.010528869436892973,Combined,23,64
speed_10s_avg_stage3_col1_mean,0.01476971243564385,Combined,23,64
speed_10s_avg_stage3_col1_std_over_mean,0.025542914992618362,Combined,23,64
speed_10s_avg_stage3_col2_mean,0.012032306023955296,Combined,23,64
speed_10s_avg_stage3_col2_std_over_mean,0.01243073809625114,Combined,23,64
speed_10s_avg_stage4_rows,0.009904599731137192,Combined,23,64
speed_10s_avg_stage4_col1_mean,0.012131296209333104,Combined,23,64
speed_10s_avg_stage4_col1_std_over_mean,0.022324882071171715,Combined,23,64
speed_10s_avg_stage4_col2_mean,0.009551924508563469,Combined,23,64
speed_10s_avg_stage4_col2_std_over_mean,0.012879313875396273,Combined,23,64
speed_10s_avg_stage5_rows,0.00015862938335245143,Combined,23,64
speed_10s_avg_stage5_col1_mean,0.014244656113619221,Combined,23,64
speed_10s_avg_stage5_col1_std_over_mean,0.014261099276051722,Combined,23,64
speed_10s_avg_stage5_col2_mean,0.012229453877366828,Combined,23,64
speed_10s_avg_stage5_col2_std_over_mean,0.019273975353524993,Combined,23,64
stage_2_frames,0.02219087044362386,Combined,24,65
stage_3_frames,0.007843519853058256,Combined,24,65
stage_4_frames,0.0097516558597888,Combined,24,65
stage_5_frames,0.01013339416320587,Combined,24,65
roam_mean,0.02222346652149697,Combined,24,65
roam_std_over_mean,0.037348274719432396,Combined,24,65
roam_early_mean,0.02695845144370968,Combined,24,65
roam_mid_mean,0.022210161272864702,Combined,24,65
roam_late_mean,0.03381608816302951,Combined,24,65
roam_slope,0.031033677150551883,Combined,24,65
speed_1s_rows,0.013815183582894948,Combined,24,65
speed_1s_stage2_rows,0.010081176228500828,Combined,24,65
speed_1s_stage2_col1_mean,0.009490015280223165,Combined,24,65
speed_1s_stage2_col1_std_over_mean,0.0191768029482426,Combined,24,65
speed_1s_stage2_col2_mean,0.006826718217976418,Combined,24,65
speed_1s_stage2_col2_std_over_mean,0.01463335039375866,Combined,24,65
speed_1s_stage3_rows,0.012272768922551632,Combined,24,65
speed_1s_stage3_col1_mean,0.019318581976342064,Combined,24,65
speed_1s_stage3_col1_std_over_mean,0.012588813106540874,Combined,24,65
speed_1s_stage3_col2_mean,0.022060182652908315,Combined,24,65
speed_1s_stage3_col2_std_over_mean,0.020196121889522807,Combined,24,65
speed_1s_stage4_rows,0.009125052106744483,Combined,24,65
speed_1s_stage4_col1_mean,0.00965960853886406,Combined,24,65
speed_1s_stage4_col1_std_over_mean,0.011603643975178508,Combined,24,65
speed_1s_stage4_col2_mean,0.03236387450326711,Combined,24,65
speed_1s_stage4_col2_std_over_mean,0.050703561594543596,Combined,24,65
speed_1s_stage5_rows,0.00013145221571448206,Combined,24,65
speed_1s_stage5_col1_mean,0.017529572910918577,Combined,24,65
speed_1s_stage5_col1_std_over_mean,0.11324443589085394,Combined,24,65
speed_1s_stage5_col2_mean,0.018924339186826133,Combined,24,65
speed_1s_stage5_col2_std_over_mean,0.04026593208498281,Combined,24,65
speed_10s_avg_rows,0.013142953588641504,Combined,24,65
speed_10s_avg_stage2_rows,0.008510648512022238,Combined,24,65
speed_10s_avg_stage2_col1_mean,0.012319808039023982,Combined,24,65
speed_10s_avg_stage2_col1_std_over_mean,0.019435129964103286,Combined,24,65
speed_10s_avg_stage2_col2_mean,0.009385589034443236,Combined,24,65
speed_10s_avg_stage2_col2_std_over_mean,0.00996005947060622,Combined,24,65
speed_10s_avg_stage3_rows,0.011372268310663588,Combined,24,65
speed_10s_avg_stage3_col1_mean,0.019669374076942272,Combined,24,65
speed_10s_avg_stage3_col1_std_over_mean,0.019065215209119152,Combined,24,65
speed_10s_avg_stage3_col2_mean,0.020450116693270987,Combined,24,65
speed_10s_avg_stage3_col2_std_over_mean,0.01534252003136909,Combined,24,65
speed_10s_avg_stage4_rows,0.008025760017138985,Combined,24,65
speed_10s_avg_stage4_col1_mean,0.010996966809043864,Combined,24,65
speed_10s_avg_stage4_col1_std_over_mean,0.01739404236563172,Combined,24,65
speed_10s_avg_stage4_col2_mean,0.029685307671652263,Combined,24,65
speed_10s_avg_stage4_col2_std_over_mean,0.014482063156103984,Combined,24,65
speed_10s_avg_stage5_rows,0.0001469877725427437,Combined,24,65
speed_10s_avg_stage5_col1_mean,0.013868052059885966,Combined,24,65
speed_10s_avg_stage5_col1_std_over_mean,0.02050929396007745,Combined,24,65
speed_10s_avg_stage5_col2_mean,0.01904175505039627,Combined,24,65
speed_10s_avg_stage5_col2_std_over_mean,0.019675340409203285,Combined,24,65
stage_2_frames,0.05130688176253086,Combined,25,66
stage_3_frames,0.00733475805172325,Combined,25,66
stage_4_frames,0.009838152114935512,Combined,25,66
stage_5_frames,0.011260378640558427,Combined,25,66
roam_mean,0.02555825379702564,Combined,25,66
roam_std_over_mean,0.018943910250086037,Combined,25,66
roam_early_mean,0.03215425705948326,Combined,25,66
roam_mid_mean,0.02168497274590543,Combined,25,66
roam_late_mean,0.03130638525908737,Combined,25,66
roam_slope,0.015052384356940889,Combined,25,66
speed_1s_rows,0.010228006044117586,Combined,25,66
speed_1s_stage2_rows,0.0073927798416840215,Combined,25,66
speed_1s_stage2_col1_mean,0.017754182255078785,Combined,25,66
speed_1s_stage2_col1_std_over_mean,0.031599070035914646,Combined,25,66
speed_1s_stage2_col2_mean,0.012199149528776064,Combined,25,66
speed_1s_stage2_col2_std_over_mean,0.014798074745161885,Combined,25,66
speed_1s_stage3_rows,0.009349912286463308,Combined,25,66
speed_1s_stage3_col1_mean,0.010373252657599802,Combined,25,66
speed_1s_stage3_col1_std_over_mean,0.018140710340518354,Combined,25,66
speed_1s_stage3_col2_mean,0.015005665466603065,Combined,25,66
speed_1s_stage3_col2_std_over_mean,0.022007629141984654,Combined,25,66
speed_1s_stage4_rows,0.014624790494695302,Combined,25,66
speed_1s_stage4_col1_mean,0.01225006589126584,Combined,25,66
speed_1s_stage4_col1_std_over_mean,0.020079606896780598,Combined,25,66
speed_1s_stage4_col2_mean,0.020590789339095285,Combined,25,66
speed_1s_stage4_col2_std_over_mean,0.04873086212274371,Combined,25,66
speed_1s_stage5_rows,0.0004455746486480621,Combined,25,66
speed_1s_stage5_col1_mean,0.01834652639283357,Combined,25,66
speed_1s_stage5_col1_std_over_mean,0.1280686728481587,Combined,25,66
speed_1s_stage5_col2_mean,0.012323193789407421,Combined,25,66
speed_1s_stage5_col2_std_over_mean,0.024488796558487944,Combined,25,66
speed_10s_avg_rows,0.007932452603980225,Combined,25,66
speed_10s_avg_stage2_rows,0.008724809712529313,Combined,25,66
speed_10s_avg_stage2_col1_mean,0.016893646082905334,Combined,25,66
speed_10s_avg_stage2_col1_std_over_mean,0.026579499830025468,Combined,25,66
speed_10s_avg_stage2_col2_mean,0.0072156355323626485,Combined,25,66
speed_10s_avg_stage2_col2_std_over_mean,0.02239688717816132,Combined,25,66
speed_10s_avg_stage3_rows,0.011439984240969562,Combined,25,66
speed_10s_avg_stage3_col1_mean,0.011301702877152386,Combined,25,66
speed_10s_avg_stage3_col1_std_over_mean,0.01333171286325058,Combined,25,66
speed_10s_avg_stage3_col2_mean,0.015218479488504414,Combined,25,66
speed_10s_avg_stage3_col2_std_over_mean,0.02189419779490257,Combined,25,66
speed_10s_avg_stage4_rows,0.011868361146073123,Combined,25,66
speed_10s_avg_stage4_col1_mean,0.012075603134079863,Combined,25,66
speed_10s_avg_stage4_col1_std_over_mean,0.019123418766782287,Combined,25,66
speed_10s_avg_stage4_col2_mean,0.020730816819399596,Combined,25,66
speed_10s_avg_stage4_col2_std_over_mean,0.014297947167254334,Combined,25,66
speed_10s_avg_stage5_rows,0.00018552237137580235,Combined,25,66
speed_10s_avg_stage5_col1_mean,0.019641595901456612,Combined,25,66
speed_10s_avg_stage5_col1_std_over_mean,0.011550642327997657,Combined,25,66
speed_10s_avg_stage5_col2_mean,0.017763488547896975,Combined,25,66
speed_10s_avg_stage5_col2_std_over_mean,0.01659595024864477,Combined,25,66
stage_2_frames,0.023580186984311465,Combined,26,67
stage_3_frames,0.007683692495236739,Combined,26,67
stage_4_frames,0.011365214821078683,Combined,26,67
stage_5_frames,0.011465804078193882,Combined,26,67
roam_mean,0.013074136588184383,Combined,26,67
roam_std_over_mean,0.022420608248475356,Combined,26,67
roam_early_mean,0.022702839676068464,Combined,26,67
roam_mid_mean,0.010734620398808285,Combined,26,67
roam_late_mean,0.019937665727760623,Combined,26,67
roam_slope,0.013895325366068358,Combined,26,67
speed_1s_rows,0.011931675379235718,Combined,26,67
speed_1s_stage2_rows,0.007461841568360881,Combined,26,67
speed_1s_stage2_col1_mean,0.011488484008856978,Combined,26,67
speed_1s_stage2_col1_std_over_mean,0.030818960695394755,Combined,26,67
speed_1s_stage2_col2_mean,0.009515964024863021,Combined,26,67
speed_1s_stage2_col2_std_over_mean,0.015308750382954997,Combined,26,67
speed_1s_stage3_rows,0.013625810480295647,Combined,26,67
speed_1s_stage3_col1_mean,0.00959210548300466,Combined,26,67
speed_1s_stage3_col1_std_over_mean,0.009158656978109619,Combined,26,67
speed_1s_stage3_col2_mean,0.015355515747535574,Combined,26,67
speed_1s_stage3_col2_std_over_mean,0.029115222810724366,Combined,26,67
speed_1s_stage4_rows,0.012204974074592976,Combined,26,67
speed_1s_stage4_col1_mean,0.014970632185976307,Combined,26,67
speed_1s_stage4_col1_std_over_mean,0.03469692962621553,Combined,26,67
speed_1s_stage4_col2_mean,0.011612906811773956,Combined,26,67
speed_1s_stage4_col2_std_over_mean,0.029405028846573235,Combined,26,67
speed_1s_stage5_rows,0.0004268324347353036,Combined,26,67
speed_1s_stage5_col1_mean,0.012747383415650704,Combined,26,67
speed_1s_stage5_col1_std_over_mean,0.18638493640701617,Combined,26,67
speed_1s_stage5_col2_mean,0.025325129028193397,Combined,26,67
speed_1s_stage5_col2_std_over_mean,0.04108614235149867,Combined,26,67
speed_10s_avg_rows,0.012141784146028317,Combined,26,67
speed_10s_avg_stage2_rows,0.01035027015699607,Combined,26,67
speed_10s_avg_stage2_col1_mean,0.010330632641240753,Combined,26,67
speed_10s_avg_stage2_col1_std_over_mean,0.02385941025361767,Combined,26,67
speed_10s_avg_stage2_col2_mean,0.010566237900706781,Combined,26,67
speed_10s_avg_stage2_col2_std_over_mean,0.017739059083809492,Combined,26,67
speed_10s_avg_stage3_rows,0.00976295560814267,Combined,26,67
speed_10s_avg_stage3_col1_mean,0.009270345491378403,Combined,26,67
speed_10s_avg_stage3_col1_std_over_mean,0.016927488582307568,Combined,26,67
speed_10s_avg_stage3_col2_mean,0.015202745971726486,Combined,26,67
speed_10s_avg_stage3_col2_std_over_mean,0.016342854999231136,Combined,26,67
speed_10s_avg_stage4_rows,0.011589006796896282,Combined,26,67
speed_10s_avg_stage4_col1_mean,0.01456361256852303,Combined,26,67
speed_10s_avg_stage4_col1_std_over_mean,0.027364266929356385,Combined,26,67
speed_10s_avg_stage4_col2_mean,0.008446876110709474,Combined,26,67
speed_10s_avg_stage4_col2_std_over_mean,0.01557028730410776,Combined,26,67
speed_10s_avg_stage5_rows,5.932055126042885e-05,Combined,26,67
speed_10s_avg_stage5_col1_mean,0.015904770569174033,Combined,26,67
speed_10s_avg_stage5_col1_std_over_mean,0.02837648612026834,Combined,26,67
speed_10s_avg_stage5_col2_mean,0.019245082642461154,Combined,26,67
speed_10s_avg_stage5_col2_std_over_mean,0.0172925284463091,Combined,26,67
stage_2_frames,0.04540152494400887,Combined,27,68
stage_3_frames,0.00746918698603902,Combined,27,68
stage_4_frames,0.014244722340829501,Combined,27,68
stage_5_frames,0.013076404136867826,Combined,27,68
roam_mean,0.02051350163950384,Combined,27,68
roam_std_over_mean,0.024030579230141954,Combined,27,68
roam_early_mean,0.025201135278668685,Combined,27,68
roam_mid_mean,0.011849762722135341,Combined,27,68
roam_late_mean,0.01706980362580268,Combined,27,68
roam_slope,0.01291781559607242,Combined,27,68
speed_1s_rows,0.014224817454908256,Combined,27,68
speed_1s_stage2_rows,0.009075121838540954,Combined,27,68
speed_1s_stage2_col1_mean,0.013788483045518184,Combined,27,68
speed_1s_stage2_col1_std_over_mean,0.022931170012094996,Combined,27,68
speed_1s_stage2_col2_mean,0.00935754167954633,Combined,27,68
speed_1s_stage2_col2_std_over_mean,0.02275840663384613,Combined,27,68
speed_1s_stage3_rows,0.015670040967084544,Combined,27,68
speed_1s_stage3_col1_mean,0.007128334380385482,Combined,27,68
speed_1s_stage3_col1_std_over_mean,0.018070292759315095,Combined,27,68
speed_1s_stage3_col2_mean,0.01823731561196042,Combined,27,68
speed_1s_stage3_col2_std_over_mean,0.03924069343472523,Combined,27,68
speed_1s_stage4_rows,0.011623555182759178,Combined,27,68
speed_1s_stage4_col1_mean,0.010517425706938512,Combined,27,68
speed_1s_stage4_col1_std_over_mean,0.018432405498431673,Combined,27,68
speed_1s_stage4_col2_mean,0.019984291236919006,Combined,27,68
speed_1s_stage4_col2_std_over_mean,0.04898343573336011,Combined,27,68
speed_1s_stage5_rows,0.0006227100924745537,Combined,27,68
speed_1s_stage5_col1_mean,0.012367643586501775,Combined,27,68
speed_1s_stage5_col1_std_over_mean,0.12037482172780146,Combined,27,68
speed_1s_stage5_col2_mean,0.010920445088007397,Combined,27,68
speed_1s_stage5_col2_std_over_mean,0.04729166036272428,Combined,27,68
speed_10s_avg_rows,0.017865558979825245,Combined,27,68
speed_10s_avg_stage2_rows,0.007281443810322369,Combined,27,68
speed_10s_avg_stage2_col1_mean,0.0199845562603415,Combined,27,68
speed_10s_avg_stage2_col1_std_over_mean,0.018373412593449056,Combined,27,68
speed_10s_avg_stage2_col2_mean,0.008077869400968232,Combined,27,68
speed_10s_avg_stage2_col2_std_over_mean,0.02012935519876439,Combined,27,68
speed_10s_avg_stage3_rows,0.016484177958034384,Combined,27,68
speed_10s_avg_stage3_col1_mean,0.010912699176616773,Combined,27,68
speed_10s_avg_stage3_col1_std_over_mean,0.00994740073462143,Combined,27,68
speed_10s_avg_stage3_col2_mean,0.018124525950830566,Combined,27,68
speed_10s_avg_stage3_col2_std_over_mean,0.01439436045367259,Combined,27,68
speed_10s_avg_stage4_rows,0.01526265091798324,Combined,27,68
speed_10s_avg_stage4_col1_mean,0.011980076344222605,Combined,27,68
speed_10s_avg_stage4_col1_std_over_mean,0.016864997816520833,Combined,27,68
speed_10s_avg_stage4_col2_mean,0.01983252740329527,Combined,27,68
speed_10s_avg_stage4_col2_std_over_mean,0.03536089682392211,Combined,27,68
speed_10s_avg_stage5_rows,0.0003839133307224133,Combined,27,68
speed_10s_avg_stage5_col1_mean,0.012269494481207071,Combined,27,68
speed_10s_avg_stage5_col1_std_over_mean,0.016124139816776406,Combined,27,68
speed_10s_avg_stage5_col2_mean,0.01304178808348746,Combined,27,68
speed_10s_avg_stage5_col2_std_over_mean,0.013929105930502433,Combined,27,68
stage_2_frames,0.06473090677746425,Combined,28,69
stage_3_frames,0.007663997660138379,Combined,28,69
stage_4_frames,0.01275731638301534,Combined,28,69
stage_5_frames,0.012963333020240627,Combined,28,69
roam_mean,0.02419197453304699,Combined,28,69
roam_std_over_mean,0.03234229125822235,Combined,28,69
roam_early_mean,0.019319775152925843,Combined,28,69
roam_mid_mean,0.019377369161359483,Combined,28,69
roam_late_mean,0.014107633958347549,Combined,28,69
roam_slope,0.008432340400819817,Combined,28,69
speed_1s_rows,0.021042024318750536,Combined,28,69
speed_1s_stage2_rows,0.005128163430052424,Combined,28,69
speed_1s_stage2_col1_mean,0.01147523814516714,Combined,28,69
speed_1s_stage2_col1_std_over_mean,0.022415335387097387,Combined,28,69
speed_1s_stage2_col2_mean,0.011462076437122468,Combined,28,69
speed_1s_stage2_col2_std_over_mean,0.022419359877302144,Combined,28,69
speed_1s_stage3_rows,0.010888475425465977,Combined,28,69
speed_1s_stage3_col1_mean,0.012529673757976539,Combined,28,69
speed_1s_stage3_col1_std_over_mean,0.015629122120397975,Combined,28,69
speed_1s_stage3_col2_mean,0.014492392921369274,Combined,28,69
speed_1s_stage3_col2_std_over_mean,0.020494556737596446,Combined,28,69
speed_1s_stage4_rows,0.012377220660065002,Combined,28,69
speed_1s_stage4_col1_mean,0.01052569689045871,Combined,28,69
speed_1s_stage4_col1_std_over_mean,0.01327137466954157,Combined,28,69
speed_1s_stage4_col2_mean,0.008676482042755094,Combined,28,69
speed_1s_stage4_col2_std_over_mean,0.034757473878107153,Combined,28,69
speed_1s_stage5_rows,0.00016972961680191654,Combined,28,69
speed_1s_stage5_col1_mean,0.016643695861975387,Combined,28,69
speed_1s_stage5_col1_std_over_mean,0.08930413527795764,Combined,28,69
speed_1s_stage5_col2_mean,0.013696390443763787,Combined,28,69
speed_1s_stage5_col2_std_over_mean,0.08159623909544647,Combined,28,69
speed_10s_avg_rows,0.02090951127635452,Combined,28,69
speed_10s_avg_stage2_rows,0.007710010122885794,Combined,28,69
speed_10s_avg_stage2_col1_mean,0.010024749260536266,Combined,28,69
speed_10s_avg_stage2_col1_std_over_mean,0.021525972426428605,Combined,28,69
speed_10s_avg_stage2_col2_mean,0.01008471711613668,Combined,28,69
speed_10s_avg_stage2_col2_std_over_mean,0.016959249770254144,Combined,28,69
speed_10s_avg_stage3_rows,0.013200185837838347,Combined,28,69
speed_10s_avg_stage3_col1_mean,0.010542375660365873,Combined,28,69
speed_10s_avg_stage3_col1_std_over_mean,0.020008618150488128,Combined,28,69
speed_10s_avg_stage3_col2_mean,0.014641573519858515,Combined,28,69
speed_10s_avg_stage3_col2_std_over_mean,0.013040120927881494,Combined,28,69
speed_10s_avg_stage4_rows,0.010106511044372461,Combined,28,69
speed_10s_avg_stage4_col1_mean,0.015468814662985225,Combined,28,69
speed_10s_avg_stage4_col1_std_over_mean,0.03269898237708989,Combined,28,69
speed_10s_avg_stage4_col2_mean,0.011208937490752092,Combined,28,69
speed_10s_avg_stage4_col2_std_over_mean,0.03433036670775921,Combined,28,69
speed_10s_avg_stage5_rows,0.00013546543781419476,Combined,28,69
speed_10s_avg_stage5_col1_mean,0.017606024801322985,Combined,28,69
speed_10s_avg_stage5_col1_std_over_mean,0.020830999382139472,Combined,28,69
speed_10s_avg_stage5_col2_mean,0.020155410734570108,Combined,28,69
speed_10s_avg_stage5_col2_std_over_mean,0.013929607991414432,Combined,28,69
stage_2_frames,0.059122176035930826,Combined,29,70
stage_3_frames,0.0058335962333406965,Combined,29,70
stage_4_frames,0.00898638846817601,Combined,29,70
stage_5_frames,0.01257858832937355,Combined,29,70
roam_mean,0.0225149449661931,Combined,29,70
roam_std_over_mean,0.02050334037147568,Combined,29,70
roam_early_mean,0.017580290495520182,Combined,29,70
roam_mid_mean,0.022672977353688447,Combined,29,70
roam_late_mean,0.01724499996177503,Combined,29,70
roam_slope,0.018569319923360972,Combined,29,70
speed_1s_rows,0.01601361904156019,Combined,29,70
speed_1s_stage2_rows,0.005268698505503055,Combined,29,70
speed_1s_stage2_col1_mean,0.019014460929872568,Combined,29,70
speed_1s_stage2_col1_std_over_mean,0.03269742415326211,Combined,29,70
speed_1s_stage2_col2_mean,0.007250270151944734,Combined,29,70
speed_1s_stage2_col2_std_over_mean,0.014449633599852109,Combined,29,70
speed_1s_stage3_rows,0.007365487761873192,Combined,29,70
speed_1s_stage3_col1_mean,0.03987657221945251,Combined,29,70
speed_1s_stage3_col1_std_over_mean,0.04022915096022372,Combined,29,70
speed_1s_stage3_col2_mean,0.018077707662810225,Combined,29,70
speed_1s_stage3_col2_std_over_mean,0.018750369652120392,Combined,29,70
speed_1s_stage4_rows,0.008087973877861407,Combined,29,70
speed_1s_stage4_col1_mean,0.009630553718776181,Combined,29,70
speed_1s_stage4_col1_std_over_mean,0.01579467990709639,Combined,29,70
speed_1s_stage4_col2_mean,0.017979147151112092,Combined,29,70
speed_1s_stage4_col2_std_over_mean,0.03216446467846015,Combined,29,70
speed_1s_stage5_rows,0.00010651221192421643,Combined,29,70
speed_1s_stage5_col1_mean,0.013312295582964258,Combined,29,70
speed_1s_stage5_col1_std_over_mean,0.06551064398303577,Combined,29,70
speed_1s_stage5_col2_mean,0.02374551056076836,Combined,29,70
speed_1s_stage5_col2_std_over_mean,0.03275598821042847,Combined,29,70
speed_10s_avg_rows,0.015212070743556459,Combined,29,70
speed_10s_avg_stage2_rows,0.008091688857367735,Combined,29,70
speed_10s_avg_stage2_col1_mean,0.013101343247432343,Combined,29,70
speed_10s_avg_stage2_col1_std_over_mean,0.019746038121401237,Combined,29,70
speed_10s_avg_stage2_col2_mean,0.007389326681055632,Combined,29,70
speed_10s_avg_stage2_col2_std_over_mean,0.02349526121448532,Combined,29,70
speed_10s_avg_stage3_rows,0.009316333265814608,Combined,29,70
speed_10s_avg_stage3_col1_mean,0.03886834823219864,Combined,29,70
speed_10s_avg_stage3_col1_std_over_mean,0.020624414755255116,Combined,29,70
speed_10s_avg_stage3_col2_mean,0.013720315272931367,Combined,29,70
speed_10s_avg_stage3_col2_std_over_mean,0.02065549638212571,Combined,29,70
speed_10s_avg_stage4_rows,0.010491792333702767,Combined,29,70
speed_10s_avg_stage4_col1_mean,0.011888902449920514,Combined,29,70
speed_10s_avg_stage4_col1_std_over_mean,0.029748895428853343,Combined,29,70
speed_10s_avg_stage4_col2_mean,0.016487742365030023,Combined,29,70
speed_10s_avg_stage4_col2_std_over_mean,0.01630248717585581,Combined,29,70
speed_10s_avg_stage5_rows,0.00010845614765495809,Combined,29,70
speed_10s_avg_stage5_col1_mean,0.012549090827994405,Combined,29,70
speed_10s_avg_stage5_col1_std_over_mean,0.024152721079401786,Combined,29,70
speed_10s_avg_stage5_col2_mean,0.02230871645030567,Combined,29,70
speed_10s_avg_stage5_col2_std_over_mean,0.022052772307919986,Combined,29,70
stage_2_frames,0.04101639892510796,Combined,30,71
stage_3_frames,0.006679177265348682,Combined,30,71
stage_4_frames,0.009746611070206367,Combined,30,71
stage_5_frames,0.012487278407858111,Combined,30,71
roam_mean,0.014027398982454269,Combined,30,71
roam_std_over_mean,0.024235727281134302,Combined,30,71
roam_early_mean,0.02451693548838816,Combined,30,71
roam_mid_mean,0.020510671189323915,Combined,30,71
roam_late_mean,0.031372015555332006,Combined,30,71
roam_slope,0.014788816437770063,Combined,30,71
speed_1s_rows,0.012260915126454839,Combined,30,71
speed_1s_stage2_rows,0.014175777887236393,Combined,30,71
speed_1s_stage2_col1_mean,0.01636500762159456,Combined,30,71
speed_1s_stage2_col1_std_over_mean,0.038196202040198086,Combined,30,71
speed_1s_stage2_col2_mean,0.008037602232705485,Combined,30,71
speed_1s_stage2_col2_std_over_mean,0.014126641517517292,Combined,30,71
speed_1s_stage3_rows,0.010911119495140249,Combined,30,71
speed_1s_stage3_col1_mean,0.00830885783563462,Combined,30,71
speed_1s_stage3_col1_std_over_mean,0.026774902588130967,Combined,30,71
speed_1s_stage3_col2_mean,0.014885077216788027,Combined,30,71
speed_1s_stage3_col2_std_over_mean,0.02901694571832887,Combined,30,71
speed_1s_stage4_rows,0.009912114496015038,Combined,30,71
speed_1s_stage4_col1_mean,0.012821698248393743,Combined,30,71
speed_1s_stage4_col1_std_over_mean,0.018089792812067643,Combined,30,71
speed_1s_stage4_col2_mean,0.014149453852649011,Combined,30,71
speed_1s_stage4_col2_std_over_mean,0.05469051289316635,Combined,30,71
speed_1s_stage5_rows,0.00012110144701962263,Combined,30,71
speed_1s_stage5_col1_mean,0.020336968243718678,Combined,30,71
speed_1s_stage5_col1_std_over_mean,0.07658620882495305,Combined,30,71
speed_1s_stage5_col2_mean,0.013700457163345654,Combined,30,71
speed_1s_stage5_col2_std_over_mean,0.0539416872390435,Combined,30,71
speed_10s_avg_rows,0.008596729821649971,Combined,30,71
speed_10s_avg_stage2_rows,0.008928426568458325,Combined,30,71
speed_10s_avg_stage2_col1_mean,0.02066413588263135,Combined,30,71
speed_10s_avg_stage2_col1_std_over_mean,0.021294664638816595,Combined,30,71
speed_10s_avg_stage2_col2_mean,0.007208683455476989,Combined,30,71
speed_10s_avg_stage2_col2_std_over_mean,0.01717788405421459,Combined,30,71
speed_10s_avg_stage3_rows,0.008392322409703513,Combined,30,71
speed_10s_avg_stage3_col1_mean,0.010002917516903222,Combined,30,71
speed_10s_avg_stage3_col1_std_over_mean,0.02397158497438087,Combined,30,71
speed_10s_avg_stage3_col2_mean,0.017741334552702364,Combined,30,71
speed_10s_avg_stage3_col2_std_over_mean,0.01768242279185202,Combined,30,71
speed_10s_avg_stage4_rows,0.01439038723219255,Combined,30,71
speed_10s_avg_stage4_col1_mean,0.009153840443376486,Combined,30,71
speed_10s_avg_stage4_col1_std_over_mean,0.025853881049522114,Combined,30,71
speed_10s_avg_stage4_col2_mean,0.02015992167551538,Combined,30,71
speed_10s_avg_stage4_col2_std_over_mean,0.033159776062381914,Combined,30,71
speed_10s_avg_stage5_rows,0.00022983293372960868,Combined,30,71
speed_10s_avg_stage5_col1_mean,0.017930388134144153,Combined,30,71
speed_10s_avg_stage5_col1_std_over_mean,0.024159304909933798,Combined,30,71
speed_10s_avg_stage5_col2_mean,0.013441571693908111,Combined,30,71
speed_10s_avg_stage5_col2_std_over_mean,0.013069914095480556,Combined,30,71
stage_2_frames,0.03833240094935875,Combined,31,72
stage_3_frames,0.010845319526467351,Combined,31,72
stage_4_frames,0.01592272849571835,Combined,31,72
stage_5_frames,0.011358071357567176,Combined,31,72
roam_mean,0.017078996234005002,Combined,31,72
roam_std_over_mean,0.023427250184855156,Combined,31,72
roam_early_mean,0.019187765554431427,Combined,31,72
roam_mid_mean,0.01768644857167948,Combined,31,72
roam_late_mean,0.0270689378664293,Combined,31,72
roam_slope,0.014165303819556309,Combined,31,72
speed_1s_rows,0.01439336235908779,Combined,31,72
speed_1s_stage2_rows,0.010046461556130596,Combined,31,72
speed_1s_stage2_col1_mean,0.014644090406861737,Combined,31,72
speed_1s_stage2_col1_std_over_mean,0.023842046848142385,Combined,31,72
speed_1s_stage2_col2_mean,0.009186649868509998,Combined,31,72
speed_1s_stage2_col2_std_over_mean,0.023472290064339964,Combined,31,72
speed_1s_stage3_rows,0.016484006843110847,Combined,31,72
speed_1s_stage3_col1_mean,0.021176792541944895,Combined,31,72
speed_1s_stage3_col1_std_over_mean,0.02865529007040433,Combined,31,72
speed_1s_stage3_col2_mean,0.009492457488038805,Combined,31,72
speed_1s_stage3_col2_std_over_mean,0.010274290270301283,Combined,31,72
speed_1s_stage4_rows,0.013912935597442623,Combined,31,72
speed_1s_stage4_col1_mean,0.009533375954050224,Combined,31,72
speed_1s_stage4_col1_std_over_mean,0.02513337434685951,Combined,31,72
speed_1s_stage4_col2_mean,0.017815234949949712,Combined,31,72
speed_1s_stage4_col2_std_over_mean,0.04158702924612043,Combined,31,72
speed_1s_stage5_rows,8.325756251697832e-05,Combined,31,72
speed_1s_stage5_col1_mean,0.011323927115318015,Combined,31,72
speed_1s_stage5_col1_std_over_mean,0.17567573569049158,Combined,31,72
speed_1s_stage5_col2_mean,0.009120438713857744,Combined,31,72
speed_1s_stage5_col2_std_over_mean,0.02423301418127535,Combined,31,72
speed_10s_avg_rows,0.01625583860582902,Combined,31,72
speed_10s_avg_stage2_rows,0.0073025259622116765,Combined,31,72
speed_10s_avg_stage2_col1_mean,0.013399448547583497,Combined,31,72
speed_10s_avg_stage2_col1_std_over_mean,0.016561346040574878,Combined,31,72
speed_10s_avg_stage2_col2_mean,0.007673828341082748,Combined,31,72
speed_10s_avg_stage2_col2_std_over_mean,0.01973393140957362,Combined,31,72
speed_10s_avg_stage3_rows,0.014077954693663717,Combined,31,72
speed_10s_avg_stage3_col1_mean,0.01931571832176473,Combined,31,72
speed_10s_avg_stage3_col1_std_over_mean,0.01688442105090768,Combined,31,72
speed_10s_avg_stage3_col2_mean,0.009624989902657073,Combined,31,72
speed_10s_avg_stage3_col2_std_over_mean,0.011843683521428602,Combined,31,72
speed_10s_avg_stage4_rows,0.01128231019892999,Combined,31,72
speed_10s_avg_stage4_col1_mean,0.011932680436688726,Combined,31,72
speed_10s_avg_stage4_col1_std_over_mean,0.028499061570775072,Combined,31,72
speed_10s_avg_stage4_col2_mean,0.01655420158209339,Combined,31,72
speed_10s_avg_stage4_col2_std_over_mean,0.014220743120930045,Combined,31,72
speed_10s_avg_stage5_rows,3.552381087794e-05,Combined,31,72
speed_10s_avg_stage5_col1_mean,0.012616782261410348,Combined,31,72
speed_10s_avg_stage5_col1_std_over_mean,0.02041397386535546,Combined,31,72
speed_10s_avg_stage5_col2_mean,0.008865823055940233,Combined,31,72
speed_10s_avg_stage5_col2_std_over_mean,0.017745929464898422,Combined,31,72
stage_2_frames,0.03248888313634095,Combined,32,73
stage_3_frames,0.006360092849663285,Combined,32,73
stage_4_frames,0.008146556265414417,Combined,32,73
stage_5_frames,0.016451372204734836,Combined,32,73
roam_mean,0.01707672579712232,Combined,32,73
roam_std_over_mean,0.02329336652038129,Combined,32,73
roam_early_mean,0.017434811779974184,Combined,32,73
roam_mid_mean,0.020008080739206506,Combined,32,73
roam_late_mean,0.035824088246488334,Combined,32,73
roam_slope,0.01600482310517642,Combined,32,73
speed_1s_rows,0.017047734590598777,Combined,32,73
speed_1s_stage2_rows,0.006733271577542621,Combined,32,73
speed_1s_stage2_col1_mean,0.01990177933889808,Combined,32,73
speed_1s_stage2_col1_std_over_mean,0.027009068703142826,Combined,32,73
speed_1s_stage2_col2_mean,0.007555326196735153,Combined,32,73
speed_1s_stage2_col2_std_over_mean,0.014545974388894167,Combined,32,73
speed_1s_stage3_rows,0.008320190632656856,Combined,32,73
speed_1s_stage3_col1_mean,0.013877854016037921,Combined,32,73
speed_1s_stage3_col1_std_over_mean,0.02495782193086411,Combined,32,73
speed_1s_stage3_col2_mean,0.013203491506765214,Combined,32,73
speed_1s_stage3_col2_std_over_mean,0.028570117181553504,Combined,32,73
speed_1s_stage4_rows,0.013098833211044431,Combined,32,73
speed_1s_stage4_col1_mean,0.01257015875299058,Combined,32,73
speed_1s_stage4_col1_std_over_mean,0.01951045426526668,Combined,32,73
speed_1s_stage4_col2_mean,0.01187742777520591,Combined,32,73
speed_1s_stage4_col2_std_over_mean,0.02940855874644902,Combined,32,73
speed_1s_stage5_rows,0.0003318482608480826,Combined,32,73
speed_1s_stage5_col1_mean,0.019067463029603923,Combined,32,73
speed_1s_stage5_col1_std_over_mean,0.10391025500943091,Combined,32,73
speed_1s_stage5_col2_mean,0.01653959702895057,Combined,32,73
speed_1s_stage5_col2_std_over_mean,0.05566228539386987,Combined,32,73
speed_10s_avg_rows,0.01579574253667711,Combined,32,73
speed_10s_avg_stage2_rows,0.008186263574642657,Combined,32,73
speed_10s_avg_stage2_col1_mean,0.019875349740917897,Combined,32,73
speed_10s_avg_stage2_col1_std_over_mean,0.020538569696586646,Combined,32,73
speed_10s_avg_stage2_col2_mean,0.008352129319432008,Combined,32,73
speed_10s_avg_stage2_col2_std_over_mean,0.016140766902845816,Combined,32,73
speed_10s_avg_stage3_rows,0.00915531817437641,Combined,32,73
speed_10s_avg_stage3_col1_mean,0.009738334775408284,Combined,32,73
speed_10s_avg_stage3_col1_std_over_mean,0.02187655439996534,Combined,32,73
speed_10s_avg_stage3_col2_mean,0.01506925967516622,Combined,32,73
speed_10s_avg_stage3_col2_std_over_mean,0.020930212658797756,Combined,32,73
speed_10s_avg_stage4_rows,0.012506523105727082,Combined,32,73
speed_10s_avg_stage4_col1_mean,0.014199619909528345,Combined,32,73
speed_10s_avg_stage4_col1_std_over_mean,0.029670798920947938,Combined,32,73
speed_10s_avg_stage4_col2_mean,0.014950155325226436,Combined,32,73
speed_10s_avg_stage4_col2_std_over_mean,0.02092899679383482,Combined,32,73
speed_10s_avg_stage5_rows,0.0003337834043646111,Combined,32,73
speed_10s_avg_stage5_col1_mean,0.016065143381693656,Combined,32,73
speed_10s_avg_stage5_col1_std_over_mean,0.021807974441113327,Combined,32,73
speed_10s_avg_stage5_col2_mean,0.01641208667442922,Combined,32,73
speed_10s_avg_stage5_col2_std_over_mean,0.030678104406466677,Combined,32,73
stage_2_frames,0.041386844217542074,Combined,33,74
stage_3_frames,0.009361808403575584,Combined,33,74
stage_4_frames,0.011198104560615757,Combined,33,74
stage_5_frames,0.009773423222946425,Combined,33,74
roam_mean,0.026147606325943686,Combined,33,74
roam_std_over_mean,0.053035710534377896,Combined,33,74
roam_early_mean,0.018964560536722738,Combined,33,74
roam_mid_mean,0.013618057716150836,Combined,33,74
roam_late_mean,0.015864563385199253,Combined,33,74
roam_slope,0.012547913442189666,Combined,33,74
speed_1s_rows,0.014375413090877025,Combined,33,74
speed_1s_stage2_rows,0.00895293922957109,Combined,33,74
speed_1s_stage2_col1_mean,0.011405648563257017,Combined,33,74
speed_1s_stage2_col1_std_over_mean,0.015999152700789002,Combined,33,74
speed_1s_stage2_col2_mean,0.008859596967821057,Combined,33,74
speed_1s_stage2_col2_std_over_mean,0.016042953594358485,Combined,33,74
speed_1s_stage3_rows,0.010514761410790512,Combined,33,74
speed_1s_stage3_col1_mean,0.016290696182662216,Combined,33,74
speed_1s_stage3_col1_std_over_mean,0.014783180962000875,Combined,33,74
speed_1s_stage3_col2_mean,0.016251078706669638,Combined,33,74
speed_1s_stage3_col2_std_over_mean,0.025542554964624032,Combined,33,74
speed_1s_stage4_rows,0.01144915962491053,Combined,33,74
speed_1s_stage4_col1_mean,0.01699349048163059,Combined,33,74
speed_1s_stage4_col1_std_over_mean,0.01920372631300775,Combined,33,74
speed_1s_stage4_col2_mean,0.013949135224874131,Combined,33,74
speed_1s_stage4_col2_std_over_mean,0.04924239166886663,Combined,33,74
speed_1s_stage5_rows,0.00048690965452426985,Combined,33,74
speed_1s_stage5_col1_mean,0.022151869607744987,Combined,33,74
speed_1s_stage5_col1_std_over_mean,0.11720353386382944,Combined,33,74
speed_1s_stage5_col2_mean,0.014550448029021324,Combined,33,74
speed_1s_stage5_col2_std_over_mean,0.06505804223553181,Combined,33,74
speed_10s_avg_rows,0.012725770232203712,Combined,33,74
speed_10s_avg_stage2_rows,0.00919041768974696,Combined,33,74
speed_10s_avg_stage2_col1_mean,0.017486849115736808,Combined,33,74
speed_10s_avg_stage2_col1_std_over_mean,0.01420155078249345,Combined,33,74
speed_10s_avg_stage2_col2_mean,0.005898267435692038,Combined,33,74
speed_10s_avg_stage2_col2_std_over_mean,0.014573566363597579,Combined,33,74
speed_10s_avg_stage3_rows,0.013497998027501132,Combined,33,74
speed_10s_avg_stage3_col1_mean,0.0212305040369767,Combined,33,74
speed_10s_avg_stage3_col1_std_over_mean,0.01602434005511577,Combined,33,74
speed_10s_avg_stage3_col2_mean,0.01808391608067175,Combined,33,74
speed_10s_avg_stage3_col2_std_over_mean,0.01155031651016423,Combined,33,74
speed_10s_avg_stage4_rows,0.00980232955178447,Combined,33,74
speed_10s_avg_stage4_col1_mean,0.017081494594102242,Combined,33,74
speed_10s_avg_stage4_col1_std_over_mean,0.015100286717824212,Combined,33,74
speed_10s_avg_stage4_col2_mean,0.017235256179435523,Combined,33,74
speed_10s_avg_stage4_col2_std_over_mean,0.013525523245698876,Combined,33,74
speed_10s_avg_stage5_rows,5.162756350515258e-06,Combined,33,74
speed_10s_avg_stage5_col1_mean,0.017940193973159678,Combined,33,74
speed_10s_avg_stage5_col1_std_over_mean,0.020590493828521305,Combined,33,74
speed_10s_avg_stage5_col2_mean,0.013665637783825606,Combined,33,74
speed_10s_avg_stage5_col2_std_over_mean,0.019384849616771126,Combined,33,74
stage_2_frames,0.017132031728320743,Combined,34,75
stage_3_frames,0.007851198077308172,Combined,34,75
stage_4_frames,0.01377856117818715,Combined,34,75
stage_5_frames,0.008304291223724688,Combined,34,75
roam_mean,0.021268183352834927,Combined,34,75
roam_std_over_mean,0.038451111425897494,Combined,34,75
roam_early_mean,0.015266706856975714,Combined,34,75
roam_mid_mean,0.0154698721524073,Combined,34,75
roam_late_mean,0.012941326944354741,Combined,34,75
roam_slope,0.011181840885452453,Combined,34,75
speed_1s_rows,0.01129511919906413,Combined,34,75
speed_1s_stage2_rows,0.006486946357854916,Combined,34,75
speed_1s_stage2_col1_mean,0.019187037138547015,Combined,34,75
speed_1s_stage2_col1_std_over_mean,0.02237683837052868,Combined,34,75
speed_1s_stage2_col2_mean,0.005963240211959828,Combined,34,75
speed_1s_stage2_col2_std_over_mean,0.021985942078471522,Combined,34,75
speed_1s_stage3_rows,0.013891624057288368,Combined,34,75
speed_1s_stage3_col1_mean,0.010078825538183378,Combined,34,75
speed_1s_stage3_col1_std_over_mean,0.012945752110443512,Combined,34,75
speed_1s_stage3_col2_mean,0.014187945424677575,Combined,34,75
speed_1s_stage3_col2_std_over_mean,0.019413835804984576,Combined,34,75
speed_1s_stage4_rows,0.008976930015715498,Combined,34,75
speed_1s_stage4_col1_mean,0.009070667618823186,Combined,34,75
speed_1s_stage4_col1_std_over_mean,0.01407810158435765,Combined,34,75
speed_1s_stage4_col2_mean,0.017268225677324386,Combined,34,75
speed_1s_stage4_col2_std_over_mean,0.03614427506278396,Combined,34,75
speed_1s_stage5_rows,9.412913901181877e-05,Combined,34,75
speed_1s_stage5_col1_mean,0.01079022660567132,Combined,34,75
speed_1s_stage5_col1_std_over_mean,0.22936769349540412,Combined,34,75
speed_1s_stage5_col2_mean,0.017405162059038196,Combined,34,75
speed_1s_stage5_col2_std_over_mean,0.05299472695667525,Combined,34,75
speed_10s_avg_rows,0.012948890074829255,Combined,34,75
speed_10s_avg_stage2_rows,0.00911364867932414,Combined,34,75
speed_10s_avg_stage2_col1_mean,0.01815040575226787,Combined,34,75
speed_10s_avg_stage2_col1_std_over_mean,0.01679671247653503,Combined,34,75
speed_10s_avg_stage2_col2_mean,0.006712411877017189,Combined,34,75
speed_10s_avg_stage2_col2_std_over_mean,0.027012729980066204,Combined,34,75
speed_10s_avg_stage3_rows,0.014832825459860524,Combined,34,75
speed_10s_avg_stage3_col1_mean,0.007430422761799241,Combined,34,75
speed_10s_avg_stage3_col1_std_over_mean,0.021353111327999715,Combined,34,75
speed_10s_avg_stage3_col2_mean,0.01610658060157321,Combined,34,75
speed_10s_avg_stage3_col2_std_over_mean,0.009064600010462314,Combined,34,75
speed_10s_avg_stage4_rows,0.007363046605388964,Combined,34,75
speed_10s_avg_stage4_col1_mean,0.0094777321356254,Combined,34,75
speed_10s_avg_stage4_col1_std_over_mean,0.01756596243736199,Combined,34,75
speed_10s_avg_stage4_col2_mean,0.017385307685827054,Combined,34,75
speed_10s_avg_stage4_col2_std_over_mean,0.01258696222300929,Combined,34,75
speed_10s_avg_stage5_rows,3.592626162832647e-05,Combined,34,75
speed_10s_avg_stage5_col1_mean,0.008659619346271925,Combined,34,75
speed_10s_avg_stage5_col1_std_over_mean,0.024288064865993737,Combined,34,75
speed_10s_avg_stage5_col2_mean,0.010720956935472542,Combined,34,75
speed_10s_avg_stage5_col2_std_over_mean,0.016745714169413877,Combined,34,75
stage_2_frames,0.03706910279734672,Combined,35,76
stage_3_frames,0.01016425936172118,Combined,35,76
stage_4_frames,0.00899948129348482,Combined,35,76
stage_5_frames,0.014111301048549163,Combined,35,76
roam_mean,0.019553755880014352,Combined,35,76
roam_std_over_mean,0.030800493680544404,Combined,35,76
roam_early_mean,0.03438901690755991,Combined,35,76
roam_mid_mean,0.01566853628178959,Combined,35,76
roam_late_mean,0.05346408962935414,Combined,35,76
roam_slope,0.018412323093267485,Combined,35,76
speed_1s_rows,0.015348541290178198,Combined,35,76
speed_1s_stage2_rows,0.008591734296064833,Combined,35,76
speed_1s_stage2_col1_mean,0.009686389332806035,Combined,35,76
speed_1s_stage2_col1_std_over_mean,0.033271220792094006,Combined,35,76
speed_1s_stage2_col2_mean,0.00886921459631811,Combined,35,76
speed_1s_stage2_col2_std_over_mean,0.012345272667618208,Combined,35,76
speed_1s_stage3_rows,0.008887377225285624,Combined,35,76
speed_1s_stage3_col1_mean,0.011416700938824968,Combined,35,76
speed_1s_stage3_col1_std_over_mean,0.02779926980434267,Combined,35,76
speed_1s_stage3_col2_mean,0.013252490882614385,Combined,35,76
speed_1s_stage3_col2_std_over_mean,0.01923852734390479,Combined,35,76
speed_1s_stage4_rows,0.012332405368913798,Combined,35,76
speed_1s_stage4_col1_mean,0.011535391240513735,Combined,35,76
speed_1s_stage4_col1_std_over_mean,0.014171166600422343,Combined,35,76
speed_1s_stage4_col2_mean,0.013214191581130262,Combined,35,76
speed_1s_stage4_col2_std_over_mean,0.04533106421646592,Combined,35,76
speed_1s_stage5_rows,0.00024358995994443772,Combined,35,76
speed_1s_stage5_col1_mean,0.022289961111146506,Combined,35,76
speed_1s_stage5_col1_std_over_mean,0.11523274979121645,Combined,35,76
speed_1s_stage5_col2_mean,0.015205485305351265,Combined,35,76
speed_1s_stage5_col2_std_over_mean,0.03644582592982978,Combined,35,76
speed_10s_avg_rows,0.015243145757689511,Combined,35,76
speed_10s_avg_stage2_rows,0.006998154198782429,Combined,35,76
speed_10s_avg_stage2_col1_mean,0.00906791526788611,Combined,35,76
speed_10s_avg_stage2_col1_std_over_mean,0.019375191262665424,Combined,35,76
speed_10s_avg_stage2_col2_mean,0.008288325522248017,Combined,35,76
speed_10s_avg_stage2_col2_std_over_mean,0.01687931376455446,Combined,35,76
speed_10s_avg_stage3_rows,0.00789090627701831,Combined,35,76
speed_10s_avg_stage3_col1_mean,0.012952031939517255,Combined,35,76
speed_10s_avg_stage3_col1_std_over_mean,0.01424350312056591,Combined,35,76
speed_10s_avg_stage3_col2_mean,0.012811553184840204,Combined,35,76
speed_10s_avg_stage3_col2_std_over_mean,0.015467195932174745,Combined,35,76
speed_10s_avg_stage4_rows,0.010966465840260684,Combined,35,76
speed_10s_avg_stage4_col1_mean,0.012093597329523207,Combined,35,76
speed_10s_avg_stage4_col1_std_over_mean,0.027315999259278915,Combined,35,76
speed_10s_avg_stage4_col2_mean,0.013739638153842453,Combined,35,76
speed_10s_avg_stage4_col2_std_over_mean,0.018686808945668484,Combined,35,76
speed_10s_avg_stage5_rows,0.0001971784146400222,Combined,35,76
speed_10s_avg_stage5_col1_mean,0.01621024068504177,Combined,35,76
speed_10s_avg_stage5_col1_std_over_mean,0.02696600007772513,Combined,35,76
speed_10s_avg_stage5_col2_mean,0.016309777521405847,Combined,35,76
speed_10s_avg_stage5_col2_std_over_mean,0.020956127296053142,Combined,35,76
stage_2_frames,0.04760746405773886,Combined,36,77
stage_3_frames,0.008175156212645553,Combined,36,77
stage_4_frames,0.012759774327787118,Combined,36,77
stage_5_frames,0.00993775118170423,Combined,36,77
roam_mean,0.024790375686699177,Combined,36,77
roam_std_over_mean,0.01930635183107366,Combined,36,77
roam_early_mean,0.023934195085780065,Combined,36,77
roam_mid_mean,0.02185059501618258,Combined,36,77
roam_late_mean,0.01468162432666988,Combined,36,77
roam_slope,0.01689439999938641,Combined,36,77
speed_1s_rows,0.01580267393231624,Combined,36,77
speed_1s_stage2_rows,0.007480315877570881,Combined,36,77
speed_1s_stage2_col1_mean,0.017042610491223933,Combined,36,77
speed_1s_stage2_col1_std_over_mean,0.027061005788771474,Combined,36,77
speed_1s_stage2_col2_mean,0.0064477125706627935,Combined,36,77
speed_1s_stage2_col2_std_over_mean,0.018983050504686884,Combined,36,77
speed_1s_stage3_rows,0.012375547296395562,Combined,36,77
speed_1s_stage3_col1_mean,0.018858206464187822,Combined,36,77
speed_1s_stage3_col1_std_over_mean,0.01743778750263196,Combined,36,77
speed_1s_stage3_col2_mean,0.006162893980028198,Combined,36,77
speed_1s_stage3_col2_std_over_mean,0.018784527880116246,Combined,36,77
speed_1s_stage4_rows,0.01105772177316689,Combined,36,77
speed_1s_stage4_col1_mean,0.014105177153000845,Combined,36,77
speed_1s_stage4_col1_std_over_mean,0.01064995863300977,Combined,36,77
speed_1s_stage4_col2_mean,0.015578403580165049,Combined,36,77
speed_1s_stage4_col2_std_over_mean,0.04032238907357293,Combined,36,77
speed_1s_stage5_rows,0.0001988041389315578,Combined,36,77
speed_1s_stage5_col1_mean,0.015786960545418987,Combined,36,77
speed_1s_stage5_col1_std_over_mean,0.08261123827607966,Combined,36,77
speed_1s_stage5_col2_mean,0.01837469864184918,Combined,36,77
speed_1s_stage5_col2_std_over_mean,0.05254459934860863,Combined,36,77
speed_10s_avg_rows,0.017327257452701972,Combined,36,77
speed_10s_avg_stage2_rows,0.007767418016769043,Combined,36,77
speed_10s_avg_stage2_col1_mean,0.01982158481241965,Combined,36,77
speed_10s_avg_stage2_col1_std_over_mean,0.02477440137422544,Combined,36,77
speed_10s_avg_stage2_col2_mean,0.007865283619109016,Combined,36,77
speed_10s_avg_stage2_col2_std_over_mean,0.023600402009923558,Combined,36,77
speed_10s_avg_stage3_rows,0.011526854390018925,Combined,36,77
speed_10s_avg_stage3_col1_mean,0.020918266932921092,Combined,36,77
speed_10s_avg_stage3_col1_std_over_mean,0.017556720000184507,Combined,36,77
speed_10s_avg_stage3_col2_mean,0.008859919254732389,Combined,36,77
speed_10s_avg_stage3_col2_std_over_mean,0.019064942950345425,Combined,36,77
speed_10s_avg_stage4_rows,0.009289917759276912,Combined,36,77
speed_10s_avg_stage4_col1_mean,0.010863531167483266,Combined,36,77
speed_10s_avg_stage4_col1_std_over_mean,0.03677664568469201,Combined,36,77
speed_10s_avg_stage4_col2_mean,0.01844805260105257,Combined,36,77
speed_10s_avg_stage4_col2_std_over_mean,0.015691898181676392,Combined,36,77
speed_10s_avg_stage5_rows,0.00011695034650347264,Combined,36,77
speed_10s_avg_stage5_col1_mean,0.016658281884825512,Combined,36,77
speed_10s_avg_stage5_col1_std_over_mean,0.016383850672889565,Combined,36,77
speed_10s_avg_stage5_col2_mean,0.016460313101029394,Combined,36,77
speed_10s_avg_stage5_col2_std_over_mean,0.05262353660915676,Combined,36,77
stage_2_frames,0.04365145879194786,Combined,37,78
stage_3_frames,0.003992325244660844,Combined,37,78
stage_4_frames,0.009477700531297994,Combined,37,78
stage_5_frames,0.014256805717262365,Combined,37,78
roam_mean,0.016471458083055376,Combined,37,78
roam_std_over_mean,0.0246778153186176,Combined,37,78
roam_early_mean,0.023191206155234918,Combined,37,78
roam_mid_mean,0.01657568006876123,Combined,37,78
roam_late_mean,0.04674675900721548,Combined,37,78
roam_slope,0.016347917914075076,Combined,37,78
speed_1s_rows,0.02241657708059651,Combined,37,78
speed_1s_stage2_rows,0.0041182698330765495,Combined,37,78
speed_1s_stage2_col1_mean,0.00950794048791526,Combined,37,78
speed_1s_stage2_col1_std_over_mean,0.024886136514664155,Combined,37,78
speed_1s_stage2_col2_mean,0.007206065696325033,Combined,37,78
speed_1s_stage2_col2_std_over_mean,0.010779449576341206,Combined,37,78
speed_1s_stage3_rows,0.010805526033126846,Combined,37,78
speed_1s_stage3_col1_mean,0.01503693170946656,Combined,37,78
speed_1s_stage3_col1_std_over_mean,0.017150175213828365,Combined,37,78
speed_1s_stage3_col2_mean,0.01720649873993247,Combined,37,78
speed_1s_stage3_col2_std_over_mean,0.043084663888793034,Combined,37,78
speed_1s_stage4_rows,0.014047380220008298,Combined,37,78
speed_1s_stage4_col1_mean,0.011167122189259082,Combined,37,78
speed_1s_stage4_col1_std_over_mean,0.017504552215098553,Combined,37,78
speed_1s_stage4_col2_mean,0.014532711524528537,Combined,37,78
speed_1s_stage4_col2_std_over_mean,0.07295952789214011,Combined,37,78
speed_1s_stage5_rows,0.0002943215847846498,Combined,37,78
speed_1s_stage5_col1_mean,0.01570044739338558,Combined,37,78
speed_1s_stage5_col1_std_over_mean,0.10453464407352883,Combined,37,78
speed_1s_stage5_col2_mean,0.012579912480283622,Combined,37,78
speed_1s_stage5_col2_std_over_mean,0.0325197548399647,Combined,37,78
speed_10s_avg_rows,0.018438798970910383,Combined,37,78
speed_10s_avg_stage2_rows,0.0060454887434436035,Combined,37,78
speed_10s_avg_stage2_col1_mean,0.009729703291264137,Combined,37,78
speed_10s_avg_stage2_col1_std_over_mean,0.021036048476265678,Combined,37,78
speed_10s_avg_stage2_col2_mean,0.0077484202743653904,Combined,37,78
speed_10s_avg_stage2_col2_std_over_mean,0.025083153963531928,Combined,37,78
speed_10s_avg_stage3_rows,0.009841727224323723,Combined,37,78
speed_10s_avg_stage3_col1_mean,0.016695262929067242,Combined,37,78
speed_10s_avg_stage3_col1_std_over_mean,0.016008077589539135,Combined,37,78
speed_10s_avg_stage3_col2_mean,0.020028789364658267,Combined,37,78
speed_10s_avg_stage3_col2_std_over_mean,0.02036446553506067,Combined,37,78
speed_10s_avg_stage4_rows,0.013376502097340322,Combined,37,78
speed_10s_avg_stage4_col1_mean,0.011004500609201816,Combined,37,78
speed_10s_avg_stage4_col1_std_over_mean,0.011980911492079195,Combined,37,78
speed_10s_avg_stage4_col2_mean,0.016162968899289733,Combined,37,78
speed_10s_avg_stage4_col2_std_over_mean,0.01826617743148377,Combined,37,78
speed_10s_avg_stage5_rows,0.0006989467174368131,Combined,37,78
speed_10s_avg_stage5_col1_mean,0.01408518983537912,Combined,37,78
speed_10s_avg_stage5_col1_std_over_mean,0.02165072883823405,Combined,37,78
speed_10s_avg_stage5_col2_mean,0.010320228465426337,Combined,37,78
speed_10s_avg_stage5_col2_std_over_mean,0.018006173232522175,Combined,37,78
stage_2_frames,0.06389224622917761,Combined,38,79
stage_3_frames,0.006267619408814978,Combined,38,79
stage_4_frames,0.011263599424579995,Combined,38,79
stage_5_frames,0.010220915401141272,Combined,38,79
roam_mean,0.020113872883567755,Combined,38,79
roam_std_over_mean,0.015528195002583746,Combined,38,79
roam_early_mean,0.021591049230268184,Combined,38,79
roam_mid_mean,0.012726244302316395,Combined,38,79
roam_late_mean,0.030512282630328534,Combined,38,79
roam_slope,0.01329552006973369,Combined,38,79
speed_1s_rows,0.01553155728340104,Combined,38,79
speed_1s_stage2_rows,0.006828391061272539,Combined,38,79
speed_1s_stage2_col1_mean,0.008825316427231092,Combined,38,79
speed_1s_stage2_col1_std_over_mean,0.021770601367771033,Combined,38,79
speed_1s_stage2_col2_mean,0.007765302719120891,Combined,38,79
speed_1s_stage2_col2_std_over_mean,0.015901778277679218,Combined,38,79
speed_1s_stage3_rows,0.0158952771434777,Combined,38,79
speed_1s_stage3_col1_mean,0.011451148654380905,Combined,38,79
speed_1s_stage3_col1_std_over_mean,0.017620347465800334,Combined,38,79
speed_1s_stage3_col2_mean,0.012899303391104091,Combined,38,79
speed_1s_stage3_col2_std_over_mean,0.016125548702369732,Combined,38,79
speed_1s_stage4_rows,0.008817403589545,Combined,38,79
speed_1s_stage4_col1_mean,0.009516509133614019,Combined,38,79
speed_1s_stage4_col1_std_over_mean,0.024809329893766597,Combined,38,79
speed_1s_stage4_col2_mean,0.017015666055181195,Combined,38,79
speed_1s_stage4_col2_std_over_mean,0.0457830544072464,Combined,38,79
speed_1s_stage5_rows,0.00022669044853576695,Combined,38,79
speed_1s_stage5_col1_mean,0.015061741126273506,Combined,38,79
speed_1s_stage5_col1_std_over_mean,0.1294048504580257,Combined,38,79
speed_1s_stage5_col2_mean,0.011492076112098383,Combined,38,79
speed_1s_stage5_col2_std_over_mean,0.02787672674326299,Combined,38,79
speed_10s_avg_rows,0.015380928711129028,Combined,38,79
speed_10s_avg_stage2_rows,0.006691004430680052,Combined,38,79
speed_10s_avg_stage2_col1_mean,0.014794227495618673,Combined,38,79
speed_10s_avg_stage2_col1_std_over_mean,0.02590092433933877,Combined,38,79
speed_10s_avg_stage2_col2_mean,0.00827652829005764,Combined,38,79
speed_10s_avg_stage2_col2_std_over_mean,0.039327917261224234,Combined,38,79
speed_10s_avg_stage3_rows,0.0118581199127452,Combined,38,79
speed_10s_avg_stage3_col1_mean,0.013556878972032194,Combined,38,79
speed_10s_avg_stage3_col1_std_over_mean,0.02155903464179746,Combined,38,79
speed_10s_avg_stage3_col2_mean,0.016282243835400653,Combined,38,79
speed_10s_avg_stage3_col2_std_over_mean,0.015938180259833748,Combined,38,79
speed_10s_avg_stage4_rows,0.010801119468482293,Combined,38,79
speed_10s_avg_stage4_col1_mean,0.01402613522340937,Combined,38,79
speed_10s_avg_stage4_col1_std_over_mean,0.03518540090824489,Combined,38,79
speed_10s_avg_stage4_col2_mean,0.01719264618682936,Combined,38,79
speed_10s_avg_stage4_col2_std_over_mean,0.020531748028797172,Combined,38,79
speed_10s_avg_stage5_rows,9.272851354248477e-05,Combined,38,79
speed_10s_avg_stage5_col1_mean,0.0159368687740676,Combined,38,79
speed_10s_avg_stage5_col1_std_over_mean,0.024731564858604567,Combined,38,79
speed_10s_avg_stage5_col2_mean,0.008515541061248284,Combined,38,79
speed_10s_avg_stage5_col2_std_over_mean,0.017390093783245894,Combined,38,79
stage_2_frames,0.04552772612857455,Combined,39,80
stage_3_frames,0.005939690058924294,Combined,39,80
stage_4_frames,0.017223913674822667,Combined,39,80
stage_5_frames,0.010506896073178725,Combined,39,80
roam_mean,0.02596237322280123,Combined,39,80
roam_std_over_mean,0.019969409482975254,Combined,39,80
roam_early_mean,0.030581853432632807,Combined,39,80
roam_mid_mean,0.02006594999315306,Combined,39,80
roam_late_mean,0.020653377417801155,Combined,39,80
roam_slope,0.022766016865815576,Combined,39,80
speed_1s_rows,0.017061884119192357,Combined,39,80
speed_1s_stage2_rows,0.005242193413847293,Combined,39,80
speed_1s_stage2_col1_mean,0.018527969909081565,Combined,39,80
speed_1s_stage2_col1_std_over_mean,0.02423348850401023,Combined,39,80
speed_1s_stage2_col2_mean,0.009645044740865891,Combined,39,80
speed_1s_stage2_col2_std_over_mean,0.017224636980332643,Combined,39,80
speed_1s_stage3_rows,0.012524318520956722,Combined,39,80
speed_1s_stage3_col1_mean,0.013629506437563936,Combined,39,80
speed_1s_stage3_col1_std_over_mean,0.024785977065250316,Combined,39,80
speed_1s_stage3_col2_mean,0.012489299418060215,Combined,39,80
speed_1s_stage3_col2_std_over_mean,0.017982367915025662,Combined,39,80
speed_1s_stage4_rows,0.009932208040913023,Combined,39,80
speed_1s_stage4_col1_mean,0.011006907367076723,Combined,39,80
speed_1s_stage4_col1_std_over_mean,0.023942037619694604,Combined,39,80
speed_1s_stage4_col2_mean,0.011392924881527166,Combined,39,80
speed_1s_stage4_col2_std_over_mean,0.0243668839296594,Combined,39,80
speed_1s_stage5_rows,0.0002565385625608527,Combined,39,80
speed_1s_stage5_col1_mean,0.01852965908117838,Combined,39,80
speed_1s_stage5_col1_std_over_mean,0.10284160794909188,Combined,39,80
speed_1s_stage5_col2_mean,0.0240057874913442,Combined,39,80
speed_1s_stage5_col2_std_over_mean,0.05059344278194725,Combined,39,80
speed_10s_avg_rows,0.01642960901131909,Combined,39,80
speed_10s_avg_stage2_rows,0.006871151421806218,Combined,39,80
speed_10s_avg_stage2_col1_mean,0.019321828447857646,Combined,39,80
speed_10s_avg_stage2_col1_std_over_mean,0.022608723491640163,Combined,39,80
speed_10s_avg_stage2_col2_mean,0.006676408617333341,Combined,39,80
speed_10s_avg_stage2_col2_std_over_mean,0.029278697327453685,Combined,39,80
speed_10s_avg_stage3_rows,0.012304478338740484,Combined,39,80
speed_10s_avg_stage3_col1_mean,0.014359907207644405,Combined,39,80
speed_10s_avg_stage3_col1_std_over_mean,0.024199794475113997,Combined,39,80
speed_10s_avg_stage3_col2_mean,0.015560855219563855,Combined,39,80
speed_10s_avg_stage3_col2_std_over_mean,0.01788258911332808,Combined,39,80
speed_10s_avg_stage4_rows,0.009669660471290186,Combined,39,80
speed_10s_avg_stage4_col1_mean,0.01049411619024844,Combined,39,80
speed_10s_avg_stage4_col1_std_over_mean,0.030063235405749324,Combined,39,80
speed_10s_avg_stage4_col2_mean,0.012483193746505493,Combined,39,80
speed_10s_avg_stage4_col2_std_over_mean,0.01018747305341859,Combined,39,80
speed_10s_avg_stage5_rows,0.00012466983485208335,Combined,39,80
speed_10s_avg_stage5_col1_mean,0.016574764069748425,Combined,39,80
speed_10s_avg_stage5_col1_std_over_mean,0.0237497867873025,Combined,39,80
speed_10s_avg_stage5_col2_mean,0.014484381250833398,Combined,39,80
speed_10s_avg_stage5_col2_std_over_mean,0.017262785438390993,Combined,39,80
stage_2_frames,0.051498937237387785,Combined,40,81
stage_3_frames,0.007901945114504694,Combined,40,81
stage_4_frames,0.01354771268326047,Combined,40,81
stage_5_frames,0.011248299312951153,Combined,40,81
roam_mean,0.012980333577168513,Combined,40,81
roam_std_over_mean,0.015945509182699085,Combined,40,81
roam_early_mean,0.010637426996329866,Combined,40,81
roam_mid_mean,0.017611281833333152,Combined,40,81
roam_late_mean,0.025079472626958893,Combined,40,81
roam_slope,0.01617840693166613,Combined,40,81
speed_1s_rows,0.008245579979879328,Combined,40,81
speed_1s_stage2_rows,0.009329869511195101,Combined,40,81
speed_1s_stage2_col1_mean,0.018305483425216085,Combined,40,81
speed_1s_stage2_col1_std_over_mean,0.015194636977319724,Combined,40,81
speed_1s_stage2_col2_mean,0.006744657812359205,Combined,40,81
speed_1s_stage2_col2_std_over_mean,0.009693703441638642,Combined,40,81
speed_1s_stage3_rows,0.010253756330839796,Combined,40,81
speed_1s_stage3_col1_mean,0.007874543797891377,Combined,40,81
speed_1s_stage3_col1_std_over_mean,0.015672790160118816,Combined,40,81
speed_1s_stage3_col2_mean,0.020231019429023767,Combined,40,81
speed_1s_stage3_col2_std_over_mean,0.026109662308270748,Combined,40,81
speed_1s_stage4_rows,0.01353669434918751,Combined,40,81
speed_1s_stage4_col1_mean,0.00973765923875602,Combined,40,81
speed_1s_stage4_col1_std_over_mean,0.01181510068383902,Combined,40,81
speed_1s_stage4_col2_mean,0.012756487656382692,Combined,40,81
speed_1s_stage4_col2_std_over_mean,0.025630399983123497,Combined,40,81
speed_1s_stage5_rows,3.448169394841207e-05,Combined,40,81
speed_1s_stage5_col1_mean,0.014439967375078225,Combined,40,81
speed_1s_stage5_col1_std_over_mean,0.20636093086301813,Combined,40,81
speed_1s_stage5_col2_mean,0.025404764688893335,Combined,40,81
speed_1s_stage5_col2_std_over_mean,0.03848888454860265,Combined,40,81
speed_10s_avg_rows,0.009327014578522428,Combined,40,81
speed_10s_avg_stage2_rows,0.009216888239378137,Combined,40,81
speed_10s_avg_stage2_col1_mean,0.02202035080870043,Combined,40,81
speed_10s_avg_stage2_col1_std_over_mean,0.015550289712493755,Combined,40,81
speed_10s_avg_stage2_col2_mean,0.005581856251981837,Combined,40,81
speed_10s_avg_stage2_col2_std_over_mean,0.01994342816326516,Combined,40,81
speed_10s_avg_stage3_rows,0.011415772581518822,Combined,40,81
speed_10s_avg_stage3_col1_mean,0.009694685529366745,Combined,40,81
speed_10s_avg_stage3_col1_std_over_mean,0.020094969633461107,Combined,40,81
speed_10s_avg_stage3_col2_mean,0.01885338092547146,Combined,40,81
speed_10s_avg_stage3_col2_std_over_mean,0.015007021728275808,Combined,40,81
speed_10s_avg_stage4_rows,0.011547533254000509,Combined,40,81
speed_10s_avg_stage4_col1_mean,0.01020736540786303,Combined,40,81
speed_10s_avg_stage4_col1_std_over_mean,0.027012395131656472,Combined,40,81
speed_10s_avg_stage4_col2_mean,0.01318960964993155,Combined,40,81
speed_10s_avg_stage4_col2_std_over_mean,0.00922823995432673,Combined,40,81
speed_10s_avg_stage5_rows,2.579071432280639e-05,Combined,40,81
speed_10s_avg_stage5_col1_mean,0.01075910290288083,Combined,40,81
speed_10s_avg_stage5_col1_std_over_mean,0.02470158308019553,Combined,40,81
speed_10s_avg_stage5_col2_mean,0.02499062999030405,Combined,40,81
speed_10s_avg_stage5_col2_std_over_mean,0.02314169201124091,Combined,40,81
stage_2_frames,0.06739630761525768,Combined,41,82
stage_3_frames,0.008516253433856969,Combined,41,82
stage_4_frames,0.011899825972422654,Combined,41,82
stage_5_frames,0.008641638537413626,Combined,41,82
roam_mean,0.017455894261197993,Combined,41,82
roam_std_over_mean,0.0402224786026027,Combined,41,82
roam_early_mean,0.01529165808389059,Combined,41,82
roam_mid_mean,0.015611619062114711,Combined,41,82
roam_late_mean,0.05881194299721076,Combined,41,82
roam_slope,0.011916529187248105,Combined,41,82
speed_1s_rows,0.02304446469299694,Combined,41,82
speed_1s_stage2_rows,0.006572106617786324,Combined,41,82
speed_1s_stage2_col1_mean,0.009362220191295414,Combined,41,82
speed_1s_stage2_col1_std_over_mean,0.028340117289167282,Combined,41,82
speed_1s_stage2_col2_mean,0.009513346708206213,Combined,41,82
speed_1s_stage2_col2_std_over_mean,0.01789533557915864,Combined,41,82
speed_1s_stage3_rows,0.011112464345491088,Combined,41,82
speed_1s_stage3_col1_mean,0.006928162278953209,Combined,41,82
speed_1s_stage3_col1_std_over_mean,0.019239850583297934,Combined,41,82
speed_1s_stage3_col2_mean,0.013556893878070206,Combined,41,82
speed_1s_stage3_col2_std_over_mean,0.016789045854191362,Combined,41,82
speed_1s_stage4_rows,0.011169826780121874,Combined,41,82
speed_1s_stage4_col1_mean,0.009937239838604395,Combined,41,82
speed_1s_stage4_col1_std_over_mean,0.015564283782864037,Combined,41,82
speed_1s_stage4_col2_mean,0.025320500870845322,Combined,41,82
speed_1s_stage4_col2_std_over_mean,0.03467980152285981,Combined,41,82
speed_1s_stage5_rows,0.0002299185990088788,Combined,41,82
speed_1s_stage5_col1_mean,0.019888081994715357,Combined,41,82
speed_1s_stage5_col1_std_over_mean,0.11240062997332427,Combined,41,82
speed_1s_stage5_col2_mean,0.013322923778118405,Combined,41,82
speed_1s_stage5_col2_std_over_mean,0.03221832312256581,Combined,41,82
speed_10s_avg_rows,0.01963535298986343,Combined,41,82
speed_10s_avg_stage2_rows,0.008364675297968464,Combined,41,82
speed_10s_avg_stage2_col1_mean,0.008521144098768106,Combined,41,82
speed_10s_avg_stage2_col1_std_over_mean,0.022480200410212092,Combined,41,82
speed_10s_avg_stage2_col2_mean,0.009442799856749841,Combined,41,82
speed_10s_avg_stage2_col2_std_over_mean,0.015641403556037135,Combined,41,82
speed_10s_avg_stage3_rows,0.01045710911317843,Combined,41,82
speed_10s_avg_stage3_col1_mean,0.008104176192402127,Combined,41,82
speed_10s_avg_stage3_col1_std_over_mean,0.014586736185480452,Combined,41,82
speed_10s_avg_stage3_col2_mean,0.01761493096437904,Combined,41,82
speed_10s_avg_stage3_col2_std_over_mean,0.012394455324348866,Combined,41,82
speed_10s_avg_stage4_rows,0.01143852883039071,Combined,41,82
speed_10s_avg_stage4_col1_mean,0.012926252601782985,Combined,41,82
speed_10s_avg_stage4_col1_std_over_mean,0.026971075423846122,Combined,41,82
speed_10s_avg_stage4_col2_mean,0.02116123983809932,Combined,41,82
speed_10s_avg_stage4_col2_std_over_mean,0.022788073098834804,Combined,41,82
speed_10s_avg_stage5_rows,0.00043758049903482385,Combined,41,82
speed_10s_avg_stage5_col1_mean,0.017402547004493077,Combined,41,82
speed_10s_avg_stage5_col1_std_over_mean,0.013425779554354153,Combined,41,82
speed_10s_avg_stage5_col2_mean,0.01837540833946727,Combined,41,82
speed_10s_avg_stage5_col2_std_over_mean,0.014980844785450208,Combined,41,82
stage_2_frames,0.04596301885415637,Combined,42,83
stage_3_frames,0.00729833136714133,Combined,42,83
stage_4_frames,0.00931556773264261,Combined,42,83
stage_5_frames,0.007975465777133364,Combined,42,83
roam_mean,0.014997354250929748,Combined,42,83
roam_std_over_mean,0.03740498130186085,Combined,42,83
roam_early_mean,0.02449048798999077,Combined,42,83
roam_mid_mean,0.015916822673557676,Combined,42,83
roam_late_mean,0.03343566635595303,Combined,42,83
roam_slope,0.010015602868072269,Combined,42,83
speed_1s_rows,0.016924918005943642,Combined,42,83
speed_1s_stage2_rows,0.010649937619064567,Combined,42,83
speed_1s_stage2_col1_mean,0.011768175637132738,Combined,42,83
speed_1s_stage2_col1_std_over_mean,0.028486061596371254,Combined,42,83
speed_1s_stage2_col2_mean,0.007989622150749005,Combined,42,83
speed_1s_stage2_col2_std_over_mean,0.016885728765887648,Combined,42,83
speed_1s_stage3_rows,0.009766952939744611,Combined,42,83
speed_1s_stage3_col1_mean,0.028071611923193875,Combined,42,83
speed_1s_stage3_col1_std_over_mean,0.016450874697134618,Combined,42,83
speed_1s_stage3_col2_mean,0.010358963775142638,Combined,42,83
speed_1s_stage3_col2_std_over_mean,0.013627756927097858,Combined,42,83
speed_1s_stage4_rows,0.010734086197381037,Combined,42,83
speed_1s_stage4_col1_mean,0.014553671365957853,Combined,42,83
speed_1s_stage4_col1_std_over_mean,0.0179616531411311,Combined,42,83
speed_1s_stage4_col2_mean,0.013759922061642898,Combined,42,83
speed_1s_stage4_col2_std_over_mean,0.03488101314366513,Combined,42,83
speed_1s_stage5_rows,9.087858695515805e-05,Combined,42,83
speed_1s_stage5_col1_mean,0.017694425546220215,Combined,42,83
speed_1s_stage5_col1_std_over_mean,0.1289216145132375,Combined,42,83
speed_1s_stage5_col2_mean,0.031239421254391903,Combined,42,83
speed_1s_stage5_col2_std_over_mean,0.049184517662092954,Combined,42,83
speed_10s_avg_rows,0.01269930139895406,Combined,42,83
speed_10s_avg_stage2_rows,0.011847349941975912,Combined,42,83
speed_10s_avg_stage2_col1_mean,0.007652214309900219,Combined,42,83
speed_10s_avg_stage2_col1_std_over_mean,0.01637567301262269,Combined,42,83
speed_10s_avg_stage2_col2_mean,0.0071996351996870735,Combined,42,83
speed_10s_avg_stage2_col2_std_over_mean,0.0221825315905456,Combined,42,83
speed_10s_avg_stage3_rows,0.010546652940067843,Combined,42,83
speed_10s_avg_stage3_col1_mean,0.023973278709684964,Combined,42,83
speed_10s_avg_stage3_col1_std_over_mean,0.013039382204493901,Combined,42,83
speed_10s_avg_stage3_col2_mean,0.012684864026533063,Combined,42,83
speed_10s_avg_stage3_col2_std_over_mean,0.011088724428042315,Combined,42,83
speed_10s_avg_stage4_rows,0.009097310972671708,Combined,42,83
speed_10s_avg_stage4_col1_mean,0.013576842958348207,Combined,42,83
speed_10s_avg_stage4_col1_std_over_mean,0.02155001788710534,Combined,42,83
speed_10s_avg_stage4_col2_mean,0.011509792069095524,Combined,42,83
speed_10s_avg_stage4_col2_std_over_mean,0.013792514207107564,Combined,42,83
speed_10s_avg_stage5_rows,0.00010928593794636039,Combined,42,83
speed_10s_avg_stage5_col1_mean,0.013735813603489059,Combined,42,83
speed_10s_avg_stage5_col1_std_over_mean,0.02281261130205431,Combined,42,83
speed_10s_avg_stage5_col2_mean,0.025203284442926768,Combined,42,83
speed_10s_avg_stage5_col2_std_over_mean,0.022507812175171428,Combined,42,83
stage_2_frames,0.04466165843940354,Combined,43,84
stage_3_frames,0.008082256073256957,Combined,43,84
stage_4_frames,0.014449468593666616,Combined,43,84
stage_5_frames,0.010637881003047203,Combined,43,84
roam_mean,0.014126000326373183,Combined,43,84
roam_std_over_mean,0.015383232267674619,Combined,43,84
roam_early_mean,0.016461540581108294,Combined,43,84
roam_mid_mean,0.014286090428274228,Combined,43,84
roam_late_mean,0.02283455209215623,Combined,43,84
roam_slope,0.016630781268503352,Combined,43,84
speed_1s_rows,0.022782965817739077,Combined,43,84
speed_1s_stage2_rows,0.00751427952692217,Combined,43,84
speed_1s_stage2_col1_mean,0.01057787310277854,Combined,43,84
speed_1s_stage2_col1_std_over_mean,0.02030460835434013,Combined,43,84
speed_1s_stage2_col2_mean,0.007310695655069049,Combined,43,84
speed_1s_stage2_col2_std_over_mean,0.010712934886495584,Combined,43,84
speed_1s_stage3_rows,0.008911776575136794,Combined,43,84
speed_1s_stage3_col1_mean,0.013963583564778712,Combined,43,84
speed_1s_stage3_col1_std_over_mean,0.012771910173226273,Combined,43,84
speed_1s_stage3_col2_mean,0.018465597180130074,Combined,43,84
speed_1s_stage3_col2_std_over_mean,0.02830146886207327,Combined,43,84
speed_1s_stage4_rows,0.011270738669834529,Combined,43,84
speed_1s_stage4_col1_mean,0.008637044507516525,Combined,43,84
speed_1s_stage4_col1_std_over_mean,0.017618899862433368,Combined,43,84
speed_1s_stage4_col2_mean,0.016622645887317062,Combined,43,84
speed_1s_stage4_col2_std_over_mean,0.032591104517303474,Combined,43,84
speed_1s_stage5_rows,0.0004451785928434525,Combined,43,84
speed_1s_stage5_col1_mean,0.03128646452958265,Combined,43,84
speed_1s_stage5_col1_std_over_mean,0.12436855243330588,Combined,43,84
speed_1s_stage5_col2_mean,0.02131670539338994,Combined,43,84
speed_1s_stage5_col2_std_over_mean,0.055297993816071166,Combined,43,84
speed_10s_avg_rows,0.021757072649360495,Combined,43,84
speed_10s_avg_stage2_rows,0.006800285120652957,Combined,43,84
speed_10s_avg_stage2_col1_mean,0.014554003172943919,Combined,43,84
speed_10s_avg_stage2_col1_std_over_mean,0.020571959517910174,Combined,43,84
speed_10s_avg_stage2_col2_mean,0.007247983218570201,Combined,43,84
speed_10s_avg_stage2_col2_std_over_mean,0.022988691918615838,Combined,43,84
speed_10s_avg_stage3_rows,0.011339441696857315,Combined,43,84
speed_10s_avg_stage3_col1_mean,0.014363314852974006,Combined,43,84
speed_10s_avg_stage3_col1_std_over_mean,0.017062667021456587,Combined,43,84
speed_10s_avg_stage3_col2_mean,0.01703443690615264,Combined,43,84
speed_10s_avg_stage3_col2_std_over_mean,0.013693718691255997,Combined,43,84
speed_10s_avg_stage4_rows,0.008451859082457583,Combined,43,84
speed_10s_avg_stage4_col1_mean,0.007605189497362841,Combined,43,84
speed_10s_avg_stage4_col1_std_over_mean,0.037297694549990885,Combined,43,84
speed_10s_avg_stage4_col2_mean,0.013746122137237556,Combined,43,84
speed_10s_avg_stage4_col2_std_over_mean,0.016955174765656663,Combined,43,84
speed_10s_avg_stage5_rows,0.0001090336650513321,Combined,43,84
speed_10s_avg_stage5_col1_mean,0.030378341114738496,Combined,43,84
speed_10s_avg_stage5_col1_std_over_mean,0.011795245600199292,Combined,43,84
speed_10s_avg_stage5_col2_mean,0.025624976368330422,Combined,43,84
speed_10s_avg_stage5_col2_std_over_mean,0.02199630547047289,Combined,43,84
stage_2_frames,0.04495285889936923,Combined,44,85
stage_3_frames,0.0050177938725543955,Combined,44,85
stage_4_frames,0.008633863531215081,Combined,44,85
stage_5_frames,0.013876732061594276,Combined,44,85
roam_mean,0.035891642431574014,Combined,44,85
roam_std_over_mean,0.028368132404025206,Combined,44,85
roam_early_mean,0.0425358700400904,Combined,44,85
roam_mid_mean,0.013658422482021912,Combined,44,85
roam_late_mean,0.027209131674705688,Combined,44,85
roam_slope,0.01594948643524692,Combined,44,85
speed_1s_rows,0.011414853970524833,Combined,44,85
speed_1s_stage2_rows,0.0071623445851087385,Combined,44,85
speed_1s_stage2_col1_mean,0.02168725273448807,Combined,44,85
speed_1s_stage2_col1_std_over_mean,0.030138172189910842,Combined,44,85
speed_1s_stage2_col2_mean,0.010089078951049369,Combined,44,85
speed_1s_stage2_col2_std_over_mean,0.015658404064154165,Combined,44,85
speed_1s_stage3_rows,0.010499261032731369,Combined,44,85
speed_1s_stage3_col1_mean,0.015131517300224655,Combined,44,85
speed_1s_stage3_col1_std_over_mean,0.013415015937861013,Combined,44,85
speed_1s_stage3_col2_mean,0.012073110278790228,Combined,44,85
speed_1s_stage3_col2_std_over_mean,0.01583934686398151,Combined,44,85
speed_1s_stage4_rows,0.015840011333072192,Combined,44,85
speed_1s_stage4_col1_mean,0.015879544310069313,Combined,44,85
speed_1s_stage4_col1_std_over_mean,0.013027816629033188,Combined,44,85
speed_1s_stage4_col2_mean,0.01164007215989808,Combined,44,85
speed_1s_stage4_col2_std_over_mean,0.01900785661284258,Combined,44,85
speed_1s_stage5_rows,0.00013300969389617244,Combined,44,85
speed_1s_stage5_col1_mean,0.013859109864577772,Combined,44,85
speed_1s_stage5_col1_std_over_mean,0.12908852980407892,Combined,44,85
speed_1s_stage5_col2_mean,0.01832023847337333,Combined,44,85
speed_1s_stage5_col2_std_over_mean,0.049958615335737845,Combined,44,85
speed_10s_avg_rows,0.014101213572870095,Combined,44,85
speed_10s_avg_stage2_rows,0.0056169400742867885,Combined,44,85
speed_10s_avg_stage2_col1_mean,0.018157217806588133,Combined,44,85
speed_10s_avg_stage2_col1_std_over_mean,0.013743853193757467,Combined,44,85
speed_10s_avg_stage2_col2_mean,0.009050597593908383,Combined,44,85
speed_10s_avg_stage2_col2_std_over_mean,0.019499880879904577,Combined,44,85
speed_10s_avg_stage3_rows,0.012518599290858893,Combined,44,85
speed_10s_avg_stage3_col1_mean,0.011891332485579338,Combined,44,85
speed_10s_avg_stage3_col1_std_over_mean,0.017498714567088715,Combined,44,85
speed_10s_avg_stage3_col2_mean,0.011059450420688231,Combined,44,85
speed_10s_avg_stage3_col2_std_over_mean,0.018850423970946842,Combined,44,85
speed_10s_avg_stage4_rows,0.011679595400317988,Combined,44,85
speed_10s_avg_stage4_col1_mean,0.011913767519892395,Combined,44,85
speed_10s_avg_stage4_col1_std_over_mean,0.01695521334006502,Combined,44,85
speed_10s_avg_stage4_col2_mean,0.014053065612480015,Combined,44,85
speed_10s_avg_stage4_col2_std_over_mean,0.016656407346697277,Combined,44,85
speed_10s_avg_stage5_rows,0.0001746454289887704,Combined,44,85
speed_10s_avg_stage5_col1_mean,0.01269906785087697,Combined,44,85
speed_10s_avg_stage5_col1_std_over_mean,0.03108416078693601,Combined,44,85
speed_10s_avg_stage5_col2_mean,0.018409103623120517,Combined,44,85
speed_10s_avg_stage5_col2_std_over_mean,0.028429653276346317,Combined,44,85
stage_2_frames,0.03671182469329468,Combined,45,86
stage_3_frames,0.009484268236289737,Combined,45,86
stage_4_frames,0.009319091523548168,Combined,45,86
stage_5_frames,0.011360204711333624,Combined,45,86
roam_mean,0.021135279613934164,Combined,45,86
roam_std_over_mean,0.02048165286269632,Combined,45,86
roam_early_mean,0.017937907333699682,Combined,45,86
roam_mid_mean,0.012568942720397892,Combined,45,86
roam_late_mean,0.033441188648057917,Combined,45,86
roam_slope,0.020679481064732164,Combined,45,86
speed_1s_rows,0.013968329007339518,Combined,45,86
speed_1s_stage2_rows,0.009526325409235408,Combined,45,86
speed_1s_stage2_col1_mean,0.011183714979353537,Combined,45,86
speed_1s_stage2_col1_std_over_mean,0.02342511586037937,Combined,45,86
speed_1s_stage2_col2_mean,0.009238584600387989,Combined,45,86
speed_1s_stage2_col2_std_over_mean,0.01214276028318357,Combined,45,86
speed_1s_stage3_rows,0.008288737746929937,Combined,45,86
speed_1s_stage3_col1_mean,0.014333936382882778,Combined,45,86
speed_1s_stage3_col1_std_over_mean,0.03631868901919928,Combined,45,86
speed_1s_stage3_col2_mean,0.011535606311665047,Combined,45,86
speed_1s_stage3_col2_std_over_mean,0.016843729197201427,Combined,45,86
speed_1s_stage4_rows,0.011927225639388283,Combined,45,86
speed_1s_stage4_col1_mean,0.012886197503651702,Combined,45,86
speed_1s_stage4_col1_std_over_mean,0.011352334036880173,Combined,45,86
speed_1s_stage4_col2_mean,0.015238336593872956,Combined,45,86
speed_1s_stage4_col2_std_over_mean,0.060043683711361664,Combined,45,86
speed_1s_stage5_rows,6.367055395062259e-05,Combined,45,86
speed_1s_stage5_col1_mean,0.018236426552517438,Combined,45,86
speed_1s_stage5_col1_std_over_mean,0.11750049688021878,Combined,45,86
speed_1s_stage5_col2_mean,0.018021882088153366,Combined,45,86
speed_1s_stage5_col2_std_over_mean,0.05014259211734315,Combined,45,86
speed_10s_avg_rows,0.011945380905535713,Combined,45,86
speed_10s_avg_stage2_rows,0.010428136627614125,Combined,45,86
speed_10s_avg_stage2_col1_mean,0.010231905238801329,Combined,45,86
speed_10s_avg_stage2_col1_std_over_mean,0.01577615884793314,Combined,45,86
speed_10s_avg_stage2_col2_mean,0.00988723788669961,Combined,45,86
speed_10s_avg_stage2_col2_std_over_mean,0.016791363779457107,Combined,45,86
speed_10s_avg_stage3_rows,0.006677993231118874,Combined,45,86
speed_10s_avg_stage3_col1_mean,0.012636896556337093,Combined,45,86
speed_10s_avg_stage3_col1_std_over_mean,0.02763645409451462,Combined,45,86
speed_10s_avg_stage3_col2_mean,0.012626967362273785,Combined,45,86
speed_10s_avg_stage3_col2_std_over_mean,0.020029769582266002,Combined,45,86
speed_10s_avg_stage4_rows,0.011709896549668936,Combined,45,86
speed_10s_avg_stage4_col1_mean,0.013696320326191353,Combined,45,86
speed_10s_avg_stage4_col1_std_over_mean,0.024806012905254263,Combined,45,86
speed_10s_avg_stage4_col2_mean,0.013080640067456609,Combined,45,86
speed_10s_avg_stage4_col2_std_over_mean,0.02255528725783704,Combined,45,86
speed_10s_avg_stage5_rows,0.00019426657077747223,Combined,45,86
speed_10s_avg_stage5_col1_mean,0.020623132979663828,Combined,45,86
speed_10s_avg_stage5_col1_std_over_mean,0.018483071902145282,Combined,45,86
speed_10s_avg_stage5_col2_mean,0.015494626228985392,Combined,45,86
speed_10s_avg_stage5_col2_std_over_mean,0.029350265216388286,Combined,45,86
stage_2_frames,0.052285127343045704,Combined,46,87
stage_3_frames,0.008320948962622353,Combined,46,87
stage_4_frames,0.012779706310632305,Combined,46,87
stage_5_frames,0.010989274053217162,Combined,46,87
roam_mean,0.016160793897497715,Combined,46,87
roam_std_over_mean,0.023510919396240084,Combined,46,87
roam_early_mean,0.025525520471147832,Combined,46,87
roam_mid_mean,0.019073197157819802,Combined,46,87
roam_late_mean,0.019522849147642102,Combined,46,87
roam_slope,0.018691000354546444,Combined,46,87
speed_1s_rows,0.013422050656282552,Combined,46,87
speed_1s_stage2_rows,0.008168478524211445,Combined,46,87
speed_1s_stage2_col1_mean,0.021282529194008633,Combined,46,87
speed_1s_stage2_col1_std_over_mean,0.02809166040702055,Combined,46,87
speed_1s_stage2_col2_mean,0.00683590711876285,Combined,46,87
speed_1s_stage2_col2_std_over_mean,0.01406414712976886,Combined,46,87
speed_1s_stage3_rows,0.011593173826477343,Combined,46,87
speed_1s_stage3_col1_mean,0.015290933806390645,Combined,46,87
speed_1s_stage3_col1_std_over_mean,0.02122472355326154,Combined,46,87
speed_1s_stage3_col2_mean,0.012513964626526642,Combined,46,87
speed_1s_stage3_col2_std_over_mean,0.02491754354272038,Combined,46,87
speed_1s_stage4_rows,0.011352116443161746,Combined,46,87
speed_1s_stage4_col1_mean,0.01213477393292377,Combined,46,87
speed_1s_stage4_col1_std_over_mean,0.012597540957464081,Combined,46,87
speed_1s_stage4_col2_mean,0.021951882972316417,Combined,46,87
speed_1s_stage4_col2_std_over_mean,0.03730918503397191,Combined,46,87
speed_1s_stage5_rows,4.352420051243715e-05,Combined,46,87
speed_1s_stage5_col1_mean,0.01937430174527763,Combined,46,87
speed_1s_stage5_col1_std_over_mean,0.09805479309460392,Combined,46,87
speed_1s_stage5_col2_mean,0.018477631121370422,Combined,46,87
speed_1s_stage5_col2_std_over_mean,0.06540386490121115,Combined,46,87
speed_10s_avg_rows,0.014274177124245998,Combined,46,87
speed_10s_avg_stage2_rows,0.008811930144260034,Combined,46,87
speed_10s_avg_stage2_col1_mean,0.018410306122300074,Combined,46,87
speed_10s_avg_stage2_col1_std_over_mean,0.02320799974699707,Combined,46,87
speed_10s_avg_stage2_col2_mean,0.012171000967175298,Combined,46,87
speed_10s_avg_stage2_col2_std_over_mean,0.026579329092216976,Combined,46,87
speed_10s_avg_stage3_rows,0.008977936563765904,Combined,46,87
speed_10s_avg_stage3_col1_mean,0.017043211571728358,Combined,46,87
speed_10s_avg_stage3_col1_std_over_mean,0.014390333112783517,Combined,46,87
speed_10s_avg_stage3_col2_mean,0.014251212286435768,Combined,46,87
speed_10s_avg_stage3_col2_std_over_mean,0.014413078153868355,Combined,46,87
speed_10s_avg_stage4_rows,0.012246403366949762,Combined,46,87
speed_10s_avg_stage4_col1_mean,0.013895052018011608,Combined,46,87
speed_10s_avg_stage4_col1_std_over_mean,0.02437330812968051,Combined,46,87
speed_10s_avg_stage4_col2_mean,0.01629434992602681,Combined,46,87
speed_10s_avg_stage4_col2_std_over_mean,0.01234117797344799,Combined,46,87
speed_10s_avg_stage5_rows,0.00013848070604609286,Combined,46,87
speed_10s_avg_stage5_col1_mean,0.015313317566745593,Combined,46,87
speed_10s_avg_stage5_col1_std_over_mean,0.02064370207580155,Combined,46,87
speed_10s_avg_stage5_col2_mean,0.012790721589762473,Combined,46,87
speed_10s_avg_stage5_col2_std_over_mean,0.01846890787909391,Combined,46,87
stage_2_frames,0.030145105423242776,Combined,47,88
stage_3_frames,0.0063318986116560755,Combined,47,88
stage_4_frames,0.016106944682145886,Combined,47,88
stage_5_frames,0.01308139560079151,Combined,47,88
roam_mean,0.015262326682460742,Combined,47,88
roam_std_over_mean,0.021072784243352898,Combined,47,88
roam_early_mean,0.02150406493407793,Combined,47,88
roam_mid_mean,0.015081712667240031,Combined,47,88
roam_late_mean,0.029431742361551952,Combined,47,88
roam_slope,0.015831621671717467,Combined,47,88
speed_1s_rows,0.012204534685654224,Combined,47,88
speed_1s_stage2_rows,0.007485048026277309,Combined,47,88
speed_1s_stage2_col1_mean,0.01376954521350154,Combined,47,88
speed_1s_stage2_col1_std_over_mean,0.02552151794755042,Combined,47,88
speed_1s_stage2_col2_mean,0.010817663056236696,Combined,47,88
speed_1s_stage2_col2_std_over_mean,0.012814385021312364,Combined,47,88
speed_1s_stage3_rows,0.016651747914936173,Combined,47,88
speed_1s_stage3_col1_mean,0.0263103205921432,Combined,47,88
speed_1s_stage3_col1_std_over_mean,0.01510861594063068,Combined,47,88
speed_1s_stage3_col2_mean,0.014845180278184857,Combined,47,88
speed_1s_stage3_col2_std_over_mean,0.01802650679274403,Combined,47,88
speed_1s_stage4_rows,0.014784028991493635,Combined,47,88
speed_1s_stage4_col1_mean,0.03192311353019355,Combined,47,88
speed_1s_stage4_col1_std_over_mean,0.012172169699345653,Combined,47,88
speed_1s_stage4_col2_mean,0.015341911395770813,Combined,47,88
speed_1s_stage4_col2_std_over_mean,0.0509391464261051,Combined,47,88
speed_1s_stage5_rows,4.313491609775368e-05,Combined,47,88
speed_1s_stage5_col1_mean,0.01419924768176891,Combined,47,88
speed_1s_stage5_col1_std_over_mean,0.1216391357877557,Combined,47,88
speed_1s_stage5_col2_mean,0.022624961244502938,Combined,47,88
speed_1s_stage5_col2_std_over_mean,0.02863737464567892,Combined,47,88
speed_10s_avg_rows,0.01094424200294818,Combined,47,88
speed_10s_avg_stage2_rows,0.006532505973266155,Combined,47,88
speed_10s_avg_stage2_col1_mean,0.009088784602143983,Combined,47,88
speed_10s_avg_stage2_col1_std_over_mean,0.017440163970704782,Combined,47,88
speed_10s_avg_stage2_col2_mean,0.011861504628652406,Combined,47,88
speed_10s_avg_stage2_col2_std_over_mean,0.012926203038649378,Combined,47,88
speed_10s_avg_stage3_rows,0.013335124860986222,Combined,47,88
speed_10s_avg_stage3_col1_mean,0.019207463708917044,Combined,47,88
speed_10s_avg_stage3_col1_std_over_mean,0.0214596403339887,Combined,47,88
speed_10s_avg_stage3_col2_mean,0.014825595071305925,Combined,47,88
speed_10s_avg_stage3_col2_std_over_mean,0.017903679700929147,Combined,47,88
speed_10s_avg_stage4_rows,0.012519337327243838,Combined,47,88
speed_10s_avg_stage4_col1_mean,0.023657991203433298,Combined,47,88
speed_10s_avg_stage4_col1_std_over_mean,0.022328770221126937,Combined,47,88
speed_10s_avg_stage4_col2_mean,0.015462304595910564,Combined,47,88
speed_10s_avg_stage4_col2_std_over_mean,0.013284491889296379,Combined,47,88
speed_10s_avg_stage5_rows,1.2563600328748101e-05,Combined,47,88
speed_10s_avg_stage5_col1_mean,0.01748040284889682,Combined,47,88
speed_10s_avg_stage5_col1_std_over_mean,0.018317488893533688,Combined,47,88
speed_10s_avg_stage5_col2_mean,0.021970287323005083,Combined,47,88
speed_10s_avg_stage5_col2_std_over_mean,0.029732567538610855,Combined,47,88
stage_2_frames,0.026138849161929514,Combined,48,89
stage_3_frames,0.011189587004564986,Combined,48,89
stage_4_frames,0.018114124444896254,Combined,48,89
stage_5_frames,0.00865721762992487,Combined,48,89
roam_mean,0.02253822246708582,Combined,48,89
roam_std_over_mean,0.025701204464235527,Combined,48,89
roam_early_mean,0.01780192396748251,Combined,48,89
roam_mid_mean,0.008805077825310283,Combined,48,89
roam_late_mean,0.028705622692680503,Combined,48,89
roam_slope,0.021204975288140943,Combined,48,89
speed_1s_rows,0.023445325260961773,Combined,48,89
speed_1s_stage2_rows,0.0149392069239335,Combined,48,89
speed_1s_stage2_col1_mean,0.014992268364171639,Combined,48,89
speed_1s_stage2_col1_std_over_mean,0.011554916268679806,Combined,48,89
speed_1s_stage2_col2_mean,0.011280798303921152,Combined,48,89
speed_1s_stage2_col2_std_over_mean,0.015129134947699715,Combined,48,89
speed_1s_stage3_rows,0.01925818077799515,Combined,48,89
speed_1s_stage3_col1_mean,0.01140431347649383,Combined,48,89
speed_1s_stage3_col1_std_over_mean,0.012399727562660733,Combined,48,89
speed_1s_stage3_col2_mean,0.013123032475861687,Combined,48,89
speed_1s_stage3_col2_std_over_mean,0.015344538685694641,Combined,48,89
speed_1s_stage4_rows,0.010675554089940708,Combined,48,89
speed_1s_stage4_col1_mean,0.012312149264865015,Combined,48,89
speed_1s_stage4_col1_std_over_mean,0.01789174296995595,Combined,48,89
speed_1s_stage4_col2_mean,0.016801386127947626,Combined,48,89
speed_1s_stage4_col2_std_over_mean,0.03109201285419465,Combined,48,89
speed_1s_stage5_rows,0.00026160448719034105,Combined,48,89
speed_1s_stage5_col1_mean,0.024644380112660944,Combined,48,89
speed_1s_stage5_col1_std_over_mean,0.10386829090376437,Combined,48,89
speed_1s_stage5_col2_mean,0.020103798742904747,Combined,48,89
speed_1s_stage5_col2_std_over_mean,0.07188575438365291,Combined,48,89
speed_10s_avg_rows,0.019893962431711133,Combined,48,89
speed_10s_avg_stage2_rows,0.01325440220714873,Combined,48,89
speed_10s_avg_stage2_col1_mean,0.012759346539918481,Combined,48,89
speed_10s_avg_stage2_col1_std_over_mean,0.016642199674552646,Combined,48,89
speed_10s_avg_stage2_col2_mean,0.007900842033155614,Combined,48,89
speed_10s_avg_stage2_col2_std_over_mean,0.01069558407293215,Combined,48,89
speed_10s_avg_stage3_rows,0.02511347669246242,Combined,48,89
speed_10s_avg_stage3_col1_mean,0.01239895275646193,Combined,48,89
speed_10s_avg_stage3_col1_std_over_mean,0.013877413779408475,Combined,48,89
speed_10s_avg_stage3_col2_mean,0.01324019740580007,Combined,48,89
speed_10s_avg_stage3_col2_std_over_mean,0.01183467957892237,Combined,48,89
speed_10s_avg_stage4_rows,0.010850276114691767,Combined,48,89
speed_10s_avg_stage4_col1_mean,0.01194717054264396,Combined,48,89
speed_10s_avg_stage4_col1_std_over_mean,0.02930979463285047,Combined,48,89
speed_10s_avg_stage4_col2_mean,0.021663787388612143,Combined,48,89
speed_10s_avg_stage4_col2_std_over_mean,0.018831175289042684,Combined,48,89
speed_10s_avg_stage5_rows,0.00013853038504760577,Combined,48,89
speed_10s_avg_stage5_col1_mean,0.02042623942447381,Combined,48,89
speed_10s_avg_stage5_col1_std_over_mean,0.017126252229197295,Combined,48,89
speed_10s_avg_stage5_col2_mean,0.029023113162885566,Combined,48,89
speed_10s_avg_stage5_col2_std_over_mean,0.021807681726678484,Combined,48,89
stage_2_frames,0.028345281999671578,Combined,49,90
stage_3_frames,0.008406226642547863,Combined,49,90
stage_4_frames,0.006867767909606655,Combined,49,90
stage_5_frames,0.009747142173444143,Combined,49,90
roam_mean,0.011915187219124468,Combined,49,90
roam_std_over_mean,0.043164171024781525,Combined,49,90
roam_early_mean,0.011971430102411739,Combined,49,90
roam_mid_mean,0.016419309664694348,Combined,49,90
roam_late_mean,0.03798107891079268,Combined,49,90
roam_slope,0.010974208999244431,Combined,49,90
speed_1s_rows,0.01298646838619287,Combined,49,90
speed_1s_stage2_rows,0.00742977337556767,Combined,49,90
speed_1s_stage2_col1_mean,0.011325031803563137,Combined,49,90
speed_1s_stage2_col1_std_over_mean,0.0136009878536277,Combined,49,90
speed_1s_stage2_col2_mean,0.008889973350152408,Combined,49,90
speed_1s_stage2_col2_std_over_mean,0.02001646335530926,Combined,49,90
speed_1s_stage3_rows,0.0068857238561201685,Combined,49,90
speed_1s_stage3_col1_mean,0.011673065306231332,Combined,49,90
speed_1s_stage3_col1_std_over_mean,0.014804090897839234,Combined,49,90
speed_1s_stage3_col2_mean,0.020836639160476837,Combined,49,90
speed_1s_stage3_col2_std_over_mean,0.023574411761506875,Combined,49,90
speed_1s_stage4_rows,0.009600530563830426,Combined,49,90
speed_1s_stage4_col1_mean,0.010240589583253364,Combined,49,90
speed_1s_stage4_col1_std_over_mean,0.012370561578504144,Combined,49,90
speed_1s_stage4_col2_mean,0.02499333667382568,Combined,49,90
speed_1s_stage4_col2_std_over_mean,0.04791549325600446,Combined,49,90
speed_1s_stage5_rows,0.0003167779981074105,Combined,49,90
speed_1s_stage5_col1_mean,0.01614934934568534,Combined,49,90
speed_1s_stage5_col1_std_over_mean,0.17017090042788804,Combined,49,90
speed_1s_stage5_col2_mean,0.014923144516231876,Combined,49,90
speed_1s_stage5_col2_std_over_mean,0.04998841311802997,Combined,49,90
speed_10s_avg_rows,0.01978620375022922,Combined,49,90
speed_10s_avg_stage2_rows,0.007065090624470931,Combined,49,90
speed_10s_avg_stage2_col1_mean,0.011929491568345154,Combined,49,90
speed_10s_avg_stage2_col1_std_over_mean,0.018843617920962515,Combined,49,90
speed_10s_avg_stage2_col2_mean,0.012897489039509819,Combined,49,90
speed_10s_avg_stage2_col2_std_over_mean,0.010175904996316612,Combined,49,90
speed_10s_avg_stage3_rows,0.007510943667344496,Combined,49,90
speed_10s_avg_stage3_col1_mean,0.01073173631246066,Combined,49,90
speed_10s_avg_stage3_col1_std_over_mean,0.020027894527976955,Combined,49,90
speed_10s_avg_stage3_col2_mean,0.018720251487695353,Combined,49,90
speed_10s_avg_stage3_col2_std_over_mean,0.012281097359753527,Combined,49,90
speed_10s_avg_stage4_rows,0.008230450565653857,Combined,49,90
speed_10s_avg_stage4_col1_mean,0.008887664207019055,Combined,49,90
speed_10s_avg_stage4_col1_std_over_mean,0.02529220647210496,Combined,49,90
speed_10s_avg_stage4_col2_mean,0.02238384774853797,Combined,49,90
speed_10s_avg_stage4_col2_std_over_mean,0.015186509192184835,Combined,49,90
speed_10s_avg_stage5_rows,0.00023799155119721632,Combined,49,90
speed_10s_avg_stage5_col1_mean,0.01139585908929495,Combined,49,90
speed_10s_avg_stage5_col1_std_over_mean,0.027617207921353696,Combined,49,90
speed_10s_avg_stage5_col2_mean,0.013472168959967059,Combined,49,90
speed_10s_avg_stage5_col2_std_over_mean,0.022842842223353643,Combined,49,90
stage_2_frames,0.020480488354767293,Combined,50,91
stage_3_frames,0.007710363067318629,Combined,50,91
stage_4_frames,0.0083591288695386,Combined,50,91
stage_5_frames,0.011336194314658906,Combined,50,91
roam_mean,0.0233049162402675,Combined,50,91
roam_std_over_mean,0.03088325326015975,Combined,50,91
roam_early_mean,0.03135565312002166,Combined,50,91
roam_mid_mean,0.018549797542596145,Combined,50,91
roam_late_mean,0.0251610211889901,Combined,50,91
roam_slope,0.011528733446462209,Combined,50,91
speed_1s_rows,0.010675448660428752,Combined,50,91
speed_1s_stage2_rows,0.006711673566549203,Combined,50,91
speed_1s_stage2_col1_mean,0.0076544916597911785,Combined,50,91
speed_1s_stage2_col1_std_over_mean,0.019275304057659252,Combined,50,91
speed_1s_stage2_col2_mean,0.008338576953026049,Combined,50,91
speed_1s_stage2_col2_std_over_mean,0.025816619534483026,Combined,50,91
speed_1s_stage3_rows,0.012064004896459651,Combined,50,91
speed_1s_stage3_col1_mean,0.021895148962307626,Combined,50,91
speed_1s_stage3_col1_std_over_mean,0.0112087954084955,Combined,50,91
speed_1s_stage3_col2_mean,0.02088973611476959,Combined,50,91
speed_1s_stage3_col2_std_over_mean,0.038124164580433176,Combined,50,91
speed_1s_stage4_rows,0.01164399266521495,Combined,50,91
speed_1s_stage4_col1_mean,0.01265044948864603,Combined,50,91
speed_1s_stage4_col1_std_over_mean,0.01816296372011134,Combined,50,91
speed_1s_stage4_col2_mean,0.015188748527886379,Combined,50,91
speed_1s_stage4_col2_std_over_mean,0.07031013421334749,Combined,50,91
speed_1s_stage5_rows,0.00014733241518168077,Combined,50,91
speed_1s_stage5_col1_mean,0.014330786011706568,Combined,50,91
speed_1s_stage5_col1_std_over_mean,0.08057987106011999,Combined,50,91
speed_1s_stage5_col2_mean,0.016111448794718375,Combined,50,91
speed_1s_stage5_col2_std_over_mean,0.06436200443602426,Combined,50,91
speed_10s_avg_rows,0.01601995108610127,Combined,50,91
speed_10s_avg_stage2_rows,0.005505512295317997,Combined,50,91
speed_10s_avg_stage2_col1_mean,0.009036265768344248,Combined,50,91
speed_10s_avg_stage2_col1_std_over_mean,0.018788841765117303,Combined,50,91
speed_10s_avg_stage2_col2_mean,0.009343041596696825,Combined,50,91
speed_10s_avg_stage2_col2_std_over_mean,0.01976707611897701,Combined,50,91
speed_10s_avg_stage3_rows,0.010617338860441595,Combined,50,91
speed_10s_avg_stage3_col1_mean,0.02138441045529421,Combined,50,91
speed_10s_avg_stage3_col1_std_over_mean,0.029682572956995758,Combined,50,91
speed_10s_avg_stage3_col2_mean,0.02203328151197947,Combined,50,91
speed_10s_avg_stage3_col2_std_over_mean,0.01811911709943051,Combined,50,91
speed_10s_avg_stage4_rows,0.009430377599852009,Combined,50,91
speed_10s_avg_stage4_col1_mean,0.012990219895781172,Combined,50,91
speed_10s_avg_stage4_col1_std_over_mean,0.01977963123443387,Combined,50,91
speed_10s_avg_stage4_col2_mean,0.018518860872604473,Combined,50,91
speed_10s_avg_stage4_col2_std_over_mean,0.020172313599829926,Combined,50,91
speed_10s_avg_stage5_rows,6.517271783075623e-05,Combined,50,91
speed_10s_avg_stage5_col1_mean,0.01191509387115668,Combined,50,91
speed_10s_avg_stage5_col1_std_over_mean,0.02110032680293134,Combined,50,91
speed_10s_avg_stage5_col2_mean,0.017407821344029406,Combined,50,91
speed_10s_avg_stage5_col2_std_over_mean,0.013511527414713283,Combined,50,91
stage_2_frames,0.03395385894568922,Combined,51,92
stage_3_frames,0.007750914428393372,Combined,51,92
stage_4_frames,0.012732795156056322,Combined,51,92
stage_5_frames,0.011673206180312654,Combined,51,92
roam_mean,0.02398065821126696,Combined,51,92
roam_std_over_mean,0.02378572268306005,Combined,51,92
roam_early_mean,0.01929140856414589,Combined,51,92
roam_mid_mean,0.018777990588629553,Combined,51,92
roam_late_mean,0.03862193997201644,Combined,51,92
roam_slope,0.016269895419799642,Combined,51,92
speed_1s_rows,0.00910089260654142,Combined,51,92
speed_1s_stage2_rows,0.007879502808246923,Combined,51,92
speed_1s_stage2_col1_mean,0.019363665493371287,Combined,51,92
speed_1s_stage2_col1_std_over_mean,0.03994755264557568,Combined,51,92
speed_1s_stage2_col2_mean,0.008056830658643682,Combined,51,92
speed_1s_stage2_col2_std_over_mean,0.01292033355595565,Combined,51,92
speed_1s_stage3_rows,0.009383733760940639,Combined,51,92
speed_1s_stage3_col1_mean,0.020532996407953336,Combined,51,92
speed_1s_stage3_col1_std_over_mean,0.019087381258907497,Combined,51,92
speed_1s_stage3_col2_mean,0.014479809928864551,Combined,51,92
speed_1s_stage3_col2_std_over_mean,0.0227774247329864,Combined,51,92
speed_1s_stage4_rows,0.011127665282974555,Combined,51,92
speed_1s_stage4_col1_mean,0.015375170436582396,Combined,51,92
speed_1s_stage4_col1_std_over_mean,0.017769587116329907,Combined,51,92
speed_1s_stage4_col2_mean,0.007943675880875488,Combined,51,92
speed_1s_stage4_col2_std_over_mean,0.021769289981729684,Combined,51,92
speed_1s_stage5_rows,7.38331744464516e-05,Combined,51,92
speed_1s_stage5_col1_mean,0.012844914702036955,Combined,51,92
speed_1s_stage5_col1_std_over_mean,0.1450998177453615,Combined,51,92
speed_1s_stage5_col2_mean,0.018933122754519034,Combined,51,92
speed_1s_stage5_col2_std_over_mean,0.04643790408632447,Combined,51,92
speed_10s_avg_rows,0.010883344876906342,Combined,51,92
speed_10s_avg_stage2_rows,0.004875547058098099,Combined,51,92
speed_10s_avg_stage2_col1_mean,0.015651932275578262,Combined,51,92
speed_10s_avg_stage2_col1_std_over_mean,0.014369617651694772,Combined,51,92
speed_10s_avg_stage2_col2_mean,0.00938100366560595,Combined,51,92
speed_10s_avg_stage2_col2_std_over_mean,0.015550192700271349,Combined,51,92
speed_10s_avg_stage3_rows,0.008534245355498965,Combined,51,92
speed_10s_avg_stage3_col1_mean,0.018901381560541913,Combined,51,92
speed_10s_avg_stage3_col1_std_over_mean,0.019182594545412015,Combined,51,92
speed_10s_avg_stage3_col2_mean,0.016000037924432022,Combined,51,92
speed_10s_avg_stage3_col2_std_over_mean,0.02286817055219496,Combined,51,92
speed_10s_avg_stage4_rows,0.009499741730307699,Combined,51,92
speed_10s_avg_stage4_col1_mean,0.011065307107155965,Combined,51,92
speed_10s_avg_stage4_col1_std_over_mean,0.022250145234754524,Combined,51,92
speed_10s_avg_stage4_col2_mean,0.010669232448079507,Combined,51,92
speed_10s_avg_stage4_col2_std_over_mean,0.01697131806269621,Combined,51,92
speed_10s_avg_stage5_rows,7.17935236267925e-05,Combined,51,92
speed_10s_avg_stage5_col1_mean,0.010592182121028297,Combined,51,92
speed_10s_avg_stage5_col1_std_over_mean,0.022949126422754828,Combined,51,92
speed_10s_avg_stage5_col2_mean,0.019837002641724173,Combined,51,92
speed_10s_avg_stage5_col2_std_over_mean,0.03215258737309985,Combined,51,92
stage_2_frames,0.044944060202577976,Combined,52,93
stage_3_frames,0.006095636076307922,Combined,52,93
stage_4_frames,0.010577362333259491,Combined,52,93
stage_5_frames,0.011442809936167931,Combined,52,93
roam_mean,0.01774084910516469,Combined,52,93
roam_std_over_mean,0.021155511225856603,Combined,52,93
roam_early_mean,0.018922000890788798,Combined,52,93
roam_mid_mean,0.027127041823700692,Combined,52,93
roam_late_mean,0.017428505997304534,Combined,52,93
roam_slope,0.01661698881815709,Combined,52,93
speed_1s_rows,0.0179969394035489,Combined,52,93
speed_1s_stage2_rows,0.007531074655538399,Combined,52,93
speed_1s_stage2_col1_mean,0.01231907305200735,Combined,52,93
speed_1s_stage2_col1_std_over_mean,0.02571052029458789,Combined,52,93
speed_1s_stage2_col2_mean,0.009593132519808116,Combined,52,93
speed_1s_stage2_col2_std_over_mean,0.01614287655178784,Combined,52,93
speed_1s_stage3_rows,0.010164170493138842,Combined,52,93
speed_1s_stage3_col1_mean,0.012812229164700902,Combined,52,93
speed_1s_stage3_col1_std_over_mean,0.011472596408013501,Combined,52,93
speed_1s_stage3_col2_mean,0.011596807048467326,Combined,52,93
speed_1s_stage3_col2_std_over_mean,0.014034459300688293,Combined,52,93
speed_1s_stage4_rows,0.007489911369933679,Combined,52,93
speed_1s_stage4_col1_mean,0.01439543726176517,Combined,52,93
speed_1s_stage4_col1_std_over_mean,0.016738560210123293,Combined,52,93
speed_1s_stage4_col2_mean,0.018889008935201963,Combined,52,93
speed_1s_stage4_col2_std_over_mean,0.0625806503412627,Combined,52,93
speed_1s_stage5_rows,8.120693787057246e-05,Combined,52,93
speed_1s_stage5_col1_mean,0.017701399923765737,Combined,52,93
speed_1s_stage5_col1_std_over_mean,0.09154281125295954,Combined,52,93
speed_1s_stage5_col2_mean,0.020560970622886112,Combined,52,93
speed_1s_stage5_col2_std_over_mean,0.06678100171274046,Combined,52,93
speed_10s_avg_rows,0.024847857088869194,Combined,52,93
speed_10s_avg_stage2_rows,0.006904207268040653,Combined,52,93
speed_10s_avg_stage2_col1_mean,0.01436542819122079,Combined,52,93
speed_10s_avg_stage2_col1_std_over_mean,0.024550629941887905,Combined,52,93
speed_10s_avg_stage2_col2_mean,0.00731416438570232,Combined,52,93
speed_10s_avg_stage2_col2_std_over_mean,0.020807611801334242,Combined,52,93
speed_10s_avg_stage3_rows,0.010462510451735126,Combined,52,93
speed_10s_avg_stage3_col1_mean,0.015241900040740563,Combined,52,93
speed_10s_avg_stage3_col1_std_over_mean,0.013612621368021254,Combined,52,93
speed_10s_avg_stage3_col2_mean,0.010524275376954243,Combined,52,93
speed_10s_avg_stage3_col2_std_over_mean,0.014189669910046639,Combined,52,93
speed_10s_avg_stage4_rows,0.010832837523801951,Combined,52,93
speed_10s_avg_stage4_col1_mean,0.01366241370960114,Combined,52,93
speed_10s_avg_stage4_col1_std_over_mean,0.022555039861144707,Combined,52,93
speed_10s_avg_stage4_col2_mean,0.017657095744407155,Combined,52,93
speed_10s_avg_stage4_col2_std_over_mean,0.015219362305382489,Combined,52,93
speed_10s_avg_stage5_rows,0.00021841383821247654,Combined,52,93
speed_10s_avg_stage5_col1_mean,0.020150982066276957,Combined,52,93
speed_10s_avg_stage5_col1_std_over_mean,0.027712123173895833,Combined,52,93
speed_10s_avg_stage5_col2_mean,0.02824678794979833,Combined,52,93
speed_10s_avg_stage5_col2_std_over_mean,0.022738464132843705,Combined,52,93
stage_2_frames,0.031902405320002485,Combined,53,94
stage_3_frames,0.008500943870083232,Combined,53,94
stage_4_frames,0.009142312780228059,Combined,53,94
stage_5_frames,0.006164198429355488,Combined,53,94
roam_mean,0.013673571191067655,Combined,53,94
roam_std_over_mean,0.04400860349424159,Combined,53,94
roam_early_mean,0.019411447497555086,Combined,53,94
roam_mid_mean,0.009496649613261975,Combined,53,94
roam_late_mean,0.08056774416701819,Combined,53,94
roam_slope,0.0172436924167289,Combined,53,94
speed_1s_rows,0.012020956661732916,Combined,53,94
speed_1s_stage2_rows,0.006474081412190722,Combined,53,94
speed_1s_stage2_col1_mean,0.0068552950644791355,Combined,53,94
speed_1s_stage2_col1_std_over_mean,0.015189502049254304,Combined,53,94
speed_1s_stage2_col2_mean,0.012967186392563652,Combined,53,94
speed_1s_stage2_col2_std_over_mean,0.011010596477408527,Combined,53,94
speed_1s_stage3_rows,0.006850686115213042,Combined,53,94
speed_1s_stage3_col1_mean,0.01252460845990272,Combined,53,94
speed_1s_stage3_col1_std_over_mean,0.01694494009559849,Combined,53,94
speed_1s_stage3_col2_mean,0.017492422387666594,Combined,53,94
speed_1s_stage3_col2_std_over_mean,0.022392411049279463,Combined,53,94
speed_1s_stage4_rows,0.006786992929661507,Combined,53,94
speed_1s_stage4_col1_mean,0.01216113838310825,Combined,53,94
speed_1s_stage4_col1_std_over_mean,0.015927229532757027,Combined,53,94
speed_1s_stage4_col2_mean,0.02758428745053035,Combined,53,94
speed_1s_stage4_col2_std_over_mean,0.0448291721237005,Combined,53,94
speed_1s_stage5_rows,0.00027773562271218074,Combined,53,94
speed_1s_stage5_col1_mean,0.021822785693674976,Combined,53,94
speed_1s_stage5_col1_std_over_mean,0.06430830742568543,Combined,53,94
speed_1s_stage5_col2_mean,0.01423192511026379,Combined,53,94
speed_1s_stage5_col2_std_over_mean,0.07439389618858079,Combined,53,94
speed_10s_avg_rows,0.013660688336386567,Combined,53,94
speed_10s_avg_stage2_rows,0.007844868402763902,Combined,53,94
speed_10s_avg_stage2_col1_mean,0.007102113526395704,Combined,53,94
speed_10s_avg_stage2_col1_std_over_mean,0.021304437205815218,Combined,53,94
speed_10s_avg_stage2_col2_mean,0.009740193740004118,Combined,53,94
speed_10s_avg_stage2_col2_std_over_mean,0.020274335895103322,Combined,53,94
speed_10s_avg_stage3_rows,0.008300400984092147,Combined,53,94
speed_10s_avg_stage3_col1_mean,0.010385954499578872,Combined,53,94
speed_10s_avg_stage3_col1_std_over_mean,0.015000173226684902,Combined,53,94
speed_10s_avg_stage3_col2_mean,0.01329283883971025,Combined,53,94
speed_10s_avg_stage3_col2_std_over_mean,0.02064193121678547,Combined,53,94
speed_10s_avg_stage4_rows,0.010984058164996863,Combined,53,94
speed_10s_avg_stage4_col1_mean,0.01109120738060516,Combined,53,94
speed_10s_avg_stage4_col1_std_over_mean,0.031639412181436705,Combined,53,94
speed_10s_avg_stage4_col2_mean,0.028573306084187663,Combined,53,94
speed_10s_avg_stage4_col2_std_over_mean,0.04032211388693988,Combined,53,94
speed_10s_avg_stage5_rows,0.0004770626070430814,Combined,53,94
speed_10s_avg_stage5_col1_mean,0.016552261975505893,Combined,53,94
speed_10s_avg_stage5_col1_std_over_mean,0.01680841174938736,Combined,53,94
speed_10s_avg_stage5_col2_mean,0.01608915052011837,Combined,53,94
speed_10s_avg_stage5_col2_std_over_mean,0.016757354170951484,Combined,53,94
stage_2_frames,0.04367306825107891,Combined,54,95
stage_3_frames,0.006166550421332374,Combined,54,95
stage_4_frames,0.0060809039496512,Combined,54,95
stage_5_frames,0.013397108443551221,Combined,54,95
roam_mean,0.014924356605071914,Combined,54,95
roam_std_over_mean,0.022410274372579527,Combined,54,95
roam_early_mean,0.010731377164321118,Combined,54,95
roam_mid_mean,0.024199810119091544,Combined,54,95
roam_late_mean,0.05595149647304225,Combined,54,95
roam_slope,0.01628977594473717,Combined,54,95
speed_1s_rows,0.02178804603261911,Combined,54,95
speed_1s_stage2_rows,0.007647654006351881,Combined,54,95
speed_1s_stage2_col1_mean,0.014809366263687248,Combined,54,95
speed_1s_stage2_col1_std_over_mean,0.03618396455741401,Combined,54,95
speed_1s_stage2_col2_mean,0.008935599175042922,Combined,54,95
speed_1s_stage2_col2_std_over_mean,0.014560228738871342,Combined,54,95
speed_1s_stage3_rows,0.008767820160222062,Combined,54,95
speed_1s_stage3_col1_mean,0.020947984176329905,Combined,54,95
speed_1s_stage3_col1_std_over_mean,0.01623455131323416,Combined,54,95
speed_1s_stage3_col2_mean,0.014149316385287703,Combined,54,95
speed_1s_stage3_col2_std_over_mean,0.019366410559500908,Combined,54,95
speed_1s_stage4_rows,0.01548619410442147,Combined,54,95
speed_1s_stage4_col1_mean,0.011430092654255923,Combined,54,95
speed_1s_stage4_col1_std_over_mean,0.009737908116089945,Combined,54,95
speed_1s_stage4_col2_mean,0.011868569636908898,Combined,54,95
speed_1s_stage4_col2_std_over_mean,0.0674117398615388,Combined,54,95
speed_1s_stage5_rows,0.0001014489635799455,Combined,54,95
speed_1s_stage5_col1_mean,0.01283479778283834,Combined,54,95
speed_1s_stage5_col1_std_over_mean,0.04863997716849595,Combined,54,95
speed_1s_stage5_col2_mean,0.019701551549123186,Combined,54,95
speed_1s_stage5_col2_std_over_mean,0.0716206152132805,Combined,54,95
speed_10s_avg_rows,0.01838724491316731,Combined,54,95
speed_10s_avg_stage2_rows,0.00597939993086899,Combined,54,95
speed_10s_avg_stage2_col1_mean,0.013152165457040782,Combined,54,95
speed_10s_avg_stage2_col1_std_over_mean,0.019246265437515734,Combined,54,95
speed_10s_avg_stage2_col2_mean,0.0073708281815817065,Combined,54,95
speed_10s_avg_stage2_col2_std_over_mean,0.016402280366919812,Combined,54,95
speed_10s_avg_stage3_rows,0.008249124705033166,Combined,54,95
speed_10s_avg_stage3_col1_mean,0.022695252370455766,Combined,54,95
speed_10s_avg_stage3_col1_std_over_mean,0.01916596920361977,Combined,54,95
speed_10s_avg_stage3_col2_mean,0.01589198807999095,Combined,54,95
speed_10s_avg_stage3_col2_std_over_mean,0.01820409295438818,Combined,54,95
speed_10s_avg_stage4_rows,0.01576752196771174,Combined,54,95
speed_10s_avg_stage4_col1_mean,0.010419415966081529,Combined,54,95
speed_10s_avg_stage4_col1_std_over_mean,0.025219461220671875,Combined,54,95
speed_10s_avg_stage4_col2_mean,0.013213904814904903,Combined,54,95
speed_10s_avg_stage4_col2_std_over_mean,0.02478866920043553,Combined,54,95
speed_10s_avg_stage5_rows,5.7036110198892594e-05,Combined,54,95
speed_10s_avg_stage5_col1_mean,0.015424322062698516,Combined,54,95
speed_10s_avg_stage5_col1_std_over_mean,0.016500981093929667,Combined,54,95
speed_10s_avg_stage5_col2_mean,0.027894452492823966,Combined,54,95
speed_10s_avg_stage5_col2_std_over_mean,0.019921065306409965,Combined,54,95
stage_2_frames,0.0397164114964932,Combined,55,96
stage_3_frames,0.006889793382204811,Combined,55,96
stage_4_frames,0.012393006156014616,Combined,55,96
stage_5_frames,0.018148021796077423,Combined,55,96
roam_mean,0.016435711638016305,Combined,55,96
roam_std_over_mean,0.021557046996624675,Combined,55,96
roam_early_mean,0.02634504995032453,Combined,55,96
roam_mid_mean,0.020285616692203034,Combined,55,96
roam_late_mean,0.02497811069166684,Combined,55,96
roam_slope,0.01661265169137024,Combined,55,96
speed_1s_rows,0.013780744908013095,Combined,55,96
speed_1s_stage2_rows,0.007010191080908236,Combined,55,96
speed_1s_stage2_col1_mean,0.012076317501220905,Combined,55,96
speed_1s_stage2_col1_std_over_mean,0.027172794997511743,Combined,55,96
speed_1s_stage2_col2_mean,0.007579365746006589,Combined,55,96
speed_1s_stage2_col2_std_over_mean,0.019088663516713247,Combined,55,96
speed_1s_stage3_rows,0.016762272630822247,Combined,55,96
speed_1s_stage3_col1_mean,0.02026095229147832,Combined,55,96
speed_1s_stage3_col1_std_over_mean,0.012162673332240966,Combined,55,96
speed_1s_stage3_col2_mean,0.01171352807799487,Combined,55,96
speed_1s_stage3_col2_std_over_mean,0.0298917150939453,Combined,55,96
speed_1s_stage4_rows,0.01376763052611278,Combined,55,96
speed_1s_stage4_col1_mean,0.012576982176526315,Combined,55,96
speed_1s_stage4_col1_std_over_mean,0.0166847596289843,Combined,55,96
speed_1s_stage4_col2_mean,0.018570099049386297,Combined,55,96
speed_1s_stage4_col2_std_over_mean,0.05528587577581818,Combined,55,96
speed_1s_stage5_rows,8.534301139265535e-05,Combined,55,96
speed_1s_stage5_col1_mean,0.013343159824409897,Combined,55,96
speed_1s_stage5_col1_std_over_mean,0.13926459995755905,Combined,55,96
speed_1s_stage5_col2_mean,0.009907779938145019,Combined,55,96
speed_1s_stage5_col2_std_over_mean,0.03417192140791685,Combined,55,96
speed_10s_avg_rows,0.018316860851070278,Combined,55,96
speed_10s_avg_stage2_rows,0.007510330008212033,Combined,55,96
speed_10s_avg_stage2_col1_mean,0.009520353035947124,Combined,55,96
speed_10s_avg_stage2_col1_std_over_mean,0.026353019803783465,Combined,55,96
speed_10s_avg_stage2_col2_mean,0.011859602960556489,Combined,55,96
speed_10s_avg_stage2_col2_std_over_mean,0.008830439541249098,Combined,55,96
speed_10s_avg_stage3_rows,0.01434177326163269,Combined,55,96
speed_10s_avg_stage3_col1_mean,0.02236328510063707,Combined,55,96
speed_10s_avg_stage3_col1_std_over_mean,0.01660947715083594,Combined,55,96
speed_10s_avg_stage3_col2_mean,0.014875191786347062,Combined,55,96
speed_10s_avg_stage3_col2_std_over_mean,0.01484873797207996,Combined,55,96
speed_10s_avg_stage4_rows,0.015442726674396823,Combined,55,96
speed_10s_avg_stage4_col1_mean,0.013294976046033366,Combined,55,96
speed_10s_avg_stage4_col1_std_over_mean,0.014266888671608084,Combined,55,96
speed_10s_avg_stage4_col2_mean,0.013413301697078054,Combined,55,96
speed_10s_avg_stage4_col2_std_over_mean,0.0233339089845363,Combined,55,96
speed_10s_avg_stage5_rows,6.170263132563302e-05,Combined,55,96
speed_10s_avg_stage5_col1_mean,0.014621193328660778,Combined,55,96
speed_10s_avg_stage5_col1_std_over_mean,0.013307946070024846,Combined,55,96
speed_10s_avg_stage5_col2_mean,0.012853153766956145,Combined,55,96
speed_10s_avg_stage5_col2_std_over_mean,0.019456339692926348,Combined,55,96
stage_2_frames,0.03954968630949612,Combined,56,97
stage_3_frames,0.008864845152026872,Combined,56,97
stage_4_frames,0.009575022134431071,Combined,56,97
stage_5_frames,0.00997278410220892,Combined,56,97
roam_mean,0.019182785840092684,Combined,56,97
roam_std_over_mean,0.02790358975855143,Combined,56,97
roam_early_mean,0.024013315690361307,Combined,56,97
roam_mid_mean,0.02329498746957226,Combined,56,97
roam_late_mean,0.021011235819800828,Combined,56,97
roam_slope,0.01872569471693703,Combined,56,97
speed_1s_rows,0.016388843177216606,Combined,56,97
speed_1s_stage2_rows,0.008613175265305664,Combined,56,97
speed_1s_stage2_col1_mean,0.016827391109651684,Combined,56,97
speed_1s_stage2_col1_std_over_mean,0.03795885265185157,Combined,56,97
speed_1s_stage2_col2_mean,0.009944223524230578,Combined,56,97
speed_1s_stage2_col2_std_over_mean,0.018167581431343813,Combined,56,97
speed_1s_stage3_rows,0.008753402697755267,Combined,56,97
speed_1s_stage3_col1_mean,0.023370635824953984,Combined,56,97
speed_1s_stage3_col1_std_over_mean,0.023996718301542923,Combined,56,97
speed_1s_stage3_col2_mean,0.014915773903636947,Combined,56,97
speed_1s_stage3_col2_std_over_mean,0.018066324577689672,Combined,56,97
speed_1s_stage4_rows,0.008908916601690334,Combined,56,97
speed_1s_stage4_col1_mean,0.009336853477854064,Combined,56,97
speed_1s_stage4_col1_std_over_mean,0.023411181765197644,Combined,56,97
speed_1s_stage4_col2_mean,0.01304419827695858,Combined,56,97
speed_1s_stage4_col2_std_over_mean,0.028078970830804715,Combined,56,97
speed_1s_stage5_rows,0.0008547305432924246,Combined,56,97
speed_1s_stage5_col1_mean,0.01524290225249079,Combined,56,97
speed_1s_stage5_col1_std_over_mean,0.07425441272391287,Combined,56,97
speed_1s_stage5_col2_mean,0.020927136610698255,Combined,56,97
speed_1s_stage5_col2_std_over_mean,0.0680070714762046,Combined,56,97
speed_10s_avg_rows,0.015208384553215276,Combined,56,97
speed_10s_avg_stage2_rows,0.008681055242979914,Combined,56,97
speed_10s_avg_stage2_col1_mean,0.012866323453011613,Combined,56,97
speed_10s_avg_stage2_col1_std_over_mean,0.027312720908626787,Combined,56,97
speed_10s_avg_stage2_col2_mean,0.01121028673988286,Combined,56,97
speed_10s_avg_stage2_col2_std_over_mean,0.02085855281103289,Combined,56,97
speed_10s_avg_stage3_rows,0.009228705939105035,Combined,56,97
speed_10s_avg_stage3_col1_mean,0.024509203671544726,Combined,56,97
speed_10s_avg_stage3_col1_std_over_mean,0.016160030717456194,Combined,56,97
speed_10s_avg_stage3_col2_mean,0.01521422086416028,Combined,56,97
speed_10s_avg_stage3_col2_std_over_mean,0.012344132904038355,Combined,56,97
speed_10s_avg_stage4_rows,0.010935218160363564,Combined,56,97
speed_10s_avg_stage4_col1_mean,0.012279578727494323,Combined,56,97
speed_10s_avg_stage4_col1_std_over_mean,0.03034988002010221,Combined,56,97
speed_10s_avg_stage4_col2_mean,0.014084891879139926,Combined,56,97
speed_10s_avg_stage4_col2_std_over_mean,0.012818937727945547,Combined,56,97
speed_10s_avg_stage5_rows,0.00011712917631456247,Combined,56,97
speed_10s_avg_stage5_col1_mean,0.015436177219858304,Combined,56,97
speed_10s_avg_stage5_col1_std_over_mean,0.01658004316056074,Combined,56,97
speed_10s_avg_stage5_col2_mean,0.025489454868346445,Combined,56,97
speed_10s_avg_stage5_col2_std_over_mean,0.027151827237058997,Combined,56,97
stage_2_frames,0.04831183754840021,Combined,57,98
stage_3_frames,0.00547608160712244,Combined,57,98
stage_4_frames,0.01093884731845554,Combined,57,98
stage_5_frames,0.008244905731156929,Combined,57,98
roam_mean,0.01205759788265656,Combined,57,98
roam_std_over_mean,0.02884063373182823,Combined,57,98
roam_early_mean,0.031109421037382855,Combined,57,98
roam_mid_mean,0.017977732968052735,Combined,57,98
roam_late_mean,0.024872054088914346,Combined,57,98
roam_slope,0.014899214329945976,Combined,57,98
speed_1s_rows,0.011037591743383245,Combined,57,98
speed_1s_stage2_rows,0.0045429733050858555,Combined,57,98
speed_1s_stage2_col1_mean,0.020973408612269172,Combined,57,98
speed_1s_stage2_col1_std_over_mean,0.02528727817398104,Combined,57,98
speed_1s_stage2_col2_mean,0.006562840696321062,Combined,57,98
speed_1s_stage2_col2_std_over_mean,0.01587784818621488,Combined,57,98
speed_1s_stage3_rows,0.013314185986119659,Combined,57,98
speed_1s_stage3_col1_mean,0.02171483130707615,Combined,57,98
speed_1s_stage3_col1_std_over_mean,0.025948794886857102,Combined,57,98
speed_1s_stage3_col2_mean,0.015332586715552052,Combined,57,98
speed_1s_stage3_col2_std_over_mean,0.019173585061840404,Combined,57,98
speed_1s_stage4_rows,0.007777817386861036,Combined,57,98
speed_1s_stage4_col1_mean,0.0072694185487779,Combined,57,98
speed_1s_stage4_col1_std_over_mean,0.021837634016272724,Combined,57,98
speed_1s_stage4_col2_mean,0.015618750997365075,Combined,57,98
speed_1s_stage4_col2_std_over_mean,0.04561869702402614,Combined,57,98
speed_1s_stage5_rows,0.00016926643936494382,Combined,57,98
speed_1s_stage5_col1_mean,0.02142156043334657,Combined,57,98
speed_1s_stage5_col1_std_over_mean,0.11511615374435535,Combined,57,98
speed_1s_stage5_col2_mean,0.014949693820707696,Combined,57,98
speed_1s_stage5_col2_std_over_mean,0.0375924509558247,Combined,57,98
speed_10s_avg_rows,0.014670054042283755,Combined,57,98
speed_10s_avg_stage2_rows,0.004799485033648793,Combined,57,98
speed_10s_avg_stage2_col1_mean,0.021480397287605195,Combined,57,98
speed_10s_avg_stage2_col1_std_over_mean,0.019059802087864647,Combined,57,98
speed_10s_avg_stage2_col2_mean,0.007160476535181145,Combined,57,98
speed_10s_avg_stage2_col2_std_over_mean,0.023939146478596327,Combined,57,98
speed_10s_avg_stage3_rows,0.01414163388262691,Combined,57,98
speed_10s_avg_stage3_col1_mean,0.020125812826189405,Combined,57,98
speed_10s_avg_stage3_col1_std_over_mean,0.028663028969362316,Combined,57,98
speed_10s_avg_stage3_col2_mean,0.016132278138758834,Combined,57,98
speed_10s_avg_stage3_col2_std_over_mean,0.014429156575752602,Combined,57,98
speed_10s_avg_stage4_rows,0.006533564073828609,Combined,57,98
speed_10s_avg_stage4_col1_mean,0.008941771147390247,Combined,57,98
speed_10s_avg_stage4_col1_std_over_mean,0.021034345792564385,Combined,57,98
speed_10s_avg_stage4_col2_mean,0.015349521475270462,Combined,57,98
speed_10s_avg_stage4_col2_std_over_mean,0.01605273537228453,Combined,57,98
speed_10s_avg_stage5_rows,0.00027009908595948377,Combined,57,98
speed_10s_avg_stage5_col1_mean,0.01945479091727656,Combined,57,98
speed_10s_avg_stage5_col1_std_over_mean,0.020258140734515106,Combined,57,98
speed_10s_avg_stage5_col2_mean,0.015233568785589263,Combined,57,98
speed_10s_avg_stage5_col2_std_over_mean,0.02240449647193267,Combined,57,98
stage_2_frames,0.029690033865157426,Combined,58,99
stage_3_frames,0.009707688285705444,Combined,58,99
stage_4_frames,0.006945572078439169,Combined,58,99
stage_5_frames,0.01175895072828046,Combined,58,99
roam_mean,0.015439842865365464,Combined,58,99
roam_std_over_mean,0.04767055102807152,Combined,58,99
roam_early_mean,0.009712422064449439,Combined,58,99
roam_mid_mean,0.009823040930188359,Combined,58,99
roam_late_mean,0.028007047848798386,Combined,58,99
roam_slope,0.014914130945284968,Combined,58,99
speed_1s_rows,0.014303124043422853,Combined,58,99
speed_1s_stage2_rows,0.008408992156637912,Combined,58,99
speed_1s_stage2_col1_mean,0.012012811154686533,Combined,58,99
speed_1s_stage2_col1_std_over_mean,0.04552785362918064,Combined,58,99
speed_1s_stage2_col2_mean,0.0068854830293664454,Combined,58,99
speed_1s_stage2_col2_std_over_mean,0.006941523929820978,Combined,58,99
speed_1s_stage3_rows,0.008488846185030348,Combined,58,99
speed_1s_stage3_col1_mean,0.009796166916793886,Combined,58,99
speed_1s_stage3_col1_std_over_mean,0.014272272347882252,Combined,58,99
speed_1s_stage3_col2_mean,0.013852163004959533,Combined,58,99
speed_1s_stage3_col2_std_over_mean,0.015518454311507331,Combined,58,99
speed_1s_stage4_rows,0.010578128290423011,Combined,58,99
speed_1s_stage4_col1_mean,0.014199989258664133,Combined,58,99
speed_1s_stage4_col1_std_over_mean,0.015097976162124722,Combined,58,99
speed_1s_stage4_col2_mean,0.01638215541011117,Combined,58,99
speed_1s_stage4_col2_std_over_mean,0.04255903681694933,Combined,58,99
speed_1s_stage5_rows,0.00012132905651993915,Combined,58,99
speed_1s_stage5_col1_mean,0.029526024007311902,Combined,58,99
speed_1s_stage5_col1_std_over_mean,0.07532965986360605,Combined,58,99
speed_1s_stage5_col2_mean,0.01631664145014396,Combined,58,99
speed_1s_stage5_col2_std_over_mean,0.0936356900072023,Combined,58,99
speed_10s_avg_rows,0.014850397381901165,Combined,58,99
speed_10s_avg_stage2_rows,0.007559689534435514,Combined,58,99
speed_10s_avg_stage2_col1_mean,0.012920331429173848,Combined,58,99
speed_10s_avg_stage2_col1_std_over_mean,0.02021937043711363,Combined,58,99
speed_10s_avg_stage2_col2_mean,0.009655237366215947,Combined,58,99
speed_10s_avg_stage2_col2_std_over_mean,0.013554126691771628,Combined,58,99
speed_10s_avg_stage3_rows,0.0069340002812459875,Combined,58,99
speed_10s_avg_stage3_col1_mean,0.007042917259792735,Combined,58,99
speed_10s_avg_stage3_col1_std_over_mean,0.02175158079062706,Combined,58,99
speed_10s_avg_stage3_col2_mean,0.012019603290599201,Combined,58,99
speed_10s_avg_stage3_col2_std_over_mean,0.017311183051913898,Combined,58,99
speed_10s_avg_stage4_rows,0.014683577078610817,Combined,58,99
speed_10s_avg_stage4_col1_mean,0.014344845767184915,Combined,58,99
speed_10s_avg_stage4_col1_std_over_mean,0.02759075820866354,Combined,58,99
speed_10s_avg_stage4_col2_mean,0.021243174099784098,Combined,58,99
speed_10s_avg_stage4_col2_std_over_mean,0.024785574640037066,Combined,58,99
speed_10s_avg_stage5_rows,0.000353421505101579,Combined,58,99
speed_10s_avg_stage5_col1_mean,0.04396513234501945,Combined,58,99
speed_10s_avg_stage5_col1_std_over_mean,0.019102575462079975,Combined,58,99
speed_10s_avg_stage5_col2_mean,0.015633055855200202,Combined,58,99
speed_10s_avg_stage5_col2_std_over_mean,0.02105584585144192,Combined,58,99
stage_2_frames,0.05169968428941395,Combined,59,100
stage_3_frames,0.011745958488729532,Combined,59,100
stage_4_frames,0.00867230447093609,Combined,59,100
stage_5_frames,0.010231554007677402,Combined,59,100
roam_mean,0.021298078056333353,Combined,59,100
roam_std_over_mean,0.03935323085239449,Combined,59,100
roam_early_mean,0.016017954311483236,Combined,59,100
roam_mid_mean,0.01672730727194912,Combined,59,100
roam_late_mean,0.037400530661047225,Combined,59,100
roam_slope,0.017331057198296654,Combined,59,100
speed_1s_rows,0.01029445080978602,Combined,59,100
speed_1s_stage2_rows,0.012613381939815139,Combined,59,100
speed_1s_stage2_col1_mean,0.01042429078607292,Combined,59,100
speed_1s_stage2_col1_std_over_mean,0.028774123994177482,Combined,59,100
speed_1s_stage2_col2_mean,0.012946622055890382,Combined,59,100
speed_1s_stage2_col2_std_over_mean,0.014025691002333786,Combined,59,100
speed_1s_stage3_rows,0.00660492304364865,Combined,59,100
speed_1s_stage3_col1_mean,0.013494548130349459,Combined,59,100
speed_1s_stage3_col1_std_over_mean,0.02900640193315607,Combined,59,100
speed_1s_stage3_col2_mean,0.017974815228042396,Combined,59,100
speed_1s_stage3_col2_std_over_mean,0.025473688814571536,Combined,59,100
speed_1s_stage4_rows,0.014957370301456515,Combined,59,100
speed_1s_stage4_col1_mean,0.008935305284689945,Combined,59,100
speed_1s_stage4_col1_std_over_mean,0.014131555853651832,Combined,59,100
speed_1s_stage4_col2_mean,0.023743236684397376,Combined,59,100
speed_1s_stage4_col2_std_over_mean,0.03623063762208562,Combined,59,100
speed_1s_stage5_rows,0.000345441770768972,Combined,59,100
speed_1s_stage5_col1_mean,0.021955669134098698,Combined,59,100
speed_1s_stage5_col1_std_over_mean,0.05778604835758322,Combined,59,100
speed_1s_stage5_col2_mean,0.02162548727288789,Combined,59,100
speed_1s_stage5_col2_std_over_mean,0.032341806877110045,Combined,59,100
speed_10s_avg_rows,0.009419226070233993,Combined,59,100
speed_10s_avg_stage2_rows,0.01342532342531369,Combined,59,100
speed_10s_avg_stage2_col1_mean,0.011647788150285181,Combined,59,100
speed_10s_avg_stage2_col1_std_over_mean,0.028696790262577782,Combined,59,100
speed_10s_avg_stage2_col2_mean,0.011566465156015617,Combined,59,100
speed_10s_avg_stage2_col2_std_over_mean,0.01268817071405759,Combined,59,100
speed_10s_avg_stage3_rows,0.009431686174288691,Combined,59,100
speed_10s_avg_stage3_col1_mean,0.011221306526420892,Combined,59,100
speed_10s_avg_stage3_col1_std_over_mean,0.016826667763795263,Combined,59,100
speed_10s_avg_stage3_col2_mean,0.022638210663878756,Combined,59,100
speed_10s_avg_stage3_col2_std_over_mean,0.01642880578115473,Combined,59,100
speed_10s_avg_stage4_rows,0.01298107842991677,Combined,59,100
speed_10s_avg_stage4_col1_mean,0.00901761554156815,Combined,59,100
speed_10s_avg_stage4_col1_std_over_mean,0.02427048627904038,Combined,59,100
speed_10s_avg_stage4_col2_mean,0.02636622372274508,Combined,59,100
speed_10s_avg_stage4_col2_std_over_mean,0.025352456689312044,Combined,59,100
speed_10s_avg_stage5_rows,9.460576729504455e-05,Combined,59,100
speed_10s_avg_stage5_col1_mean,0.02118693618281668,Combined,59,100
speed_10s_avg_stage5_col1_std_over_mean,0.024143901540007374,Combined,59,100
speed_10s_avg_stage5_col2_mean,0.017762523554750186,Combined,59,100
speed_10s_avg_stage5_col2_std_over_mean,0.03067057509969128,Combined,59,100
stage_2_frames,0.07102133031900824,Combined,60,101
stage_3_frames,0.010743571297184252,Combined,60,101
stage_4_frames,0.009279514245091311,Combined,60,101
stage_5_frames,0.009587318536254151,Combined,60,101
roam_mean,0.021466578253844664,Combined,60,101
roam_std_over_mean,0.03481794069446437,Combined,60,101
roam_early_mean,0.013988291645234786,Combined,60,101
roam_mid_mean,0.011696750970033547,Combined,60,101
roam_late_mean,0.018382713461442258,Combined,60,101
roam_slope,0.011237840757336305,Combined,60,101
speed_1s_rows,0.016864643837291013,Combined,60,101
speed_1s_stage2_rows,0.009168208760073229,Combined,60,101
speed_1s_stage2_col1_mean,0.008239670505388458,Combined,60,101
speed_1s_stage2_col1_std_over_mean,0.020298601486430482,Combined,60,101
speed_1s_stage2_col2_mean,0.006461770756273803,Combined,60,101
speed_1s_stage2_col2_std_over_mean,0.016432755937668377,Combined,60,101
speed_1s_stage3_rows,0.012445191495112048,Combined,60,101
speed_1s_stage3_col1_mean,0.016901862788016128,Combined,60,101
speed_1s_stage3_col1_std_over_mean,0.01920814628291949,Combined,60,101
speed_1s_stage3_col2_mean,0.014936961469467868,Combined,60,101
speed_1s_stage3_col2_std_over_mean,0.027025839903674683,Combined,60,101
speed_1s_stage4_rows,0.014335094694019794,Combined,60,101
speed_1s_stage4_col1_mean,0.013090782313709262,Combined,60,101
speed_1s_stage4_col1_std_over_mean,0.012189812564047445,Combined,60,101
speed_1s_stage4_col2_mean,0.018778528370126345,Combined,60,101
speed_1s_stage4_col2_std_over_mean,0.045648196429256285,Combined,60,101
speed_1s_stage5_rows,0.00017137351974542,Combined,60,101
speed_1s_stage5_col1_mean,0.010253355308717932,Combined,60,101
speed_1s_stage5_col1_std_over_mean,0.05231282565814475,Combined,60,101
speed_1s_stage5_col2_mean,0.025249971382998677,Combined,60,101
speed_1s_stage5_col2_std_over_mean,0.09406303681448357,Combined,60,101
speed_10s_avg_rows,0.01104990563260867,Combined,60,101
speed_10s_avg_stage2_rows,0.008519660008605308,Combined,60,101
speed_10s_avg_stage2_col1_mean,0.00843724806381227,Combined,60,101
speed_10s_avg_stage2_col1_std_over_mean,0.021906892397959152,Combined,60,101
speed_10s_avg_stage2_col2_mean,0.007508244616336179,Combined,60,101
speed_10s_avg_stage2_col2_std_over_mean,0.011485285341860206,Combined,60,101
speed_10s_avg_stage3_rows,0.016453594350093245,Combined,60,101
speed_10s_avg_stage3_col1_mean,0.015745823261763357,Combined,60,101
speed_10s_avg_stage3_col1_std_over_mean,0.016619401244086274,Combined,60,101
speed_10s_avg_stage3_col2_mean,0.01284155365417868,Combined,60,101
speed_10s_avg_stage3_col2_std_over_mean,0.014642939630221731,Combined,60,101
speed_10s_avg_stage4_rows,0.012730807557816576,Combined,60,101
speed_10s_avg_stage4_col1_mean,0.009533642976332683,Combined,60,101
speed_10s_avg_stage4_col1_std_over_mean,0.037453178147098275,Combined,60,101
speed_10s_avg_stage4_col2_mean,0.016574920810278008,Combined,60,101
speed_10s_avg_stage4_col2_std_over_mean,0.02034293342399436,Combined,60,101
speed_10s_avg_stage5_rows,0.0001069338881035758,Combined,60,101
speed_10s_avg_stage5_col1_mean,0.01232310526198635,Combined,60,101
speed_10s_avg_stage5_col1_std_over_mean,0.023254269164208148,Combined,60,101
speed_10s_avg_stage5_col2_mean,0.023027940347198253,Combined,60,101
speed_10s_avg_stage5_col2_std_over_mean,0.03314323976399994,Combined,60,101
stage_2_frames,0.051429565851833454,Combined,61,102
stage_3_frames,0.007725074710155052,Combined,61,102
stage_4_frames,0.02048921142131218,Combined,61,102
stage_5_frames,0.016449070112905785,Combined,61,102
roam_mean,0.021461862934591906,Combined,61,102
roam_std_over_mean,0.018522877234442434,Combined,61,102
roam_early_mean,0.021489940617414577,Combined,61,102
roam_mid_mean,0.0200563725401452,Combined,61,102
roam_late_mean,0.03928683823336618,Combined,61,102
roam_slope,0.020663595442174963,Combined,61,102
speed_1s_rows,0.017930521623003244,Combined,61,102
speed_1s_stage2_rows,0.009473081043724102,Combined,61,102
speed_1s_stage2_col1_mean,0.013341633566696572,Combined,61,102
speed_1s_stage2_col1_std_over_mean,0.014726965407139666,Combined,61,102
speed_1s_stage2_col2_mean,0.011032351650693861,Combined,61,102
speed_1s_stage2_col2_std_over_mean,0.01159980508716952,Combined,61,102
speed_1s_stage3_rows,0.013573428163710455,Combined,61,102
speed_1s_stage3_col1_mean,0.0180429789312003,Combined,61,102
speed_1s_stage3_col1_std_over_mean,0.011502163768059253,Combined,61,102
speed_1s_stage3_col2_mean,0.010624806093339276,Combined,61,102
speed_1s_stage3_col2_std_over_mean,0.013530781889344113,Combined,61,102
speed_1s_stage4_rows,0.01215654299376054,Combined,61,102
speed_1s_stage4_col1_mean,0.010801478633514968,Combined,61,102
speed_1s_stage4_col1_std_over_mean,0.016860260010329874,Combined,61,102
speed_1s_stage4_col2_mean,0.012025854160940807,Combined,61,102
speed_1s_stage4_col2_std_over_mean,0.027173743687890883,Combined,61,102
speed_1s_stage5_rows,9.001325370958366e-05,Combined,61,102
speed_1s_stage5_col1_mean,0.015415774142010046,Combined,61,102
speed_1s_stage5_col1_std_over_mean,0.1735291558887933,Combined,61,102
speed_1s_stage5_col2_mean,0.014409713090757146,Combined,61,102
speed_1s_stage5_col2_std_over_mean,0.02716173426124227,Combined,61,102
speed_10s_avg_rows,0.015228789260670561,Combined,61,102
speed_10s_avg_stage2_rows,0.008037019927212702,Combined,61,102
speed_10s_avg_stage2_col1_mean,0.017566236011397524,Combined,61,102
speed_10s_avg_stage2_col1_std_over_mean,0.018192865895544703,Combined,61,102
speed_10s_avg_stage2_col2_mean,0.011906710311498784,Combined,61,102
speed_10s_avg_stage2_col2_std_over_mean,0.021834633061508058,Combined,61,102
speed_10s_avg_stage3_rows,0.01319654299711901,Combined,61,102
speed_10s_avg_stage3_col1_mean,0.02149393398363777,Combined,61,102
speed_10s_avg_stage3_col1_std_over_mean,0.015387581125712133,Combined,61,102
speed_10s_avg_stage3_col2_mean,0.00597646513000823,Combined,61,102
speed_10s_avg_stage3_col2_std_over_mean,0.013276350655625827,Combined,61,102
speed_10s_avg_stage4_rows,0.016595100685859482,Combined,61,102
speed_10s_avg_stage4_col1_mean,0.011762707991558189,Combined,61,102
speed_10s_avg_stage4_col1_std_over_mean,0.018969342148961166,Combined,61,102
speed_10s_avg_stage4_col2_mean,0.00982819612941143,Combined,61,102
speed_10s_avg_stage4_col2_std_over_mean,0.01992253825643888,Combined,61,102
speed_10s_avg_stage5_rows,0.00034607487644739907,Combined,61,102
speed_10s_avg_stage5_col1_mean,0.014321386090742684,Combined,61,102
speed_10s_avg_stage5_col1_std_over_mean,0.028605673183980197,Combined,61,102
speed_10s_avg_stage5_col2_mean,0.013260277896322413,Combined,61,102
speed_10s_avg_stage5_col2_std_over_mean,0.011714377934971244,Combined,61,102
stage_2_frames,0.030825778253907466,Combined,62,103
stage_3_frames,0.005397078241119282,Combined,62,103
stage_4_frames,0.009157511110213101,Combined,62,103
stage_5_frames,0.014238885748863167,Combined,62,103
roam_mean,0.01737460275176343,Combined,62,103
roam_std_over_mean,0.018450380536774856,Combined,62,103
roam_early_mean,0.024139104141745284,Combined,62,103
roam_mid_mean,0.009769606647364794,Combined,62,103
roam_late_mean,0.04031507924214233,Combined,62,103
roam_slope,0.012346503163894195,Combined,62,103
speed_1s_rows,0.025687911336418852,Combined,62,103
speed_1s_stage2_rows,0.0065392287062628,Combined,62,103
speed_1s_stage2_col1_mean,0.0213507896600644,Combined,62,103
speed_1s_stage2_col1_std_over_mean,0.016795830856886233,Combined,62,103
speed_1s_stage2_col2_mean,0.009590256206098506,Combined,62,103
speed_1s_stage2_col2_std_over_mean,0.012835625718356017,Combined,62,103
speed_1s_stage3_rows,0.008770420043851205,Combined,62,103
speed_1s_stage3_col1_mean,0.010917235156733993,Combined,62,103
speed_1s_stage3_col1_std_over_mean,0.012628469120484528,Combined,62,103
speed_1s_stage3_col2_mean,0.010580000213935181,Combined,62,103
speed_1s_stage3_col2_std_over_mean,0.016504367171003686,Combined,62,103
speed_1s_stage4_rows,0.016957731796830286,Combined,62,103
speed_1s_stage4_col1_mean,0.00874804756823604,Combined,62,103
speed_1s_stage4_col1_std_over_mean,0.013551268128232328,Combined,62,103
speed_1s_stage4_col2_mean,0.009189035812574575,Combined,62,103
speed_1s_stage4_col2_std_over_mean,0.05251262815619797,Combined,62,103
speed_1s_stage5_rows,0.0002107532612518322,Combined,62,103
speed_1s_stage5_col1_mean,0.02454984080795393,Combined,62,103
speed_1s_stage5_col1_std_over_mean,0.09427413060023128,Combined,62,103
speed_1s_stage5_col2_mean,0.012390433189231725,Combined,62,103
speed_1s_stage5_col2_std_over_mean,0.1358117377247502,Combined,62,103
speed_10s_avg_rows,0.03539867215798119,Combined,62,103
speed_10s_avg_stage2_rows,0.005609064123696707,Combined,62,103
speed_10s_avg_stage2_col1_mean,0.02124749377558004,Combined,62,103
speed_10s_avg_stage2_col1_std_over_mean,0.017099598154927596,Combined,62,103
speed_10s_avg_stage2_col2_mean,0.009534735330656942,Combined,62,103
speed_10s_avg_stage2_col2_std_over_mean,0.012311249193790908,Combined,62,103
speed_10s_avg_stage3_rows,0.01248796231841025,Combined,62,103
speed_10s_avg_stage3_col1_mean,0.012102514019340292,Combined,62,103
speed_10s_avg_stage3_col1_std_over_mean,0.013246790310689068,Combined,62,103
speed_10s_avg_stage3_col2_mean,0.0067236630239132745,Combined,62,103
speed_10s_avg_stage3_col2_std_over_mean,0.009116399761411619,Combined,62,103
speed_10s_avg_stage4_rows,0.016270200791276116,Combined,62,103
speed_10s_avg_stage4_col1_mean,0.009603604152455682,Combined,62,103
speed_10s_avg_stage4_col1_std_over_mean,0.016558433356248,Combined,62,103
speed_10s_avg_stage4_col2_mean,0.009792611891584712,Combined,62,103
speed_10s_avg_stage4_col2_std_over_mean,0.015946410104220536,Combined,62,103
speed_10s_avg_stage5_rows,0.00014384006628819269,Combined,62,103
speed_10s_avg_stage5_col1_mean,0.022079177248665035,Combined,62,103
speed_10s_avg_stage5_col1_std_over_mean,0.01505400314715286,Combined,62,103
speed_10s_avg_stage5_col2_mean,0.012046158955336065,Combined,62,103
speed_10s_avg_stage5_col2_std_over_mean,0.02521714704300146,Combined,62,103
stage_2_frames,0.038712921165097364,Combined,63,104
stage_3_frames,0.0095273931453984,Combined,63,104
stage_4_frames,0.012343212815476933,Combined,63,104
stage_5_frames,0.012567159179311182,Combined,63,104
roam_mean,0.012697567554340284,Combined,63,104
roam_std_over_mean,0.03417786114173469,Combined,63,104
roam_early_mean,0.031097270732252665,Combined,63,104
roam_mid_mean,0.01738485815386657,Combined,63,104
roam_late_mean,0.013519190957515791,Combined,63,104
roam_slope,0.019053270686548548,Combined,63,104
speed_1s_rows,0.015637641421777357,Combined,63,104
speed_1s_stage2_rows,0.010466370492607553,Combined,63,104
speed_1s_stage2_col1_mean,0.009252964055212969,Combined,63,104
speed_1s_stage2_col1_std_over_mean,0.029708051296187882,Combined,63,104
speed_1s_stage2_col2_mean,0.008459910732267931,Combined,63,104
speed_1s_stage2_col2_std_over_mean,0.01421478167587309,Combined,63,104
speed_1s_stage3_rows,0.011126304918699778,Combined,63,104
speed_1s_stage3_col1_mean,0.01437332938752832,Combined,63,104
speed_1s_stage3_col1_std_over_mean,0.022486350509871064,Combined,63,104
speed_1s_stage3_col2_mean,0.01724173308933071,Combined,63,104
speed_1s_stage3_col2_std_over_mean,0.018509426010806046,Combined,63,104
speed_1s_stage4_rows,0.012307604842379121,Combined,63,104
speed_1s_stage4_col1_mean,0.010330524141886495,Combined,63,104
speed_1s_stage4_col1_std_over_mean,0.01306820906764607,Combined,63,104
speed_1s_stage4_col2_mean,0.020546487238512424,Combined,63,104
speed_1s_stage4_col2_std_over_mean,0.04003885187732856,Combined,63,104
speed_1s_stage5_rows,0.0001685184951139547,Combined,63,104
speed_1s_stage5_col1_mean,0.019145065600772247,Combined,63,104
speed_1s_stage5_col1_std_over_mean,0.14029251686945698,Combined,63,104
speed_1s_stage5_col2_mean,0.012267993295307412,Combined,63,104
speed_1s_stage5_col2_std_over_mean,0.04317396204351629,Combined,63,104
speed_10s_avg_rows,0.01599366531452121,Combined,63,104
speed_10s_avg_stage2_rows,0.006621143535986037,Combined,63,104
speed_10s_avg_stage2_col1_mean,0.009605606355773259,Combined,63,104
speed_10s_avg_stage2_col1_std_over_mean,0.032848334544526035,Combined,63,104
speed_10s_avg_stage2_col2_mean,0.009568467020229855,Combined,63,104
speed_10s_avg_stage2_col2_std_over_mean,0.02345264902075093,Combined,63,104
speed_10s_avg_stage3_rows,0.017624345619379648,Combined,63,104
speed_10s_avg_stage3_col1_mean,0.012777384002984414,Combined,63,104
speed_10s_avg_stage3_col1_std_over_mean,0.01995223749682332,Combined,63,104
speed_10s_avg_stage3_col2_mean,0.012584489318625927,Combined,63,104
speed_10s_avg_stage3_col2_std_over_mean,0.011891648461403625,Combined,63,104
speed_10s_avg_stage4_rows,0.013433592845042244,Combined,63,104
speed_10s_avg_stage4_col1_mean,0.0083483047715755,Combined,63,104
speed_10s_avg_stage4_col1_std_over_mean,0.013336565321063016,Combined,63,104
speed_10s_avg_stage4_col2_mean,0.02127167886824307,Combined,63,104
speed_10s_avg_stage4_col2_std_over_mean,0.014296967302860723,Combined,63,104
speed_10s_avg_stage5_rows,5.598664223343916e-05,Combined,63,104
speed_10s_avg_stage5_col1_mean,0.01950651020132022,Combined,63,104
speed_10s_avg_stage5_col1_std_over_mean,0.02043964692430797,Combined,63,104
speed_10s_avg_stage5_col2_mean,0.015041540574163402,Combined,63,104
speed_10s_avg_stage5_col2_std_over_mean,0.017451933264561546,Combined,63,104
stage_2_frames,0.03505340484995509,Combined,64,105
stage_3_frames,0.00803773579025417,Combined,64,105
stage_4_frames,0.008313488023381435,Combined,64,105
stage_5_frames,0.009272639920290572,Combined,64,105
roam_mean,0.018733285571381125,Combined,64,105
roam_std_over_mean,0.040005113198499385,Combined,64,105
roam_early_mean,0.022104505194630666,Combined,64,105
roam_mid_mean,0.0312245322624321,Combined,64,105
roam_late_mean,0.04030193245838346,Combined,64,105
roam_slope,0.008763887287236842,Combined,64,105
speed_1s_rows,0.014064975050406882,Combined,64,105
speed_1s_stage2_rows,0.006813950296582547,Combined,64,105
speed_1s_stage2_col1_mean,0.014812141784404926,Combined,64,105
speed_1s_stage2_col1_std_over_mean,0.036095953714597145,Combined,64,105
speed_1s_stage2_col2_mean,0.006700764185524895,Combined,64,105
speed_1s_stage2_col2_std_over_mean,0.01537529832890575,Combined,64,105
speed_1s_stage3_rows,0.013683472662931044,Combined,64,105
speed_1s_stage3_col1_mean,0.017216033055711913,Combined,64,105
speed_1s_stage3_col1_std_over_mean,0.017567744457334968,Combined,64,105
speed_1s_stage3_col2_mean,0.01086650916437207,Combined,64,105
speed_1s_stage3_col2_std_over_mean,0.016903508977190795,Combined,64,105
speed_1s_stage4_rows,0.009026854684387948,Combined,64,105
speed_1s_stage4_col1_mean,0.011612774662479593,Combined,64,105
speed_1s_stage4_col1_std_over_mean,0.014038083743890107,Combined,64,105
speed_1s_stage4_col2_mean,0.021394672335708288,Combined,64,105
speed_1s_stage4_col2_std_over_mean,0.029472939787445782,Combined,64,105
speed_1s_stage5_rows,0.00011060220764729234,Combined,64,105
speed_1s_stage5_col1_mean,0.017693189855392505,Combined,64,105
speed_1s_stage5_col1_std_over_mean,0.09686381024975169,Combined,64,105
speed_1s_stage5_col2_mean,0.022124089386394086,Combined,64,105
speed_1s_stage5_col2_std_over_mean,0.06394005886552048,Combined,64,105
speed_10s_avg_rows,0.01098277569109784,Combined,64,105
speed_10s_avg_stage2_rows,0.009355209207292575,Combined,64,105
speed_10s_avg_stage2_col1_mean,0.012059608512175473,Combined,64,105
speed_10s_avg_stage2_col1_std_over_mean,0.018434384369538308,Combined,64,105
speed_10s_avg_stage2_col2_mean,0.007233637808327583,Combined,64,105
speed_10s_avg_stage2_col2_std_over_mean,0.021563621301108837,Combined,64,105
speed_10s_avg_stage3_rows,0.010909548452541433,Combined,64,105
speed_10s_avg_stage3_col1_mean,0.013945157293414218,Combined,64,105
speed_10s_avg_stage3_col1_std_over_mean,0.01764085653896915,Combined,64,105
speed_10s_avg_stage3_col2_mean,0.009485176601810355,Combined,64,105
speed_10s_avg_stage3_col2_std_over_mean,0.009987864848334083,Combined,64,105
speed_10s_avg_stage4_rows,0.006951914971908673,Combined,64,105
speed_10s_avg_stage4_col1_mean,0.013010378480738417,Combined,64,105
speed_10s_avg_stage4_col1_std_over_mean,0.029840899746235734,Combined,64,105
speed_10s_avg_stage4_col2_mean,0.021157062013865965,Combined,64,105
speed_10s_avg_stage4_col2_std_over_mean,0.01662693076087213,Combined,64,105
speed_10s_avg_stage5_rows,0.0002887627107600211,Combined,64,105
speed_10s_avg_stage5_col1_mean,0.016280790740515073,Combined,64,105
speed_10s_avg_stage5_col1_std_over_mean,0.019401862734391716,Combined,64,105
speed_10s_avg_stage5_col2_mean,0.028486255606382353,Combined,64,105
speed_10s_avg_stage5_col2_std_over_mean,0.028169349596694496,Combined,64,105
stage_2_frames,0.030068588390326573,Combined,65,106
stage_3_frames,0.0089593290662385,Combined,65,106
stage_4_frames,0.014785103170811779,Combined,65,106
stage_5_frames,0.012191895061106737,Combined,65,106
roam_mean,0.014322608244896156,Combined,65,106
roam_std_over_mean,0.03337392496998926,Combined,65,106
roam_early_mean,0.018053649869572714,Combined,65,106
roam_mid_mean,0.011523303862978472,Combined,65,106
roam_late_mean,0.02209629191479122,Combined,65,106
roam_slope,0.02387195767747489,Combined,65,106
speed_1s_rows,0.012700016682056413,Combined,65,106
speed_1s_stage2_rows,0.007134791193004634,Combined,65,106
speed_1s_stage2_col1_mean,0.01470293187573338,Combined,65,106
speed_1s_stage2_col1_std_over_mean,0.02779700486099018,Combined,65,106
speed_1s_stage2_col2_mean,0.016868352094943282,Combined,65,106
speed_1s_stage2_col2_std_over_mean,0.03426182621778293,Combined,65,106
speed_1s_stage3_rows,0.018188695497414344,Combined,65,106
speed_1s_stage3_col1_mean,0.009500185816073967,Combined,65,106
speed_1s_stage3_col1_std_over_mean,0.016358720427030318,Combined,65,106
speed_1s_stage3_col2_mean,0.02528804805953242,Combined,65,106
speed_1s_stage3_col2_std_over_mean,0.02558418663793777,Combined,65,106
speed_1s_stage4_rows,0.01008328004478176,Combined,65,106
speed_1s_stage4_col1_mean,0.01216194752444505,Combined,65,106
speed_1s_stage4_col1_std_over_mean,0.015671128128883008,Combined,65,106
speed_1s_stage4_col2_mean,0.015019209524562399,Combined,65,106
speed_1s_stage4_col2_std_over_mean,0.046903173135390656,Combined,65,106
speed_1s_stage5_rows,0.00020978521718251168,Combined,65,106
speed_1s_stage5_col1_mean,0.017417689936275994,Combined,65,106
speed_1s_stage5_col1_std_over_mean,0.09745623795449627,Combined,65,106
speed_1s_stage5_col2_mean,0.010491703408585068,Combined,65,106
speed_1s_stage5_col2_std_over_mean,0.03786005525360861,Combined,65,106
speed_10s_avg_rows,0.011076893924734894,Combined,65,106
speed_10s_avg_stage2_rows,0.009969550072983707,Combined,65,106
speed_10s_avg_stage2_col1_mean,0.014958124100272932,Combined,65,106
speed_10s_avg_stage2_col1_std_over_mean,0.015535404497549931,Combined,65,106
speed_10s_avg_stage2_col2_mean,0.01732122930229816,Combined,65,106
speed_10s_avg_stage2_col2_std_over_mean,0.013955628284369217,Combined,65,106
speed_10s_avg_stage3_rows,0.014805106921701512,Combined,65,106
speed_10s_avg_stage3_col1_mean,0.013294511447636223,Combined,65,106
speed_10s_avg_stage3_col1_std_over_mean,0.022583873092541385,Combined,65,106
speed_10s_avg_stage3_col2_mean,0.01769090135454368,Combined,65,106
speed_10s_avg_stage3_col2_std_over_mean,0.016893641996018147,Combined,65,106
speed_10s_avg_stage4_rows,0.02175803238898118,Combined,65,106
speed_10s_avg_stage4_col1_mean,0.008972151109741235,Combined,65,106
speed_10s_avg_stage4_col1_std_over_mean,0.01293575130023218,Combined,65,106
speed_10s_avg_stage4_col2_mean,0.018157785003863555,Combined,65,106
speed_10s_avg_stage4_col2_std_over_mean,0.02052832140882047,Combined,65,106
speed_10s_avg_stage5_rows,0.00014126052266688686,Combined,65,106
speed_10s_avg_stage5_col1_mean,0.021468936353483722,Combined,65,106
speed_10s_avg_stage5_col1_std_over_mean,0.032016076476374465,Combined,65,106
speed_10s_avg_stage5_col2_mean,0.01179841309566287,Combined,65,106
speed_10s_avg_stage5_col2_std_over_mean,0.0232327856266264,Combined,65,106
stage_2_frames,0.03463604588685561,Combined,66,107
stage_3_frames,0.007600768293662771,Combined,66,107
stage_4_frames,0.016368516059735844,Combined,66,107
stage_5_frames,0.009809618766749746,Combined,66,107
roam_mean,0.016568742515016593,Combined,66,107
roam_std_over_mean,0.029738031991455645,Combined,66,107
roam_early_mean,0.03956210952585985,Combined,66,107
roam_mid_mean,0.013246077586295849,Combined,66,107
roam_late_mean,0.03790685754640093,Combined,66,107
roam_slope,0.015096482887564761,Combined,66,107
speed_1s_rows,0.014533747840990643,Combined,66,107
speed_1s_stage2_rows,0.009620935580690384,Combined,66,107
speed_1s_stage2_col1_mean,0.014527027147556881,Combined,66,107
speed_1s_stage2_col1_std_over_mean,0.017642250420059753,Combined,66,107
speed_1s_stage2_col2_mean,0.012386844425190257,Combined,66,107
speed_1s_stage2_col2_std_over_mean,0.019764600479909886,Combined,66,107
speed_1s_stage3_rows,0.017650533149361096,Combined,66,107
speed_1s_stage3_col1_mean,0.010765178621725635,Combined,66,107
speed_1s_stage3_col1_std_over_mean,0.011445844632939493,Combined,66,107
speed_1s_stage3_col2_mean,0.01564491795017552,Combined,66,107
speed_1s_stage3_col2_std_over_mean,0.02100027542835804,Combined,66,107
speed_1s_stage4_rows,0.008948358526762847,Combined,66,107
speed_1s_stage4_col1_mean,0.010501010055298429,Combined,66,107
speed_1s_stage4_col1_std_over_mean,0.0154579076687931,Combined,66,107
speed_1s_stage4_col2_mean,0.02004108065678938,Combined,66,107
speed_1s_stage4_col2_std_over_mean,0.05755550622365717,Combined,66,107
speed_1s_stage5_rows,0.0001062335479903545,Combined,66,107
speed_1s_stage5_col1_mean,0.01918607927892985,Combined,66,107
speed_1s_stage5_col1_std_over_mean,0.11672401202514598,Combined,66,107
speed_1s_stage5_col2_mean,0.01668694490084188,Combined,66,107
speed_1s_stage5_col2_std_over_mean,0.04545398149517565,Combined,66,107
speed_10s_avg_rows,0.016817361543349313,Combined,66,107
speed_10s_avg_stage2_rows,0.007077022020378299,Combined,66,107
speed_10s_avg_stage2_col1_mean,0.013085578737739977,Combined,66,107
speed_10s_avg_stage2_col1_std_over_mean,0.018268803630070742,Combined,66,107
speed_10s_avg_stage2_col2_mean,0.012147942502276672,Combined,66,107
speed_10s_avg_stage2_col2_std_over_mean,0.0169341955012353,Combined,66,107
speed_10s_avg_stage3_rows,0.024139709257799617,Combined,66,107
speed_10s_avg_stage3_col1_mean,0.009433989508071394,Combined,66,107
speed_10s_avg_stage3_col1_std_over_mean,0.015721779215613584,Combined,66,107
speed_10s_avg_stage3_col2_mean,0.013286100311500414,Combined,66,107
speed_10s_avg_stage3_col2_std_over_mean,0.01564821086752568,Combined,66,107
speed_10s_avg_stage4_rows,0.007375402215420186,Combined,66,107
speed_10s_avg_stage4_col1_mean,0.008049561539547369,Combined,66,107
speed_10s_avg_stage4_col1_std_over_mean,0.017824824540036546,Combined,66,107
speed_10s_avg_stage4_col2_mean,0.02431587392462192,Combined,66,107
speed_10s_avg_stage4_col2_std_over_mean,0.017620843629869827,Combined,66,107
speed_10s_avg_stage5_rows,0.0001196559760249779,Combined,66,107
speed_10s_avg_stage5_col1_mean,0.014266381879666636,Combined,66,107
speed_10s_avg_stage5_col1_std_over_mean,0.018416706146363464,Combined,66,107
speed_10s_avg_stage5_col2_mean,0.01753027562553038,Combined,66,107
speed_10s_avg_stage5_col2_std_over_mean,0.015743260311418147,Combined,66,107
stage_2_frames,0.04673975822572114,Combined,67,108
stage_3_frames,0.007558297801648582,Combined,67,108
stage_4_frames,0.00799991503913518,Combined,67,108
stage_5_frames,0.009544510011773057,Combined,67,108
roam_mean,0.03202668154332255,Combined,67,108
roam_std_over_mean,0.03169423882939333,Combined,67,108
roam_early_mean,0.01204135921741739,Combined,67,108
roam_mid_mean,0.021681489510735057,Combined,67,108
roam_late_mean,0.029127082080701066,Combined,67,108
roam_slope,0.01682664846693989,Combined,67,108
speed_1s_rows,0.01527044299151321,Combined,67,108
speed_1s_stage2_rows,0.008535528289748108,Combined,67,108
speed_1s_stage2_col1_mean,0.012438924131357335,Combined,67,108
speed_1s_stage2_col1_std_over_mean,0.02200467872750854,Combined,67,108
speed_1s_stage2_col2_mean,0.007581063985308656,Combined,67,108
speed_1s_stage2_col2_std_over_mean,0.013637881702580007,Combined,67,108
speed_1s_stage3_rows,0.010411305073936521,Combined,67,108
speed_1s_stage3_col1_mean,0.014405656940075102,Combined,67,108
speed_1s_stage3_col1_std_over_mean,0.049451150317251724,Combined,67,108
speed_1s_stage3_col2_mean,0.011475659847893635,Combined,67,108
speed_1s_stage3_col2_std_over_mean,0.031527276528022306,Combined,67,108
speed_1s_stage4_rows,0.009446224805849807,Combined,67,108
speed_1s_stage4_col1_mean,0.012865809194316059,Combined,67,108
speed_1s_stage4_col1_std_over_mean,0.01762871042519053,Combined,67,108
speed_1s_stage4_col2_mean,0.01951059837971774,Combined,67,108
speed_1s_stage4_col2_std_over_mean,0.03973535565184603,Combined,67,108
speed_1s_stage5_rows,0.000162367128472887,Combined,67,108
speed_1s_stage5_col1_mean,0.016723493790133888,Combined,67,108
speed_1s_stage5_col1_std_over_mean,0.06517241860099181,Combined,67,108
speed_1s_stage5_col2_mean,0.01121451934017028,Combined,67,108
speed_1s_stage5_col2_std_over_mean,0.02676187844503882,Combined,67,108
speed_10s_avg_rows,0.011736400376720703,Combined,67,108
speed_10s_avg_stage2_rows,0.0091004265765124,Combined,67,108
speed_10s_avg_stage2_col1_mean,0.009011098349720727,Combined,67,108
speed_10s_avg_stage2_col1_std_over_mean,0.02806475613187823,Combined,67,108
speed_10s_avg_stage2_col2_mean,0.008648920498042749,Combined,67,108
speed_10s_avg_stage2_col2_std_over_mean,0.032653150976060925,Combined,67,108
speed_10s_avg_stage3_rows,0.012577522795465867,Combined,67,108
speed_10s_avg_stage3_col1_mean,0.014200554669957961,Combined,67,108
speed_10s_avg_stage3_col1_std_over_mean,0.023541922498031952,Combined,67,108
speed_10s_avg_stage3_col2_mean,0.015365523179138708,Combined,67,108
speed_10s_avg_stage3_col2_std_over_mean,0.017549081062987262,Combined,67,108
speed_10s_avg_stage4_rows,0.00791440296490807,Combined,67,108
speed_10s_avg_stage4_col1_mean,0.016036817506331555,Combined,67,108
speed_10s_avg_stage4_col1_std_over_mean,0.04429049017387689,Combined,67,108
speed_10s_avg_stage4_col2_mean,0.019723252750137824,Combined,67,108
speed_10s_avg_stage4_col2_std_over_mean,0.01653867952384602,Combined,67,108
speed_10s_avg_stage5_rows,4.130296762013516e-05,Combined,67,108
speed_10s_avg_stage5_col1_mean,0.018101385623237383,Combined,67,108
speed_10s_avg_stage5_col1_std_over_mean,0.03191153875090518,Combined,67,108
speed_10s_avg_stage5_col2_mean,0.01399911474829227,Combined,67,108
speed_10s_avg_stage5_col2_std_over_mean,0.017792732852617118,Combined,67,108
stage_2_frames,0.02162223587064164,Combined,68,109
stage_3_frames,0.008955406349102059,Combined,68,109
stage_4_frames,0.015279382075997282,Combined,68,109
stage_5_frames,0.01214899212145677,Combined,68,109
roam_mean,0.018040708844341273,Combined,68,109
roam_std_over_mean,0.013966239270015288,Combined,68,109
roam_early_mean,0.026274308864059327,Combined,68,109
roam_mid_mean,0.013869955588809102,Combined,68,109
roam_late_mean,0.015432731964287598,Combined,68,109
roam_slope,0.024370435716072298,Combined,68,109
speed_1s_rows,0.012448823332136677,Combined,68,109
speed_1s_stage2_rows,0.01067492603468721,Combined,68,109
speed_1s_stage2_col1_mean,0.020405689512388147,Combined,68,109
speed_1s_stage2_col1_std_over_mean,0.028056572034112232,Combined,68,109
speed_1s_stage2_col2_mean,0.009522716026044082,Combined,68,109
speed_1s_stage2_col2_std_over_mean,0.012477501285918341,Combined,68,109
speed_1s_stage3_rows,0.016361289636112025,Combined,68,109
speed_1s_stage3_col1_mean,0.012910737816812073,Combined,68,109
speed_1s_stage3_col1_std_over_mean,0.02059219940106099,Combined,68,109
speed_1s_stage3_col2_mean,0.014573845136555737,Combined,68,109
speed_1s_stage3_col2_std_over_mean,0.016433295831488903,Combined,68,109
speed_1s_stage4_rows,0.008484025772594966,Combined,68,109
speed_1s_stage4_col1_mean,0.014065277681764483,Combined,68,109
speed_1s_stage4_col1_std_over_mean,0.01649504035011978,Combined,68,109
speed_1s_stage4_col2_mean,0.020995629436263458,Combined,68,109
speed_1s_stage4_col2_std_over_mean,0.05221980154120884,Combined,68,109
speed_1s_stage5_rows,2.9384878447927333e-05,Combined,68,109
speed_1s_stage5_col1_mean,0.017394522845951582,Combined,68,109
speed_1s_stage5_col1_std_over_mean,0.17084302224636372,Combined,68,109
speed_1s_stage5_col2_mean,0.018420316498569914,Combined,68,109
speed_1s_stage5_col2_std_over_mean,0.0312096508821943,Combined,68,109
speed_10s_avg_rows,0.011156527432590498,Combined,68,109
speed_10s_avg_stage2_rows,0.009356279553205941,Combined,68,109
speed_10s_avg_stage2_col1_mean,0.018270244613099756,Combined,68,109
speed_10s_avg_stage2_col1_std_over_mean,0.026329361147178622,Combined,68,109
speed_10s_avg_stage2_col2_mean,0.008262659618579695,Combined,68,109
speed_10s_avg_stage2_col2_std_over_mean,0.018384748764635486,Combined,68,109
speed_10s_avg_stage3_rows,0.013786492002303039,Combined,68,109
speed_10s_avg_stage3_col1_mean,0.013158012888957092,Combined,68,109
speed_10s_avg_stage3_col1_std_over_mean,0.0195320964785125,Combined,68,109
speed_10s_avg_stage3_col2_mean,0.014429122280754684,Combined,68,109
speed_10s_avg_stage3_col2_std_over_mean,0.015081988929209908,Combined,68,109
speed_10s_avg_stage4_rows,0.008198836907242277,Combined,68,109
speed_10s_avg_stage4_col1_mean,0.009570884540454985,Combined,68,109
speed_10s_avg_stage4_col1_std_over_mean,0.025483751623594654,Combined,68,109
speed_10s_avg_stage4_col2_mean,0.012684067025391831,Combined,68,109
speed_10s_avg_stage4_col2_std_over_mean,0.01428539314177531,Combined,68,109
speed_10s_avg_stage5_rows,0.0004248588283864223,Combined,68,109
speed_10s_avg_stage5_col1_mean,0.014449592169111732,Combined,68,109
speed_10s_avg_stage5_col1_std_over_mean,0.02204114213124718,Combined,68,109
speed_10s_avg_stage5_col2_mean,0.016342555178109213,Combined,68,109
speed_10s_avg_stage5_col2_std_over_mean,0.014196719900081008,Combined,68,109
stage_2_frames,0.042067767828203165,Combined,69,110
stage_3_frames,0.00649142638612347,Combined,69,110
stage_4_frames,0.01667591355143814,Combined,69,110
stage_5_frames,0.01772077532204484,Combined,69,110
roam_mean,0.019432743204985822,Combined,69,110
roam_std_over_mean,0.01908580462977141,Combined,69,110
roam_early_mean,0.020067852853785,Combined,69,110
roam_mid_mean,0.015303234616791637,Combined,69,110
roam_late_mean,0.01665581693507175,Combined,69,110
roam_slope,0.019349239730716443,Combined,69,110
speed_1s_rows,0.016168297267502598,Combined,69,110
speed_1s_stage2_rows,0.0072521276446645255,Combined,69,110
speed_1s_stage2_col1_mean,0.015516138666530033,Combined,69,110
speed_1s_stage2_col1_std_over_mean,0.02124978940956436,Combined,69,110
speed_1s_stage2_col2_mean,0.006764069865591173,Combined,69,110
speed_1s_stage2_col2_std_over_mean,0.020331703564286027,Combined,69,110
speed_1s_stage3_rows,0.013327846807370189,Combined,69,110
speed_1s_stage3_col1_mean,0.014831019952733714,Combined,69,110
speed_1s_stage3_col1_std_over_mean,0.01494301902526643,Combined,69,110
speed_1s_stage3_col2_mean,0.01576863711029986,Combined,69,110
speed_1s_stage3_col2_std_over_mean,0.022890523900907365,Combined,69,110
speed_1s_stage4_rows,0.016301201586675654,Combined,69,110
speed_1s_stage4_col1_mean,0.011045407501951801,Combined,69,110
speed_1s_stage4_col1_std_over_mean,0.015191930329843267,Combined,69,110
speed_1s_stage4_col2_mean,0.015593533390852782,Combined,69,110
speed_1s_stage4_col2_std_over_mean,0.04010241732921664,Combined,69,110
speed_1s_stage5_rows,4.6483240168163855e-05,Combined,69,110
speed_1s_stage5_col1_mean,0.018806654382632862,Combined,69,110
speed_1s_stage5_col1_std_over_mean,0.10784143015009447,Combined,69,110
speed_1s_stage5_col2_mean,0.012536451342308736,Combined,69,110
speed_1s_stage5_col2_std_over_mean,0.04659571701377095,Combined,69,110
speed_10s_avg_rows,0.01760998050416372,Combined,69,110
speed_10s_avg_stage2_rows,0.007016268340754693,Combined,69,110
speed_10s_avg_stage2_col1_mean,0.01599138865848086,Combined,69,110
speed_10s_avg_stage2_col1_std_over_mean,0.01850662308961263,Combined,69,110
speed_10s_avg_stage2_col2_mean,0.007196012812035743,Combined,69,110
speed_10s_avg_stage2_col2_std_over_mean,0.017207831435049153,Combined,69,110
speed_10s_avg_stage3_rows,0.016182413131600595,Combined,69,110
speed_10s_avg_stage3_col1_mean,0.01851196460150033,Combined,69,110
speed_10s_avg_stage3_col1_std_over_mean,0.01758688497175783,Combined,69,110
speed_10s_avg_stage3_col2_mean,0.012974389506680015,Combined,69,110
speed_10s_avg_stage3_col2_std_over_mean,0.02075573361879446,Combined,69,110
speed_10s_avg_stage4_rows,0.014677157597055849,Combined,69,110
speed_10s_avg_stage4_col1_mean,0.00837328478255964,Combined,69,110
speed_10s_avg_stage4_col1_std_over_mean,0.045115258559622506,Combined,69,110
speed_10s_avg_stage4_col2_mean,0.017527616466368714,Combined,69,110
speed_10s_avg_stage4_col2_std_over_mean,0.0252717854800382,Combined,69,110
speed_10s_avg_stage5_rows,0.0003721842661366554,Combined,69,110
speed_10s_avg_stage5_col1_mean,0.015823250371446735,Combined,69,110
speed_10s_avg_stage5_col1_std_over_mean,0.018367845671989267,Combined,69,110
speed_10s_avg_stage5_col2_mean,0.019091526848078744,Combined,69,110
speed_10s_avg_stage5_col2_std_over_mean,0.01988562474511051,Combined,69,110
stage_2_frames,0.05010529996135798,Combined,70,111
stage_3_frames,0.005956568686210265,Combined,70,111
stage_4_frames,0.014879959128994775,Combined,70,111
stage_5_frames,0.008751404014730091,Combined,70,111
roam_mean,0.023708952233269163,Combined,70,111
roam_std_over_mean,0.020671148743728964,Combined,70,111
roam_early_mean,0.021898883133719176,Combined,70,111
roam_mid_mean,0.025667917403420427,Combined,70,111
roam_late_mean,0.02677757432474662,Combined,70,111
roam_slope,0.013541647079066375,Combined,70,111
speed_1s_rows,0.018293207478028466,Combined,70,111
speed_1s_stage2_rows,0.008770021223555956,Combined,70,111
speed_1s_stage2_col1_mean,0.017606614740861386,Combined,70,111
speed_1s_stage2_col1_std_over_mean,0.021427564122438028,Combined,70,111
speed_1s_stage2_col2_mean,0.008758851698814197,Combined,70,111
speed_1s_stage2_col2_std_over_mean,0.015327732680700519,Combined,70,111
speed_1s_stage3_rows,0.0110213105455333,Combined,70,111
speed_1s_stage3_col1_mean,0.02311545567087608,Combined,70,111
speed_1s_stage3_col1_std_over_mean,0.021487612002186136,Combined,70,111
speed_1s_stage3_col2_mean,0.005806002079111436,Combined,70,111
speed_1s_stage3_col2_std_over_mean,0.011648529204092718,Combined,70,111
speed_1s_stage4_rows,0.011046576235442633,Combined,70,111
speed_1s_stage4_col1_mean,0.012292362420088297,Combined,70,111
speed_1s_stage4_col1_std_over_mean,0.017605142674377492,Combined,70,111
speed_1s_stage4_col2_mean,0.012045173151364726,Combined,70,111
speed_1s_stage4_col2_std_over_mean,0.025837352089169586,Combined,70,111
speed_1s_stage5_rows,0.0007747544960278527,Combined,70,111
speed_1s_stage5_col1_mean,0.011057787232863128,Combined,70,111
speed_1s_stage5_col1_std_over_mean,0.19891113792589232,Combined,70,111
speed_1s_stage5_col2_mean,0.014054164414648922,Combined,70,111
speed_1s_stage5_col2_std_over_mean,0.04256041277261199,Combined,70,111
speed_10s_avg_rows,0.016123009149032842,Combined,70,111
speed_10s_avg_stage2_rows,0.0077871687867635065,Combined,70,111
speed_10s_avg_stage2_col1_mean,0.012910110653581412,Combined,70,111
speed_10s_avg_stage2_col1_std_over_mean,0.01271671637444173,Combined,70,111
speed_10s_avg_stage2_col2_mean,0.007757340772338465,Combined,70,111
speed_10s_avg_stage2_col2_std_over_mean,0.015449995056625412,Combined,70,111
speed_10s_avg_stage3_rows,0.012851103789318644,Combined,70,111
speed_10s_avg_stage3_col1_mean,0.02651748885009906,Combined,70,111
speed_10s_avg_stage3_col1_std_over_mean,0.015566618258598446,Combined,70,111
speed_10s_avg_stage3_col2_mean,0.00572757522304604,Combined,70,111
speed_10s_avg_stage3_col2_std_over_mean,0.013616068901989733,Combined,70,111
speed_10s_avg_stage4_rows,0.006908240403370048,Combined,70,111
speed_10s_avg_stage4_col1_mean,0.012967210047605659,Combined,70,111
speed_10s_avg_stage4_col1_std_over_mean,0.022638531093628733,Combined,70,111
speed_10s_avg_stage4_col2_mean,0.014871808397959475,Combined,70,111
speed_10s_avg_stage4_col2_std_over_mean,0.012928583000831427,Combined,70,111
speed_10s_avg_stage5_rows,0.00015701599852377775,Combined,70,111
speed_10s_avg_stage5_col1_mean,0.010396682784332518,Combined,70,111
speed_10s_avg_stage5_col1_std_over_mean,0.020686365509550365,Combined,70,111
speed_10s_avg_stage5_col2_mean,0.014583857035832386,Combined,70,111
speed_10s_avg_stage5_col2_std_over_mean,0.015431390344601352,Combined,70,111
stage_2_frames,0.04333471360596448,Combined,71,112
stage_3_frames,0.006244187328857444,Combined,71,112
stage_4_frames,0.008511661176720768,Combined,71,112
stage_5_frames,0.01425470278458863,Combined,71,112
roam_mean,0.014684224964685662,Combined,71,112
roam_std_over_mean,0.05052343774022423,Combined,71,112
roam_early_mean,0.019875779654746385,Combined,71,112
roam_mid_mean,0.016391854019017747,Combined,71,112
roam_late_mean,0.03240944759514112,Combined,71,112
roam_slope,0.016941625847466935,Combined,71,112
speed_1s_rows,0.010447464326255106,Combined,71,112
speed_1s_stage2_rows,0.008044035890782465,Combined,71,112
speed_1s_stage2_col1_mean,0.014789876552267336,Combined,71,112
speed_1s_stage2_col1_std_over_mean,0.03475123470685826,Combined,71,112
speed_1s_stage2_col2_mean,0.007014165016835371,Combined,71,112
speed_1s_stage2_col2_std_over_mean,0.012910589173446322,Combined,71,112
speed_1s_stage3_rows,0.012597509513128836,Combined,71,112
speed_1s_stage3_col1_mean,0.009120477347688782,Combined,71,112
speed_1s_stage3_col1_std_over_mean,0.015893752324332596,Combined,71,112
speed_1s_stage3_col2_mean,0.011587611790926945,Combined,71,112
speed_1s_stage3_col2_std_over_mean,0.023820982512484767,Combined,71,112
speed_1s_stage4_rows,0.013348619436328951,Combined,71,112
speed_1s_stage4_col1_mean,0.015075302719200092,Combined,71,112
speed_1s_stage4_col1_std_over_mean,0.019919647082302018,Combined,71,112
speed_1s_stage4_col2_mean,0.01902773468005408,Combined,71,112
speed_1s_stage4_col2_std_over_mean,0.07417741718806291,Combined,71,112
speed_1s_stage5_rows,5.1103640935058555e-05,Combined,71,112
speed_1s_stage5_col1_mean,0.012628680031751863,Combined,71,112
speed_1s_stage5_col1_std_over_mean,0.0966341547551052,Combined,71,112
speed_1s_stage5_col2_mean,0.01615657152683516,Combined,71,112
speed_1s_stage5_col2_std_over_mean,0.05239327575776352,Combined,71,112
speed_10s_avg_rows,0.010957333194259662,Combined,71,112
speed_10s_avg_stage2_rows,0.0051836387015890125,Combined,71,112
speed_10s_avg_stage2_col1_mean,0.010182332512241571,Combined,71,112
speed_10s_avg_stage2_col1_std_over_mean,0.01543307824812155,Combined,71,112
speed_10s_avg_stage2_col2_mean,0.00989524507022623,Combined,71,112
speed_10s_avg_stage2_col2_std_over_mean,0.014174208820692214,Combined,71,112
speed_10s_avg_stage3_rows,0.008828166201678823,Combined,71,112
speed_10s_avg_stage3_col1_mean,0.01144842863506728,Combined,71,112
speed_10s_avg_stage3_col1_std_over_mean,0.011152696720794482,Combined,71,112
speed_10s_avg_stage3_col2_mean,0.011618573343465294,Combined,71,112
speed_10s_avg_stage3_col2_std_over_mean,0.019617009593571256,Combined,71,112
speed_10s_avg_stage4_rows,0.02034367720141578,Combined,71,112
speed_10s_avg_stage4_col1_mean,0.013851693160655426,Combined,71,112
speed_10s_avg_stage4_col1_std_over_mean,0.026346728044446932,Combined,71,112
speed_10s_avg_stage4_col2_mean,0.017398523826874245,Combined,71,112
speed_10s_avg_stage4_col2_std_over_mean,0.0174484859554692,Combined,71,112
speed_10s_avg_stage5_rows,8.53243256732904e-05,Combined,71,112
speed_10s_avg_stage5_col1_mean,0.013670431637062871,Combined,71,112
speed_10s_avg_stage5_col1_std_over_mean,0.028388454456327043,Combined,71,112
speed_10s_avg_stage5_col2_mean,0.01469459309080342,Combined,71,112
speed_10s_avg_stage5_col2_std_over_mean,0.015719536568805394,Combined,71,112
stage_2_frames,0.04484346684576291,Combined,72,113
stage_3_frames,0.007866781174355481,Combined,72,113
stage_4_frames,0.007596994969647521,Combined,72,113
stage_5_frames,0.013323380664483167,Combined,72,113
roam_mean,0.022478580678354673,Combined,72,113
roam_std_over_mean,0.025239809492338946,Combined,72,113
roam_early_mean,0.023521620080371255,Combined,72,113
roam_mid_mean,0.019136486096942115,Combined,72,113
roam_late_mean,0.029139417543427647,Combined,72,113
roam_slope,0.02687799638622235,Combined,72,113
speed_1s_rows,0.017419426868467053,Combined,72,113
speed_1s_stage2_rows,0.00813292285517126,Combined,72,113
speed_1s_stage2_col1_mean,0.01132392845104057,Combined,72,113
speed_1s_stage2_col1_std_over_mean,0.03158000522853504,Combined,72,113
speed_1s_stage2_col2_mean,0.011272839001719404,Combined,72,113
speed_1s_stage2_col2_std_over_mean,0.014754490931969889,Combined,72,113
speed_1s_stage3_rows,0.010065118072132319,Combined,72,113
speed_1s_stage3_col1_mean,0.014617118077116516,Combined,72,113
speed_1s_stage3_col1_std_over_mean,0.01635620309811634,Combined,72,113
speed_1s_stage3_col2_mean,0.012667587083688033,Combined,72,113
speed_1s_stage3_col2_std_over_mean,0.024413419702965383,Combined,72,113
speed_1s_stage4_rows,0.014404744466608232,Combined,72,113
speed_1s_stage4_col1_mean,0.009031101500280627,Combined,72,113
speed_1s_stage4_col1_std_over_mean,0.015781967955056108,Combined,72,113
speed_1s_stage4_col2_mean,0.010721133052127081,Combined,72,113
speed_1s_stage4_col2_std_over_mean,0.05919905453107299,Combined,72,113
speed_1s_stage5_rows,8.222542422345426e-05,Combined,72,113
speed_1s_stage5_col1_mean,0.020831537787357975,Combined,72,113
speed_1s_stage5_col1_std_over_mean,0.07354466057438015,Combined,72,113
speed_1s_stage5_col2_mean,0.015378916528539607,Combined,72,113
speed_1s_stage5_col2_std_over_mean,0.07047091099289617,Combined,72,113
speed_10s_avg_rows,0.021518621816033017,Combined,72,113
speed_10s_avg_stage2_rows,0.007915464359618492,Combined,72,113
speed_10s_avg_stage2_col1_mean,0.009574341337375312,Combined,72,113
speed_10s_avg_stage2_col1_std_over_mean,0.021032424782627637,Combined,72,113
speed_10s_avg_stage2_col2_mean,0.005787954360834864,Combined,72,113
speed_10s_avg_stage2_col2_std_over_mean,0.021966083613114293,Combined,72,113
speed_10s_avg_stage3_rows,0.01084238204086438,Combined,72,113
speed_10s_avg_stage3_col1_mean,0.014394851917641997,Combined,72,113
speed_10s_avg_stage3_col1_std_over_mean,0.019665992616594522,Combined,72,113
speed_10s_avg_stage3_col2_mean,0.011392710098758224,Combined,72,113
speed_10s_avg_stage3_col2_std_over_mean,0.014738464922322166,Combined,72,113
speed_10s_avg_stage4_rows,0.01211333040865038,Combined,72,113
speed_10s_avg_stage4_col1_mean,0.010355938472991467,Combined,72,113
speed_10s_avg_stage4_col1_std_over_mean,0.02149279551836553,Combined,72,113
speed_10s_avg_stage4_col2_mean,0.013767133992162173,Combined,72,113
speed_10s_avg_stage4_col2_std_over_mean,0.02022414324634352,Combined,72,113
speed_10s_avg_stage5_rows,0.00016688500588924327,Combined,72,113
speed_10s_avg_stage5_col1_mean,0.020600635999835047,Combined,72,113
speed_10s_avg_stage5_col1_std_over_mean,0.022563392242273675,Combined,72,113
speed_10s_avg_stage5_col2_mean,0.017540911737882532,Combined,72,113
speed_10s_avg_stage5_col2_std_over_mean,0.020271695394451318,Combined,72,113
stage_2_frames,0.02487916958351083,Combined,73,114
stage_3_frames,0.006938091385127906,Combined,73,114
stage_4_frames,0.013324503215733401,Combined,73,114
stage_5_frames,0.012083985429180471,Combined,73,114
roam_mean,0.018415200502274926,Combined,73,114
roam_std_over_mean,0.02070966825883518,Combined,73,114
roam_early_mean,0.023563880575074227,Combined,73,114
roam_mid_mean,0.010452796006747915,Combined,73,114
roam_late_mean,0.015185453890174153,Combined,73,114
roam_slope,0.012641387518411039,Combined,73,114
speed_1s_rows,0.013814714503342037,Combined,73,114
speed_1s_stage2_rows,0.009246688068345122,Combined,73,114
speed_1s_stage2_col1_mean,0.011803988235720988,Combined,73,114
speed_1s_stage2_col1_std_over_mean,0.01201857824925573,Combined,73,114
speed_1s_stage2_col2_mean,0.006196985693553178,Combined,73,114
speed_1s_stage2_col2_std_over_mean,0.009673092438380897,Combined,73,114
speed_1s_stage3_rows,0.013542441034271371,Combined,73,114
speed_1s_stage3_col1_mean,0.010418485173235464,Combined,73,114
speed_1s_stage3_col1_std_over_mean,0.00877783083580237,Combined,73,114
speed_1s_stage3_col2_mean,0.03883365130188124,Combined,73,114
speed_1s_stage3_col2_std_over_mean,0.034129290558149644,Combined,73,114
speed_1s_stage4_rows,0.012526133441542152,Combined,73,114
speed_1s_stage4_col1_mean,0.01053685585959784,Combined,73,114
speed_1s_stage4_col1_std_over_mean,0.01920668196697851,Combined,73,114
speed_1s_stage4_col2_mean,0.015957791610754484,Combined,73,114
speed_1s_stage4_col2_std_over_mean,0.032678504287584446,Combined,73,114
speed_1s_stage5_rows,0.00034938935950298557,Combined,73,114
speed_1s_stage5_col1_mean,0.017553089320582416,Combined,73,114
speed_1s_stage5_col1_std_over_mean,0.20878110143810572,Combined,73,114
speed_1s_stage5_col2_mean,0.011836759249828318,Combined,73,114
speed_1s_stage5_col2_std_over_mean,0.022632487867521634,Combined,73,114
speed_10s_avg_rows,0.01767934675035569,Combined,73,114
speed_10s_avg_stage2_rows,0.006635420402945104,Combined,73,114
speed_10s_avg_stage2_col1_mean,0.01148138580563478,Combined,73,114
speed_10s_avg_stage2_col1_std_over_mean,0.026399921659676293,Combined,73,114
speed_10s_avg_stage2_col2_mean,0.007733739513896506,Combined,73,114
speed_10s_avg_stage2_col2_std_over_mean,0.024396258155267466,Combined,73,114
speed_10s_avg_stage3_rows,0.011499970347602025,Combined,73,114
speed_10s_avg_stage3_col1_mean,0.008532501057074145,Combined,73,114
speed_10s_avg_stage3_col1_std_over_mean,0.012717759545850882,Combined,73,114
speed_10s_avg_stage3_col2_mean,0.037374077198127284,Combined,73,114
speed_10s_avg_stage3_col2_std_over_mean,0.01884014487807899,Combined,73,114
speed_10s_avg_stage4_rows,0.012406429172467827,Combined,73,114
speed_10s_avg_stage4_col1_mean,0.0073108745918858044,Combined,73,114
speed_10s_avg_stage4_col1_std_over_mean,0.012160377530981823,Combined,73,114
speed_10s_avg_stage4_col2_mean,0.016011682413928346,Combined,73,114
speed_10s_avg_stage4_col2_std_over_mean,0.017216408710414577,Combined,73,114
speed_10s_avg_stage5_rows,0.0005244843962251389,Combined,73,114
speed_10s_avg_stage5_col1_mean,0.017249343050083348,Combined,73,114
speed_10s_avg_stage5_col1_std_over_mean,0.023654075912586968,Combined,73,114
speed_10s_avg_stage5_col2_mean,0.01462990109717758,Combined,73,114
speed_10s_avg_stage5_col2_std_over_mean,0.016837220950732906,Combined,73,114
stage_2_frames,0.03441997633178947,Combined,74,115
stage_3_frames,0.007843812074214624,Combined,74,115
stage_4_frames,0.008438417598750718,Combined,74,115
stage_5_frames,0.00747847281592749,Combined,74,115
roam_mean,0.019586714818607725,Combined,74,115
roam_std_over_mean,0.02877721048780831,Combined,74,115
roam_early_mean,0.024489720532371164,Combined,74,115
roam_mid_mean,0.023942770938336595,Combined,74,115
roam_late_mean,0.02537514717222059,Combined,74,115
roam_slope,0.0160436036044303,Combined,74,115
speed_1s_rows,0.011182210612478073,Combined,74,115
speed_1s_stage2_rows,0.00608328720800904,Combined,74,115
speed_1s_stage2_col1_mean,0.012924305619912427,Combined,74,115
speed_1s_stage2_col1_std_over_mean,0.020459560495777285,Combined,74,115
speed_1s_stage2_col2_mean,0.010184297884315506,Combined,74,115
speed_1s_stage2_col2_std_over_mean,0.011617034207156091,Combined,74,115
speed_1s_stage3_rows,0.008869751122762705,Combined,74,115
speed_1s_stage3_col1_mean,0.022974695630271734,Combined,74,115
speed_1s_stage3_col1_std_over_mean,0.013967030593280635,Combined,74,115
speed_1s_stage3_col2_mean,0.01564967974544656,Combined,74,115
speed_1s_stage3_col2_std_over_mean,0.015167735468352803,Combined,74,115
speed_1s_stage4_rows,0.0072652105353213535,Combined,74,115
speed_1s_stage4_col1_mean,0.01160074064783761,Combined,74,115
speed_1s_stage4_col1_std_over_mean,0.021258548949743796,Combined,74,115
speed_1s_stage4_col2_mean,0.015624707766975703,Combined,74,115
speed_1s_stage4_col2_std_over_mean,0.025282929266645184,Combined,74,115
speed_1s_stage5_rows,5.9822029011646103e-05,Combined,74,115
speed_1s_stage5_col1_mean,0.019712782916017916,Combined,74,115
speed_1s_stage5_col1_std_over_mean,0.14180636442440375,Combined,74,115
speed_1s_stage5_col2_mean,0.010191567053811744,Combined,74,115
speed_1s_stage5_col2_std_over_mean,0.05021502729433725,Combined,74,115
speed_10s_avg_rows,0.01105168870005473,Combined,74,115
speed_10s_avg_stage2_rows,0.005671273063625443,Combined,74,115
speed_10s_avg_stage2_col1_mean,0.010048893048205828,Combined,74,115
speed_10s_avg_stage2_col1_std_over_mean,0.01916549133822477,Combined,74,115
speed_10s_avg_stage2_col2_mean,0.00958801565234648,Combined,74,115
speed_10s_avg_stage2_col2_std_over_mean,0.03466152397569182,Combined,74,115
speed_10s_avg_stage3_rows,0.008655175031414048,Combined,74,115
speed_10s_avg_stage3_col1_mean,0.02186190385996835,Combined,74,115
speed_10s_avg_stage3_col1_std_over_mean,0.030570854329687897,Combined,74,115
speed_10s_avg_stage3_col2_mean,0.016625276290565948,Combined,74,115
speed_10s_avg_stage3_col2_std_over_mean,0.015687263650725775,Combined,74,115
speed_10s_avg_stage4_rows,0.012962369932387665,Combined,74,115
speed_10s_avg_stage4_col1_mean,0.010355532226515063,Combined,74,115
speed_10s_avg_stage4_col1_std_over_mean,0.03354430313833019,Combined,74,115
speed_10s_avg_stage4_col2_mean,0.014404983829977909,Combined,74,115
speed_10s_avg_stage4_col2_std_over_mean,0.01827036341400694,Combined,74,115
speed_10s_avg_stage5_rows,3.766721831246676e-05,Combined,74,115
speed_10s_avg_stage5_col1_mean,0.016202720365347995,Combined,74,115
speed_10s_avg_stage5_col1_std_over_mean,0.020982602221490388,Combined,74,115
speed_10s_avg_stage5_col2_mean,0.013972913942974098,Combined,74,115
speed_10s_avg_stage5_col2_std_over_mean,0.02718604892382051,Combined,74,115
stage_2_frames,0.050779766719530196,Combined,75,116
stage_3_frames,0.006708746145007389,Combined,75,116
stage_4_frames,0.01388298241582438,Combined,75,116
stage_5_frames,0.010349644124472687,Combined,75,116
roam_mean,0.029939309706801732,Combined,75,116
roam_std_over_mean,0.029096838383022277,Combined,75,116
roam_early_mean,0.02133064179131267,Combined,75,116
roam_mid_mean,0.01644624373299027,Combined,75,116
roam_late_mean,0.018464440696796054,Combined,75,116
roam_slope,0.01763086192984633,Combined,75,116
speed_1s_rows,0.01600218716116052,Combined,75,116
speed_1s_stage2_rows,0.006657223837368083,Combined,75,116
speed_1s_stage2_col1_mean,0.022640995452725386,Combined,75,116
speed_1s_stage2_col1_std_over_mean,0.019648427770878458,Combined,75,116
speed_1s_stage2_col2_mean,0.010224975493935598,Combined,75,116
speed_1s_stage2_col2_std_over_mean,0.014377537668803488,Combined,75,116
speed_1s_stage3_rows,0.011799114800451363,Combined,75,116
speed_1s_stage3_col1_mean,0.016349786770044936,Combined,75,116
speed_1s_stage3_col1_std_over_mean,0.020051600197109304,Combined,75,116
speed_1s_stage3_col2_mean,0.013650311592245086,Combined,75,116
speed_1s_stage3_col2_std_over_mean,0.01784779241788307,Combined,75,116
speed_1s_stage4_rows,0.010255340686648663,Combined,75,116
speed_1s_stage4_col1_mean,0.015061709679690661,Combined,75,116
speed_1s_stage4_col1_std_over_mean,0.02749123882451815,Combined,75,116
speed_1s_stage4_col2_mean,0.010158158399678312,Combined,75,116
speed_1s_stage4_col2_std_over_mean,0.032578742208312444,Combined,75,116
speed_1s_stage5_rows,0.00020962017993667278,Combined,75,116
speed_1s_stage5_col1_mean,0.013011885443099364,Combined,75,116
speed_1s_stage5_col1_std_over_mean,0.1339850276995026,Combined,75,116
speed_1s_stage5_col2_mean,0.015220909206468779,Combined,75,116
speed_1s_stage5_col2_std_over_mean,0.045445920242161486,Combined,75,116
speed_10s_avg_rows,0.021525294053927294,Combined,75,116
speed_10s_avg_stage2_rows,0.007236218457420307,Combined,75,116
speed_10s_avg_stage2_col1_mean,0.020337993604119493,Combined,75,116
speed_10s_avg_stage2_col1_std_over_mean,0.017518069035508396,Combined,75,116
speed_10s_avg_stage2_col2_mean,0.008200505876103674,Combined,75,116
speed_10s_avg_stage2_col2_std_over_mean,0.010225942702052114,Combined,75,116
speed_10s_avg_stage3_rows,0.016063337848033914,Combined,75,116
speed_10s_avg_stage3_col1_mean,0.02068170925887581,Combined,75,116
speed_10s_avg_stage3_col1_std_over_mean,0.028507704010598253,Combined,75,116
speed_10s_avg_stage3_col2_mean,0.013891857347337118,Combined,75,116
speed_10s_avg_stage3_col2_std_over_mean,0.014438935724592114,Combined,75,116
speed_10s_avg_stage4_rows,0.009394688682925019,Combined,75,116
speed_10s_avg_stage4_col1_mean,0.015411578639910075,Combined,75,116
speed_10s_avg_stage4_col1_std_over_mean,0.017156172864062565,Combined,75,116
speed_10s_avg_stage4_col2_mean,0.009003795397720785,Combined,75,116
speed_10s_avg_stage4_col2_std_over_mean,0.01290634011849409,Combined,75,116
speed_10s_avg_stage5_rows,9.094123855349537e-05,Combined,75,116
speed_10s_avg_stage5_col1_mean,0.010903630253681096,Combined,75,116
speed_10s_avg_stage5_col1_std_over_mean,0.021944677110421265,Combined,75,116
speed_10s_avg_stage5_col2_mean,0.01957157140477183,Combined,75,116
speed_10s_avg_stage5_col2_std_over_mean,0.017691054992664827,Combined,75,116
stage_2_frames,0.03441459293205504,Combined,76,117
stage_3_frames,0.007039197654335018,Combined,76,117
stage_4_frames,0.01291519166188046,Combined,76,117
stage_5_frames,0.01457756177395088,Combined,76,117
roam_mean,0.020586574877970915,Combined,76,117
roam_std_over_mean,0.022700849466862887,Combined,76,117
roam_early_mean,0.021207277407833014,Combined,76,117
roam_mid_mean,0.015545631416061153,Combined,76,117
roam_late_mean,0.028345081051118316,Combined,76,117
roam_slope,0.0218724141191078,Combined,76,117
speed_1s_rows,0.014281009049654245,Combined,76,117
speed_1s_stage2_rows,0.008522893750433986,Combined,76,117
speed_1s_stage2_col1_mean,0.015232174880224535,Combined,76,117
speed_1s_stage2_col1_std_over_mean,0.021458473672373815,Combined,76,117
speed_1s_stage2_col2_mean,0.010456932823856877,Combined,76,117
speed_1s_stage2_col2_std_over_mean,0.026125506363266937,Combined,76,117
speed_1s_stage3_rows,0.009558651128079928,Combined,76,117
speed_1s_stage3_col1_mean,0.010935933544748358,Combined,76,117
speed_1s_stage3_col1_std_over_mean,0.017961448915352136,Combined,76,117
speed_1s_stage3_col2_mean,0.012565284270923772,Combined,76,117
speed_1s_stage3_col2_std_over_mean,0.01824864981239719,Combined,76,117
speed_1s_stage4_rows,0.01347915751178853,Combined,76,117
speed_1s_stage4_col1_mean,0.018126232454488803,Combined,76,117
speed_1s_stage4_col1_std_over_mean,0.01768851401026116,Combined,76,117
speed_1s_stage4_col2_mean,0.024284883520755304,Combined,76,117
speed_1s_stage4_col2_std_over_mean,0.038522151593460785,Combined,76,117
speed_1s_stage5_rows,5.706369794577914e-05,Combined,76,117
speed_1s_stage5_col1_mean,0.024928368085514418,Combined,76,117
speed_1s_stage5_col1_std_over_mean,0.09580768184436192,Combined,76,117
speed_1s_stage5_col2_mean,0.011755670362865843,Combined,76,117
speed_1s_stage5_col2_std_over_mean,0.02169441086319256,Combined,76,117
speed_10s_avg_rows,0.01585654567540521,Combined,76,117
speed_10s_avg_stage2_rows,0.006406764065859323,Combined,76,117
speed_10s_avg_stage2_col1_mean,0.01496682049683015,Combined,76,117
speed_10s_avg_stage2_col1_std_over_mean,0.031005915017682305,Combined,76,117
speed_10s_avg_stage2_col2_mean,0.012096547110839248,Combined,76,117
speed_10s_avg_stage2_col2_std_over_mean,0.02308636733651141,Combined,76,117
speed_10s_avg_stage3_rows,0.009327250071256895,Combined,76,117
speed_10s_avg_stage3_col1_mean,0.015718943035864064,Combined,76,117
speed_10s_avg_stage3_col1_std_over_mean,0.01836405668926587,Combined,76,117
speed_10s_avg_stage3_col2_mean,0.012847409539985165,Combined,76,117
speed_10s_avg_stage3_col2_std_over_mean,0.022058914255971923,Combined,76,117
speed_10s_avg_stage4_rows,0.016593051771074698,Combined,76,117
speed_10s_avg_stage4_col1_mean,0.017094352012999713,Combined,76,117
speed_10s_avg_stage4_col1_std_over_mean,0.036457918211538355,Combined,76,117
speed_10s_avg_stage4_col2_mean,0.0286144312431922,Combined,76,117
speed_10s_avg_stage4_col2_std_over_mean,0.018481516756288823,Combined,76,117
speed_10s_avg_stage5_rows,3.7271139215519256e-05,Combined,76,117
speed_10s_avg_stage5_col1_mean,0.018674383999139198,Combined,76,117
speed_10s_avg_stage5_col1_std_over_mean,0.023629531908171242,Combined,76,117
speed_10s_avg_stage5_col2_mean,0.010080739920029613,Combined,76,117
speed_10s_avg_stage5_col2_std_over_mean,0.017705805225756863,Combined,76,117
stage_2_frames,0.03149384413837101,Combined,77,118
stage_3_frames,0.005844056679940745,Combined,77,118
stage_4_frames,0.01245783925356425,Combined,77,118
stage_5_frames,0.01628471676527589,Combined,77,118
roam_mean,0.018768318647298818,Combined,77,118
roam_std_over_mean,0.043830256697150925,Combined,77,118
roam_early_mean,0.01802871403284314,Combined,77,118
roam_mid_mean,0.019929872286390354,Combined,77,118
roam_late_mean,0.015960845701334898,Combined,77,118
roam_slope,0.020561518170070816,Combined,77,118
speed_1s_rows,0.013388089760037303,Combined,77,118
speed_1s_stage2_rows,0.006126172374046042,Combined,77,118
speed_1s_stage2_col1_mean,0.011310848353119558,Combined,77,118
speed_1s_stage2_col1_std_over_mean,0.03319609608011307,Combined,77,118
speed_1s_stage2_col2_mean,0.010319770070541603,Combined,77,118
speed_1s_stage2_col2_std_over_mean,0.014879970148723547,Combined,77,118
speed_1s_stage3_rows,0.009785659387262783,Combined,77,118
speed_1s_stage3_col1_mean,0.00763045056206663,Combined,77,118
speed_1s_stage3_col1_std_over_mean,0.03857819686722991,Combined,77,118
speed_1s_stage3_col2_mean,0.013769290944140398,Combined,77,118
speed_1s_stage3_col2_std_over_mean,0.03835702349444561,Combined,77,118
speed_1s_stage4_rows,0.01606941150227638,Combined,77,118
speed_1s_stage4_col1_mean,0.01023798356342015,Combined,77,118
speed_1s_stage4_col1_std_over_mean,0.011984230116599283,Combined,77,118
speed_1s_stage4_col2_mean,0.015018812495452494,Combined,77,118
speed_1s_stage4_col2_std_over_mean,0.06571235901386221,Combined,77,118
speed_1s_stage5_rows,0.0001671527265822042,Combined,77,118
speed_1s_stage5_col1_mean,0.015673458159718073,Combined,77,118
speed_1s_stage5_col1_std_over_mean,0.07275022920171319,Combined,77,118
speed_1s_stage5_col2_mean,0.018573963959858244,Combined,77,118
speed_1s_stage5_col2_std_over_mean,0.05553627687260355,Combined,77,118
speed_10s_avg_rows,0.01517356053095836,Combined,77,118
speed_10s_avg_stage2_rows,0.006296152018917208,Combined,77,118
speed_10s_avg_stage2_col1_mean,0.010504343453872151,Combined,77,118
speed_10s_avg_stage2_col1_std_over_mean,0.028505098397868956,Combined,77,118
speed_10s_avg_stage2_col2_mean,0.009698299306105933,Combined,77,118
speed_10s_avg_stage2_col2_std_over_mean,0.02394388244650658,Combined,77,118
speed_10s_avg_stage3_rows,0.011515461326736465,Combined,77,118
speed_10s_avg_stage3_col1_mean,0.008566461186403982,Combined,77,118
speed_10s_avg_stage3_col1_std_over_mean,0.018786658853107464,Combined,77,118
speed_10s_avg_stage3_col2_mean,0.017385188337932168,Combined,77,118
speed_10s_avg_stage3_col2_std_over_mean,0.014458905990384598,Combined,77,118
speed_10s_avg_stage4_rows,0.0174092335015733,Combined,77,118
speed_10s_avg_stage4_col1_mean,0.008549366901153302,Combined,77,118
speed_10s_avg_stage4_col1_std_over_mean,0.01475046263292118,Combined,77,118
speed_10s_avg_stage4_col2_mean,0.01880217201040784,Combined,77,118
speed_10s_avg_stage4_col2_std_over_mean,0.02549837568385,Combined,77,118
speed_10s_avg_stage5_rows,6.468638640901203e-05,Combined,77,118
speed_10s_avg_stage5_col1_mean,0.012963266462723803,Combined,77,118
speed_10s_avg_stage5_col1_std_over_mean,0.020164006080592028,Combined,77,118
speed_10s_avg_stage5_col2_mean,0.01654877981590833,Combined,77,118
speed_10s_avg_stage5_col2_std_over_mean,0.0181902106496143,Combined,77,118
stage_2_frames,0.03634052882177065,Combined,78,119
stage_3_frames,0.008103522883316255,Combined,78,119
stage_4_frames,0.011279513303852304,Combined,78,119
stage_5_frames,0.013278655090901587,Combined,78,119
roam_mean,0.018690792375488114,Combined,78,119
roam_std_over_mean,0.051570021543748665,Combined,78,119
roam_early_mean,0.02356181993533357,Combined,78,119
roam_mid_mean,0.012894066127118657,Combined,78,119
roam_late_mean,0.019219573742238136,Combined,78,119
roam_slope,0.01934772765636471,Combined,78,119
speed_1s_rows,0.013644026516323597,Combined,78,119
speed_1s_stage2_rows,0.008236576203670376,Combined,78,119
speed_1s_stage2_col1_mean,0.012955140390319714,Combined,78,119
speed_1s_stage2_col1_std_over_mean,0.03057763039399346,Combined,78,119
speed_1s_stage2_col2_mean,0.009108788871268798,Combined,78,119
speed_1s_stage2_col2_std_over_mean,0.015558292252983523,Combined,78,119
speed_1s_stage3_rows,0.012473322968009638,Combined,78,119
speed_1s_stage3_col1_mean,0.011019562469712058,Combined,78,119
speed_1s_stage3_col1_std_over_mean,0.017129011632456097,Combined,78,119
speed_1s_stage3_col2_mean,0.013299462460884478,Combined,78,119
speed_1s_stage3_col2_std_over_mean,0.033233198915705656,Combined,78,119
speed_1s_stage4_rows,0.011849664347567469,Combined,78,119
speed_1s_stage4_col1_mean,0.011024728843367523,Combined,78,119
speed_1s_stage4_col1_std_over_mean,0.009648894866486329,Combined,78,119
speed_1s_stage4_col2_mean,0.029251248812239776,Combined,78,119
speed_1s_stage4_col2_std_over_mean,0.0444202133935508,Combined,78,119
speed_1s_stage5_rows,2.4241644454784277e-05,Combined,78,119
speed_1s_stage5_col1_mean,0.014388686382311522,Combined,78,119
speed_1s_stage5_col1_std_over_mean,0.08047751238196607,Combined,78,119
speed_1s_stage5_col2_mean,0.01528128706025391,Combined,78,119
speed_1s_stage5_col2_std_over_mean,0.08187004780370334,Combined,78,119
speed_10s_avg_rows,0.012568726888985816,Combined,78,119
speed_10s_avg_stage2_rows,0.010411157758187689,Combined,78,119
speed_10s_avg_stage2_col1_mean,0.013109737879467254,Combined,78,119
speed_10s_avg_stage2_col1_std_over_mean,0.017867770340979288,Combined,78,119
speed_10s_avg_stage2_col2_mean,0.011939912309458449,Combined,78,119
speed_10s_avg_stage2_col2_std_over_mean,0.020272828031309087,Combined,78,119
speed_10s_avg_stage3_rows,0.012310752163520506,Combined,78,119
speed_10s_avg_stage3_col1_mean,0.013874753253650398,Combined,78,119
speed_10s_avg_stage3_col1_std_over_mean,0.021771844166633046,Combined,78,119
speed_10s_avg_stage3_col2_mean,0.01829738227093016,Combined,78,119
speed_10s_avg_stage3_col2_std_over_mean,0.017749629442390495,Combined,78,119
speed_10s_avg_stage4_rows,0.012839784733814655,Combined,78,119
speed_10s_avg_stage4_col1_mean,0.009451354146172196,Combined,78,119
speed_10s_avg_stage4_col1_std_over_mean,0.015625814581648738,Combined,78,119
speed_10s_avg_stage4_col2_mean,0.01957138600515451,Combined,78,119
speed_10s_avg_stage4_col2_std_over_mean,0.012744457897562159,Combined,78,119
speed_10s_avg_stage5_rows,0.00020104048629291085,Combined,78,119
speed_10s_avg_stage5_col1_mean,0.011190425510969557,Combined,78,119
speed_10s_avg_stage5_col1_std_over_mean,0.015993045829803848,Combined,78,119
speed_10s_avg_stage5_col2_mean,0.014940478401099109,Combined,78,119
speed_10s_avg_stage5_col2_std_over_mean,0.027509957810608398,Combined,78,119
stage_2_frames,0.039512637001764085,Combined,79,120
stage_3_frames,0.010155647169920783,Combined,79,120
stage_4_frames,0.01405988409459969,Combined,79,120
stage_5_frames,0.008818315856631636,Combined,79,120
roam_mean,0.016890245088734716,Combined,79,120
roam_std_over_mean,0.01954261116042075,Combined,79,120
roam_early_mean,0.01887626107603052,Combined,79,120
roam_mid_mean,0.012254136100053263,Combined,79,120
roam_late_mean,0.01809357997248685,Combined,79,120
roam_slope,0.021062033139437938,Combined,79,120
speed_1s_rows,0.01560197390615098,Combined,79,120
speed_1s_stage2_rows,0.011331279921796101,Combined,79,120
speed_1s_stage2_col1_mean,0.018722604850795594,Combined,79,120
speed_1s_stage2_col1_std_over_mean,0.022241945659857976,Combined,79,120
speed_1s_stage2_col2_mean,0.01312148550302269,Combined,79,120
speed_1s_stage2_col2_std_over_mean,0.015515036134738971,Combined,79,120
speed_1s_stage3_rows,0.01536865002741505,Combined,79,120
speed_1s_stage3_col1_mean,0.01379446958158692,Combined,79,120
speed_1s_stage3_col1_std_over_mean,0.03775333034628786,Combined,79,120
speed_1s_stage3_col2_mean,0.013446911066756414,Combined,79,120
speed_1s_stage3_col2_std_over_mean,0.0200002483283464,Combined,79,120
speed_1s_stage4_rows,0.009206350379548258,Combined,79,120
speed_1s_stage4_col1_mean,0.012909372016054781,Combined,79,120
speed_1s_stage4_col1_std_over_mean,0.025907805561878355,Combined,79,120
speed_1s_stage4_col2_mean,0.016762162635836894,Combined,79,120
speed_1s_stage4_col2_std_over_mean,0.02972444750178721,Combined,79,120
speed_1s_stage5_rows,0.000611990522149385,Combined,79,120
speed_1s_stage5_col1_mean,0.04459451982143763,Combined,79,120
speed_1s_stage5_col1_std_over_mean,0.10011811672933305,Combined,79,120
speed_1s_stage5_col2_mean,0.009452448504025473,Combined,79,120
speed_1s_stage5_col2_std_over_mean,0.016577077448485442,Combined,79,120
speed_10s_avg_rows,0.012768087808554563,Combined,79,120
speed_10s_avg_stage2_rows,0.009693781271222147,Combined,79,120
speed_10s_avg_stage2_col1_mean,0.018642103331446284,Combined,79,120
speed_10s_avg_stage2_col1_std_over_mean,0.01973396252506493,Combined,79,120
speed_10s_avg_stage2_col2_mean,0.009941359675049385,Combined,79,120
speed_10s_avg_stage2_col2_std_over_mean,0.03188805705312078,Combined,79,120
speed_10s_avg_stage3_rows,0.015802608880407795,Combined,79,120
speed_10s_avg_stage3_col1_mean,0.011146767111967668,Combined,79,120
speed_10s_avg_stage3_col1_std_over_mean,0.025714591533390143,Combined,79,120
speed_10s_avg_stage3_col2_mean,0.012018314637695687,Combined,79,120
speed_10s_avg_stage3_col2_std_over_mean,0.015043461757115162,Combined,79,120
speed_10s_avg_stage4_rows,0.009376772192828774,Combined,79,120
speed_10s_avg_stage4_col1_mean,0.013472492860414426,Combined,79,120
speed_10s_avg_stage4_col1_std_over_mean,0.027976669068830593,Combined,79,120
speed_10s_avg_stage4_col2_mean,0.017035039925526466,Combined,79,120
speed_10s_avg_stage4_col2_std_over_mean,0.01717982401372877,Combined,79,120
speed_10s_avg_stage5_rows,0.00038491307652567877,Combined,79,120
speed_10s_avg_stage5_col1_mean,0.04061037159729473,Combined,79,120
speed_10s_avg_stage5_col1_std_over_mean,0.018484857473690917,Combined,79,120
speed_10s_avg_stage5_col2_mean,0.012311459373254867,Combined,79,120
speed_10s_avg_stage5_col2_std_over_mean,0.01874692772549865,Combined,79,120
stage_2_frames,0.024648750167975634,Combined,80,121
stage_3_frames,0.00912074897301894,Combined,80,121
stage_4_frames,0.011279451020963869,Combined,80,121
stage_5_frames,0.008126359936497284,Combined,80,121
roam_mean,0.03460728979909609,Combined,80,121
roam_std_over_mean,0.029592459113945282,Combined,80,121
roam_early_mean,0.026954224820080062,Combined,80,121
roam_mid_mean,0.01576933412186941,Combined,80,121
roam_late_mean,0.01496029669759635,Combined,80,121
roam_slope,0.01173984067726424,Combined,80,121
speed_1s_rows,0.011937579374288895,Combined,80,121
speed_1s_stage2_rows,0.012525619403435962,Combined,80,121
speed_1s_stage2_col1_mean,0.02090291697262131,Combined,80,121
speed_1s_stage2_col1_std_over_mean,0.02881109121418349,Combined,80,121
speed_1s_stage2_col2_mean,0.009427016742065832,Combined,80,121
speed_1s_stage2_col2_std_over_mean,0.01297805179669191,Combined,80,121
speed_1s_stage3_rows,0.011684948420387418,Combined,80,121
speed_1s_stage3_col1_mean,0.017828428196190224,Combined,80,121
speed_1s_stage3_col1_std_over_mean,0.02275752303774621,Combined,80,121
speed_1s_stage3_col2_mean,0.012583366289742468,Combined,80,121
speed_1s_stage3_col2_std_over_mean,0.013928809391786255,Combined,80,121
speed_1s_stage4_rows,0.007819919382074669,Combined,80,121
speed_1s_stage4_col1_mean,0.01507274684757344,Combined,80,121
speed_1s_stage4_col1_std_over_mean,0.022571350175010375,Combined,80,121
speed_1s_stage4_col2_mean,0.009196777724860336,Combined,80,121
speed_1s_stage4_col2_std_over_mean,0.02461967981165998,Combined,80,121
speed_1s_stage5_rows,0.0004358773370966416,Combined,80,121
speed_1s_stage5_col1_mean,0.010757303338762772,Combined,80,121
speed_1s_stage5_col1_std_over_mean,0.2290685199944121,Combined,80,121
speed_1s_stage5_col2_mean,0.014069104960777718,Combined,80,121
speed_1s_stage5_col2_std_over_mean,0.024078437546640165,Combined,80,121
speed_10s_avg_rows,0.014041643883572045,Combined,80,121
speed_10s_avg_stage2_rows,0.008605868346192397,Combined,80,121
speed_10s_avg_stage2_col1_mean,0.02110036898246056,Combined,80,121
speed_10s_avg_stage2_col1_std_over_mean,0.012536465342633342,Combined,80,121
speed_10s_avg_stage2_col2_mean,0.010433714232099555,Combined,80,121
speed_10s_avg_stage2_col2_std_over_mean,0.015209118977546829,Combined,80,121
speed_10s_avg_stage3_rows,0.008848601411457591,Combined,80,121
speed_10s_avg_stage3_col1_mean,0.01860701227309543,Combined,80,121
speed_10s_avg_stage3_col1_std_over_mean,0.02492051457898894,Combined,80,121
speed_10s_avg_stage3_col2_mean,0.008776875337501806,Combined,80,121
speed_10s_avg_stage3_col2_std_over_mean,0.011084205533210148,Combined,80,121
speed_10s_avg_stage4_rows,0.009071785309734088,Combined,80,121
speed_10s_avg_stage4_col1_mean,0.009754578920971261,Combined,80,121
speed_10s_avg_stage4_col1_std_over_mean,0.02336540011092075,Combined,80,121
speed_10s_avg_stage4_col2_mean,0.010982521286740238,Combined,80,121
speed_10s_avg_stage4_col2_std_over_mean,0.0154946098240468,Combined,80,121
speed_10s_avg_stage5_rows,0.00014120942352857744,Combined,80,121
speed_10s_avg_stage5_col1_mean,0.009801049332193024,Combined,80,121
speed_10s_avg_stage5_col1_std_over_mean,0.021048112681335964,Combined,80,121
speed_10s_avg_stage5_col2_mean,0.009649877404878182,Combined,80,121
speed_10s_avg_stage5_col2_std_over_mean,0.01667264352057706,Combined,80,121
stage_2_frames,0.01940905491223152,Combined,81,122
stage_3_frames,0.011200589238219054,Combined,81,122
stage_4_frames,0.012854283136147074,Combined,81,122
stage_5_frames,0.011119602246053378,Combined,81,122
roam_mean,0.025373348086370155,Combined,81,122
roam_std_over_mean,0.04057279709649689,Combined,81,122
roam_early_mean,0.019854105313499227,Combined,81,122
roam_mid_mean,0.021531549161677287,Combined,81,122
roam_late_mean,0.022991622768720913,Combined,81,122
roam_slope,0.01795363564087171,Combined,81,122
speed_1s_rows,0.015950522869192015,Combined,81,122
speed_1s_stage2_rows,0.009465552909012642,Combined,81,122
speed_1s_stage2_col1_mean,0.01045159490570315,Combined,81,122
speed_1s_stage2_col1_std_over_mean,0.041131060652084384,Combined,81,122
speed_1s_stage2_col2_mean,0.01042588908643856,Combined,81,122
speed_1s_stage2_col2_std_over_mean,0.014007057774214892,Combined,81,122
speed_1s_stage3_rows,0.012895908137491452,Combined,81,122
speed_1s_stage3_col1_mean,0.013457350659092123,Combined,81,122
speed_1s_stage3_col1_std_over_mean,0.015644672233071318,Combined,81,122
speed_1s_stage3_col2_mean,0.022731456393662468,Combined,81,122
speed_1s_stage3_col2_std_over_mean,0.024640251582495096,Combined,81,122
speed_1s_stage4_rows,0.019768700682709188,Combined,81,122
speed_1s_stage4_col1_mean,0.015980529812964488,Combined,81,122
speed_1s_stage4_col1_std_over_mean,0.010157111659791844,Combined,81,122
speed_1s_stage4_col2_mean,0.015504664250273099,Combined,81,122
speed_1s_stage4_col2_std_over_mean,0.04523621993456057,Combined,81,122
speed_1s_stage5_rows,0.0004483138868985185,Combined,81,122
speed_1s_stage5_col1_mean,0.01503705862931145,Combined,81,122
speed_1s_stage5_col1_std_over_mean,0.11988213352180302,Combined,81,122
speed_1s_stage5_col2_mean,0.015260808210827825,Combined,81,122
speed_1s_stage5_col2_std_over_mean,0.038660111779071624,Combined,81,122
speed_10s_avg_rows,0.01606407454369203,Combined,81,122
speed_10s_avg_stage2_rows,0.010135267680996856,Combined,81,122
speed_10s_avg_stage2_col1_mean,0.010072225526414288,Combined,81,122
speed_10s_avg_stage2_col1_std_over_mean,0.025206796909092596,Combined,81,122
speed_10s_avg_stage2_col2_mean,0.007265870273439368,Combined,81,122
speed_10s_avg_stage2_col2_std_over_mean,0.010506071122812738,Combined,81,122
speed_10s_avg_stage3_rows,0.01487038436330491,Combined,81,122
speed_10s_avg_stage3_col1_mean,0.013707221576562786,Combined,81,122
speed_10s_avg_stage3_col1_std_over_mean,0.02091228454892637,Combined,81,122
speed_10s_avg_stage3_col2_mean,0.017144638292101277,Combined,81,122
speed_10s_avg_stage3_col2_std_over_mean,0.016664245628678555,Combined,81,122
speed_10s_avg_stage4_rows,0.011584314270856105,Combined,81,122
speed_10s_avg_stage4_col1_mean,0.010443955204590795,Combined,81,122
speed_10s_avg_stage4_col1_std_over_mean,0.01452322176423551,Combined,81,122
speed_10s_avg_stage4_col2_mean,0.016821088025934062,Combined,81,122
speed_10s_avg_stage4_col2_std_over_mean,0.023773385499556446,Combined,81,122
speed_10s_avg_stage5_rows,0.00010596314115162948,Combined,81,122
speed_10s_avg_stage5_col1_mean,0.01687747829876027,Combined,81,122
speed_10s_avg_stage5_col1_std_over_mean,0.02003687739037452,Combined,81,122
speed_10s_avg_stage5_col2_mean,0.015622793288788609,Combined,81,122
speed_10s_avg_stage5_col2_std_over_mean,0.018064285478773492,Combined,81,122
stage_2_frames,0.03850746645938731,Combined,82,123
stage_3_frames,0.005389266856971825,Combined,82,123
stage_4_frames,0.008559386990349896,Combined,82,123
stage_5_frames,0.00965715418766818,Combined,82,123
roam_mean,0.021501844903074725,Combined,82,123
roam_std_over_mean,0.017963647709809807,Combined,82,123
roam_early_mean,0.02145782259830124,Combined,82,123
roam_mid_mean,0.009897905460112396,Combined,82,123
roam_late_mean,0.0277543992481367,Combined,82,123
roam_slope,0.0110601828227458,Combined,82,123
speed_1s_rows,0.014093032091050738,Combined,82,123
speed_1s_stage2_rows,0.004057980312031375,Combined,82,123
speed_1s_stage2_col1_mean,0.00790337135224891,Combined,82,123
speed_1s_stage2_col1_std_over_mean,0.02588931015533894,Combined,82,123
speed_1s_stage2_col2_mean,0.01107130627671281,Combined,82,123
speed_1s_stage2_col2_std_over_mean,0.011611928766149115,Combined,82,123
speed_1s_stage3_rows,0.008587230020164384,Combined,82,123
speed_1s_stage3_col1_mean,0.011393910441196689,Combined,82,123
speed_1s_stage3_col1_std_over_mean,0.017567996359357116,Combined,82,123
speed_1s_stage3_col2_mean,0.022928596210564364,Combined,82,123
speed_1s_stage3_col2_std_over_mean,0.037952959935167646,Combined,82,123
speed_1s_stage4_rows,0.011480638250778967,Combined,82,123
speed_1s_stage4_col1_mean,0.007101195137371841,Combined,82,123
speed_1s_stage4_col1_std_over_mean,0.013740385256808582,Combined,82,123
speed_1s_stage4_col2_mean,0.01448688327541066,Combined,82,123
speed_1s_stage4_col2_std_over_mean,0.0898101328001054,Combined,82,123
speed_1s_stage5_rows,0.0002623036212351274,Combined,82,123
speed_1s_stage5_col1_mean,0.01620442881989151,Combined,82,123
speed_1s_stage5_col1_std_over_mean,0.08877266745310783,Combined,82,123
speed_1s_stage5_col2_mean,0.021105499458291058,Combined,82,123
speed_1s_stage5_col2_std_over_mean,0.06497677332620605,Combined,82,123
speed_10s_avg_rows,0.01078754861711334,Combined,82,123
speed_10s_avg_stage2_rows,0.003922661282289133,Combined,82,123
speed_10s_avg_stage2_col1_mean,0.009592718217893327,Combined,82,123
speed_10s_avg_stage2_col1_std_over_mean,0.022670791006559797,Combined,82,123
speed_10s_avg_stage2_col2_mean,0.007985675316414817,Combined,82,123
speed_10s_avg_stage2_col2_std_over_mean,0.019952311723764063,Combined,82,123
speed_10s_avg_stage3_rows,0.010056323751390697,Combined,82,123
speed_10s_avg_stage3_col1_mean,0.012858388966149326,Combined,82,123
speed_10s_avg_stage3_col1_std_over_mean,0.01803316360392061,Combined,82,123
speed_10s_avg_stage3_col2_mean,0.030695825651356982,Combined,82,123
speed_10s_avg_stage3_col2_std_over_mean,0.025261503832525487,Combined,82,123
speed_10s_avg_stage4_rows,0.014675465295440296,Combined,82,123
speed_10s_avg_stage4_col1_mean,0.007179748061109288,Combined,82,123
speed_10s_avg_stage4_col1_std_over_mean,0.022364602449748715,Combined,82,123
speed_10s_avg_stage4_col2_mean,0.02060275354337554,Combined,82,123
speed_10s_avg_stage4_col2_std_over_mean,0.012978596636093628,Combined,82,123
speed_10s_avg_stage5_rows,0.00016142559777700526,Combined,82,123
speed_10s_avg_stage5_col1_mean,0.02379740611010465,Combined,82,123
speed_10s_avg_stage5_col1_std_over_mean,0.01428783906875263,Combined,82,123
speed_10s_avg_stage5_col2_mean,0.021827642713298318,Combined,82,123
speed_10s_avg_stage5_col2_std_over_mean,0.017560001999175397,Combined,82,123
stage_2_frames,0.028804456141625873,Combined,83,124
stage_3_frames,0.009851530871768476,Combined,83,124
stage_4_frames,0.018885313840084714,Combined,83,124
stage_5_frames,0.011752933261060609,Combined,83,124
roam_mean,0.017906848973821724,Combined,83,124
roam_std_over_mean,0.0255071839298217,Combined,83,124
roam_early_mean,0.014372333062820299,Combined,83,124
roam_mid_mean,0.02153504897004804,Combined,83,124
roam_late_mean,0.03378319711222299,Combined,83,124
roam_slope,0.016261748484308048,Combined,83,124
speed_1s_rows,0.01461955876562581,Combined,83,124
speed_1s_stage2_rows,0.00831025145883698,Combined,83,124
speed_1s_stage2_col1_mean,0.011623847968930122,Combined,83,124
speed_1s_stage2_col1_std_over_mean,0.052618355401423254,Combined,83,124
speed_1s_stage2_col2_mean,0.008547213654270747,Combined,83,124
speed_1s_stage2_col2_std_over_mean,0.014210233353563091,Combined,83,124
speed_1s_stage3_rows,0.016048035642395098,Combined,83,124
speed_1s_stage3_col1_mean,0.015805623915776258,Combined,83,124
speed_1s_stage3_col1_std_over_mean,0.020618550894945305,Combined,83,124
speed_1s_stage3_col2_mean,0.012038505115611735,Combined,83,124
speed_1s_stage3_col2_std_over_mean,0.017480467496887322,Combined,83,124
speed_1s_stage4_rows,0.009560712850237242,Combined,83,124
speed_1s_stage4_col1_mean,0.010109576530615502,Combined,83,124
speed_1s_stage4_col1_std_over_mean,0.015081017742931021,Combined,83,124
speed_1s_stage4_col2_mean,0.016598960520641713,Combined,83,124
speed_1s_stage4_col2_std_over_mean,0.035904152469807105,Combined,83,124
speed_1s_stage5_rows,0.0002931538432410607,Combined,83,124
speed_1s_stage5_col1_mean,0.015520090277399902,Combined,83,124
speed_1s_stage5_col1_std_over_mean,0.12846287384226984,Combined,83,124
speed_1s_stage5_col2_mean,0.015556392310210073,Combined,83,124
speed_1s_stage5_col2_std_over_mean,0.055591714152628466,Combined,83,124
speed_10s_avg_rows,0.009237636946149142,Combined,83,124
speed_10s_avg_stage2_rows,0.008887069405219798,Combined,83,124
speed_10s_avg_stage2_col1_mean,0.013695567515743558,Combined,83,124
speed_10s_avg_stage2_col1_std_over_mean,0.02187503364054914,Combined,83,124
speed_10s_avg_stage2_col2_mean,0.011731497061719673,Combined,83,124
speed_10s_avg_stage2_col2_std_over_mean,0.02200465140297096,Combined,83,124
speed_10s_avg_stage3_rows,0.01502492306265968,Combined,83,124
speed_10s_avg_stage3_col1_mean,0.015103572922784603,Combined,83,124
speed_10s_avg_stage3_col1_std_over_mean,0.015103594676775656,Combined,83,124
speed_10s_avg_stage3_col2_mean,0.011522503590018614,Combined,83,124
speed_10s_avg_stage3_col2_std_over_mean,0.013026909894145901,Combined,83,124
speed_10s_avg_stage4_rows,0.008904205819002685,Combined,83,124
speed_10s_avg_stage4_col1_mean,0.010651115514163837,Combined,83,124
speed_10s_avg_stage4_col1_std_over_mean,0.022817404605025647,Combined,83,124
speed_10s_avg_stage4_col2_mean,0.01791086633506645,Combined,83,124
speed_10s_avg_stage4_col2_std_over_mean,0.01575862159037824,Combined,83,124
speed_10s_avg_stage5_rows,0.000510496216821185,Combined,83,124
speed_10s_avg_stage5_col1_mean,0.013457183179194645,Combined,83,124
speed_10s_avg_stage5_col1_std_over_mean,0.023029068552461073,Combined,83,124
speed_10s_avg_stage5_col2_mean,0.014503161697707757,Combined,83,124
speed_10s_avg_stage5_col2_std_over_mean,0.0219850335156117,Combined,83,124
stage_2_frames,0.057972562124283845,Combined,84,125
stage_3_frames,0.0067935216427164056,Combined,84,125
stage_4_frames,0.010124654086666606,Combined,84,125
stage_5_frames,0.011799329515769817,Combined,84,125
roam_mean,0.025412453658149554,Combined,84,125
roam_std_over_mean,0.03612325643554093,Combined,84,125
roam_early_mean,0.018889780415824408,Combined,84,125
roam_mid_mean,0.014100802163640624,Combined,84,125
roam_late_mean,0.024095952831561383,Combined,84,125
roam_slope,0.021404011859224636,Combined,84,125
speed_1s_rows,0.018003375545493767,Combined,84,125
speed_1s_stage2_rows,0.008394288262807418,Combined,84,125
speed_1s_stage2_col1_mean,0.009647785742157692,Combined,84,125
speed_1s_stage2_col1_std_over_mean,0.023551943839682534,Combined,84,125
speed_1s_stage2_col2_mean,0.008954690437028552,Combined,84,125
speed_1s_stage2_col2_std_over_mean,0.011278959782067234,Combined,84,125
speed_1s_stage3_rows,0.006198981059930032,Combined,84,125
speed_1s_stage3_col1_mean,0.013141188748878119,Combined,84,125
speed_1s_stage3_col1_std_over_mean,0.012606218040674336,Combined,84,125
speed_1s_stage3_col2_mean,0.011872624683737051,Combined,84,125
speed_1s_stage3_col2_std_over_mean,0.027148585080580816,Combined,84,125
speed_1s_stage4_rows,0.008695475472786396,Combined,84,125
speed_1s_stage4_col1_mean,0.01737707892982611,Combined,84,125
speed_1s_stage4_col1_std_over_mean,0.019329199586440894,Combined,84,125
speed_1s_stage4_col2_mean,0.01339480355705203,Combined,84,125
speed_1s_stage4_col2_std_over_mean,0.029785216425765478,Combined,84,125
speed_1s_stage5_rows,0.0003710491583225069,Combined,84,125
speed_1s_stage5_col1_mean,0.022816547619442695,Combined,84,125
speed_1s_stage5_col1_std_over_mean,0.09857295364652599,Combined,84,125
speed_1s_stage5_col2_mean,0.014250971503484259,Combined,84,125
speed_1s_stage5_col2_std_over_mean,0.046512667323602735,Combined,84,125
speed_10s_avg_rows,0.012567051650622987,Combined,84,125
speed_10s_avg_stage2_rows,0.007286401163222223,Combined,84,125
speed_10s_avg_stage2_col1_mean,0.01099368429589048,Combined,84,125
speed_10s_avg_stage2_col1_std_over_mean,0.024212505098219733,Combined,84,125
speed_10s_avg_stage2_col2_mean,0.010099681423608828,Combined,84,125
speed_10s_avg_stage2_col2_std_over_mean,0.018089448318587886,Combined,84,125
speed_10s_avg_stage3_rows,0.009267539698801869,Combined,84,125
speed_10s_avg_stage3_col1_mean,0.011390611845595497,Combined,84,125
speed_10s_avg_stage3_col1_std_over_mean,0.033093601618817484,Combined,84,125
speed_10s_avg_stage3_col2_mean,0.014094905100705664,Combined,84,125
speed_10s_avg_stage3_col2_std_over_mean,0.017276700899848105,Combined,84,125
speed_10s_avg_stage4_rows,0.00894174617489653,Combined,84,125
speed_10s_avg_stage4_col1_mean,0.016812940490822,Combined,84,125
speed_10s_avg_stage4_col1_std_over_mean,0.030939700344023085,Combined,84,125
speed_10s_avg_stage4_col2_mean,0.012252777459408924,Combined,84,125
speed_10s_avg_stage4_col2_std_over_mean,0.012270150608689651,Combined,84,125
speed_10s_avg_stage5_rows,0.00028140780829932007,Combined,84,125
speed_10s_avg_stage5_col1_mean,0.018495916855792275,Combined,84,125
speed_10s_avg_stage5_col1_std_over_mean,0.030241076807170662,Combined,84,125
speed_10s_avg_stage5_col2_mean,0.011959873352115857,Combined,84,125
speed_10s_avg_stage5_col2_std_over_mean,0.040811349805195955,Combined,84,125
stage_2_frames,0.05298640326311175,Combined,85,126
stage_3_frames,0.006579714819695235,Combined,85,126
stage_4_frames,0.012192475173056334,Combined,85,126
stage_5_frames,0.008802235877017988,Combined,85,126
roam_mean,0.023796380915278772,Combined,85,126
roam_std_over_mean,0.01420554359843831,Combined,85,126
roam_early_mean,0.015962485543968293,Combined,85,126
roam_mid_mean,0.015637093631805165,Combined,85,126
roam_late_mean,0.03209803837367041,Combined,85,126
roam_slope,0.019331567611189475,Combined,85,126
speed_1s_rows,0.014544289474067072,Combined,85,126
speed_1s_stage2_rows,0.004618961477291551,Combined,85,126
speed_1s_stage2_col1_mean,0.013620404580667947,Combined,85,126
speed_1s_stage2_col1_std_over_mean,0.027259784505442402,Combined,85,126
speed_1s_stage2_col2_mean,0.008521891656243405,Combined,85,126
speed_1s_stage2_col2_std_over_mean,0.01378416152389381,Combined,85,126
speed_1s_stage3_rows,0.014056031739596395,Combined,85,126
speed_1s_stage3_col1_mean,0.013638434127998892,Combined,85,126
speed_1s_stage3_col1_std_over_mean,0.02787273648348673,Combined,85,126
speed_1s_stage3_col2_mean,0.011295908667652475,Combined,85,126
speed_1s_stage3_col2_std_over_mean,0.020834384275305623,Combined,85,126
speed_1s_stage4_rows,0.008610512229019847,Combined,85,126
speed_1s_stage4_col1_mean,0.010913391654052746,Combined,85,126
speed_1s_stage4_col1_std_over_mean,0.015148339533761351,Combined,85,126
speed_1s_stage4_col2_mean,0.024089056470247824,Combined,85,126
speed_1s_stage4_col2_std_over_mean,0.04015081905900402,Combined,85,126
speed_1s_stage5_rows,0.00021140434097116073,Combined,85,126
speed_1s_stage5_col1_mean,0.026780167365448124,Combined,85,126
speed_1s_stage5_col1_std_over_mean,0.08112454558467032,Combined,85,126
speed_1s_stage5_col2_mean,0.01645242424687803,Combined,85,126
speed_1s_stage5_col2_std_over_mean,0.06090650133258992,Combined,85,126
speed_10s_avg_rows,0.015305051623135753,Combined,85,126
speed_10s_avg_stage2_rows,0.006512190802707259,Combined,85,126
speed_10s_avg_stage2_col1_mean,0.017606042655525386,Combined,85,126
speed_10s_avg_stage2_col1_std_over_mean,0.01592811863727457,Combined,85,126
speed_10s_avg_stage2_col2_mean,0.010442509150968908,Combined,85,126
speed_10s_avg_stage2_col2_std_over_mean,0.0344462522961492,Combined,85,126
speed_10s_avg_stage3_rows,0.016524491228764718,Combined,85,126
speed_10s_avg_stage3_col1_mean,0.012170129929722606,Combined,85,126
speed_10s_avg_stage3_col1_std_over_mean,0.027548181041056097,Combined,85,126
speed_10s_avg_stage3_col2_mean,0.0123364133641675,Combined,85,126
speed_10s_avg_stage3_col2_std_over_mean,0.012279333920607987,Combined,85,126
speed_10s_avg_stage4_rows,0.013160615297546661,Combined,85,126
speed_10s_avg_stage4_col1_mean,0.007402465171041793,Combined,85,126
speed_10s_avg_stage4_col1_std_over_mean,0.018970822021336722,Combined,85,126
speed_10s_avg_stage4_col2_mean,0.01686456788545495,Combined,85,126
speed_10s_avg_stage4_col2_std_over_mean,0.017594202969197933,Combined,85,126
speed_10s_avg_stage5_rows,0.00018689116406224308,Combined,85,126
speed_10s_avg_stage5_col1_mean,0.015182521196680948,Combined,85,126
speed_10s_avg_stage5_col1_std_over_mean,0.023079885125840957,Combined,85,126
speed_10s_avg_stage5_col2_mean,0.017538135124923776,Combined,85,126
speed_10s_avg_stage5_col2_std_over_mean,0.0328950902583127,Combined,85,126
stage_2_frames,0.03624521093698498,Combined,86,127
stage_3_frames,0.005686800182261043,Combined,86,127
stage_4_frames,0.012134976097927122,Combined,86,127
stage_5_frames,0.011152612084738696,Combined,86,127
roam_mean,0.028780618784551747,Combined,86,127
roam_std_over_mean,0.03194847623859631,Combined,86,127
roam_early_mean,0.014419387733133714,Combined,86,127
roam_mid_mean,0.015038317365207714,Combined,86,127
roam_late_mean,0.024066773948230702,Combined,86,127
roam_slope,0.013496422502467133,Combined,86,127
speed_1s_rows,0.01537033848935964,Combined,86,127
speed_1s_stage2_rows,0.007450966776020087,Combined,86,127
speed_1s_stage2_col1_mean,0.011618601648191153,Combined,86,127
speed_1s_stage2_col1_std_over_mean,0.02323203838151845,Combined,86,127
speed_1s_stage2_col2_mean,0.008745304591618958,Combined,86,127
speed_1s_stage2_col2_std_over_mean,0.01442700936279914,Combined,86,127
speed_1s_stage3_rows,0.01104239839690333,Combined,86,127
speed_1s_stage3_col1_mean,0.015862435339796744,Combined,86,127
speed_1s_stage3_col1_std_over_mean,0.013246102119207941,Combined,86,127
speed_1s_stage3_col2_mean,0.02977701943745844,Combined,86,127
speed_1s_stage3_col2_std_over_mean,0.035612786663938314,Combined,86,127
speed_1s_stage4_rows,0.013410258278419945,Combined,86,127
speed_1s_stage4_col1_mean,0.013029278421823953,Combined,86,127
speed_1s_stage4_col1_std_over_mean,0.016080454327797058,Combined,86,127
speed_1s_stage4_col2_mean,0.017793687496545328,Combined,86,127
speed_1s_stage4_col2_std_over_mean,0.058950295224688365,Combined,86,127
speed_1s_stage5_rows,1.977398972834975e-05,Combined,86,127
speed_1s_stage5_col1_mean,0.016197012270212266,Combined,86,127
speed_1s_stage5_col1_std_over_mean,0.07323894122114917,Combined,86,127
speed_1s_stage5_col2_mean,0.012528681571767154,Combined,86,127
speed_1s_stage5_col2_std_over_mean,0.07808567363807374,Combined,86,127
speed_10s_avg_rows,0.015594332432093726,Combined,86,127
speed_10s_avg_stage2_rows,0.005143802424390298,Combined,86,127
speed_10s_avg_stage2_col1_mean,0.009096755714674637,Combined,86,127
speed_10s_avg_stage2_col1_std_over_mean,0.02104847264774927,Combined,86,127
speed_10s_avg_stage2_col2_mean,0.009628088734896366,Combined,86,127
speed_10s_avg_stage2_col2_std_over_mean,0.013398570391776395,Combined,86,127
speed_10s_avg_stage3_rows,0.011362555938648548,Combined,86,127
speed_10s_avg_stage3_col1_mean,0.015999215732430443,Combined,86,127
speed_10s_avg_stage3_col1_std_over_mean,0.018072968881029907,Combined,86,127
speed_10s_avg_stage3_col2_mean,0.030430062756850583,Combined,86,127
speed_10s_avg_stage3_col2_std_over_mean,0.016588838366928062,Combined,86,127
speed_10s_avg_stage4_rows,0.01155781553486954,Combined,86,127
speed_10s_avg_stage4_col1_mean,0.013952845577572445,Combined,86,127
speed_10s_avg_stage4_col1_std_over_mean,0.020912904345848,Combined,86,127
speed_10s_avg_stage4_col2_mean,0.016983904169004884,Combined,86,127
speed_10s_avg_stage4_col2_std_over_mean,0.028128901943914434,Combined,86,127
speed_10s_avg_stage5_rows,0.0006078254442496286,Combined,86,127
speed_10s_avg_stage5_col1_mean,0.0198226097753305,Combined,86,127
speed_10s_avg_stage5_col1_std_over_mean,0.019654723612655182,Combined,86,127
speed_10s_avg_stage5_col2_mean,0.011774540964021305,Combined,86,127
speed_10s_avg_stage5_col2_std_over_mean,0.011551611089949143,Combined,86,127
stage_2_frames,0.047825449209434656,Combined,87,128
stage_3_frames,0.01242826989547056,Combined,87,128
stage_4_frames,0.010715493370051999,Combined,87,128
stage_5_frames,0.007336505474846577,Combined,87,128
roam_mean,0.02368974659158606,Combined,87,128
roam_std_over_mean,0.023461012559145396,Combined,87,128
roam_early_mean,0.013076766971038252,Combined,87,128
roam_mid_mean,0.014228942598512552,Combined,87,128
roam_late_mean,0.01637951529727548,Combined,87,128
roam_slope,0.011119829451748746,Combined,87,128
speed_1s_rows,0.0176287916943686,Combined,87,128
speed_1s_stage2_rows,0.012710820297005168,Combined,87,128
speed_1s_stage2_col1_mean,0.00803196785763328,Combined,87,128
speed_1s_stage2_col1_std_over_mean,0.0354950889344258,Combined,87,128
speed_1s_stage2_col2_mean,0.010418314508927592,Combined,87,128
speed_1s_stage2_col2_std_over_mean,0.01870011098517414,Combined,87,128
speed_1s_stage3_rows,0.010436061971338874,Combined,87,128
speed_1s_stage3_col1_mean,0.014722425089826666,Combined,87,128
speed_1s_stage3_col1_std_over_mean,0.030737343484082854,Combined,87,128
speed_1s_stage3_col2_mean,0.017850243739046225,Combined,87,128
speed_1s_stage3_col2_std_over_mean,0.01995381332419593,Combined,87,128
speed_1s_stage4_rows,0.008608034020549913,Combined,87,128
speed_1s_stage4_col1_mean,0.015327972579226697,Combined,87,128
speed_1s_stage4_col1_std_over_mean,0.01500560614779526,Combined,87,128
speed_1s_stage4_col2_mean,0.019888528583372412,Combined,87,128
speed_1s_stage4_col2_std_over_mean,0.029118507144535493,Combined,87,128
speed_1s_stage5_rows,0.00023663915688476413,Combined,87,128
speed_1s_stage5_col1_mean,0.023836065761434898,Combined,87,128
speed_1s_stage5_col1_std_over_mean,0.11168060124865577,Combined,87,128
speed_1s_stage5_col2_mean,0.01643728284529977,Combined,87,128
speed_1s_stage5_col2_std_over_mean,0.02814857716168873,Combined,87,128
speed_10s_avg_rows,0.023978300159486682,Combined,87,128
speed_10s_avg_stage2_rows,0.012658052016164559,Combined,87,128
speed_10s_avg_stage2_col1_mean,0.008366488305410036,Combined,87,128
speed_10s_avg_stage2_col1_std_over_mean,0.01301956139787673,Combined,87,128
speed_10s_avg_stage2_col2_mean,0.008249141178216637,Combined,87,128
speed_10s_avg_stage2_col2_std_over_mean,0.022674634214557607,Combined,87,128
speed_10s_avg_stage3_rows,0.012737398108703876,Combined,87,128
speed_10s_avg_stage3_col1_mean,0.008825108979352103,Combined,87,128
speed_10s_avg_stage3_col1_std_over_mean,0.02279701652324875,Combined,87,128
speed_10s_avg_stage3_col2_mean,0.017958545414543507,Combined,87,128
speed_10s_avg_stage3_col2_std_over_mean,0.01632818857371021,Combined,87,128
speed_10s_avg_stage4_rows,0.009849958853642182,Combined,87,128
speed_10s_avg_stage4_col1_mean,0.010643344022783502,Combined,87,128
speed_10s_avg_stage4_col1_std_over_mean,0.030069148346038722,Combined,87,128
speed_10s_avg_stage4_col2_mean,0.015237027796180053,Combined,87,128
speed_10s_avg_stage4_col2_std_over_mean,0.022665722416050537,Combined,87,128
speed_10s_avg_stage5_rows,0.0009339613257537837,Combined,87,128
speed_10s_avg_stage5_col1_mean,0.021728648607682744,Combined,87,128
speed_10s_avg_stage5_col1_std_over_mean,0.033524319872949265,Combined,87,128
speed_10s_avg_stage5_col2_mean,0.025320314134650402,Combined,87,128
speed_10s_avg_stage5_col2_std_over_mean,0.01720079179841908,Combined,87,128
stage_2_frames,0.021553157258186042,Combined,88,129
stage_3_frames,0.008337866296107499,Combined,88,129
stage_4_frames,0.01051537920046129,Combined,88,129
stage_5_frames,0.014007728316931279,Combined,88,129
roam_mean,0.008686985653155342,Combined,88,129
roam_std_over_mean,0.03601767351660885,Combined,88,129
roam_early_mean,0.01958415262163469,Combined,88,129
roam_mid_mean,0.015008284712257068,Combined,88,129
roam_late_mean,0.026510450920282348,Combined,88,129
roam_slope,0.015121402834890978,Combined,88,129
speed_1s_rows,0.02117202807086913,Combined,88,129
speed_1s_stage2_rows,0.00804272697775361,Combined,88,129
speed_1s_stage2_col1_mean,0.011553362503420121,Combined,88,129
speed_1s_stage2_col1_std_over_mean,0.05720743617678015,Combined,88,129
speed_1s_stage2_col2_mean,0.010260706194618966,Combined,88,129
speed_1s_stage2_col2_std_over_mean,0.014114399641328615,Combined,88,129
speed_1s_stage3_rows,0.010613196239958473,Combined,88,129
speed_1s_stage3_col1_mean,0.019083587927956665,Combined,88,129
speed_1s_stage3_col1_std_over_mean,0.019388086967518457,Combined,88,129
speed_1s_stage3_col2_mean,0.013488280561773062,Combined,88,129
speed_1s_stage3_col2_std_over_mean,0.020225510284629045,Combined,88,129
speed_1s_stage4_rows,0.011766444356874569,Combined,88,129
speed_1s_stage4_col1_mean,0.014296774325303553,Combined,88,129
speed_1s_stage4_col1_std_over_mean,0.018713902711817377,Combined,88,129
speed_1s_stage4_col2_mean,0.010416894202967887,Combined,88,129
speed_1s_stage4_col2_std_over_mean,0.06352367137986097,Combined,88,129
speed_1s_stage5_rows,3.234256369420567e-05,Combined,88,129
speed_1s_stage5_col1_mean,0.017265529102187396,Combined,88,129
speed_1s_stage5_col1_std_over_mean,0.04585545774510335,Combined,88,129
speed_1s_stage5_col2_mean,0.020441416116993464,Combined,88,129
speed_1s_stage5_col2_std_over_mean,0.042747836762173405,Combined,88,129
speed_10s_avg_rows,0.009594984843237474,Combined,88,129
speed_10s_avg_stage2_rows,0.006418163292761638,Combined,88,129
speed_10s_avg_stage2_col1_mean,0.010491801148829156,Combined,88,129
speed_10s_avg_stage2_col1_std_over_mean,0.01817048861209104,Combined,88,129
speed_10s_avg_stage2_col2_mean,0.008974782690825172,Combined,88,129
speed_10s_avg_stage2_col2_std_over_mean,0.020620487542090643,Combined,88,129
speed_10s_avg_stage3_rows,0.009674700082228017,Combined,88,129
speed_10s_avg_stage3_col1_mean,0.017066782922569215,Combined,88,129
speed_10s_avg_stage3_col1_std_over_mean,0.018666550727165443,Combined,88,129
speed_10s_avg_stage3_col2_mean,0.014710190555331251,Combined,88,129
speed_10s_avg_stage3_col2_std_over_mean,0.01672360246766516,Combined,88,129
speed_10s_avg_stage4_rows,0.015213785296472044,Combined,88,129
speed_10s_avg_stage4_col1_mean,0.014444457605993569,Combined,88,129
speed_10s_avg_stage4_col1_std_over_mean,0.050578532491604385,Combined,88,129
speed_10s_avg_stage4_col2_mean,0.01068280432832422,Combined,88,129
speed_10s_avg_stage4_col2_std_over_mean,0.02207526615848218,Combined,88,129
speed_10s_avg_stage5_rows,2.4713031987909746e-05,Combined,88,129
speed_10s_avg_stage5_col1_mean,0.019034732674655615,Combined,88,129
speed_10s_avg_stage5_col1_std_over_mean,0.02775279810598732,Combined,88,129
speed_10s_avg_stage5_col2_mean,0.022755800655802228,Combined,88,129
speed_10s_avg_stage5_col2_std_over_mean,0.0407719026217985,Combined,88,129
stage_2_frames,0.0452216377110523,Combined,89,130
stage_3_frames,0.008699565460880599,Combined,89,130
stage_4_frames,0.009881084292906442,Combined,89,130
stage_5_frames,0.026605095382021132,Combined,89,130
roam_mean,0.01179224659587283,Combined,89,130
roam_std_over_mean,0.022094703819686704,Combined,89,130
roam_early_mean,0.02243285692360024,Combined,89,130
roam_mid_mean,0.02050511319527973,Combined,89,130
roam_late_mean,0.030155528074633682,Combined,89,130
roam_slope,0.026411011906851734,Combined,89,130
speed_1s_rows,0.012149534225243178,Combined,89,130
speed_1s_stage2_rows,0.006849018331362402,Combined,89,130
speed_1s_stage2_col1_mean,0.014316624004964858,Combined,89,130
speed_1s_stage2_col1_std_over_mean,0.026941309137195293,Combined,89,130
speed_1s_stage2_col2_mean,0.005101767259400302,Combined,89,130
speed_1s_stage2_col2_std_over_mean,0.01309846035821118,Combined,89,130
speed_1s_stage3_rows,0.013151016656284393,Combined,89,130
speed_1s_stage3_col1_mean,0.023525705052598437,Combined,89,130
speed_1s_stage3_col1_std_over_mean,0.02135649227669353,Combined,89,130
speed_1s_stage3_col2_mean,0.00874452300585569,Combined,89,130
speed_1s_stage3_col2_std_over_mean,0.01992674399375859,Combined,89,130
speed_1s_stage4_rows,0.016746665027837355,Combined,89,130
speed_1s_stage4_col1_mean,0.01555994994817554,Combined,89,130
speed_1s_stage4_col1_std_over_mean,0.025403649468636314,Combined,89,130
speed_1s_stage4_col2_mean,0.009690122888879344,Combined,89,130
speed_1s_stage4_col2_std_over_mean,0.043364468720387586,Combined,89,130
speed_1s_stage5_rows,0.00010185484581548702,Combined,89,130
speed_1s_stage5_col1_mean,0.022120260667193716,Combined,89,130
speed_1s_stage5_col1_std_over_mean,0.11652817698687444,Combined,89,130
speed_1s_stage5_col2_mean,0.009990971317016515,Combined,89,130
speed_1s_stage5_col2_std_over_mean,0.03832149963699632,Combined,89,130
speed_10s_avg_rows,0.013376379067240802,Combined,89,130
speed_10s_avg_stage2_rows,0.006035215215059642,Combined,89,130
speed_10s_avg_stage2_col1_mean,0.013241899429244924,Combined,89,130
speed_10s_avg_stage2_col1_std_over_mean,0.020981781955887124,Combined,89,130
speed_10s_avg_stage2_col2_mean,0.00539716181313709,Combined,89,130
speed_10s_avg_stage2_col2_std_over_mean,0.011146988915830665,Combined,89,130
speed_10s_avg_stage3_rows,0.011752533177288617,Combined,89,130
speed_10s_avg_stage3_col1_mean,0.030748839946860618,Combined,89,130
speed_10s_avg_stage3_col1_std_over_mean,0.023373472957542156,Combined,89,130
speed_10s_avg_stage3_col2_mean,0.007782438043573695,Combined,89,130
speed_10s_avg_stage3_col2_std_over_mean,0.014868302281661682,Combined,89,130
speed_10s_avg_stage4_rows,0.017587214795519245,Combined,89,130
speed_10s_avg_stage4_col1_mean,0.0183467633952769,Combined,89,130
speed_10s_avg_stage4_col1_std_over_mean,0.015336542618101232,Combined,89,130
speed_10s_avg_stage4_col2_mean,0.007623905635610927,Combined,89,130
speed_10s_avg_stage4_col2_std_over_mean,0.022771543853438735,Combined,89,130
speed_10s_avg_stage5_rows,9.41581717498211e-05,Combined,89,130
speed_10s_avg_stage5_col1_mean,0.021900900930841332,Combined,89,130
speed_10s_avg_stage5_col1_std_over_mean,0.01702944887934819,Combined,89,130
speed_10s_avg_stage5_col2_mean,0.012813500810033282,Combined,89,130
speed_10s_avg_stage5_col2_std_over_mean,0.0210033509345876,Combined,89,130
stage_2_frames,0.0497484980384696,Combined,90,131
stage_3_frames,0.010897646089552338,Combined,90,131
stage_4_frames,0.0179288729299789,Combined,90,131
stage_5_frames,0.01150151246978999,Combined,90,131
roam_mean,0.021088226729109597,Combined,90,131
roam_std_over_mean,0.03923069737348174,Combined,90,131
roam_early_mean,0.022610995375182588,Combined,90,131
roam_mid_mean,0.015187783872666075,Combined,90,131
roam_late_mean,0.038112945426540916,Combined,90,131
roam_slope,0.016011295319992073,Combined,90,131
speed_1s_rows,0.018624828791359706,Combined,90,131
speed_1s_stage2_rows,0.009120388901345472,Combined,90,131
speed_1s_stage2_col1_mean,0.011146259271480705,Combined,90,131
speed_1s_stage2_col1_std_over_mean,0.02488190712251594,Combined,90,131
speed_1s_stage2_col2_mean,0.008481931084533862,Combined,90,131
speed_1s_stage2_col2_std_over_mean,0.01444182096798613,Combined,90,131
speed_1s_stage3_rows,0.01701981609988092,Combined,90,131
speed_1s_stage3_col1_mean,0.015145793823303529,Combined,90,131
speed_1s_stage3_col1_std_over_mean,0.02129221411374094,Combined,90,131
speed_1s_stage3_col2_mean,0.010107044866457955,Combined,90,131
speed_1s_stage3_col2_std_over_mean,0.01790214510730073,Combined,90,131
speed_1s_stage4_rows,0.0092185300046936,Combined,90,131
speed_1s_stage4_col1_mean,0.013536941706063139,Combined,90,131
speed_1s_stage4_col1_std_over_mean,0.01723100296929585,Combined,90,131
speed_1s_stage4_col2_mean,0.012374584653061056,Combined,90,131
speed_1s_stage4_col2_std_over_mean,0.0339256566777763,Combined,90,131
speed_1s_stage5_rows,0.0001224504224302047,Combined,90,131
speed_1s_stage5_col1_mean,0.026176444343002404,Combined,90,131
speed_1s_stage5_col1_std_over_mean,0.0879162107491933,Combined,90,131
speed_1s_stage5_col2_mean,0.015048700661768295,Combined,90,131
speed_1s_stage5_col2_std_over_mean,0.04362752860933658,Combined,90,131
speed_10s_avg_rows,0.020498482076510574,Combined,90,131
speed_10s_avg_stage2_rows,0.00841223134909888,Combined,90,131
speed_10s_avg_stage2_col1_mean,0.01607290190068155,Combined,90,131
speed_10s_avg_stage2_col1_std_over_mean,0.021705125027883146,Combined,90,131
speed_10s_avg_stage2_col2_mean,0.011792646184108909,Combined,90,131
speed_10s_avg_stage2_col2_std_over_mean,0.019050514403016063,Combined,90,131
speed_10s_avg_stage3_rows,0.01720859727236503,Combined,90,131
speed_10s_avg_stage3_col1_mean,0.017687029246717084,Combined,90,131
speed_10s_avg_stage3_col1_std_over_mean,0.012847180992374864,Combined,90,131
speed_10s_avg_stage3_col2_mean,0.01105939236411867,Combined,90,131
speed_10s_avg_stage3_col2_std_over_mean,0.012650104273438318,Combined,90,131
speed_10s_avg_stage4_rows,0.011174308272132475,Combined,90,131
speed_10s_avg_stage4_col1_mean,0.015852542576287515,Combined,90,131
speed_10s_avg_stage4_col1_std_over_mean,0.01854089329534255,Combined,90,131
speed_10s_avg_stage4_col2_mean,0.014584826648429715,Combined,90,131
speed_10s_avg_stage4_col2_std_over_mean,0.016543046742487553,Combined,90,131
speed_10s_avg_stage5_rows,0.00011612732362871388,Combined,90,131
speed_10s_avg_stage5_col1_mean,0.023419862340256115,Combined,90,131
speed_10s_avg_stage5_col1_std_over_mean,0.026054582554490942,Combined,90,131
speed_10s_avg_stage5_col2_mean,0.018561540276520603,Combined,90,131
speed_10s_avg_stage5_col2_std_over_mean,0.016507390308820345,Combined,90,131
stage_2_frames,0.04198836057958929,Combined,91,132
stage_3_frames,0.006736752524544982,Combined,91,132
stage_4_frames,0.011479636228201794,Combined,91,132
stage_5_frames,0.008747165585655324,Combined,91,132
roam_mean,0.035119597035169384,Combined,91,132
roam_std_over_mean,0.016981256009825474,Combined,91,132
roam_early_mean,0.027720905569284894,Combined,91,132
roam_mid_mean,0.015052507314997732,Combined,91,132
roam_late_mean,0.020211843323300033,Combined,91,132
roam_slope,0.011572091953157638,Combined,91,132
speed_1s_rows,0.01593953654804665,Combined,91,132
speed_1s_stage2_rows,0.007255549818202697,Combined,91,132
speed_1s_stage2_col1_mean,0.011771913583513201,Combined,91,132
speed_1s_stage2_col1_std_over_mean,0.02219127915099586,Combined,91,132
speed_1s_stage2_col2_mean,0.008733173027290127,Combined,91,132
speed_1s_stage2_col2_std_over_mean,0.018544616364559754,Combined,91,132
speed_1s_stage3_rows,0.011545314185083496,Combined,91,132
speed_1s_stage3_col1_mean,0.012856197672479797,Combined,91,132
speed_1s_stage3_col1_std_over_mean,0.018894231730128826,Combined,91,132
speed_1s_stage3_col2_mean,0.020193652361466665,Combined,91,132
speed_1s_stage3_col2_std_over_mean,0.025433447777592266,Combined,91,132
speed_1s_stage4_rows,0.010164968331116062,Combined,91,132
speed_1s_stage4_col1_mean,0.00858136296451347,Combined,91,132
speed_1s_stage4_col1_std_over_mean,0.014218008857343615,Combined,91,132
speed_1s_stage4_col2_mean,0.01932545422354561,Combined,91,132
speed_1s_stage4_col2_std_over_mean,0.04727765093820753,Combined,91,132
speed_1s_stage5_rows,1.5318476027403274e-05,Combined,91,132
speed_1s_stage5_col1_mean,0.014739374021610437,Combined,91,132
speed_1s_stage5_col1_std_over_mean,0.12770231807233554,Combined,91,132
speed_1s_stage5_col2_mean,0.01390519514360045,Combined,91,132
speed_1s_stage5_col2_std_over_mean,0.027778295648422116,Combined,91,132
speed_10s_avg_rows,0.01583604151438081,Combined,91,132
speed_10s_avg_stage2_rows,0.007734169962709014,Combined,91,132
speed_10s_avg_stage2_col1_mean,0.01338526138284282,Combined,91,132
speed_10s_avg_stage2_col1_std_over_mean,0.014588285872281993,Combined,91,132
speed_10s_avg_stage2_col2_mean,0.0058598861580795945,Combined,91,132
speed_10s_avg_stage2_col2_std_over_mean,0.023790825077019555,Combined,91,132
speed_10s_avg_stage3_rows,0.01413743123132291,Combined,91,132
speed_10s_avg_stage3_col1_mean,0.01569618972467218,Combined,91,132
speed_10s_avg_stage3_col1_std_over_mean,0.025631364423765218,Combined,91,132
speed_10s_avg_stage3_col2_mean,0.01884953376021319,Combined,91,132
speed_10s_avg_stage3_col2_std_over_mean,0.016448568786043373,Combined,91,132
speed_10s_avg_stage4_rows,0.011712299076677118,Combined,91,132
speed_10s_avg_stage4_col1_mean,0.010389589744037954,Combined,91,132
speed_10s_avg_stage4_col1_std_over_mean,0.03041406333278286,Combined,91,132
speed_10s_avg_stage4_col2_mean,0.023810351191715384,Combined,91,132
speed_10s_avg_stage4_col2_std_over_mean,0.0167299769559457,Combined,91,132
speed_10s_avg_stage5_rows,5.868083769219841e-05,Combined,91,132
speed_10s_avg_stage5_col1_mean,0.014956829953926967,Combined,91,132
speed_10s_avg_stage5_col1_std_over_mean,0.025681149202623838,Combined,91,132
speed_10s_avg_stage5_col2_mean,0.02454291069650932,Combined,91,132
speed_10s_avg_stage5_col2_std_over_mean,0.01706961609494993,Combined,91,132
stage_2_frames,0.061471775354994714,Combined,92,133
stage_3_frames,0.00891428240852725,Combined,92,133
stage_4_frames,0.0102064111619247,Combined,92,133
stage_5_frames,0.013086541211343729,Combined,92,133
roam_mean,0.02926902853023014,Combined,92,133
roam_std_over_mean,0.02032798655151037,Combined,92,133
roam_early_mean,0.022480379291433903,Combined,92,133
roam_mid_mean,0.015848688314695224,Combined,92,133
roam_late_mean,0.02846082812144765,Combined,92,133
roam_slope,0.020277452377296213,Combined,92,133
speed_1s_rows,0.01505296800568038,Combined,92,133
speed_1s_stage2_rows,0.009907182645939433,Combined,92,133
speed_1s_stage2_col1_mean,0.012075035972159386,Combined,92,133
speed_1s_stage2_col1_std_over_mean,0.02655226535312734,Combined,92,133
speed_1s_stage2_col2_mean,0.014923229340882523,Combined,92,133
speed_1s_stage2_col2_std_over_mean,0.017766861490937515,Combined,92,133
speed_1s_stage3_rows,0.010697274069479384,Combined,92,133
speed_1s_stage3_col1_mean,0.009520235341834375,Combined,92,133
speed_1s_stage3_col1_std_over_mean,0.03547274968080728,Combined,92,133
speed_1s_stage3_col2_mean,0.014326545280281239,Combined,92,133
speed_1s_stage3_col2_std_over_mean,0.05445337998827613,Combined,92,133
speed_1s_stage4_rows,0.014664765242744798,Combined,92,133
speed_1s_stage4_col1_mean,0.006022943048933944,Combined,92,133
speed_1s_stage4_col1_std_over_mean,0.02004264260290603,Combined,92,133
speed_1s_stage4_col2_mean,0.014590586570490512,Combined,92,133
speed_1s_stage4_col2_std_over_mean,0.04506863970569769,Combined,92,133
speed_1s_stage5_rows,9.479076041069859e-05,Combined,92,133
speed_1s_stage5_col1_mean,0.016640524843905307,Combined,92,133
speed_1s_stage5_col1_std_over_mean,0.09265559752990486,Combined,92,133
speed_1s_stage5_col2_mean,0.008669345895366555,Combined,92,133
speed_1s_stage5_col2_std_over_mean,0.025065660005229168,Combined,92,133
speed_10s_avg_rows,0.01919354102987958,Combined,92,133
speed_10s_avg_stage2_rows,0.00852573455884218,Combined,92,133
speed_10s_avg_stage2_col1_mean,0.012214957924776927,Combined,92,133
speed_10s_avg_stage2_col1_std_over_mean,0.015826751065542558,Combined,92,133
speed_10s_avg_stage2_col2_mean,0.015885739326364796,Combined,92,133
speed_10s_avg_stage2_col2_std_over_mean,0.021957204891697907,Combined,92,133
speed_10s_avg_stage3_rows,0.009243086253036718,Combined,92,133
speed_10s_avg_stage3_col1_mean,0.010648568844244978,Combined,92,133
speed_10s_avg_stage3_col1_std_over_mean,0.020129121984968214,Combined,92,133
speed_10s_avg_stage3_col2_mean,0.012990413721814115,Combined,92,133
speed_10s_avg_stage3_col2_std_over_mean,0.01698459323250448,Combined,92,133
speed_10s_avg_stage4_rows,0.010775687810522239,Combined,92,133
speed_10s_avg_stage4_col1_mean,0.008662980302218579,Combined,92,133
speed_10s_avg_stage4_col1_std_over_mean,0.02470982473754124,Combined,92,133
speed_10s_avg_stage4_col2_mean,0.015406956163959672,Combined,92,133
speed_10s_avg_stage4_col2_std_over_mean,0.01930984706467471,Combined,92,133
speed_10s_avg_stage5_rows,6.434452780791544e-05,Combined,92,133
speed_10s_avg_stage5_col1_mean,0.012587285793792563,Combined,92,133
speed_10s_avg_stage5_col1_std_over_mean,0.025847243279809657,Combined,92,133
speed_10s_avg_stage5_col2_mean,0.0061785040056567654,Combined,92,133
speed_10s_avg_stage5_col2_std_over_mean,0.018251016781945812,Combined,92,133
stage_2_frames,0.052859875584923825,Combined,93,134
stage_3_frames,0.006921052488188983,Combined,93,134
stage_4_frames,0.011744426626596971,Combined,93,134
stage_5_frames,0.012672197333262691,Combined,93,134
roam_mean,0.01997172649689265,Combined,93,134
roam_std_over_mean,0.035114424310589025,Combined,93,134
roam_early_mean,0.01779503765065823,Combined,93,134
roam_mid_mean,0.011334472724305794,Combined,93,134
roam_late_mean,0.017628145756522426,Combined,93,134
roam_slope,0.01657540929970827,Combined,93,134
speed_1s_rows,0.015718533545059907,Combined,93,134
speed_1s_stage2_rows,0.009133977896544037,Combined,93,134
speed_1s_stage2_col1_mean,0.014510442896420936,Combined,93,134
speed_1s_stage2_col1_std_over_mean,0.01920487070815014,Combined,93,134
speed_1s_stage2_col2_mean,0.008001202784719939,Combined,93,134
speed_1s_stage2_col2_std_over_mean,0.01274347615951721,Combined,93,134
speed_1s_stage3_rows,0.011003926262242234,Combined,93,134
speed_1s_stage3_col1_mean,0.024177929279129595,Combined,93,134
speed_1s_stage3_col1_std_over_mean,0.02204959534429251,Combined,93,134
speed_1s_stage3_col2_mean,0.0155756009233863,Combined,93,134
speed_1s_stage3_col2_std_over_mean,0.025743860728219284,Combined,93,134
speed_1s_stage4_rows,0.01499265342472031,Combined,93,134
speed_1s_stage4_col1_mean,0.012190247156662136,Combined,93,134
speed_1s_stage4_col1_std_over_mean,0.02155360432409511,Combined,93,134
speed_1s_stage4_col2_mean,0.013932836811874206,Combined,93,134
speed_1s_stage4_col2_std_over_mean,0.045292949574725266,Combined,93,134
speed_1s_stage5_rows,3.265392272504478e-05,Combined,93,134
speed_1s_stage5_col1_mean,0.014413062188333117,Combined,93,134
speed_1s_stage5_col1_std_over_mean,0.12901533670090737,Combined,93,134
speed_1s_stage5_col2_mean,0.012906410948231818,Combined,93,134
speed_1s_stage5_col2_std_over_mean,0.030304537818269608,Combined,93,134
speed_10s_avg_rows,0.011593572684497892,Combined,93,134
speed_10s_avg_stage2_rows,0.007224350006060153,Combined,93,134
speed_10s_avg_stage2_col1_mean,0.0130932043641151,Combined,93,134
speed_10s_avg_stage2_col1_std_over_mean,0.023184999206392894,Combined,93,134
speed_10s_avg_stage2_col2_mean,0.009580448181065545,Combined,93,134
speed_10s_avg_stage2_col2_std_over_mean,0.015139407774832468,Combined,93,134
speed_10s_avg_stage3_rows,0.009371368135888536,Combined,93,134
speed_10s_avg_stage3_col1_mean,0.027446555928714225,Combined,93,134
speed_10s_avg_stage3_col1_std_over_mean,0.02749920397413529,Combined,93,134
speed_10s_avg_stage3_col2_mean,0.01604790502177899,Combined,93,134
speed_10s_avg_stage3_col2_std_over_mean,0.012085777925716568,Combined,93,134
speed_10s_avg_stage4_rows,0.01391663147215341,Combined,93,134
speed_10s_avg_stage4_col1_mean,0.01041422281101755,Combined,93,134
speed_10s_avg_stage4_col1_std_over_mean,0.02678875967700926,Combined,93,134
speed_10s_avg_stage4_col2_mean,0.014358823861419338,Combined,93,134
speed_10s_avg_stage4_col2_std_over_mean,0.014917076293125324,Combined,93,134
speed_10s_avg_stage5_rows,0.00012952870654233707,Combined,93,134
speed_10s_avg_stage5_col1_mean,0.013408444714345415,Combined,93,134
speed_10s_avg_stage5_col1_std_over_mean,0.02870664078395897,Combined,93,134
speed_10s_avg_stage5_col2_mean,0.012456234260804697,Combined,93,134
speed_10s_avg_stage5_col2_std_over_mean,0.01752236654655114,Combined,93,134
stage_2_frames,0.05879381001774448,Combined,94,135
stage_3_frames,0.008378041116927444,Combined,94,135
stage_4_frames,0.008109112686981338,Combined,94,135
stage_5_frames,0.008168400251614931,Combined,94,135
roam_mean,0.017846978348821343,Combined,94,135
roam_std_over_mean,0.03288672361483603,Combined,94,135
roam_early_mean,0.013258846294179678,Combined,94,135
roam_mid_mean,0.023630548110250494,Combined,94,135
roam_late_mean,0.038033911187791355,Combined,94,135
roam_slope,0.01269091709317508,Combined,94,135
speed_1s_rows,0.01100264796575318,Combined,94,135
speed_1s_stage2_rows,0.007225157711355086,Combined,94,135
speed_1s_stage2_col1_mean,0.012991359110095654,Combined,94,135
speed_1s_stage2_col1_std_over_mean,0.023327463153050763,Combined,94,135
speed_1s_stage2_col2_mean,0.008393515816115166,Combined,94,135
speed_1s_stage2_col2_std_over_mean,0.012621799894085527,Combined,94,135
speed_1s_stage3_rows,0.008790146991004869,Combined,94,135
speed_1s_stage3_col1_mean,0.017250510009455457,Combined,94,135
speed_1s_stage3_col1_std_over_mean,0.03658302463342412,Combined,94,135
speed_1s_stage3_col2_mean,0.009049129272634694,Combined,94,135
speed_1s_stage3_col2_std_over_mean,0.014471147576583238,Combined,94,135
speed_1s_stage4_rows,0.011953930332617083,Combined,94,135
speed_1s_stage4_col1_mean,0.009782855303305527,Combined,94,135
speed_1s_stage4_col1_std_over_mean,0.017227423429629844,Combined,94,135
speed_1s_stage4_col2_mean,0.010328623571861982,Combined,94,135
speed_1s_stage4_col2_std_over_mean,0.024428891453929433,Combined,94,135
speed_1s_stage5_rows,0.00011161250495881256,Combined,94,135
speed_1s_stage5_col1_mean,0.016436646066895808,Combined,94,135
speed_1s_stage5_col1_std_over_mean,0.14236380884137054,Combined,94,135
speed_1s_stage5_col2_mean,0.019423058018750206,Combined,94,135
speed_1s_stage5_col2_std_over_mean,0.04101834642019198,Combined,94,135
speed_10s_avg_rows,0.01250440841627083,Combined,94,135
speed_10s_avg_stage2_rows,0.007935767360377812,Combined,94,135
speed_10s_avg_stage2_col1_mean,0.007869024844666972,Combined,94,135
speed_10s_avg_stage2_col1_std_over_mean,0.01597947419510556,Combined,94,135
speed_10s_avg_stage2_col2_mean,0.010198255079280353,Combined,94,135
speed_10s_avg_stage2_col2_std_over_mean,0.02736667853922127,Combined,94,135
speed_10s_avg_stage3_rows,0.010041183011503706,Combined,94,135
speed_10s_avg_stage3_col1_mean,0.017580501553271934,Combined,94,135
speed_10s_avg_stage3_col1_std_over_mean,0.013911982538317076,Combined,94,135
speed_10s_avg_stage3_col2_mean,0.013188311097856065,Combined,94,135
speed_10s_avg_stage3_col2_std_over_mean,0.010595075013812731,Combined,94,135
speed_10s_avg_stage4_rows,0.00928368884848626,Combined,94,135
speed_10s_avg_stage4_col1_mean,0.011332652933879707,Combined,94,135
speed_10s_avg_stage4_col1_std_over_mean,0.013722691401724826,Combined,94,135
speed_10s_avg_stage4_col2_mean,0.016949560490417025,Combined,94,135
speed_10s_avg_stage4_col2_std_over_mean,0.018304113416730203,Combined,94,135
speed_10s_avg_stage5_rows,6.982103667359865e-05,Combined,94,135
speed_10s_avg_stage5_col1_mean,0.01816596468753366,Combined,94,135
speed_10s_avg_stage5_col1_std_over_mean,0.05268657348152404,Combined,94,135
speed_10s_avg_stage5_col2_mean,0.019024620485550568,Combined,94,135
speed_10s_avg_stage5_col2_std_over_mean,0.016711264768404954,Combined,94,135
stage_2_frames,0.03547204894395795,Combined,95,136
stage_3_frames,0.006111277615753901,Combined,95,136
stage_4_frames,0.013379150088147357,Combined,95,136
stage_5_frames,0.013062453731729682,Combined,95,136
roam_mean,0.01874085340385965,Combined,95,136
roam_std_over_mean,0.021539369718347013,Combined,95,136
roam_early_mean,0.022436031858921412,Combined,95,136
roam_mid_mean,0.02523022621294294,Combined,95,136
roam_late_mean,0.014337939135786277,Combined,95,136
roam_slope,0.01591364461390056,Combined,95,136
speed_1s_rows,0.01554981115313659,Combined,95,136
speed_1s_stage2_rows,0.007458347466347573,Combined,95,136
speed_1s_stage2_col1_mean,0.013570341050005744,Combined,95,136
speed_1s_stage2_col1_std_over_mean,0.01793177097641333,Combined,95,136
speed_1s_stage2_col2_mean,0.009525671195889112,Combined,95,136
speed_1s_stage2_col2_std_over_mean,0.02627345767764759,Combined,95,136
speed_1s_stage3_rows,0.012884899867994605,Combined,95,136
speed_1s_stage3_col1_mean,0.017182662521704455,Combined,95,136
speed_1s_stage3_col1_std_over_mean,0.01642523044644296,Combined,95,136
speed_1s_stage3_col2_mean,0.013711859545802093,Combined,95,136
speed_1s_stage3_col2_std_over_mean,0.021592769141727686,Combined,95,136
speed_1s_stage4_rows,0.008067432230659262,Combined,95,136
speed_1s_stage4_col1_mean,0.009213847784925424,Combined,95,136
speed_1s_stage4_col1_std_over_mean,0.019036762471049722,Combined,95,136
speed_1s_stage4_col2_mean,0.01295413131421545,Combined,95,136
speed_1s_stage4_col2_std_over_mean,0.04202482124701222,Combined,95,136
speed_1s_stage5_rows,5.6316891991312574e-05,Combined,95,136
speed_1s_stage5_col1_mean,0.012528573285679119,Combined,95,136
speed_1s_stage5_col1_std_over_mean,0.14846584036063984,Combined,95,136
speed_1s_stage5_col2_mean,0.020275738844875563,Combined,95,136
speed_1s_stage5_col2_std_over_mean,0.07086321701710166,Combined,95,136
speed_10s_avg_rows,0.016280710218899815,Combined,95,136
speed_10s_avg_stage2_rows,0.00789238522424796,Combined,95,136
speed_10s_avg_stage2_col1_mean,0.012253889855498617,Combined,95,136
speed_10s_avg_stage2_col1_std_over_mean,0.018906134080394685,Combined,95,136
speed_10s_avg_stage2_col2_mean,0.009615879031243686,Combined,95,136
speed_10s_avg_stage2_col2_std_over_mean,0.02008250203651313,Combined,95,136
speed_10s_avg_stage3_rows,0.013905193021501934,Combined,95,136
speed_10s_avg_stage3_col1_mean,0.015654682263091396,Combined,95,136
speed_10s_avg_stage3_col1_std_over_mean,0.011709303958582062,Combined,95,136
speed_10s_avg_stage3_col2_mean,0.013427866824003648,Combined,95,136
speed_10s_avg_stage3_col2_std_over_mean,0.01151457691808703,Combined,95,136
speed_10s_avg_stage4_rows,0.011563110489279755,Combined,95,136
speed_10s_avg_stage4_col1_mean,0.010430164062446663,Combined,95,136
speed_10s_avg_stage4_col1_std_over_mean,0.022583101824746158,Combined,95,136
speed_10s_avg_stage4_col2_mean,0.007988574740006797,Combined,95,136
speed_10s_avg_stage4_col2_std_over_mean,0.0166030098135996,Combined,95,136
speed_10s_avg_stage5_rows,0.00011671006422261097,Combined,95,136
speed_10s_avg_stage5_col1_mean,0.014847859500245836,Combined,95,136
speed_10s_avg_stage5_col1_std_over_mean,0.022232504662440245,Combined,95,136
speed_10s_avg_stage5_col2_mean,0.02001175339175376,Combined,95,136
speed_10s_avg_stage5_col2_std_over_mean,0.020563590204586635,Combined,95,136
stage_2_frames,0.06887276787860393,Combined,96,137
stage_3_frames,0.0073824685044586395,Combined,96,137
stage_4_frames,0.009619229165480905,Combined,96,137
stage_5_frames,0.010147596193246728,Combined,96,137
roam_mean,0.02643596153447858,Combined,96,137
roam_std_over_mean,0.024551574676483723,Combined,96,137
roam_early_mean,0.018888689464461664,Combined,96,137
roam_mid_mean,0.013941122006319594,Combined,96,137
roam_late_mean,0.01550958080407139,Combined,96,137
roam_slope,0.01462919258231835,Combined,96,137
speed_1s_rows,0.019495449167910534,Combined,96,137
speed_1s_stage2_rows,0.007368100739571125,Combined,96,137
speed_1s_stage2_col1_mean,0.013161156671141623,Combined,96,137
speed_1s_stage2_col1_std_over_mean,0.02571964077843708,Combined,96,137
speed_1s_stage2_col2_mean,0.008279659061569754,Combined,96,137
speed_1s_stage2_col2_std_over_mean,0.011627991186955566,Combined,96,137
speed_1s_stage3_rows,0.009732359398217327,Combined,96,137
speed_1s_stage3_col1_mean,0.009840002075689292,Combined,96,137
speed_1s_stage3_col1_std_over_mean,0.015709868796966127,Combined,96,137
speed_1s_stage3_col2_mean,0.01840614286002738,Combined,96,137
speed_1s_stage3_col2_std_over_mean,0.038327140238640554,Combined,96,137
speed_1s_stage4_rows,0.010780174101210982,Combined,96,137
speed_1s_stage4_col1_mean,0.013703390979955606,Combined,96,137
speed_1s_stage4_col1_std_over_mean,0.01639162883427636,Combined,96,137
speed_1s_stage4_col2_mean,0.019237782703160504,Combined,96,137
speed_1s_stage4_col2_std_over_mean,0.0777660207797745,Combined,96,137
speed_1s_stage5_rows,0.00013919071270352402,Combined,96,137
speed_1s_stage5_col1_mean,0.022197891539171146,Combined,96,137
speed_1s_stage5_col1_std_over_mean,0.09613993901834354,Combined,96,137
speed_1s_stage5_col2_mean,0.012009056057769975,Combined,96,137
speed_1s_stage5_col2_std_over_mean,0.039185359828600747,Combined,96,137
speed_10s_avg_rows,0.022250584492872743,Combined,96,137
speed_10s_avg_stage2_rows,0.006277535245407098,Combined,96,137
speed_10s_avg_stage2_col1_mean,0.01279659995843981,Combined,96,137
speed_10s_avg_stage2_col1_std_over_mean,0.019323988178004205,Combined,96,137
speed_10s_avg_stage2_col2_mean,0.009786373767720166,Combined,96,137
speed_10s_avg_stage2_col2_std_over_mean,0.020003320026996573,Combined,96,137
speed_10s_avg_stage3_rows,0.006259322329712411,Combined,96,137
speed_10s_avg_stage3_col1_mean,0.00904668062690396,Combined,96,137
speed_10s_avg_stage3_col1_std_over_mean,0.02206711210853299,Combined,96,137
speed_10s_avg_stage3_col2_mean,0.014529283869537371,Combined,96,137
speed_10s_avg_stage3_col2_std_over_mean,0.012835025904264894,Combined,96,137
speed_10s_avg_stage4_rows,0.012551926859443462,Combined,96,137
speed_10s_avg_stage4_col1_mean,0.01710988760261138,Combined,96,137
speed_10s_avg_stage4_col1_std_over_mean,0.015848482662226892,Combined,96,137
speed_10s_avg_stage4_col2_mean,0.01494085486476886,Combined,96,137
speed_10s_avg_stage4_col2_std_over_mean,0.014737437850982577,Combined,96,137
speed_10s_avg_stage5_rows,0.0002774426888737285,Combined,96,137
speed_10s_avg_stage5_col1_mean,0.01953370008962952,Combined,96,137
speed_10s_avg_stage5_col1_std_over_mean,0.021130098569649355,Combined,96,137
speed_10s_avg_stage5_col2_mean,0.010862996537670559,Combined,96,137
speed_10s_avg_stage5_col2_std_over_mean,0.022635217425734665,Combined,96,137
stage_2_frames,0.020712948293735545,Combined,97,138
stage_3_frames,0.006331474180658272,Combined,97,138
stage_4_frames,0.011222285441916599,Combined,97,138
stage_5_frames,0.010234055563105733,Combined,97,138
roam_mean,0.029864166528782647,Combined,97,138
roam_std_over_mean,0.021630944846189316,Combined,97,138
roam_early_mean,0.02432003764827881,Combined,97,138
roam_mid_mean,0.018838477027612942,Combined,97,138
roam_late_mean,0.028035352747174596,Combined,97,138
roam_slope,0.02221821542731771,Combined,97,138
speed_1s_rows,0.014392036479208923,Combined,97,138
speed_1s_stage2_rows,0.005889301757892465,Combined,97,138
speed_1s_stage2_col1_mean,0.02031328254352456,Combined,97,138
speed_1s_stage2_col1_std_over_mean,0.023639865139116464,Combined,97,138
speed_1s_stage2_col2_mean,0.010827045845148849,Combined,97,138
speed_1s_stage2_col2_std_over_mean,0.016358757851144053,Combined,97,138
speed_1s_stage3_rows,0.010134200166343301,Combined,97,138
speed_1s_stage3_col1_mean,0.010318227830067883,Combined,97,138
speed_1s_stage3_col1_std_over_mean,0.012258551053760896,Combined,97,138
speed_1s_stage3_col2_mean,0.029354173107544485,Combined,97,138
speed_1s_stage3_col2_std_over_mean,0.011973250792963191,Combined,97,138
speed_1s_stage4_rows,0.012274114024308641,Combined,97,138
speed_1s_stage4_col1_mean,0.010437710724982795,Combined,97,138
speed_1s_stage4_col1_std_over_mean,0.012566025784990414,Combined,97,138
speed_1s_stage4_col2_mean,0.01326759892364336,Combined,97,138
speed_1s_stage4_col2_std_over_mean,0.03855177784346,Combined,97,138
speed_1s_stage5_rows,0.0004229762767869432,Combined,97,138
speed_1s_stage5_col1_mean,0.015801521838945422,Combined,97,138
speed_1s_stage5_col1_std_over_mean,0.0716279803511618,Combined,97,138
speed_1s_stage5_col2_mean,0.017971504470939398,Combined,97,138
speed_1s_stage5_col2_std_over_mean,0.05824880856949521,Combined,97,138
speed_10s_avg_rows,0.01418659828402084,Combined,97,138
speed_10s_avg_stage2_rows,0.006107978774450167,Combined,97,138
speed_10s_avg_stage2_col1_mean,0.019131623824706318,Combined,97,138
speed_10s_avg_stage2_col1_std_over_mean,0.014052182752359303,Combined,97,138
speed_10s_avg_stage2_col2_mean,0.009877587602655431,Combined,97,138
speed_10s_avg_stage2_col2_std_over_mean,0.030272103625875495,Combined,97,138
speed_10s_avg_stage3_rows,0.009900525501186934,Combined,97,138
speed_10s_avg_stage3_col1_mean,0.013619382100578642,Combined,97,138
speed_10s_avg_stage3_col1_std_over_mean,0.01718363130418967,Combined,97,138
speed_10s_avg_stage3_col2_mean,0.03365700949793081,Combined,97,138
speed_10s_avg_stage3_col2_std_over_mean,0.030866566176584575,Combined,97,138
speed_10s_avg_stage4_rows,0.015039549996941546,Combined,97,138
speed_10s_avg_stage4_col1_mean,0.011262938420184982,Combined,97,138
speed_10s_avg_stage4_col1_std_over_mean,0.03227523181485309,Combined,97,138
speed_10s_avg_stage4_col2_mean,0.008897760115970406,Combined,97,138
speed_10s_avg_stage4_col2_std_over_mean,0.01970366024720329,Combined,97,138
speed_10s_avg_stage5_rows,0.0005255443226780032,Combined,97,138
speed_10s_avg_stage5_col1_mean,0.018028175954013785,Combined,97,138
speed_10s_avg_stage5_col1_std_over_mean,0.019147428686150332,Combined,97,138
speed_10s_avg_stage5_col2_mean,0.02108750788760989,Combined,97,138
speed_10s_avg_stage5_col2_std_over_mean,0.04514034402965528,Combined,97,138
stage_2_frames,0.028716818438645215,Combined,98,139
stage_3_frames,0.006684077594861506,Combined,98,139
stage_4_frames,0.007265097489440368,Combined,98,139
stage_5_frames,0.00923798677077746,Combined,98,139
roam_mean,0.02396492605307934,Combined,98,139
roam_std_over_mean,0.03329904114690966,Combined,98,139
roam_early_mean,0.032573507385717466,Combined,98,139
roam_mid_mean,0.01384212184672944,Combined,98,139
roam_late_mean,0.026266691566880565,Combined,98,139
roam_slope,0.02133382260257927,Combined,98,139
speed_1s_rows,0.01584186623421755,Combined,98,139
speed_1s_stage2_rows,0.0067788925576807,Combined,98,139
speed_1s_stage2_col1_mean,0.014852112795663026,Combined,98,139
speed_1s_stage2_col1_std_over_mean,0.039397527889887866,Combined,98,139
speed_1s_stage2_col2_mean,0.012528260985815208,Combined,98,139
speed_1s_stage2_col2_std_over_mean,0.01726883896338672,Combined,98,139
speed_1s_stage3_rows,0.008594758869022548,Combined,98,139
speed_1s_stage3_col1_mean,0.008358697909998472,Combined,98,139
speed_1s_stage3_col1_std_over_mean,0.014379630644029005,Combined,98,139
speed_1s_stage3_col2_mean,0.012921285836618855,Combined,98,139
speed_1s_stage3_col2_std_over_mean,0.013352853730351158,Combined,98,139
speed_1s_stage4_rows,0.01303262502438326,Combined,98,139
speed_1s_stage4_col1_mean,0.011076583306906753,Combined,98,139
speed_1s_stage4_col1_std_over_mean,0.013379723875932373,Combined,98,139
speed_1s_stage4_col2_mean,0.02810823499638676,Combined,98,139
speed_1s_stage4_col2_std_over_mean,0.049272213394007315,Combined,98,139
speed_1s_stage5_rows,0.00012531636614019793,Combined,98,139
speed_1s_stage5_col1_mean,0.017726389668467894,Combined,98,139
speed_1s_stage5_col1_std_over_mean,0.053953891327410346,Combined,98,139
speed_1s_stage5_col2_mean,0.0167085326896268,Combined,98,139
speed_1s_stage5_col2_std_over_mean,0.09905891886667105,Combined,98,139
speed_10s_avg_rows,0.017851390358958,Combined,98,139
speed_10s_avg_stage2_rows,0.00699221838098242,Combined,98,139
speed_10s_avg_stage2_col1_mean,0.01212415112654119,Combined,98,139
speed_10s_avg_stage2_col1_std_over_mean,0.022250540325593735,Combined,98,139
speed_10s_avg_stage2_col2_mean,0.008647844682653779,Combined,98,139
speed_10s_avg_stage2_col2_std_over_mean,0.01601997740416585,Combined,98,139
speed_10s_avg_stage3_rows,0.014092130611116211,Combined,98,139
speed_10s_avg_stage3_col1_mean,0.011622259231678464,Combined,98,139
speed_10s_avg_stage3_col1_std_over_mean,0.01686497567574766,Combined,98,139
speed_10s_avg_stage3_col2_mean,0.013447914313871604,Combined,98,139
speed_10s_avg_stage3_col2_std_over_mean,0.012780338978253732,Combined,98,139
speed_10s_avg_stage4_rows,0.010919879647297164,Combined,98,139
speed_10s_avg_stage4_col1_mean,0.0119708776335366,Combined,98,139
speed_10s_avg_stage4_col1_std_over_mean,0.027882860762517038,Combined,98,139
speed_10s_avg_stage4_col2_mean,0.02406775928679097,Combined,98,139
speed_10s_avg_stage4_col2_std_over_mean,0.014600578438050928,Combined,98,139
speed_10s_avg_stage5_rows,0.00022799407074282197,Combined,98,139
speed_10s_avg_stage5_col1_mean,0.01951071808984697,Combined,98,139
speed_10s_avg_stage5_col1_std_over_mean,0.019166437174773343,Combined,98,139
speed_10s_avg_stage5_col2_mean,0.019348230360399277,Combined,98,139
speed_10s_avg_stage5_col2_std_over_mean,0.029709676618258265,Combined,98,139
stage_2_frames,0.023611502661169896,Combined,99,140
stage_3_frames,0.006430453901981018,Combined,99,140
stage_4_frames,0.009201005512111018,Combined,99,140
stage_5_frames,0.014098478756714045,Combined,99,140
roam_mean,0.0182037390616215,Combined,99,140
roam_std_over_mean,0.034903758677436406,Combined,99,140
roam_early_mean,0.025423421234155405,Combined,99,140
roam_mid_mean,0.026375494674441613,Combined,99,140
roam_late_mean,0.03893918480476576,Combined,99,140
roam_slope,0.038415072451837555,Combined,99,140
speed_1s_rows,0.014595200870787996,Combined,99,140
speed_1s_stage2_rows,0.004955267974434606,Combined,99,140
speed_1s_stage2_col1_mean,0.010160542257066432,Combined,99,140
speed_1s_stage2_col1_std_over_mean,0.02034126485230172,Combined,99,140
speed_1s_stage2_col2_mean,0.008789837659435461,Combined,99,140
speed_1s_stage2_col2_std_over_mean,0.013631961091814249,Combined,99,140
speed_1s_stage3_rows,0.006867996696632617,Combined,99,140
speed_1s_stage3_col1_mean,0.009278084482689953,Combined,99,140
speed_1s_stage3_col1_std_over_mean,0.01752306120792017,Combined,99,140
speed_1s_stage3_col2_mean,0.01425010372101025,Combined,99,140
speed_1s_stage3_col2_std_over_mean,0.032704147957193314,Combined,99,140
speed_1s_stage4_rows,0.013436035640612062,Combined,99,140
speed_1s_stage4_col1_mean,0.017584898618030524,Combined,99,140
speed_1s_stage4_col1_std_over_mean,0.008758591954511537,Combined,99,140
speed_1s_stage4_col2_mean,0.02411952722714452,Combined,99,140
speed_1s_stage4_col2_std_over_mean,0.0408012785626455,Combined,99,140
speed_1s_stage5_rows,0.00015026509175084025,Combined,99,140
speed_1s_stage5_col1_mean,0.030558141893529706,Combined,99,140
speed_1s_stage5_col1_std_over_mean,0.08499442906701536,Combined,99,140
speed_1s_stage5_col2_mean,0.01414659361088945,Combined,99,140
speed_1s_stage5_col2_std_over_mean,0.06819201089242656,Combined,99,140
speed_10s_avg_rows,0.0136571054949077,Combined,99,140
speed_10s_avg_stage2_rows,0.007264045495253836,Combined,99,140
speed_10s_avg_stage2_col1_mean,0.012665950084092008,Combined,99,140
speed_10s_avg_stage2_col1_std_over_mean,0.027049514499171926,Combined,99,140
speed_10s_avg_stage2_col2_mean,0.010954904115648596,Combined,99,140
speed_10s_avg_stage2_col2_std_over_mean,0.012383403364855532,Combined,99,140
speed_10s_avg_stage3_rows,0.010794548683579906,Combined,99,140
speed_10s_avg_stage3_col1_mean,0.009492380053269099,Combined,99,140
speed_10s_avg_stage3_col1_std_over_mean,0.018332193402930262,Combined,99,140
speed_10s_avg_stage3_col2_mean,0.016712187201027597,Combined,99,140
speed_10s_avg_stage3_col2_std_over_mean,0.017916270672697677,Combined,99,140
speed_10s_avg_stage4_rows,0.011520567133801195,Combined,99,140
speed_10s_avg_stage4_col1_mean,0.01356647647444337,Combined,99,140
speed_10s_avg_stage4_col1_std_over_mean,0.019005973313290802,Combined,99,140
speed_10s_avg_stage4_col2_mean,0.027621554365314497,Combined,99,140
speed_10s_avg_stage4_col2_std_over_mean,0.011619817198601837,Combined,99,140
speed_10s_avg_stage5_rows,7.953325983212516e-05,Combined,99,140
speed_10s_avg_stage5_col1_mean,0.02407242076633248,Combined,99,140
speed_10s_avg_stage5_col1_std_over_mean,0.013704533955194907,Combined,99,140
speed_10s_avg_stage5_col2_mean,0.016031335413277874,Combined,99,140
speed_10s_avg_stage5_col2_std_over_mean,0.014113931986399812,Combined,99,140
stage_2_frames,0.024676869526360785,Combined,100,141
stage_3_frames,0.004283613102043906,Combined,100,141
stage_4_frames,0.008894657258117063,Combined,100,141
stage_5_frames,0.012987203654405961,Combined,100,141
roam_mean,0.011122353245041494,Combined,100,141
roam_std_over_mean,0.020918767185143194,Combined,100,141
roam_early_mean,0.019334709694828183,Combined,100,141
roam_mid_mean,0.028797365684071263,Combined,100,141
roam_late_mean,0.04451527235691857,Combined,100,141
roam_slope,0.011755542188631703,Combined,100,141
speed_1s_rows,0.01377922729656486,Combined,100,141
speed_1s_stage2_rows,0.005048303745413483,Combined,100,141
speed_1s_stage2_col1_mean,0.007945438871115327,Combined,100,141
speed_1s_stage2_col1_std_over_mean,0.02149974643757315,Combined,100,141
speed_1s_stage2_col2_mean,0.0068904874978270155,Combined,100,141
speed_1s_stage2_col2_std_over_mean,0.013085964092726598,Combined,100,141
speed_1s_stage3_rows,0.005423696214390834,Combined,100,141
speed_1s_stage3_col1_mean,0.01931692223856178,Combined,100,141
speed_1s_stage3_col1_std_over_mean,0.021784363114557028,Combined,100,141
speed_1s_stage3_col2_mean,0.010240680224289611,Combined,100,141
speed_1s_stage3_col2_std_over_mean,0.012682372230798345,Combined,100,141
speed_1s_stage4_rows,0.013457854636920563,Combined,100,141
speed_1s_stage4_col1_mean,0.01178576662821856,Combined,100,141
speed_1s_stage4_col1_std_over_mean,0.014072075785458734,Combined,100,141
speed_1s_stage4_col2_mean,0.014319810862592451,Combined,100,141
speed_1s_stage4_col2_std_over_mean,0.057141127002649374,Combined,100,141
speed_1s_stage5_rows,0.00010070604414114387,Combined,100,141
speed_1s_stage5_col1_mean,0.017075624922176645,Combined,100,141
speed_1s_stage5_col1_std_over_mean,0.1832382990119175,Combined,100,141
speed_1s_stage5_col2_mean,0.015319456094341826,Combined,100,141
speed_1s_stage5_col2_std_over_mean,0.036324604664726486,Combined,100,141
speed_10s_avg_rows,0.010640255163415475,Combined,100,141
speed_10s_avg_stage2_rows,0.007653540281247699,Combined,100,141
speed_10s_avg_stage2_col1_mean,0.008343123757575777,Combined,100,141
speed_10s_avg_stage2_col1_std_over_mean,0.019342949206622252,Combined,100,141
speed_10s_avg_stage2_col2_mean,0.007509825091309624,Combined,100,141
speed_10s_avg_stage2_col2_std_over_mean,0.034368536787491535,Combined,100,141
speed_10s_avg_stage3_rows,0.008108898744701701,Combined,100,141
speed_10s_avg_stage3_col1_mean,0.019322894864151317,Combined,100,141
speed_10s_avg_stage3_col1_std_over_mean,0.019619589156346155,Combined,100,141
speed_10s_avg_stage3_col2_mean,0.01014772650993385,Combined,100,141
speed_10s_avg_stage3_col2_std_over_mean,0.014823172616611273,Combined,100,141
speed_10s_avg_stage4_rows,0.012380594950304037,Combined,100,141
speed_10s_avg_stage4_col1_mean,0.011348100777510875,Combined,100,141
speed_10s_avg_stage4_col1_std_over_mean,0.02226615379029162,Combined,100,141
speed_10s_avg_stage4_col2_mean,0.011411063962670422,Combined,100,141
speed_10s_avg_stage4_col2_std_over_mean,0.018918023118253285,Combined,100,141
speed_10s_avg_stage5_rows,5.62130932637416e-05,Combined,100,141
speed_10s_avg_stage5_col1_mean,0.01672254645265315,Combined,100,141
speed_10s_avg_stage5_col1_std_over_mean,0.019420821785733625,Combined,100,141
speed_10s_avg_stage5_col2_mean,0.016272388064346735,Combined,100,141
speed_10s_avg_stage5_col2_std_over_mean,0.023504700313042297,Combined,100,141
