feature,importance,dataset,run,seed
stage_2_frames,0.024873673177509527,SI206,1,42
stage_3_frames,0.012290930515357311,SI206,1,42
stage_4_frames,0.016733177325114947,SI206,1,42
stage_5_frames,0.01911920363973376,SI206,1,42
roam_mean,0.004552981962957731,SI206,1,42
roam_std_over_mean,0.015019747749202794,SI206,1,42
roam_early_mean,0.009108469126001854,SI206,1,42
roam_mid_mean,0.018149530186973142,SI206,1,42
roam_late_mean,0.03091166905824963,SI206,1,42
roam_slope,0.01634787588282754,SI206,1,42
speed_1s_rows,0.014703369903702803,SI206,1,42
speed_1s_stage2_rows,0.012258704603646371,SI206,1,42
speed_1s_stage2_col1_mean,0.02154585550612004,SI206,1,42
speed_1s_stage2_col1_std_over_mean,0.0250937389127132,SI206,1,42
speed_1s_stage2_col2_mean,0.008835099770255055,SI206,1,42
speed_1s_stage2_col2_std_over_mean,0.01968772290587186,SI206,1,42
speed_1s_stage3_rows,0.013904466274338183,SI206,1,42
speed_1s_stage3_col1_mean,0.01707447152027063,SI206,1,42
speed_1s_stage3_col1_std_over_mean,0.021178866224538056,SI206,1,42
speed_1s_stage3_col2_mean,0.00928527661212763,SI206,1,42
speed_1s_stage3_col2_std_over_mean,0.03583735127052059,SI206,1,42
speed_1s_stage4_rows,0.01164686290458601,SI206,1,42
speed_1s_stage4_col1_mean,0.004917106798415028,SI206,1,42
speed_1s_stage4_col1_std_over_mean,0.021786140461621653,SI206,1,42
speed_1s_stage4_col2_mean,0.008180236722129287,SI206,1,42
speed_1s_stage4_col2_std_over_mean,0.03611878320060735,SI206,1,42
speed_1s_stage5_rows,7.996001999000577e-06,SI206,1,42
speed_1s_stage5_col1_mean,0.0146913904083612,SI206,1,42
speed_1s_stage5_col1_std_over_mean,0.07998830982895633,SI206,1,42
speed_1s_stage5_col2_mean,0.0149519189895651,SI206,1,42
speed_1s_stage5_col2_std_over_mean,0.058977276007888726,SI206,1,42
speed_10s_avg_rows,0.01392187717455738,SI206,1,42
speed_10s_avg_stage2_rows,0.012827791447072735,SI206,1,42
speed_10s_avg_stage2_col1_mean,0.022176510097492313,SI206,1,42
speed_10s_avg_stage2_col1_std_over_mean,0.03293048388238546,SI206,1,42
speed_10s_avg_stage2_col2_mean,0.009317774770755526,SI206,1,42
speed_10s_avg_stage2_col2_std_over_mean,0.017617341504591197,SI206,1,42
speed_10s_avg_stage3_rows,0.015045626495068314,SI206,1,42
speed_10s_avg_stage3_col1_mean,0.017620931663513244,SI206,1,42
speed_10s_avg_stage3_col1_std_over_mean,0.019803349143506135,SI206,1,42
speed_10s_avg_stage3_col2_mean,0.008978449292971157,SI206,1,42
speed_10s_avg_stage3_col2_std_over_mean,0.011210572833576899,SI206,1,42
speed_10s_avg_stage4_rows,0.01276446091261178,SI206,1,42
speed_10s_avg_stage4_col1_mean,0.004238670301083438,SI206,1,42
speed_10s_avg_stage4_col1_std_over_mean,0.07723027666665348,SI206,1,42
speed_10s_avg_stage4_col2_mean,0.013850244509024095,SI206,1,42
speed_10s_avg_stage4_col2_std_over_mean,0.012163877523458207,SI206,1,42
speed_10s_avg_stage5_rows,3.916021229620455e-05,SI206,1,42
speed_10s_avg_stage5_col1_mean,0.009167688643483118,SI206,1,42
speed_10s_avg_stage5_col1_std_over_mean,0.020627546700180195,SI206,1,42
speed_10s_avg_stage5_col2_mean,0.019719559057402657,SI206,1,42
speed_10s_avg_stage5_col2_std_over_mean,0.03096960371615417,SI206,1,42
stage_2_frames,0.02597373704518095,SI206,2,43
stage_3_frames,0.007124351570414822,SI206,2,43
stage_4_frames,0.016698791483955384,SI206,2,43
stage_5_frames,0.01861477987714581,SI206,2,43
roam_mean,0.010448884047817665,SI206,2,43
roam_std_over_mean,0.018948787810960443,SI206,2,43
roam_early_mean,0.004923724966151158,SI206,2,43
roam_mid_mean,0.020360915566203737,SI206,2,43
roam_late_mean,0.019210303029216707,SI206,2,43
roam_slope,0.02177765921089022,SI206,2,43
speed_1s_rows,0.0167784228671679,SI206,2,43
speed_1s_stage2_rows,0.015541418625018363,SI206,2,43
speed_1s_stage2_col1_mean,0.01640435041065255,SI206,2,43
speed_1s_stage2_col1_std_over_mean,0.018210152609049426,SI206,2,43
speed_1s_stage2_col2_mean,0.01002418837220275,SI206,2,43
speed_1s_stage2_col2_std_over_mean,0.01904635905246288,SI206,2,43
speed_1s_stage3_rows,0.01412894212615888,SI206,2,43
speed_1s_stage3_col1_mean,0.016227190310558064,SI206,2,43
speed_1s_stage3_col1_std_over_mean,0.02346212565741169,SI206,2,43
speed_1s_stage3_col2_mean,0.011314321374015942,SI206,2,43
speed_1s_stage3_col2_std_over_mean,0.01842423282061098,SI206,2,43
speed_1s_stage4_rows,0.020558371819262778,SI206,2,43
speed_1s_stage4_col1_mean,0.005835951783904317,SI206,2,43
speed_1s_stage4_col1_std_over_mean,0.015468535738218714,SI206,2,43
speed_1s_stage4_col2_mean,0.013752321279984436,SI206,2,43
speed_1s_stage4_col2_std_over_mean,0.03641966591878847,SI206,2,43
speed_1s_stage5_rows,0.0002543018520951004,SI206,2,43
speed_1s_stage5_col1_mean,0.009230593884435695,SI206,2,43
speed_1s_stage5_col1_std_over_mean,0.08337451572467466,SI206,2,43
speed_1s_stage5_col2_mean,0.013240715307494752,SI206,2,43
speed_1s_stage5_col2_std_over_mean,0.052160573996224625,SI206,2,43
speed_10s_avg_rows,0.015718034807346543,SI206,2,43
speed_10s_avg_stage2_rows,0.010990852236390531,SI206,2,43
speed_10s_avg_stage2_col1_mean,0.033586407546898636,SI206,2,43
speed_10s_avg_stage2_col1_std_over_mean,0.019409899376079853,SI206,2,43
speed_10s_avg_stage2_col2_mean,0.015012549516889961,SI206,2,43
speed_10s_avg_stage2_col2_std_over_mean,0.019253632616355786,SI206,2,43
speed_10s_avg_stage3_rows,0.012618873643616609,SI206,2,43
speed_10s_avg_stage3_col1_mean,0.014298324954351698,SI206,2,43
speed_10s_avg_stage3_col1_std_over_mean,0.020524691899660958,SI206,2,43
speed_10s_avg_stage3_col2_mean,0.01046992077921156,SI206,2,43
speed_10s_avg_stage3_col2_std_over_mean,0.00899950386326185,SI206,2,43
speed_10s_avg_stage4_rows,0.01779233184397266,SI206,2,43
speed_10s_avg_stage4_col1_mean,0.006114919146116648,SI206,2,43
speed_10s_avg_stage4_col1_std_over_mean,0.09995845731694786,SI206,2,43
speed_10s_avg_stage4_col2_mean,0.012634134201605344,SI206,2,43
speed_10s_avg_stage4_col2_std_over_mean,0.016603941495769117,SI206,2,43
speed_10s_avg_stage5_rows,9.691487643353272e-06,SI206,2,43
speed_10s_avg_stage5_col1_mean,0.01476326352396381,SI206,2,43
speed_10s_avg_stage5_col1_std_over_mean,0.016572327255562142,SI206,2,43
speed_10s_avg_stage5_col2_mean,0.014779353912620384,SI206,2,43
speed_10s_avg_stage5_col2_std_over_mean,0.025949702437404822,SI206,2,43
stage_2_frames,0.03388322633071656,SI206,3,44
stage_3_frames,0.008700034598573735,SI206,3,44
stage_4_frames,0.014993919701811317,SI206,3,44
stage_5_frames,0.018678436217533127,SI206,3,44
roam_mean,0.009048413540012776,SI206,3,44
roam_std_over_mean,0.014872626641609835,SI206,3,44
roam_early_mean,0.010497274277977845,SI206,3,44
roam_mid_mean,0.01534357426429796,SI206,3,44
roam_late_mean,0.014584223938335859,SI206,3,44
roam_slope,0.019537692057726236,SI206,3,44
speed_1s_rows,0.016665563995505096,SI206,3,44
speed_1s_stage2_rows,0.006814605325331207,SI206,3,44
speed_1s_stage2_col1_mean,0.017709489354273692,SI206,3,44
speed_1s_stage2_col1_std_over_mean,0.027220086344894093,SI206,3,44
speed_1s_stage2_col2_mean,0.009645956782672844,SI206,3,44
speed_1s_stage2_col2_std_over_mean,0.015220255730723463,SI206,3,44
speed_1s_stage3_rows,0.013628047926793473,SI206,3,44
speed_1s_stage3_col1_mean,0.010708336463370117,SI206,3,44
speed_1s_stage3_col1_std_over_mean,0.018997876789620474,SI206,3,44
speed_1s_stage3_col2_mean,0.007217781001468107,SI206,3,44
speed_1s_stage3_col2_std_over_mean,0.02225170001791964,SI206,3,44
speed_1s_stage4_rows,0.013653795788115316,SI206,3,44
speed_1s_stage4_col1_mean,0.005892993926633417,SI206,3,44
speed_1s_stage4_col1_std_over_mean,0.021283859215979476,SI206,3,44
speed_1s_stage4_col2_mean,0.009702787956173506,SI206,3,44
speed_1s_stage4_col2_std_over_mean,0.04197718204528935,SI206,3,44
speed_1s_stage5_rows,0.0,SI206,3,44
speed_1s_stage5_col1_mean,0.01142969553114899,SI206,3,44
speed_1s_stage5_col1_std_over_mean,0.08386094080789262,SI206,3,44
speed_1s_stage5_col2_mean,0.01770247247127013,SI206,3,44
speed_1s_stage5_col2_std_over_mean,0.0661821986165757,SI206,3,44
speed_10s_avg_rows,0.013996757274316795,SI206,3,44
speed_10s_avg_stage2_rows,0.012592954687281482,SI206,3,44
speed_10s_avg_stage2_col1_mean,0.025736549229210315,SI206,3,44
speed_10s_avg_stage2_col1_std_over_mean,0.03130346935508845,SI206,3,44
speed_10s_avg_stage2_col2_mean,0.009936737846840375,SI206,3,44
speed_10s_avg_stage2_col2_std_over_mean,0.01842186459994644,SI206,3,44
speed_10s_avg_stage3_rows,0.016602270503433235,SI206,3,44
speed_10s_avg_stage3_col1_mean,0.012933639831031251,SI206,3,44
speed_10s_avg_stage3_col1_std_over_mean,0.015318878486070078,SI206,3,44
speed_10s_avg_stage3_col2_mean,0.010585830354175605,SI206,3,44
speed_10s_avg_stage3_col2_std_over_mean,0.014309281113004007,SI206,3,44
speed_10s_avg_stage4_rows,0.02052690507216377,SI206,3,44
speed_10s_avg_stage4_col1_mean,0.008015357829351972,SI206,3,44
speed_10s_avg_stage4_col1_std_over_mean,0.08365814914038701,SI206,3,44
speed_10s_avg_stage4_col2_mean,0.014660433277776927,SI206,3,44
speed_10s_avg_stage4_col2_std_over_mean,0.019305400554844625,SI206,3,44
speed_10s_avg_stage5_rows,3.6257409240566065e-05,SI206,3,44
speed_10s_avg_stage5_col1_mean,0.011426934984526833,SI206,3,44
speed_10s_avg_stage5_col1_std_over_mean,0.01578047097972322,SI206,3,44
speed_10s_avg_stage5_col2_mean,0.016284318197572912,SI206,3,44
speed_10s_avg_stage5_col2_std_over_mean,0.030662491613768102,SI206,3,44
stage_2_frames,0.03021697050091061,SI206,4,45
stage_3_frames,0.010519794974623244,SI206,4,45
stage_4_frames,0.01318500320096283,SI206,4,45
stage_5_frames,0.02136772722656201,SI206,4,45
roam_mean,0.006182032633368088,SI206,4,45
roam_std_over_mean,0.01876469454007593,SI206,4,45
roam_early_mean,0.009224414386642479,SI206,4,45
roam_mid_mean,0.018767870272818368,SI206,4,45
roam_late_mean,0.021971035370222353,SI206,4,45
roam_slope,0.019053298829139358,SI206,4,45
speed_1s_rows,0.014939061917876213,SI206,4,45
speed_1s_stage2_rows,0.008533847895537256,SI206,4,45
speed_1s_stage2_col1_mean,0.01653103739617632,SI206,4,45
speed_1s_stage2_col1_std_over_mean,0.022035130068051266,SI206,4,45
speed_1s_stage2_col2_mean,0.005973694510951967,SI206,4,45
speed_1s_stage2_col2_std_over_mean,0.020332208222314196,SI206,4,45
speed_1s_stage3_rows,0.018504693277837915,SI206,4,45
speed_1s_stage3_col1_mean,0.01990858418738571,SI206,4,45
speed_1s_stage3_col1_std_over_mean,0.0216040047129871,SI206,4,45
speed_1s_stage3_col2_mean,0.009550262026355194,SI206,4,45
speed_1s_stage3_col2_std_over_mean,0.03180861746661923,SI206,4,45
speed_1s_stage4_rows,0.010764928000097446,SI206,4,45
speed_1s_stage4_col1_mean,0.006170083925695709,SI206,4,45
speed_1s_stage4_col1_std_over_mean,0.026251252567540063,SI206,4,45
speed_1s_stage4_col2_mean,0.011685171475285675,SI206,4,45
speed_1s_stage4_col2_std_over_mean,0.036658509637990895,SI206,4,45
speed_1s_stage5_rows,0.00023995915833595552,SI206,4,45
speed_1s_stage5_col1_mean,0.009010753085793521,SI206,4,45
speed_1s_stage5_col1_std_over_mean,0.08847530319266465,SI206,4,45
speed_1s_stage5_col2_mean,0.018198445004232035,SI206,4,45
speed_1s_stage5_col2_std_over_mean,0.057180542868045435,SI206,4,45
speed_10s_avg_rows,0.010907861256859039,SI206,4,45
speed_10s_avg_stage2_rows,0.010564031337786049,SI206,4,45
speed_10s_avg_stage2_col1_mean,0.01831624093033849,SI206,4,45
speed_10s_avg_stage2_col1_std_over_mean,0.03622989191360793,SI206,4,45
speed_10s_avg_stage2_col2_mean,0.012772391883514499,SI206,4,45
speed_10s_avg_stage2_col2_std_over_mean,0.01716071565327422,SI206,4,45
speed_10s_avg_stage3_rows,0.019058814673867133,SI206,4,45
speed_10s_avg_stage3_col1_mean,0.015545429208823073,SI206,4,45
speed_10s_avg_stage3_col1_std_over_mean,0.015362279989281614,SI206,4,45
speed_10s_avg_stage3_col2_mean,0.007455035783245981,SI206,4,45
speed_10s_avg_stage3_col2_std_over_mean,0.014905054815745248,SI206,4,45
speed_10s_avg_stage4_rows,0.013604051977134178,SI206,4,45
speed_10s_avg_stage4_col1_mean,0.006587793826863391,SI206,4,45
speed_10s_avg_stage4_col1_std_over_mean,0.07460125885572028,SI206,4,45
speed_10s_avg_stage4_col2_mean,0.01224215168144462,SI206,4,45
speed_10s_avg_stage4_col2_std_over_mean,0.01596142497613494,SI206,4,45
speed_10s_avg_stage5_rows,0.00015329341317365277,SI206,4,45
speed_10s_avg_stage5_col1_mean,0.015968060466676287,SI206,4,45
speed_10s_avg_stage5_col1_std_over_mean,0.018089263427487488,SI206,4,45
speed_10s_avg_stage5_col2_mean,0.011830758732574536,SI206,4,45
speed_10s_avg_stage5_col2_std_over_mean,0.029075262663348256,SI206,4,45
stage_2_frames,0.03087630295400806,SI206,5,46
stage_3_frames,0.012846709165076539,SI206,5,46
stage_4_frames,0.018586070315789027,SI206,5,46
stage_5_frames,0.015512536613568892,SI206,5,46
roam_mean,0.006557277536825763,SI206,5,46
roam_std_over_mean,0.010263067830758713,SI206,5,46
roam_early_mean,0.008688684228344224,SI206,5,46
roam_mid_mean,0.01888504175210962,SI206,5,46
roam_late_mean,0.02666264018941297,SI206,5,46
roam_slope,0.019932004752564788,SI206,5,46
speed_1s_rows,0.010698305115335281,SI206,5,46
speed_1s_stage2_rows,0.009527532342108937,SI206,5,46
speed_1s_stage2_col1_mean,0.011982799942923124,SI206,5,46
speed_1s_stage2_col1_std_over_mean,0.023476229508230067,SI206,5,46
speed_1s_stage2_col2_mean,0.009433816276772885,SI206,5,46
speed_1s_stage2_col2_std_over_mean,0.013635209883663929,SI206,5,46
speed_1s_stage3_rows,0.013432524386232735,SI206,5,46
speed_1s_stage3_col1_mean,0.013688251374496441,SI206,5,46
speed_1s_stage3_col1_std_over_mean,0.016841385205445897,SI206,5,46
speed_1s_stage3_col2_mean,0.01417918145139061,SI206,5,46
speed_1s_stage3_col2_std_over_mean,0.020327216742879888,SI206,5,46
speed_1s_stage4_rows,0.010983403265130219,SI206,5,46
speed_1s_stage4_col1_mean,0.004872889131788041,SI206,5,46
speed_1s_stage4_col1_std_over_mean,0.020646211602511556,SI206,5,46
speed_1s_stage4_col2_mean,0.00991413982707557,SI206,5,46
speed_1s_stage4_col2_std_over_mean,0.04157254338135379,SI206,5,46
speed_1s_stage5_rows,1.2828915493032037e-05,SI206,5,46
speed_1s_stage5_col1_mean,0.015240958524104202,SI206,5,46
speed_1s_stage5_col1_std_over_mean,0.10378920275812886,SI206,5,46
speed_1s_stage5_col2_mean,0.021703279521387845,SI206,5,46
speed_1s_stage5_col2_std_over_mean,0.05905355667359009,SI206,5,46
speed_10s_avg_rows,0.01620415851011531,SI206,5,46
speed_10s_avg_stage2_rows,0.009013593532096194,SI206,5,46
speed_10s_avg_stage2_col1_mean,0.01978237213461243,SI206,5,46
speed_10s_avg_stage2_col1_std_over_mean,0.02279477291118663,SI206,5,46
speed_10s_avg_stage2_col2_mean,0.009466683025320322,SI206,5,46
speed_10s_avg_stage2_col2_std_over_mean,0.014924503388784984,SI206,5,46
speed_10s_avg_stage3_rows,0.015223532041929385,SI206,5,46
speed_10s_avg_stage3_col1_mean,0.009884396805772397,SI206,5,46
speed_10s_avg_stage3_col1_std_over_mean,0.015304266957167287,SI206,5,46
speed_10s_avg_stage3_col2_mean,0.01230607032764194,SI206,5,46
speed_10s_avg_stage3_col2_std_over_mean,0.011968908266633566,SI206,5,46
speed_10s_avg_stage4_rows,0.018808131009484048,SI206,5,46
speed_10s_avg_stage4_col1_mean,0.007087405362126928,SI206,5,46
speed_10s_avg_stage4_col1_std_over_mean,0.09116540500943378,SI206,5,46
speed_10s_avg_stage4_col2_mean,0.009894625398760652,SI206,5,46
speed_10s_avg_stage4_col2_std_over_mean,0.015540158011664206,SI206,5,46
speed_10s_avg_stage5_rows,1.4070593093381606e-05,SI206,5,46
speed_10s_avg_stage5_col1_mean,0.016939382179169803,SI206,5,46
speed_10s_avg_stage5_col1_std_over_mean,0.016145162041685934,SI206,5,46
speed_10s_avg_stage5_col2_mean,0.017448350563202143,SI206,5,46
speed_10s_avg_stage5_col2_std_over_mean,0.03626225076161704,SI206,5,46
stage_2_frames,0.027845713758179992,SI206,6,47
stage_3_frames,0.013611451374413618,SI206,6,47
stage_4_frames,0.02098415658493496,SI206,6,47
stage_5_frames,0.012089622221905846,SI206,6,47
roam_mean,0.008460279589992145,SI206,6,47
roam_std_over_mean,0.020465033325972163,SI206,6,47
roam_early_mean,0.007103230769499962,SI206,6,47
roam_mid_mean,0.023190295206512775,SI206,6,47
roam_late_mean,0.029657833340611978,SI206,6,47
roam_slope,0.018493795658835674,SI206,6,47
speed_1s_rows,0.016081910065147132,SI206,6,47
speed_1s_stage2_rows,0.009445550005647979,SI206,6,47
speed_1s_stage2_col1_mean,0.016380691580855204,SI206,6,47
speed_1s_stage2_col1_std_over_mean,0.025352879802363216,SI206,6,47
speed_1s_stage2_col2_mean,0.010221106544147124,SI206,6,47
speed_1s_stage2_col2_std_over_mean,0.016271494939412417,SI206,6,47
speed_1s_stage3_rows,0.015239976807147424,SI206,6,47
speed_1s_stage3_col1_mean,0.012107726427573672,SI206,6,47
speed_1s_stage3_col1_std_over_mean,0.018044765968593328,SI206,6,47
speed_1s_stage3_col2_mean,0.013101213760808455,SI206,6,47
speed_1s_stage3_col2_std_over_mean,0.030771852118814468,SI206,6,47
speed_1s_stage4_rows,0.013788084838753859,SI206,6,47
speed_1s_stage4_col1_mean,0.006763804508935371,SI206,6,47
speed_1s_stage4_col1_std_over_mean,0.019183371078494778,SI206,6,47
speed_1s_stage4_col2_mean,0.010705199324701783,SI206,6,47
speed_1s_stage4_col2_std_over_mean,0.033862147977400586,SI206,6,47
speed_1s_stage5_rows,7.6973677751269e-05,SI206,6,47
speed_1s_stage5_col1_mean,0.016123416769522378,SI206,6,47
speed_1s_stage5_col1_std_over_mean,0.08204571061002068,SI206,6,47
speed_1s_stage5_col2_mean,0.021059082915490534,SI206,6,47
speed_1s_stage5_col2_std_over_mean,0.05405799612375991,SI206,6,47
speed_10s_avg_rows,0.01772133062186364,SI206,6,47
speed_10s_avg_stage2_rows,0.013407911401493928,SI206,6,47
speed_10s_avg_stage2_col1_mean,0.016528841546247317,SI206,6,47
speed_10s_avg_stage2_col1_std_over_mean,0.025881331249664366,SI206,6,47
speed_10s_avg_stage2_col2_mean,0.012917456311960054,SI206,6,47
speed_10s_avg_stage2_col2_std_over_mean,0.016408476382631793,SI206,6,47
speed_10s_avg_stage3_rows,0.016214750161161178,SI206,6,47
speed_10s_avg_stage3_col1_mean,0.013805722019256677,SI206,6,47
speed_10s_avg_stage3_col1_std_over_mean,0.022712029325552868,SI206,6,47
speed_10s_avg_stage3_col2_mean,0.012658781817768871,SI206,6,47
speed_10s_avg_stage3_col2_std_over_mean,0.010860759673166322,SI206,6,47
speed_10s_avg_stage4_rows,0.019586789142991872,SI206,6,47
speed_10s_avg_stage4_col1_mean,0.006347999438660139,SI206,6,47
speed_10s_avg_stage4_col1_std_over_mean,0.07920864018584917,SI206,6,47
speed_10s_avg_stage4_col2_mean,0.011508454122144298,SI206,6,47
speed_10s_avg_stage4_col2_std_over_mean,0.012380932482976312,SI206,6,47
speed_10s_avg_stage5_rows,2.651904398846426e-06,SI206,6,47
speed_10s_avg_stage5_col1_mean,0.012723584987199279,SI206,6,47
speed_10s_avg_stage5_col1_std_over_mean,0.01606130413576725,SI206,6,47
speed_10s_avg_stage5_col2_mean,0.016014861219765017,SI206,6,47
speed_10s_avg_stage5_col2_std_over_mean,0.024461024193280043,SI206,6,47
stage_2_frames,0.02336902463192917,SI206,7,48
stage_3_frames,0.014028058252209952,SI206,7,48
stage_4_frames,0.020761710233641876,SI206,7,48
stage_5_frames,0.01535702869366329,SI206,7,48
roam_mean,0.007604221073023319,SI206,7,48
roam_std_over_mean,0.015745093799417274,SI206,7,48
roam_early_mean,0.008774988404664057,SI206,7,48
roam_mid_mean,0.01940795960446265,SI206,7,48
roam_late_mean,0.020520927674666723,SI206,7,48
roam_slope,0.01612077168697776,SI206,7,48
speed_1s_rows,0.01645025085847066,SI206,7,48
speed_1s_stage2_rows,0.01014586517095203,SI206,7,48
speed_1s_stage2_col1_mean,0.02031702846546385,SI206,7,48
speed_1s_stage2_col1_std_over_mean,0.02774827866226272,SI206,7,48
speed_1s_stage2_col2_mean,0.005693552581893265,SI206,7,48
speed_1s_stage2_col2_std_over_mean,0.013877361891678309,SI206,7,48
speed_1s_stage3_rows,0.015565748121227988,SI206,7,48
speed_1s_stage3_col1_mean,0.010526697874311168,SI206,7,48
speed_1s_stage3_col1_std_over_mean,0.018742994270054825,SI206,7,48
speed_1s_stage3_col2_mean,0.015819915728659765,SI206,7,48
speed_1s_stage3_col2_std_over_mean,0.02102653623762696,SI206,7,48
speed_1s_stage4_rows,0.01650819067359664,SI206,7,48
speed_1s_stage4_col1_mean,0.006230349439237459,SI206,7,48
speed_1s_stage4_col1_std_over_mean,0.022738427556874663,SI206,7,48
speed_1s_stage4_col2_mean,0.009766190079018166,SI206,7,48
speed_1s_stage4_col2_std_over_mean,0.044616193405583884,SI206,7,48
speed_1s_stage5_rows,0.0003871081899011248,SI206,7,48
speed_1s_stage5_col1_mean,0.01630514465495722,SI206,7,48
speed_1s_stage5_col1_std_over_mean,0.08544131304073661,SI206,7,48
speed_1s_stage5_col2_mean,0.019799183831499215,SI206,7,48
speed_1s_stage5_col2_std_over_mean,0.06719898850685137,SI206,7,48
speed_10s_avg_rows,0.02238673664019938,SI206,7,48
speed_10s_avg_stage2_rows,0.011234007624053922,SI206,7,48
speed_10s_avg_stage2_col1_mean,0.01950799422592608,SI206,7,48
speed_10s_avg_stage2_col1_std_over_mean,0.01929928080025334,SI206,7,48
speed_10s_avg_stage2_col2_mean,0.006046794255302427,SI206,7,48
speed_10s_avg_stage2_col2_std_over_mean,0.016559437540381125,SI206,7,48
speed_10s_avg_stage3_rows,0.011863452563359455,SI206,7,48
speed_10s_avg_stage3_col1_mean,0.009144375231499486,SI206,7,48
speed_10s_avg_stage3_col1_std_over_mean,0.015515488887386727,SI206,7,48
speed_10s_avg_stage3_col2_mean,0.0132560902375478,SI206,7,48
speed_10s_avg_stage3_col2_std_over_mean,0.010365463128635814,SI206,7,48
speed_10s_avg_stage4_rows,0.020686186566749705,SI206,7,48
speed_10s_avg_stage4_col1_mean,0.006944625051979767,SI206,7,48
speed_10s_avg_stage4_col1_std_over_mean,0.08077994448804963,SI206,7,48
speed_10s_avg_stage4_col2_mean,0.012790152817086514,SI206,7,48
speed_10s_avg_stage4_col2_std_over_mean,0.01465046313058362,SI206,7,48
speed_10s_avg_stage5_rows,0.0,SI206,7,48
speed_10s_avg_stage5_col1_mean,0.010667627557167565,SI206,7,48
speed_10s_avg_stage5_col1_std_over_mean,0.01936974533434235,SI206,7,48
speed_10s_avg_stage5_col2_mean,0.019858386844351584,SI206,7,48
speed_10s_avg_stage5_col2_std_over_mean,0.03247864377962987,SI206,7,48
stage_2_frames,0.028508580050081982,SI206,8,49
stage_3_frames,0.009917665965162836,SI206,8,49
stage_4_frames,0.01478136771065472,SI206,8,49
stage_5_frames,0.012886455499695785,SI206,8,49
roam_mean,0.0071590835181012105,SI206,8,49
roam_std_over_mean,0.01728200470633816,SI206,8,49
roam_early_mean,0.011817294739504599,SI206,8,49
roam_mid_mean,0.024705393573700232,SI206,8,49
roam_late_mean,0.016883172866792844,SI206,8,49
roam_slope,0.016214234915630676,SI206,8,49
speed_1s_rows,0.008439494012959172,SI206,8,49
speed_1s_stage2_rows,0.008126183982936809,SI206,8,49
speed_1s_stage2_col1_mean,0.022471601296647367,SI206,8,49
speed_1s_stage2_col1_std_over_mean,0.023036487509017302,SI206,8,49
speed_1s_stage2_col2_mean,0.008806364671599119,SI206,8,49
speed_1s_stage2_col2_std_over_mean,0.01419372667679054,SI206,8,49
speed_1s_stage3_rows,0.016464844890449994,SI206,8,49
speed_1s_stage3_col1_mean,0.011940756228417334,SI206,8,49
speed_1s_stage3_col1_std_over_mean,0.02562228132832148,SI206,8,49
speed_1s_stage3_col2_mean,0.011488145460466096,SI206,8,49
speed_1s_stage3_col2_std_over_mean,0.03496193037711414,SI206,8,49
speed_1s_stage4_rows,0.014483070030668534,SI206,8,49
speed_1s_stage4_col1_mean,0.006464742520540816,SI206,8,49
speed_1s_stage4_col1_std_over_mean,0.028694822593064988,SI206,8,49
speed_1s_stage4_col2_mean,0.013758908662130054,SI206,8,49
speed_1s_stage4_col2_std_over_mean,0.03325286209561065,SI206,8,49
speed_1s_stage5_rows,0.0,SI206,8,49
speed_1s_stage5_col1_mean,0.008266650509654591,SI206,8,49
speed_1s_stage5_col1_std_over_mean,0.0921978111769249,SI206,8,49
speed_1s_stage5_col2_mean,0.016943861312609887,SI206,8,49
speed_1s_stage5_col2_std_over_mean,0.0581217962900176,SI206,8,49
speed_10s_avg_rows,0.014687390093618748,SI206,8,49
speed_10s_avg_stage2_rows,0.01119156451610871,SI206,8,49
speed_10s_avg_stage2_col1_mean,0.0184847450734023,SI206,8,49
speed_10s_avg_stage2_col1_std_over_mean,0.024912475800925704,SI206,8,49
speed_10s_avg_stage2_col2_mean,0.010132175168536746,SI206,8,49
speed_10s_avg_stage2_col2_std_over_mean,0.013077108258033454,SI206,8,49
speed_10s_avg_stage3_rows,0.023070315514717842,SI206,8,49
speed_10s_avg_stage3_col1_mean,0.008158873641671824,SI206,8,49
speed_10s_avg_stage3_col1_std_over_mean,0.0184957072811441,SI206,8,49
speed_10s_avg_stage3_col2_mean,0.014499686113619943,SI206,8,49
speed_10s_avg_stage3_col2_std_over_mean,0.011759752043009499,SI206,8,49
speed_10s_avg_stage4_rows,0.011403120949883718,SI206,8,49
speed_10s_avg_stage4_col1_mean,0.007377582312721009,SI206,8,49
speed_10s_avg_stage4_col1_std_over_mean,0.09515065523506681,SI206,8,49
speed_10s_avg_stage4_col2_mean,0.013282509764657207,SI206,8,49
speed_10s_avg_stage4_col2_std_over_mean,0.01133423107320341,SI206,8,49
speed_10s_avg_stage5_rows,5.0415296000808024e-06,SI206,8,49
speed_10s_avg_stage5_col1_mean,0.011326635727835396,SI206,8,49
speed_10s_avg_stage5_col1_std_over_mean,0.018657781438539005,SI206,8,49
speed_10s_avg_stage5_col2_mean,0.018622633291632995,SI206,8,49
speed_10s_avg_stage5_col2_std_over_mean,0.02647842000046692,SI206,8,49
stage_2_frames,0.029173982705755823,SI206,9,50
stage_3_frames,0.009097694846247515,SI206,9,50
stage_4_frames,0.016029112316152547,SI206,9,50
stage_5_frames,0.014678452522577892,SI206,9,50
roam_mean,0.00963976950141163,SI206,9,50
roam_std_over_mean,0.014766150541839352,SI206,9,50
roam_early_mean,0.012661857909568426,SI206,9,50
roam_mid_mean,0.016309139548670016,SI206,9,50
roam_late_mean,0.022938273771872644,SI206,9,50
roam_slope,0.014503653190032637,SI206,9,50
speed_1s_rows,0.021870690311515947,SI206,9,50
speed_1s_stage2_rows,0.014457483566811346,SI206,9,50
speed_1s_stage2_col1_mean,0.02281123640810749,SI206,9,50
speed_1s_stage2_col1_std_over_mean,0.022371156671125235,SI206,9,50
speed_1s_stage2_col2_mean,0.008739372476450893,SI206,9,50
speed_1s_stage2_col2_std_over_mean,0.01442827883862135,SI206,9,50
speed_1s_stage3_rows,0.018058690291752978,SI206,9,50
speed_1s_stage3_col1_mean,0.00821985665838741,SI206,9,50
speed_1s_stage3_col1_std_over_mean,0.014917736380924489,SI206,9,50
speed_1s_stage3_col2_mean,0.012730877854653454,SI206,9,50
speed_1s_stage3_col2_std_over_mean,0.024288882166317017,SI206,9,50
speed_1s_stage4_rows,0.018092242809394244,SI206,9,50
speed_1s_stage4_col1_mean,0.00644386131025954,SI206,9,50
speed_1s_stage4_col1_std_over_mean,0.01590230233606713,SI206,9,50
speed_1s_stage4_col2_mean,0.013771276598707348,SI206,9,50
speed_1s_stage4_col2_std_over_mean,0.051289632223113876,SI206,9,50
speed_1s_stage5_rows,0.00011658859394750547,SI206,9,50
speed_1s_stage5_col1_mean,0.011052482981512962,SI206,9,50
speed_1s_stage5_col1_std_over_mean,0.08803749408571657,SI206,9,50
speed_1s_stage5_col2_mean,0.02088023428929426,SI206,9,50
speed_1s_stage5_col2_std_over_mean,0.06021918123393322,SI206,9,50
speed_10s_avg_rows,0.014669372591699953,SI206,9,50
speed_10s_avg_stage2_rows,0.014708395855317824,SI206,9,50
speed_10s_avg_stage2_col1_mean,0.023202112984097457,SI206,9,50
speed_10s_avg_stage2_col1_std_over_mean,0.020239048936033736,SI206,9,50
speed_10s_avg_stage2_col2_mean,0.009993753437491893,SI206,9,50
speed_10s_avg_stage2_col2_std_over_mean,0.012526288007412482,SI206,9,50
speed_10s_avg_stage3_rows,0.00918131299559626,SI206,9,50
speed_10s_avg_stage3_col1_mean,0.009228609840436022,SI206,9,50
speed_10s_avg_stage3_col1_std_over_mean,0.019961858414328876,SI206,9,50
speed_10s_avg_stage3_col2_mean,0.009492092926318838,SI206,9,50
speed_10s_avg_stage3_col2_std_over_mean,0.012244277259453705,SI206,9,50
speed_10s_avg_stage4_rows,0.01828032369888711,SI206,9,50
speed_10s_avg_stage4_col1_mean,0.007019303667973233,SI206,9,50
speed_10s_avg_stage4_col1_std_over_mean,0.08286159256970937,SI206,9,50
speed_10s_avg_stage4_col2_mean,0.010453269712732012,SI206,9,50
speed_10s_avg_stage4_col2_std_over_mean,0.010439088604382007,SI206,9,50
speed_10s_avg_stage5_rows,1.6987465861153048e-05,SI206,9,50
speed_10s_avg_stage5_col1_mean,0.012194958463625815,SI206,9,50
speed_10s_avg_stage5_col1_std_over_mean,0.021121388922825834,SI206,9,50
speed_10s_avg_stage5_col2_mean,0.01580684941381464,SI206,9,50
speed_10s_avg_stage5_col2_std_over_mean,0.037861469291259074,SI206,9,50
stage_2_frames,0.033123728998768365,SI206,10,51
stage_3_frames,0.008971055351854927,SI206,10,51
stage_4_frames,0.020047932925346987,SI206,10,51
stage_5_frames,0.017245238549804944,SI206,10,51
roam_mean,0.005592535544087888,SI206,10,51
roam_std_over_mean,0.019451556910006627,SI206,10,51
roam_early_mean,0.013323051303903839,SI206,10,51
roam_mid_mean,0.014111283342383592,SI206,10,51
roam_late_mean,0.023024044372875564,SI206,10,51
roam_slope,0.016144925368431633,SI206,10,51
speed_1s_rows,0.010671474633777064,SI206,10,51
speed_1s_stage2_rows,0.009220241645204741,SI206,10,51
speed_1s_stage2_col1_mean,0.022503434082503045,SI206,10,51
speed_1s_stage2_col1_std_over_mean,0.02372172153195193,SI206,10,51
speed_1s_stage2_col2_mean,0.006537963057730845,SI206,10,51
speed_1s_stage2_col2_std_over_mean,0.015105138440281277,SI206,10,51
speed_1s_stage3_rows,0.018829012369226548,SI206,10,51
speed_1s_stage3_col1_mean,0.01666743930556372,SI206,10,51
speed_1s_stage3_col1_std_over_mean,0.019758554438848094,SI206,10,51
speed_1s_stage3_col2_mean,0.013452626567314175,SI206,10,51
speed_1s_stage3_col2_std_over_mean,0.03196354198514938,SI206,10,51
speed_1s_stage4_rows,0.018437255828379958,SI206,10,51
speed_1s_stage4_col1_mean,0.005380679574946657,SI206,10,51
speed_1s_stage4_col1_std_over_mean,0.030826351521834033,SI206,10,51
speed_1s_stage4_col2_mean,0.010401325174682887,SI206,10,51
speed_1s_stage4_col2_std_over_mean,0.04342399981816438,SI206,10,51
speed_1s_stage5_rows,5.614823133071303e-06,SI206,10,51
speed_1s_stage5_col1_mean,0.011341855703150822,SI206,10,51
speed_1s_stage5_col1_std_over_mean,0.08808637050103234,SI206,10,51
speed_1s_stage5_col2_mean,0.017145747146860364,SI206,10,51
speed_1s_stage5_col2_std_over_mean,0.06744661522390061,SI206,10,51
speed_10s_avg_rows,0.014166346373214367,SI206,10,51
speed_10s_avg_stage2_rows,0.010572888196246726,SI206,10,51
speed_10s_avg_stage2_col1_mean,0.01858461439824019,SI206,10,51
speed_10s_avg_stage2_col1_std_over_mean,0.019838754623301404,SI206,10,51
speed_10s_avg_stage2_col2_mean,0.00787749760713984,SI206,10,51
speed_10s_avg_stage2_col2_std_over_mean,0.01508180812038126,SI206,10,51
speed_10s_avg_stage3_rows,0.017005250372856787,SI206,10,51
speed_10s_avg_stage3_col1_mean,0.01791609263029231,SI206,10,51
speed_10s_avg_stage3_col1_std_over_mean,0.00881851795350532,SI206,10,51
speed_10s_avg_stage3_col2_mean,0.010981506254428222,SI206,10,51
speed_10s_avg_stage3_col2_std_over_mean,0.008158563472363664,SI206,10,51
speed_10s_avg_stage4_rows,0.015420392764267314,SI206,10,51
speed_10s_avg_stage4_col1_mean,0.004537264275665447,SI206,10,51
speed_10s_avg_stage4_col1_std_over_mean,0.06901798404151727,SI206,10,51
speed_10s_avg_stage4_col2_mean,0.011350822785080822,SI206,10,51
speed_10s_avg_stage4_col2_std_over_mean,0.01311027592930182,SI206,10,51
speed_10s_avg_stage5_rows,0.0,SI206,10,51
speed_10s_avg_stage5_col1_mean,0.014703118331869904,SI206,10,51
speed_10s_avg_stage5_col1_std_over_mean,0.01985170188484527,SI206,10,51
speed_10s_avg_stage5_col2_mean,0.012963020297168905,SI206,10,51
speed_10s_avg_stage5_col2_std_over_mean,0.038081263647212746,SI206,10,51
stage_2_frames,0.024000126829416456,SI206,11,52
stage_3_frames,0.007056934998061862,SI206,11,52
stage_4_frames,0.02064971401134453,SI206,11,52
stage_5_frames,0.017025190769712532,SI206,11,52
roam_mean,0.011833563447047779,SI206,11,52
roam_std_over_mean,0.01781165573119162,SI206,11,52
roam_early_mean,0.009398742606029164,SI206,11,52
roam_mid_mean,0.021936118104790264,SI206,11,52
roam_late_mean,0.023390944277458414,SI206,11,52
roam_slope,0.016986735586045458,SI206,11,52
speed_1s_rows,0.011660598593465661,SI206,11,52
speed_1s_stage2_rows,0.011104742061845722,SI206,11,52
speed_1s_stage2_col1_mean,0.018491962027389806,SI206,11,52
speed_1s_stage2_col1_std_over_mean,0.02160892190282265,SI206,11,52
speed_1s_stage2_col2_mean,0.010027151373077605,SI206,11,52
speed_1s_stage2_col2_std_over_mean,0.018553497439828755,SI206,11,52
speed_1s_stage3_rows,0.016090047144737538,SI206,11,52
speed_1s_stage3_col1_mean,0.010381871849340049,SI206,11,52
speed_1s_stage3_col1_std_over_mean,0.021186036266066036,SI206,11,52
speed_1s_stage3_col2_mean,0.013712436956349678,SI206,11,52
speed_1s_stage3_col2_std_over_mean,0.019628058425418028,SI206,11,52
speed_1s_stage4_rows,0.02513920333047494,SI206,11,52
speed_1s_stage4_col1_mean,0.0051515961183472335,SI206,11,52
speed_1s_stage4_col1_std_over_mean,0.022627769753803723,SI206,11,52
speed_1s_stage4_col2_mean,0.010267266863639928,SI206,11,52
speed_1s_stage4_col2_std_over_mean,0.04390025140641663,SI206,11,52
speed_1s_stage5_rows,0.0,SI206,11,52
speed_1s_stage5_col1_mean,0.01393980096121763,SI206,11,52
speed_1s_stage5_col1_std_over_mean,0.09329578038141133,SI206,11,52
speed_1s_stage5_col2_mean,0.01481983691158907,SI206,11,52
speed_1s_stage5_col2_std_over_mean,0.0667861440040942,SI206,11,52
speed_10s_avg_rows,0.01933544623974416,SI206,11,52
speed_10s_avg_stage2_rows,0.01217376087827363,SI206,11,52
speed_10s_avg_stage2_col1_mean,0.02212367260705584,SI206,11,52
speed_10s_avg_stage2_col1_std_over_mean,0.021933778497842355,SI206,11,52
speed_10s_avg_stage2_col2_mean,0.00769238451280316,SI206,11,52
speed_10s_avg_stage2_col2_std_over_mean,0.015121821032479738,SI206,11,52
speed_10s_avg_stage3_rows,0.013410438103498729,SI206,11,52
speed_10s_avg_stage3_col1_mean,0.01343831366198239,SI206,11,52
speed_10s_avg_stage3_col1_std_over_mean,0.017897878370791348,SI206,11,52
speed_10s_avg_stage3_col2_mean,0.007092189432504381,SI206,11,52
speed_10s_avg_stage3_col2_std_over_mean,0.011939402614941606,SI206,11,52
speed_10s_avg_stage4_rows,0.01911959358902992,SI206,11,52
speed_10s_avg_stage4_col1_mean,0.006693318785620792,SI206,11,52
speed_10s_avg_stage4_col1_std_over_mean,0.07629693860570991,SI206,11,52
speed_10s_avg_stage4_col2_mean,0.014198649197392096,SI206,11,52
speed_10s_avg_stage4_col2_std_over_mean,0.010185659474961735,SI206,11,52
speed_10s_avg_stage5_rows,0.0,SI206,11,52
speed_10s_avg_stage5_col1_mean,0.014494866601292981,SI206,11,52
speed_10s_avg_stage5_col1_std_over_mean,0.014374462825719843,SI206,11,52
speed_10s_avg_stage5_col2_mean,0.012304654509633377,SI206,11,52
speed_10s_avg_stage5_col2_std_over_mean,0.03171007032628771,SI206,11,52
stage_2_frames,0.030211226837126202,SI206,12,53
stage_3_frames,0.008743618948967719,SI206,12,53
stage_4_frames,0.010998415598326943,SI206,12,53
stage_5_frames,0.014922691092755217,SI206,12,53
roam_mean,0.009311017102661131,SI206,12,53
roam_std_over_mean,0.01747983197945944,SI206,12,53
roam_early_mean,0.007078802628290326,SI206,12,53
roam_mid_mean,0.02571290713053193,SI206,12,53
roam_late_mean,0.025378552241667976,SI206,12,53
roam_slope,0.015001066485950712,SI206,12,53
speed_1s_rows,0.015367394195418278,SI206,12,53
speed_1s_stage2_rows,0.010923222553660735,SI206,12,53
speed_1s_stage2_col1_mean,0.021635712989345014,SI206,12,53
speed_1s_stage2_col1_std_over_mean,0.02236930791423953,SI206,12,53
speed_1s_stage2_col2_mean,0.00844222393939499,SI206,12,53
speed_1s_stage2_col2_std_over_mean,0.013765398376502308,SI206,12,53
speed_1s_stage3_rows,0.016811638200540654,SI206,12,53
speed_1s_stage3_col1_mean,0.011544847495514305,SI206,12,53
speed_1s_stage3_col1_std_over_mean,0.024980799750247796,SI206,12,53
speed_1s_stage3_col2_mean,0.010000434931806069,SI206,12,53
speed_1s_stage3_col2_std_over_mean,0.02721925554183392,SI206,12,53
speed_1s_stage4_rows,0.015253127124870093,SI206,12,53
speed_1s_stage4_col1_mean,0.008384734219347195,SI206,12,53
speed_1s_stage4_col1_std_over_mean,0.016722074535295568,SI206,12,53
speed_1s_stage4_col2_mean,0.012532637651702191,SI206,12,53
speed_1s_stage4_col2_std_over_mean,0.042711595914395224,SI206,12,53
speed_1s_stage5_rows,1.0989639974815518e-05,SI206,12,53
speed_1s_stage5_col1_mean,0.012483033706431433,SI206,12,53
speed_1s_stage5_col1_std_over_mean,0.08823245517289574,SI206,12,53
speed_1s_stage5_col2_mean,0.014791734789990496,SI206,12,53
speed_1s_stage5_col2_std_over_mean,0.06497163107041072,SI206,12,53
speed_10s_avg_rows,0.012051258250482444,SI206,12,53
speed_10s_avg_stage2_rows,0.012561255633713683,SI206,12,53
speed_10s_avg_stage2_col1_mean,0.023196926892409462,SI206,12,53
speed_10s_avg_stage2_col1_std_over_mean,0.02316090787811262,SI206,12,53
speed_10s_avg_stage2_col2_mean,0.005980111191064088,SI206,12,53
speed_10s_avg_stage2_col2_std_over_mean,0.01995069940135699,SI206,12,53
speed_10s_avg_stage3_rows,0.016297255358545176,SI206,12,53
speed_10s_avg_stage3_col1_mean,0.012331240770318807,SI206,12,53
speed_10s_avg_stage3_col1_std_over_mean,0.017260552618084686,SI206,12,53
speed_10s_avg_stage3_col2_mean,0.011116870556103244,SI206,12,53
speed_10s_avg_stage3_col2_std_over_mean,0.007984548144573238,SI206,12,53
speed_10s_avg_stage4_rows,0.01850223622145765,SI206,12,53
speed_10s_avg_stage4_col1_mean,0.008556152515419154,SI206,12,53
speed_10s_avg_stage4_col1_std_over_mean,0.081612094643393,SI206,12,53
speed_10s_avg_stage4_col2_mean,0.01144827994736608,SI206,12,53
speed_10s_avg_stage4_col2_std_over_mean,0.01552709735295952,SI206,12,53
speed_10s_avg_stage5_rows,8.11925150650174e-05,SI206,12,53
speed_10s_avg_stage5_col1_mean,0.009808857481180275,SI206,12,53
speed_10s_avg_stage5_col1_std_over_mean,0.018015660163476326,SI206,12,53
speed_10s_avg_stage5_col2_mean,0.02388860290989782,SI206,12,53
speed_10s_avg_stage5_col2_std_over_mean,0.026675819795466092,SI206,12,53
stage_2_frames,0.027860674622695522,SI206,13,54
stage_3_frames,0.01348897016166677,SI206,13,54
stage_4_frames,0.023482047615861958,SI206,13,54
stage_5_frames,0.017651856545498636,SI206,13,54
roam_mean,0.008157576545158515,SI206,13,54
roam_std_over_mean,0.012063159384862488,SI206,13,54
roam_early_mean,0.009617460069238339,SI206,13,54
roam_mid_mean,0.01814671203644171,SI206,13,54
roam_late_mean,0.03466579927437231,SI206,13,54
roam_slope,0.014494579760550236,SI206,13,54
speed_1s_rows,0.0145241198253323,SI206,13,54
speed_1s_stage2_rows,0.012181417204624229,SI206,13,54
speed_1s_stage2_col1_mean,0.01689230683531791,SI206,13,54
speed_1s_stage2_col1_std_over_mean,0.024221704311402754,SI206,13,54
speed_1s_stage2_col2_mean,0.006995483767050644,SI206,13,54
speed_1s_stage2_col2_std_over_mean,0.01661979275776854,SI206,13,54
speed_1s_stage3_rows,0.01865045958355853,SI206,13,54
speed_1s_stage3_col1_mean,0.0189677216980226,SI206,13,54
speed_1s_stage3_col1_std_over_mean,0.013261037740382548,SI206,13,54
speed_1s_stage3_col2_mean,0.009000727095747245,SI206,13,54
speed_1s_stage3_col2_std_over_mean,0.02003582738887348,SI206,13,54
speed_1s_stage4_rows,0.018984753663172954,SI206,13,54
speed_1s_stage4_col1_mean,0.0051019074496414145,SI206,13,54
speed_1s_stage4_col1_std_over_mean,0.025840799239796642,SI206,13,54
speed_1s_stage4_col2_mean,0.012408483763538689,SI206,13,54
speed_1s_stage4_col2_std_over_mean,0.034174305591680484,SI206,13,54
speed_1s_stage5_rows,9.983603459259155e-06,SI206,13,54
speed_1s_stage5_col1_mean,0.016425406986696353,SI206,13,54
speed_1s_stage5_col1_std_over_mean,0.09128313391525102,SI206,13,54
speed_1s_stage5_col2_mean,0.019314273231366027,SI206,13,54
speed_1s_stage5_col2_std_over_mean,0.05351324001406482,SI206,13,54
speed_10s_avg_rows,0.016870706862537093,SI206,13,54
speed_10s_avg_stage2_rows,0.009083279025420634,SI206,13,54
speed_10s_avg_stage2_col1_mean,0.02074596730988094,SI206,13,54
speed_10s_avg_stage2_col1_std_over_mean,0.027718715572519724,SI206,13,54
speed_10s_avg_stage2_col2_mean,0.007899712582248508,SI206,13,54
speed_10s_avg_stage2_col2_std_over_mean,0.01815789540618785,SI206,13,54
speed_10s_avg_stage3_rows,0.015766256915579254,SI206,13,54
speed_10s_avg_stage3_col1_mean,0.012171303271845775,SI206,13,54
speed_10s_avg_stage3_col1_std_over_mean,0.019036107442259545,SI206,13,54
speed_10s_avg_stage3_col2_mean,0.00890210057137467,SI206,13,54
speed_10s_avg_stage3_col2_std_over_mean,0.009472856428482428,SI206,13,54
speed_10s_avg_stage4_rows,0.01576627260042098,SI206,13,54
speed_10s_avg_stage4_col1_mean,0.005801143567073902,SI206,13,54
speed_10s_avg_stage4_col1_std_over_mean,0.08660588145528356,SI206,13,54
speed_10s_avg_stage4_col2_mean,0.00807140308728903,SI206,13,54
speed_10s_avg_stage4_col2_std_over_mean,0.013057841205086396,SI206,13,54
speed_10s_avg_stage5_rows,3.5614120998976117e-06,SI206,13,54
speed_10s_avg_stage5_col1_mean,0.014107805313773184,SI206,13,54
speed_10s_avg_stage5_col1_std_over_mean,0.020347932432827176,SI206,13,54
speed_10s_avg_stage5_col2_mean,0.015455591284289296,SI206,13,54
speed_10s_avg_stage5_col2_std_over_mean,0.026921944570425266,SI206,13,54
stage_2_frames,0.03547510407113716,SI206,14,55
stage_3_frames,0.010290635948116656,SI206,14,55
stage_4_frames,0.01306342482557851,SI206,14,55
stage_5_frames,0.015907490086974826,SI206,14,55
roam_mean,0.00678583022698938,SI206,14,55
roam_std_over_mean,0.0174081522629356,SI206,14,55
roam_early_mean,0.007793990110815576,SI206,14,55
roam_mid_mean,0.020968312727764483,SI206,14,55
roam_late_mean,0.02298232157256878,SI206,14,55
roam_slope,0.019490445713383875,SI206,14,55
speed_1s_rows,0.014356143592270387,SI206,14,55
speed_1s_stage2_rows,0.012110638230815094,SI206,14,55
speed_1s_stage2_col1_mean,0.015449592140126261,SI206,14,55
speed_1s_stage2_col1_std_over_mean,0.02360487996953682,SI206,14,55
speed_1s_stage2_col2_mean,0.008070682747678613,SI206,14,55
speed_1s_stage2_col2_std_over_mean,0.015545003352394312,SI206,14,55
speed_1s_stage3_rows,0.01390353109256013,SI206,14,55
speed_1s_stage3_col1_mean,0.015979253029555336,SI206,14,55
speed_1s_stage3_col1_std_over_mean,0.013621462299649995,SI206,14,55
speed_1s_stage3_col2_mean,0.012341618679522902,SI206,14,55
speed_1s_stage3_col2_std_over_mean,0.022929332063934865,SI206,14,55
speed_1s_stage4_rows,0.013139838967633795,SI206,14,55
speed_1s_stage4_col1_mean,0.0060565944258640725,SI206,14,55
speed_1s_stage4_col1_std_over_mean,0.020270510823796113,SI206,14,55
speed_1s_stage4_col2_mean,0.009293501825049382,SI206,14,55
speed_1s_stage4_col2_std_over_mean,0.04493404944226806,SI206,14,55
speed_1s_stage5_rows,9.666338701603377e-06,SI206,14,55
speed_1s_stage5_col1_mean,0.014250946408036442,SI206,14,55
speed_1s_stage5_col1_std_over_mean,0.09229069295266537,SI206,14,55
speed_1s_stage5_col2_mean,0.019687755433329773,SI206,14,55
speed_1s_stage5_col2_std_over_mean,0.06423909873275117,SI206,14,55
speed_10s_avg_rows,0.010556878906125056,SI206,14,55
speed_10s_avg_stage2_rows,0.008885418003492181,SI206,14,55
speed_10s_avg_stage2_col1_mean,0.018992146593759012,SI206,14,55
speed_10s_avg_stage2_col1_std_over_mean,0.03273985441757345,SI206,14,55
speed_10s_avg_stage2_col2_mean,0.0069020164437943385,SI206,14,55
speed_10s_avg_stage2_col2_std_over_mean,0.01663324977484096,SI206,14,55
speed_10s_avg_stage3_rows,0.01703691915693166,SI206,14,55
speed_10s_avg_stage3_col1_mean,0.018847466350570042,SI206,14,55
speed_10s_avg_stage3_col1_std_over_mean,0.019358109474984012,SI206,14,55
speed_10s_avg_stage3_col2_mean,0.012034520331835356,SI206,14,55
speed_10s_avg_stage3_col2_std_over_mean,0.013547820421203829,SI206,14,55
speed_10s_avg_stage4_rows,0.014159089225306287,SI206,14,55
speed_10s_avg_stage4_col1_mean,0.004634156376402645,SI206,14,55
speed_10s_avg_stage4_col1_std_over_mean,0.07975370807189433,SI206,14,55
speed_10s_avg_stage4_col2_mean,0.014906204135777618,SI206,14,55
speed_10s_avg_stage4_col2_std_over_mean,0.013976543421864654,SI206,14,55
speed_10s_avg_stage5_rows,0.0,SI206,14,55
speed_10s_avg_stage5_col1_mean,0.009626924915150417,SI206,14,55
speed_10s_avg_stage5_col1_std_over_mean,0.02308507739732829,SI206,14,55
speed_10s_avg_stage5_col2_mean,0.01033285808759511,SI206,14,55
speed_10s_avg_stage5_col2_std_over_mean,0.031740538399165415,SI206,14,55
stage_2_frames,0.027653841196418377,SI206,15,56
stage_3_frames,0.009322835015082902,SI206,15,56
stage_4_frames,0.015265072277057232,SI206,15,56
stage_5_frames,0.021721848422742874,SI206,15,56
roam_mean,0.01103434160389945,SI206,15,56
roam_std_over_mean,0.01691985909211954,SI206,15,56
roam_early_mean,0.007423669020357881,SI206,15,56
roam_mid_mean,0.022187798920940863,SI206,15,56
roam_late_mean,0.025807744673373663,SI206,15,56
roam_slope,0.01819939973277715,SI206,15,56
speed_1s_rows,0.019749200553433495,SI206,15,56
speed_1s_stage2_rows,0.01003647600554829,SI206,15,56
speed_1s_stage2_col1_mean,0.0203772787238229,SI206,15,56
speed_1s_stage2_col1_std_over_mean,0.02468682918917399,SI206,15,56
speed_1s_stage2_col2_mean,0.00802548650568543,SI206,15,56
speed_1s_stage2_col2_std_over_mean,0.014838414750789364,SI206,15,56
speed_1s_stage3_rows,0.018321817724595534,SI206,15,56
speed_1s_stage3_col1_mean,0.013031480782113095,SI206,15,56
speed_1s_stage3_col1_std_over_mean,0.01715390720521334,SI206,15,56
speed_1s_stage3_col2_mean,0.012666790216655467,SI206,15,56
speed_1s_stage3_col2_std_over_mean,0.024575168823478027,SI206,15,56
speed_1s_stage4_rows,0.01851347471838187,SI206,15,56
speed_1s_stage4_col1_mean,0.0068966338081496055,SI206,15,56
speed_1s_stage4_col1_std_over_mean,0.028306443917722964,SI206,15,56
speed_1s_stage4_col2_mean,0.012557357337746882,SI206,15,56
speed_1s_stage4_col2_std_over_mean,0.036846710079168586,SI206,15,56
speed_1s_stage5_rows,0.0,SI206,15,56
speed_1s_stage5_col1_mean,0.014367803340410195,SI206,15,56
speed_1s_stage5_col1_std_over_mean,0.08511453593872284,SI206,15,56
speed_1s_stage5_col2_mean,0.018206138429239262,SI206,15,56
speed_1s_stage5_col2_std_over_mean,0.05307837388169615,SI206,15,56
speed_10s_avg_rows,0.01844426378330422,SI206,15,56
speed_10s_avg_stage2_rows,0.01032989594819595,SI206,15,56
speed_10s_avg_stage2_col1_mean,0.028159432655971872,SI206,15,56
speed_10s_avg_stage2_col1_std_over_mean,0.02603837843658099,SI206,15,56
speed_10s_avg_stage2_col2_mean,0.008390127795370687,SI206,15,56
speed_10s_avg_stage2_col2_std_over_mean,0.02154896439343129,SI206,15,56
speed_10s_avg_stage3_rows,0.008079854742966708,SI206,15,56
speed_10s_avg_stage3_col1_mean,0.012047658918344629,SI206,15,56
speed_10s_avg_stage3_col1_std_over_mean,0.015028154011999573,SI206,15,56
speed_10s_avg_stage3_col2_mean,0.009609003448942317,SI206,15,56
speed_10s_avg_stage3_col2_std_over_mean,0.01129718689009907,SI206,15,56
speed_10s_avg_stage4_rows,0.015118712691767662,SI206,15,56
speed_10s_avg_stage4_col1_mean,0.009231102586214538,SI206,15,56
speed_10s_avg_stage4_col1_std_over_mean,0.07733748758520688,SI206,15,56
speed_10s_avg_stage4_col2_mean,0.008842010997876668,SI206,15,56
speed_10s_avg_stage4_col2_std_over_mean,0.013313510765728523,SI206,15,56
speed_10s_avg_stage5_rows,0.0,SI206,15,56
speed_10s_avg_stage5_col1_mean,0.012338676150651462,SI206,15,56
speed_10s_avg_stage5_col1_std_over_mean,0.0154905147791571,SI206,15,56
speed_10s_avg_stage5_col2_mean,0.017928086380697594,SI206,15,56
speed_10s_avg_stage5_col2_std_over_mean,0.028540245150975103,SI206,15,56
stage_2_frames,0.029574605177132004,SI206,16,57
stage_3_frames,0.014917281150985635,SI206,16,57
stage_4_frames,0.013947862037155614,SI206,16,57
stage_5_frames,0.012027444936976927,SI206,16,57
roam_mean,0.008772040149527614,SI206,16,57
roam_std_over_mean,0.019024088249989652,SI206,16,57
roam_early_mean,0.006777270513870882,SI206,16,57
roam_mid_mean,0.02162950469897821,SI206,16,57
roam_late_mean,0.025323083914653842,SI206,16,57
roam_slope,0.01948002485436727,SI206,16,57
speed_1s_rows,0.016302548011800578,SI206,16,57
speed_1s_stage2_rows,0.011831947268443343,SI206,16,57
speed_1s_stage2_col1_mean,0.017371097304540662,SI206,16,57
speed_1s_stage2_col1_std_over_mean,0.020603419963462825,SI206,16,57
speed_1s_stage2_col2_mean,0.006149817963083757,SI206,16,57
speed_1s_stage2_col2_std_over_mean,0.012679870166309863,SI206,16,57
speed_1s_stage3_rows,0.017180238079971585,SI206,16,57
speed_1s_stage3_col1_mean,0.01502718833636678,SI206,16,57
speed_1s_stage3_col1_std_over_mean,0.0159855147498952,SI206,16,57
speed_1s_stage3_col2_mean,0.012526446004072135,SI206,16,57
speed_1s_stage3_col2_std_over_mean,0.019296149733226187,SI206,16,57
speed_1s_stage4_rows,0.015050153075583324,SI206,16,57
speed_1s_stage4_col1_mean,0.006434962669952256,SI206,16,57
speed_1s_stage4_col1_std_over_mean,0.02376756253589243,SI206,16,57
speed_1s_stage4_col2_mean,0.01404996343206951,SI206,16,57
speed_1s_stage4_col2_std_over_mean,0.028190217049240632,SI206,16,57
speed_1s_stage5_rows,1.1983370017118706e-05,SI206,16,57
speed_1s_stage5_col1_mean,0.014904032142960792,SI206,16,57
speed_1s_stage5_col1_std_over_mean,0.08896139770115152,SI206,16,57
speed_1s_stage5_col2_mean,0.01380280144879127,SI206,16,57
speed_1s_stage5_col2_std_over_mean,0.06381696675637175,SI206,16,57
speed_10s_avg_rows,0.009243100168828528,SI206,16,57
speed_10s_avg_stage2_rows,0.007262672322237833,SI206,16,57
speed_10s_avg_stage2_col1_mean,0.02273672074253001,SI206,16,57
speed_10s_avg_stage2_col1_std_over_mean,0.0348163673733635,SI206,16,57
speed_10s_avg_stage2_col2_mean,0.009736734933007645,SI206,16,57
speed_10s_avg_stage2_col2_std_over_mean,0.012175576274607407,SI206,16,57
speed_10s_avg_stage3_rows,0.013904350533561208,SI206,16,57
speed_10s_avg_stage3_col1_mean,0.0176851138588849,SI206,16,57
speed_10s_avg_stage3_col1_std_over_mean,0.011789022080136886,SI206,16,57
speed_10s_avg_stage3_col2_mean,0.01279268719343133,SI206,16,57
speed_10s_avg_stage3_col2_std_over_mean,0.013179510647530113,SI206,16,57
speed_10s_avg_stage4_rows,0.02060838134643564,SI206,16,57
speed_10s_avg_stage4_col1_mean,0.006037724731381436,SI206,16,57
speed_10s_avg_stage4_col1_std_over_mean,0.09973649888733015,SI206,16,57
speed_10s_avg_stage4_col2_mean,0.018630537759193058,SI206,16,57
speed_10s_avg_stage4_col2_std_over_mean,0.012545191949396737,SI206,16,57
speed_10s_avg_stage5_rows,1.0960968675606906e-05,SI206,16,57
speed_10s_avg_stage5_col1_mean,0.010789391764280332,SI206,16,57
speed_10s_avg_stage5_col1_std_over_mean,0.016597181442955914,SI206,16,57
speed_10s_avg_stage5_col2_mean,0.010540907250676305,SI206,16,57
speed_10s_avg_stage5_col2_std_over_mean,0.03376388432471432,SI206,16,57
stage_2_frames,0.02978365541155955,SI206,17,58
stage_3_frames,0.013072395346811774,SI206,17,58
stage_4_frames,0.010660150736339124,SI206,17,58
stage_5_frames,0.01856686746259067,SI206,17,58
roam_mean,0.008402493303040753,SI206,17,58
roam_std_over_mean,0.0158702584510391,SI206,17,58
roam_early_mean,0.007943041035664483,SI206,17,58
roam_mid_mean,0.017946067042122465,SI206,17,58
roam_late_mean,0.026706079116237576,SI206,17,58
roam_slope,0.015401099008097689,SI206,17,58
speed_1s_rows,0.01063512574442078,SI206,17,58
speed_1s_stage2_rows,0.009133516678411844,SI206,17,58
speed_1s_stage2_col1_mean,0.01839590344537306,SI206,17,58
speed_1s_stage2_col1_std_over_mean,0.021322458662784156,SI206,17,58
speed_1s_stage2_col2_mean,0.005946387017382767,SI206,17,58
speed_1s_stage2_col2_std_over_mean,0.015097790464379651,SI206,17,58
speed_1s_stage3_rows,0.012132913751588984,SI206,17,58
speed_1s_stage3_col1_mean,0.013622578679176094,SI206,17,58
speed_1s_stage3_col1_std_over_mean,0.02353462117395136,SI206,17,58
speed_1s_stage3_col2_mean,0.0118479506578586,SI206,17,58
speed_1s_stage3_col2_std_over_mean,0.019900566344503812,SI206,17,58
speed_1s_stage4_rows,0.020033778899330532,SI206,17,58
speed_1s_stage4_col1_mean,0.00992791368445327,SI206,17,58
speed_1s_stage4_col1_std_over_mean,0.021817119551915815,SI206,17,58
speed_1s_stage4_col2_mean,0.01314416299660886,SI206,17,58
speed_1s_stage4_col2_std_over_mean,0.03681490743841935,SI206,17,58
speed_1s_stage5_rows,0.00022596244953528887,SI206,17,58
speed_1s_stage5_col1_mean,0.01473176218330975,SI206,17,58
speed_1s_stage5_col1_std_over_mean,0.09574233255216204,SI206,17,58
speed_1s_stage5_col2_mean,0.015788452384881215,SI206,17,58
speed_1s_stage5_col2_std_over_mean,0.06777398369219025,SI206,17,58
speed_10s_avg_rows,0.013685986937452077,SI206,17,58
speed_10s_avg_stage2_rows,0.013440168913116954,SI206,17,58
speed_10s_avg_stage2_col1_mean,0.026185577481467895,SI206,17,58
speed_10s_avg_stage2_col1_std_over_mean,0.019295442890241574,SI206,17,58
speed_10s_avg_stage2_col2_mean,0.01229078702532958,SI206,17,58
speed_10s_avg_stage2_col2_std_over_mean,0.015947168242740336,SI206,17,58
speed_10s_avg_stage3_rows,0.015502614331899433,SI206,17,58
speed_10s_avg_stage3_col1_mean,0.01143586186354351,SI206,17,58
speed_10s_avg_stage3_col1_std_over_mean,0.012812815342898477,SI206,17,58
speed_10s_avg_stage3_col2_mean,0.011291054209139251,SI206,17,58
speed_10s_avg_stage3_col2_std_over_mean,0.009336462081320218,SI206,17,58
speed_10s_avg_stage4_rows,0.018087002839169784,SI206,17,58
speed_10s_avg_stage4_col1_mean,0.008310943856662539,SI206,17,58
speed_10s_avg_stage4_col1_std_over_mean,0.08107350382891602,SI206,17,58
speed_10s_avg_stage4_col2_mean,0.014715864681261185,SI206,17,58
speed_10s_avg_stage4_col2_std_over_mean,0.011702574131004602,SI206,17,58
speed_10s_avg_stage5_rows,0.0,SI206,17,58
speed_10s_avg_stage5_col1_mean,0.014557493012509696,SI206,17,58
speed_10s_avg_stage5_col1_std_over_mean,0.021634314526093844,SI206,17,58
speed_10s_avg_stage5_col2_mean,0.016159872613621905,SI206,17,58
speed_10s_avg_stage5_col2_std_over_mean,0.030612195825470364,SI206,17,58
stage_2_frames,0.03129571926042498,SI206,18,59
stage_3_frames,0.008251299434203814,SI206,18,59
stage_4_frames,0.0192617767309705,SI206,18,59
stage_5_frames,0.01319277165202818,SI206,18,59
roam_mean,0.007798816294113348,SI206,18,59
roam_std_over_mean,0.01755031299535639,SI206,18,59
roam_early_mean,0.00763180763435797,SI206,18,59
roam_mid_mean,0.018862138330913013,SI206,18,59
roam_late_mean,0.01910982404816604,SI206,18,59
roam_slope,0.01749479276691167,SI206,18,59
speed_1s_rows,0.012907860116812537,SI206,18,59
speed_1s_stage2_rows,0.012368223088083065,SI206,18,59
speed_1s_stage2_col1_mean,0.01771047197739821,SI206,18,59
speed_1s_stage2_col1_std_over_mean,0.028259264913235705,SI206,18,59
speed_1s_stage2_col2_mean,0.007278876386996139,SI206,18,59
speed_1s_stage2_col2_std_over_mean,0.01058513363090651,SI206,18,59
speed_1s_stage3_rows,0.010583784118224167,SI206,18,59
speed_1s_stage3_col1_mean,0.007586437716846765,SI206,18,59
speed_1s_stage3_col1_std_over_mean,0.02804723224257143,SI206,18,59
speed_1s_stage3_col2_mean,0.01021619470946884,SI206,18,59
speed_1s_stage3_col2_std_over_mean,0.024521735944568225,SI206,18,59
speed_1s_stage4_rows,0.01431236238361371,SI206,18,59
speed_1s_stage4_col1_mean,0.006633947674998071,SI206,18,59
speed_1s_stage4_col1_std_over_mean,0.024775483825786367,SI206,18,59
speed_1s_stage4_col2_mean,0.016427034797181526,SI206,18,59
speed_1s_stage4_col2_std_over_mean,0.03558252858673899,SI206,18,59
speed_1s_stage5_rows,2.560163850486431e-06,SI206,18,59
speed_1s_stage5_col1_mean,0.018780621309175082,SI206,18,59
speed_1s_stage5_col1_std_over_mean,0.09564963517726055,SI206,18,59
speed_1s_stage5_col2_mean,0.01818070264361319,SI206,18,59
speed_1s_stage5_col2_std_over_mean,0.060803793177345716,SI206,18,59
speed_10s_avg_rows,0.021926387103845268,SI206,18,59
speed_10s_avg_stage2_rows,0.011952294121678784,SI206,18,59
speed_10s_avg_stage2_col1_mean,0.021407852638369432,SI206,18,59
speed_10s_avg_stage2_col1_std_over_mean,0.02772627713861326,SI206,18,59
speed_10s_avg_stage2_col2_mean,0.011852043985323229,SI206,18,59
speed_10s_avg_stage2_col2_std_over_mean,0.014553238444359407,SI206,18,59
speed_10s_avg_stage3_rows,0.020909361656329162,SI206,18,59
speed_10s_avg_stage3_col1_mean,0.012071434137340225,SI206,18,59
speed_10s_avg_stage3_col1_std_over_mean,0.01752244273029325,SI206,18,59
speed_10s_avg_stage3_col2_mean,0.006634582374254253,SI206,18,59
speed_10s_avg_stage3_col2_std_over_mean,0.010837402245220548,SI206,18,59
speed_10s_avg_stage4_rows,0.01597062281200916,SI206,18,59
speed_10s_avg_stage4_col1_mean,0.0040564392588566065,SI206,18,59
speed_10s_avg_stage4_col1_std_over_mean,0.07538717683768263,SI206,18,59
speed_10s_avg_stage4_col2_mean,0.013003425175685208,SI206,18,59
speed_10s_avg_stage4_col2_std_over_mean,0.01129883397265266,SI206,18,59
speed_10s_avg_stage5_rows,0.0,SI206,18,59
speed_10s_avg_stage5_col1_mean,0.01253295602654656,SI206,18,59
speed_10s_avg_stage5_col1_std_over_mean,0.022171534343490455,SI206,18,59
speed_10s_avg_stage5_col2_mean,0.0198490286039921,SI206,18,59
speed_10s_avg_stage5_col2_std_over_mean,0.026673522661336567,SI206,18,59
stage_2_frames,0.0313034046906027,SI206,19,60
stage_3_frames,0.010632669259465925,SI206,19,60
stage_4_frames,0.008905232386662076,SI206,19,60
stage_5_frames,0.01768074081042179,SI206,19,60
roam_mean,0.010186186141229221,SI206,19,60
roam_std_over_mean,0.016669892583205646,SI206,19,60
roam_early_mean,0.016003655968960244,SI206,19,60
roam_mid_mean,0.014728139158490092,SI206,19,60
roam_late_mean,0.021204750919811,SI206,19,60
roam_slope,0.019022740175115526,SI206,19,60
speed_1s_rows,0.01486849331864783,SI206,19,60
speed_1s_stage2_rows,0.010160323224948808,SI206,19,60
speed_1s_stage2_col1_mean,0.021217368039600917,SI206,19,60
speed_1s_stage2_col1_std_over_mean,0.027897203336348132,SI206,19,60
speed_1s_stage2_col2_mean,0.009881882067608526,SI206,19,60
speed_1s_stage2_col2_std_over_mean,0.015020155739583586,SI206,19,60
speed_1s_stage3_rows,0.0159565926356482,SI206,19,60
speed_1s_stage3_col1_mean,0.014157914541935905,SI206,19,60
speed_1s_stage3_col1_std_over_mean,0.022119523079736463,SI206,19,60
speed_1s_stage3_col2_mean,0.0075902975330942694,SI206,19,60
speed_1s_stage3_col2_std_over_mean,0.026488031222579964,SI206,19,60
speed_1s_stage4_rows,0.018845354178493107,SI206,19,60
speed_1s_stage4_col1_mean,0.007797468062996979,SI206,19,60
speed_1s_stage4_col1_std_over_mean,0.028949361671369876,SI206,19,60
speed_1s_stage4_col2_mean,0.01355638935558727,SI206,19,60
speed_1s_stage4_col2_std_over_mean,0.03271694033885999,SI206,19,60
speed_1s_stage5_rows,0.00012017940003414253,SI206,19,60
speed_1s_stage5_col1_mean,0.017042193745066072,SI206,19,60
speed_1s_stage5_col1_std_over_mean,0.08043655857965035,SI206,19,60
speed_1s_stage5_col2_mean,0.01255425376453051,SI206,19,60
speed_1s_stage5_col2_std_over_mean,0.05710512421448307,SI206,19,60
speed_10s_avg_rows,0.015003626881239998,SI206,19,60
speed_10s_avg_stage2_rows,0.013095999631268866,SI206,19,60
speed_10s_avg_stage2_col1_mean,0.02323592887493176,SI206,19,60
speed_10s_avg_stage2_col1_std_over_mean,0.026107356140360177,SI206,19,60
speed_10s_avg_stage2_col2_mean,0.006416072261035399,SI206,19,60
speed_10s_avg_stage2_col2_std_over_mean,0.026282432145783262,SI206,19,60
speed_10s_avg_stage3_rows,0.013816981759683988,SI206,19,60
speed_10s_avg_stage3_col1_mean,0.01486434176422236,SI206,19,60
speed_10s_avg_stage3_col1_std_over_mean,0.016628077307187416,SI206,19,60
speed_10s_avg_stage3_col2_mean,0.012280074244420992,SI206,19,60
speed_10s_avg_stage3_col2_std_over_mean,0.012152666557709281,SI206,19,60
speed_10s_avg_stage4_rows,0.013153853556159157,SI206,19,60
speed_10s_avg_stage4_col1_mean,0.005708602770235436,SI206,19,60
speed_10s_avg_stage4_col1_std_over_mean,0.07417822287350403,SI206,19,60
speed_10s_avg_stage4_col2_mean,0.0120171755807807,SI206,19,60
speed_10s_avg_stage4_col2_std_over_mean,0.015741606347665447,SI206,19,60
speed_10s_avg_stage5_rows,0.0,SI206,19,60
speed_10s_avg_stage5_col1_mean,0.013281765631506934,SI206,19,60
speed_10s_avg_stage5_col1_std_over_mean,0.019133996569770658,SI206,19,60
speed_10s_avg_stage5_col2_mean,0.013012340320644626,SI206,19,60
speed_10s_avg_stage5_col2_std_over_mean,0.03306985863712138,SI206,19,60
stage_2_frames,0.02727890062667693,SI206,20,61
stage_3_frames,0.010229118003197717,SI206,20,61
stage_4_frames,0.018695291515837865,SI206,20,61
stage_5_frames,0.017972331808918444,SI206,20,61
roam_mean,0.007199880932162033,SI206,20,61
roam_std_over_mean,0.012789737298346815,SI206,20,61
roam_early_mean,0.008266410470928624,SI206,20,61
roam_mid_mean,0.021827687915098568,SI206,20,61
roam_late_mean,0.022893513733046832,SI206,20,61
roam_slope,0.020729434658715146,SI206,20,61
speed_1s_rows,0.023730595061887256,SI206,20,61
speed_1s_stage2_rows,0.01136763697605298,SI206,20,61
speed_1s_stage2_col1_mean,0.01660742024883979,SI206,20,61
speed_1s_stage2_col1_std_over_mean,0.01798257781504862,SI206,20,61
speed_1s_stage2_col2_mean,0.009679378031587511,SI206,20,61
speed_1s_stage2_col2_std_over_mean,0.012709527488783725,SI206,20,61
speed_1s_stage3_rows,0.017937371170043896,SI206,20,61
speed_1s_stage3_col1_mean,0.01618844987678873,SI206,20,61
speed_1s_stage3_col1_std_over_mean,0.018218810238714907,SI206,20,61
speed_1s_stage3_col2_mean,0.011988237189277492,SI206,20,61
speed_1s_stage3_col2_std_over_mean,0.027607296887893575,SI206,20,61
speed_1s_stage4_rows,0.013059182181188426,SI206,20,61
speed_1s_stage4_col1_mean,0.005698598725546124,SI206,20,61
speed_1s_stage4_col1_std_over_mean,0.031032625899850466,SI206,20,61
speed_1s_stage4_col2_mean,0.011934373035386749,SI206,20,61
speed_1s_stage4_col2_std_over_mean,0.038509122214149996,SI206,20,61
speed_1s_stage5_rows,0.0002672760500002217,SI206,20,61
speed_1s_stage5_col1_mean,0.016903604860236794,SI206,20,61
speed_1s_stage5_col1_std_over_mean,0.09955475713700582,SI206,20,61
speed_1s_stage5_col2_mean,0.01088509499512382,SI206,20,61
speed_1s_stage5_col2_std_over_mean,0.06071699031718308,SI206,20,61
speed_10s_avg_rows,0.014987688146166125,SI206,20,61
speed_10s_avg_stage2_rows,0.011532144150665788,SI206,20,61
speed_10s_avg_stage2_col1_mean,0.01669271372264761,SI206,20,61
speed_10s_avg_stage2_col1_std_over_mean,0.027310991635783405,SI206,20,61
speed_10s_avg_stage2_col2_mean,0.005949847555055916,SI206,20,61
speed_10s_avg_stage2_col2_std_over_mean,0.016073031921298827,SI206,20,61
speed_10s_avg_stage3_rows,0.016539846861132728,SI206,20,61
speed_10s_avg_stage3_col1_mean,0.012502256619776454,SI206,20,61
speed_10s_avg_stage3_col1_std_over_mean,0.017989425259411492,SI206,20,61
speed_10s_avg_stage3_col2_mean,0.009714221442411807,SI206,20,61
speed_10s_avg_stage3_col2_std_over_mean,0.008522418806456022,SI206,20,61
speed_10s_avg_stage4_rows,0.016254967620519582,SI206,20,61
speed_10s_avg_stage4_col1_mean,0.006245388446755737,SI206,20,61
speed_10s_avg_stage4_col1_std_over_mean,0.0770490708445074,SI206,20,61
speed_10s_avg_stage4_col2_mean,0.01154547633202765,SI206,20,61
speed_10s_avg_stage4_col2_std_over_mean,0.012211207723581894,SI206,20,61
speed_10s_avg_stage5_rows,8.645224782689272e-06,SI206,20,61
speed_10s_avg_stage5_col1_mean,0.011930484493387605,SI206,20,61
speed_10s_avg_stage5_col1_std_over_mean,0.019342911252180753,SI206,20,61
speed_10s_avg_stage5_col2_mean,0.014776643444263823,SI206,20,61
speed_10s_avg_stage5_col2_std_over_mean,0.03235938513366758,SI206,20,61
stage_2_frames,0.03354437330485961,SI206,21,62
stage_3_frames,0.008366444869142772,SI206,21,62
stage_4_frames,0.016441516511319147,SI206,21,62
stage_5_frames,0.02289970486672459,SI206,21,62
roam_mean,0.00737307686537648,SI206,21,62
roam_std_over_mean,0.01643742148446888,SI206,21,62
roam_early_mean,0.008522457695911449,SI206,21,62
roam_mid_mean,0.01676762346137436,SI206,21,62
roam_late_mean,0.030992105800810688,SI206,21,62
roam_slope,0.018619561788352557,SI206,21,62
speed_1s_rows,0.013246777655406806,SI206,21,62
speed_1s_stage2_rows,0.012168969112873901,SI206,21,62
speed_1s_stage2_col1_mean,0.024319458942292874,SI206,21,62
speed_1s_stage2_col1_std_over_mean,0.02976409450795965,SI206,21,62
speed_1s_stage2_col2_mean,0.009261186507124992,SI206,21,62
speed_1s_stage2_col2_std_over_mean,0.018573229951650807,SI206,21,62
speed_1s_stage3_rows,0.014642896417277545,SI206,21,62
speed_1s_stage3_col1_mean,0.01246332579958284,SI206,21,62
speed_1s_stage3_col1_std_over_mean,0.0167952223851007,SI206,21,62
speed_1s_stage3_col2_mean,0.010930375292999393,SI206,21,62
speed_1s_stage3_col2_std_over_mean,0.026327291476164805,SI206,21,62
speed_1s_stage4_rows,0.01711637933305421,SI206,21,62
speed_1s_stage4_col1_mean,0.006480269096108873,SI206,21,62
speed_1s_stage4_col1_std_over_mean,0.024770202195282674,SI206,21,62
speed_1s_stage4_col2_mean,0.010837514240980058,SI206,21,62
speed_1s_stage4_col2_std_over_mean,0.037210116608473516,SI206,21,62
speed_1s_stage5_rows,0.0,SI206,21,62
speed_1s_stage5_col1_mean,0.009901252612578206,SI206,21,62
speed_1s_stage5_col1_std_over_mean,0.07602089913890563,SI206,21,62
speed_1s_stage5_col2_mean,0.022523704223723223,SI206,21,62
speed_1s_stage5_col2_std_over_mean,0.056374388917917566,SI206,21,62
speed_10s_avg_rows,0.01535313500493554,SI206,21,62
speed_10s_avg_stage2_rows,0.011024479273326178,SI206,21,62
speed_10s_avg_stage2_col1_mean,0.016738295211200353,SI206,21,62
speed_10s_avg_stage2_col1_std_over_mean,0.02255140142960246,SI206,21,62
speed_10s_avg_stage2_col2_mean,0.011097719755682979,SI206,21,62
speed_10s_avg_stage2_col2_std_over_mean,0.01598850323206736,SI206,21,62
speed_10s_avg_stage3_rows,0.0137605006978079,SI206,21,62
speed_10s_avg_stage3_col1_mean,0.011435334260548824,SI206,21,62
speed_10s_avg_stage3_col1_std_over_mean,0.02114282723244255,SI206,21,62
speed_10s_avg_stage3_col2_mean,0.013100189203100823,SI206,21,62
speed_10s_avg_stage3_col2_std_over_mean,0.008699847769824012,SI206,21,62
speed_10s_avg_stage4_rows,0.01020471358817774,SI206,21,62
speed_10s_avg_stage4_col1_mean,0.009935845325219825,SI206,21,62
speed_10s_avg_stage4_col1_std_over_mean,0.087525611662428,SI206,21,62
speed_10s_avg_stage4_col2_mean,0.011790223156364927,SI206,21,62
speed_10s_avg_stage4_col2_std_over_mean,0.013338706252146263,SI206,21,62
speed_10s_avg_stage5_rows,7.431922429309811e-06,SI206,21,62
speed_10s_avg_stage5_col1_mean,0.012582633716281618,SI206,21,62
speed_10s_avg_stage5_col1_std_over_mean,0.018514405008828158,SI206,21,62
speed_10s_avg_stage5_col2_mean,0.01944823213483682,SI206,21,62
speed_10s_avg_stage5_col2_std_over_mean,0.02606812309894949,SI206,21,62
stage_2_frames,0.030916827629113595,SI206,22,63
stage_3_frames,0.010407029771150551,SI206,22,63
stage_4_frames,0.012342927244314301,SI206,22,63
stage_5_frames,0.014805734367513616,SI206,22,63
roam_mean,0.0093646643759177,SI206,22,63
roam_std_over_mean,0.01361446679948996,SI206,22,63
roam_early_mean,0.009872211649328054,SI206,22,63
roam_mid_mean,0.019798577557296738,SI206,22,63
roam_late_mean,0.020780858440226705,SI206,22,63
roam_slope,0.021233010083773887,SI206,22,63
speed_1s_rows,0.011967720685965773,SI206,22,63
speed_1s_stage2_rows,0.008952330021457997,SI206,22,63
speed_1s_stage2_col1_mean,0.020968930347950377,SI206,22,63
speed_1s_stage2_col1_std_over_mean,0.02424846699382936,SI206,22,63
speed_1s_stage2_col2_mean,0.0062910097441667015,SI206,22,63
speed_1s_stage2_col2_std_over_mean,0.011362109104189118,SI206,22,63
speed_1s_stage3_rows,0.020385552122156255,SI206,22,63
speed_1s_stage3_col1_mean,0.011313418849589918,SI206,22,63
speed_1s_stage3_col1_std_over_mean,0.016454712965335763,SI206,22,63
speed_1s_stage3_col2_mean,0.011265980268505485,SI206,22,63
speed_1s_stage3_col2_std_over_mean,0.029903200857119592,SI206,22,63
speed_1s_stage4_rows,0.017684053686759106,SI206,22,63
speed_1s_stage4_col1_mean,0.00532464117344168,SI206,22,63
speed_1s_stage4_col1_std_over_mean,0.02705824015381589,SI206,22,63
speed_1s_stage4_col2_mean,0.01385932430943913,SI206,22,63
speed_1s_stage4_col2_std_over_mean,0.030999778705623496,SI206,22,63
speed_1s_stage5_rows,0.0,SI206,22,63
speed_1s_stage5_col1_mean,0.013507457872381015,SI206,22,63
speed_1s_stage5_col1_std_over_mean,0.08739715457446448,SI206,22,63
speed_1s_stage5_col2_mean,0.016224757586732655,SI206,22,63
speed_1s_stage5_col2_std_over_mean,0.054304532027710045,SI206,22,63
speed_10s_avg_rows,0.01634654038907122,SI206,22,63
speed_10s_avg_stage2_rows,0.009135001314629897,SI206,22,63
speed_10s_avg_stage2_col1_mean,0.015220872397817027,SI206,22,63
speed_10s_avg_stage2_col1_std_over_mean,0.02853342316903073,SI206,22,63
speed_10s_avg_stage2_col2_mean,0.011967567538064876,SI206,22,63
speed_10s_avg_stage2_col2_std_over_mean,0.020499952153338954,SI206,22,63
speed_10s_avg_stage3_rows,0.014869472010844568,SI206,22,63
speed_10s_avg_stage3_col1_mean,0.010650316993475828,SI206,22,63
speed_10s_avg_stage3_col1_std_over_mean,0.018746633712816197,SI206,22,63
speed_10s_avg_stage3_col2_mean,0.011749632830881044,SI206,22,63
speed_10s_avg_stage3_col2_std_over_mean,0.009142003857576478,SI206,22,63
speed_10s_avg_stage4_rows,0.01603460482391496,SI206,22,63
speed_10s_avg_stage4_col1_mean,0.008217595950783113,SI206,22,63
speed_10s_avg_stage4_col1_std_over_mean,0.09027027394507402,SI206,22,63
speed_10s_avg_stage4_col2_mean,0.014231847191339752,SI206,22,63
speed_10s_avg_stage4_col2_std_over_mean,0.014240925402794655,SI206,22,63
speed_10s_avg_stage5_rows,0.00011135230854814514,SI206,22,63
speed_10s_avg_stage5_col1_mean,0.013413996184186485,SI206,22,63
speed_10s_avg_stage5_col1_std_over_mean,0.02431196941817405,SI206,22,63
speed_10s_avg_stage5_col2_mean,0.016269767737266874,SI206,22,63
speed_10s_avg_stage5_col2_std_over_mean,0.03342657070161227,SI206,22,63
stage_2_frames,0.02052302990391488,SI206,23,64
stage_3_frames,0.008693680078764907,SI206,23,64
stage_4_frames,0.013682594587215862,SI206,23,64
stage_5_frames,0.018537500309857194,SI206,23,64
roam_mean,0.005152785811455915,SI206,23,64
roam_std_over_mean,0.020824058306625245,SI206,23,64
roam_early_mean,0.008898052814680058,SI206,23,64
roam_mid_mean,0.012700214424589063,SI206,23,64
roam_late_mean,0.016711248773523094,SI206,23,64
roam_slope,0.019601991761803148,SI206,23,64
speed_1s_rows,0.0160113840104261,SI206,23,64
speed_1s_stage2_rows,0.010052808872150843,SI206,23,64
speed_1s_stage2_col1_mean,0.01835534101637647,SI206,23,64
speed_1s_stage2_col1_std_over_mean,0.02049691621139948,SI206,23,64
speed_1s_stage2_col2_mean,0.009250471800271984,SI206,23,64
speed_1s_stage2_col2_std_over_mean,0.016094097845975704,SI206,23,64
speed_1s_stage3_rows,0.017697442823856133,SI206,23,64
speed_1s_stage3_col1_mean,0.013243337924508077,SI206,23,64
speed_1s_stage3_col1_std_over_mean,0.01449299862192547,SI206,23,64
speed_1s_stage3_col2_mean,0.013002970595968912,SI206,23,64
speed_1s_stage3_col2_std_over_mean,0.029355026675631144,SI206,23,64
speed_1s_stage4_rows,0.012464345961796647,SI206,23,64
speed_1s_stage4_col1_mean,0.004980775744612596,SI206,23,64
speed_1s_stage4_col1_std_over_mean,0.032660291808719585,SI206,23,64
speed_1s_stage4_col2_mean,0.014343627729207463,SI206,23,64
speed_1s_stage4_col2_std_over_mean,0.039126493427993056,SI206,23,64
speed_1s_stage5_rows,0.0,SI206,23,64
speed_1s_stage5_col1_mean,0.012270478314036918,SI206,23,64
speed_1s_stage5_col1_std_over_mean,0.09982629016005339,SI206,23,64
speed_1s_stage5_col2_mean,0.017241425597384372,SI206,23,64
speed_1s_stage5_col2_std_over_mean,0.06575177036078714,SI206,23,64
speed_10s_avg_rows,0.01515244691689379,SI206,23,64
speed_10s_avg_stage2_rows,0.010051232904096943,SI206,23,64
speed_10s_avg_stage2_col1_mean,0.013939264356308717,SI206,23,64
speed_10s_avg_stage2_col1_std_over_mean,0.027309651510493735,SI206,23,64
speed_10s_avg_stage2_col2_mean,0.007625888242818248,SI206,23,64
speed_10s_avg_stage2_col2_std_over_mean,0.011478010448275464,SI206,23,64
speed_10s_avg_stage3_rows,0.02080904560253518,SI206,23,64
speed_10s_avg_stage3_col1_mean,0.0131584938801526,SI206,23,64
speed_10s_avg_stage3_col1_std_over_mean,0.020734784024927504,SI206,23,64
speed_10s_avg_stage3_col2_mean,0.008410044145688949,SI206,23,64
speed_10s_avg_stage3_col2_std_over_mean,0.011282508869446517,SI206,23,64
speed_10s_avg_stage4_rows,0.016240680893448586,SI206,23,64
speed_10s_avg_stage4_col1_mean,0.00675860664553731,SI206,23,64
speed_10s_avg_stage4_col1_std_over_mean,0.08428776673547732,SI206,23,64
speed_10s_avg_stage4_col2_mean,0.01465445993854512,SI206,23,64
speed_10s_avg_stage4_col2_std_over_mean,0.013855030324308923,SI206,23,64
speed_10s_avg_stage5_rows,5.4839594187003034e-06,SI206,23,64
speed_10s_avg_stage5_col1_mean,0.01423928744379434,SI206,23,64
speed_10s_avg_stage5_col1_std_over_mean,0.02019335475363979,SI206,23,64
speed_10s_avg_stage5_col2_mean,0.014318130581530773,SI206,23,64
speed_10s_avg_stage5_col2_std_over_mean,0.033452375547150685,SI206,23,64
stage_2_frames,0.03627399673541513,SI206,24,65
stage_3_frames,0.013792276811861213,SI206,24,65
stage_4_frames,0.013280153499343843,SI206,24,65
stage_5_frames,0.01466478905096681,SI206,24,65
roam_mean,0.008883921024773665,SI206,24,65
roam_std_over_mean,0.01814608985720702,SI206,24,65
roam_early_mean,0.009245824088727763,SI206,24,65
roam_mid_mean,0.01675906890063488,SI206,24,65
roam_late_mean,0.022347879845002482,SI206,24,65
roam_slope,0.022825356090855158,SI206,24,65
speed_1s_rows,0.01400636842115525,SI206,24,65
speed_1s_stage2_rows,0.011036325325925793,SI206,24,65
speed_1s_stage2_col1_mean,0.01786185867254692,SI206,24,65
speed_1s_stage2_col1_std_over_mean,0.025683050232036923,SI206,24,65
speed_1s_stage2_col2_mean,0.010753512316912546,SI206,24,65
speed_1s_stage2_col2_std_over_mean,0.011025741492967003,SI206,24,65
speed_1s_stage3_rows,0.013701095987301213,SI206,24,65
speed_1s_stage3_col1_mean,0.011432131702432997,SI206,24,65
speed_1s_stage3_col1_std_over_mean,0.012668592333766071,SI206,24,65
speed_1s_stage3_col2_mean,0.011287799147369887,SI206,24,65
speed_1s_stage3_col2_std_over_mean,0.030141622812663135,SI206,24,65
speed_1s_stage4_rows,0.02027542635179999,SI206,24,65
speed_1s_stage4_col1_mean,0.006044184703871159,SI206,24,65
speed_1s_stage4_col1_std_over_mean,0.024709842521073493,SI206,24,65
speed_1s_stage4_col2_mean,0.012488476814019316,SI206,24,65
speed_1s_stage4_col2_std_over_mean,0.034554936396276235,SI206,24,65
speed_1s_stage5_rows,1.659975947287238e-05,SI206,24,65
speed_1s_stage5_col1_mean,0.010098220031093043,SI206,24,65
speed_1s_stage5_col1_std_over_mean,0.10499135460966162,SI206,24,65
speed_1s_stage5_col2_mean,0.019799221927435606,SI206,24,65
speed_1s_stage5_col2_std_over_mean,0.05953555505194065,SI206,24,65
speed_10s_avg_rows,0.01059678103341301,SI206,24,65
speed_10s_avg_stage2_rows,0.012347889899090714,SI206,24,65
speed_10s_avg_stage2_col1_mean,0.01564800076135269,SI206,24,65
speed_10s_avg_stage2_col1_std_over_mean,0.019367524679820013,SI206,24,65
speed_10s_avg_stage2_col2_mean,0.008452121580980123,SI206,24,65
speed_10s_avg_stage2_col2_std_over_mean,0.01319550099927623,SI206,24,65
speed_10s_avg_stage3_rows,0.01754361967288004,SI206,24,65
speed_10s_avg_stage3_col1_mean,0.011431651115724856,SI206,24,65
speed_10s_avg_stage3_col1_std_over_mean,0.015343398759285615,SI206,24,65
speed_10s_avg_stage3_col2_mean,0.012133546957333085,SI206,24,65
speed_10s_avg_stage3_col2_std_over_mean,0.011460242637846913,SI206,24,65
speed_10s_avg_stage4_rows,0.019634893368307437,SI206,24,65
speed_10s_avg_stage4_col1_mean,0.008661265653719712,SI206,24,65
speed_10s_avg_stage4_col1_std_over_mean,0.07650287961066451,SI206,24,65
speed_10s_avg_stage4_col2_mean,0.016628109570612542,SI206,24,65
speed_10s_avg_stage4_col2_std_over_mean,0.00999712377011927,SI206,24,65
speed_10s_avg_stage5_rows,5.16896039284081e-06,SI206,24,65
speed_10s_avg_stage5_col1_mean,0.010704563394336926,SI206,24,65
speed_10s_avg_stage5_col1_std_over_mean,0.020167339736107247,SI206,24,65
speed_10s_avg_stage5_col2_mean,0.011227917718451942,SI206,24,65
speed_10s_avg_stage5_col2_std_over_mean,0.04061918760377438,SI206,24,65
stage_2_frames,0.024208772683473302,SI206,25,66
stage_3_frames,0.009853920994512962,SI206,25,66
stage_4_frames,0.018906138615877158,SI206,25,66
stage_5_frames,0.013916316315106203,SI206,25,66
roam_mean,0.00987545201366001,SI206,25,66
roam_std_over_mean,0.017441432181297647,SI206,25,66
roam_early_mean,0.010620266757982964,SI206,25,66
roam_mid_mean,0.021351162183498265,SI206,25,66
roam_late_mean,0.023692974233374013,SI206,25,66
roam_slope,0.018931388003566876,SI206,25,66
speed_1s_rows,0.015010570178517287,SI206,25,66
speed_1s_stage2_rows,0.01168610698799039,SI206,25,66
speed_1s_stage2_col1_mean,0.015159567780756283,SI206,25,66
speed_1s_stage2_col1_std_over_mean,0.025780292215098234,SI206,25,66
speed_1s_stage2_col2_mean,0.008466980969363247,SI206,25,66
speed_1s_stage2_col2_std_over_mean,0.012577963581297275,SI206,25,66
speed_1s_stage3_rows,0.01565638307081454,SI206,25,66
speed_1s_stage3_col1_mean,0.01399051132367374,SI206,25,66
speed_1s_stage3_col1_std_over_mean,0.019742416365622746,SI206,25,66
speed_1s_stage3_col2_mean,0.010246239285343765,SI206,25,66
speed_1s_stage3_col2_std_over_mean,0.025246874078779506,SI206,25,66
speed_1s_stage4_rows,0.013972314847131226,SI206,25,66
speed_1s_stage4_col1_mean,0.006746454339949038,SI206,25,66
speed_1s_stage4_col1_std_over_mean,0.024876914210507944,SI206,25,66
speed_1s_stage4_col2_mean,0.010535288445803707,SI206,25,66
speed_1s_stage4_col2_std_over_mean,0.03759782000953848,SI206,25,66
speed_1s_stage5_rows,6.256408473957838e-05,SI206,25,66
speed_1s_stage5_col1_mean,0.016373529541766803,SI206,25,66
speed_1s_stage5_col1_std_over_mean,0.09461680654172999,SI206,25,66
speed_1s_stage5_col2_mean,0.012729190925192474,SI206,25,66
speed_1s_stage5_col2_std_over_mean,0.06255228050737,SI206,25,66
speed_10s_avg_rows,0.011088631541615074,SI206,25,66
speed_10s_avg_stage2_rows,0.010523945150545305,SI206,25,66
speed_10s_avg_stage2_col1_mean,0.022444506540406823,SI206,25,66
speed_10s_avg_stage2_col1_std_over_mean,0.03664418408852721,SI206,25,66
speed_10s_avg_stage2_col2_mean,0.004622635752900426,SI206,25,66
speed_10s_avg_stage2_col2_std_over_mean,0.01900187824691683,SI206,25,66
speed_10s_avg_stage3_rows,0.013933343926893327,SI206,25,66
speed_10s_avg_stage3_col1_mean,0.012146334662020612,SI206,25,66
speed_10s_avg_stage3_col1_std_over_mean,0.01485690332319594,SI206,25,66
speed_10s_avg_stage3_col2_mean,0.009835684519398251,SI206,25,66
speed_10s_avg_stage3_col2_std_over_mean,0.008608081203521273,SI206,25,66
speed_10s_avg_stage4_rows,0.017473323004819703,SI206,25,66
speed_10s_avg_stage4_col1_mean,0.0069350528311705505,SI206,25,66
speed_10s_avg_stage4_col1_std_over_mean,0.08840136638276708,SI206,25,66
speed_10s_avg_stage4_col2_mean,0.01547106928202108,SI206,25,66
speed_10s_avg_stage4_col2_std_over_mean,0.01093213192461187,SI206,25,66
speed_10s_avg_stage5_rows,0.0,SI206,25,66
speed_10s_avg_stage5_col1_mean,0.011717476414463851,SI206,25,66
speed_10s_avg_stage5_col1_std_over_mean,0.01849291608985421,SI206,25,66
speed_10s_avg_stage5_col2_mean,0.016487195019281732,SI206,25,66
speed_10s_avg_stage5_col2_std_over_mean,0.02795844682173314,SI206,25,66
stage_2_frames,0.03280812552750825,SI206,26,67
stage_3_frames,0.014187752556962415,SI206,26,67
stage_4_frames,0.01633721826666575,SI206,26,67
stage_5_frames,0.01360629732209765,SI206,26,67
roam_mean,0.009968220091281448,SI206,26,67
roam_std_over_mean,0.012993770881254746,SI206,26,67
roam_early_mean,0.00895687981699856,SI206,26,67
roam_mid_mean,0.022500028518864536,SI206,26,67
roam_late_mean,0.023306548763505703,SI206,26,67
roam_slope,0.017321194948184567,SI206,26,67
speed_1s_rows,0.010913812666376296,SI206,26,67
speed_1s_stage2_rows,0.011973733474633852,SI206,26,67
speed_1s_stage2_col1_mean,0.022991238241143633,SI206,26,67
speed_1s_stage2_col1_std_over_mean,0.017895750173599186,SI206,26,67
speed_1s_stage2_col2_mean,0.006131900373089395,SI206,26,67
speed_1s_stage2_col2_std_over_mean,0.014317190340466203,SI206,26,67
speed_1s_stage3_rows,0.013296691267162897,SI206,26,67
speed_1s_stage3_col1_mean,0.012817226970486102,SI206,26,67
speed_1s_stage3_col1_std_over_mean,0.02231841003287386,SI206,26,67
speed_1s_stage3_col2_mean,0.009464348105795063,SI206,26,67
speed_1s_stage3_col2_std_over_mean,0.025433872367397914,SI206,26,67
speed_1s_stage4_rows,0.013292002467083576,SI206,26,67
speed_1s_stage4_col1_mean,0.005804790020992164,SI206,26,67
speed_1s_stage4_col1_std_over_mean,0.025080034129569516,SI206,26,67
speed_1s_stage4_col2_mean,0.014033409663983682,SI206,26,67
speed_1s_stage4_col2_std_over_mean,0.042132136048710654,SI206,26,67
speed_1s_stage5_rows,8.501970508789785e-05,SI206,26,67
speed_1s_stage5_col1_mean,0.011354693287463965,SI206,26,67
speed_1s_stage5_col1_std_over_mean,0.0962016198305308,SI206,26,67
speed_1s_stage5_col2_mean,0.016842642728508057,SI206,26,67
speed_1s_stage5_col2_std_over_mean,0.06750627415278233,SI206,26,67
speed_10s_avg_rows,0.012107035265534832,SI206,26,67
speed_10s_avg_stage2_rows,0.012108362381447229,SI206,26,67
speed_10s_avg_stage2_col1_mean,0.020542240128536372,SI206,26,67
speed_10s_avg_stage2_col1_std_over_mean,0.023455284392071764,SI206,26,67
speed_10s_avg_stage2_col2_mean,0.007751696738264423,SI206,26,67
speed_10s_avg_stage2_col2_std_over_mean,0.020173568989359042,SI206,26,67
speed_10s_avg_stage3_rows,0.010477344378025074,SI206,26,67
speed_10s_avg_stage3_col1_mean,0.013404420454433354,SI206,26,67
speed_10s_avg_stage3_col1_std_over_mean,0.00911036659822685,SI206,26,67
speed_10s_avg_stage3_col2_mean,0.010601685091111675,SI206,26,67
speed_10s_avg_stage3_col2_std_over_mean,0.008679200795780363,SI206,26,67
speed_10s_avg_stage4_rows,0.01829684486860459,SI206,26,67
speed_10s_avg_stage4_col1_mean,0.008694485438269454,SI206,26,67
speed_10s_avg_stage4_col1_std_over_mean,0.09190152561990886,SI206,26,67
speed_10s_avg_stage4_col2_mean,0.009105939460731715,SI206,26,67
speed_10s_avg_stage4_col2_std_over_mean,0.009534054160276655,SI206,26,67
speed_10s_avg_stage5_rows,0.00023361585582523482,SI206,26,67
speed_10s_avg_stage5_col1_mean,0.015915884485806307,SI206,26,67
speed_10s_avg_stage5_col1_std_over_mean,0.015989122012745684,SI206,26,67
speed_10s_avg_stage5_col2_mean,0.013313821391027865,SI206,26,67
speed_10s_avg_stage5_col2_std_over_mean,0.03673066875295201,SI206,26,67
stage_2_frames,0.027864797915417384,SI206,27,68
stage_3_frames,0.014450955240802404,SI206,27,68
stage_4_frames,0.012849691324502525,SI206,27,68
stage_5_frames,0.017943482026537064,SI206,27,68
roam_mean,0.00816271027298905,SI206,27,68
roam_std_over_mean,0.017853016462024054,SI206,27,68
roam_early_mean,0.007211847445863607,SI206,27,68
roam_mid_mean,0.021368076839459262,SI206,27,68
roam_late_mean,0.024396175527417005,SI206,27,68
roam_slope,0.024059472544136453,SI206,27,68
speed_1s_rows,0.011756233936435814,SI206,27,68
speed_1s_stage2_rows,0.009457688266775894,SI206,27,68
speed_1s_stage2_col1_mean,0.018883823144454574,SI206,27,68
speed_1s_stage2_col1_std_over_mean,0.021310833364861368,SI206,27,68
speed_1s_stage2_col2_mean,0.004406232051756843,SI206,27,68
speed_1s_stage2_col2_std_over_mean,0.01429800618237353,SI206,27,68
speed_1s_stage3_rows,0.017483923513005054,SI206,27,68
speed_1s_stage3_col1_mean,0.014062084363949616,SI206,27,68
speed_1s_stage3_col1_std_over_mean,0.017224579340125147,SI206,27,68
speed_1s_stage3_col2_mean,0.011133305522055529,SI206,27,68
speed_1s_stage3_col2_std_over_mean,0.032277044874863645,SI206,27,68
speed_1s_stage4_rows,0.013430685072381862,SI206,27,68
speed_1s_stage4_col1_mean,0.006922078121045894,SI206,27,68
speed_1s_stage4_col1_std_over_mean,0.02419281943655945,SI206,27,68
speed_1s_stage4_col2_mean,0.00933661421751063,SI206,27,68
speed_1s_stage4_col2_std_over_mean,0.0370386490515134,SI206,27,68
speed_1s_stage5_rows,0.0,SI206,27,68
speed_1s_stage5_col1_mean,0.011277545020106186,SI206,27,68
speed_1s_stage5_col1_std_over_mean,0.10041261499519026,SI206,27,68
speed_1s_stage5_col2_mean,0.017239051059183223,SI206,27,68
speed_1s_stage5_col2_std_over_mean,0.05403025450778816,SI206,27,68
speed_10s_avg_rows,0.013108032886793174,SI206,27,68
speed_10s_avg_stage2_rows,0.010376505908257058,SI206,27,68
speed_10s_avg_stage2_col1_mean,0.018686401893409175,SI206,27,68
speed_10s_avg_stage2_col1_std_over_mean,0.029690057171418316,SI206,27,68
speed_10s_avg_stage2_col2_mean,0.003357778838830425,SI206,27,68
speed_10s_avg_stage2_col2_std_over_mean,0.01747799964885206,SI206,27,68
speed_10s_avg_stage3_rows,0.014028330024591674,SI206,27,68
speed_10s_avg_stage3_col1_mean,0.010134783525230518,SI206,27,68
speed_10s_avg_stage3_col1_std_over_mean,0.01729817826262853,SI206,27,68
speed_10s_avg_stage3_col2_mean,0.009115449285601008,SI206,27,68
speed_10s_avg_stage3_col2_std_over_mean,0.010707180956698823,SI206,27,68
speed_10s_avg_stage4_rows,0.012590317030273732,SI206,27,68
speed_10s_avg_stage4_col1_mean,0.007982020426339059,SI206,27,68
speed_10s_avg_stage4_col1_std_over_mean,0.0949756364163365,SI206,27,68
speed_10s_avg_stage4_col2_mean,0.014186099913604904,SI206,27,68
speed_10s_avg_stage4_col2_std_over_mean,0.012037238727831787,SI206,27,68
speed_10s_avg_stage5_rows,5.071208215357316e-06,SI206,27,68
speed_10s_avg_stage5_col1_mean,0.014969572548585218,SI206,27,68
speed_10s_avg_stage5_col1_std_over_mean,0.02505620616154837,SI206,27,68
speed_10s_avg_stage5_col2_mean,0.010650843669783677,SI206,27,68
speed_10s_avg_stage5_col2_std_over_mean,0.03123200385408586,SI206,27,68
stage_2_frames,0.0299390944517815,SI206,28,69
stage_3_frames,0.00914204164505572,SI206,28,69
stage_4_frames,0.013465882936054075,SI206,28,69
stage_5_frames,0.015775293591585846,SI206,28,69
roam_mean,0.00586438881444695,SI206,28,69
roam_std_over_mean,0.018903277828950234,SI206,28,69
roam_early_mean,0.011336561767194747,SI206,28,69
roam_mid_mean,0.019462178182141947,SI206,28,69
roam_late_mean,0.019950570667242314,SI206,28,69
roam_slope,0.015123052072185011,SI206,28,69
speed_1s_rows,0.010509577880091209,SI206,28,69
speed_1s_stage2_rows,0.012057863703868245,SI206,28,69
speed_1s_stage2_col1_mean,0.021805792571604258,SI206,28,69
speed_1s_stage2_col1_std_over_mean,0.01795966290213041,SI206,28,69
speed_1s_stage2_col2_mean,0.0073971420333500135,SI206,28,69
speed_1s_stage2_col2_std_over_mean,0.014198439801834049,SI206,28,69
speed_1s_stage3_rows,0.013198028951637653,SI206,28,69
speed_1s_stage3_col1_mean,0.014342680543620399,SI206,28,69
speed_1s_stage3_col1_std_over_mean,0.02303460038227174,SI206,28,69
speed_1s_stage3_col2_mean,0.011542578049403824,SI206,28,69
speed_1s_stage3_col2_std_over_mean,0.022436061760705867,SI206,28,69
speed_1s_stage4_rows,0.019251905708748483,SI206,28,69
speed_1s_stage4_col1_mean,0.004582314230232818,SI206,28,69
speed_1s_stage4_col1_std_over_mean,0.02619085229751457,SI206,28,69
speed_1s_stage4_col2_mean,0.010340828719974837,SI206,28,69
speed_1s_stage4_col2_std_over_mean,0.034064439901369446,SI206,28,69
speed_1s_stage5_rows,0.0,SI206,28,69
speed_1s_stage5_col1_mean,0.01750490694481414,SI206,28,69
speed_1s_stage5_col1_std_over_mean,0.08825661012226055,SI206,28,69
speed_1s_stage5_col2_mean,0.014106749209169026,SI206,28,69
speed_1s_stage5_col2_std_over_mean,0.05349009996931945,SI206,28,69
speed_10s_avg_rows,0.01971289598376233,SI206,28,69
speed_10s_avg_stage2_rows,0.010038434900484297,SI206,28,69
speed_10s_avg_stage2_col1_mean,0.02122262034225626,SI206,28,69
speed_10s_avg_stage2_col1_std_over_mean,0.024862235961416214,SI206,28,69
speed_10s_avg_stage2_col2_mean,0.005696115824536451,SI206,28,69
speed_10s_avg_stage2_col2_std_over_mean,0.012118255318061691,SI206,28,69
speed_10s_avg_stage3_rows,0.01812028009037117,SI206,28,69
speed_10s_avg_stage3_col1_mean,0.015074680671537317,SI206,28,69
speed_10s_avg_stage3_col1_std_over_mean,0.01811645500710525,SI206,28,69
speed_10s_avg_stage3_col2_mean,0.008929238984463522,SI206,28,69
speed_10s_avg_stage3_col2_std_over_mean,0.010848789748722916,SI206,28,69
speed_10s_avg_stage4_rows,0.01704682844529331,SI206,28,69
speed_10s_avg_stage4_col1_mean,0.010776405135298574,SI206,28,69
speed_10s_avg_stage4_col1_std_over_mean,0.08990129627148692,SI206,28,69
speed_10s_avg_stage4_col2_mean,0.011149943583084451,SI206,28,69
speed_10s_avg_stage4_col2_std_over_mean,0.012626627785087262,SI206,28,69
speed_10s_avg_stage5_rows,1.2525676046682895e-05,SI206,28,69
speed_10s_avg_stage5_col1_mean,0.009131083371699829,SI206,28,69
speed_10s_avg_stage5_col1_std_over_mean,0.0212578852800921,SI206,28,69
speed_10s_avg_stage5_col2_mean,0.02148639104571704,SI206,28,69
speed_10s_avg_stage5_col2_std_over_mean,0.04663753293291708,SI206,28,69
stage_2_frames,0.03115056557700559,SI206,29,70
stage_3_frames,0.011220027871354296,SI206,29,70
stage_4_frames,0.020444667923870757,SI206,29,70
stage_5_frames,0.017221415345013688,SI206,29,70
roam_mean,0.007129918886481112,SI206,29,70
roam_std_over_mean,0.01710246857573167,SI206,29,70
roam_early_mean,0.010172173033437787,SI206,29,70
roam_mid_mean,0.02103416975341853,SI206,29,70
roam_late_mean,0.021015830906556024,SI206,29,70
roam_slope,0.01381510468295087,SI206,29,70
speed_1s_rows,0.0197800056881055,SI206,29,70
speed_1s_stage2_rows,0.01325740382480837,SI206,29,70
speed_1s_stage2_col1_mean,0.016137258592127574,SI206,29,70
speed_1s_stage2_col1_std_over_mean,0.022192465911441344,SI206,29,70
speed_1s_stage2_col2_mean,0.006648110196836026,SI206,29,70
speed_1s_stage2_col2_std_over_mean,0.01383088731783663,SI206,29,70
speed_1s_stage3_rows,0.017450865109344193,SI206,29,70
speed_1s_stage3_col1_mean,0.010194456551379075,SI206,29,70
speed_1s_stage3_col1_std_over_mean,0.021789509032406968,SI206,29,70
speed_1s_stage3_col2_mean,0.00944303628027785,SI206,29,70
speed_1s_stage3_col2_std_over_mean,0.03280145356276793,SI206,29,70
speed_1s_stage4_rows,0.020827864126315376,SI206,29,70
speed_1s_stage4_col1_mean,0.009304175129090313,SI206,29,70
speed_1s_stage4_col1_std_over_mean,0.022912601488031172,SI206,29,70
speed_1s_stage4_col2_mean,0.012059869088951989,SI206,29,70
speed_1s_stage4_col2_std_over_mean,0.0447194521747181,SI206,29,70
speed_1s_stage5_rows,4.859972055160818e-06,SI206,29,70
speed_1s_stage5_col1_mean,0.01391258757834147,SI206,29,70
speed_1s_stage5_col1_std_over_mean,0.1015280944057879,SI206,29,70
speed_1s_stage5_col2_mean,0.014980615844235556,SI206,29,70
speed_1s_stage5_col2_std_over_mean,0.05565280979495766,SI206,29,70
speed_10s_avg_rows,0.015227279328528734,SI206,29,70
speed_10s_avg_stage2_rows,0.0103582698637395,SI206,29,70
speed_10s_avg_stage2_col1_mean,0.017956095619244196,SI206,29,70
speed_10s_avg_stage2_col1_std_over_mean,0.02770206088333021,SI206,29,70
speed_10s_avg_stage2_col2_mean,0.006793347307386552,SI206,29,70
speed_10s_avg_stage2_col2_std_over_mean,0.014201226171860546,SI206,29,70
speed_10s_avg_stage3_rows,0.011782471004131738,SI206,29,70
speed_10s_avg_stage3_col1_mean,0.01593483950804808,SI206,29,70
speed_10s_avg_stage3_col1_std_over_mean,0.018662928783466957,SI206,29,70
speed_10s_avg_stage3_col2_mean,0.006055953959262435,SI206,29,70
speed_10s_avg_stage3_col2_std_over_mean,0.009127363311796793,SI206,29,70
speed_10s_avg_stage4_rows,0.016800836546580114,SI206,29,70
speed_10s_avg_stage4_col1_mean,0.004720969968723025,SI206,29,70
speed_10s_avg_stage4_col1_std_over_mean,0.07301848138019103,SI206,29,70
speed_10s_avg_stage4_col2_mean,0.011206783850921921,SI206,29,70
speed_10s_avg_stage4_col2_std_over_mean,0.014168311817505433,SI206,29,70
speed_10s_avg_stage5_rows,8.704685485026504e-05,SI206,29,70
speed_10s_avg_stage5_col1_mean,0.013967993924404815,SI206,29,70
speed_10s_avg_stage5_col1_std_over_mean,0.021617600592833873,SI206,29,70
speed_10s_avg_stage5_col2_mean,0.012231132443637657,SI206,29,70
speed_10s_avg_stage5_col2_std_over_mean,0.028644282653919384,SI206,29,70
stage_2_frames,0.02921467803135735,SI206,30,71
stage_3_frames,0.01094961714974137,SI206,30,71
stage_4_frames,0.015866021454808647,SI206,30,71
stage_5_frames,0.014424403647144758,SI206,30,71
roam_mean,0.007119967845487778,SI206,30,71
roam_std_over_mean,0.016502536710073692,SI206,30,71
roam_early_mean,0.014019260546590915,SI206,30,71
roam_mid_mean,0.01560792389453674,SI206,30,71
roam_late_mean,0.021756284824426472,SI206,30,71
roam_slope,0.020432631212816743,SI206,30,71
speed_1s_rows,0.01809864236040576,SI206,30,71
speed_1s_stage2_rows,0.011625429993885068,SI206,30,71
speed_1s_stage2_col1_mean,0.020565979159252325,SI206,30,71
speed_1s_stage2_col1_std_over_mean,0.03296469336777626,SI206,30,71
speed_1s_stage2_col2_mean,0.007609182174480642,SI206,30,71
speed_1s_stage2_col2_std_over_mean,0.01366457083444913,SI206,30,71
speed_1s_stage3_rows,0.017078297798333513,SI206,30,71
speed_1s_stage3_col1_mean,0.011572822541950495,SI206,30,71
speed_1s_stage3_col1_std_over_mean,0.02188514517788994,SI206,30,71
speed_1s_stage3_col2_mean,0.01040340845468445,SI206,30,71
speed_1s_stage3_col2_std_over_mean,0.027861826942314278,SI206,30,71
speed_1s_stage4_rows,0.012819745633902997,SI206,30,71
speed_1s_stage4_col1_mean,0.006787881446866233,SI206,30,71
speed_1s_stage4_col1_std_over_mean,0.02877733220607316,SI206,30,71
speed_1s_stage4_col2_mean,0.019680999209710785,SI206,30,71
speed_1s_stage4_col2_std_over_mean,0.03333092122718771,SI206,30,71
speed_1s_stage5_rows,0.0,SI206,30,71
speed_1s_stage5_col1_mean,0.013179967310531148,SI206,30,71
speed_1s_stage5_col1_std_over_mean,0.0815896481390342,SI206,30,71
speed_1s_stage5_col2_mean,0.013071982529227335,SI206,30,71
speed_1s_stage5_col2_std_over_mean,0.06125364546684566,SI206,30,71
speed_10s_avg_rows,0.014667710400826126,SI206,30,71
speed_10s_avg_stage2_rows,0.011940018648154244,SI206,30,71
speed_10s_avg_stage2_col1_mean,0.01745392610344057,SI206,30,71
speed_10s_avg_stage2_col1_std_over_mean,0.024017442206427212,SI206,30,71
speed_10s_avg_stage2_col2_mean,0.011319062862945409,SI206,30,71
speed_10s_avg_stage2_col2_std_over_mean,0.010227267638867273,SI206,30,71
speed_10s_avg_stage3_rows,0.014645007740862312,SI206,30,71
speed_10s_avg_stage3_col1_mean,0.01744973347551809,SI206,30,71
speed_10s_avg_stage3_col1_std_over_mean,0.01882325691497726,SI206,30,71
speed_10s_avg_stage3_col2_mean,0.007476774552370537,SI206,30,71
speed_10s_avg_stage3_col2_std_over_mean,0.009247550683658925,SI206,30,71
speed_10s_avg_stage4_rows,0.020756135622586023,SI206,30,71
speed_10s_avg_stage4_col1_mean,0.007763145267025146,SI206,30,71
speed_10s_avg_stage4_col1_std_over_mean,0.07656246340936775,SI206,30,71
speed_10s_avg_stage4_col2_mean,0.013838592910290664,SI206,30,71
speed_10s_avg_stage4_col2_std_over_mean,0.01236250313327418,SI206,30,71
speed_10s_avg_stage5_rows,0.00012606697307944835,SI206,30,71
speed_10s_avg_stage5_col1_mean,0.01122469161647593,SI206,30,71
speed_10s_avg_stage5_col1_std_over_mean,0.021584093611547523,SI206,30,71
speed_10s_avg_stage5_col2_mean,0.017121670908865697,SI206,30,71
speed_10s_avg_stage5_col2_std_over_mean,0.031677438027654256,SI206,30,71
stage_2_frames,0.02356562606148293,SI206,31,72
stage_3_frames,0.009671450015344581,SI206,31,72
stage_4_frames,0.017373127400427325,SI206,31,72
stage_5_frames,0.017462793003964815,SI206,31,72
roam_mean,0.0062336821810524716,SI206,31,72
roam_std_over_mean,0.013547213271052906,SI206,31,72
roam_early_mean,0.011161311573512711,SI206,31,72
roam_mid_mean,0.02032121821058852,SI206,31,72
roam_late_mean,0.019934087115911645,SI206,31,72
roam_slope,0.02191028579239052,SI206,31,72
speed_1s_rows,0.019286399930488633,SI206,31,72
speed_1s_stage2_rows,0.011185219551514455,SI206,31,72
speed_1s_stage2_col1_mean,0.020311807857767348,SI206,31,72
speed_1s_stage2_col1_std_over_mean,0.024014149964688838,SI206,31,72
speed_1s_stage2_col2_mean,0.008986627240807007,SI206,31,72
speed_1s_stage2_col2_std_over_mean,0.015684451663800798,SI206,31,72
speed_1s_stage3_rows,0.01582473078804334,SI206,31,72
speed_1s_stage3_col1_mean,0.008861171902421791,SI206,31,72
speed_1s_stage3_col1_std_over_mean,0.01618579022922569,SI206,31,72
speed_1s_stage3_col2_mean,0.010075011346070507,SI206,31,72
speed_1s_stage3_col2_std_over_mean,0.021795881196120623,SI206,31,72
speed_1s_stage4_rows,0.019192649007862626,SI206,31,72
speed_1s_stage4_col1_mean,0.00516242316037247,SI206,31,72
speed_1s_stage4_col1_std_over_mean,0.021213328017071396,SI206,31,72
speed_1s_stage4_col2_mean,0.009050989272704068,SI206,31,72
speed_1s_stage4_col2_std_over_mean,0.04207790988770635,SI206,31,72
speed_1s_stage5_rows,6.174030484275661e-06,SI206,31,72
speed_1s_stage5_col1_mean,0.010595859894763648,SI206,31,72
speed_1s_stage5_col1_std_over_mean,0.10688530325669113,SI206,31,72
speed_1s_stage5_col2_mean,0.021359469755679684,SI206,31,72
speed_1s_stage5_col2_std_over_mean,0.05645478869809787,SI206,31,72
speed_10s_avg_rows,0.013058334494277164,SI206,31,72
speed_10s_avg_stage2_rows,0.006807679249160607,SI206,31,72
speed_10s_avg_stage2_col1_mean,0.01758558906448466,SI206,31,72
speed_10s_avg_stage2_col1_std_over_mean,0.028132566023613713,SI206,31,72
speed_10s_avg_stage2_col2_mean,0.007277212778537767,SI206,31,72
speed_10s_avg_stage2_col2_std_over_mean,0.01410578532450223,SI206,31,72
speed_10s_avg_stage3_rows,0.02177381668907092,SI206,31,72
speed_10s_avg_stage3_col1_mean,0.009487908556163958,SI206,31,72
speed_10s_avg_stage3_col1_std_over_mean,0.016616203770432658,SI206,31,72
speed_10s_avg_stage3_col2_mean,0.01167926033783059,SI206,31,72
speed_10s_avg_stage3_col2_std_over_mean,0.008388718421377209,SI206,31,72
speed_10s_avg_stage4_rows,0.015573960419540228,SI206,31,72
speed_10s_avg_stage4_col1_mean,0.005105419491458172,SI206,31,72
speed_10s_avg_stage4_col1_std_over_mean,0.07762790055922797,SI206,31,72
speed_10s_avg_stage4_col2_mean,0.014309164775932205,SI206,31,72
speed_10s_avg_stage4_col2_std_over_mean,0.013505264483234282,SI206,31,72
speed_10s_avg_stage5_rows,0.0001606655185720204,SI206,31,72
speed_10s_avg_stage5_col1_mean,0.014089438824805732,SI206,31,72
speed_10s_avg_stage5_col1_std_over_mean,0.024852192504978457,SI206,31,72
speed_10s_avg_stage5_col2_mean,0.018179360850801487,SI206,31,72
speed_10s_avg_stage5_col2_std_over_mean,0.03629262658388699,SI206,31,72
stage_2_frames,0.027557580096165435,SI206,32,73
stage_3_frames,0.009585584741366547,SI206,32,73
stage_4_frames,0.01935857303910954,SI206,32,73
stage_5_frames,0.015119984009005443,SI206,32,73
roam_mean,0.009473423146237017,SI206,32,73
roam_std_over_mean,0.018865250014852227,SI206,32,73
roam_early_mean,0.008834061425628805,SI206,32,73
roam_mid_mean,0.015963739351868015,SI206,32,73
roam_late_mean,0.02142378015277819,SI206,32,73
roam_slope,0.01654643006804073,SI206,32,73
speed_1s_rows,0.009756140156031436,SI206,32,73
speed_1s_stage2_rows,0.009737624540307376,SI206,32,73
speed_1s_stage2_col1_mean,0.016584393315733685,SI206,32,73
speed_1s_stage2_col1_std_over_mean,0.02323054137968054,SI206,32,73
speed_1s_stage2_col2_mean,0.00631976897135733,SI206,32,73
speed_1s_stage2_col2_std_over_mean,0.017452599889131185,SI206,32,73
speed_1s_stage3_rows,0.01667233501409429,SI206,32,73
speed_1s_stage3_col1_mean,0.008002125654464249,SI206,32,73
speed_1s_stage3_col1_std_over_mean,0.019770211702466678,SI206,32,73
speed_1s_stage3_col2_mean,0.010277745190169255,SI206,32,73
speed_1s_stage3_col2_std_over_mean,0.021455482658240814,SI206,32,73
speed_1s_stage4_rows,0.016523469437848506,SI206,32,73
speed_1s_stage4_col1_mean,0.005455873379148622,SI206,32,73
speed_1s_stage4_col1_std_over_mean,0.021149965265600916,SI206,32,73
speed_1s_stage4_col2_mean,0.014092647293938337,SI206,32,73
speed_1s_stage4_col2_std_over_mean,0.03854950395458043,SI206,32,73
speed_1s_stage5_rows,0.0,SI206,32,73
speed_1s_stage5_col1_mean,0.010877658454450184,SI206,32,73
speed_1s_stage5_col1_std_over_mean,0.08991524587263318,SI206,32,73
speed_1s_stage5_col2_mean,0.026028402009330886,SI206,32,73
speed_1s_stage5_col2_std_over_mean,0.05856503423856029,SI206,32,73
speed_10s_avg_rows,0.019569909940325734,SI206,32,73
speed_10s_avg_stage2_rows,0.008530544958996059,SI206,32,73
speed_10s_avg_stage2_col1_mean,0.02276638563538796,SI206,32,73
speed_10s_avg_stage2_col1_std_over_mean,0.021733746686585856,SI206,32,73
speed_10s_avg_stage2_col2_mean,0.008407591305333941,SI206,32,73
speed_10s_avg_stage2_col2_std_over_mean,0.015695401625071288,SI206,32,73
speed_10s_avg_stage3_rows,0.014747609172841883,SI206,32,73
speed_10s_avg_stage3_col1_mean,0.01680318335556711,SI206,32,73
speed_10s_avg_stage3_col1_std_over_mean,0.019016169773186046,SI206,32,73
speed_10s_avg_stage3_col2_mean,0.011218718454689334,SI206,32,73
speed_10s_avg_stage3_col2_std_over_mean,0.009553094761271523,SI206,32,73
speed_10s_avg_stage4_rows,0.0167179785146314,SI206,32,73
speed_10s_avg_stage4_col1_mean,0.007254861951180966,SI206,32,73
speed_10s_avg_stage4_col1_std_over_mean,0.0885592212804642,SI206,32,73
speed_10s_avg_stage4_col2_mean,0.009955322632735802,SI206,32,73
speed_10s_avg_stage4_col2_std_over_mean,0.014894123596524932,SI206,32,73
speed_10s_avg_stage5_rows,2.6399761376478492e-05,SI206,32,73
speed_10s_avg_stage5_col1_mean,0.012471399680443675,SI206,32,73
speed_10s_avg_stage5_col1_std_over_mean,0.02202080627247053,SI206,32,73
speed_10s_avg_stage5_col2_mean,0.018657564586852287,SI206,32,73
speed_10s_avg_stage5_col2_std_over_mean,0.03825479163124291,SI206,32,73
stage_2_frames,0.027034436741648217,SI206,33,74
stage_3_frames,0.011612959984582115,SI206,33,74
stage_4_frames,0.01394557079827714,SI206,33,74
stage_5_frames,0.010235233881973517,SI206,33,74
roam_mean,0.01078755580460156,SI206,33,74
roam_std_over_mean,0.02400580380558548,SI206,33,74
roam_early_mean,0.010078323832230042,SI206,33,74
roam_mid_mean,0.015517493712979601,SI206,33,74
roam_late_mean,0.025732910658695138,SI206,33,74
roam_slope,0.019297134403341364,SI206,33,74
speed_1s_rows,0.017282660165309438,SI206,33,74
speed_1s_stage2_rows,0.013833724007923988,SI206,33,74
speed_1s_stage2_col1_mean,0.020642456310292826,SI206,33,74
speed_1s_stage2_col1_std_over_mean,0.020857191916647585,SI206,33,74
speed_1s_stage2_col2_mean,0.013566384402525573,SI206,33,74
speed_1s_stage2_col2_std_over_mean,0.01208455172792367,SI206,33,74
speed_1s_stage3_rows,0.014338841887167175,SI206,33,74
speed_1s_stage3_col1_mean,0.011669506420494413,SI206,33,74
speed_1s_stage3_col1_std_over_mean,0.02216173171917426,SI206,33,74
speed_1s_stage3_col2_mean,0.009372960376630464,SI206,33,74
speed_1s_stage3_col2_std_over_mean,0.022446098327719197,SI206,33,74
speed_1s_stage4_rows,0.01619986543561847,SI206,33,74
speed_1s_stage4_col1_mean,0.007348692640516698,SI206,33,74
speed_1s_stage4_col1_std_over_mean,0.02787369189464449,SI206,33,74
speed_1s_stage4_col2_mean,0.008935921030963625,SI206,33,74
speed_1s_stage4_col2_std_over_mean,0.03604938698481201,SI206,33,74
speed_1s_stage5_rows,0.0,SI206,33,74
speed_1s_stage5_col1_mean,0.011596209865433714,SI206,33,74
speed_1s_stage5_col1_std_over_mean,0.08338667069115963,SI206,33,74
speed_1s_stage5_col2_mean,0.017758522070814717,SI206,33,74
speed_1s_stage5_col2_std_over_mean,0.05771685377335484,SI206,33,74
speed_10s_avg_rows,0.012550606528751595,SI206,33,74
speed_10s_avg_stage2_rows,0.0104536686189855,SI206,33,74
speed_10s_avg_stage2_col1_mean,0.015034389540672474,SI206,33,74
speed_10s_avg_stage2_col1_std_over_mean,0.033132723766683574,SI206,33,74
speed_10s_avg_stage2_col2_mean,0.006677732676868153,SI206,33,74
speed_10s_avg_stage2_col2_std_over_mean,0.02053993437856286,SI206,33,74
speed_10s_avg_stage3_rows,0.015436543170730808,SI206,33,74
speed_10s_avg_stage3_col1_mean,0.01521377367675913,SI206,33,74
speed_10s_avg_stage3_col1_std_over_mean,0.01823420231460016,SI206,33,74
speed_10s_avg_stage3_col2_mean,0.009326825819589376,SI206,33,74
speed_10s_avg_stage3_col2_std_over_mean,0.01061790437886728,SI206,33,74
speed_10s_avg_stage4_rows,0.01839277981710065,SI206,33,74
speed_10s_avg_stage4_col1_mean,0.008534613882693977,SI206,33,74
speed_10s_avg_stage4_col1_std_over_mean,0.08456991037360974,SI206,33,74
speed_10s_avg_stage4_col2_mean,0.013893890846426041,SI206,33,74
speed_10s_avg_stage4_col2_std_over_mean,0.012048571165542888,SI206,33,74
speed_10s_avg_stage5_rows,8.203131454108835e-06,SI206,33,74
speed_10s_avg_stage5_col1_mean,0.015044952479142181,SI206,33,74
speed_10s_avg_stage5_col1_std_over_mean,0.020028205306938825,SI206,33,74
speed_10s_avg_stage5_col2_mean,0.016059340664939,SI206,33,74
speed_10s_avg_stage5_col2_std_over_mean,0.030831882188040657,SI206,33,74
stage_2_frames,0.03259465139413996,SI206,34,75
stage_3_frames,0.01076999732337703,SI206,34,75
stage_4_frames,0.013020586865090611,SI206,34,75
stage_5_frames,0.016440520306962435,SI206,34,75
roam_mean,0.012507710434077649,SI206,34,75
roam_std_over_mean,0.0163935086924681,SI206,34,75
roam_early_mean,0.009540807912251892,SI206,34,75
roam_mid_mean,0.02342066571066746,SI206,34,75
roam_late_mean,0.02051205510505641,SI206,34,75
roam_slope,0.017653089966759808,SI206,34,75
speed_1s_rows,0.015588790777024684,SI206,34,75
speed_1s_stage2_rows,0.012763414182994884,SI206,34,75
speed_1s_stage2_col1_mean,0.016986314182554113,SI206,34,75
speed_1s_stage2_col1_std_over_mean,0.02322693530071327,SI206,34,75
speed_1s_stage2_col2_mean,0.006897643102612461,SI206,34,75
speed_1s_stage2_col2_std_over_mean,0.017966640033185807,SI206,34,75
speed_1s_stage3_rows,0.013495025529923821,SI206,34,75
speed_1s_stage3_col1_mean,0.01207705211642583,SI206,34,75
speed_1s_stage3_col1_std_over_mean,0.02738063375763855,SI206,34,75
speed_1s_stage3_col2_mean,0.008837975211962402,SI206,34,75
speed_1s_stage3_col2_std_over_mean,0.028987397882470966,SI206,34,75
speed_1s_stage4_rows,0.011943894409635437,SI206,34,75
speed_1s_stage4_col1_mean,0.006955806606918829,SI206,34,75
speed_1s_stage4_col1_std_over_mean,0.015824133282957314,SI206,34,75
speed_1s_stage4_col2_mean,0.010209949633587926,SI206,34,75
speed_1s_stage4_col2_std_over_mean,0.03850021877144336,SI206,34,75
speed_1s_stage5_rows,0.00010733852633148238,SI206,34,75
speed_1s_stage5_col1_mean,0.011481079871109934,SI206,34,75
speed_1s_stage5_col1_std_over_mean,0.08717271638012566,SI206,34,75
speed_1s_stage5_col2_mean,0.016290077005331298,SI206,34,75
speed_1s_stage5_col2_std_over_mean,0.05550076832284015,SI206,34,75
speed_10s_avg_rows,0.01242102361016901,SI206,34,75
speed_10s_avg_stage2_rows,0.00919730093504211,SI206,34,75
speed_10s_avg_stage2_col1_mean,0.019648659744156156,SI206,34,75
speed_10s_avg_stage2_col1_std_over_mean,0.032756909364396444,SI206,34,75
speed_10s_avg_stage2_col2_mean,0.0073137887829132775,SI206,34,75
speed_10s_avg_stage2_col2_std_over_mean,0.016999901828949154,SI206,34,75
speed_10s_avg_stage3_rows,0.01683014476794332,SI206,34,75
speed_10s_avg_stage3_col1_mean,0.010397943540946045,SI206,34,75
speed_10s_avg_stage3_col1_std_over_mean,0.020710242555040257,SI206,34,75
speed_10s_avg_stage3_col2_mean,0.012849371360546263,SI206,34,75
speed_10s_avg_stage3_col2_std_over_mean,0.011717822571168742,SI206,34,75
speed_10s_avg_stage4_rows,0.010315395718985676,SI206,34,75
speed_10s_avg_stage4_col1_mean,0.00675271906210258,SI206,34,75
speed_10s_avg_stage4_col1_std_over_mean,0.08904192929823146,SI206,34,75
speed_10s_avg_stage4_col2_mean,0.006699595627828113,SI206,34,75
speed_10s_avg_stage4_col2_std_over_mean,0.017000646119116652,SI206,34,75
speed_10s_avg_stage5_rows,0.0,SI206,34,75
speed_10s_avg_stage5_col1_mean,0.011057471981418437,SI206,34,75
speed_10s_avg_stage5_col1_std_over_mean,0.019824374710598325,SI206,34,75
speed_10s_avg_stage5_col2_mean,0.01896184168611767,SI206,34,75
speed_10s_avg_stage5_col2_std_over_mean,0.03845551813569085,SI206,34,75
stage_2_frames,0.031525594943994734,SI206,35,76
stage_3_frames,0.011206520772102152,SI206,35,76
stage_4_frames,0.017374947354731843,SI206,35,76
stage_5_frames,0.014726130634504668,SI206,35,76
roam_mean,0.00910683064088148,SI206,35,76
roam_std_over_mean,0.015119112810499867,SI206,35,76
roam_early_mean,0.0058049781228510025,SI206,35,76
roam_mid_mean,0.019386492588349572,SI206,35,76
roam_late_mean,0.02172287999202275,SI206,35,76
roam_slope,0.020732136099417636,SI206,35,76
speed_1s_rows,0.012493457340153242,SI206,35,76
speed_1s_stage2_rows,0.009035831889007568,SI206,35,76
speed_1s_stage2_col1_mean,0.019598018871305696,SI206,35,76
speed_1s_stage2_col1_std_over_mean,0.024555635948675655,SI206,35,76
speed_1s_stage2_col2_mean,0.0081766739756442,SI206,35,76
speed_1s_stage2_col2_std_over_mean,0.016088381292951884,SI206,35,76
speed_1s_stage3_rows,0.01822146619224339,SI206,35,76
speed_1s_stage3_col1_mean,0.0074297538012415626,SI206,35,76
speed_1s_stage3_col1_std_over_mean,0.02199910128106934,SI206,35,76
speed_1s_stage3_col2_mean,0.014806466549388692,SI206,35,76
speed_1s_stage3_col2_std_over_mean,0.023329075204298038,SI206,35,76
speed_1s_stage4_rows,0.01569830686422513,SI206,35,76
speed_1s_stage4_col1_mean,0.005859998248685514,SI206,35,76
speed_1s_stage4_col1_std_over_mean,0.01927782044756661,SI206,35,76
speed_1s_stage4_col2_mean,0.012044843401840708,SI206,35,76
speed_1s_stage4_col2_std_over_mean,0.03888702871619818,SI206,35,76
speed_1s_stage5_rows,0.0,SI206,35,76
speed_1s_stage5_col1_mean,0.01511208736750613,SI206,35,76
speed_1s_stage5_col1_std_over_mean,0.09190546152919528,SI206,35,76
speed_1s_stage5_col2_mean,0.01773384562082056,SI206,35,76
speed_1s_stage5_col2_std_over_mean,0.06937320889835379,SI206,35,76
speed_10s_avg_rows,0.011978028188392104,SI206,35,76
speed_10s_avg_stage2_rows,0.014177037023020589,SI206,35,76
speed_10s_avg_stage2_col1_mean,0.017549252376575696,SI206,35,76
speed_10s_avg_stage2_col1_std_over_mean,0.029054467753615677,SI206,35,76
speed_10s_avg_stage2_col2_mean,0.0099882539364369,SI206,35,76
speed_10s_avg_stage2_col2_std_over_mean,0.02072184054913827,SI206,35,76
speed_10s_avg_stage3_rows,0.014041260483597207,SI206,35,76
speed_10s_avg_stage3_col1_mean,0.006006308557357093,SI206,35,76
speed_10s_avg_stage3_col1_std_over_mean,0.017230247285440887,SI206,35,76
speed_10s_avg_stage3_col2_mean,0.012812271413090937,SI206,35,76
speed_10s_avg_stage3_col2_std_over_mean,0.010558826204310715,SI206,35,76
speed_10s_avg_stage4_rows,0.019509823876457184,SI206,35,76
speed_10s_avg_stage4_col1_mean,0.006943048159191116,SI206,35,76
speed_10s_avg_stage4_col1_std_over_mean,0.06858685526208304,SI206,35,76
speed_10s_avg_stage4_col2_mean,0.01216114973590579,SI206,35,76
speed_10s_avg_stage4_col2_std_over_mean,0.00997396270605071,SI206,35,76
speed_10s_avg_stage5_rows,0.00020885001957968922,SI206,35,76
speed_10s_avg_stage5_col1_mean,0.01579045589403803,SI206,35,76
speed_10s_avg_stage5_col1_std_over_mean,0.02351928113579168,SI206,35,76
speed_10s_avg_stage5_col2_mean,0.01791284305700792,SI206,35,76
speed_10s_avg_stage5_col2_std_over_mean,0.03294384898319192,SI206,35,76
stage_2_frames,0.031519192052327595,SI206,36,77
stage_3_frames,0.012368648414155874,SI206,36,77
stage_4_frames,0.011722800050514267,SI206,36,77
stage_5_frames,0.012767125995183872,SI206,36,77
roam_mean,0.010650075244436957,SI206,36,77
roam_std_over_mean,0.019101404232841932,SI206,36,77
roam_early_mean,0.00821907222537772,SI206,36,77
roam_mid_mean,0.0232320783775889,SI206,36,77
roam_late_mean,0.015213985685007255,SI206,36,77
roam_slope,0.021245722658955808,SI206,36,77
speed_1s_rows,0.016528156426638147,SI206,36,77
speed_1s_stage2_rows,0.014487542047614618,SI206,36,77
speed_1s_stage2_col1_mean,0.023074542637341575,SI206,36,77
speed_1s_stage2_col1_std_over_mean,0.021713876306613658,SI206,36,77
speed_1s_stage2_col2_mean,0.004601187586739155,SI206,36,77
speed_1s_stage2_col2_std_over_mean,0.01905026224020099,SI206,36,77
speed_1s_stage3_rows,0.013607385547162594,SI206,36,77
speed_1s_stage3_col1_mean,0.01101614599574867,SI206,36,77
speed_1s_stage3_col1_std_over_mean,0.017289240486958304,SI206,36,77
speed_1s_stage3_col2_mean,0.01317658802086036,SI206,36,77
speed_1s_stage3_col2_std_over_mean,0.02928372850822912,SI206,36,77
speed_1s_stage4_rows,0.01681828330334571,SI206,36,77
speed_1s_stage4_col1_mean,0.009297693279586874,SI206,36,77
speed_1s_stage4_col1_std_over_mean,0.025842025811094526,SI206,36,77
speed_1s_stage4_col2_mean,0.01716145687890252,SI206,36,77
speed_1s_stage4_col2_std_over_mean,0.03874372268968005,SI206,36,77
speed_1s_stage5_rows,1.5033962219827887e-05,SI206,36,77
speed_1s_stage5_col1_mean,0.01055944797282646,SI206,36,77
speed_1s_stage5_col1_std_over_mean,0.07065583400510196,SI206,36,77
speed_1s_stage5_col2_mean,0.011121193154253424,SI206,36,77
speed_1s_stage5_col2_std_over_mean,0.06276551757471634,SI206,36,77
speed_10s_avg_rows,0.01323703908346827,SI206,36,77
speed_10s_avg_stage2_rows,0.009431438742051945,SI206,36,77
speed_10s_avg_stage2_col1_mean,0.01554746016701567,SI206,36,77
speed_10s_avg_stage2_col1_std_over_mean,0.023027955253052644,SI206,36,77
speed_10s_avg_stage2_col2_mean,0.005886850465431089,SI206,36,77
speed_10s_avg_stage2_col2_std_over_mean,0.016826534302340115,SI206,36,77
speed_10s_avg_stage3_rows,0.020631183008252743,SI206,36,77
speed_10s_avg_stage3_col1_mean,0.011326496667083923,SI206,36,77
speed_10s_avg_stage3_col1_std_over_mean,0.014720847755755682,SI206,36,77
speed_10s_avg_stage3_col2_mean,0.013408087691521338,SI206,36,77
speed_10s_avg_stage3_col2_std_over_mean,0.007858987186083506,SI206,36,77
speed_10s_avg_stage4_rows,0.017866845389751067,SI206,36,77
speed_10s_avg_stage4_col1_mean,0.00886161224307274,SI206,36,77
speed_10s_avg_stage4_col1_std_over_mean,0.0938011944676705,SI206,36,77
speed_10s_avg_stage4_col2_mean,0.015791419430522043,SI206,36,77
speed_10s_avg_stage4_col2_std_over_mean,0.016737698822592042,SI206,36,77
speed_10s_avg_stage5_rows,0.00024332750361189302,SI206,36,77
speed_10s_avg_stage5_col1_mean,0.014725407302448265,SI206,36,77
speed_10s_avg_stage5_col1_std_over_mean,0.018765105121631313,SI206,36,77
speed_10s_avg_stage5_col2_mean,0.019584636643581916,SI206,36,77
speed_10s_avg_stage5_col2_std_over_mean,0.02887090338083614,SI206,36,77
stage_2_frames,0.032568368760559206,SI206,37,78
stage_3_frames,0.00994803053419738,SI206,37,78
stage_4_frames,0.011961520852485209,SI206,37,78
stage_5_frames,0.022362382050732297,SI206,37,78
roam_mean,0.009032302300070022,SI206,37,78
roam_std_over_mean,0.017606237234295104,SI206,37,78
roam_early_mean,0.010751633244673112,SI206,37,78
roam_mid_mean,0.014575443392406377,SI206,37,78
roam_late_mean,0.025473359585998865,SI206,37,78
roam_slope,0.01730767766900926,SI206,37,78
speed_1s_rows,0.017164884673773865,SI206,37,78
speed_1s_stage2_rows,0.00840229820245227,SI206,37,78
speed_1s_stage2_col1_mean,0.017852721313486607,SI206,37,78
speed_1s_stage2_col1_std_over_mean,0.02244933788355329,SI206,37,78
speed_1s_stage2_col2_mean,0.005913863679564607,SI206,37,78
speed_1s_stage2_col2_std_over_mean,0.017587499795515403,SI206,37,78
speed_1s_stage3_rows,0.013415911310600447,SI206,37,78
speed_1s_stage3_col1_mean,0.010243702394377576,SI206,37,78
speed_1s_stage3_col1_std_over_mean,0.020400719796176116,SI206,37,78
speed_1s_stage3_col2_mean,0.006960677102205576,SI206,37,78
speed_1s_stage3_col2_std_over_mean,0.029061655497284396,SI206,37,78
speed_1s_stage4_rows,0.017146560009020036,SI206,37,78
speed_1s_stage4_col1_mean,0.006304228247905342,SI206,37,78
speed_1s_stage4_col1_std_over_mean,0.023985831711805152,SI206,37,78
speed_1s_stage4_col2_mean,0.01035327066019804,SI206,37,78
speed_1s_stage4_col2_std_over_mean,0.048404795651561555,SI206,37,78
speed_1s_stage5_rows,0.0,SI206,37,78
speed_1s_stage5_col1_mean,0.015696282195227063,SI206,37,78
speed_1s_stage5_col1_std_over_mean,0.0828346056507349,SI206,37,78
speed_1s_stage5_col2_mean,0.01632864417984246,SI206,37,78
speed_1s_stage5_col2_std_over_mean,0.07397877300621607,SI206,37,78
speed_10s_avg_rows,0.0122401418725952,SI206,37,78
speed_10s_avg_stage2_rows,0.011587323584520599,SI206,37,78
speed_10s_avg_stage2_col1_mean,0.019401339768435145,SI206,37,78
speed_10s_avg_stage2_col1_std_over_mean,0.026358188387341268,SI206,37,78
speed_10s_avg_stage2_col2_mean,0.009615060519194472,SI206,37,78
speed_10s_avg_stage2_col2_std_over_mean,0.018132447694929683,SI206,37,78
speed_10s_avg_stage3_rows,0.0180893910549214,SI206,37,78
speed_10s_avg_stage3_col1_mean,0.012904151722549584,SI206,37,78
speed_10s_avg_stage3_col1_std_over_mean,0.014078022893042424,SI206,37,78
speed_10s_avg_stage3_col2_mean,0.015695823435059077,SI206,37,78
speed_10s_avg_stage3_col2_std_over_mean,0.010996696545112813,SI206,37,78
speed_10s_avg_stage4_rows,0.017251627107451078,SI206,37,78
speed_10s_avg_stage4_col1_mean,0.00575819647880849,SI206,37,78
speed_10s_avg_stage4_col1_std_over_mean,0.0709910819722276,SI206,37,78
speed_10s_avg_stage4_col2_mean,0.012812030713105799,SI206,37,78
speed_10s_avg_stage4_col2_std_over_mean,0.013897030273460679,SI206,37,78
speed_10s_avg_stage5_rows,1.795000507856727e-05,SI206,37,78
speed_10s_avg_stage5_col1_mean,0.012750087836158823,SI206,37,78
speed_10s_avg_stage5_col1_std_over_mean,0.016123454468275126,SI206,37,78
speed_10s_avg_stage5_col2_mean,0.01640028577503351,SI206,37,78
speed_10s_avg_stage5_col2_std_over_mean,0.02882644930677107,SI206,37,78
stage_2_frames,0.024489609210285625,SI206,38,79
stage_3_frames,0.011111597331370165,SI206,38,79
stage_4_frames,0.02262911273903076,SI206,38,79
stage_5_frames,0.014661793483053227,SI206,38,79
roam_mean,0.010047099596893977,SI206,38,79
roam_std_over_mean,0.02015662352615645,SI206,38,79
roam_early_mean,0.0062931624586281465,SI206,38,79
roam_mid_mean,0.02206737956719578,SI206,38,79
roam_late_mean,0.020611871770414087,SI206,38,79
roam_slope,0.015201408427282933,SI206,38,79
speed_1s_rows,0.01747592201198637,SI206,38,79
speed_1s_stage2_rows,0.013536459901501822,SI206,38,79
speed_1s_stage2_col1_mean,0.021041186317657907,SI206,38,79
speed_1s_stage2_col1_std_over_mean,0.017627286154610684,SI206,38,79
speed_1s_stage2_col2_mean,0.004694378187599372,SI206,38,79
speed_1s_stage2_col2_std_over_mean,0.019432919787705213,SI206,38,79
speed_1s_stage3_rows,0.01706428540058916,SI206,38,79
speed_1s_stage3_col1_mean,0.011403850858497447,SI206,38,79
speed_1s_stage3_col1_std_over_mean,0.026679123930482156,SI206,38,79
speed_1s_stage3_col2_mean,0.009341732578718806,SI206,38,79
speed_1s_stage3_col2_std_over_mean,0.035096648633645935,SI206,38,79
speed_1s_stage4_rows,0.011555388666815918,SI206,38,79
speed_1s_stage4_col1_mean,0.006325959680479637,SI206,38,79
speed_1s_stage4_col1_std_over_mean,0.018305768986247608,SI206,38,79
speed_1s_stage4_col2_mean,0.010764670712124868,SI206,38,79
speed_1s_stage4_col2_std_over_mean,0.03988877603945394,SI206,38,79
speed_1s_stage5_rows,0.0,SI206,38,79
speed_1s_stage5_col1_mean,0.01130712296288984,SI206,38,79
speed_1s_stage5_col1_std_over_mean,0.09400162839646216,SI206,38,79
speed_1s_stage5_col2_mean,0.013515374949245738,SI206,38,79
speed_1s_stage5_col2_std_over_mean,0.061732035683657004,SI206,38,79
speed_10s_avg_rows,0.014930419632040174,SI206,38,79
speed_10s_avg_stage2_rows,0.010780226521401436,SI206,38,79
speed_10s_avg_stage2_col1_mean,0.02142337815206476,SI206,38,79
speed_10s_avg_stage2_col1_std_over_mean,0.0220251534276879,SI206,38,79
speed_10s_avg_stage2_col2_mean,0.013528494477438043,SI206,38,79
speed_10s_avg_stage2_col2_std_over_mean,0.020596728955158766,SI206,38,79
speed_10s_avg_stage3_rows,0.015464926024150932,SI206,38,79
speed_10s_avg_stage3_col1_mean,0.015502481738077771,SI206,38,79
speed_10s_avg_stage3_col1_std_over_mean,0.017780410342052227,SI206,38,79
speed_10s_avg_stage3_col2_mean,0.010594857148195674,SI206,38,79
speed_10s_avg_stage3_col2_std_over_mean,0.009227692893651298,SI206,38,79
speed_10s_avg_stage4_rows,0.015410417424466957,SI206,38,79
speed_10s_avg_stage4_col1_mean,0.006851140544681236,SI206,38,79
speed_10s_avg_stage4_col1_std_over_mean,0.08353233201065347,SI206,38,79
speed_10s_avg_stage4_col2_mean,0.010485055799434775,SI206,38,79
speed_10s_avg_stage4_col2_std_over_mean,0.012123142085485334,SI206,38,79
speed_10s_avg_stage5_rows,0.0,SI206,38,79
speed_10s_avg_stage5_col1_mean,0.009133245436346553,SI206,38,79
speed_10s_avg_stage5_col1_std_over_mean,0.019673331474280943,SI206,38,79
speed_10s_avg_stage5_col2_mean,0.017512746410574775,SI206,38,79
speed_10s_avg_stage5_col2_std_over_mean,0.025363641551474116,SI206,38,79
stage_2_frames,0.03327281971728014,SI206,39,80
stage_3_frames,0.007040323085552288,SI206,39,80
stage_4_frames,0.012236500030732124,SI206,39,80
stage_5_frames,0.014459678145974387,SI206,39,80
roam_mean,0.007196805540420089,SI206,39,80
roam_std_over_mean,0.019087559815534012,SI206,39,80
roam_early_mean,0.009338464691306479,SI206,39,80
roam_mid_mean,0.019872454510196792,SI206,39,80
roam_late_mean,0.02379693362923576,SI206,39,80
roam_slope,0.026353248977186043,SI206,39,80
speed_1s_rows,0.016405078332468404,SI206,39,80
speed_1s_stage2_rows,0.010550834799680832,SI206,39,80
speed_1s_stage2_col1_mean,0.018316693255484486,SI206,39,80
speed_1s_stage2_col1_std_over_mean,0.02093857916094897,SI206,39,80
speed_1s_stage2_col2_mean,0.007000416321840477,SI206,39,80
speed_1s_stage2_col2_std_over_mean,0.01514551576161249,SI206,39,80
speed_1s_stage3_rows,0.013437327879396395,SI206,39,80
speed_1s_stage3_col1_mean,0.013117820021280981,SI206,39,80
speed_1s_stage3_col1_std_over_mean,0.020704132411901655,SI206,39,80
speed_1s_stage3_col2_mean,0.009745808430949812,SI206,39,80
speed_1s_stage3_col2_std_over_mean,0.028325381965087222,SI206,39,80
speed_1s_stage4_rows,0.019358877121329,SI206,39,80
speed_1s_stage4_col1_mean,0.006299427673437575,SI206,39,80
speed_1s_stage4_col1_std_over_mean,0.02241737810583202,SI206,39,80
speed_1s_stage4_col2_mean,0.014377732932030172,SI206,39,80
speed_1s_stage4_col2_std_over_mean,0.033854230082742146,SI206,39,80
speed_1s_stage5_rows,0.00016047290596279205,SI206,39,80
speed_1s_stage5_col1_mean,0.014322159006725906,SI206,39,80
speed_1s_stage5_col1_std_over_mean,0.0820387069302229,SI206,39,80
speed_1s_stage5_col2_mean,0.018293379544321548,SI206,39,80
speed_1s_stage5_col2_std_over_mean,0.06290498923254317,SI206,39,80
speed_10s_avg_rows,0.015492312810969777,SI206,39,80
speed_10s_avg_stage2_rows,0.009481255651765805,SI206,39,80
speed_10s_avg_stage2_col1_mean,0.016888944832833576,SI206,39,80
speed_10s_avg_stage2_col1_std_over_mean,0.021874002883682613,SI206,39,80
speed_10s_avg_stage2_col2_mean,0.00953084394249067,SI206,39,80
speed_10s_avg_stage2_col2_std_over_mean,0.018340174577450474,SI206,39,80
speed_10s_avg_stage3_rows,0.020817567507952533,SI206,39,80
speed_10s_avg_stage3_col1_mean,0.018671337076327572,SI206,39,80
speed_10s_avg_stage3_col1_std_over_mean,0.014257106625542124,SI206,39,80
speed_10s_avg_stage3_col2_mean,0.010554257246823903,SI206,39,80
speed_10s_avg_stage3_col2_std_over_mean,0.012172062839218475,SI206,39,80
speed_10s_avg_stage4_rows,0.016858291968124776,SI206,39,80
speed_10s_avg_stage4_col1_mean,0.006008252121456758,SI206,39,80
speed_10s_avg_stage4_col1_std_over_mean,0.08402513651156865,SI206,39,80
speed_10s_avg_stage4_col2_mean,0.009831011762706253,SI206,39,80
speed_10s_avg_stage4_col2_std_over_mean,0.01241207779757217,SI206,39,80
speed_10s_avg_stage5_rows,2.5573939608343785e-05,SI206,39,80
speed_10s_avg_stage5_col1_mean,0.010557303978458674,SI206,39,80
speed_10s_avg_stage5_col1_std_over_mean,0.01881888032215534,SI206,39,80
speed_10s_avg_stage5_col2_mean,0.013381226065334494,SI206,39,80
speed_10s_avg_stage5_col2_std_over_mean,0.0396326495187401,SI206,39,80
stage_2_frames,0.032646122945944135,SI206,40,81
stage_3_frames,0.014439585081892345,SI206,40,81
stage_4_frames,0.01127047936047222,SI206,40,81
stage_5_frames,0.021658853354883694,SI206,40,81
roam_mean,0.010060390520368756,SI206,40,81
roam_std_over_mean,0.022117748913855498,SI206,40,81
roam_early_mean,0.011851612287954694,SI206,40,81
roam_mid_mean,0.017228240356171803,SI206,40,81
roam_late_mean,0.02033673211703082,SI206,40,81
roam_slope,0.02082641918892133,SI206,40,81
speed_1s_rows,0.00947594607817404,SI206,40,81
speed_1s_stage2_rows,0.009954277502821763,SI206,40,81
speed_1s_stage2_col1_mean,0.02120240093838055,SI206,40,81
speed_1s_stage2_col1_std_over_mean,0.02019468460620266,SI206,40,81
speed_1s_stage2_col2_mean,0.012116530720131642,SI206,40,81
speed_1s_stage2_col2_std_over_mean,0.01236672031070378,SI206,40,81
speed_1s_stage3_rows,0.0190976667273284,SI206,40,81
speed_1s_stage3_col1_mean,0.013075101416409255,SI206,40,81
speed_1s_stage3_col1_std_over_mean,0.02548520839725214,SI206,40,81
speed_1s_stage3_col2_mean,0.012065191349491845,SI206,40,81
speed_1s_stage3_col2_std_over_mean,0.022351688682658556,SI206,40,81
speed_1s_stage4_rows,0.01328275626839201,SI206,40,81
speed_1s_stage4_col1_mean,0.008049142738018343,SI206,40,81
speed_1s_stage4_col1_std_over_mean,0.02931692130051963,SI206,40,81
speed_1s_stage4_col2_mean,0.012298560288447634,SI206,40,81
speed_1s_stage4_col2_std_over_mean,0.0356376473583136,SI206,40,81
speed_1s_stage5_rows,0.0,SI206,40,81
speed_1s_stage5_col1_mean,0.010632714001143805,SI206,40,81
speed_1s_stage5_col1_std_over_mean,0.09094965080340565,SI206,40,81
speed_1s_stage5_col2_mean,0.019770663305738834,SI206,40,81
speed_1s_stage5_col2_std_over_mean,0.05179495174496365,SI206,40,81
speed_10s_avg_rows,0.014369266886109143,SI206,40,81
speed_10s_avg_stage2_rows,0.008766862483260428,SI206,40,81
speed_10s_avg_stage2_col1_mean,0.024441208973618796,SI206,40,81
speed_10s_avg_stage2_col1_std_over_mean,0.0257882044715458,SI206,40,81
speed_10s_avg_stage2_col2_mean,0.0107210192717032,SI206,40,81
speed_10s_avg_stage2_col2_std_over_mean,0.018781847545899493,SI206,40,81
speed_10s_avg_stage3_rows,0.01396159360615683,SI206,40,81
speed_10s_avg_stage3_col1_mean,0.014332030655351033,SI206,40,81
speed_10s_avg_stage3_col1_std_over_mean,0.021148932634694053,SI206,40,81
speed_10s_avg_stage3_col2_mean,0.011140641365540152,SI206,40,81
speed_10s_avg_stage3_col2_std_over_mean,0.013244810168602468,SI206,40,81
speed_10s_avg_stage4_rows,0.015989583986481266,SI206,40,81
speed_10s_avg_stage4_col1_mean,0.0045309806262713356,SI206,40,81
speed_10s_avg_stage4_col1_std_over_mean,0.08692107516794785,SI206,40,81
speed_10s_avg_stage4_col2_mean,0.012447573871650026,SI206,40,81
speed_10s_avg_stage4_col2_std_over_mean,0.008062056711776207,SI206,40,81
speed_10s_avg_stage5_rows,9.234662091587334e-05,SI206,40,81
speed_10s_avg_stage5_col1_mean,0.010444008014030563,SI206,40,81
speed_10s_avg_stage5_col1_std_over_mean,0.01506520113224198,SI206,40,81
speed_10s_avg_stage5_col2_mean,0.017066337278043905,SI206,40,81
speed_10s_avg_stage5_col2_std_over_mean,0.021129809862166744,SI206,40,81
stage_2_frames,0.034257924389670964,SI206,41,82
stage_3_frames,0.011964188378387669,SI206,41,82
stage_4_frames,0.01391810219439084,SI206,41,82
stage_5_frames,0.012103926569584795,SI206,41,82
roam_mean,0.012666420904185257,SI206,41,82
roam_std_over_mean,0.01608373066165234,SI206,41,82
roam_early_mean,0.014691958031032498,SI206,41,82
roam_mid_mean,0.020572701877120337,SI206,41,82
roam_late_mean,0.02571502404045507,SI206,41,82
roam_slope,0.01884411537033697,SI206,41,82
speed_1s_rows,0.015372390695203257,SI206,41,82
speed_1s_stage2_rows,0.007085668573733283,SI206,41,82
speed_1s_stage2_col1_mean,0.017438065927697057,SI206,41,82
speed_1s_stage2_col1_std_over_mean,0.020043892788442316,SI206,41,82
speed_1s_stage2_col2_mean,0.009685898827155244,SI206,41,82
speed_1s_stage2_col2_std_over_mean,0.01134689672008682,SI206,41,82
speed_1s_stage3_rows,0.0177706805422035,SI206,41,82
speed_1s_stage3_col1_mean,0.015622505140949287,SI206,41,82
speed_1s_stage3_col1_std_over_mean,0.017865878487880852,SI206,41,82
speed_1s_stage3_col2_mean,0.009660673779222787,SI206,41,82
speed_1s_stage3_col2_std_over_mean,0.03104870544167543,SI206,41,82
speed_1s_stage4_rows,0.012926718433608663,SI206,41,82
speed_1s_stage4_col1_mean,0.008444824077487081,SI206,41,82
speed_1s_stage4_col1_std_over_mean,0.024703412789418892,SI206,41,82
speed_1s_stage4_col2_mean,0.009506510577493021,SI206,41,82
speed_1s_stage4_col2_std_over_mean,0.04339562189115476,SI206,41,82
speed_1s_stage5_rows,0.0,SI206,41,82
speed_1s_stage5_col1_mean,0.010632386565193405,SI206,41,82
speed_1s_stage5_col1_std_over_mean,0.0883777520024985,SI206,41,82
speed_1s_stage5_col2_mean,0.014655338280255807,SI206,41,82
speed_1s_stage5_col2_std_over_mean,0.06124330535312872,SI206,41,82
speed_10s_avg_rows,0.013412527605166785,SI206,41,82
speed_10s_avg_stage2_rows,0.014160304275440305,SI206,41,82
speed_10s_avg_stage2_col1_mean,0.016497112982197984,SI206,41,82
speed_10s_avg_stage2_col1_std_over_mean,0.026038097500734797,SI206,41,82
speed_10s_avg_stage2_col2_mean,0.00881095457626682,SI206,41,82
speed_10s_avg_stage2_col2_std_over_mean,0.01673643687153053,SI206,41,82
speed_10s_avg_stage3_rows,0.01573620259773944,SI206,41,82
speed_10s_avg_stage3_col1_mean,0.012654380913456281,SI206,41,82
speed_10s_avg_stage3_col1_std_over_mean,0.0156905740451793,SI206,41,82
speed_10s_avg_stage3_col2_mean,0.00938435277287879,SI206,41,82
speed_10s_avg_stage3_col2_std_over_mean,0.011057081571591531,SI206,41,82
speed_10s_avg_stage4_rows,0.012444431692856332,SI206,41,82
speed_10s_avg_stage4_col1_mean,0.006659110506032484,SI206,41,82
speed_10s_avg_stage4_col1_std_over_mean,0.08236078892575144,SI206,41,82
speed_10s_avg_stage4_col2_mean,0.013352500749849151,SI206,41,82
speed_10s_avg_stage4_col2_std_over_mean,0.012327986259439684,SI206,41,82
speed_10s_avg_stage5_rows,0.0,SI206,41,82
speed_10s_avg_stage5_col1_mean,0.009166049119863231,SI206,41,82
speed_10s_avg_stage5_col1_std_over_mean,0.019938878152868444,SI206,41,82
speed_10s_avg_stage5_col2_mean,0.01460131976734201,SI206,41,82
speed_10s_avg_stage5_col2_std_over_mean,0.04132568980250939,SI206,41,82
stage_2_frames,0.023815161213185394,SI206,42,83
stage_3_frames,0.011687400735900036,SI206,42,83
stage_4_frames,0.01590783850978276,SI206,42,83
stage_5_frames,0.018446726041456037,SI206,42,83
roam_mean,0.008754647304086014,SI206,42,83
roam_std_over_mean,0.016773590156576985,SI206,42,83
roam_early_mean,0.007828207602903873,SI206,42,83
roam_mid_mean,0.01717243266605667,SI206,42,83
roam_late_mean,0.029955122653592223,SI206,42,83
roam_slope,0.018748735916965433,SI206,42,83
speed_1s_rows,0.019974645088284275,SI206,42,83
speed_1s_stage2_rows,0.006982183560450642,SI206,42,83
speed_1s_stage2_col1_mean,0.018743274499088816,SI206,42,83
speed_1s_stage2_col1_std_over_mean,0.03147412860040071,SI206,42,83
speed_1s_stage2_col2_mean,0.011531168520220396,SI206,42,83
speed_1s_stage2_col2_std_over_mean,0.01377824296627306,SI206,42,83
speed_1s_stage3_rows,0.013946775004372927,SI206,42,83
speed_1s_stage3_col1_mean,0.013621006651353629,SI206,42,83
speed_1s_stage3_col1_std_over_mean,0.021095190067654257,SI206,42,83
speed_1s_stage3_col2_mean,0.013126703403868114,SI206,42,83
speed_1s_stage3_col2_std_over_mean,0.02070187997699157,SI206,42,83
speed_1s_stage4_rows,0.018776514886566214,SI206,42,83
speed_1s_stage4_col1_mean,0.011033762871150042,SI206,42,83
speed_1s_stage4_col1_std_over_mean,0.026558358202470246,SI206,42,83
speed_1s_stage4_col2_mean,0.013680435404930288,SI206,42,83
speed_1s_stage4_col2_std_over_mean,0.0433446804593021,SI206,42,83
speed_1s_stage5_rows,0.0,SI206,42,83
speed_1s_stage5_col1_mean,0.014280879828240112,SI206,42,83
speed_1s_stage5_col1_std_over_mean,0.09345846768132264,SI206,42,83
speed_1s_stage5_col2_mean,0.017463706754198546,SI206,42,83
speed_1s_stage5_col2_std_over_mean,0.06308659818158338,SI206,42,83
speed_10s_avg_rows,0.01656651061047391,SI206,42,83
speed_10s_avg_stage2_rows,0.010761326184635498,SI206,42,83
speed_10s_avg_stage2_col1_mean,0.016099086986960477,SI206,42,83
speed_10s_avg_stage2_col1_std_over_mean,0.031901615886972136,SI206,42,83
speed_10s_avg_stage2_col2_mean,0.009433346924290124,SI206,42,83
speed_10s_avg_stage2_col2_std_over_mean,0.018948720895858664,SI206,42,83
speed_10s_avg_stage3_rows,0.009371888643528515,SI206,42,83
speed_10s_avg_stage3_col1_mean,0.00948620209709269,SI206,42,83
speed_10s_avg_stage3_col1_std_over_mean,0.01612024575534166,SI206,42,83
speed_10s_avg_stage3_col2_mean,0.007673221049441612,SI206,42,83
speed_10s_avg_stage3_col2_std_over_mean,0.01184673361752783,SI206,42,83
speed_10s_avg_stage4_rows,0.01622063818433475,SI206,42,83
speed_10s_avg_stage4_col1_mean,0.006971320569844403,SI206,42,83
speed_10s_avg_stage4_col1_std_over_mean,0.06790418235170878,SI206,42,83
speed_10s_avg_stage4_col2_mean,0.008101180872588787,SI206,42,83
speed_10s_avg_stage4_col2_std_over_mean,0.010458841338219041,SI206,42,83
speed_10s_avg_stage5_rows,4.42886141354493e-06,SI206,42,83
speed_10s_avg_stage5_col1_mean,0.011699344110955658,SI206,42,83
speed_10s_avg_stage5_col1_std_over_mean,0.015208679174273347,SI206,42,83
speed_10s_avg_stage5_col2_mean,0.015281898412395337,SI206,42,83
speed_10s_avg_stage5_col2_std_over_mean,0.034192122062915664,SI206,42,83
stage_2_frames,0.026839473394669775,SI206,43,84
stage_3_frames,0.008647583473316688,SI206,43,84
stage_4_frames,0.012205698919589135,SI206,43,84
stage_5_frames,0.013155526430886291,SI206,43,84
roam_mean,0.008468954519891303,SI206,43,84
roam_std_over_mean,0.011917843735848806,SI206,43,84
roam_early_mean,0.012709612085617338,SI206,43,84
roam_mid_mean,0.01898903938115609,SI206,43,84
roam_late_mean,0.021862523280920722,SI206,43,84
roam_slope,0.020624877782792338,SI206,43,84
speed_1s_rows,0.011794681948982855,SI206,43,84
speed_1s_stage2_rows,0.012696036031170043,SI206,43,84
speed_1s_stage2_col1_mean,0.02118928196063839,SI206,43,84
speed_1s_stage2_col1_std_over_mean,0.019436945705251715,SI206,43,84
speed_1s_stage2_col2_mean,0.011650555384942881,SI206,43,84
speed_1s_stage2_col2_std_over_mean,0.01581908936049338,SI206,43,84
speed_1s_stage3_rows,0.018928536208345965,SI206,43,84
speed_1s_stage3_col1_mean,0.01427822789588527,SI206,43,84
speed_1s_stage3_col1_std_over_mean,0.022350318054373357,SI206,43,84
speed_1s_stage3_col2_mean,0.01457796202607662,SI206,43,84
speed_1s_stage3_col2_std_over_mean,0.02653453071580532,SI206,43,84
speed_1s_stage4_rows,0.013591101506595642,SI206,43,84
speed_1s_stage4_col1_mean,0.004477700305644333,SI206,43,84
speed_1s_stage4_col1_std_over_mean,0.030581086992263647,SI206,43,84
speed_1s_stage4_col2_mean,0.009202759187115514,SI206,43,84
speed_1s_stage4_col2_std_over_mean,0.03801987745109647,SI206,43,84
speed_1s_stage5_rows,0.0,SI206,43,84
speed_1s_stage5_col1_mean,0.014189794883698077,SI206,43,84
speed_1s_stage5_col1_std_over_mean,0.09140094458204953,SI206,43,84
speed_1s_stage5_col2_mean,0.01644416324217708,SI206,43,84
speed_1s_stage5_col2_std_over_mean,0.04767676560594376,SI206,43,84
speed_10s_avg_rows,0.020309073471374502,SI206,43,84
speed_10s_avg_stage2_rows,0.012142153189052181,SI206,43,84
speed_10s_avg_stage2_col1_mean,0.01643955178322084,SI206,43,84
speed_10s_avg_stage2_col1_std_over_mean,0.025240194567491332,SI206,43,84
speed_10s_avg_stage2_col2_mean,0.006339739931283466,SI206,43,84
speed_10s_avg_stage2_col2_std_over_mean,0.017389257094118246,SI206,43,84
speed_10s_avg_stage3_rows,0.014515188116826885,SI206,43,84
speed_10s_avg_stage3_col1_mean,0.013868204706824825,SI206,43,84
speed_10s_avg_stage3_col1_std_over_mean,0.019263596698098608,SI206,43,84
speed_10s_avg_stage3_col2_mean,0.01170926034194577,SI206,43,84
speed_10s_avg_stage3_col2_std_over_mean,0.011842269507556373,SI206,43,84
speed_10s_avg_stage4_rows,0.01669416895567704,SI206,43,84
speed_10s_avg_stage4_col1_mean,0.007406032248944046,SI206,43,84
speed_10s_avg_stage4_col1_std_over_mean,0.08488043338100294,SI206,43,84
speed_10s_avg_stage4_col2_mean,0.010441160985113884,SI206,43,84
speed_10s_avg_stage4_col2_std_over_mean,0.016657773387949455,SI206,43,84
speed_10s_avg_stage5_rows,1.0124499707338302e-05,SI206,43,84
speed_10s_avg_stage5_col1_mean,0.0182094619334552,SI206,43,84
speed_10s_avg_stage5_col1_std_over_mean,0.016634183271629757,SI206,43,84
speed_10s_avg_stage5_col2_mean,0.01681896511393682,SI206,43,84
speed_10s_avg_stage5_col2_std_over_mean,0.032927714761552165,SI206,43,84
stage_2_frames,0.03442111986459415,SI206,44,85
stage_3_frames,0.009204988396782927,SI206,44,85
stage_4_frames,0.014546978345935086,SI206,44,85
stage_5_frames,0.013707180569514645,SI206,44,85
roam_mean,0.006634594798345089,SI206,44,85
roam_std_over_mean,0.022838048131769626,SI206,44,85
roam_early_mean,0.007122201184940601,SI206,44,85
roam_mid_mean,0.02143359698570857,SI206,44,85
roam_late_mean,0.014308686725237175,SI206,44,85
roam_slope,0.01318425428699073,SI206,44,85
speed_1s_rows,0.017118592680854458,SI206,44,85
speed_1s_stage2_rows,0.01201444548786972,SI206,44,85
speed_1s_stage2_col1_mean,0.014211650490250298,SI206,44,85
speed_1s_stage2_col1_std_over_mean,0.02727764296163497,SI206,44,85
speed_1s_stage2_col2_mean,0.013780236871495002,SI206,44,85
speed_1s_stage2_col2_std_over_mean,0.014618943793412676,SI206,44,85
speed_1s_stage3_rows,0.013530911078446504,SI206,44,85
speed_1s_stage3_col1_mean,0.009574846757382089,SI206,44,85
speed_1s_stage3_col1_std_over_mean,0.020168388457075016,SI206,44,85
speed_1s_stage3_col2_mean,0.011123764105931399,SI206,44,85
speed_1s_stage3_col2_std_over_mean,0.03279317430498215,SI206,44,85
speed_1s_stage4_rows,0.015527136530974869,SI206,44,85
speed_1s_stage4_col1_mean,0.007138211960198943,SI206,44,85
speed_1s_stage4_col1_std_over_mean,0.021444036490188317,SI206,44,85
speed_1s_stage4_col2_mean,0.011860039621930626,SI206,44,85
speed_1s_stage4_col2_std_over_mean,0.04282141372694704,SI206,44,85
speed_1s_stage5_rows,1.0566914989169154e-05,SI206,44,85
speed_1s_stage5_col1_mean,0.014001150316715526,SI206,44,85
speed_1s_stage5_col1_std_over_mean,0.08520307230577716,SI206,44,85
speed_1s_stage5_col2_mean,0.019092682722920147,SI206,44,85
speed_1s_stage5_col2_std_over_mean,0.05693453431496086,SI206,44,85
speed_10s_avg_rows,0.013381751443472102,SI206,44,85
speed_10s_avg_stage2_rows,0.008428100492084683,SI206,44,85
speed_10s_avg_stage2_col1_mean,0.019467140189187968,SI206,44,85
speed_10s_avg_stage2_col1_std_over_mean,0.033477885100128814,SI206,44,85
speed_10s_avg_stage2_col2_mean,0.007262272952482673,SI206,44,85
speed_10s_avg_stage2_col2_std_over_mean,0.020554658134851845,SI206,44,85
speed_10s_avg_stage3_rows,0.014160248610567338,SI206,44,85
speed_10s_avg_stage3_col1_mean,0.013238915984930528,SI206,44,85
speed_10s_avg_stage3_col1_std_over_mean,0.018066465595890417,SI206,44,85
speed_10s_avg_stage3_col2_mean,0.01141397848254413,SI206,44,85
speed_10s_avg_stage3_col2_std_over_mean,0.01259554630457065,SI206,44,85
speed_10s_avg_stage4_rows,0.014736413067603468,SI206,44,85
speed_10s_avg_stage4_col1_mean,0.007704707207857488,SI206,44,85
speed_10s_avg_stage4_col1_std_over_mean,0.08611154522834538,SI206,44,85
speed_10s_avg_stage4_col2_mean,0.01436819294076423,SI206,44,85
speed_10s_avg_stage4_col2_std_over_mean,0.010882718474421856,SI206,44,85
speed_10s_avg_stage5_rows,8.457567623373936e-05,SI206,44,85
speed_10s_avg_stage5_col1_mean,0.010959764729988747,SI206,44,85
speed_10s_avg_stage5_col1_std_over_mean,0.019937625590041766,SI206,44,85
speed_10s_avg_stage5_col2_mean,0.019425217006683242,SI206,44,85
speed_10s_avg_stage5_col2_std_over_mean,0.026095185602593524,SI206,44,85
stage_2_frames,0.02963531245607509,SI206,45,86
stage_3_frames,0.011362365453968803,SI206,45,86
stage_4_frames,0.01839712638375351,SI206,45,86
stage_5_frames,0.016495172968659346,SI206,45,86
roam_mean,0.009012802440107293,SI206,45,86
roam_std_over_mean,0.017572291176121444,SI206,45,86
roam_early_mean,0.009893469474780257,SI206,45,86
roam_mid_mean,0.02128281823705769,SI206,45,86
roam_late_mean,0.012215611050648431,SI206,45,86
roam_slope,0.01956639363241131,SI206,45,86
speed_1s_rows,0.01619992664615604,SI206,45,86
speed_1s_stage2_rows,0.011253331904923223,SI206,45,86
speed_1s_stage2_col1_mean,0.01846574723650326,SI206,45,86
speed_1s_stage2_col1_std_over_mean,0.020206004024431724,SI206,45,86
speed_1s_stage2_col2_mean,0.010442383631056274,SI206,45,86
speed_1s_stage2_col2_std_over_mean,0.017024958594061855,SI206,45,86
speed_1s_stage3_rows,0.014059646008461015,SI206,45,86
speed_1s_stage3_col1_mean,0.009783815607366573,SI206,45,86
speed_1s_stage3_col1_std_over_mean,0.017174838562730336,SI206,45,86
speed_1s_stage3_col2_mean,0.012743180818358554,SI206,45,86
speed_1s_stage3_col2_std_over_mean,0.027358654288923447,SI206,45,86
speed_1s_stage4_rows,0.018087167082510857,SI206,45,86
speed_1s_stage4_col1_mean,0.00858707728967943,SI206,45,86
speed_1s_stage4_col1_std_over_mean,0.022616927814210406,SI206,45,86
speed_1s_stage4_col2_mean,0.008735288416300733,SI206,45,86
speed_1s_stage4_col2_std_over_mean,0.05197846072306632,SI206,45,86
speed_1s_stage5_rows,0.0,SI206,45,86
speed_1s_stage5_col1_mean,0.011681355675832785,SI206,45,86
speed_1s_stage5_col1_std_over_mean,0.09725683899904602,SI206,45,86
speed_1s_stage5_col2_mean,0.015595840766093811,SI206,45,86
speed_1s_stage5_col2_std_over_mean,0.05583307583117603,SI206,45,86
speed_10s_avg_rows,0.010834610387383533,SI206,45,86
speed_10s_avg_stage2_rows,0.01353977031222191,SI206,45,86
speed_10s_avg_stage2_col1_mean,0.015635681190368195,SI206,45,86
speed_10s_avg_stage2_col1_std_over_mean,0.02728792181590298,SI206,45,86
speed_10s_avg_stage2_col2_mean,0.009273265769574551,SI206,45,86
speed_10s_avg_stage2_col2_std_over_mean,0.01495801504785336,SI206,45,86
speed_10s_avg_stage3_rows,0.019387354650888075,SI206,45,86
speed_10s_avg_stage3_col1_mean,0.011104490124333526,SI206,45,86
speed_10s_avg_stage3_col1_std_over_mean,0.013757435374541691,SI206,45,86
speed_10s_avg_stage3_col2_mean,0.00872373973324915,SI206,45,86
speed_10s_avg_stage3_col2_std_over_mean,0.011238574547219115,SI206,45,86
speed_10s_avg_stage4_rows,0.015544446725389186,SI206,45,86
speed_10s_avg_stage4_col1_mean,0.006316914596668093,SI206,45,86
speed_10s_avg_stage4_col1_std_over_mean,0.08058466154794545,SI206,45,86
speed_10s_avg_stage4_col2_mean,0.009835411352786278,SI206,45,86
speed_10s_avg_stage4_col2_std_over_mean,0.015775373433179814,SI206,45,86
speed_10s_avg_stage5_rows,4.793576607346298e-06,SI206,45,86
speed_10s_avg_stage5_col1_mean,0.011004575725021852,SI206,45,86
speed_10s_avg_stage5_col1_std_over_mean,0.022465822313282296,SI206,45,86
speed_10s_avg_stage5_col2_mean,0.021914025967517983,SI206,45,86
speed_10s_avg_stage5_col2_std_over_mean,0.03029523261359372,SI206,45,86
stage_2_frames,0.02868128923762745,SI206,46,87
stage_3_frames,0.014205947937089647,SI206,46,87
stage_4_frames,0.015047833089147184,SI206,46,87
stage_5_frames,0.017664053706490167,SI206,46,87
roam_mean,0.0068579681312535565,SI206,46,87
roam_std_over_mean,0.019383846004409934,SI206,46,87
roam_early_mean,0.008562419138004247,SI206,46,87
roam_mid_mean,0.023018815987055668,SI206,46,87
roam_late_mean,0.026574950193890102,SI206,46,87
roam_slope,0.01950522767987446,SI206,46,87
speed_1s_rows,0.01394372001383658,SI206,46,87
speed_1s_stage2_rows,0.011417573657276452,SI206,46,87
speed_1s_stage2_col1_mean,0.024444042493743552,SI206,46,87
speed_1s_stage2_col1_std_over_mean,0.019027604338483134,SI206,46,87
speed_1s_stage2_col2_mean,0.015057782388541193,SI206,46,87
speed_1s_stage2_col2_std_over_mean,0.019718037875417035,SI206,46,87
speed_1s_stage3_rows,0.021791199889516017,SI206,46,87
speed_1s_stage3_col1_mean,0.01492614782986556,SI206,46,87
speed_1s_stage3_col1_std_over_mean,0.018366298011999998,SI206,46,87
speed_1s_stage3_col2_mean,0.011936351349042154,SI206,46,87
speed_1s_stage3_col2_std_over_mean,0.02359125748152709,SI206,46,87
speed_1s_stage4_rows,0.018715371024858554,SI206,46,87
speed_1s_stage4_col1_mean,0.006526761819235541,SI206,46,87
speed_1s_stage4_col1_std_over_mean,0.024906506770831668,SI206,46,87
speed_1s_stage4_col2_mean,0.010757584444342447,SI206,46,87
speed_1s_stage4_col2_std_over_mean,0.03519638149877278,SI206,46,87
speed_1s_stage5_rows,0.0,SI206,46,87
speed_1s_stage5_col1_mean,0.010403721767447693,SI206,46,87
speed_1s_stage5_col1_std_over_mean,0.09210195482101627,SI206,46,87
speed_1s_stage5_col2_mean,0.01649211429515628,SI206,46,87
speed_1s_stage5_col2_std_over_mean,0.050880998295500454,SI206,46,87
speed_10s_avg_rows,0.011525454669053017,SI206,46,87
speed_10s_avg_stage2_rows,0.00861372913473226,SI206,46,87
speed_10s_avg_stage2_col1_mean,0.022670040144248248,SI206,46,87
speed_10s_avg_stage2_col1_std_over_mean,0.02039851519374856,SI206,46,87
speed_10s_avg_stage2_col2_mean,0.007140621724524281,SI206,46,87
speed_10s_avg_stage2_col2_std_over_mean,0.02019644809562435,SI206,46,87
speed_10s_avg_stage3_rows,0.018579423712003922,SI206,46,87
speed_10s_avg_stage3_col1_mean,0.014292384732109207,SI206,46,87
speed_10s_avg_stage3_col1_std_over_mean,0.016407403803317802,SI206,46,87
speed_10s_avg_stage3_col2_mean,0.008774801126456944,SI206,46,87
speed_10s_avg_stage3_col2_std_over_mean,0.01448432345393796,SI206,46,87
speed_10s_avg_stage4_rows,0.01874203275870019,SI206,46,87
speed_10s_avg_stage4_col1_mean,0.005116586892550681,SI206,46,87
speed_10s_avg_stage4_col1_std_over_mean,0.07325714482375499,SI206,46,87
speed_10s_avg_stage4_col2_mean,0.011223430611882778,SI206,46,87
speed_10s_avg_stage4_col2_std_over_mean,0.011356863035088647,SI206,46,87
speed_10s_avg_stage5_rows,2.1272651639012806e-05,SI206,46,87
speed_10s_avg_stage5_col1_mean,0.012454640504028213,SI206,46,87
speed_10s_avg_stage5_col1_std_over_mean,0.016968867067131077,SI206,46,87
speed_10s_avg_stage5_col2_mean,0.013326625964181228,SI206,46,87
speed_10s_avg_stage5_col2_std_over_mean,0.0347456287300338,SI206,46,87
stage_2_frames,0.03300160855677306,SI206,47,88
stage_3_frames,0.010028112163951657,SI206,47,88
stage_4_frames,0.016658781267642427,SI206,47,88
stage_5_frames,0.016374520804542957,SI206,47,88
roam_mean,0.010691572610637355,SI206,47,88
roam_std_over_mean,0.01408700721984291,SI206,47,88
roam_early_mean,0.01099563339809999,SI206,47,88
roam_mid_mean,0.01784743861046041,SI206,47,88
roam_late_mean,0.020174178153124136,SI206,47,88
roam_slope,0.020442224628813316,SI206,47,88
speed_1s_rows,0.01470224381239652,SI206,47,88
speed_1s_stage2_rows,0.010017746578103679,SI206,47,88
speed_1s_stage2_col1_mean,0.012821899222937642,SI206,47,88
speed_1s_stage2_col1_std_over_mean,0.031969636603650486,SI206,47,88
speed_1s_stage2_col2_mean,0.006372796205082687,SI206,47,88
speed_1s_stage2_col2_std_over_mean,0.012781809664979365,SI206,47,88
speed_1s_stage3_rows,0.014921021839554136,SI206,47,88
speed_1s_stage3_col1_mean,0.019165860453776492,SI206,47,88
speed_1s_stage3_col1_std_over_mean,0.01594408952706673,SI206,47,88
speed_1s_stage3_col2_mean,0.009458404730558655,SI206,47,88
speed_1s_stage3_col2_std_over_mean,0.024093279006371884,SI206,47,88
speed_1s_stage4_rows,0.017391414809521964,SI206,47,88
speed_1s_stage4_col1_mean,0.006334788190670548,SI206,47,88
speed_1s_stage4_col1_std_over_mean,0.02088472135942538,SI206,47,88
speed_1s_stage4_col2_mean,0.0113692042727886,SI206,47,88
speed_1s_stage4_col2_std_over_mean,0.04227646764049623,SI206,47,88
speed_1s_stage5_rows,0.0001064903427945757,SI206,47,88
speed_1s_stage5_col1_mean,0.011702610454157514,SI206,47,88
speed_1s_stage5_col1_std_over_mean,0.09326151761401363,SI206,47,88
speed_1s_stage5_col2_mean,0.013646080553662681,SI206,47,88
speed_1s_stage5_col2_std_over_mean,0.06485182273171705,SI206,47,88
speed_10s_avg_rows,0.012661603707498546,SI206,47,88
speed_10s_avg_stage2_rows,0.011186211679728802,SI206,47,88
speed_10s_avg_stage2_col1_mean,0.015326993006545357,SI206,47,88
speed_10s_avg_stage2_col1_std_over_mean,0.019175418146900373,SI206,47,88
speed_10s_avg_stage2_col2_mean,0.007989551372222528,SI206,47,88
speed_10s_avg_stage2_col2_std_over_mean,0.017742975779185568,SI206,47,88
speed_10s_avg_stage3_rows,0.01275458720862157,SI206,47,88
speed_10s_avg_stage3_col1_mean,0.020069884164923474,SI206,47,88
speed_10s_avg_stage3_col1_std_over_mean,0.0164877630238185,SI206,47,88
speed_10s_avg_stage3_col2_mean,0.009941435815542627,SI206,47,88
speed_10s_avg_stage3_col2_std_over_mean,0.012542000209650697,SI206,47,88
speed_10s_avg_stage4_rows,0.013333635363075516,SI206,47,88
speed_10s_avg_stage4_col1_mean,0.010130612551997417,SI206,47,88
speed_10s_avg_stage4_col1_std_over_mean,0.08990881930586517,SI206,47,88
speed_10s_avg_stage4_col2_mean,0.012221727578240608,SI206,47,88
speed_10s_avg_stage4_col2_std_over_mean,0.008779562036879941,SI206,47,88
speed_10s_avg_stage5_rows,7.183770629430079e-05,SI206,47,88
speed_10s_avg_stage5_col1_mean,0.015129638977704038,SI206,47,88
speed_10s_avg_stage5_col1_std_over_mean,0.0168424974988423,SI206,47,88
speed_10s_avg_stage5_col2_mean,0.017059038302477764,SI206,47,88
speed_10s_avg_stage5_col2_std_over_mean,0.03626922353637027,SI206,47,88
stage_2_frames,0.03082002851066362,SI206,48,89
stage_3_frames,0.01012194437399311,SI206,48,89
stage_4_frames,0.013239302180607818,SI206,48,89
stage_5_frames,0.01303689830751026,SI206,48,89
roam_mean,0.009354908827781415,SI206,48,89
roam_std_over_mean,0.01430517021990649,SI206,48,89
roam_early_mean,0.01106297154214708,SI206,48,89
roam_mid_mean,0.017392910728737193,SI206,48,89
roam_late_mean,0.021797651524320533,SI206,48,89
roam_slope,0.019266192396447706,SI206,48,89
speed_1s_rows,0.013947014818144855,SI206,48,89
speed_1s_stage2_rows,0.013166271773329755,SI206,48,89
speed_1s_stage2_col1_mean,0.022735801031144573,SI206,48,89
speed_1s_stage2_col1_std_over_mean,0.020797673913239202,SI206,48,89
speed_1s_stage2_col2_mean,0.005914785386358369,SI206,48,89
speed_1s_stage2_col2_std_over_mean,0.01726182961148543,SI206,48,89
speed_1s_stage3_rows,0.014905626538426484,SI206,48,89
speed_1s_stage3_col1_mean,0.015254723666311363,SI206,48,89
speed_1s_stage3_col1_std_over_mean,0.010792853279790895,SI206,48,89
speed_1s_stage3_col2_mean,0.014299880154345955,SI206,48,89
speed_1s_stage3_col2_std_over_mean,0.03286657681146408,SI206,48,89
speed_1s_stage4_rows,0.01328810036211727,SI206,48,89
speed_1s_stage4_col1_mean,0.00649714345370063,SI206,48,89
speed_1s_stage4_col1_std_over_mean,0.023253264924022857,SI206,48,89
speed_1s_stage4_col2_mean,0.010366810987798843,SI206,48,89
speed_1s_stage4_col2_std_over_mean,0.03291992220304757,SI206,48,89
speed_1s_stage5_rows,0.00036390876632449326,SI206,48,89
speed_1s_stage5_col1_mean,0.012626331979162056,SI206,48,89
speed_1s_stage5_col1_std_over_mean,0.08837237206096837,SI206,48,89
speed_1s_stage5_col2_mean,0.01565788689812802,SI206,48,89
speed_1s_stage5_col2_std_over_mean,0.06665513290959198,SI206,48,89
speed_10s_avg_rows,0.015338373060930525,SI206,48,89
speed_10s_avg_stage2_rows,0.013126331838052728,SI206,48,89
speed_10s_avg_stage2_col1_mean,0.016498847802426945,SI206,48,89
speed_10s_avg_stage2_col1_std_over_mean,0.026731764765538336,SI206,48,89
speed_10s_avg_stage2_col2_mean,0.00860600186353537,SI206,48,89
speed_10s_avg_stage2_col2_std_over_mean,0.01596736791734122,SI206,48,89
speed_10s_avg_stage3_rows,0.01132773677535393,SI206,48,89
speed_10s_avg_stage3_col1_mean,0.008061940058167594,SI206,48,89
speed_10s_avg_stage3_col1_std_over_mean,0.019057221616019273,SI206,48,89
speed_10s_avg_stage3_col2_mean,0.010844159696558078,SI206,48,89
speed_10s_avg_stage3_col2_std_over_mean,0.0074777618179209734,SI206,48,89
speed_10s_avg_stage4_rows,0.012784002099558192,SI206,48,89
speed_10s_avg_stage4_col1_mean,0.006445395943396747,SI206,48,89
speed_10s_avg_stage4_col1_std_over_mean,0.09378833240822808,SI206,48,89
speed_10s_avg_stage4_col2_mean,0.019443052099391827,SI206,48,89
speed_10s_avg_stage4_col2_std_over_mean,0.016937574583933718,SI206,48,89
speed_10s_avg_stage5_rows,0.0003839852313372619,SI206,48,89
speed_10s_avg_stage5_col1_mean,0.011939610830679556,SI206,48,89
speed_10s_avg_stage5_col1_std_over_mean,0.022263554160372644,SI206,48,89
speed_10s_avg_stage5_col2_mean,0.017530606828667375,SI206,48,89
speed_10s_avg_stage5_col2_std_over_mean,0.03310448846157146,SI206,48,89
stage_2_frames,0.027289475997484935,SI206,49,90
stage_3_frames,0.00912870094729218,SI206,49,90
stage_4_frames,0.016562413836481566,SI206,49,90
stage_5_frames,0.021514798898997562,SI206,49,90
roam_mean,0.008801843719376118,SI206,49,90
roam_std_over_mean,0.017704116574044602,SI206,49,90
roam_early_mean,0.007246007124995214,SI206,49,90
roam_mid_mean,0.015153676343524509,SI206,49,90
roam_late_mean,0.026680208743902263,SI206,49,90
roam_slope,0.018289319946119164,SI206,49,90
speed_1s_rows,0.010677683387383802,SI206,49,90
speed_1s_stage2_rows,0.013303313857585364,SI206,49,90
speed_1s_stage2_col1_mean,0.01966180069934864,SI206,49,90
speed_1s_stage2_col1_std_over_mean,0.024432830366658567,SI206,49,90
speed_1s_stage2_col2_mean,0.006780257376335013,SI206,49,90
speed_1s_stage2_col2_std_over_mean,0.014360659657868802,SI206,49,90
speed_1s_stage3_rows,0.010027657102906483,SI206,49,90
speed_1s_stage3_col1_mean,0.011532569238181268,SI206,49,90
speed_1s_stage3_col1_std_over_mean,0.019840948846622877,SI206,49,90
speed_1s_stage3_col2_mean,0.011830001933570037,SI206,49,90
speed_1s_stage3_col2_std_over_mean,0.029311126962501023,SI206,49,90
speed_1s_stage4_rows,0.01641634134872405,SI206,49,90
speed_1s_stage4_col1_mean,0.005019253553773737,SI206,49,90
speed_1s_stage4_col1_std_over_mean,0.022561222611811843,SI206,49,90
speed_1s_stage4_col2_mean,0.015114196575911256,SI206,49,90
speed_1s_stage4_col2_std_over_mean,0.03186408567211916,SI206,49,90
speed_1s_stage5_rows,0.00023756230488658375,SI206,49,90
speed_1s_stage5_col1_mean,0.010237020023468033,SI206,49,90
speed_1s_stage5_col1_std_over_mean,0.09398025573308058,SI206,49,90
speed_1s_stage5_col2_mean,0.020877213565118548,SI206,49,90
speed_1s_stage5_col2_std_over_mean,0.0672027002374472,SI206,49,90
speed_10s_avg_rows,0.01341794687202157,SI206,49,90
speed_10s_avg_stage2_rows,0.009929063846755994,SI206,49,90
speed_10s_avg_stage2_col1_mean,0.01713931013066505,SI206,49,90
speed_10s_avg_stage2_col1_std_over_mean,0.030215139001516792,SI206,49,90
speed_10s_avg_stage2_col2_mean,0.009301380843421274,SI206,49,90
speed_10s_avg_stage2_col2_std_over_mean,0.015248702026623796,SI206,49,90
speed_10s_avg_stage3_rows,0.016595221390451883,SI206,49,90
speed_10s_avg_stage3_col1_mean,0.019469059602873658,SI206,49,90
speed_10s_avg_stage3_col1_std_over_mean,0.019658245240827148,SI206,49,90
speed_10s_avg_stage3_col2_mean,0.013498724781849884,SI206,49,90
speed_10s_avg_stage3_col2_std_over_mean,0.010557141956742292,SI206,49,90
speed_10s_avg_stage4_rows,0.01637498874024171,SI206,49,90
speed_10s_avg_stage4_col1_mean,0.009476300220390418,SI206,49,90
speed_10s_avg_stage4_col1_std_over_mean,0.07960792982305422,SI206,49,90
speed_10s_avg_stage4_col2_mean,0.010964320549999325,SI206,49,90
speed_10s_avg_stage4_col2_std_over_mean,0.009370702260535923,SI206,49,90
speed_10s_avg_stage5_rows,1.2314664302251355e-05,SI206,49,90
speed_10s_avg_stage5_col1_mean,0.011480847809578344,SI206,49,90
speed_10s_avg_stage5_col1_std_over_mean,0.01784119487653509,SI206,49,90
speed_10s_avg_stage5_col2_mean,0.018365695305538308,SI206,49,90
speed_10s_avg_stage5_col2_std_over_mean,0.027836506868554083,SI206,49,90
stage_2_frames,0.035099121218168404,SI206,50,91
stage_3_frames,0.013260323974380485,SI206,50,91
stage_4_frames,0.010605239129336082,SI206,50,91
stage_5_frames,0.01705338077020504,SI206,50,91
roam_mean,0.0076136047732856685,SI206,50,91
roam_std_over_mean,0.018326566621587752,SI206,50,91
roam_early_mean,0.008464431172943683,SI206,50,91
roam_mid_mean,0.020463076523619693,SI206,50,91
roam_late_mean,0.021706831221832375,SI206,50,91
roam_slope,0.018057506722514327,SI206,50,91
speed_1s_rows,0.015328912448308252,SI206,50,91
speed_1s_stage2_rows,0.009007704911014406,SI206,50,91
speed_1s_stage2_col1_mean,0.014642822235255032,SI206,50,91
speed_1s_stage2_col1_std_over_mean,0.018585174182618996,SI206,50,91
speed_1s_stage2_col2_mean,0.0066465692639332144,SI206,50,91
speed_1s_stage2_col2_std_over_mean,0.01779163600444564,SI206,50,91
speed_1s_stage3_rows,0.014820180330368759,SI206,50,91
speed_1s_stage3_col1_mean,0.01141548236760886,SI206,50,91
speed_1s_stage3_col1_std_over_mean,0.017392497442449376,SI206,50,91
speed_1s_stage3_col2_mean,0.00875236102407675,SI206,50,91
speed_1s_stage3_col2_std_over_mean,0.027712072557988736,SI206,50,91
speed_1s_stage4_rows,0.013760392912528532,SI206,50,91
speed_1s_stage4_col1_mean,0.007241679125781997,SI206,50,91
speed_1s_stage4_col1_std_over_mean,0.021820695309454515,SI206,50,91
speed_1s_stage4_col2_mean,0.008578328109466024,SI206,50,91
speed_1s_stage4_col2_std_over_mean,0.04065440824460741,SI206,50,91
speed_1s_stage5_rows,1.5427144640628095e-05,SI206,50,91
speed_1s_stage5_col1_mean,0.012319725036686926,SI206,50,91
speed_1s_stage5_col1_std_over_mean,0.08978852467287038,SI206,50,91
speed_1s_stage5_col2_mean,0.01972222354518752,SI206,50,91
speed_1s_stage5_col2_std_over_mean,0.060620392106709636,SI206,50,91
speed_10s_avg_rows,0.01620937633107635,SI206,50,91
speed_10s_avg_stage2_rows,0.010085713259044901,SI206,50,91
speed_10s_avg_stage2_col1_mean,0.021745740540115358,SI206,50,91
speed_10s_avg_stage2_col1_std_over_mean,0.03428044682136133,SI206,50,91
speed_10s_avg_stage2_col2_mean,0.011322378534640095,SI206,50,91
speed_10s_avg_stage2_col2_std_over_mean,0.0168615943415611,SI206,50,91
speed_10s_avg_stage3_rows,0.016119717032363638,SI206,50,91
speed_10s_avg_stage3_col1_mean,0.010370492330458229,SI206,50,91
speed_10s_avg_stage3_col1_std_over_mean,0.015263414923750168,SI206,50,91
speed_10s_avg_stage3_col2_mean,0.01326329814156497,SI206,50,91
speed_10s_avg_stage3_col2_std_over_mean,0.014210130678498514,SI206,50,91
speed_10s_avg_stage4_rows,0.012212649696278536,SI206,50,91
speed_10s_avg_stage4_col1_mean,0.005827343116241435,SI206,50,91
speed_10s_avg_stage4_col1_std_over_mean,0.07996051984758877,SI206,50,91
speed_10s_avg_stage4_col2_mean,0.016027742331826533,SI206,50,91
speed_10s_avg_stage4_col2_std_over_mean,0.012876112027953116,SI206,50,91
speed_10s_avg_stage5_rows,2.3420346425957585e-05,SI206,50,91
speed_10s_avg_stage5_col1_mean,0.011956676328488533,SI206,50,91
speed_10s_avg_stage5_col1_std_over_mean,0.020535227354894547,SI206,50,91
speed_10s_avg_stage5_col2_mean,0.018805369070172037,SI206,50,91
speed_10s_avg_stage5_col2_std_over_mean,0.034775345841820814,SI206,50,91
stage_2_frames,0.020494283996931435,SI206,51,92
stage_3_frames,0.008249487607809847,SI206,51,92
stage_4_frames,0.013871180136323814,SI206,51,92
stage_5_frames,0.012127966800207864,SI206,51,92
roam_mean,0.009903208820824641,SI206,51,92
roam_std_over_mean,0.017358645059521782,SI206,51,92
roam_early_mean,0.008722556212119197,SI206,51,92
roam_mid_mean,0.021065871081851647,SI206,51,92
roam_late_mean,0.01840642136328338,SI206,51,92
roam_slope,0.02136324986326596,SI206,51,92
speed_1s_rows,0.013459120858353563,SI206,51,92
speed_1s_stage2_rows,0.009886376034443327,SI206,51,92
speed_1s_stage2_col1_mean,0.02119020568821798,SI206,51,92
speed_1s_stage2_col1_std_over_mean,0.017443295185129704,SI206,51,92
speed_1s_stage2_col2_mean,0.014329404641319474,SI206,51,92
speed_1s_stage2_col2_std_over_mean,0.015951635796848718,SI206,51,92
speed_1s_stage3_rows,0.01777575058876831,SI206,51,92
speed_1s_stage3_col1_mean,0.019303199829082098,SI206,51,92
speed_1s_stage3_col1_std_over_mean,0.023394785380082068,SI206,51,92
speed_1s_stage3_col2_mean,0.01375434561007135,SI206,51,92
speed_1s_stage3_col2_std_over_mean,0.023675812302719382,SI206,51,92
speed_1s_stage4_rows,0.018058958211213727,SI206,51,92
speed_1s_stage4_col1_mean,0.008280202192136531,SI206,51,92
speed_1s_stage4_col1_std_over_mean,0.025756502187900515,SI206,51,92
speed_1s_stage4_col2_mean,0.013851637790232909,SI206,51,92
speed_1s_stage4_col2_std_over_mean,0.04029844369184546,SI206,51,92
speed_1s_stage5_rows,9.624110227698441e-05,SI206,51,92
speed_1s_stage5_col1_mean,0.015647667409882052,SI206,51,92
speed_1s_stage5_col1_std_over_mean,0.10320623066321352,SI206,51,92
speed_1s_stage5_col2_mean,0.01475548182513519,SI206,51,92
speed_1s_stage5_col2_std_over_mean,0.05825085167522459,SI206,51,92
speed_10s_avg_rows,0.01451239269857982,SI206,51,92
speed_10s_avg_stage2_rows,0.00964442596894737,SI206,51,92
speed_10s_avg_stage2_col1_mean,0.0208166270220826,SI206,51,92
speed_10s_avg_stage2_col1_std_over_mean,0.027968387692460715,SI206,51,92
speed_10s_avg_stage2_col2_mean,0.004875430875208855,SI206,51,92
speed_10s_avg_stage2_col2_std_over_mean,0.016284455303593823,SI206,51,92
speed_10s_avg_stage3_rows,0.018815598086964716,SI206,51,92
speed_10s_avg_stage3_col1_mean,0.010769183636605228,SI206,51,92
speed_10s_avg_stage3_col1_std_over_mean,0.020395068916274357,SI206,51,92
speed_10s_avg_stage3_col2_mean,0.006644118721233779,SI206,51,92
speed_10s_avg_stage3_col2_std_over_mean,0.007636615450804586,SI206,51,92
speed_10s_avg_stage4_rows,0.015181763707070781,SI206,51,92
speed_10s_avg_stage4_col1_mean,0.006399944884470756,SI206,51,92
speed_10s_avg_stage4_col1_std_over_mean,0.08185638261389358,SI206,51,92
speed_10s_avg_stage4_col2_mean,0.013227867662386627,SI206,51,92
speed_10s_avg_stage4_col2_std_over_mean,0.013518621507700543,SI206,51,92
speed_10s_avg_stage5_rows,0.0,SI206,51,92
speed_10s_avg_stage5_col1_mean,0.011652716394742645,SI206,51,92
speed_10s_avg_stage5_col1_std_over_mean,0.015079276035133182,SI206,51,92
speed_10s_avg_stage5_col2_mean,0.0136915703740287,SI206,51,92
speed_10s_avg_stage5_col2_std_over_mean,0.031100532841580476,SI206,51,92
stage_2_frames,0.030199805336714527,SI206,52,93
stage_3_frames,0.013480770872561904,SI206,52,93
stage_4_frames,0.014771830953836987,SI206,52,93
stage_5_frames,0.015730251168712073,SI206,52,93
roam_mean,0.010131156016983538,SI206,52,93
roam_std_over_mean,0.022305019852652885,SI206,52,93
roam_early_mean,0.008729884284575022,SI206,52,93
roam_mid_mean,0.016005644025793977,SI206,52,93
roam_late_mean,0.02429623668552698,SI206,52,93
roam_slope,0.014718020737776963,SI206,52,93
speed_1s_rows,0.015693651224450073,SI206,52,93
speed_1s_stage2_rows,0.011023566630463378,SI206,52,93
speed_1s_stage2_col1_mean,0.0196162401974457,SI206,52,93
speed_1s_stage2_col1_std_over_mean,0.016400446998335053,SI206,52,93
speed_1s_stage2_col2_mean,0.010652666730834263,SI206,52,93
speed_1s_stage2_col2_std_over_mean,0.016201081689016687,SI206,52,93
speed_1s_stage3_rows,0.010849992136388532,SI206,52,93
speed_1s_stage3_col1_mean,0.017188281617232227,SI206,52,93
speed_1s_stage3_col1_std_over_mean,0.021659013161736847,SI206,52,93
speed_1s_stage3_col2_mean,0.008432732772898766,SI206,52,93
speed_1s_stage3_col2_std_over_mean,0.028909959463883077,SI206,52,93
speed_1s_stage4_rows,0.009908866368113774,SI206,52,93
speed_1s_stage4_col1_mean,0.007020315329067259,SI206,52,93
speed_1s_stage4_col1_std_over_mean,0.025066114419791483,SI206,52,93
speed_1s_stage4_col2_mean,0.011316732498692993,SI206,52,93
speed_1s_stage4_col2_std_over_mean,0.04148084274627145,SI206,52,93
speed_1s_stage5_rows,0.00022288610153347728,SI206,52,93
speed_1s_stage5_col1_mean,0.013260248183477758,SI206,52,93
speed_1s_stage5_col1_std_over_mean,0.08628255483194312,SI206,52,93
speed_1s_stage5_col2_mean,0.0146913965375086,SI206,52,93
speed_1s_stage5_col2_std_over_mean,0.06272344391076616,SI206,52,93
speed_10s_avg_rows,0.016132740315311023,SI206,52,93
speed_10s_avg_stage2_rows,0.01055643998148646,SI206,52,93
speed_10s_avg_stage2_col1_mean,0.022432559625448146,SI206,52,93
speed_10s_avg_stage2_col1_std_over_mean,0.02279635474128204,SI206,52,93
speed_10s_avg_stage2_col2_mean,0.014479864169041592,SI206,52,93
speed_10s_avg_stage2_col2_std_over_mean,0.015825985998118373,SI206,52,93
speed_10s_avg_stage3_rows,0.01683016299507399,SI206,52,93
speed_10s_avg_stage3_col1_mean,0.016422984651759766,SI206,52,93
speed_10s_avg_stage3_col1_std_over_mean,0.015359103776214536,SI206,52,93
speed_10s_avg_stage3_col2_mean,0.010114413531413789,SI206,52,93
speed_10s_avg_stage3_col2_std_over_mean,0.012384342333310476,SI206,52,93
speed_10s_avg_stage4_rows,0.015954684075818067,SI206,52,93
speed_10s_avg_stage4_col1_mean,0.007954014116575306,SI206,52,93
speed_10s_avg_stage4_col1_std_over_mean,0.07799470335728441,SI206,52,93
speed_10s_avg_stage4_col2_mean,0.010564094135704012,SI206,52,93
speed_10s_avg_stage4_col2_std_over_mean,0.01046779318777939,SI206,52,93
speed_10s_avg_stage5_rows,0.0,SI206,52,93
speed_10s_avg_stage5_col1_mean,0.011385962800635738,SI206,52,93
speed_10s_avg_stage5_col1_std_over_mean,0.021425888470468817,SI206,52,93
speed_10s_avg_stage5_col2_mean,0.01989531241869157,SI206,52,93
speed_10s_avg_stage5_col2_std_over_mean,0.032052941833596964,SI206,52,93
stage_2_frames,0.031533317528517284,SI206,53,94
stage_3_frames,0.010588282821060366,SI206,53,94
stage_4_frames,0.015534549071223685,SI206,53,94
stage_5_frames,0.021265180765504477,SI206,53,94
roam_mean,0.010696558061869664,SI206,53,94
roam_std_over_mean,0.016973553186733936,SI206,53,94
roam_early_mean,0.012431276343034673,SI206,53,94
roam_mid_mean,0.022424247630737453,SI206,53,94
roam_late_mean,0.021048157270894638,SI206,53,94
roam_slope,0.027511766648259266,SI206,53,94
speed_1s_rows,0.014547657480056334,SI206,53,94
speed_1s_stage2_rows,0.01043301699317953,SI206,53,94
speed_1s_stage2_col1_mean,0.017838603032167083,SI206,53,94
speed_1s_stage2_col1_std_over_mean,0.021725165864463748,SI206,53,94
speed_1s_stage2_col2_mean,0.00963891943859758,SI206,53,94
speed_1s_stage2_col2_std_over_mean,0.010613404518017894,SI206,53,94
speed_1s_stage3_rows,0.0128807411403383,SI206,53,94
speed_1s_stage3_col1_mean,0.01712366713525005,SI206,53,94
speed_1s_stage3_col1_std_over_mean,0.01620763242323088,SI206,53,94
speed_1s_stage3_col2_mean,0.011239075974542143,SI206,53,94
speed_1s_stage3_col2_std_over_mean,0.020041432389353103,SI206,53,94
speed_1s_stage4_rows,0.014973683232969886,SI206,53,94
speed_1s_stage4_col1_mean,0.004674760830765444,SI206,53,94
speed_1s_stage4_col1_std_over_mean,0.020339270954153766,SI206,53,94
speed_1s_stage4_col2_mean,0.01191330716245663,SI206,53,94
speed_1s_stage4_col2_std_over_mean,0.033583239311374316,SI206,53,94
speed_1s_stage5_rows,3.931547518052057e-05,SI206,53,94
speed_1s_stage5_col1_mean,0.011663709524776368,SI206,53,94
speed_1s_stage5_col1_std_over_mean,0.08245151358400454,SI206,53,94
speed_1s_stage5_col2_mean,0.02161814998466794,SI206,53,94
speed_1s_stage5_col2_std_over_mean,0.05614039041754854,SI206,53,94
speed_10s_avg_rows,0.01612189571902657,SI206,53,94
speed_10s_avg_stage2_rows,0.012073126920753992,SI206,53,94
speed_10s_avg_stage2_col1_mean,0.019368610217218314,SI206,53,94
speed_10s_avg_stage2_col1_std_over_mean,0.02654480521893122,SI206,53,94
speed_10s_avg_stage2_col2_mean,0.004808215308113167,SI206,53,94
speed_10s_avg_stage2_col2_std_over_mean,0.01887715761720809,SI206,53,94
speed_10s_avg_stage3_rows,0.019777433645211884,SI206,53,94
speed_10s_avg_stage3_col1_mean,0.016239393457927055,SI206,53,94
speed_10s_avg_stage3_col1_std_over_mean,0.01715959773210291,SI206,53,94
speed_10s_avg_stage3_col2_mean,0.007975395810261165,SI206,53,94
speed_10s_avg_stage3_col2_std_over_mean,0.009919020184902979,SI206,53,94
speed_10s_avg_stage4_rows,0.013012257640650251,SI206,53,94
speed_10s_avg_stage4_col1_mean,0.007884582958371076,SI206,53,94
speed_10s_avg_stage4_col1_std_over_mean,0.09651554148490063,SI206,53,94
speed_10s_avg_stage4_col2_mean,0.010842363528162374,SI206,53,94
speed_10s_avg_stage4_col2_std_over_mean,0.01452174177494065,SI206,53,94
speed_10s_avg_stage5_rows,8.075424464498668e-06,SI206,53,94
speed_10s_avg_stage5_col1_mean,0.01914444855420522,SI206,53,94
speed_10s_avg_stage5_col1_std_over_mean,0.013079336028878919,SI206,53,94
speed_10s_avg_stage5_col2_mean,0.017586269916981413,SI206,53,94
speed_10s_avg_stage5_col2_std_over_mean,0.028847184661857764,SI206,53,94
stage_2_frames,0.03037697137647436,SI206,54,95
stage_3_frames,0.009418210816257561,SI206,54,95
stage_4_frames,0.01943015916165496,SI206,54,95
stage_5_frames,0.014581473520395146,SI206,54,95
roam_mean,0.010380346273796285,SI206,54,95
roam_std_over_mean,0.015686265178853524,SI206,54,95
roam_early_mean,0.008790491296106545,SI206,54,95
roam_mid_mean,0.020254560617428564,SI206,54,95
roam_late_mean,0.01992456273081649,SI206,54,95
roam_slope,0.016735020182978212,SI206,54,95
speed_1s_rows,0.01891134786789699,SI206,54,95
speed_1s_stage2_rows,0.011379999827768317,SI206,54,95
speed_1s_stage2_col1_mean,0.018792240372957025,SI206,54,95
speed_1s_stage2_col1_std_over_mean,0.028727185004127107,SI206,54,95
speed_1s_stage2_col2_mean,0.00874719413451538,SI206,54,95
speed_1s_stage2_col2_std_over_mean,0.012337052517447732,SI206,54,95
speed_1s_stage3_rows,0.01246258536255954,SI206,54,95
speed_1s_stage3_col1_mean,0.011643598725746194,SI206,54,95
speed_1s_stage3_col1_std_over_mean,0.021881809104983736,SI206,54,95
speed_1s_stage3_col2_mean,0.013685813409654258,SI206,54,95
speed_1s_stage3_col2_std_over_mean,0.0169363677147305,SI206,54,95
speed_1s_stage4_rows,0.016093177902494652,SI206,54,95
speed_1s_stage4_col1_mean,0.006923695002361111,SI206,54,95
speed_1s_stage4_col1_std_over_mean,0.018930172130717515,SI206,54,95
speed_1s_stage4_col2_mean,0.012080021012513514,SI206,54,95
speed_1s_stage4_col2_std_over_mean,0.03555437647100951,SI206,54,95
speed_1s_stage5_rows,0.00019754878818809533,SI206,54,95
speed_1s_stage5_col1_mean,0.017198449065579633,SI206,54,95
speed_1s_stage5_col1_std_over_mean,0.09234060954144234,SI206,54,95
speed_1s_stage5_col2_mean,0.015438150178860337,SI206,54,95
speed_1s_stage5_col2_std_over_mean,0.06873625857409231,SI206,54,95
speed_10s_avg_rows,0.015934371921046454,SI206,54,95
speed_10s_avg_stage2_rows,0.010723197419858327,SI206,54,95
speed_10s_avg_stage2_col1_mean,0.022083921777460363,SI206,54,95
speed_10s_avg_stage2_col1_std_over_mean,0.021600893923983292,SI206,54,95
speed_10s_avg_stage2_col2_mean,0.012914713860172608,SI206,54,95
speed_10s_avg_stage2_col2_std_over_mean,0.018475871635634748,SI206,54,95
speed_10s_avg_stage3_rows,0.016187773193383645,SI206,54,95
speed_10s_avg_stage3_col1_mean,0.016793671865309764,SI206,54,95
speed_10s_avg_stage3_col1_std_over_mean,0.021529425481983114,SI206,54,95
speed_10s_avg_stage3_col2_mean,0.008654737347097534,SI206,54,95
speed_10s_avg_stage3_col2_std_over_mean,0.008580167160360827,SI206,54,95
speed_10s_avg_stage4_rows,0.015604699027559302,SI206,54,95
speed_10s_avg_stage4_col1_mean,0.009144670742136596,SI206,54,95
speed_10s_avg_stage4_col1_std_over_mean,0.07617649256584882,SI206,54,95
speed_10s_avg_stage4_col2_mean,0.012339036906402156,SI206,54,95
speed_10s_avg_stage4_col2_std_over_mean,0.009610918098692047,SI206,54,95
speed_10s_avg_stage5_rows,0.00013605656165998159,SI206,54,95
speed_10s_avg_stage5_col1_mean,0.0134628525297074,SI206,54,95
speed_10s_avg_stage5_col1_std_over_mean,0.01980549043554277,SI206,54,95
speed_10s_avg_stage5_col2_mean,0.010449433705435308,SI206,54,95
speed_10s_avg_stage5_col2_std_over_mean,0.035215889976317506,SI206,54,95
stage_2_frames,0.025046076458742107,SI206,55,96
stage_3_frames,0.007344806196497009,SI206,55,96
stage_4_frames,0.016361528526112345,SI206,55,96
stage_5_frames,0.013837828896495687,SI206,55,96
roam_mean,0.004176622647152609,SI206,55,96
roam_std_over_mean,0.018857022625855424,SI206,55,96
roam_early_mean,0.010864028130504652,SI206,55,96
roam_mid_mean,0.02129312135171181,SI206,55,96
roam_late_mean,0.01712595286947382,SI206,55,96
roam_slope,0.017471495920944838,SI206,55,96
speed_1s_rows,0.012055795132851401,SI206,55,96
speed_1s_stage2_rows,0.010970782245930675,SI206,55,96
speed_1s_stage2_col1_mean,0.01886259047731429,SI206,55,96
speed_1s_stage2_col1_std_over_mean,0.019805011390950342,SI206,55,96
speed_1s_stage2_col2_mean,0.010796929997524586,SI206,55,96
speed_1s_stage2_col2_std_over_mean,0.01216760962194547,SI206,55,96
speed_1s_stage3_rows,0.009949185464297091,SI206,55,96
speed_1s_stage3_col1_mean,0.014456521496850743,SI206,55,96
speed_1s_stage3_col1_std_over_mean,0.023356069747075662,SI206,55,96
speed_1s_stage3_col2_mean,0.00823991324498045,SI206,55,96
speed_1s_stage3_col2_std_over_mean,0.024798550878218913,SI206,55,96
speed_1s_stage4_rows,0.017419792160343284,SI206,55,96
speed_1s_stage4_col1_mean,0.008093582429263264,SI206,55,96
speed_1s_stage4_col1_std_over_mean,0.019529986271761068,SI206,55,96
speed_1s_stage4_col2_mean,0.012203704281631207,SI206,55,96
speed_1s_stage4_col2_std_over_mean,0.0394670713158705,SI206,55,96
speed_1s_stage5_rows,0.0,SI206,55,96
speed_1s_stage5_col1_mean,0.016023946474464965,SI206,55,96
speed_1s_stage5_col1_std_over_mean,0.09372536525479983,SI206,55,96
speed_1s_stage5_col2_mean,0.01674745150818396,SI206,55,96
speed_1s_stage5_col2_std_over_mean,0.06372021588189172,SI206,55,96
speed_10s_avg_rows,0.014800875511832465,SI206,55,96
speed_10s_avg_stage2_rows,0.013762983216966647,SI206,55,96
speed_10s_avg_stage2_col1_mean,0.020434272089694682,SI206,55,96
speed_10s_avg_stage2_col1_std_over_mean,0.02832735699106905,SI206,55,96
speed_10s_avg_stage2_col2_mean,0.011613004567919376,SI206,55,96
speed_10s_avg_stage2_col2_std_over_mean,0.017339657346031385,SI206,55,96
speed_10s_avg_stage3_rows,0.016577332160536352,SI206,55,96
speed_10s_avg_stage3_col1_mean,0.010546158902463902,SI206,55,96
speed_10s_avg_stage3_col1_std_over_mean,0.016029631481029837,SI206,55,96
speed_10s_avg_stage3_col2_mean,0.010624563859960003,SI206,55,96
speed_10s_avg_stage3_col2_std_over_mean,0.008980599316682308,SI206,55,96
speed_10s_avg_stage4_rows,0.01763987244383842,SI206,55,96
speed_10s_avg_stage4_col1_mean,0.006914194570791802,SI206,55,96
speed_10s_avg_stage4_col1_std_over_mean,0.09355893857037452,SI206,55,96
speed_10s_avg_stage4_col2_mean,0.006927791947617618,SI206,55,96
speed_10s_avg_stage4_col2_std_over_mean,0.014472404650669415,SI206,55,96
speed_10s_avg_stage5_rows,6.089438629876441e-06,SI206,55,96
speed_10s_avg_stage5_col1_mean,0.012245379044116341,SI206,55,96
speed_10s_avg_stage5_col1_std_over_mean,0.01673064812220955,SI206,55,96
speed_10s_avg_stage5_col2_mean,0.0207829971634641,SI206,55,96
speed_10s_avg_stage5_col2_std_over_mean,0.03691668970446257,SI206,55,96
stage_2_frames,0.02913094028757882,SI206,56,97
stage_3_frames,0.010431333147562493,SI206,56,97
stage_4_frames,0.015339984801570594,SI206,56,97
stage_5_frames,0.015556849010253962,SI206,56,97
roam_mean,0.006677276446724162,SI206,56,97
roam_std_over_mean,0.014304979526172313,SI206,56,97
roam_early_mean,0.004546492716088049,SI206,56,97
roam_mid_mean,0.01386604316855627,SI206,56,97
roam_late_mean,0.02303402243501369,SI206,56,97
roam_slope,0.016381754882346937,SI206,56,97
speed_1s_rows,0.015740656028675682,SI206,56,97
speed_1s_stage2_rows,0.011831553228138138,SI206,56,97
speed_1s_stage2_col1_mean,0.021070899364897176,SI206,56,97
speed_1s_stage2_col1_std_over_mean,0.0244341592055442,SI206,56,97
speed_1s_stage2_col2_mean,0.011256366826546217,SI206,56,97
speed_1s_stage2_col2_std_over_mean,0.0180607156743989,SI206,56,97
speed_1s_stage3_rows,0.019375820498865024,SI206,56,97
speed_1s_stage3_col1_mean,0.018401493184629945,SI206,56,97
speed_1s_stage3_col1_std_over_mean,0.01892043158399541,SI206,56,97
speed_1s_stage3_col2_mean,0.009226313340172376,SI206,56,97
speed_1s_stage3_col2_std_over_mean,0.02712536216899081,SI206,56,97
speed_1s_stage4_rows,0.016740916130777116,SI206,56,97
speed_1s_stage4_col1_mean,0.0068978393607994895,SI206,56,97
speed_1s_stage4_col1_std_over_mean,0.024014865109451007,SI206,56,97
speed_1s_stage4_col2_mean,0.012656614253964714,SI206,56,97
speed_1s_stage4_col2_std_over_mean,0.039524071751329014,SI206,56,97
speed_1s_stage5_rows,0.0,SI206,56,97
speed_1s_stage5_col1_mean,0.009528351686902692,SI206,56,97
speed_1s_stage5_col1_std_over_mean,0.08510566575067686,SI206,56,97
speed_1s_stage5_col2_mean,0.013022981006929791,SI206,56,97
speed_1s_stage5_col2_std_over_mean,0.057405287730105656,SI206,56,97
speed_10s_avg_rows,0.02082715640228939,SI206,56,97
speed_10s_avg_stage2_rows,0.010539657213475297,SI206,56,97
speed_10s_avg_stage2_col1_mean,0.020568640654804297,SI206,56,97
speed_10s_avg_stage2_col1_std_over_mean,0.022376294475450958,SI206,56,97
speed_10s_avg_stage2_col2_mean,0.008108305619424126,SI206,56,97
speed_10s_avg_stage2_col2_std_over_mean,0.016791244809840226,SI206,56,97
speed_10s_avg_stage3_rows,0.01443838376380047,SI206,56,97
speed_10s_avg_stage3_col1_mean,0.01783991595261105,SI206,56,97
speed_10s_avg_stage3_col1_std_over_mean,0.015642088397779294,SI206,56,97
speed_10s_avg_stage3_col2_mean,0.012659886242860255,SI206,56,97
speed_10s_avg_stage3_col2_std_over_mean,0.006956890624343403,SI206,56,97
speed_10s_avg_stage4_rows,0.017803483210944635,SI206,56,97
speed_10s_avg_stage4_col1_mean,0.007140125901087404,SI206,56,97
speed_10s_avg_stage4_col1_std_over_mean,0.0867402731258401,SI206,56,97
speed_10s_avg_stage4_col2_mean,0.0109500196615011,SI206,56,97
speed_10s_avg_stage4_col2_std_over_mean,0.014848657452688622,SI206,56,97
speed_10s_avg_stage5_rows,0.0,SI206,56,97
speed_10s_avg_stage5_col1_mean,0.013757614321439909,SI206,56,97
speed_10s_avg_stage5_col1_std_over_mean,0.022208072403617,SI206,56,97
speed_10s_avg_stage5_col2_mean,0.016727618380562987,SI206,56,97
speed_10s_avg_stage5_col2_std_over_mean,0.033465631077981985,SI206,56,97
stage_2_frames,0.024827664096663732,SI206,57,98
stage_3_frames,0.012918300112748967,SI206,57,98
stage_4_frames,0.023385789112993962,SI206,57,98
stage_5_frames,0.01476266414777262,SI206,57,98
roam_mean,0.007277995661146167,SI206,57,98
roam_std_over_mean,0.01925490647788178,SI206,57,98
roam_early_mean,0.007130906623557963,SI206,57,98
roam_mid_mean,0.014270949273700482,SI206,57,98
roam_late_mean,0.019882510155426962,SI206,57,98
roam_slope,0.01788451692220034,SI206,57,98
speed_1s_rows,0.016838938767600068,SI206,57,98
speed_1s_stage2_rows,0.008694015433751662,SI206,57,98
speed_1s_stage2_col1_mean,0.020269554080061595,SI206,57,98
speed_1s_stage2_col1_std_over_mean,0.019877889743612938,SI206,57,98
speed_1s_stage2_col2_mean,0.009227938817529053,SI206,57,98
speed_1s_stage2_col2_std_over_mean,0.011566322156550889,SI206,57,98
speed_1s_stage3_rows,0.018886601576102106,SI206,57,98
speed_1s_stage3_col1_mean,0.012158945942741346,SI206,57,98
speed_1s_stage3_col1_std_over_mean,0.01831323177260009,SI206,57,98
speed_1s_stage3_col2_mean,0.015039205780545581,SI206,57,98
speed_1s_stage3_col2_std_over_mean,0.018755383443752,SI206,57,98
speed_1s_stage4_rows,0.016961653770476964,SI206,57,98
speed_1s_stage4_col1_mean,0.0068449927205282675,SI206,57,98
speed_1s_stage4_col1_std_over_mean,0.027863275373957903,SI206,57,98
speed_1s_stage4_col2_mean,0.01026479433361138,SI206,57,98
speed_1s_stage4_col2_std_over_mean,0.0361417398125681,SI206,57,98
speed_1s_stage5_rows,0.0,SI206,57,98
speed_1s_stage5_col1_mean,0.011373674281596297,SI206,57,98
speed_1s_stage5_col1_std_over_mean,0.09893485820811694,SI206,57,98
speed_1s_stage5_col2_mean,0.013830489349196081,SI206,57,98
speed_1s_stage5_col2_std_over_mean,0.05952294063700758,SI206,57,98
speed_10s_avg_rows,0.01560635831970351,SI206,57,98
speed_10s_avg_stage2_rows,0.015859166715510124,SI206,57,98
speed_10s_avg_stage2_col1_mean,0.017206433785439294,SI206,57,98
speed_10s_avg_stage2_col1_std_over_mean,0.02841354575282238,SI206,57,98
speed_10s_avg_stage2_col2_mean,0.008473443489145647,SI206,57,98
speed_10s_avg_stage2_col2_std_over_mean,0.016060646776181946,SI206,57,98
speed_10s_avg_stage3_rows,0.014456697192130954,SI206,57,98
speed_10s_avg_stage3_col1_mean,0.015733363135065324,SI206,57,98
speed_10s_avg_stage3_col1_std_over_mean,0.019327924139868804,SI206,57,98
speed_10s_avg_stage3_col2_mean,0.013722508123547255,SI206,57,98
speed_10s_avg_stage3_col2_std_over_mean,0.013004215527565253,SI206,57,98
speed_10s_avg_stage4_rows,0.015577521974962422,SI206,57,98
speed_10s_avg_stage4_col1_mean,0.013877680068877086,SI206,57,98
speed_10s_avg_stage4_col1_std_over_mean,0.07654923314325288,SI206,57,98
speed_10s_avg_stage4_col2_mean,0.010106157416997847,SI206,57,98
speed_10s_avg_stage4_col2_std_over_mean,0.011833288140557029,SI206,57,98
speed_10s_avg_stage5_rows,0.0,SI206,57,98
speed_10s_avg_stage5_col1_mean,0.011019054839638168,SI206,57,98
speed_10s_avg_stage5_col1_std_over_mean,0.021781308557782236,SI206,57,98
speed_10s_avg_stage5_col2_mean,0.014859680818645249,SI206,57,98
speed_10s_avg_stage5_col2_std_over_mean,0.03356912349630686,SI206,57,98
stage_2_frames,0.027064112670889776,SI206,58,99
stage_3_frames,0.008652052590320886,SI206,58,99
stage_4_frames,0.014863347710369408,SI206,58,99
stage_5_frames,0.017053977499423584,SI206,58,99
roam_mean,0.00852424772478401,SI206,58,99
roam_std_over_mean,0.015703361577588015,SI206,58,99
roam_early_mean,0.010730891445669247,SI206,58,99
roam_mid_mean,0.018808087016195747,SI206,58,99
roam_late_mean,0.02383495160035545,SI206,58,99
roam_slope,0.017603732901935086,SI206,58,99
speed_1s_rows,0.014510739916297984,SI206,58,99
speed_1s_stage2_rows,0.008539635521147969,SI206,58,99
speed_1s_stage2_col1_mean,0.018536625294439828,SI206,58,99
speed_1s_stage2_col1_std_over_mean,0.023511290977290992,SI206,58,99
speed_1s_stage2_col2_mean,0.010659188144833758,SI206,58,99
speed_1s_stage2_col2_std_over_mean,0.015210559757142044,SI206,58,99
speed_1s_stage3_rows,0.020271978041715474,SI206,58,99
speed_1s_stage3_col1_mean,0.011213247162803376,SI206,58,99
speed_1s_stage3_col1_std_over_mean,0.018944105580835143,SI206,58,99
speed_1s_stage3_col2_mean,0.011459748176035175,SI206,58,99
speed_1s_stage3_col2_std_over_mean,0.02950829729990529,SI206,58,99
speed_1s_stage4_rows,0.01516168267004127,SI206,58,99
speed_1s_stage4_col1_mean,0.0062595422623753175,SI206,58,99
speed_1s_stage4_col1_std_over_mean,0.020246915331095645,SI206,58,99
speed_1s_stage4_col2_mean,0.011872127036944066,SI206,58,99
speed_1s_stage4_col2_std_over_mean,0.04259916343475682,SI206,58,99
speed_1s_stage5_rows,0.0,SI206,58,99
speed_1s_stage5_col1_mean,0.012817781220501086,SI206,58,99
speed_1s_stage5_col1_std_over_mean,0.09561178691010522,SI206,58,99
speed_1s_stage5_col2_mean,0.01750120394515134,SI206,58,99
speed_1s_stage5_col2_std_over_mean,0.062240930809310174,SI206,58,99
speed_10s_avg_rows,0.01427393944205077,SI206,58,99
speed_10s_avg_stage2_rows,0.01066191142106872,SI206,58,99
speed_10s_avg_stage2_col1_mean,0.016690965334926595,SI206,58,99
speed_10s_avg_stage2_col1_std_over_mean,0.026533068871961465,SI206,58,99
speed_10s_avg_stage2_col2_mean,0.008999409613830814,SI206,58,99
speed_10s_avg_stage2_col2_std_over_mean,0.02385880730184428,SI206,58,99
speed_10s_avg_stage3_rows,0.010231173169561467,SI206,58,99
speed_10s_avg_stage3_col1_mean,0.011899734579424262,SI206,58,99
speed_10s_avg_stage3_col1_std_over_mean,0.01290110941922173,SI206,58,99
speed_10s_avg_stage3_col2_mean,0.008710679273644122,SI206,58,99
speed_10s_avg_stage3_col2_std_over_mean,0.013967883803151783,SI206,58,99
speed_10s_avg_stage4_rows,0.017579289347826575,SI206,58,99
speed_10s_avg_stage4_col1_mean,0.004467188455832508,SI206,58,99
speed_10s_avg_stage4_col1_std_over_mean,0.08484245570808421,SI206,58,99
speed_10s_avg_stage4_col2_mean,0.01674961593760905,SI206,58,99
speed_10s_avg_stage4_col2_std_over_mean,0.01056545149964265,SI206,58,99
speed_10s_avg_stage5_rows,0.0,SI206,58,99
speed_10s_avg_stage5_col1_mean,0.014419305367763757,SI206,58,99
speed_10s_avg_stage5_col1_std_over_mean,0.017933148789146564,SI206,58,99
speed_10s_avg_stage5_col2_mean,0.016195432836959543,SI206,58,99
speed_10s_avg_stage5_col2_std_over_mean,0.02900411759618985,SI206,58,99
stage_2_frames,0.023202153171469,SI206,59,100
stage_3_frames,0.011242904163053789,SI206,59,100
stage_4_frames,0.01830940860167327,SI206,59,100
stage_5_frames,0.020104491145548267,SI206,59,100
roam_mean,0.006092154956300199,SI206,59,100
roam_std_over_mean,0.014603696993378887,SI206,59,100
roam_early_mean,0.008442824214656875,SI206,59,100
roam_mid_mean,0.016529243667168767,SI206,59,100
roam_late_mean,0.027857590455294498,SI206,59,100
roam_slope,0.01939460143822788,SI206,59,100
speed_1s_rows,0.016743019966741216,SI206,59,100
speed_1s_stage2_rows,0.013858176593646139,SI206,59,100
speed_1s_stage2_col1_mean,0.015346760955853639,SI206,59,100
speed_1s_stage2_col1_std_over_mean,0.022780292073458424,SI206,59,100
speed_1s_stage2_col2_mean,0.008509449737068615,SI206,59,100
speed_1s_stage2_col2_std_over_mean,0.015122909690614346,SI206,59,100
speed_1s_stage3_rows,0.013871979997158623,SI206,59,100
speed_1s_stage3_col1_mean,0.012017538463852312,SI206,59,100
speed_1s_stage3_col1_std_over_mean,0.015698654208976804,SI206,59,100
speed_1s_stage3_col2_mean,0.008235427880381908,SI206,59,100
speed_1s_stage3_col2_std_over_mean,0.028331655302934855,SI206,59,100
speed_1s_stage4_rows,0.013611221954109529,SI206,59,100
speed_1s_stage4_col1_mean,0.006721972202444945,SI206,59,100
speed_1s_stage4_col1_std_over_mean,0.0226206865327443,SI206,59,100
speed_1s_stage4_col2_mean,0.010332206347821261,SI206,59,100
speed_1s_stage4_col2_std_over_mean,0.047463194797433425,SI206,59,100
speed_1s_stage5_rows,0.0,SI206,59,100
speed_1s_stage5_col1_mean,0.013908418927277696,SI206,59,100
speed_1s_stage5_col1_std_over_mean,0.10799955496524698,SI206,59,100
speed_1s_stage5_col2_mean,0.01741423502474519,SI206,59,100
speed_1s_stage5_col2_std_over_mean,0.05993609844575437,SI206,59,100
speed_10s_avg_rows,0.014011543310961235,SI206,59,100
speed_10s_avg_stage2_rows,0.009259610383043838,SI206,59,100
speed_10s_avg_stage2_col1_mean,0.02229991542284378,SI206,59,100
speed_10s_avg_stage2_col1_std_over_mean,0.02504901703706024,SI206,59,100
speed_10s_avg_stage2_col2_mean,0.010430309441947474,SI206,59,100
speed_10s_avg_stage2_col2_std_over_mean,0.01696397520807594,SI206,59,100
speed_10s_avg_stage3_rows,0.01702585812802351,SI206,59,100
speed_10s_avg_stage3_col1_mean,0.007164879448200464,SI206,59,100
speed_10s_avg_stage3_col1_std_over_mean,0.015455193717131417,SI206,59,100
speed_10s_avg_stage3_col2_mean,0.013327736726980274,SI206,59,100
speed_10s_avg_stage3_col2_std_over_mean,0.01099385754744722,SI206,59,100
speed_10s_avg_stage4_rows,0.011714320094419486,SI206,59,100
speed_10s_avg_stage4_col1_mean,0.007161772957646796,SI206,59,100
speed_10s_avg_stage4_col1_std_over_mean,0.07435301835791551,SI206,59,100
speed_10s_avg_stage4_col2_mean,0.010563976035680423,SI206,59,100
speed_10s_avg_stage4_col2_std_over_mean,0.010758802679194884,SI206,59,100
speed_10s_avg_stage5_rows,0.00015040737747722593,SI206,59,100
speed_10s_avg_stage5_col1_mean,0.011875489087011843,SI206,59,100
speed_10s_avg_stage5_col1_std_over_mean,0.023053863362599947,SI206,59,100
speed_10s_avg_stage5_col2_mean,0.0197502967401552,SI206,59,100
speed_10s_avg_stage5_col2_std_over_mean,0.032333634061147414,SI206,59,100
stage_2_frames,0.02252314040124755,SI206,60,101
stage_3_frames,0.008804907915105235,SI206,60,101
stage_4_frames,0.012254969946080864,SI206,60,101
stage_5_frames,0.018887219780032743,SI206,60,101
roam_mean,0.007095031512269233,SI206,60,101
roam_std_over_mean,0.010286352785950853,SI206,60,101
roam_early_mean,0.010065965112023985,SI206,60,101
roam_mid_mean,0.01717019195438628,SI206,60,101
roam_late_mean,0.02182521064665417,SI206,60,101
roam_slope,0.016658413966809095,SI206,60,101
speed_1s_rows,0.013160580342061653,SI206,60,101
speed_1s_stage2_rows,0.009987142352856916,SI206,60,101
speed_1s_stage2_col1_mean,0.01588012149224308,SI206,60,101
speed_1s_stage2_col1_std_over_mean,0.0199146274412796,SI206,60,101
speed_1s_stage2_col2_mean,0.0108762510975267,SI206,60,101
speed_1s_stage2_col2_std_over_mean,0.01565093485677344,SI206,60,101
speed_1s_stage3_rows,0.020117910186729218,SI206,60,101
speed_1s_stage3_col1_mean,0.00772816583582012,SI206,60,101
speed_1s_stage3_col1_std_over_mean,0.014546843272341597,SI206,60,101
speed_1s_stage3_col2_mean,0.008022818749313682,SI206,60,101
speed_1s_stage3_col2_std_over_mean,0.028778978092304636,SI206,60,101
speed_1s_stage4_rows,0.01572033504901554,SI206,60,101
speed_1s_stage4_col1_mean,0.005831863271627399,SI206,60,101
speed_1s_stage4_col1_std_over_mean,0.0277892956798423,SI206,60,101
speed_1s_stage4_col2_mean,0.012530625530354103,SI206,60,101
speed_1s_stage4_col2_std_over_mean,0.04080537546649793,SI206,60,101
speed_1s_stage5_rows,0.0002145471957221794,SI206,60,101
speed_1s_stage5_col1_mean,0.012881859880801767,SI206,60,101
speed_1s_stage5_col1_std_over_mean,0.0998131854835132,SI206,60,101
speed_1s_stage5_col2_mean,0.012182148360732135,SI206,60,101
speed_1s_stage5_col2_std_over_mean,0.05728366694770779,SI206,60,101
speed_10s_avg_rows,0.011173896912966124,SI206,60,101
speed_10s_avg_stage2_rows,0.013063606449012563,SI206,60,101
speed_10s_avg_stage2_col1_mean,0.01427437732909334,SI206,60,101
speed_10s_avg_stage2_col1_std_over_mean,0.026356125918277504,SI206,60,101
speed_10s_avg_stage2_col2_mean,0.009051341322931233,SI206,60,101
speed_10s_avg_stage2_col2_std_over_mean,0.01893972426297568,SI206,60,101
speed_10s_avg_stage3_rows,0.017294941889290854,SI206,60,101
speed_10s_avg_stage3_col1_mean,0.015020079515915316,SI206,60,101
speed_10s_avg_stage3_col1_std_over_mean,0.01467388613049137,SI206,60,101
speed_10s_avg_stage3_col2_mean,0.01909681775745036,SI206,60,101
speed_10s_avg_stage3_col2_std_over_mean,0.011296844374335653,SI206,60,101
speed_10s_avg_stage4_rows,0.018099519554372678,SI206,60,101
speed_10s_avg_stage4_col1_mean,0.005712956442632097,SI206,60,101
speed_10s_avg_stage4_col1_std_over_mean,0.09346225346028592,SI206,60,101
speed_10s_avg_stage4_col2_mean,0.01319130250637951,SI206,60,101
speed_10s_avg_stage4_col2_std_over_mean,0.016785851993701688,SI206,60,101
speed_10s_avg_stage5_rows,3.1690698779908034e-06,SI206,60,101
speed_10s_avg_stage5_col1_mean,0.01714372316345672,SI206,60,101
speed_10s_avg_stage5_col1_std_over_mean,0.022870929579083984,SI206,60,101
speed_10s_avg_stage5_col2_mean,0.022134503081288788,SI206,60,101
speed_10s_avg_stage5_col2_std_over_mean,0.02506546868055549,SI206,60,101
stage_2_frames,0.02774689678872577,SI206,61,102
stage_3_frames,0.009938725767330044,SI206,61,102
stage_4_frames,0.01712540934556891,SI206,61,102
stage_5_frames,0.019897950709161397,SI206,61,102
roam_mean,0.010228092677838245,SI206,61,102
roam_std_over_mean,0.0120802022357695,SI206,61,102
roam_early_mean,0.007472449660877096,SI206,61,102
roam_mid_mean,0.022626606409767703,SI206,61,102
roam_late_mean,0.019405355258330877,SI206,61,102
roam_slope,0.01595469120515254,SI206,61,102
speed_1s_rows,0.017923633184585026,SI206,61,102
speed_1s_stage2_rows,0.012194496717235145,SI206,61,102
speed_1s_stage2_col1_mean,0.0170592642704681,SI206,61,102
speed_1s_stage2_col1_std_over_mean,0.01964387994960208,SI206,61,102
speed_1s_stage2_col2_mean,0.009023943982913488,SI206,61,102
speed_1s_stage2_col2_std_over_mean,0.01640725532014924,SI206,61,102
speed_1s_stage3_rows,0.02015489089480535,SI206,61,102
speed_1s_stage3_col1_mean,0.016391420121591286,SI206,61,102
speed_1s_stage3_col1_std_over_mean,0.024264669573607026,SI206,61,102
speed_1s_stage3_col2_mean,0.007980553078795482,SI206,61,102
speed_1s_stage3_col2_std_over_mean,0.027458502907326838,SI206,61,102
speed_1s_stage4_rows,0.0123991541873027,SI206,61,102
speed_1s_stage4_col1_mean,0.005038672508715884,SI206,61,102
speed_1s_stage4_col1_std_over_mean,0.022406328595037602,SI206,61,102
speed_1s_stage4_col2_mean,0.011650128999836851,SI206,61,102
speed_1s_stage4_col2_std_over_mean,0.04708071564996899,SI206,61,102
speed_1s_stage5_rows,8.944877194290271e-06,SI206,61,102
speed_1s_stage5_col1_mean,0.010735462416341143,SI206,61,102
speed_1s_stage5_col1_std_over_mean,0.11426427235639368,SI206,61,102
speed_1s_stage5_col2_mean,0.018497550074591126,SI206,61,102
speed_1s_stage5_col2_std_over_mean,0.05951169069186397,SI206,61,102
speed_10s_avg_rows,0.013143300989748096,SI206,61,102
speed_10s_avg_stage2_rows,0.01076982052098766,SI206,61,102
speed_10s_avg_stage2_col1_mean,0.016152582325746484,SI206,61,102
speed_10s_avg_stage2_col1_std_over_mean,0.027636018911604776,SI206,61,102
speed_10s_avg_stage2_col2_mean,0.006830352443975862,SI206,61,102
speed_10s_avg_stage2_col2_std_over_mean,0.016853695806692003,SI206,61,102
speed_10s_avg_stage3_rows,0.01627518854919306,SI206,61,102
speed_10s_avg_stage3_col1_mean,0.012389516793575752,SI206,61,102
speed_10s_avg_stage3_col1_std_over_mean,0.02077068234460986,SI206,61,102
speed_10s_avg_stage3_col2_mean,0.0074178226955256546,SI206,61,102
speed_10s_avg_stage3_col2_std_over_mean,0.011076257428949689,SI206,61,102
speed_10s_avg_stage4_rows,0.015261938198019843,SI206,61,102
speed_10s_avg_stage4_col1_mean,0.0062291328423420755,SI206,61,102
speed_10s_avg_stage4_col1_std_over_mean,0.06043014948674428,SI206,61,102
speed_10s_avg_stage4_col2_mean,0.009430113330502482,SI206,61,102
speed_10s_avg_stage4_col2_std_over_mean,0.011901283758316407,SI206,61,102
speed_10s_avg_stage5_rows,0.00012359686179843094,SI206,61,102
speed_10s_avg_stage5_col1_mean,0.011517110508583964,SI206,61,102
speed_10s_avg_stage5_col1_std_over_mean,0.024763005451421273,SI206,61,102
speed_10s_avg_stage5_col2_mean,0.013482555370573704,SI206,61,102
speed_10s_avg_stage5_col2_std_over_mean,0.034974064964241255,SI206,61,102
stage_2_frames,0.02623570467328823,SI206,62,103
stage_3_frames,0.012792686994978474,SI206,62,103
stage_4_frames,0.016188138634014502,SI206,62,103
stage_5_frames,0.015491931713720779,SI206,62,103
roam_mean,0.005897799567267517,SI206,62,103
roam_std_over_mean,0.018495467536255118,SI206,62,103
roam_early_mean,0.008971294208769763,SI206,62,103
roam_mid_mean,0.013922743976119154,SI206,62,103
roam_late_mean,0.021815188183233875,SI206,62,103
roam_slope,0.02046870761518085,SI206,62,103
speed_1s_rows,0.013670506094200669,SI206,62,103
speed_1s_stage2_rows,0.009113971594781714,SI206,62,103
speed_1s_stage2_col1_mean,0.02210495877254769,SI206,62,103
speed_1s_stage2_col1_std_over_mean,0.02243108420249234,SI206,62,103
speed_1s_stage2_col2_mean,0.008849458014052099,SI206,62,103
speed_1s_stage2_col2_std_over_mean,0.014321621179928135,SI206,62,103
speed_1s_stage3_rows,0.01921193589735422,SI206,62,103
speed_1s_stage3_col1_mean,0.011936640717673615,SI206,62,103
speed_1s_stage3_col1_std_over_mean,0.013129439119759265,SI206,62,103
speed_1s_stage3_col2_mean,0.007116380186715765,SI206,62,103
speed_1s_stage3_col2_std_over_mean,0.022464131966724407,SI206,62,103
speed_1s_stage4_rows,0.02166123467662716,SI206,62,103
speed_1s_stage4_col1_mean,0.01050198685109209,SI206,62,103
speed_1s_stage4_col1_std_over_mean,0.032659611622735195,SI206,62,103
speed_1s_stage4_col2_mean,0.010451914963200843,SI206,62,103
speed_1s_stage4_col2_std_over_mean,0.040199444709079664,SI206,62,103
speed_1s_stage5_rows,0.0,SI206,62,103
speed_1s_stage5_col1_mean,0.01379020434887597,SI206,62,103
speed_1s_stage5_col1_std_over_mean,0.09866400450145725,SI206,62,103
speed_1s_stage5_col2_mean,0.02022313603832672,SI206,62,103
speed_1s_stage5_col2_std_over_mean,0.054800857065579515,SI206,62,103
speed_10s_avg_rows,0.0158615962418673,SI206,62,103
speed_10s_avg_stage2_rows,0.010623144583814213,SI206,62,103
speed_10s_avg_stage2_col1_mean,0.015428836252894354,SI206,62,103
speed_10s_avg_stage2_col1_std_over_mean,0.028577424340753835,SI206,62,103
speed_10s_avg_stage2_col2_mean,0.015103282296734697,SI206,62,103
speed_10s_avg_stage2_col2_std_over_mean,0.02173974618267549,SI206,62,103
speed_10s_avg_stage3_rows,0.015795776263238845,SI206,62,103
speed_10s_avg_stage3_col1_mean,0.012410976557090317,SI206,62,103
speed_10s_avg_stage3_col1_std_over_mean,0.02297333272965669,SI206,62,103
speed_10s_avg_stage3_col2_mean,0.010484415186961919,SI206,62,103
speed_10s_avg_stage3_col2_std_over_mean,0.006368891899116594,SI206,62,103
speed_10s_avg_stage4_rows,0.01525718589757913,SI206,62,103
speed_10s_avg_stage4_col1_mean,0.007016445525383352,SI206,62,103
speed_10s_avg_stage4_col1_std_over_mean,0.07528710713008707,SI206,62,103
speed_10s_avg_stage4_col2_mean,0.012334177662631719,SI206,62,103
speed_10s_avg_stage4_col2_std_over_mean,0.012240629023694518,SI206,62,103
speed_10s_avg_stage5_rows,1.2475179413288035e-05,SI206,62,103
speed_10s_avg_stage5_col1_mean,0.014407878282737352,SI206,62,103
speed_10s_avg_stage5_col1_std_over_mean,0.018841391974964636,SI206,62,103
speed_10s_avg_stage5_col2_mean,0.01874883780970489,SI206,62,103
speed_10s_avg_stage5_col2_std_over_mean,0.022904263352967205,SI206,62,103
stage_2_frames,0.03309593026518965,SI206,63,104
stage_3_frames,0.010970274034516747,SI206,63,104
stage_4_frames,0.016486868104328582,SI206,63,104
stage_5_frames,0.020906077482650214,SI206,63,104
roam_mean,0.00981926637428212,SI206,63,104
roam_std_over_mean,0.018207871526655185,SI206,63,104
roam_early_mean,0.013515646740635965,SI206,63,104
roam_mid_mean,0.018557997949514154,SI206,63,104
roam_late_mean,0.023495161504264814,SI206,63,104
roam_slope,0.018278051153989627,SI206,63,104
speed_1s_rows,0.015369463818143064,SI206,63,104
speed_1s_stage2_rows,0.008080253414153311,SI206,63,104
speed_1s_stage2_col1_mean,0.015759710612388157,SI206,63,104
speed_1s_stage2_col1_std_over_mean,0.020336128406169843,SI206,63,104
speed_1s_stage2_col2_mean,0.010420407820970456,SI206,63,104
speed_1s_stage2_col2_std_over_mean,0.012445428109398037,SI206,63,104
speed_1s_stage3_rows,0.01599868088968482,SI206,63,104
speed_1s_stage3_col1_mean,0.011098956368179808,SI206,63,104
speed_1s_stage3_col1_std_over_mean,0.01751664686584979,SI206,63,104
speed_1s_stage3_col2_mean,0.010211610473465768,SI206,63,104
speed_1s_stage3_col2_std_over_mean,0.020960932125445763,SI206,63,104
speed_1s_stage4_rows,0.019443108777509745,SI206,63,104
speed_1s_stage4_col1_mean,0.00745735743407881,SI206,63,104
speed_1s_stage4_col1_std_over_mean,0.026916231590866,SI206,63,104
speed_1s_stage4_col2_mean,0.014687989627854416,SI206,63,104
speed_1s_stage4_col2_std_over_mean,0.032347709735064685,SI206,63,104
speed_1s_stage5_rows,0.0,SI206,63,104
speed_1s_stage5_col1_mean,0.013159777288861032,SI206,63,104
speed_1s_stage5_col1_std_over_mean,0.08985427626392295,SI206,63,104
speed_1s_stage5_col2_mean,0.01750129986825423,SI206,63,104
speed_1s_stage5_col2_std_over_mean,0.0650125418932282,SI206,63,104
speed_10s_avg_rows,0.01769724000408596,SI206,63,104
speed_10s_avg_stage2_rows,0.011905396381986287,SI206,63,104
speed_10s_avg_stage2_col1_mean,0.01964573369560218,SI206,63,104
speed_10s_avg_stage2_col1_std_over_mean,0.035684111610918,SI206,63,104
speed_10s_avg_stage2_col2_mean,0.009742275759844701,SI206,63,104
speed_10s_avg_stage2_col2_std_over_mean,0.02006883056364489,SI206,63,104
speed_10s_avg_stage3_rows,0.018185767773495592,SI206,63,104
speed_10s_avg_stage3_col1_mean,0.013478608621393167,SI206,63,104
speed_10s_avg_stage3_col1_std_over_mean,0.01838129426076873,SI206,63,104
speed_10s_avg_stage3_col2_mean,0.012299341821667843,SI206,63,104
speed_10s_avg_stage3_col2_std_over_mean,0.008167884520600492,SI206,63,104
speed_10s_avg_stage4_rows,0.01811907612921129,SI206,63,104
speed_10s_avg_stage4_col1_mean,0.004672346572162634,SI206,63,104
speed_10s_avg_stage4_col1_std_over_mean,0.06805037677797482,SI206,63,104
speed_10s_avg_stage4_col2_mean,0.008895372952686283,SI206,63,104
speed_10s_avg_stage4_col2_std_over_mean,0.013766265921324275,SI206,63,104
speed_10s_avg_stage5_rows,0.0,SI206,63,104
speed_10s_avg_stage5_col1_mean,0.01370736292116982,SI206,63,104
speed_10s_avg_stage5_col1_std_over_mean,0.015784401547120176,SI206,63,104
speed_10s_avg_stage5_col2_mean,0.01075440566900948,SI206,63,104
speed_10s_avg_stage5_col2_std_over_mean,0.033082249975817574,SI206,63,104
stage_2_frames,0.018806901163404936,SI206,64,105
stage_3_frames,0.009982134735949381,SI206,64,105
stage_4_frames,0.016227795023678947,SI206,64,105
stage_5_frames,0.015446886629847913,SI206,64,105
roam_mean,0.007383703930549694,SI206,64,105
roam_std_over_mean,0.01629288216777602,SI206,64,105
roam_early_mean,0.009101416542650984,SI206,64,105
roam_mid_mean,0.017247701316976817,SI206,64,105
roam_late_mean,0.023822442390572317,SI206,64,105
roam_slope,0.018001532067298067,SI206,64,105
speed_1s_rows,0.016085764720496436,SI206,64,105
speed_1s_stage2_rows,0.012476520443253857,SI206,64,105
speed_1s_stage2_col1_mean,0.01950934578821274,SI206,64,105
speed_1s_stage2_col1_std_over_mean,0.02255174626860357,SI206,64,105
speed_1s_stage2_col2_mean,0.009960123142055384,SI206,64,105
speed_1s_stage2_col2_std_over_mean,0.016805534761289993,SI206,64,105
speed_1s_stage3_rows,0.012986450815711918,SI206,64,105
speed_1s_stage3_col1_mean,0.009779911426906264,SI206,64,105
speed_1s_stage3_col1_std_over_mean,0.01883915985574665,SI206,64,105
speed_1s_stage3_col2_mean,0.011936369933367438,SI206,64,105
speed_1s_stage3_col2_std_over_mean,0.024360904119375262,SI206,64,105
speed_1s_stage4_rows,0.012366708018375678,SI206,64,105
speed_1s_stage4_col1_mean,0.011025709259234354,SI206,64,105
speed_1s_stage4_col1_std_over_mean,0.020468930808064577,SI206,64,105
speed_1s_stage4_col2_mean,0.011326839704036347,SI206,64,105
speed_1s_stage4_col2_std_over_mean,0.03406530039584274,SI206,64,105
speed_1s_stage5_rows,1.868149510340462e-05,SI206,64,105
speed_1s_stage5_col1_mean,0.013275586480787343,SI206,64,105
speed_1s_stage5_col1_std_over_mean,0.09809627379435026,SI206,64,105
speed_1s_stage5_col2_mean,0.011501630404620551,SI206,64,105
speed_1s_stage5_col2_std_over_mean,0.06488395013051232,SI206,64,105
speed_10s_avg_rows,0.017166900131714333,SI206,64,105
speed_10s_avg_stage2_rows,0.014193781772380936,SI206,64,105
speed_10s_avg_stage2_col1_mean,0.01657094768323985,SI206,64,105
speed_10s_avg_stage2_col1_std_over_mean,0.030411879668247065,SI206,64,105
speed_10s_avg_stage2_col2_mean,0.010163703798569835,SI206,64,105
speed_10s_avg_stage2_col2_std_over_mean,0.014411469449349878,SI206,64,105
speed_10s_avg_stage3_rows,0.010043901133722222,SI206,64,105
speed_10s_avg_stage3_col1_mean,0.009078464254725516,SI206,64,105
speed_10s_avg_stage3_col1_std_over_mean,0.019931056253646006,SI206,64,105
speed_10s_avg_stage3_col2_mean,0.014929601032971442,SI206,64,105
speed_10s_avg_stage3_col2_std_over_mean,0.01012787678414387,SI206,64,105
speed_10s_avg_stage4_rows,0.018103277862931685,SI206,64,105
speed_10s_avg_stage4_col1_mean,0.00877409569969494,SI206,64,105
speed_10s_avg_stage4_col1_std_over_mean,0.08784099410114836,SI206,64,105
speed_10s_avg_stage4_col2_mean,0.01282692980956374,SI206,64,105
speed_10s_avg_stage4_col2_std_over_mean,0.012992099076268014,SI206,64,105
speed_10s_avg_stage5_rows,2.6504922485620825e-05,SI206,64,105
speed_10s_avg_stage5_col1_mean,0.010690543742814276,SI206,64,105
speed_10s_avg_stage5_col1_std_over_mean,0.021134778864496252,SI206,64,105
speed_10s_avg_stage5_col2_mean,0.019146126048841666,SI206,64,105
speed_10s_avg_stage5_col2_std_over_mean,0.0368002301743923,SI206,64,105
stage_2_frames,0.029194061639469096,SI206,65,106
stage_3_frames,0.012027500505333463,SI206,65,106
stage_4_frames,0.015302699448857062,SI206,65,106
stage_5_frames,0.013437151629019517,SI206,65,106
roam_mean,0.012143663330513544,SI206,65,106
roam_std_over_mean,0.01478600309169521,SI206,65,106
roam_early_mean,0.006833999204439913,SI206,65,106
roam_mid_mean,0.01963987991634445,SI206,65,106
roam_late_mean,0.025418190059459556,SI206,65,106
roam_slope,0.01587773566907684,SI206,65,106
speed_1s_rows,0.021507103743192514,SI206,65,106
speed_1s_stage2_rows,0.01198761370807149,SI206,65,106
speed_1s_stage2_col1_mean,0.014988879662954546,SI206,65,106
speed_1s_stage2_col1_std_over_mean,0.020942676371029117,SI206,65,106
speed_1s_stage2_col2_mean,0.0062740556965106735,SI206,65,106
speed_1s_stage2_col2_std_over_mean,0.01526384306281784,SI206,65,106
speed_1s_stage3_rows,0.014269510212439303,SI206,65,106
speed_1s_stage3_col1_mean,0.014374160367093308,SI206,65,106
speed_1s_stage3_col1_std_over_mean,0.020153628315756258,SI206,65,106
speed_1s_stage3_col2_mean,0.008505506985041055,SI206,65,106
speed_1s_stage3_col2_std_over_mean,0.02750706959519522,SI206,65,106
speed_1s_stage4_rows,0.016026889531219047,SI206,65,106
speed_1s_stage4_col1_mean,0.00645822922737744,SI206,65,106
speed_1s_stage4_col1_std_over_mean,0.02568227393922073,SI206,65,106
speed_1s_stage4_col2_mean,0.011998001580473656,SI206,65,106
speed_1s_stage4_col2_std_over_mean,0.040777340106384015,SI206,65,106
speed_1s_stage5_rows,0.00010890604726352266,SI206,65,106
speed_1s_stage5_col1_mean,0.011209463766583074,SI206,65,106
speed_1s_stage5_col1_std_over_mean,0.10113945115114514,SI206,65,106
speed_1s_stage5_col2_mean,0.014009006378055184,SI206,65,106
speed_1s_stage5_col2_std_over_mean,0.0544589281399149,SI206,65,106
speed_10s_avg_rows,0.01578944991211602,SI206,65,106
speed_10s_avg_stage2_rows,0.0101560245884651,SI206,65,106
speed_10s_avg_stage2_col1_mean,0.020650513491288335,SI206,65,106
speed_10s_avg_stage2_col1_std_over_mean,0.029558464086989186,SI206,65,106
speed_10s_avg_stage2_col2_mean,0.009399502012479645,SI206,65,106
speed_10s_avg_stage2_col2_std_over_mean,0.018848747159347413,SI206,65,106
speed_10s_avg_stage3_rows,0.012742648817737885,SI206,65,106
speed_10s_avg_stage3_col1_mean,0.011914736065347297,SI206,65,106
speed_10s_avg_stage3_col1_std_over_mean,0.01661711294904518,SI206,65,106
speed_10s_avg_stage3_col2_mean,0.012195963701566143,SI206,65,106
speed_10s_avg_stage3_col2_std_over_mean,0.011423625663045368,SI206,65,106
speed_10s_avg_stage4_rows,0.01617343085647975,SI206,65,106
speed_10s_avg_stage4_col1_mean,0.006726689399559315,SI206,65,106
speed_10s_avg_stage4_col1_std_over_mean,0.07991052179204894,SI206,65,106
speed_10s_avg_stage4_col2_mean,0.009064687385679426,SI206,65,106
speed_10s_avg_stage4_col2_std_over_mean,0.012513519516513215,SI206,65,106
speed_10s_avg_stage5_rows,0.00010033444816053527,SI206,65,106
speed_10s_avg_stage5_col1_mean,0.016127123210917766,SI206,65,106
speed_10s_avg_stage5_col1_std_over_mean,0.01587875906112136,SI206,65,106
speed_10s_avg_stage5_col2_mean,0.016304075699631423,SI206,65,106
speed_10s_avg_stage5_col2_std_over_mean,0.035600648100513936,SI206,65,106
stage_2_frames,0.029119475656526513,SI206,66,107
stage_3_frames,0.011140400847023134,SI206,66,107
stage_4_frames,0.017245579226934746,SI206,66,107
stage_5_frames,0.016590695716513476,SI206,66,107
roam_mean,0.005573114550860345,SI206,66,107
roam_std_over_mean,0.015890585500021488,SI206,66,107
roam_early_mean,0.008922354125249495,SI206,66,107
roam_mid_mean,0.017786525046576664,SI206,66,107
roam_late_mean,0.016830467362577754,SI206,66,107
roam_slope,0.022420568113384925,SI206,66,107
speed_1s_rows,0.017726570632101653,SI206,66,107
speed_1s_stage2_rows,0.008505286304165928,SI206,66,107
speed_1s_stage2_col1_mean,0.018149512859149005,SI206,66,107
speed_1s_stage2_col1_std_over_mean,0.02255977236483189,SI206,66,107
speed_1s_stage2_col2_mean,0.006612090876706472,SI206,66,107
speed_1s_stage2_col2_std_over_mean,0.013064205595948225,SI206,66,107
speed_1s_stage3_rows,0.016964401659363183,SI206,66,107
speed_1s_stage3_col1_mean,0.01627043202558028,SI206,66,107
speed_1s_stage3_col1_std_over_mean,0.02435106965256275,SI206,66,107
speed_1s_stage3_col2_mean,0.007485946328227077,SI206,66,107
speed_1s_stage3_col2_std_over_mean,0.022117100835620445,SI206,66,107
speed_1s_stage4_rows,0.014665691204795862,SI206,66,107
speed_1s_stage4_col1_mean,0.007637278740144031,SI206,66,107
speed_1s_stage4_col1_std_over_mean,0.026324849388538088,SI206,66,107
speed_1s_stage4_col2_mean,0.011977188551905806,SI206,66,107
speed_1s_stage4_col2_std_over_mean,0.046393387233069884,SI206,66,107
speed_1s_stage5_rows,0.0,SI206,66,107
speed_1s_stage5_col1_mean,0.014091303198845148,SI206,66,107
speed_1s_stage5_col1_std_over_mean,0.1006813254940978,SI206,66,107
speed_1s_stage5_col2_mean,0.020171705203301374,SI206,66,107
speed_1s_stage5_col2_std_over_mean,0.04790221250943953,SI206,66,107
speed_10s_avg_rows,0.009612660569914501,SI206,66,107
speed_10s_avg_stage2_rows,0.011633701183174994,SI206,66,107
speed_10s_avg_stage2_col1_mean,0.015235287642009064,SI206,66,107
speed_10s_avg_stage2_col1_std_over_mean,0.02447485598464404,SI206,66,107
speed_10s_avg_stage2_col2_mean,0.008195319513257486,SI206,66,107
speed_10s_avg_stage2_col2_std_over_mean,0.015521598946732709,SI206,66,107
speed_10s_avg_stage3_rows,0.012812745331871732,SI206,66,107
speed_10s_avg_stage3_col1_mean,0.020779885151028205,SI206,66,107
speed_10s_avg_stage3_col1_std_over_mean,0.013163201834760805,SI206,66,107
speed_10s_avg_stage3_col2_mean,0.009882703802473948,SI206,66,107
speed_10s_avg_stage3_col2_std_over_mean,0.01279547352438986,SI206,66,107
speed_10s_avg_stage4_rows,0.015185954297852458,SI206,66,107
speed_10s_avg_stage4_col1_mean,0.006267883007860533,SI206,66,107
speed_10s_avg_stage4_col1_std_over_mean,0.08555074934382813,SI206,66,107
speed_10s_avg_stage4_col2_mean,0.01095062600314155,SI206,66,107
speed_10s_avg_stage4_col2_std_over_mean,0.013216363815534612,SI206,66,107
speed_10s_avg_stage5_rows,1.2151283479317509e-05,SI206,66,107
speed_10s_avg_stage5_col1_mean,0.015936077884659675,SI206,66,107
speed_10s_avg_stage5_col1_std_over_mean,0.01981631111721547,SI206,66,107
speed_10s_avg_stage5_col2_mean,0.018983956157547326,SI206,66,107
speed_10s_avg_stage5_col2_std_over_mean,0.03480139680056076,SI206,66,107
stage_2_frames,0.03224562875592436,SI206,67,108
stage_3_frames,0.008521177459305515,SI206,67,108
stage_4_frames,0.019148842320611016,SI206,67,108
stage_5_frames,0.015757376472626924,SI206,67,108
roam_mean,0.00955155957119931,SI206,67,108
roam_std_over_mean,0.014106442172160522,SI206,67,108
roam_early_mean,0.008547867684951053,SI206,67,108
roam_mid_mean,0.01708725130357181,SI206,67,108
roam_late_mean,0.017346305676345743,SI206,67,108
roam_slope,0.020797314051036873,SI206,67,108
speed_1s_rows,0.019672072322089618,SI206,67,108
speed_1s_stage2_rows,0.008378961345993153,SI206,67,108
speed_1s_stage2_col1_mean,0.01628450716659783,SI206,67,108
speed_1s_stage2_col1_std_over_mean,0.01799056868058694,SI206,67,108
speed_1s_stage2_col2_mean,0.006592535555500119,SI206,67,108
speed_1s_stage2_col2_std_over_mean,0.013281508355919505,SI206,67,108
speed_1s_stage3_rows,0.018839850782028142,SI206,67,108
speed_1s_stage3_col1_mean,0.012097532078583407,SI206,67,108
speed_1s_stage3_col1_std_over_mean,0.016621497627258685,SI206,67,108
speed_1s_stage3_col2_mean,0.012958276586510838,SI206,67,108
speed_1s_stage3_col2_std_over_mean,0.02924171791697364,SI206,67,108
speed_1s_stage4_rows,0.014213342004095885,SI206,67,108
speed_1s_stage4_col1_mean,0.005740439419897643,SI206,67,108
speed_1s_stage4_col1_std_over_mean,0.029902744687292426,SI206,67,108
speed_1s_stage4_col2_mean,0.010418920087995606,SI206,67,108
speed_1s_stage4_col2_std_over_mean,0.036035565274507096,SI206,67,108
speed_1s_stage5_rows,6.7173970086592995e-06,SI206,67,108
speed_1s_stage5_col1_mean,0.010918475869984366,SI206,67,108
speed_1s_stage5_col1_std_over_mean,0.09267463632969802,SI206,67,108
speed_1s_stage5_col2_mean,0.01888920439552441,SI206,67,108
speed_1s_stage5_col2_std_over_mean,0.0697432186619147,SI206,67,108
speed_10s_avg_rows,0.014858607539910687,SI206,67,108
speed_10s_avg_stage2_rows,0.011500203716010475,SI206,67,108
speed_10s_avg_stage2_col1_mean,0.022088040558592304,SI206,67,108
speed_10s_avg_stage2_col1_std_over_mean,0.02835241646193751,SI206,67,108
speed_10s_avg_stage2_col2_mean,0.012612939163599513,SI206,67,108
speed_10s_avg_stage2_col2_std_over_mean,0.016092313328623167,SI206,67,108
speed_10s_avg_stage3_rows,0.018296338402418753,SI206,67,108
speed_10s_avg_stage3_col1_mean,0.015507873319744262,SI206,67,108
speed_10s_avg_stage3_col1_std_over_mean,0.016916839218148145,SI206,67,108
speed_10s_avg_stage3_col2_mean,0.011013091507889101,SI206,67,108
speed_10s_avg_stage3_col2_std_over_mean,0.01120973984009785,SI206,67,108
speed_10s_avg_stage4_rows,0.016638972022666787,SI206,67,108
speed_10s_avg_stage4_col1_mean,0.009049557851239242,SI206,67,108
speed_10s_avg_stage4_col1_std_over_mean,0.07865068122445584,SI206,67,108
speed_10s_avg_stage4_col2_mean,0.010233844596081504,SI206,67,108
speed_10s_avg_stage4_col2_std_over_mean,0.014535955185941597,SI206,67,108
speed_10s_avg_stage5_rows,0.0,SI206,67,108
speed_10s_avg_stage5_col1_mean,0.010018341076606608,SI206,67,108
speed_10s_avg_stage5_col1_std_over_mean,0.017353213450122904,SI206,67,108
speed_10s_avg_stage5_col2_mean,0.01996369998408979,SI206,67,108
speed_10s_avg_stage5_col2_std_over_mean,0.02149527353813026,SI206,67,108
stage_2_frames,0.034333152804513774,SI206,68,109
stage_3_frames,0.00986742816138201,SI206,68,109
stage_4_frames,0.018827246582014057,SI206,68,109
stage_5_frames,0.01446431924907502,SI206,68,109
roam_mean,0.009380943249549417,SI206,68,109
roam_std_over_mean,0.01670530376292976,SI206,68,109
roam_early_mean,0.011890942800209688,SI206,68,109
roam_mid_mean,0.019992449993633456,SI206,68,109
roam_late_mean,0.015295605234299403,SI206,68,109
roam_slope,0.020828070670843822,SI206,68,109
speed_1s_rows,0.0113843778191226,SI206,68,109
speed_1s_stage2_rows,0.012295839944723354,SI206,68,109
speed_1s_stage2_col1_mean,0.023950673660497072,SI206,68,109
speed_1s_stage2_col1_std_over_mean,0.01936829739925811,SI206,68,109
speed_1s_stage2_col2_mean,0.009923894140663607,SI206,68,109
speed_1s_stage2_col2_std_over_mean,0.013517695747052963,SI206,68,109
speed_1s_stage3_rows,0.016247257532787877,SI206,68,109
speed_1s_stage3_col1_mean,0.013258430830773892,SI206,68,109
speed_1s_stage3_col1_std_over_mean,0.01657655586811898,SI206,68,109
speed_1s_stage3_col2_mean,0.014574171673110318,SI206,68,109
speed_1s_stage3_col2_std_over_mean,0.0329087098312091,SI206,68,109
speed_1s_stage4_rows,0.017441897946338852,SI206,68,109
speed_1s_stage4_col1_mean,0.008581929344075229,SI206,68,109
speed_1s_stage4_col1_std_over_mean,0.02734498045846608,SI206,68,109
speed_1s_stage4_col2_mean,0.012429895459483902,SI206,68,109
speed_1s_stage4_col2_std_over_mean,0.033752998280217494,SI206,68,109
speed_1s_stage5_rows,6.30716639462905e-05,SI206,68,109
speed_1s_stage5_col1_mean,0.013267918789176273,SI206,68,109
speed_1s_stage5_col1_std_over_mean,0.09420003968328709,SI206,68,109
speed_1s_stage5_col2_mean,0.014786825648174672,SI206,68,109
speed_1s_stage5_col2_std_over_mean,0.05340860444931556,SI206,68,109
speed_10s_avg_rows,0.010390075502981702,SI206,68,109
speed_10s_avg_stage2_rows,0.013758094135198977,SI206,68,109
speed_10s_avg_stage2_col1_mean,0.02113680851451105,SI206,68,109
speed_10s_avg_stage2_col1_std_over_mean,0.025234975678980226,SI206,68,109
speed_10s_avg_stage2_col2_mean,0.009067961889706738,SI206,68,109
speed_10s_avg_stage2_col2_std_over_mean,0.014562136434142154,SI206,68,109
speed_10s_avg_stage3_rows,0.016029922628583,SI206,68,109
speed_10s_avg_stage3_col1_mean,0.011059071745321829,SI206,68,109
speed_10s_avg_stage3_col1_std_over_mean,0.017666173981598105,SI206,68,109
speed_10s_avg_stage3_col2_mean,0.008836864251370837,SI206,68,109
speed_10s_avg_stage3_col2_std_over_mean,0.010084025689312024,SI206,68,109
speed_10s_avg_stage4_rows,0.01901489937531223,SI206,68,109
speed_10s_avg_stage4_col1_mean,0.004845260193858033,SI206,68,109
speed_10s_avg_stage4_col1_std_over_mean,0.08236954092735789,SI206,68,109
speed_10s_avg_stage4_col2_mean,0.012282426740165367,SI206,68,109
speed_10s_avg_stage4_col2_std_over_mean,0.011207244059051786,SI206,68,109
speed_10s_avg_stage5_rows,1.6026443631992763e-05,SI206,68,109
speed_10s_avg_stage5_col1_mean,0.009978109095465284,SI206,68,109
speed_10s_avg_stage5_col1_std_over_mean,0.02228089010620001,SI206,68,109
speed_10s_avg_stage5_col2_mean,0.016185325590162895,SI206,68,109
speed_10s_avg_stage5_col2_std_over_mean,0.03312463833883796,SI206,68,109
stage_2_frames,0.03317686308782883,SI206,69,110
stage_3_frames,0.009828862678824319,SI206,69,110
stage_4_frames,0.021992253526485848,SI206,69,110
stage_5_frames,0.01518099627044878,SI206,69,110
roam_mean,0.012235736704631987,SI206,69,110
roam_std_over_mean,0.013408960667344021,SI206,69,110
roam_early_mean,0.016079254519407414,SI206,69,110
roam_mid_mean,0.015284859617002822,SI206,69,110
roam_late_mean,0.023568629343744447,SI206,69,110
roam_slope,0.01292473705157916,SI206,69,110
speed_1s_rows,0.016271453603152748,SI206,69,110
speed_1s_stage2_rows,0.008865023660310596,SI206,69,110
speed_1s_stage2_col1_mean,0.026278457172157,SI206,69,110
speed_1s_stage2_col1_std_over_mean,0.029584508565589404,SI206,69,110
speed_1s_stage2_col2_mean,0.007680580743994384,SI206,69,110
speed_1s_stage2_col2_std_over_mean,0.013471047141649274,SI206,69,110
speed_1s_stage3_rows,0.011453151491104338,SI206,69,110
speed_1s_stage3_col1_mean,0.014807650115808074,SI206,69,110
speed_1s_stage3_col1_std_over_mean,0.019040800166189677,SI206,69,110
speed_1s_stage3_col2_mean,0.011592177807074095,SI206,69,110
speed_1s_stage3_col2_std_over_mean,0.02330932796849074,SI206,69,110
speed_1s_stage4_rows,0.016966789405681294,SI206,69,110
speed_1s_stage4_col1_mean,0.005426121645225846,SI206,69,110
speed_1s_stage4_col1_std_over_mean,0.019925295917800567,SI206,69,110
speed_1s_stage4_col2_mean,0.015493579984336084,SI206,69,110
speed_1s_stage4_col2_std_over_mean,0.03289376999531508,SI206,69,110
speed_1s_stage5_rows,6.700448092466182e-06,SI206,69,110
speed_1s_stage5_col1_mean,0.012765809857307303,SI206,69,110
speed_1s_stage5_col1_std_over_mean,0.08672893499333009,SI206,69,110
speed_1s_stage5_col2_mean,0.01965751109830168,SI206,69,110
speed_1s_stage5_col2_std_over_mean,0.061644234539399816,SI206,69,110
speed_10s_avg_rows,0.014562316600567362,SI206,69,110
speed_10s_avg_stage2_rows,0.009950899860188208,SI206,69,110
speed_10s_avg_stage2_col1_mean,0.02182288637008216,SI206,69,110
speed_10s_avg_stage2_col1_std_over_mean,0.024550464257888444,SI206,69,110
speed_10s_avg_stage2_col2_mean,0.006585784029584397,SI206,69,110
speed_10s_avg_stage2_col2_std_over_mean,0.014885325741900228,SI206,69,110
speed_10s_avg_stage3_rows,0.014705462529194007,SI206,69,110
speed_10s_avg_stage3_col1_mean,0.021541972968605806,SI206,69,110
speed_10s_avg_stage3_col1_std_over_mean,0.016979476562131543,SI206,69,110
speed_10s_avg_stage3_col2_mean,0.010023614575197648,SI206,69,110
speed_10s_avg_stage3_col2_std_over_mean,0.009470733196233996,SI206,69,110
speed_10s_avg_stage4_rows,0.01799508181466627,SI206,69,110
speed_10s_avg_stage4_col1_mean,0.004968934664032043,SI206,69,110
speed_10s_avg_stage4_col1_std_over_mean,0.07898168375238142,SI206,69,110
speed_10s_avg_stage4_col2_mean,0.018660064801405703,SI206,69,110
speed_10s_avg_stage4_col2_std_over_mean,0.0097947585045799,SI206,69,110
speed_10s_avg_stage5_rows,0.00029308187616344496,SI206,69,110
speed_10s_avg_stage5_col1_mean,0.015871416408453052,SI206,69,110
speed_10s_avg_stage5_col1_std_over_mean,0.018678247797509425,SI206,69,110
speed_10s_avg_stage5_col2_mean,0.012581831898197907,SI206,69,110
speed_10s_avg_stage5_col2_std_over_mean,0.029551882003428964,SI206,69,110
stage_2_frames,0.029930721437011653,SI206,70,111
stage_3_frames,0.01167328431023132,SI206,70,111
stage_4_frames,0.01635637568839758,SI206,70,111
stage_5_frames,0.021955585273743857,SI206,70,111
roam_mean,0.008637805391035045,SI206,70,111
roam_std_over_mean,0.019220280366507147,SI206,70,111
roam_early_mean,0.006762610506329192,SI206,70,111
roam_mid_mean,0.017748034652491255,SI206,70,111
roam_late_mean,0.02261219430328866,SI206,70,111
roam_slope,0.019147868886704708,SI206,70,111
speed_1s_rows,0.012940182181092594,SI206,70,111
speed_1s_stage2_rows,0.010602368608230594,SI206,70,111
speed_1s_stage2_col1_mean,0.0190094841940052,SI206,70,111
speed_1s_stage2_col1_std_over_mean,0.027491098754874838,SI206,70,111
speed_1s_stage2_col2_mean,0.010868180332390365,SI206,70,111
speed_1s_stage2_col2_std_over_mean,0.013220679927134006,SI206,70,111
speed_1s_stage3_rows,0.012880988826926253,SI206,70,111
speed_1s_stage3_col1_mean,0.01511353030532616,SI206,70,111
speed_1s_stage3_col1_std_over_mean,0.02162629121653418,SI206,70,111
speed_1s_stage3_col2_mean,0.013867785311722133,SI206,70,111
speed_1s_stage3_col2_std_over_mean,0.03663079873064398,SI206,70,111
speed_1s_stage4_rows,0.013218949311212525,SI206,70,111
speed_1s_stage4_col1_mean,0.006011862838428248,SI206,70,111
speed_1s_stage4_col1_std_over_mean,0.02403826898657581,SI206,70,111
speed_1s_stage4_col2_mean,0.009381572299082638,SI206,70,111
speed_1s_stage4_col2_std_over_mean,0.03207486875088276,SI206,70,111
speed_1s_stage5_rows,0.0,SI206,70,111
speed_1s_stage5_col1_mean,0.012225269351454383,SI206,70,111
speed_1s_stage5_col1_std_over_mean,0.08275617404414101,SI206,70,111
speed_1s_stage5_col2_mean,0.017543057647683272,SI206,70,111
speed_1s_stage5_col2_std_over_mean,0.04985525868492315,SI206,70,111
speed_10s_avg_rows,0.015975020238727117,SI206,70,111
speed_10s_avg_stage2_rows,0.00881123490662066,SI206,70,111
speed_10s_avg_stage2_col1_mean,0.02036778044671436,SI206,70,111
speed_10s_avg_stage2_col1_std_over_mean,0.030497351056058972,SI206,70,111
speed_10s_avg_stage2_col2_mean,0.012505749669322948,SI206,70,111
speed_10s_avg_stage2_col2_std_over_mean,0.021329963596943155,SI206,70,111
speed_10s_avg_stage3_rows,0.015011878011009658,SI206,70,111
speed_10s_avg_stage3_col1_mean,0.013292486528590866,SI206,70,111
speed_10s_avg_stage3_col1_std_over_mean,0.0238964204182521,SI206,70,111
speed_10s_avg_stage3_col2_mean,0.009061301822361662,SI206,70,111
speed_10s_avg_stage3_col2_std_over_mean,0.010250706652560403,SI206,70,111
speed_10s_avg_stage4_rows,0.013976067668830292,SI206,70,111
speed_10s_avg_stage4_col1_mean,0.0051460294001941164,SI206,70,111
speed_10s_avg_stage4_col1_std_over_mean,0.06726106440007046,SI206,70,111
speed_10s_avg_stage4_col2_mean,0.012238954822875986,SI206,70,111
speed_10s_avg_stage4_col2_std_over_mean,0.012050923033501063,SI206,70,111
speed_10s_avg_stage5_rows,0.0,SI206,70,111
speed_10s_avg_stage5_col1_mean,0.015894721959435486,SI206,70,111
speed_10s_avg_stage5_col1_std_over_mean,0.015392888935332576,SI206,70,111
speed_10s_avg_stage5_col2_mean,0.016094923013068363,SI206,70,111
speed_10s_avg_stage5_col2_std_over_mean,0.045543102300525384,SI206,70,111
stage_2_frames,0.03415280491856924,SI206,71,112
stage_3_frames,0.010065419172229256,SI206,71,112
stage_4_frames,0.01662421725324688,SI206,71,112
stage_5_frames,0.016313684212481666,SI206,71,112
roam_mean,0.0072060954870412355,SI206,71,112
roam_std_over_mean,0.02006572655099663,SI206,71,112
roam_early_mean,0.007678300866302196,SI206,71,112
roam_mid_mean,0.01809476498100007,SI206,71,112
roam_late_mean,0.023291874758098047,SI206,71,112
roam_slope,0.019753360797085884,SI206,71,112
speed_1s_rows,0.008227142022202443,SI206,71,112
speed_1s_stage2_rows,0.00969817246326114,SI206,71,112
speed_1s_stage2_col1_mean,0.017033090946166438,SI206,71,112
speed_1s_stage2_col1_std_over_mean,0.02164281176326202,SI206,71,112
speed_1s_stage2_col2_mean,0.006373287336038052,SI206,71,112
speed_1s_stage2_col2_std_over_mean,0.012445374670055648,SI206,71,112
speed_1s_stage3_rows,0.021559071792469207,SI206,71,112
speed_1s_stage3_col1_mean,0.017354922105144353,SI206,71,112
speed_1s_stage3_col1_std_over_mean,0.017090683411328154,SI206,71,112
speed_1s_stage3_col2_mean,0.007070369423765713,SI206,71,112
speed_1s_stage3_col2_std_over_mean,0.03420278689724012,SI206,71,112
speed_1s_stage4_rows,0.017604312016181498,SI206,71,112
speed_1s_stage4_col1_mean,0.0077537162729725976,SI206,71,112
speed_1s_stage4_col1_std_over_mean,0.021263411763587512,SI206,71,112
speed_1s_stage4_col2_mean,0.010878332867745808,SI206,71,112
speed_1s_stage4_col2_std_over_mean,0.03485036114118395,SI206,71,112
speed_1s_stage5_rows,1.0752688172043012e-05,SI206,71,112
speed_1s_stage5_col1_mean,0.010011475562040618,SI206,71,112
speed_1s_stage5_col1_std_over_mean,0.10701332460001547,SI206,71,112
speed_1s_stage5_col2_mean,0.012667447449415177,SI206,71,112
speed_1s_stage5_col2_std_over_mean,0.05499340674277911,SI206,71,112
speed_10s_avg_rows,0.009235510323066763,SI206,71,112
speed_10s_avg_stage2_rows,0.012523398827363466,SI206,71,112
speed_10s_avg_stage2_col1_mean,0.014423633232484941,SI206,71,112
speed_10s_avg_stage2_col1_std_over_mean,0.030019744432046136,SI206,71,112
speed_10s_avg_stage2_col2_mean,0.009718346423896707,SI206,71,112
speed_10s_avg_stage2_col2_std_over_mean,0.018673957164809088,SI206,71,112
speed_10s_avg_stage3_rows,0.017422245151080203,SI206,71,112
speed_10s_avg_stage3_col1_mean,0.008748647625065463,SI206,71,112
speed_10s_avg_stage3_col1_std_over_mean,0.015232869593424087,SI206,71,112
speed_10s_avg_stage3_col2_mean,0.009019322178628967,SI206,71,112
speed_10s_avg_stage3_col2_std_over_mean,0.009555722809910535,SI206,71,112
speed_10s_avg_stage4_rows,0.019713965439553126,SI206,71,112
speed_10s_avg_stage4_col1_mean,0.007312915990291983,SI206,71,112
speed_10s_avg_stage4_col1_std_over_mean,0.08973862811459943,SI206,71,112
speed_10s_avg_stage4_col2_mean,0.015943285673188902,SI206,71,112
speed_10s_avg_stage4_col2_std_over_mean,0.014482518918812555,SI206,71,112
speed_10s_avg_stage5_rows,6.900486538210975e-05,SI206,71,112
speed_10s_avg_stage5_col1_mean,0.011176844492419128,SI206,71,112
speed_10s_avg_stage5_col1_std_over_mean,0.020066455280314224,SI206,71,112
speed_10s_avg_stage5_col2_mean,0.014030441975575413,SI206,71,112
speed_10s_avg_stage5_col2_std_over_mean,0.02990203855600855,SI206,71,112
stage_2_frames,0.030260818877747907,SI206,72,113
stage_3_frames,0.008865753502824704,SI206,72,113
stage_4_frames,0.01065151961297161,SI206,72,113
stage_5_frames,0.01511425362674091,SI206,72,113
roam_mean,0.007667823209533499,SI206,72,113
roam_std_over_mean,0.011876209533474002,SI206,72,113
roam_early_mean,0.009600074404485213,SI206,72,113
roam_mid_mean,0.015584086202496416,SI206,72,113
roam_late_mean,0.019581814683585483,SI206,72,113
roam_slope,0.02358403479398249,SI206,72,113
speed_1s_rows,0.01832190355139395,SI206,72,113
speed_1s_stage2_rows,0.011990902253050887,SI206,72,113
speed_1s_stage2_col1_mean,0.0133980141854129,SI206,72,113
speed_1s_stage2_col1_std_over_mean,0.021458155358531215,SI206,72,113
speed_1s_stage2_col2_mean,0.007837476364207785,SI206,72,113
speed_1s_stage2_col2_std_over_mean,0.008432468134229957,SI206,72,113
speed_1s_stage3_rows,0.019181269298436606,SI206,72,113
speed_1s_stage3_col1_mean,0.012302899315531829,SI206,72,113
speed_1s_stage3_col1_std_over_mean,0.019549034193261514,SI206,72,113
speed_1s_stage3_col2_mean,0.010620342670209518,SI206,72,113
speed_1s_stage3_col2_std_over_mean,0.03424445317431397,SI206,72,113
speed_1s_stage4_rows,0.016125302628180054,SI206,72,113
speed_1s_stage4_col1_mean,0.00811980920601366,SI206,72,113
speed_1s_stage4_col1_std_over_mean,0.02392912593746688,SI206,72,113
speed_1s_stage4_col2_mean,0.01194665420220853,SI206,72,113
speed_1s_stage4_col2_std_over_mean,0.04106080994899532,SI206,72,113
speed_1s_stage5_rows,0.0001250058559223451,SI206,72,113
speed_1s_stage5_col1_mean,0.012948389305505296,SI206,72,113
speed_1s_stage5_col1_std_over_mean,0.09747196081553475,SI206,72,113
speed_1s_stage5_col2_mean,0.01451679446893357,SI206,72,113
speed_1s_stage5_col2_std_over_mean,0.05928603736175029,SI206,72,113
speed_10s_avg_rows,0.013481258112195355,SI206,72,113
speed_10s_avg_stage2_rows,0.011349671121537452,SI206,72,113
speed_10s_avg_stage2_col1_mean,0.024155929666001493,SI206,72,113
speed_10s_avg_stage2_col1_std_over_mean,0.02340503832842791,SI206,72,113
speed_10s_avg_stage2_col2_mean,0.013790925789904603,SI206,72,113
speed_10s_avg_stage2_col2_std_over_mean,0.01700673359430139,SI206,72,113
speed_10s_avg_stage3_rows,0.017823006489847183,SI206,72,113
speed_10s_avg_stage3_col1_mean,0.00875408546981092,SI206,72,113
speed_10s_avg_stage3_col1_std_over_mean,0.015474878033051791,SI206,72,113
speed_10s_avg_stage3_col2_mean,0.010095515596653778,SI206,72,113
speed_10s_avg_stage3_col2_std_over_mean,0.0090946728044606,SI206,72,113
speed_10s_avg_stage4_rows,0.01900634647450375,SI206,72,113
speed_10s_avg_stage4_col1_mean,0.006548619105005485,SI206,72,113
speed_10s_avg_stage4_col1_std_over_mean,0.07533213506794025,SI206,72,113
speed_10s_avg_stage4_col2_mean,0.014510545070328992,SI206,72,113
speed_10s_avg_stage4_col2_std_over_mean,0.015418597461787921,SI206,72,113
speed_10s_avg_stage5_rows,0.0,SI206,72,113
speed_10s_avg_stage5_col1_mean,0.010055856176747903,SI206,72,113
speed_10s_avg_stage5_col1_std_over_mean,0.024453611216268413,SI206,72,113
speed_10s_avg_stage5_col2_mean,0.013984977080775864,SI206,72,113
speed_10s_avg_stage5_col2_std_over_mean,0.04060440066351589,SI206,72,113
stage_2_frames,0.030920365567871328,SI206,73,114
stage_3_frames,0.009705257974367625,SI206,73,114
stage_4_frames,0.018516725714541122,SI206,73,114
stage_5_frames,0.01632568031529163,SI206,73,114
roam_mean,0.007274075651211486,SI206,73,114
roam_std_over_mean,0.017446039387820564,SI206,73,114
roam_early_mean,0.008545653551139811,SI206,73,114
roam_mid_mean,0.016537193612015756,SI206,73,114
roam_late_mean,0.02320022445018763,SI206,73,114
roam_slope,0.018494897138274416,SI206,73,114
speed_1s_rows,0.015624544489016732,SI206,73,114
speed_1s_stage2_rows,0.012227161458682193,SI206,73,114
speed_1s_stage2_col1_mean,0.018093219120036405,SI206,73,114
speed_1s_stage2_col1_std_over_mean,0.02288540868027428,SI206,73,114
speed_1s_stage2_col2_mean,0.006674691013514228,SI206,73,114
speed_1s_stage2_col2_std_over_mean,0.016382396595512827,SI206,73,114
speed_1s_stage3_rows,0.01577593278607364,SI206,73,114
speed_1s_stage3_col1_mean,0.01187439744235283,SI206,73,114
speed_1s_stage3_col1_std_over_mean,0.0204675723139123,SI206,73,114
speed_1s_stage3_col2_mean,0.010961787765487643,SI206,73,114
speed_1s_stage3_col2_std_over_mean,0.030129217355859227,SI206,73,114
speed_1s_stage4_rows,0.0156842689045976,SI206,73,114
speed_1s_stage4_col1_mean,0.006280998102887987,SI206,73,114
speed_1s_stage4_col1_std_over_mean,0.021604799352215515,SI206,73,114
speed_1s_stage4_col2_mean,0.01147171116461963,SI206,73,114
speed_1s_stage4_col2_std_over_mean,0.03106829923165615,SI206,73,114
speed_1s_stage5_rows,1.9148257067974306e-05,SI206,73,114
speed_1s_stage5_col1_mean,0.01528391570349745,SI206,73,114
speed_1s_stage5_col1_std_over_mean,0.08399326067738619,SI206,73,114
speed_1s_stage5_col2_mean,0.014103447747044081,SI206,73,114
speed_1s_stage5_col2_std_over_mean,0.062104701592036994,SI206,73,114
speed_10s_avg_rows,0.01493806557045104,SI206,73,114
speed_10s_avg_stage2_rows,0.009152482164048882,SI206,73,114
speed_10s_avg_stage2_col1_mean,0.02132510818883704,SI206,73,114
speed_10s_avg_stage2_col1_std_over_mean,0.033345352438595995,SI206,73,114
speed_10s_avg_stage2_col2_mean,0.0096432640007676,SI206,73,114
speed_10s_avg_stage2_col2_std_over_mean,0.01824012297643495,SI206,73,114
speed_10s_avg_stage3_rows,0.016144470745986822,SI206,73,114
speed_10s_avg_stage3_col1_mean,0.010821728678905474,SI206,73,114
speed_10s_avg_stage3_col1_std_over_mean,0.017187179293742198,SI206,73,114
speed_10s_avg_stage3_col2_mean,0.010713095512235716,SI206,73,114
speed_10s_avg_stage3_col2_std_over_mean,0.011890489949792008,SI206,73,114
speed_10s_avg_stage4_rows,0.017000394000877304,SI206,73,114
speed_10s_avg_stage4_col1_mean,0.007088450070579014,SI206,73,114
speed_10s_avg_stage4_col1_std_over_mean,0.07835953932315609,SI206,73,114
speed_10s_avg_stage4_col2_mean,0.010476368796313666,SI206,73,114
speed_10s_avg_stage4_col2_std_over_mean,0.014548875231581855,SI206,73,114
speed_10s_avg_stage5_rows,0.0001066245003187486,SI206,73,114
speed_10s_avg_stage5_col1_mean,0.016390315605351518,SI206,73,114
speed_10s_avg_stage5_col1_std_over_mean,0.021777725754639307,SI206,73,114
speed_10s_avg_stage5_col2_mean,0.017510300415298358,SI206,73,114
speed_10s_avg_stage5_col2_std_over_mean,0.03366305366563321,SI206,73,114
stage_2_frames,0.025730223169844562,SI206,74,115
stage_3_frames,0.009178848589905766,SI206,74,115
stage_4_frames,0.013569035824703212,SI206,74,115
stage_5_frames,0.016081506161202797,SI206,74,115
roam_mean,0.006032682267355488,SI206,74,115
roam_std_over_mean,0.01959618852340398,SI206,74,115
roam_early_mean,0.0092983067553941,SI206,74,115
roam_mid_mean,0.018067285903846667,SI206,74,115
roam_late_mean,0.024591083833145705,SI206,74,115
roam_slope,0.0222017939168499,SI206,74,115
speed_1s_rows,0.022066066948712975,SI206,74,115
speed_1s_stage2_rows,0.009285248670746604,SI206,74,115
speed_1s_stage2_col1_mean,0.021527717055739137,SI206,74,115
speed_1s_stage2_col1_std_over_mean,0.02744033966047877,SI206,74,115
speed_1s_stage2_col2_mean,0.007447809721995422,SI206,74,115
speed_1s_stage2_col2_std_over_mean,0.01505800958515326,SI206,74,115
speed_1s_stage3_rows,0.016349701307172948,SI206,74,115
speed_1s_stage3_col1_mean,0.012893164877013804,SI206,74,115
speed_1s_stage3_col1_std_over_mean,0.01578439158426599,SI206,74,115
speed_1s_stage3_col2_mean,0.00948907416890601,SI206,74,115
speed_1s_stage3_col2_std_over_mean,0.024527524856018005,SI206,74,115
speed_1s_stage4_rows,0.019793521516078893,SI206,74,115
speed_1s_stage4_col1_mean,0.007808579389519851,SI206,74,115
speed_1s_stage4_col1_std_over_mean,0.02321025206465751,SI206,74,115
speed_1s_stage4_col2_mean,0.0125480764355427,SI206,74,115
speed_1s_stage4_col2_std_over_mean,0.040178982334772705,SI206,74,115
speed_1s_stage5_rows,0.0,SI206,74,115
speed_1s_stage5_col1_mean,0.012213962404921813,SI206,74,115
speed_1s_stage5_col1_std_over_mean,0.08936051940620449,SI206,74,115
speed_1s_stage5_col2_mean,0.018913333190449296,SI206,74,115
speed_1s_stage5_col2_std_over_mean,0.05918780212135561,SI206,74,115
speed_10s_avg_rows,0.016767388804467792,SI206,74,115
speed_10s_avg_stage2_rows,0.01007582807358822,SI206,74,115
speed_10s_avg_stage2_col1_mean,0.013751417621544878,SI206,74,115
speed_10s_avg_stage2_col1_std_over_mean,0.0324967125658388,SI206,74,115
speed_10s_avg_stage2_col2_mean,0.009083988572408453,SI206,74,115
speed_10s_avg_stage2_col2_std_over_mean,0.018436381823720652,SI206,74,115
speed_10s_avg_stage3_rows,0.013836916370515612,SI206,74,115
speed_10s_avg_stage3_col1_mean,0.010192135836367123,SI206,74,115
speed_10s_avg_stage3_col1_std_over_mean,0.014637740189946645,SI206,74,115
speed_10s_avg_stage3_col2_mean,0.011991445175896794,SI206,74,115
speed_10s_avg_stage3_col2_std_over_mean,0.01081020926996415,SI206,74,115
speed_10s_avg_stage4_rows,0.016211308104767865,SI206,74,115
speed_10s_avg_stage4_col1_mean,0.007372529037615232,SI206,74,115
speed_10s_avg_stage4_col1_std_over_mean,0.08642769722242434,SI206,74,115
speed_10s_avg_stage4_col2_mean,0.01133900435563807,SI206,74,115
speed_10s_avg_stage4_col2_std_over_mean,0.010455690459644161,SI206,74,115
speed_10s_avg_stage5_rows,1.2035024377064273e-05,SI206,74,115
speed_10s_avg_stage5_col1_mean,0.014647413769409538,SI206,74,115
speed_10s_avg_stage5_col1_std_over_mean,0.01764962577815691,SI206,74,115
speed_10s_avg_stage5_col2_mean,0.018087624166765254,SI206,74,115
speed_10s_avg_stage5_col2_std_over_mean,0.02628587553158463,SI206,74,115
stage_2_frames,0.03211481683948373,SI206,75,116
stage_3_frames,0.014327041876543703,SI206,75,116
stage_4_frames,0.014029135720608776,SI206,75,116
stage_5_frames,0.019108684321684524,SI206,75,116
roam_mean,0.009761318378018606,SI206,75,116
roam_std_over_mean,0.015114555414001392,SI206,75,116
roam_early_mean,0.01054970547752685,SI206,75,116
roam_mid_mean,0.01565523028560433,SI206,75,116
roam_late_mean,0.021896992070234163,SI206,75,116
roam_slope,0.017017372052952374,SI206,75,116
speed_1s_rows,0.01662675367211597,SI206,75,116
speed_1s_stage2_rows,0.008412605119928947,SI206,75,116
speed_1s_stage2_col1_mean,0.020500380187061813,SI206,75,116
speed_1s_stage2_col1_std_over_mean,0.016109462843669955,SI206,75,116
speed_1s_stage2_col2_mean,0.011216600785381878,SI206,75,116
speed_1s_stage2_col2_std_over_mean,0.017588977975274863,SI206,75,116
speed_1s_stage3_rows,0.016305158875331415,SI206,75,116
speed_1s_stage3_col1_mean,0.010371084512601604,SI206,75,116
speed_1s_stage3_col1_std_over_mean,0.013808477534777526,SI206,75,116
speed_1s_stage3_col2_mean,0.009570544210162776,SI206,75,116
speed_1s_stage3_col2_std_over_mean,0.03091318869848337,SI206,75,116
speed_1s_stage4_rows,0.01423150856347212,SI206,75,116
speed_1s_stage4_col1_mean,0.006163461913706439,SI206,75,116
speed_1s_stage4_col1_std_over_mean,0.019533848684705174,SI206,75,116
speed_1s_stage4_col2_mean,0.01379832193378624,SI206,75,116
speed_1s_stage4_col2_std_over_mean,0.030065937920318236,SI206,75,116
speed_1s_stage5_rows,0.0,SI206,75,116
speed_1s_stage5_col1_mean,0.013124614797795562,SI206,75,116
speed_1s_stage5_col1_std_over_mean,0.09695083385165043,SI206,75,116
speed_1s_stage5_col2_mean,0.015809227992289485,SI206,75,116
speed_1s_stage5_col2_std_over_mean,0.056001295976017565,SI206,75,116
speed_10s_avg_rows,0.01346222001364032,SI206,75,116
speed_10s_avg_stage2_rows,0.011067101032303569,SI206,75,116
speed_10s_avg_stage2_col1_mean,0.014953965226801404,SI206,75,116
speed_10s_avg_stage2_col1_std_over_mean,0.026284077427445464,SI206,75,116
speed_10s_avg_stage2_col2_mean,0.008987224776483803,SI206,75,116
speed_10s_avg_stage2_col2_std_over_mean,0.01855193183340635,SI206,75,116
speed_10s_avg_stage3_rows,0.016568215634541483,SI206,75,116
speed_10s_avg_stage3_col1_mean,0.011934020342451458,SI206,75,116
speed_10s_avg_stage3_col1_std_over_mean,0.025617615255770436,SI206,75,116
speed_10s_avg_stage3_col2_mean,0.01485786555377519,SI206,75,116
speed_10s_avg_stage3_col2_std_over_mean,0.01478002924773134,SI206,75,116
speed_10s_avg_stage4_rows,0.016402399072615276,SI206,75,116
speed_10s_avg_stage4_col1_mean,0.0038687226960559193,SI206,75,116
speed_10s_avg_stage4_col1_std_over_mean,0.08595761715019026,SI206,75,116
speed_10s_avg_stage4_col2_mean,0.011617469394456697,SI206,75,116
speed_10s_avg_stage4_col2_std_over_mean,0.01621730825071971,SI206,75,116
speed_10s_avg_stage5_rows,9.913719658595928e-06,SI206,75,116
speed_10s_avg_stage5_col1_mean,0.012416731245631788,SI206,75,116
speed_10s_avg_stage5_col1_std_over_mean,0.016124047055765832,SI206,75,116
speed_10s_avg_stage5_col2_mean,0.019104445987938493,SI206,75,116
speed_10s_avg_stage5_col2_std_over_mean,0.034539940597426856,SI206,75,116
stage_2_frames,0.026878820490677274,SI206,76,117
stage_3_frames,0.013763424686174195,SI206,76,117
stage_4_frames,0.012470942649933231,SI206,76,117
stage_5_frames,0.017202527692758353,SI206,76,117
roam_mean,0.007167513860680816,SI206,76,117
roam_std_over_mean,0.013117022222616856,SI206,76,117
roam_early_mean,0.011430521447273407,SI206,76,117
roam_mid_mean,0.023408829681626147,SI206,76,117
roam_late_mean,0.021859722671716247,SI206,76,117
roam_slope,0.018324624985539047,SI206,76,117
speed_1s_rows,0.013648980810579777,SI206,76,117
speed_1s_stage2_rows,0.010929209632996937,SI206,76,117
speed_1s_stage2_col1_mean,0.017913486220169212,SI206,76,117
speed_1s_stage2_col1_std_over_mean,0.020016736582062968,SI206,76,117
speed_1s_stage2_col2_mean,0.009636837718076805,SI206,76,117
speed_1s_stage2_col2_std_over_mean,0.013755542141702009,SI206,76,117
speed_1s_stage3_rows,0.01676202930597877,SI206,76,117
speed_1s_stage3_col1_mean,0.017325018744650696,SI206,76,117
speed_1s_stage3_col1_std_over_mean,0.019190237002763462,SI206,76,117
speed_1s_stage3_col2_mean,0.01365944875054063,SI206,76,117
speed_1s_stage3_col2_std_over_mean,0.028142755849766554,SI206,76,117
speed_1s_stage4_rows,0.014007306777452632,SI206,76,117
speed_1s_stage4_col1_mean,0.007232562622262132,SI206,76,117
speed_1s_stage4_col1_std_over_mean,0.025154501412273184,SI206,76,117
speed_1s_stage4_col2_mean,0.012887530515244196,SI206,76,117
speed_1s_stage4_col2_std_over_mean,0.03586618714150205,SI206,76,117
speed_1s_stage5_rows,8.685073420248013e-05,SI206,76,117
speed_1s_stage5_col1_mean,0.016512383554919807,SI206,76,117
speed_1s_stage5_col1_std_over_mean,0.08693266798195967,SI206,76,117
speed_1s_stage5_col2_mean,0.018607664880768354,SI206,76,117
speed_1s_stage5_col2_std_over_mean,0.05500637271305666,SI206,76,117
speed_10s_avg_rows,0.014333925170499862,SI206,76,117
speed_10s_avg_stage2_rows,0.009581363860043088,SI206,76,117
speed_10s_avg_stage2_col1_mean,0.01630821851602578,SI206,76,117
speed_10s_avg_stage2_col1_std_over_mean,0.027983462851689463,SI206,76,117
speed_10s_avg_stage2_col2_mean,0.006425941633310058,SI206,76,117
speed_10s_avg_stage2_col2_std_over_mean,0.014113779932152386,SI206,76,117
speed_10s_avg_stage3_rows,0.011387025191115483,SI206,76,117
speed_10s_avg_stage3_col1_mean,0.012367303019402854,SI206,76,117
speed_10s_avg_stage3_col1_std_over_mean,0.0162572722897772,SI206,76,117
speed_10s_avg_stage3_col2_mean,0.013270568218328716,SI206,76,117
speed_10s_avg_stage3_col2_std_over_mean,0.011922741426169491,SI206,76,117
speed_10s_avg_stage4_rows,0.01708877648950919,SI206,76,117
speed_10s_avg_stage4_col1_mean,0.008775966501303764,SI206,76,117
speed_10s_avg_stage4_col1_std_over_mean,0.09447612260730359,SI206,76,117
speed_10s_avg_stage4_col2_mean,0.012921895511495004,SI206,76,117
speed_10s_avg_stage4_col2_std_over_mean,0.011081452578356694,SI206,76,117
speed_10s_avg_stage5_rows,0.0,SI206,76,117
speed_10s_avg_stage5_col1_mean,0.009912586899734956,SI206,76,117
speed_10s_avg_stage5_col1_std_over_mean,0.022714790644060723,SI206,76,117
speed_10s_avg_stage5_col2_mean,0.013748326532492236,SI206,76,117
speed_10s_avg_stage5_col2_std_over_mean,0.03643021864530511,SI206,76,117
stage_2_frames,0.02741223237734572,SI206,77,118
stage_3_frames,0.008476096599751346,SI206,77,118
stage_4_frames,0.010309511138258292,SI206,77,118
stage_5_frames,0.013343472415362398,SI206,77,118
roam_mean,0.00860409245011143,SI206,77,118
roam_std_over_mean,0.012397362731882106,SI206,77,118
roam_early_mean,0.010055689786323319,SI206,77,118
roam_mid_mean,0.018832631084175343,SI206,77,118
roam_late_mean,0.024438732752506995,SI206,77,118
roam_slope,0.020487678721146523,SI206,77,118
speed_1s_rows,0.015787444342238787,SI206,77,118
speed_1s_stage2_rows,0.014027003593874727,SI206,77,118
speed_1s_stage2_col1_mean,0.016153494566608313,SI206,77,118
speed_1s_stage2_col1_std_over_mean,0.022895068353925088,SI206,77,118
speed_1s_stage2_col2_mean,0.006921122756264911,SI206,77,118
speed_1s_stage2_col2_std_over_mean,0.01586086845060508,SI206,77,118
speed_1s_stage3_rows,0.018070058422869916,SI206,77,118
speed_1s_stage3_col1_mean,0.011298481381776497,SI206,77,118
speed_1s_stage3_col1_std_over_mean,0.023983328053045913,SI206,77,118
speed_1s_stage3_col2_mean,0.00998644797897429,SI206,77,118
speed_1s_stage3_col2_std_over_mean,0.025004267559244432,SI206,77,118
speed_1s_stage4_rows,0.014954674212812389,SI206,77,118
speed_1s_stage4_col1_mean,0.004984726137578239,SI206,77,118
speed_1s_stage4_col1_std_over_mean,0.023538504518195832,SI206,77,118
speed_1s_stage4_col2_mean,0.008994372526000837,SI206,77,118
speed_1s_stage4_col2_std_over_mean,0.035078671021100793,SI206,77,118
speed_1s_stage5_rows,0.0,SI206,77,118
speed_1s_stage5_col1_mean,0.015457682681718972,SI206,77,118
speed_1s_stage5_col1_std_over_mean,0.09839405158225853,SI206,77,118
speed_1s_stage5_col2_mean,0.01660185323656244,SI206,77,118
speed_1s_stage5_col2_std_over_mean,0.055741654997456064,SI206,77,118
speed_10s_avg_rows,0.009630150906806911,SI206,77,118
speed_10s_avg_stage2_rows,0.010936468841002224,SI206,77,118
speed_10s_avg_stage2_col1_mean,0.014727815838966644,SI206,77,118
speed_10s_avg_stage2_col1_std_over_mean,0.03311546985165737,SI206,77,118
speed_10s_avg_stage2_col2_mean,0.011683998806488153,SI206,77,118
speed_10s_avg_stage2_col2_std_over_mean,0.01777672814625253,SI206,77,118
speed_10s_avg_stage3_rows,0.01697815202977642,SI206,77,118
speed_10s_avg_stage3_col1_mean,0.011143734000699262,SI206,77,118
speed_10s_avg_stage3_col1_std_over_mean,0.019938193976220805,SI206,77,118
speed_10s_avg_stage3_col2_mean,0.011655127683191,SI206,77,118
speed_10s_avg_stage3_col2_std_over_mean,0.011634801700181923,SI206,77,118
speed_10s_avg_stage4_rows,0.018469760825238917,SI206,77,118
speed_10s_avg_stage4_col1_mean,0.007134562790434171,SI206,77,118
speed_10s_avg_stage4_col1_std_over_mean,0.08479128945230266,SI206,77,118
speed_10s_avg_stage4_col2_mean,0.018050181122800935,SI206,77,118
speed_10s_avg_stage4_col2_std_over_mean,0.012977044933223578,SI206,77,118
speed_10s_avg_stage5_rows,0.00030243195633295817,SI206,77,118
speed_10s_avg_stage5_col1_mean,0.01155102522804405,SI206,77,118
speed_10s_avg_stage5_col1_std_over_mean,0.020905651375367314,SI206,77,118
speed_10s_avg_stage5_col2_mean,0.013365700219790734,SI206,77,118
speed_10s_avg_stage5_col2_std_over_mean,0.03514043388524586,SI206,77,118
stage_2_frames,0.0251428372261239,SI206,78,119
stage_3_frames,0.010191995635558773,SI206,78,119
stage_4_frames,0.014960718122440285,SI206,78,119
stage_5_frames,0.014978421461931669,SI206,78,119
roam_mean,0.0080701049674618,SI206,78,119
roam_std_over_mean,0.02045267976742188,SI206,78,119
roam_early_mean,0.006835730367905314,SI206,78,119
roam_mid_mean,0.016498976023697706,SI206,78,119
roam_late_mean,0.02508437796378054,SI206,78,119
roam_slope,0.017663740971440346,SI206,78,119
speed_1s_rows,0.017957433257446247,SI206,78,119
speed_1s_stage2_rows,0.007832041004697886,SI206,78,119
speed_1s_stage2_col1_mean,0.014926058908115637,SI206,78,119
speed_1s_stage2_col1_std_over_mean,0.023620456570212146,SI206,78,119
speed_1s_stage2_col2_mean,0.00765449847009066,SI206,78,119
speed_1s_stage2_col2_std_over_mean,0.017945756467838053,SI206,78,119
speed_1s_stage3_rows,0.01239246395637327,SI206,78,119
speed_1s_stage3_col1_mean,0.016481753100517527,SI206,78,119
speed_1s_stage3_col1_std_over_mean,0.017867230054652464,SI206,78,119
speed_1s_stage3_col2_mean,0.006801893852694541,SI206,78,119
speed_1s_stage3_col2_std_over_mean,0.03430774660143948,SI206,78,119
speed_1s_stage4_rows,0.011961572771221984,SI206,78,119
speed_1s_stage4_col1_mean,0.008740120097200085,SI206,78,119
speed_1s_stage4_col1_std_over_mean,0.030458642274942445,SI206,78,119
speed_1s_stage4_col2_mean,0.01495738176256733,SI206,78,119
speed_1s_stage4_col2_std_over_mean,0.020599245841064075,SI206,78,119
speed_1s_stage5_rows,0.00019058075222700354,SI206,78,119
speed_1s_stage5_col1_mean,0.01565129883491747,SI206,78,119
speed_1s_stage5_col1_std_over_mean,0.08872058680921538,SI206,78,119
speed_1s_stage5_col2_mean,0.017495819069119945,SI206,78,119
speed_1s_stage5_col2_std_over_mean,0.05859901137339269,SI206,78,119
speed_10s_avg_rows,0.014087201284020185,SI206,78,119
speed_10s_avg_stage2_rows,0.008315607535969254,SI206,78,119
speed_10s_avg_stage2_col1_mean,0.02338387237394454,SI206,78,119
speed_10s_avg_stage2_col1_std_over_mean,0.025747807381502983,SI206,78,119
speed_10s_avg_stage2_col2_mean,0.007512604571993538,SI206,78,119
speed_10s_avg_stage2_col2_std_over_mean,0.020603620959428685,SI206,78,119
speed_10s_avg_stage3_rows,0.018359492257601532,SI206,78,119
speed_10s_avg_stage3_col1_mean,0.01339831325714562,SI206,78,119
speed_10s_avg_stage3_col1_std_over_mean,0.021192078512141173,SI206,78,119
speed_10s_avg_stage3_col2_mean,0.009418870443783995,SI206,78,119
speed_10s_avg_stage3_col2_std_over_mean,0.010911820892690006,SI206,78,119
speed_10s_avg_stage4_rows,0.016464588822103828,SI206,78,119
speed_10s_avg_stage4_col1_mean,0.009215498092116052,SI206,78,119
speed_10s_avg_stage4_col1_std_over_mean,0.08714733717079068,SI206,78,119
speed_10s_avg_stage4_col2_mean,0.01035305213985369,SI206,78,119
speed_10s_avg_stage4_col2_std_over_mean,0.009960911185826768,SI206,78,119
speed_10s_avg_stage5_rows,3.596313778377032e-06,SI206,78,119
speed_10s_avg_stage5_col1_mean,0.02043511903469153,SI206,78,119
speed_10s_avg_stage5_col1_std_over_mean,0.016578814258164275,SI206,78,119
speed_10s_avg_stage5_col2_mean,0.01958748855360698,SI206,78,119
speed_10s_avg_stage5_col2_std_over_mean,0.032281130621137785,SI206,78,119
stage_2_frames,0.034066236541219715,SI206,79,120
stage_3_frames,0.011017146517270935,SI206,79,120
stage_4_frames,0.01726200109020216,SI206,79,120
stage_5_frames,0.016872046278438697,SI206,79,120
roam_mean,0.007987606386595687,SI206,79,120
roam_std_over_mean,0.013596534018558313,SI206,79,120
roam_early_mean,0.008807667866991999,SI206,79,120
roam_mid_mean,0.01654308564174249,SI206,79,120
roam_late_mean,0.013759361726199059,SI206,79,120
roam_slope,0.020635782313506965,SI206,79,120
speed_1s_rows,0.016453829115769317,SI206,79,120
speed_1s_stage2_rows,0.007904966491089307,SI206,79,120
speed_1s_stage2_col1_mean,0.024834954960714826,SI206,79,120
speed_1s_stage2_col1_std_over_mean,0.02227606716992244,SI206,79,120
speed_1s_stage2_col2_mean,0.014192675794592597,SI206,79,120
speed_1s_stage2_col2_std_over_mean,0.013023670587559264,SI206,79,120
speed_1s_stage3_rows,0.012838387366238794,SI206,79,120
speed_1s_stage3_col1_mean,0.015068104700372337,SI206,79,120
speed_1s_stage3_col1_std_over_mean,0.021344452722226043,SI206,79,120
speed_1s_stage3_col2_mean,0.012553830357529964,SI206,79,120
speed_1s_stage3_col2_std_over_mean,0.021271842679161355,SI206,79,120
speed_1s_stage4_rows,0.014071938592050153,SI206,79,120
speed_1s_stage4_col1_mean,0.009662787304961363,SI206,79,120
speed_1s_stage4_col1_std_over_mean,0.02518331531405604,SI206,79,120
speed_1s_stage4_col2_mean,0.01118960921660743,SI206,79,120
speed_1s_stage4_col2_std_over_mean,0.038013644759572675,SI206,79,120
speed_1s_stage5_rows,6.219268069888799e-06,SI206,79,120
speed_1s_stage5_col1_mean,0.01322434459973781,SI206,79,120
speed_1s_stage5_col1_std_over_mean,0.09443610481271972,SI206,79,120
speed_1s_stage5_col2_mean,0.01724887661697206,SI206,79,120
speed_1s_stage5_col2_std_over_mean,0.05693260036335073,SI206,79,120
speed_10s_avg_rows,0.015068298610781102,SI206,79,120
speed_10s_avg_stage2_rows,0.014090493396296182,SI206,79,120
speed_10s_avg_stage2_col1_mean,0.01918008806707309,SI206,79,120
speed_10s_avg_stage2_col1_std_over_mean,0.02762131562797012,SI206,79,120
speed_10s_avg_stage2_col2_mean,0.006788362951811422,SI206,79,120
speed_10s_avg_stage2_col2_std_over_mean,0.017762500573127157,SI206,79,120
speed_10s_avg_stage3_rows,0.015670937098114797,SI206,79,120
speed_10s_avg_stage3_col1_mean,0.016911322771737736,SI206,79,120
speed_10s_avg_stage3_col1_std_over_mean,0.012918497797054507,SI206,79,120
speed_10s_avg_stage3_col2_mean,0.0054089638804119535,SI206,79,120
speed_10s_avg_stage3_col2_std_over_mean,0.011050767090015649,SI206,79,120
speed_10s_avg_stage4_rows,0.015781126326658856,SI206,79,120
speed_10s_avg_stage4_col1_mean,0.008856795066417513,SI206,79,120
speed_10s_avg_stage4_col1_std_over_mean,0.08806424512354086,SI206,79,120
speed_10s_avg_stage4_col2_mean,0.01341010949421646,SI206,79,120
speed_10s_avg_stage4_col2_std_over_mean,0.0133016620490783,SI206,79,120
speed_10s_avg_stage5_rows,5.1138735794515645e-06,SI206,79,120
speed_10s_avg_stage5_col1_mean,0.011743570761863286,SI206,79,120
speed_10s_avg_stage5_col1_std_over_mean,0.0208095644753435,SI206,79,120
speed_10s_avg_stage5_col2_mean,0.017165068194475063,SI206,79,120
speed_10s_avg_stage5_col2_std_over_mean,0.0261115055964329,SI206,79,120
stage_2_frames,0.037991828001010385,SI206,80,121
stage_3_frames,0.01111996425371159,SI206,80,121
stage_4_frames,0.014478310188793333,SI206,80,121
stage_5_frames,0.012991303503683159,SI206,80,121
roam_mean,0.00724975527984615,SI206,80,121
roam_std_over_mean,0.020926723313808845,SI206,80,121
roam_early_mean,0.008755711851681745,SI206,80,121
roam_mid_mean,0.011517020852711031,SI206,80,121
roam_late_mean,0.019299352797926366,SI206,80,121
roam_slope,0.016865114366435417,SI206,80,121
speed_1s_rows,0.018062151606499585,SI206,80,121
speed_1s_stage2_rows,0.01171158649950079,SI206,80,121
speed_1s_stage2_col1_mean,0.02117786538790137,SI206,80,121
speed_1s_stage2_col1_std_over_mean,0.020103147247561147,SI206,80,121
speed_1s_stage2_col2_mean,0.014086600748728246,SI206,80,121
speed_1s_stage2_col2_std_over_mean,0.016868281512679873,SI206,80,121
speed_1s_stage3_rows,0.016041384829400172,SI206,80,121
speed_1s_stage3_col1_mean,0.014770529703300369,SI206,80,121
speed_1s_stage3_col1_std_over_mean,0.027002249607142405,SI206,80,121
speed_1s_stage3_col2_mean,0.008905554281871588,SI206,80,121
speed_1s_stage3_col2_std_over_mean,0.02207182404442716,SI206,80,121
speed_1s_stage4_rows,0.016861474908079602,SI206,80,121
speed_1s_stage4_col1_mean,0.007207837512009554,SI206,80,121
speed_1s_stage4_col1_std_over_mean,0.025973952791536165,SI206,80,121
speed_1s_stage4_col2_mean,0.013742928938911382,SI206,80,121
speed_1s_stage4_col2_std_over_mean,0.0347863504670779,SI206,80,121
speed_1s_stage5_rows,8.987715751827095e-05,SI206,80,121
speed_1s_stage5_col1_mean,0.012623798022681494,SI206,80,121
speed_1s_stage5_col1_std_over_mean,0.08817866309601798,SI206,80,121
speed_1s_stage5_col2_mean,0.017245679314682714,SI206,80,121
speed_1s_stage5_col2_std_over_mean,0.05930879632727089,SI206,80,121
speed_10s_avg_rows,0.010364442520355927,SI206,80,121
speed_10s_avg_stage2_rows,0.009472934325894411,SI206,80,121
speed_10s_avg_stage2_col1_mean,0.017144045948136916,SI206,80,121
speed_10s_avg_stage2_col1_std_over_mean,0.022835374080773754,SI206,80,121
speed_10s_avg_stage2_col2_mean,0.008750447584933456,SI206,80,121
speed_10s_avg_stage2_col2_std_over_mean,0.019551286196440573,SI206,80,121
speed_10s_avg_stage3_rows,0.019636075495843532,SI206,80,121
speed_10s_avg_stage3_col1_mean,0.008933767092051341,SI206,80,121
speed_10s_avg_stage3_col1_std_over_mean,0.015217643892389561,SI206,80,121
speed_10s_avg_stage3_col2_mean,0.01221762328755491,SI206,80,121
speed_10s_avg_stage3_col2_std_over_mean,0.012301380818572679,SI206,80,121
speed_10s_avg_stage4_rows,0.014699108256169702,SI206,80,121
speed_10s_avg_stage4_col1_mean,0.00799008525268322,SI206,80,121
speed_10s_avg_stage4_col1_std_over_mean,0.0869719734331678,SI206,80,121
speed_10s_avg_stage4_col2_mean,0.011906680713633546,SI206,80,121
speed_10s_avg_stage4_col2_std_over_mean,0.010547908429127346,SI206,80,121
speed_10s_avg_stage5_rows,0.0,SI206,80,121
speed_10s_avg_stage5_col1_mean,0.013112995455230666,SI206,80,121
speed_10s_avg_stage5_col1_std_over_mean,0.024448474267365697,SI206,80,121
speed_10s_avg_stage5_col2_mean,0.015073916043423544,SI206,80,121
speed_10s_avg_stage5_col2_std_over_mean,0.030808218491844775,SI206,80,121
stage_2_frames,0.03026375308596977,SI206,81,122
stage_3_frames,0.01250963755185683,SI206,81,122
stage_4_frames,0.013154344191607251,SI206,81,122
stage_5_frames,0.014254978040759552,SI206,81,122
roam_mean,0.009943817058012089,SI206,81,122
roam_std_over_mean,0.01613050274905771,SI206,81,122
roam_early_mean,0.009413082423292108,SI206,81,122
roam_mid_mean,0.02195655201039959,SI206,81,122
roam_late_mean,0.021154319038465874,SI206,81,122
roam_slope,0.020919859200777758,SI206,81,122
speed_1s_rows,0.016907809912332202,SI206,81,122
speed_1s_stage2_rows,0.011265481314258832,SI206,81,122
speed_1s_stage2_col1_mean,0.02643460444814297,SI206,81,122
speed_1s_stage2_col1_std_over_mean,0.025546806697305944,SI206,81,122
speed_1s_stage2_col2_mean,0.011515895751303632,SI206,81,122
speed_1s_stage2_col2_std_over_mean,0.015672581199962943,SI206,81,122
speed_1s_stage3_rows,0.014377345757623661,SI206,81,122
speed_1s_stage3_col1_mean,0.01758111560821974,SI206,81,122
speed_1s_stage3_col1_std_over_mean,0.01324371853229455,SI206,81,122
speed_1s_stage3_col2_mean,0.007257985561895432,SI206,81,122
speed_1s_stage3_col2_std_over_mean,0.031748872539075546,SI206,81,122
speed_1s_stage4_rows,0.018357959930591746,SI206,81,122
speed_1s_stage4_col1_mean,0.007612318023531145,SI206,81,122
speed_1s_stage4_col1_std_over_mean,0.018295890544248822,SI206,81,122
speed_1s_stage4_col2_mean,0.00907471174055837,SI206,81,122
speed_1s_stage4_col2_std_over_mean,0.04230920702206832,SI206,81,122
speed_1s_stage5_rows,0.0,SI206,81,122
speed_1s_stage5_col1_mean,0.011956100017643316,SI206,81,122
speed_1s_stage5_col1_std_over_mean,0.09244094099944683,SI206,81,122
speed_1s_stage5_col2_mean,0.013055576065190077,SI206,81,122
speed_1s_stage5_col2_std_over_mean,0.05374545215688355,SI206,81,122
speed_10s_avg_rows,0.014536841685464739,SI206,81,122
speed_10s_avg_stage2_rows,0.009763557660526896,SI206,81,122
speed_10s_avg_stage2_col1_mean,0.01619054632134705,SI206,81,122
speed_10s_avg_stage2_col1_std_over_mean,0.022726420271778937,SI206,81,122
speed_10s_avg_stage2_col2_mean,0.00928873495564957,SI206,81,122
speed_10s_avg_stage2_col2_std_over_mean,0.02331612062928173,SI206,81,122
speed_10s_avg_stage3_rows,0.02009370039170036,SI206,81,122
speed_10s_avg_stage3_col1_mean,0.012775516767026167,SI206,81,122
speed_10s_avg_stage3_col1_std_over_mean,0.01912758231292761,SI206,81,122
speed_10s_avg_stage3_col2_mean,0.0099927554026325,SI206,81,122
speed_10s_avg_stage3_col2_std_over_mean,0.010698067261717679,SI206,81,122
speed_10s_avg_stage4_rows,0.014716814924747555,SI206,81,122
speed_10s_avg_stage4_col1_mean,0.00539975422427708,SI206,81,122
speed_10s_avg_stage4_col1_std_over_mean,0.08319926221381019,SI206,81,122
speed_10s_avg_stage4_col2_mean,0.01094186168956207,SI206,81,122
speed_10s_avg_stage4_col2_std_over_mean,0.014530173594635312,SI206,81,122
speed_10s_avg_stage5_rows,0.000336595289092628,SI206,81,122
speed_10s_avg_stage5_col1_mean,0.008336054199789215,SI206,81,122
speed_10s_avg_stage5_col1_std_over_mean,0.018407970024111472,SI206,81,122
speed_10s_avg_stage5_col2_mean,0.017572161916929306,SI206,81,122
speed_10s_avg_stage5_col2_std_over_mean,0.0299482890902158,SI206,81,122
stage_2_frames,0.030604945422641076,SI206,82,123
stage_3_frames,0.012358942735906014,SI206,82,123
stage_4_frames,0.018006550934360148,SI206,82,123
stage_5_frames,0.013854963416759247,SI206,82,123
roam_mean,0.005856542145394426,SI206,82,123
roam_std_over_mean,0.011994068959061445,SI206,82,123
roam_early_mean,0.008163243642912403,SI206,82,123
roam_mid_mean,0.020592799718871003,SI206,82,123
roam_late_mean,0.028277741321058987,SI206,82,123
roam_slope,0.017293022635667562,SI206,82,123
speed_1s_rows,0.015989455622671463,SI206,82,123
speed_1s_stage2_rows,0.009987531029319584,SI206,82,123
speed_1s_stage2_col1_mean,0.012251062621805616,SI206,82,123
speed_1s_stage2_col1_std_over_mean,0.022998941514318864,SI206,82,123
speed_1s_stage2_col2_mean,0.014777853043715417,SI206,82,123
speed_1s_stage2_col2_std_over_mean,0.013361981982061424,SI206,82,123
speed_1s_stage3_rows,0.016427344886430294,SI206,82,123
speed_1s_stage3_col1_mean,0.014322153803117365,SI206,82,123
speed_1s_stage3_col1_std_over_mean,0.02275664983667656,SI206,82,123
speed_1s_stage3_col2_mean,0.0074256866266301045,SI206,82,123
speed_1s_stage3_col2_std_over_mean,0.024199083905696032,SI206,82,123
speed_1s_stage4_rows,0.015142557253253119,SI206,82,123
speed_1s_stage4_col1_mean,0.008024474082003272,SI206,82,123
speed_1s_stage4_col1_std_over_mean,0.021509972538163565,SI206,82,123
speed_1s_stage4_col2_mean,0.01403735538413747,SI206,82,123
speed_1s_stage4_col2_std_over_mean,0.03559022522310848,SI206,82,123
speed_1s_stage5_rows,3.1056905308789816e-05,SI206,82,123
speed_1s_stage5_col1_mean,0.012349905347488406,SI206,82,123
speed_1s_stage5_col1_std_over_mean,0.09150101142685957,SI206,82,123
speed_1s_stage5_col2_mean,0.020478461622669895,SI206,82,123
speed_1s_stage5_col2_std_over_mean,0.05814151376313231,SI206,82,123
speed_10s_avg_rows,0.013009638380938588,SI206,82,123
speed_10s_avg_stage2_rows,0.010304713963401274,SI206,82,123
speed_10s_avg_stage2_col1_mean,0.022297743998721916,SI206,82,123
speed_10s_avg_stage2_col1_std_over_mean,0.029004675216062203,SI206,82,123
speed_10s_avg_stage2_col2_mean,0.008164021408930923,SI206,82,123
speed_10s_avg_stage2_col2_std_over_mean,0.022266056885572504,SI206,82,123
speed_10s_avg_stage3_rows,0.01441495109989835,SI206,82,123
speed_10s_avg_stage3_col1_mean,0.010520947604236643,SI206,82,123
speed_10s_avg_stage3_col1_std_over_mean,0.014879887615363989,SI206,82,123
speed_10s_avg_stage3_col2_mean,0.009674597648494659,SI206,82,123
speed_10s_avg_stage3_col2_std_over_mean,0.011529222424784715,SI206,82,123
speed_10s_avg_stage4_rows,0.014894698852640855,SI206,82,123
speed_10s_avg_stage4_col1_mean,0.005835322616796519,SI206,82,123
speed_10s_avg_stage4_col1_std_over_mean,0.09054035132107195,SI206,82,123
speed_10s_avg_stage4_col2_mean,0.013065798139086796,SI206,82,123
speed_10s_avg_stage4_col2_std_over_mean,0.013573194241168256,SI206,82,123
speed_10s_avg_stage5_rows,0.00014338492252122178,SI206,82,123
speed_10s_avg_stage5_col1_mean,0.011561422461902003,SI206,82,123
speed_10s_avg_stage5_col1_std_over_mean,0.017792596330556867,SI206,82,123
speed_10s_avg_stage5_col2_mean,0.01803932632137703,SI206,82,123
speed_10s_avg_stage5_col2_std_over_mean,0.030180349195272776,SI206,82,123
stage_2_frames,0.031182070697517925,SI206,83,124
stage_3_frames,0.009925051442322403,SI206,83,124
stage_4_frames,0.012443844095678192,SI206,83,124
stage_5_frames,0.01982146658562689,SI206,83,124
roam_mean,0.0071907738470435,SI206,83,124
roam_std_over_mean,0.019783853030045085,SI206,83,124
roam_early_mean,0.00745820790130926,SI206,83,124
roam_mid_mean,0.01817006326189722,SI206,83,124
roam_late_mean,0.016155158917923747,SI206,83,124
roam_slope,0.018264288871448396,SI206,83,124
speed_1s_rows,0.015701457023504794,SI206,83,124
speed_1s_stage2_rows,0.014051168797295142,SI206,83,124
speed_1s_stage2_col1_mean,0.01464825173328219,SI206,83,124
speed_1s_stage2_col1_std_over_mean,0.021138853333588895,SI206,83,124
speed_1s_stage2_col2_mean,0.006942162979622148,SI206,83,124
speed_1s_stage2_col2_std_over_mean,0.013570713945198903,SI206,83,124
speed_1s_stage3_rows,0.015020858678163844,SI206,83,124
speed_1s_stage3_col1_mean,0.011192640220629782,SI206,83,124
speed_1s_stage3_col1_std_over_mean,0.016619874868209504,SI206,83,124
speed_1s_stage3_col2_mean,0.012602025108570516,SI206,83,124
speed_1s_stage3_col2_std_over_mean,0.04141527616135031,SI206,83,124
speed_1s_stage4_rows,0.014341537222696953,SI206,83,124
speed_1s_stage4_col1_mean,0.008806619069308415,SI206,83,124
speed_1s_stage4_col1_std_over_mean,0.028896971899101023,SI206,83,124
speed_1s_stage4_col2_mean,0.01356007024470373,SI206,83,124
speed_1s_stage4_col2_std_over_mean,0.03069409249829229,SI206,83,124
speed_1s_stage5_rows,8.098846420562682e-06,SI206,83,124
speed_1s_stage5_col1_mean,0.009784248112494872,SI206,83,124
speed_1s_stage5_col1_std_over_mean,0.09644573970081345,SI206,83,124
speed_1s_stage5_col2_mean,0.016168846961614126,SI206,83,124
speed_1s_stage5_col2_std_over_mean,0.05700280912890727,SI206,83,124
speed_10s_avg_rows,0.01797473803685436,SI206,83,124
speed_10s_avg_stage2_rows,0.010852902160675285,SI206,83,124
speed_10s_avg_stage2_col1_mean,0.012659419829433801,SI206,83,124
speed_10s_avg_stage2_col1_std_over_mean,0.027912175446813663,SI206,83,124
speed_10s_avg_stage2_col2_mean,0.00818169322559301,SI206,83,124
speed_10s_avg_stage2_col2_std_over_mean,0.016207943433286034,SI206,83,124
speed_10s_avg_stage3_rows,0.019355392253328343,SI206,83,124
speed_10s_avg_stage3_col1_mean,0.012917134135061736,SI206,83,124
speed_10s_avg_stage3_col1_std_over_mean,0.014143056847090813,SI206,83,124
speed_10s_avg_stage3_col2_mean,0.009500570282470635,SI206,83,124
speed_10s_avg_stage3_col2_std_over_mean,0.016601016087780893,SI206,83,124
speed_10s_avg_stage4_rows,0.0196448323444165,SI206,83,124
speed_10s_avg_stage4_col1_mean,0.008592610055404447,SI206,83,124
speed_10s_avg_stage4_col1_std_over_mean,0.0831668426955886,SI206,83,124
speed_10s_avg_stage4_col2_mean,0.016833602636598003,SI206,83,124
speed_10s_avg_stage4_col2_std_over_mean,0.010680104547641536,SI206,83,124
speed_10s_avg_stage5_rows,7.670454545454552e-05,SI206,83,124
speed_10s_avg_stage5_col1_mean,0.010800940166807181,SI206,83,124
speed_10s_avg_stage5_col1_std_over_mean,0.01856395757266634,SI206,83,124
speed_10s_avg_stage5_col2_mean,0.01829083053102386,SI206,83,124
speed_10s_avg_stage5_col2_std_over_mean,0.028036437981429085,SI206,83,124
stage_2_frames,0.030284195764527337,SI206,84,125
stage_3_frames,0.010701267407216749,SI206,84,125
stage_4_frames,0.013363111511683998,SI206,84,125
stage_5_frames,0.022742166027200236,SI206,84,125
roam_mean,0.008158222408655878,SI206,84,125
roam_std_over_mean,0.01319128241268701,SI206,84,125
roam_early_mean,0.010771389192610632,SI206,84,125
roam_mid_mean,0.018594422113566395,SI206,84,125
roam_late_mean,0.021317352457432985,SI206,84,125
roam_slope,0.02336571335972112,SI206,84,125
speed_1s_rows,0.01290255661270402,SI206,84,125
speed_1s_stage2_rows,0.011671202745028203,SI206,84,125
speed_1s_stage2_col1_mean,0.01843942120316122,SI206,84,125
speed_1s_stage2_col1_std_over_mean,0.023951184241547664,SI206,84,125
speed_1s_stage2_col2_mean,0.007626403445942289,SI206,84,125
speed_1s_stage2_col2_std_over_mean,0.012832441005081298,SI206,84,125
speed_1s_stage3_rows,0.01925097577861687,SI206,84,125
speed_1s_stage3_col1_mean,0.008944997451479501,SI206,84,125
speed_1s_stage3_col1_std_over_mean,0.019143617313539925,SI206,84,125
speed_1s_stage3_col2_mean,0.012444561355393688,SI206,84,125
speed_1s_stage3_col2_std_over_mean,0.022689500504269645,SI206,84,125
speed_1s_stage4_rows,0.01962577678447808,SI206,84,125
speed_1s_stage4_col1_mean,0.0061807244243787165,SI206,84,125
speed_1s_stage4_col1_std_over_mean,0.027927543165269096,SI206,84,125
speed_1s_stage4_col2_mean,0.009347246770185273,SI206,84,125
speed_1s_stage4_col2_std_over_mean,0.028722121368182228,SI206,84,125
speed_1s_stage5_rows,0.00011601042644459335,SI206,84,125
speed_1s_stage5_col1_mean,0.017194420039290375,SI206,84,125
speed_1s_stage5_col1_std_over_mean,0.10148859800508495,SI206,84,125
speed_1s_stage5_col2_mean,0.02194941956573082,SI206,84,125
speed_1s_stage5_col2_std_over_mean,0.05799584720439979,SI206,84,125
speed_10s_avg_rows,0.009926126312564105,SI206,84,125
speed_10s_avg_stage2_rows,0.011859832510750798,SI206,84,125
speed_10s_avg_stage2_col1_mean,0.01698560936362293,SI206,84,125
speed_10s_avg_stage2_col1_std_over_mean,0.022351907230302184,SI206,84,125
speed_10s_avg_stage2_col2_mean,0.009702512205796182,SI206,84,125
speed_10s_avg_stage2_col2_std_over_mean,0.018732834402139388,SI206,84,125
speed_10s_avg_stage3_rows,0.012682707515331687,SI206,84,125
speed_10s_avg_stage3_col1_mean,0.0108328786444229,SI206,84,125
speed_10s_avg_stage3_col1_std_over_mean,0.015922458255994233,SI206,84,125
speed_10s_avg_stage3_col2_mean,0.007361533535790692,SI206,84,125
speed_10s_avg_stage3_col2_std_over_mean,0.012440589140285773,SI206,84,125
speed_10s_avg_stage4_rows,0.019512284124679032,SI206,84,125
speed_10s_avg_stage4_col1_mean,0.007990954857575512,SI206,84,125
speed_10s_avg_stage4_col1_std_over_mean,0.07521270992117733,SI206,84,125
speed_10s_avg_stage4_col2_mean,0.010430708951767965,SI206,84,125
speed_10s_avg_stage4_col2_std_over_mean,0.015953322409844248,SI206,84,125
speed_10s_avg_stage5_rows,0.0001382864415049384,SI206,84,125
speed_10s_avg_stage5_col1_mean,0.01026445288051407,SI206,84,125
speed_10s_avg_stage5_col1_std_over_mean,0.02694372240057399,SI206,84,125
speed_10s_avg_stage5_col2_mean,0.013324035213452375,SI206,84,125
speed_10s_avg_stage5_col2_std_over_mean,0.038496841616399366,SI206,84,125
stage_2_frames,0.026996566175369503,SI206,85,126
stage_3_frames,0.010832020802511905,SI206,85,126
stage_4_frames,0.01674554125773727,SI206,85,126
stage_5_frames,0.019100071910466875,SI206,85,126
roam_mean,0.010057666342771807,SI206,85,126
roam_std_over_mean,0.011603449832002233,SI206,85,126
roam_early_mean,0.008761537344083272,SI206,85,126
roam_mid_mean,0.016989771213186657,SI206,85,126
roam_late_mean,0.02545617058221205,SI206,85,126
roam_slope,0.023441282135819617,SI206,85,126
speed_1s_rows,0.012920336797051103,SI206,85,126
speed_1s_stage2_rows,0.00919133192841952,SI206,85,126
speed_1s_stage2_col1_mean,0.026262438385985482,SI206,85,126
speed_1s_stage2_col1_std_over_mean,0.02106249283849402,SI206,85,126
speed_1s_stage2_col2_mean,0.008925378789844961,SI206,85,126
speed_1s_stage2_col2_std_over_mean,0.013746292074624302,SI206,85,126
speed_1s_stage3_rows,0.01611583360690403,SI206,85,126
speed_1s_stage3_col1_mean,0.008863703707240047,SI206,85,126
speed_1s_stage3_col1_std_over_mean,0.01814216375428453,SI206,85,126
speed_1s_stage3_col2_mean,0.011216721470341957,SI206,85,126
speed_1s_stage3_col2_std_over_mean,0.021801037718635483,SI206,85,126
speed_1s_stage4_rows,0.009582481001729792,SI206,85,126
speed_1s_stage4_col1_mean,0.008229230567398604,SI206,85,126
speed_1s_stage4_col1_std_over_mean,0.023604216445106914,SI206,85,126
speed_1s_stage4_col2_mean,0.009954552837364536,SI206,85,126
speed_1s_stage4_col2_std_over_mean,0.03464662243751798,SI206,85,126
speed_1s_stage5_rows,0.0,SI206,85,126
speed_1s_stage5_col1_mean,0.012076608651394673,SI206,85,126
speed_1s_stage5_col1_std_over_mean,0.08543039478672822,SI206,85,126
speed_1s_stage5_col2_mean,0.015637213256831213,SI206,85,126
speed_1s_stage5_col2_std_over_mean,0.06707881038368486,SI206,85,126
speed_10s_avg_rows,0.015861027159241592,SI206,85,126
speed_10s_avg_stage2_rows,0.012016582437439428,SI206,85,126
speed_10s_avg_stage2_col1_mean,0.022129274804431078,SI206,85,126
speed_10s_avg_stage2_col1_std_over_mean,0.029829559118142772,SI206,85,126
speed_10s_avg_stage2_col2_mean,0.008438203421000495,SI206,85,126
speed_10s_avg_stage2_col2_std_over_mean,0.01572122571021123,SI206,85,126
speed_10s_avg_stage3_rows,0.014547356289622974,SI206,85,126
speed_10s_avg_stage3_col1_mean,0.01226470969213328,SI206,85,126
speed_10s_avg_stage3_col1_std_over_mean,0.02180206830956195,SI206,85,126
speed_10s_avg_stage3_col2_mean,0.010745447788505122,SI206,85,126
speed_10s_avg_stage3_col2_std_over_mean,0.011357970682154255,SI206,85,126
speed_10s_avg_stage4_rows,0.017459296861506286,SI206,85,126
speed_10s_avg_stage4_col1_mean,0.008372164788211595,SI206,85,126
speed_10s_avg_stage4_col1_std_over_mean,0.09012504218344945,SI206,85,126
speed_10s_avg_stage4_col2_mean,0.007835490212677026,SI206,85,126
speed_10s_avg_stage4_col2_std_over_mean,0.013685650176633563,SI206,85,126
speed_10s_avg_stage5_rows,0.00010201273510046121,SI206,85,126
speed_10s_avg_stage5_col1_mean,0.013906599662832113,SI206,85,126
speed_10s_avg_stage5_col1_std_over_mean,0.01577917436126036,SI206,85,126
speed_10s_avg_stage5_col2_mean,0.024553934209295507,SI206,85,126
speed_10s_avg_stage5_col2_std_over_mean,0.028995270360845957,SI206,85,126
stage_2_frames,0.022537163741490212,SI206,86,127
stage_3_frames,0.010002933809158501,SI206,86,127
stage_4_frames,0.01975884994054053,SI206,86,127
stage_5_frames,0.012203483489669383,SI206,86,127
roam_mean,0.013263121164846478,SI206,86,127
roam_std_over_mean,0.01990550876678805,SI206,86,127
roam_early_mean,0.008363501852235722,SI206,86,127
roam_mid_mean,0.0141111760565541,SI206,86,127
roam_late_mean,0.018453399556601247,SI206,86,127
roam_slope,0.019278476546719492,SI206,86,127
speed_1s_rows,0.0183391656680542,SI206,86,127
speed_1s_stage2_rows,0.009713837679558857,SI206,86,127
speed_1s_stage2_col1_mean,0.014605841787299406,SI206,86,127
speed_1s_stage2_col1_std_over_mean,0.025120250158282148,SI206,86,127
speed_1s_stage2_col2_mean,0.009055402558597303,SI206,86,127
speed_1s_stage2_col2_std_over_mean,0.014742272966385297,SI206,86,127
speed_1s_stage3_rows,0.014565325591025493,SI206,86,127
speed_1s_stage3_col1_mean,0.008666024978565758,SI206,86,127
speed_1s_stage3_col1_std_over_mean,0.013956106099541055,SI206,86,127
speed_1s_stage3_col2_mean,0.00954094473874169,SI206,86,127
speed_1s_stage3_col2_std_over_mean,0.021525515800479088,SI206,86,127
speed_1s_stage4_rows,0.01582374838929386,SI206,86,127
speed_1s_stage4_col1_mean,0.009414428995533032,SI206,86,127
speed_1s_stage4_col1_std_over_mean,0.026326194523524332,SI206,86,127
speed_1s_stage4_col2_mean,0.009192789581326296,SI206,86,127
speed_1s_stage4_col2_std_over_mean,0.033604026652518444,SI206,86,127
speed_1s_stage5_rows,1.3896609227348276e-05,SI206,86,127
speed_1s_stage5_col1_mean,0.013584312181374715,SI206,86,127
speed_1s_stage5_col1_std_over_mean,0.10145502102791518,SI206,86,127
speed_1s_stage5_col2_mean,0.022431705086296858,SI206,86,127
speed_1s_stage5_col2_std_over_mean,0.05632678998102244,SI206,86,127
speed_10s_avg_rows,0.017085704064772268,SI206,86,127
speed_10s_avg_stage2_rows,0.01150139646173111,SI206,86,127
speed_10s_avg_stage2_col1_mean,0.017706248310900247,SI206,86,127
speed_10s_avg_stage2_col1_std_over_mean,0.02573066862432932,SI206,86,127
speed_10s_avg_stage2_col2_mean,0.008901377575679619,SI206,86,127
speed_10s_avg_stage2_col2_std_over_mean,0.012348124190463494,SI206,86,127
speed_10s_avg_stage3_rows,0.019277852383048112,SI206,86,127
speed_10s_avg_stage3_col1_mean,0.011922112099849625,SI206,86,127
speed_10s_avg_stage3_col1_std_over_mean,0.01691116205084259,SI206,86,127
speed_10s_avg_stage3_col2_mean,0.012792514582744984,SI206,86,127
speed_10s_avg_stage3_col2_std_over_mean,0.011933674160922069,SI206,86,127
speed_10s_avg_stage4_rows,0.0157740654576103,SI206,86,127
speed_10s_avg_stage4_col1_mean,0.008626167589936364,SI206,86,127
speed_10s_avg_stage4_col1_std_over_mean,0.0855305096678295,SI206,86,127
speed_10s_avg_stage4_col2_mean,0.012657484398514164,SI206,86,127
speed_10s_avg_stage4_col2_std_over_mean,0.017479827157942735,SI206,86,127
speed_10s_avg_stage5_rows,2.674154298703035e-06,SI206,86,127
speed_10s_avg_stage5_col1_mean,0.011855578035526376,SI206,86,127
speed_10s_avg_stage5_col1_std_over_mean,0.02470121600305146,SI206,86,127
speed_10s_avg_stage5_col2_mean,0.021454659126998687,SI206,86,127
speed_10s_avg_stage5_col2_std_over_mean,0.029925767923841846,SI206,86,127
stage_2_frames,0.030650689252260544,SI206,87,128
stage_3_frames,0.013704941299904742,SI206,87,128
stage_4_frames,0.016498785284888573,SI206,87,128
stage_5_frames,0.014942765031084842,SI206,87,128
roam_mean,0.0069839641490235796,SI206,87,128
roam_std_over_mean,0.016069484532258656,SI206,87,128
roam_early_mean,0.00920227976397069,SI206,87,128
roam_mid_mean,0.01949975906918237,SI206,87,128
roam_late_mean,0.02336312268880881,SI206,87,128
roam_slope,0.019783432879989227,SI206,87,128
speed_1s_rows,0.01979581098367028,SI206,87,128
speed_1s_stage2_rows,0.011133167629954711,SI206,87,128
speed_1s_stage2_col1_mean,0.018205512074537095,SI206,87,128
speed_1s_stage2_col1_std_over_mean,0.0283040771218665,SI206,87,128
speed_1s_stage2_col2_mean,0.006106841329048519,SI206,87,128
speed_1s_stage2_col2_std_over_mean,0.017578020533723544,SI206,87,128
speed_1s_stage3_rows,0.01378314068472355,SI206,87,128
speed_1s_stage3_col1_mean,0.012108795099091706,SI206,87,128
speed_1s_stage3_col1_std_over_mean,0.015291907613049447,SI206,87,128
speed_1s_stage3_col2_mean,0.008398866428849112,SI206,87,128
speed_1s_stage3_col2_std_over_mean,0.03654502782428378,SI206,87,128
speed_1s_stage4_rows,0.014284643098492105,SI206,87,128
speed_1s_stage4_col1_mean,0.0037793947681252723,SI206,87,128
speed_1s_stage4_col1_std_over_mean,0.016628071553800642,SI206,87,128
speed_1s_stage4_col2_mean,0.015297331727302927,SI206,87,128
speed_1s_stage4_col2_std_over_mean,0.038845019059726024,SI206,87,128
speed_1s_stage5_rows,0.0,SI206,87,128
speed_1s_stage5_col1_mean,0.01359702377248365,SI206,87,128
speed_1s_stage5_col1_std_over_mean,0.09169302251319436,SI206,87,128
speed_1s_stage5_col2_mean,0.017968125938869792,SI206,87,128
speed_1s_stage5_col2_std_over_mean,0.06038003098127981,SI206,87,128
speed_10s_avg_rows,0.01306981969969001,SI206,87,128
speed_10s_avg_stage2_rows,0.009400561431043866,SI206,87,128
speed_10s_avg_stage2_col1_mean,0.020439714110775845,SI206,87,128
speed_10s_avg_stage2_col1_std_over_mean,0.026150014008595714,SI206,87,128
speed_10s_avg_stage2_col2_mean,0.009729624406419132,SI206,87,128
speed_10s_avg_stage2_col2_std_over_mean,0.01611608946842747,SI206,87,128
speed_10s_avg_stage3_rows,0.01508515777743045,SI206,87,128
speed_10s_avg_stage3_col1_mean,0.01620745734072783,SI206,87,128
speed_10s_avg_stage3_col1_std_over_mean,0.01592920786902099,SI206,87,128
speed_10s_avg_stage3_col2_mean,0.010714890121933718,SI206,87,128
speed_10s_avg_stage3_col2_std_over_mean,0.007495549470928643,SI206,87,128
speed_10s_avg_stage4_rows,0.013721426984453743,SI206,87,128
speed_10s_avg_stage4_col1_mean,0.006547593953097747,SI206,87,128
speed_10s_avg_stage4_col1_std_over_mean,0.09399718891138674,SI206,87,128
speed_10s_avg_stage4_col2_mean,0.009431778047647757,SI206,87,128
speed_10s_avg_stage4_col2_std_over_mean,0.010521901139561392,SI206,87,128
speed_10s_avg_stage5_rows,7.448888652415567e-06,SI206,87,128
speed_10s_avg_stage5_col1_mean,0.012019854261999348,SI206,87,128
speed_10s_avg_stage5_col1_std_over_mean,0.020162639775532426,SI206,87,128
speed_10s_avg_stage5_col2_mean,0.012213261670716697,SI206,87,128
speed_10s_avg_stage5_col2_std_over_mean,0.030615765974513237,SI206,87,128
stage_2_frames,0.03230110077096284,SI206,88,129
stage_3_frames,0.011714407759555049,SI206,88,129
stage_4_frames,0.014787315239822293,SI206,88,129
stage_5_frames,0.017185627862385287,SI206,88,129
roam_mean,0.006296284504462919,SI206,88,129
roam_std_over_mean,0.016172737393270548,SI206,88,129
roam_early_mean,0.008414359177212205,SI206,88,129
roam_mid_mean,0.02355564319026861,SI206,88,129
roam_late_mean,0.022160931126135205,SI206,88,129
roam_slope,0.019345440476297222,SI206,88,129
speed_1s_rows,0.010075648515795963,SI206,88,129
speed_1s_stage2_rows,0.010264907146277947,SI206,88,129
speed_1s_stage2_col1_mean,0.019837814425454785,SI206,88,129
speed_1s_stage2_col1_std_over_mean,0.029834262614417035,SI206,88,129
speed_1s_stage2_col2_mean,0.008564964906919428,SI206,88,129
speed_1s_stage2_col2_std_over_mean,0.011105190491042137,SI206,88,129
speed_1s_stage3_rows,0.02259479916756903,SI206,88,129
speed_1s_stage3_col1_mean,0.01913773331471372,SI206,88,129
speed_1s_stage3_col1_std_over_mean,0.015808572963594617,SI206,88,129
speed_1s_stage3_col2_mean,0.011534839685670107,SI206,88,129
speed_1s_stage3_col2_std_over_mean,0.024605472882415717,SI206,88,129
speed_1s_stage4_rows,0.015635088950034272,SI206,88,129
speed_1s_stage4_col1_mean,0.0052056330160185895,SI206,88,129
speed_1s_stage4_col1_std_over_mean,0.017986254228323107,SI206,88,129
speed_1s_stage4_col2_mean,0.011458398292915471,SI206,88,129
speed_1s_stage4_col2_std_over_mean,0.04432724863296194,SI206,88,129
speed_1s_stage5_rows,0.0,SI206,88,129
speed_1s_stage5_col1_mean,0.01640998873951745,SI206,88,129
speed_1s_stage5_col1_std_over_mean,0.08723374753135607,SI206,88,129
speed_1s_stage5_col2_mean,0.019785604106103444,SI206,88,129
speed_1s_stage5_col2_std_over_mean,0.0680831419723796,SI206,88,129
speed_10s_avg_rows,0.010965089635925174,SI206,88,129
speed_10s_avg_stage2_rows,0.012400698114334627,SI206,88,129
speed_10s_avg_stage2_col1_mean,0.022734641738416824,SI206,88,129
speed_10s_avg_stage2_col1_std_over_mean,0.026489984253648416,SI206,88,129
speed_10s_avg_stage2_col2_mean,0.008441616605958994,SI206,88,129
speed_10s_avg_stage2_col2_std_over_mean,0.011368168158759058,SI206,88,129
speed_10s_avg_stage3_rows,0.010382535718202269,SI206,88,129
speed_10s_avg_stage3_col1_mean,0.008049553998048851,SI206,88,129
speed_10s_avg_stage3_col1_std_over_mean,0.013521939295534179,SI206,88,129
speed_10s_avg_stage3_col2_mean,0.01069802336423851,SI206,88,129
speed_10s_avg_stage3_col2_std_over_mean,0.009428999469326559,SI206,88,129
speed_10s_avg_stage4_rows,0.010120880026548394,SI206,88,129
speed_10s_avg_stage4_col1_mean,0.008155170719968947,SI206,88,129
speed_10s_avg_stage4_col1_std_over_mean,0.08320656352612373,SI206,88,129
speed_10s_avg_stage4_col2_mean,0.01664454803087531,SI206,88,129
speed_10s_avg_stage4_col2_std_over_mean,0.013746518547942286,SI206,88,129
speed_10s_avg_stage5_rows,1.2235222145752435e-05,SI206,88,129
speed_10s_avg_stage5_col1_mean,0.012302864979849412,SI206,88,129
speed_10s_avg_stage5_col1_std_over_mean,0.02350409559024553,SI206,88,129
speed_10s_avg_stage5_col2_mean,0.01688486250516218,SI206,88,129
speed_10s_avg_stage5_col2_std_over_mean,0.029517851414892205,SI206,88,129
stage_2_frames,0.022668172910191804,SI206,89,130
stage_3_frames,0.008856477466092942,SI206,89,130
stage_4_frames,0.014881742484604879,SI206,89,130
stage_5_frames,0.014881045745145292,SI206,89,130
roam_mean,0.006677789052972053,SI206,89,130
roam_std_over_mean,0.019737342833111095,SI206,89,130
roam_early_mean,0.009715079147546603,SI206,89,130
roam_mid_mean,0.017688883964397516,SI206,89,130
roam_late_mean,0.012473078417477208,SI206,89,130
roam_slope,0.021608801289843757,SI206,89,130
speed_1s_rows,0.013920982444296246,SI206,89,130
speed_1s_stage2_rows,0.011560570835964054,SI206,89,130
speed_1s_stage2_col1_mean,0.022748095773831863,SI206,89,130
speed_1s_stage2_col1_std_over_mean,0.02043950186220931,SI206,89,130
speed_1s_stage2_col2_mean,0.009030013748529195,SI206,89,130
speed_1s_stage2_col2_std_over_mean,0.016320839115419965,SI206,89,130
speed_1s_stage3_rows,0.01661066258385645,SI206,89,130
speed_1s_stage3_col1_mean,0.010295456730816202,SI206,89,130
speed_1s_stage3_col1_std_over_mean,0.01785978043911963,SI206,89,130
speed_1s_stage3_col2_mean,0.01205340836838889,SI206,89,130
speed_1s_stage3_col2_std_over_mean,0.02748247545355266,SI206,89,130
speed_1s_stage4_rows,0.019345156291951767,SI206,89,130
speed_1s_stage4_col1_mean,0.005738175710111989,SI206,89,130
speed_1s_stage4_col1_std_over_mean,0.02574044636443826,SI206,89,130
speed_1s_stage4_col2_mean,0.01423359215459279,SI206,89,130
speed_1s_stage4_col2_std_over_mean,0.03756991444623582,SI206,89,130
speed_1s_stage5_rows,0.00016177327569945923,SI206,89,130
speed_1s_stage5_col1_mean,0.012353157152788296,SI206,89,130
speed_1s_stage5_col1_std_over_mean,0.09698826438049882,SI206,89,130
speed_1s_stage5_col2_mean,0.018059171047081386,SI206,89,130
speed_1s_stage5_col2_std_over_mean,0.05936708837953897,SI206,89,130
speed_10s_avg_rows,0.016350571287339154,SI206,89,130
speed_10s_avg_stage2_rows,0.009868554335663176,SI206,89,130
speed_10s_avg_stage2_col1_mean,0.019320891839931197,SI206,89,130
speed_10s_avg_stage2_col1_std_over_mean,0.02716764907522265,SI206,89,130
speed_10s_avg_stage2_col2_mean,0.0135298937575199,SI206,89,130
speed_10s_avg_stage2_col2_std_over_mean,0.015803162393560038,SI206,89,130
speed_10s_avg_stage3_rows,0.014122524019104023,SI206,89,130
speed_10s_avg_stage3_col1_mean,0.01320893444613419,SI206,89,130
speed_10s_avg_stage3_col1_std_over_mean,0.019924306706768768,SI206,89,130
speed_10s_avg_stage3_col2_mean,0.01001846707861432,SI206,89,130
speed_10s_avg_stage3_col2_std_over_mean,0.013967706801684316,SI206,89,130
speed_10s_avg_stage4_rows,0.010161000819517962,SI206,89,130
speed_10s_avg_stage4_col1_mean,0.007871910014258465,SI206,89,130
speed_10s_avg_stage4_col1_std_over_mean,0.08983511895614982,SI206,89,130
speed_10s_avg_stage4_col2_mean,0.009666810001038351,SI206,89,130
speed_10s_avg_stage4_col2_std_over_mean,0.01357369318670218,SI206,89,130
speed_10s_avg_stage5_rows,0.0,SI206,89,130
speed_10s_avg_stage5_col1_mean,0.009706723028019431,SI206,89,130
speed_10s_avg_stage5_col1_std_over_mean,0.020042670229156755,SI206,89,130
speed_10s_avg_stage5_col2_mean,0.014326706687908253,SI206,89,130
speed_10s_avg_stage5_col2_std_over_mean,0.03446576546540187,SI206,89,130
stage_2_frames,0.027152317242569682,SI206,90,131
stage_3_frames,0.008908871302404359,SI206,90,131
stage_4_frames,0.019567058047987453,SI206,90,131
stage_5_frames,0.012961743989570668,SI206,90,131
roam_mean,0.009127719821103428,SI206,90,131
roam_std_over_mean,0.02140729904827324,SI206,90,131
roam_early_mean,0.009192664556757631,SI206,90,131
roam_mid_mean,0.022117479781159907,SI206,90,131
roam_late_mean,0.021637525562142094,SI206,90,131
roam_slope,0.01746112040287004,SI206,90,131
speed_1s_rows,0.016820656383962976,SI206,90,131
speed_1s_stage2_rows,0.011720844787865954,SI206,90,131
speed_1s_stage2_col1_mean,0.01337851611937638,SI206,90,131
speed_1s_stage2_col1_std_over_mean,0.01978180023913905,SI206,90,131
speed_1s_stage2_col2_mean,0.00862181147636531,SI206,90,131
speed_1s_stage2_col2_std_over_mean,0.01590581706465783,SI206,90,131
speed_1s_stage3_rows,0.01717634056819253,SI206,90,131
speed_1s_stage3_col1_mean,0.015996028507580508,SI206,90,131
speed_1s_stage3_col1_std_over_mean,0.02397279795970508,SI206,90,131
speed_1s_stage3_col2_mean,0.01286871445228809,SI206,90,131
speed_1s_stage3_col2_std_over_mean,0.023030934587198994,SI206,90,131
speed_1s_stage4_rows,0.018315130254800697,SI206,90,131
speed_1s_stage4_col1_mean,0.006392044439177865,SI206,90,131
speed_1s_stage4_col1_std_over_mean,0.023083858752868506,SI206,90,131
speed_1s_stage4_col2_mean,0.011581133901184966,SI206,90,131
speed_1s_stage4_col2_std_over_mean,0.038824250799819424,SI206,90,131
speed_1s_stage5_rows,0.0,SI206,90,131
speed_1s_stage5_col1_mean,0.012823057711136817,SI206,90,131
speed_1s_stage5_col1_std_over_mean,0.09586883711553087,SI206,90,131
speed_1s_stage5_col2_mean,0.013203926391731196,SI206,90,131
speed_1s_stage5_col2_std_over_mean,0.05125856000117618,SI206,90,131
speed_10s_avg_rows,0.012362725906173159,SI206,90,131
speed_10s_avg_stage2_rows,0.009545733064327572,SI206,90,131
speed_10s_avg_stage2_col1_mean,0.01637411221135453,SI206,90,131
speed_10s_avg_stage2_col1_std_over_mean,0.022721785592736677,SI206,90,131
speed_10s_avg_stage2_col2_mean,0.008836243302035035,SI206,90,131
speed_10s_avg_stage2_col2_std_over_mean,0.01783492625055627,SI206,90,131
speed_10s_avg_stage3_rows,0.010355479757679129,SI206,90,131
speed_10s_avg_stage3_col1_mean,0.01661382767732355,SI206,90,131
speed_10s_avg_stage3_col1_std_over_mean,0.021515898967566033,SI206,90,131
speed_10s_avg_stage3_col2_mean,0.009777336261701764,SI206,90,131
speed_10s_avg_stage3_col2_std_over_mean,0.009046522035590802,SI206,90,131
speed_10s_avg_stage4_rows,0.02004766077845573,SI206,90,131
speed_10s_avg_stage4_col1_mean,0.009010787377326789,SI206,90,131
speed_10s_avg_stage4_col1_std_over_mean,0.09034958332792911,SI206,90,131
speed_10s_avg_stage4_col2_mean,0.012179069469262517,SI206,90,131
speed_10s_avg_stage4_col2_std_over_mean,0.013537597502458238,SI206,90,131
speed_10s_avg_stage5_rows,3.319951894574637e-05,SI206,90,131
speed_10s_avg_stage5_col1_mean,0.012196733028321307,SI206,90,131
speed_10s_avg_stage5_col1_std_over_mean,0.01846174279930125,SI206,90,131
speed_10s_avg_stage5_col2_mean,0.021721516462236037,SI206,90,131
speed_10s_avg_stage5_col2_std_over_mean,0.027318657440121026,SI206,90,131
stage_2_frames,0.025918740697649555,SI206,91,132
stage_3_frames,0.008123582802265016,SI206,91,132
stage_4_frames,0.016995633932277526,SI206,91,132
stage_5_frames,0.015952480844625697,SI206,91,132
roam_mean,0.009714473656834734,SI206,91,132
roam_std_over_mean,0.019703256143671636,SI206,91,132
roam_early_mean,0.011453704998596643,SI206,91,132
roam_mid_mean,0.024114314937100242,SI206,91,132
roam_late_mean,0.02530750282408766,SI206,91,132
roam_slope,0.018617636833204432,SI206,91,132
speed_1s_rows,0.012346846387982089,SI206,91,132
speed_1s_stage2_rows,0.008541909813259752,SI206,91,132
speed_1s_stage2_col1_mean,0.01959359449189664,SI206,91,132
speed_1s_stage2_col1_std_over_mean,0.022829471912965693,SI206,91,132
speed_1s_stage2_col2_mean,0.006003775306854769,SI206,91,132
speed_1s_stage2_col2_std_over_mean,0.01584322854592071,SI206,91,132
speed_1s_stage3_rows,0.01655800836764595,SI206,91,132
speed_1s_stage3_col1_mean,0.015271358419454968,SI206,91,132
speed_1s_stage3_col1_std_over_mean,0.020359892505764633,SI206,91,132
speed_1s_stage3_col2_mean,0.007364602246854699,SI206,91,132
speed_1s_stage3_col2_std_over_mean,0.03352914490431529,SI206,91,132
speed_1s_stage4_rows,0.015569474258407429,SI206,91,132
speed_1s_stage4_col1_mean,0.008577598777264961,SI206,91,132
speed_1s_stage4_col1_std_over_mean,0.015764838666139203,SI206,91,132
speed_1s_stage4_col2_mean,0.008973643475804238,SI206,91,132
speed_1s_stage4_col2_std_over_mean,0.031023851750865646,SI206,91,132
speed_1s_stage5_rows,0.0,SI206,91,132
speed_1s_stage5_col1_mean,0.012469067661290573,SI206,91,132
speed_1s_stage5_col1_std_over_mean,0.09789295812674013,SI206,91,132
speed_1s_stage5_col2_mean,0.015880478714260408,SI206,91,132
speed_1s_stage5_col2_std_over_mean,0.062263462492442065,SI206,91,132
speed_10s_avg_rows,0.01627501596393563,SI206,91,132
speed_10s_avg_stage2_rows,0.00990110137007772,SI206,91,132
speed_10s_avg_stage2_col1_mean,0.016085446722048227,SI206,91,132
speed_10s_avg_stage2_col1_std_over_mean,0.023616118357497953,SI206,91,132
speed_10s_avg_stage2_col2_mean,0.005764985436572113,SI206,91,132
speed_10s_avg_stage2_col2_std_over_mean,0.01892856643772716,SI206,91,132
speed_10s_avg_stage3_rows,0.01892596681458327,SI206,91,132
speed_10s_avg_stage3_col1_mean,0.0153957432245215,SI206,91,132
speed_10s_avg_stage3_col1_std_over_mean,0.015839406499055922,SI206,91,132
speed_10s_avg_stage3_col2_mean,0.010403907186205548,SI206,91,132
speed_10s_avg_stage3_col2_std_over_mean,0.008426729708433521,SI206,91,132
speed_10s_avg_stage4_rows,0.015866167467153174,SI206,91,132
speed_10s_avg_stage4_col1_mean,0.0073616512264614645,SI206,91,132
speed_10s_avg_stage4_col1_std_over_mean,0.10175372188472455,SI206,91,132
speed_10s_avg_stage4_col2_mean,0.010396185292446401,SI206,91,132
speed_10s_avg_stage4_col2_std_over_mean,0.008450539835666323,SI206,91,132
speed_10s_avg_stage5_rows,0.0,SI206,91,132
speed_10s_avg_stage5_col1_mean,0.013661320505518881,SI206,91,132
speed_10s_avg_stage5_col1_std_over_mean,0.02241496271450204,SI206,91,132
speed_10s_avg_stage5_col2_mean,0.018427275220430365,SI206,91,132
speed_10s_avg_stage5_col2_std_over_mean,0.019546653635995212,SI206,91,132
stage_2_frames,0.032815319331591764,SI206,92,133
stage_3_frames,0.012509737949090648,SI206,92,133
stage_4_frames,0.013400418820595847,SI206,92,133
stage_5_frames,0.016026824982683527,SI206,92,133
roam_mean,0.009246371738003186,SI206,92,133
roam_std_over_mean,0.015468486938377926,SI206,92,133
roam_early_mean,0.009837485472842791,SI206,92,133
roam_mid_mean,0.017211709544699416,SI206,92,133
roam_late_mean,0.02031472444415056,SI206,92,133
roam_slope,0.015592124766437563,SI206,92,133
speed_1s_rows,0.019276312669401174,SI206,92,133
speed_1s_stage2_rows,0.011994713709581318,SI206,92,133
speed_1s_stage2_col1_mean,0.01598452001638169,SI206,92,133
speed_1s_stage2_col1_std_over_mean,0.025242007061755025,SI206,92,133
speed_1s_stage2_col2_mean,0.010370137342739429,SI206,92,133
speed_1s_stage2_col2_std_over_mean,0.014125412152835486,SI206,92,133
speed_1s_stage3_rows,0.01357653274791271,SI206,92,133
speed_1s_stage3_col1_mean,0.0105046057445476,SI206,92,133
speed_1s_stage3_col1_std_over_mean,0.019274604339975843,SI206,92,133
speed_1s_stage3_col2_mean,0.008507966371543791,SI206,92,133
speed_1s_stage3_col2_std_over_mean,0.026054005617814423,SI206,92,133
speed_1s_stage4_rows,0.016817216136966004,SI206,92,133
speed_1s_stage4_col1_mean,0.008307812735608698,SI206,92,133
speed_1s_stage4_col1_std_over_mean,0.021626015466087438,SI206,92,133
speed_1s_stage4_col2_mean,0.011520057755806994,SI206,92,133
speed_1s_stage4_col2_std_over_mean,0.04110863877880121,SI206,92,133
speed_1s_stage5_rows,1.3201864763397845e-05,SI206,92,133
speed_1s_stage5_col1_mean,0.011468850201711102,SI206,92,133
speed_1s_stage5_col1_std_over_mean,0.080324465152965,SI206,92,133
speed_1s_stage5_col2_mean,0.017595381549658493,SI206,92,133
speed_1s_stage5_col2_std_over_mean,0.05797326014022486,SI206,92,133
speed_10s_avg_rows,0.018927224253365082,SI206,92,133
speed_10s_avg_stage2_rows,0.009722473442045666,SI206,92,133
speed_10s_avg_stage2_col1_mean,0.027493760678348807,SI206,92,133
speed_10s_avg_stage2_col1_std_over_mean,0.031126000700742954,SI206,92,133
speed_10s_avg_stage2_col2_mean,0.006025132403553399,SI206,92,133
speed_10s_avg_stage2_col2_std_over_mean,0.01851681992320758,SI206,92,133
speed_10s_avg_stage3_rows,0.019247788013499665,SI206,92,133
speed_10s_avg_stage3_col1_mean,0.015795012573932798,SI206,92,133
speed_10s_avg_stage3_col1_std_over_mean,0.018874001541920538,SI206,92,133
speed_10s_avg_stage3_col2_mean,0.008464220750649601,SI206,92,133
speed_10s_avg_stage3_col2_std_over_mean,0.010479450886229232,SI206,92,133
speed_10s_avg_stage4_rows,0.015688177074081513,SI206,92,133
speed_10s_avg_stage4_col1_mean,0.005525835187697541,SI206,92,133
speed_10s_avg_stage4_col1_std_over_mean,0.07613990325994316,SI206,92,133
speed_10s_avg_stage4_col2_mean,0.014089772970061277,SI206,92,133
speed_10s_avg_stage4_col2_std_over_mean,0.014852128520980666,SI206,92,133
speed_10s_avg_stage5_rows,9.108815515877475e-05,SI206,92,133
speed_10s_avg_stage5_col1_mean,0.015957543314958477,SI206,92,133
speed_10s_avg_stage5_col1_std_over_mean,0.021265718052137828,SI206,92,133
speed_10s_avg_stage5_col2_mean,0.012255645832612424,SI206,92,133
speed_10s_avg_stage5_col2_std_over_mean,0.035373380919318055,SI206,92,133
stage_2_frames,0.028108838511481486,SI206,93,134
stage_3_frames,0.008465459360489317,SI206,93,134
stage_4_frames,0.020867606797386987,SI206,93,134
stage_5_frames,0.01984146106529824,SI206,93,134
roam_mean,0.008087840406768937,SI206,93,134
roam_std_over_mean,0.013272135279587705,SI206,93,134
roam_early_mean,0.012561297986707189,SI206,93,134
roam_mid_mean,0.02218499834674453,SI206,93,134
roam_late_mean,0.021805616788120628,SI206,93,134
roam_slope,0.019702707635222885,SI206,93,134
speed_1s_rows,0.013187047942051507,SI206,93,134
speed_1s_stage2_rows,0.008354981357929041,SI206,93,134
speed_1s_stage2_col1_mean,0.01775386635610912,SI206,93,134
speed_1s_stage2_col1_std_over_mean,0.018491390984883293,SI206,93,134
speed_1s_stage2_col2_mean,0.007928099812490763,SI206,93,134
speed_1s_stage2_col2_std_over_mean,0.015559842588776298,SI206,93,134
speed_1s_stage3_rows,0.012521283631881455,SI206,93,134
speed_1s_stage3_col1_mean,0.014914653212669257,SI206,93,134
speed_1s_stage3_col1_std_over_mean,0.01874046585428434,SI206,93,134
speed_1s_stage3_col2_mean,0.010887055741824182,SI206,93,134
speed_1s_stage3_col2_std_over_mean,0.028590717027164314,SI206,93,134
speed_1s_stage4_rows,0.009638002603437166,SI206,93,134
speed_1s_stage4_col1_mean,0.005987353118601549,SI206,93,134
speed_1s_stage4_col1_std_over_mean,0.02471255172673338,SI206,93,134
speed_1s_stage4_col2_mean,0.011846451451837789,SI206,93,134
speed_1s_stage4_col2_std_over_mean,0.03965671132264694,SI206,93,134
speed_1s_stage5_rows,0.0,SI206,93,134
speed_1s_stage5_col1_mean,0.017165036950904624,SI206,93,134
speed_1s_stage5_col1_std_over_mean,0.08169056986591215,SI206,93,134
speed_1s_stage5_col2_mean,0.015593473954659398,SI206,93,134
speed_1s_stage5_col2_std_over_mean,0.06132881616828426,SI206,93,134
speed_10s_avg_rows,0.010171470771003267,SI206,93,134
speed_10s_avg_stage2_rows,0.014222922914127975,SI206,93,134
speed_10s_avg_stage2_col1_mean,0.019339114045108175,SI206,93,134
speed_10s_avg_stage2_col1_std_over_mean,0.03686893846691328,SI206,93,134
speed_10s_avg_stage2_col2_mean,0.007045105256679252,SI206,93,134
speed_10s_avg_stage2_col2_std_over_mean,0.017185923405248195,SI206,93,134
speed_10s_avg_stage3_rows,0.018314811216065686,SI206,93,134
speed_10s_avg_stage3_col1_mean,0.013055518048826596,SI206,93,134
speed_10s_avg_stage3_col1_std_over_mean,0.02120943012987297,SI206,93,134
speed_10s_avg_stage3_col2_mean,0.011750601377878036,SI206,93,134
speed_10s_avg_stage3_col2_std_over_mean,0.011459751382496148,SI206,93,134
speed_10s_avg_stage4_rows,0.017214704985504904,SI206,93,134
speed_10s_avg_stage4_col1_mean,0.0060175887461976696,SI206,93,134
speed_10s_avg_stage4_col1_std_over_mean,0.08330817485406071,SI206,93,134
speed_10s_avg_stage4_col2_mean,0.010167862103375353,SI206,93,134
speed_10s_avg_stage4_col2_std_over_mean,0.01666528224108842,SI206,93,134
speed_10s_avg_stage5_rows,4.584684609721198e-05,SI206,93,134
speed_10s_avg_stage5_col1_mean,0.011794858528480352,SI206,93,134
speed_10s_avg_stage5_col1_std_over_mean,0.022739299619239626,SI206,93,134
speed_10s_avg_stage5_col2_mean,0.01508035002649319,SI206,93,134
speed_10s_avg_stage5_col2_std_over_mean,0.02689611118435429,SI206,93,134
stage_2_frames,0.03988343811433963,SI206,94,135
stage_3_frames,0.014306158805601106,SI206,94,135
stage_4_frames,0.017871136005971077,SI206,94,135
stage_5_frames,0.012953078486478208,SI206,94,135
roam_mean,0.008864163579811752,SI206,94,135
roam_std_over_mean,0.01778647279969102,SI206,94,135
roam_early_mean,0.012784757122174003,SI206,94,135
roam_mid_mean,0.019606365924249115,SI206,94,135
roam_late_mean,0.016617522940610082,SI206,94,135
roam_slope,0.015079719631951868,SI206,94,135
speed_1s_rows,0.017960860076493362,SI206,94,135
speed_1s_stage2_rows,0.008548965898543742,SI206,94,135
speed_1s_stage2_col1_mean,0.016686641288214576,SI206,94,135
speed_1s_stage2_col1_std_over_mean,0.017503066181315776,SI206,94,135
speed_1s_stage2_col2_mean,0.007348937303287754,SI206,94,135
speed_1s_stage2_col2_std_over_mean,0.01385583654497804,SI206,94,135
speed_1s_stage3_rows,0.017876751571508614,SI206,94,135
speed_1s_stage3_col1_mean,0.014714741625742666,SI206,94,135
speed_1s_stage3_col1_std_over_mean,0.016810986570518844,SI206,94,135
speed_1s_stage3_col2_mean,0.008334501470384012,SI206,94,135
speed_1s_stage3_col2_std_over_mean,0.03587666137035228,SI206,94,135
speed_1s_stage4_rows,0.01604204026377073,SI206,94,135
speed_1s_stage4_col1_mean,0.006660204058577525,SI206,94,135
speed_1s_stage4_col1_std_over_mean,0.02699190614777968,SI206,94,135
speed_1s_stage4_col2_mean,0.012086224765510498,SI206,94,135
speed_1s_stage4_col2_std_over_mean,0.043453545256309054,SI206,94,135
speed_1s_stage5_rows,0.0,SI206,94,135
speed_1s_stage5_col1_mean,0.0075807560474772506,SI206,94,135
speed_1s_stage5_col1_std_over_mean,0.08596407832080134,SI206,94,135
speed_1s_stage5_col2_mean,0.015241887526361924,SI206,94,135
speed_1s_stage5_col2_std_over_mean,0.05766072448649067,SI206,94,135
speed_10s_avg_rows,0.008597923578351669,SI206,94,135
speed_10s_avg_stage2_rows,0.014146159176615127,SI206,94,135
speed_10s_avg_stage2_col1_mean,0.023031626547840113,SI206,94,135
speed_10s_avg_stage2_col1_std_over_mean,0.0222689390400093,SI206,94,135
speed_10s_avg_stage2_col2_mean,0.006579711251015584,SI206,94,135
speed_10s_avg_stage2_col2_std_over_mean,0.02300037515697629,SI206,94,135
speed_10s_avg_stage3_rows,0.011774036134016045,SI206,94,135
speed_10s_avg_stage3_col1_mean,0.010524827788640409,SI206,94,135
speed_10s_avg_stage3_col1_std_over_mean,0.01804485062461119,SI206,94,135
speed_10s_avg_stage3_col2_mean,0.014577925016396973,SI206,94,135
speed_10s_avg_stage3_col2_std_over_mean,0.009783761389769979,SI206,94,135
speed_10s_avg_stage4_rows,0.018836699436597715,SI206,94,135
speed_10s_avg_stage4_col1_mean,0.007155072849403003,SI206,94,135
speed_10s_avg_stage4_col1_std_over_mean,0.08432330229222185,SI206,94,135
speed_10s_avg_stage4_col2_mean,0.011800711040029558,SI206,94,135
speed_10s_avg_stage4_col2_std_over_mean,0.016395863999291514,SI206,94,135
speed_10s_avg_stage5_rows,0.0,SI206,94,135
speed_10s_avg_stage5_col1_mean,0.010604621864522884,SI206,94,135
speed_10s_avg_stage5_col1_std_over_mean,0.01860165037726281,SI206,94,135
speed_10s_avg_stage5_col2_mean,0.01385156383163653,SI206,94,135
speed_10s_avg_stage5_col2_std_over_mean,0.033148248419495194,SI206,94,135
stage_2_frames,0.033353875429580494,SI206,95,136
stage_3_frames,0.011814849284283663,SI206,95,136
stage_4_frames,0.01750581889694538,SI206,95,136
stage_5_frames,0.019324214919471727,SI206,95,136
roam_mean,0.00835302415548334,SI206,95,136
roam_std_over_mean,0.014718558873272706,SI206,95,136
roam_early_mean,0.010722637619578236,SI206,95,136
roam_mid_mean,0.018238718525524854,SI206,95,136
roam_late_mean,0.023642324168722716,SI206,95,136
roam_slope,0.019521833132924864,SI206,95,136
speed_1s_rows,0.016081322909994557,SI206,95,136
speed_1s_stage2_rows,0.008570813425289859,SI206,95,136
speed_1s_stage2_col1_mean,0.030852986444925103,SI206,95,136
speed_1s_stage2_col1_std_over_mean,0.027429266401681283,SI206,95,136
speed_1s_stage2_col2_mean,0.005902606726160292,SI206,95,136
speed_1s_stage2_col2_std_over_mean,0.013964436068170286,SI206,95,136
speed_1s_stage3_rows,0.009945467501683332,SI206,95,136
speed_1s_stage3_col1_mean,0.010807681460001285,SI206,95,136
speed_1s_stage3_col1_std_over_mean,0.016765224375780055,SI206,95,136
speed_1s_stage3_col2_mean,0.010096759563760233,SI206,95,136
speed_1s_stage3_col2_std_over_mean,0.0244192408277126,SI206,95,136
speed_1s_stage4_rows,0.014849780579121568,SI206,95,136
speed_1s_stage4_col1_mean,0.005510602647705046,SI206,95,136
speed_1s_stage4_col1_std_over_mean,0.03016018516381529,SI206,95,136
speed_1s_stage4_col2_mean,0.01210708172824234,SI206,95,136
speed_1s_stage4_col2_std_over_mean,0.041454000980040276,SI206,95,136
speed_1s_stage5_rows,0.00010874389702618746,SI206,95,136
speed_1s_stage5_col1_mean,0.01152808150428386,SI206,95,136
speed_1s_stage5_col1_std_over_mean,0.07921684796320082,SI206,95,136
speed_1s_stage5_col2_mean,0.014211273707508233,SI206,95,136
speed_1s_stage5_col2_std_over_mean,0.06391553563044435,SI206,95,136
speed_10s_avg_rows,0.01575625071551978,SI206,95,136
speed_10s_avg_stage2_rows,0.008195923689895258,SI206,95,136
speed_10s_avg_stage2_col1_mean,0.015597914316304603,SI206,95,136
speed_10s_avg_stage2_col1_std_over_mean,0.028158343262638302,SI206,95,136
speed_10s_avg_stage2_col2_mean,0.010653320918094676,SI206,95,136
speed_10s_avg_stage2_col2_std_over_mean,0.013785072747768518,SI206,95,136
speed_10s_avg_stage3_rows,0.01190821496274351,SI206,95,136
speed_10s_avg_stage3_col1_mean,0.016571303220973728,SI206,95,136
speed_10s_avg_stage3_col1_std_over_mean,0.017801948554094,SI206,95,136
speed_10s_avg_stage3_col2_mean,0.009379803746170276,SI206,95,136
speed_10s_avg_stage3_col2_std_over_mean,0.01101265966475078,SI206,95,136
speed_10s_avg_stage4_rows,0.00953994069111248,SI206,95,136
speed_10s_avg_stage4_col1_mean,0.004636778309994873,SI206,95,136
speed_10s_avg_stage4_col1_std_over_mean,0.0851653878552503,SI206,95,136
speed_10s_avg_stage4_col2_mean,0.01269090888461272,SI206,95,136
speed_10s_avg_stage4_col2_std_over_mean,0.013134744771890713,SI206,95,136
speed_10s_avg_stage5_rows,0.0,SI206,95,136
speed_10s_avg_stage5_col1_mean,0.016066537401663777,SI206,95,136
speed_10s_avg_stage5_col1_std_over_mean,0.021504503834531247,SI206,95,136
speed_10s_avg_stage5_col2_mean,0.020615151035875495,SI206,95,136
speed_10s_avg_stage5_col2_std_over_mean,0.032731496903780105,SI206,95,136
stage_2_frames,0.02902220808466332,SI206,96,137
stage_3_frames,0.011409285030422997,SI206,96,137
stage_4_frames,0.015367954135407959,SI206,96,137
stage_5_frames,0.016558669486955193,SI206,96,137
roam_mean,0.009137346641767746,SI206,96,137
roam_std_over_mean,0.019207456597165967,SI206,96,137
roam_early_mean,0.005763079000243364,SI206,96,137
roam_mid_mean,0.020402968651726874,SI206,96,137
roam_late_mean,0.020432798775552017,SI206,96,137
roam_slope,0.021973938703466412,SI206,96,137
speed_1s_rows,0.019273671929419218,SI206,96,137
speed_1s_stage2_rows,0.010125055538684223,SI206,96,137
speed_1s_stage2_col1_mean,0.015970368727811372,SI206,96,137
speed_1s_stage2_col1_std_over_mean,0.023675590152023678,SI206,96,137
speed_1s_stage2_col2_mean,0.007691092666517844,SI206,96,137
speed_1s_stage2_col2_std_over_mean,0.013508777192374722,SI206,96,137
speed_1s_stage3_rows,0.01973528536143381,SI206,96,137
speed_1s_stage3_col1_mean,0.01631972241361261,SI206,96,137
speed_1s_stage3_col1_std_over_mean,0.0222523974947114,SI206,96,137
speed_1s_stage3_col2_mean,0.009534860166732979,SI206,96,137
speed_1s_stage3_col2_std_over_mean,0.028411234704465257,SI206,96,137
speed_1s_stage4_rows,0.018409122546668336,SI206,96,137
speed_1s_stage4_col1_mean,0.004040710090436017,SI206,96,137
speed_1s_stage4_col1_std_over_mean,0.025500727610839987,SI206,96,137
speed_1s_stage4_col2_mean,0.012622064999748148,SI206,96,137
speed_1s_stage4_col2_std_over_mean,0.03847451041659561,SI206,96,137
speed_1s_stage5_rows,0.0,SI206,96,137
speed_1s_stage5_col1_mean,0.010540596923874955,SI206,96,137
speed_1s_stage5_col1_std_over_mean,0.0935113036612667,SI206,96,137
speed_1s_stage5_col2_mean,0.0115327255141961,SI206,96,137
speed_1s_stage5_col2_std_over_mean,0.05279433427896942,SI206,96,137
speed_10s_avg_rows,0.012129857342479797,SI206,96,137
speed_10s_avg_stage2_rows,0.009924691216073223,SI206,96,137
speed_10s_avg_stage2_col1_mean,0.016862988979600615,SI206,96,137
speed_10s_avg_stage2_col1_std_over_mean,0.02711532791120658,SI206,96,137
speed_10s_avg_stage2_col2_mean,0.007679234503640762,SI206,96,137
speed_10s_avg_stage2_col2_std_over_mean,0.019798371004163522,SI206,96,137
speed_10s_avg_stage3_rows,0.01974564469050245,SI206,96,137
speed_10s_avg_stage3_col1_mean,0.009850731712602433,SI206,96,137
speed_10s_avg_stage3_col1_std_over_mean,0.017641093702625277,SI206,96,137
speed_10s_avg_stage3_col2_mean,0.013793507052105546,SI206,96,137
speed_10s_avg_stage3_col2_std_over_mean,0.008748792572449844,SI206,96,137
speed_10s_avg_stage4_rows,0.01322347722598169,SI206,96,137
speed_10s_avg_stage4_col1_mean,0.00576085263690209,SI206,96,137
speed_10s_avg_stage4_col1_std_over_mean,0.08206251556133286,SI206,96,137
speed_10s_avg_stage4_col2_mean,0.015315179827996144,SI206,96,137
speed_10s_avg_stage4_col2_std_over_mean,0.009772711732170623,SI206,96,137
speed_10s_avg_stage5_rows,1.420402504226209e-05,SI206,96,137
speed_10s_avg_stage5_col1_mean,0.013446338182064024,SI206,96,137
speed_10s_avg_stage5_col1_std_over_mean,0.019956722899857022,SI206,96,137
speed_10s_avg_stage5_col2_mean,0.017759997723874925,SI206,96,137
speed_10s_avg_stage5_col2_std_over_mean,0.036197901999574116,SI206,96,137
stage_2_frames,0.0337714348346044,SI206,97,138
stage_3_frames,0.01130387837487279,SI206,97,138
stage_4_frames,0.016344194863046394,SI206,97,138
stage_5_frames,0.015796156536538215,SI206,97,138
roam_mean,0.00950625411225992,SI206,97,138
roam_std_over_mean,0.0170545325627659,SI206,97,138
roam_early_mean,0.008390726995232096,SI206,97,138
roam_mid_mean,0.01962433453704861,SI206,97,138
roam_late_mean,0.021151716604807334,SI206,97,138
roam_slope,0.01681183724797901,SI206,97,138
speed_1s_rows,0.013957377290474771,SI206,97,138
speed_1s_stage2_rows,0.013379113253394038,SI206,97,138
speed_1s_stage2_col1_mean,0.019098598106242894,SI206,97,138
speed_1s_stage2_col1_std_over_mean,0.02511049514539428,SI206,97,138
speed_1s_stage2_col2_mean,0.007243562183603956,SI206,97,138
speed_1s_stage2_col2_std_over_mean,0.010068634774992792,SI206,97,138
speed_1s_stage3_rows,0.014813178068722257,SI206,97,138
speed_1s_stage3_col1_mean,0.011604252448005895,SI206,97,138
speed_1s_stage3_col1_std_over_mean,0.017531383676218166,SI206,97,138
speed_1s_stage3_col2_mean,0.011644909820267094,SI206,97,138
speed_1s_stage3_col2_std_over_mean,0.020025127779137446,SI206,97,138
speed_1s_stage4_rows,0.014709265026483289,SI206,97,138
speed_1s_stage4_col1_mean,0.0066896690128987945,SI206,97,138
speed_1s_stage4_col1_std_over_mean,0.02265029151109573,SI206,97,138
speed_1s_stage4_col2_mean,0.012761531096792704,SI206,97,138
speed_1s_stage4_col2_std_over_mean,0.027030857691307524,SI206,97,138
speed_1s_stage5_rows,5.83487309151028e-06,SI206,97,138
speed_1s_stage5_col1_mean,0.012851125492087698,SI206,97,138
speed_1s_stage5_col1_std_over_mean,0.08135818295815023,SI206,97,138
speed_1s_stage5_col2_mean,0.014988491452164203,SI206,97,138
speed_1s_stage5_col2_std_over_mean,0.06259886110681034,SI206,97,138
speed_10s_avg_rows,0.013393239973252261,SI206,97,138
speed_10s_avg_stage2_rows,0.013093192438308516,SI206,97,138
speed_10s_avg_stage2_col1_mean,0.019193560564601485,SI206,97,138
speed_10s_avg_stage2_col1_std_over_mean,0.037917863453765736,SI206,97,138
speed_10s_avg_stage2_col2_mean,0.010369865072538908,SI206,97,138
speed_10s_avg_stage2_col2_std_over_mean,0.02165559703093955,SI206,97,138
speed_10s_avg_stage3_rows,0.016139174331994306,SI206,97,138
speed_10s_avg_stage3_col1_mean,0.010469706155563694,SI206,97,138
speed_10s_avg_stage3_col1_std_over_mean,0.011535564662649848,SI206,97,138
speed_10s_avg_stage3_col2_mean,0.008883500591603075,SI206,97,138
speed_10s_avg_stage3_col2_std_over_mean,0.01159338184477766,SI206,97,138
speed_10s_avg_stage4_rows,0.014183817633049944,SI206,97,138
speed_10s_avg_stage4_col1_mean,0.00489792612671941,SI206,97,138
speed_10s_avg_stage4_col1_std_over_mean,0.08967726508325811,SI206,97,138
speed_10s_avg_stage4_col2_mean,0.014837959012258992,SI206,97,138
speed_10s_avg_stage4_col2_std_over_mean,0.01109040386994147,SI206,97,138
speed_10s_avg_stage5_rows,0.0,SI206,97,138
speed_10s_avg_stage5_col1_mean,0.014129680581465813,SI206,97,138
speed_10s_avg_stage5_col1_std_over_mean,0.024354118358877977,SI206,97,138
speed_10s_avg_stage5_col2_mean,0.011559974432258386,SI206,97,138
speed_10s_avg_stage5_col2_std_over_mean,0.0511483993456844,SI206,97,138
stage_2_frames,0.030205626320060148,SI206,98,139
stage_3_frames,0.008286836288813194,SI206,98,139
stage_4_frames,0.01015939913417986,SI206,98,139
stage_5_frames,0.018934202037300025,SI206,98,139
roam_mean,0.0074660772273248245,SI206,98,139
roam_std_over_mean,0.011279299444831546,SI206,98,139
roam_early_mean,0.009904334089325749,SI206,98,139
roam_mid_mean,0.0200448520106782,SI206,98,139
roam_late_mean,0.02179448904043558,SI206,98,139
roam_slope,0.01539301096480309,SI206,98,139
speed_1s_rows,0.018894814836433307,SI206,98,139
speed_1s_stage2_rows,0.008580753713852335,SI206,98,139
speed_1s_stage2_col1_mean,0.019216102794865693,SI206,98,139
speed_1s_stage2_col1_std_over_mean,0.022000325787504466,SI206,98,139
speed_1s_stage2_col2_mean,0.008300406662667374,SI206,98,139
speed_1s_stage2_col2_std_over_mean,0.013587935879305159,SI206,98,139
speed_1s_stage3_rows,0.012996409571246745,SI206,98,139
speed_1s_stage3_col1_mean,0.012803642039671012,SI206,98,139
speed_1s_stage3_col1_std_over_mean,0.014191252984164881,SI206,98,139
speed_1s_stage3_col2_mean,0.013814704189663551,SI206,98,139
speed_1s_stage3_col2_std_over_mean,0.03029728291957331,SI206,98,139
speed_1s_stage4_rows,0.019206302834993225,SI206,98,139
speed_1s_stage4_col1_mean,0.009105872336194032,SI206,98,139
speed_1s_stage4_col1_std_over_mean,0.02302759384334339,SI206,98,139
speed_1s_stage4_col2_mean,0.012331060511384438,SI206,98,139
speed_1s_stage4_col2_std_over_mean,0.03976832803119433,SI206,98,139
speed_1s_stage5_rows,6.902263942573322e-06,SI206,98,139
speed_1s_stage5_col1_mean,0.013662620747101875,SI206,98,139
speed_1s_stage5_col1_std_over_mean,0.09063751343688921,SI206,98,139
speed_1s_stage5_col2_mean,0.01676464452834945,SI206,98,139
speed_1s_stage5_col2_std_over_mean,0.06427993337052713,SI206,98,139
speed_10s_avg_rows,0.014049789018869078,SI206,98,139
speed_10s_avg_stage2_rows,0.010867685401025538,SI206,98,139
speed_10s_avg_stage2_col1_mean,0.020521025307583606,SI206,98,139
speed_10s_avg_stage2_col1_std_over_mean,0.03209330193015288,SI206,98,139
speed_10s_avg_stage2_col2_mean,0.009244127150346488,SI206,98,139
speed_10s_avg_stage2_col2_std_over_mean,0.013744270445392528,SI206,98,139
speed_10s_avg_stage3_rows,0.01862636793712406,SI206,98,139
speed_10s_avg_stage3_col1_mean,0.015500255259490624,SI206,98,139
speed_10s_avg_stage3_col1_std_over_mean,0.018092784175345693,SI206,98,139
speed_10s_avg_stage3_col2_mean,0.009955935272973459,SI206,98,139
speed_10s_avg_stage3_col2_std_over_mean,0.011806581337594664,SI206,98,139
speed_10s_avg_stage4_rows,0.013867258040607634,SI206,98,139
speed_10s_avg_stage4_col1_mean,0.007002323293368362,SI206,98,139
speed_10s_avg_stage4_col1_std_over_mean,0.08463908392931091,SI206,98,139
speed_10s_avg_stage4_col2_mean,0.010927023500080624,SI206,98,139
speed_10s_avg_stage4_col2_std_over_mean,0.01351328885001219,SI206,98,139
speed_10s_avg_stage5_rows,5.421156061529919e-06,SI206,98,139
speed_10s_avg_stage5_col1_mean,0.012089990751119278,SI206,98,139
speed_10s_avg_stage5_col1_std_over_mean,0.016091288142144913,SI206,98,139
speed_10s_avg_stage5_col2_mean,0.020027088208935055,SI206,98,139
speed_10s_avg_stage5_col2_std_over_mean,0.0303925810518412,SI206,98,139
stage_2_frames,0.02555014590249232,SI206,99,140
stage_3_frames,0.009342860133392712,SI206,99,140
stage_4_frames,0.011870796540485297,SI206,99,140
stage_5_frames,0.016973036625949164,SI206,99,140
roam_mean,0.00695467998739456,SI206,99,140
roam_std_over_mean,0.021340556635082084,SI206,99,140
roam_early_mean,0.010702137078459122,SI206,99,140
roam_mid_mean,0.020139951268654553,SI206,99,140
roam_late_mean,0.023678199551550316,SI206,99,140
roam_slope,0.015905719781290597,SI206,99,140
speed_1s_rows,0.011648191582135098,SI206,99,140
speed_1s_stage2_rows,0.012643000578132951,SI206,99,140
speed_1s_stage2_col1_mean,0.025041652591035423,SI206,99,140
speed_1s_stage2_col1_std_over_mean,0.025074370813209887,SI206,99,140
speed_1s_stage2_col2_mean,0.011074302206769663,SI206,99,140
speed_1s_stage2_col2_std_over_mean,0.01581566578089805,SI206,99,140
speed_1s_stage3_rows,0.014471126146785567,SI206,99,140
speed_1s_stage3_col1_mean,0.013404049733891182,SI206,99,140
speed_1s_stage3_col1_std_over_mean,0.016688747069234875,SI206,99,140
speed_1s_stage3_col2_mean,0.012199389153436407,SI206,99,140
speed_1s_stage3_col2_std_over_mean,0.027757030336420765,SI206,99,140
speed_1s_stage4_rows,0.019497336364288725,SI206,99,140
speed_1s_stage4_col1_mean,0.004826243582573943,SI206,99,140
speed_1s_stage4_col1_std_over_mean,0.03163464652827932,SI206,99,140
speed_1s_stage4_col2_mean,0.01224405735884897,SI206,99,140
speed_1s_stage4_col2_std_over_mean,0.044906884181315096,SI206,99,140
speed_1s_stage5_rows,0.0,SI206,99,140
speed_1s_stage5_col1_mean,0.014552706611632956,SI206,99,140
speed_1s_stage5_col1_std_over_mean,0.07863473887980442,SI206,99,140
speed_1s_stage5_col2_mean,0.017842352370680215,SI206,99,140
speed_1s_stage5_col2_std_over_mean,0.05567606660450288,SI206,99,140
speed_10s_avg_rows,0.011821035604027736,SI206,99,140
speed_10s_avg_stage2_rows,0.010313321173038634,SI206,99,140
speed_10s_avg_stage2_col1_mean,0.02057749422767369,SI206,99,140
speed_10s_avg_stage2_col1_std_over_mean,0.026649357995445846,SI206,99,140
speed_10s_avg_stage2_col2_mean,0.007075306086029505,SI206,99,140
speed_10s_avg_stage2_col2_std_over_mean,0.024589813231763263,SI206,99,140
speed_10s_avg_stage3_rows,0.010746985916445996,SI206,99,140
speed_10s_avg_stage3_col1_mean,0.008657978778435877,SI206,99,140
speed_10s_avg_stage3_col1_std_over_mean,0.014402098365397797,SI206,99,140
speed_10s_avg_stage3_col2_mean,0.008956119188053729,SI206,99,140
speed_10s_avg_stage3_col2_std_over_mean,0.012140579155145997,SI206,99,140
speed_10s_avg_stage4_rows,0.01766810834648652,SI206,99,140
speed_10s_avg_stage4_col1_mean,0.006409202544606607,SI206,99,140
speed_10s_avg_stage4_col1_std_over_mean,0.08596929619175554,SI206,99,140
speed_10s_avg_stage4_col2_mean,0.009482002692391224,SI206,99,140
speed_10s_avg_stage4_col2_std_over_mean,0.01369605277188134,SI206,99,140
speed_10s_avg_stage5_rows,0.0,SI206,99,140
speed_10s_avg_stage5_col1_mean,0.012467892695632053,SI206,99,140
speed_10s_avg_stage5_col1_std_over_mean,0.021490140858603447,SI206,99,140
speed_10s_avg_stage5_col2_mean,0.015545226720342071,SI206,99,140
speed_10s_avg_stage5_col2_std_over_mean,0.03325134547821601,SI206,99,140
stage_2_frames,0.0183757949798259,SI206,100,141
stage_3_frames,0.009940044062745497,SI206,100,141
stage_4_frames,0.01482537570539411,SI206,100,141
stage_5_frames,0.01541364092170369,SI206,100,141
roam_mean,0.008671462995143818,SI206,100,141
roam_std_over_mean,0.017012995653882573,SI206,100,141
roam_early_mean,0.0062314148699413735,SI206,100,141
roam_mid_mean,0.018498748188509228,SI206,100,141
roam_late_mean,0.016278490084056244,SI206,100,141
roam_slope,0.024570815193873986,SI206,100,141
speed_1s_rows,0.016740664080822726,SI206,100,141
speed_1s_stage2_rows,0.009845893500773872,SI206,100,141
speed_1s_stage2_col1_mean,0.01853567370332432,SI206,100,141
speed_1s_stage2_col1_std_over_mean,0.023671382188367087,SI206,100,141
speed_1s_stage2_col2_mean,0.010638286649767124,SI206,100,141
speed_1s_stage2_col2_std_over_mean,0.013945750070230384,SI206,100,141
speed_1s_stage3_rows,0.012920457083993035,SI206,100,141
speed_1s_stage3_col1_mean,0.012491608650246431,SI206,100,141
speed_1s_stage3_col1_std_over_mean,0.0219389227803428,SI206,100,141
speed_1s_stage3_col2_mean,0.011459096198007808,SI206,100,141
speed_1s_stage3_col2_std_over_mean,0.02268347110000668,SI206,100,141
speed_1s_stage4_rows,0.018801212947850626,SI206,100,141
speed_1s_stage4_col1_mean,0.007397560420025429,SI206,100,141
speed_1s_stage4_col1_std_over_mean,0.019850901757614645,SI206,100,141
speed_1s_stage4_col2_mean,0.012800695396033348,SI206,100,141
speed_1s_stage4_col2_std_over_mean,0.04611231332571744,SI206,100,141
speed_1s_stage5_rows,0.0,SI206,100,141
speed_1s_stage5_col1_mean,0.011089760259287857,SI206,100,141
speed_1s_stage5_col1_std_over_mean,0.08884443319500422,SI206,100,141
speed_1s_stage5_col2_mean,0.018884872666964852,SI206,100,141
speed_1s_stage5_col2_std_over_mean,0.05898036019296703,SI206,100,141
speed_10s_avg_rows,0.011821524879969169,SI206,100,141
speed_10s_avg_stage2_rows,0.008661832908596536,SI206,100,141
speed_10s_avg_stage2_col1_mean,0.02147694025059008,SI206,100,141
speed_10s_avg_stage2_col1_std_over_mean,0.02462523364491659,SI206,100,141
speed_10s_avg_stage2_col2_mean,0.009923166885463333,SI206,100,141
speed_10s_avg_stage2_col2_std_over_mean,0.02548325959801079,SI206,100,141
speed_10s_avg_stage3_rows,0.015142212129220005,SI206,100,141
speed_10s_avg_stage3_col1_mean,0.013299178589607797,SI206,100,141
speed_10s_avg_stage3_col1_std_over_mean,0.01953632380209872,SI206,100,141
speed_10s_avg_stage3_col2_mean,0.008778707787389489,SI206,100,141
speed_10s_avg_stage3_col2_std_over_mean,0.012893373153052102,SI206,100,141
speed_10s_avg_stage4_rows,0.017304508233016783,SI206,100,141
speed_10s_avg_stage4_col1_mean,0.005419773104348779,SI206,100,141
speed_10s_avg_stage4_col1_std_over_mean,0.08524870030006265,SI206,100,141
speed_10s_avg_stage4_col2_mean,0.010389650790285337,SI206,100,141
speed_10s_avg_stage4_col2_std_over_mean,0.015505135568704713,SI206,100,141
speed_10s_avg_stage5_rows,2.287304090514526e-05,SI206,100,141
speed_10s_avg_stage5_col1_mean,0.010759841736290045,SI206,100,141
speed_10s_avg_stage5_col1_std_over_mean,0.021976980956249986,SI206,100,141
speed_10s_avg_stage5_col2_mean,0.015022581632665047,SI206,100,141
speed_10s_avg_stage5_col2_std_over_mean,0.039256102186132874,SI206,100,141
