feature,importance,dataset,run,seed
stage_2_frames,0.05514891856854267,SI206_shuffled,1,42
stage_3_frames,0.014437642583938246,SI206_shuffled,1,42
stage_4_frames,0.009381011337747597,SI206_shuffled,1,42
stage_5_frames,0.0049101343771512235,SI206_shuffled,1,42
roam_mean,0.009369688779046387,SI206_shuffled,1,42
roam_std_over_mean,0.09205577257125815,SI206_shuffled,1,42
roam_early_mean,0.004555906843467585,SI206_shuffled,1,42
roam_mid_mean,0.0987132334891391,SI206_shuffled,1,42
roam_late_mean,0.013813631356311949,SI206_shuffled,1,42
roam_slope,0.04579833948730057,SI206_shuffled,1,42
speed_1s_rows,0.012489003557310072,SI206_shuffled,1,42
speed_1s_stage2_rows,0.0170688529421643,SI206_shuffled,1,42
speed_1s_stage2_col1_mean,0.022062491639807242,SI206_shuffled,1,42
speed_1s_stage2_col1_std_over_mean,0.007771976699074693,SI206_shuffled,1,42
speed_1s_stage2_col2_mean,0.016023348530364464,SI206_shuffled,1,42
speed_1s_stage2_col2_std_over_mean,0.03620940770365745,SI206_shuffled,1,42
speed_1s_stage3_rows,0.011488948775505542,SI206_shuffled,1,42
speed_1s_stage3_col1_mean,0.01780651660355539,SI206_shuffled,1,42
speed_1s_stage3_col1_std_over_mean,0.021364472553090312,SI206_shuffled,1,42
speed_1s_stage3_col2_mean,0.019856403107516078,SI206_shuffled,1,42
speed_1s_stage3_col2_std_over_mean,0.016518580599980907,SI206_shuffled,1,42
speed_1s_stage4_rows,0.005647586655119254,SI206_shuffled,1,42
speed_1s_stage4_col1_mean,0.019565094920573255,SI206_shuffled,1,42
speed_1s_stage4_col1_std_over_mean,0.01488632508496107,SI206_shuffled,1,42
speed_1s_stage4_col2_mean,0.0067357388559289855,SI206_shuffled,1,42
speed_1s_stage4_col2_std_over_mean,0.013578886972381746,SI206_shuffled,1,42
speed_1s_stage5_rows,2.4269953430980167e-05,SI206_shuffled,1,42
speed_1s_stage5_col1_mean,0.01876082419584706,SI206_shuffled,1,42
speed_1s_stage5_col1_std_over_mean,0.01382863898922461,SI206_shuffled,1,42
speed_1s_stage5_col2_mean,0.006683274573175311,SI206_shuffled,1,42
speed_1s_stage5_col2_std_over_mean,0.016554381821289,SI206_shuffled,1,42
speed_10s_avg_rows,0.013281653065961808,SI206_shuffled,1,42
speed_10s_avg_stage2_rows,0.009666432527292256,SI206_shuffled,1,42
speed_10s_avg_stage2_col1_mean,0.02536367853801206,SI206_shuffled,1,42
speed_10s_avg_stage2_col1_std_over_mean,0.010055486167934129,SI206_shuffled,1,42
speed_10s_avg_stage2_col2_mean,0.012187655701685573,SI206_shuffled,1,42
speed_10s_avg_stage2_col2_std_over_mean,0.009387482649944809,SI206_shuffled,1,42
speed_10s_avg_stage3_rows,0.013134076348338066,SI206_shuffled,1,42
speed_10s_avg_stage3_col1_mean,0.013054011821366524,SI206_shuffled,1,42
speed_10s_avg_stage3_col1_std_over_mean,0.021259501830300925,SI206_shuffled,1,42
speed_10s_avg_stage3_col2_mean,0.018494725908551595,SI206_shuffled,1,42
speed_10s_avg_stage3_col2_std_over_mean,0.0193102306758982,SI206_shuffled,1,42
speed_10s_avg_stage4_rows,0.008535338892035541,SI206_shuffled,1,42
speed_10s_avg_stage4_col1_mean,0.017784263223299637,SI206_shuffled,1,42
speed_10s_avg_stage4_col1_std_over_mean,0.043824954992381863,SI206_shuffled,1,42
speed_10s_avg_stage4_col2_mean,0.007059732501936304,SI206_shuffled,1,42
speed_10s_avg_stage4_col2_std_over_mean,0.030051088827956547,SI206_shuffled,1,42
speed_10s_avg_stage5_rows,1.6017544434436108e-05,SI206_shuffled,1,42
speed_10s_avg_stage5_col1_mean,0.02875846169297319,SI206_shuffled,1,42
speed_10s_avg_stage5_col1_std_over_mean,0.018496808201277675,SI206_shuffled,1,42
speed_10s_avg_stage5_col2_mean,0.007921888411065873,SI206_shuffled,1,42
speed_10s_avg_stage5_col2_std_over_mean,0.00924720634949199,SI206_shuffled,1,42
stage_2_frames,0.0235795478086563,SI206_shuffled,2,43
stage_3_frames,0.02145254600533248,SI206_shuffled,2,43
stage_4_frames,0.008902256535645555,SI206_shuffled,2,43
stage_5_frames,0.005696317029576267,SI206_shuffled,2,43
roam_mean,0.013716097695045188,SI206_shuffled,2,43
roam_std_over_mean,0.032221003085997985,SI206_shuffled,2,43
roam_early_mean,0.009778511457161118,SI206_shuffled,2,43
roam_mid_mean,0.020016198250757244,SI206_shuffled,2,43
roam_late_mean,0.009484524231344259,SI206_shuffled,2,43
roam_slope,0.03905468643207114,SI206_shuffled,2,43
speed_1s_rows,0.009603534877168222,SI206_shuffled,2,43
speed_1s_stage2_rows,0.01768493434850883,SI206_shuffled,2,43
speed_1s_stage2_col1_mean,0.008024833012742547,SI206_shuffled,2,43
speed_1s_stage2_col1_std_over_mean,0.012542380803730347,SI206_shuffled,2,43
speed_1s_stage2_col2_mean,0.030833707084023197,SI206_shuffled,2,43
speed_1s_stage2_col2_std_over_mean,0.07698863135634754,SI206_shuffled,2,43
speed_1s_stage3_rows,0.009803262265425518,SI206_shuffled,2,43
speed_1s_stage3_col1_mean,0.022287243535823675,SI206_shuffled,2,43
speed_1s_stage3_col1_std_over_mean,0.01676473903782538,SI206_shuffled,2,43
speed_1s_stage3_col2_mean,0.011556325669047544,SI206_shuffled,2,43
speed_1s_stage3_col2_std_over_mean,0.02151558997235015,SI206_shuffled,2,43
speed_1s_stage4_rows,0.005443299313342658,SI206_shuffled,2,43
speed_1s_stage4_col1_mean,0.04090765666661032,SI206_shuffled,2,43
speed_1s_stage4_col1_std_over_mean,0.0098466410374484,SI206_shuffled,2,43
speed_1s_stage4_col2_mean,0.012323101276573933,SI206_shuffled,2,43
speed_1s_stage4_col2_std_over_mean,0.017820379147505526,SI206_shuffled,2,43
speed_1s_stage5_rows,0.0,SI206_shuffled,2,43
speed_1s_stage5_col1_mean,0.04265726820592098,SI206_shuffled,2,43
speed_1s_stage5_col1_std_over_mean,0.03586070934881948,SI206_shuffled,2,43
speed_1s_stage5_col2_mean,0.006116333588874153,SI206_shuffled,2,43
speed_1s_stage5_col2_std_over_mean,0.02214646506352967,SI206_shuffled,2,43
speed_10s_avg_rows,0.00969488875151382,SI206_shuffled,2,43
speed_10s_avg_stage2_rows,0.02166506982501094,SI206_shuffled,2,43
speed_10s_avg_stage2_col1_mean,0.008259045952788115,SI206_shuffled,2,43
speed_10s_avg_stage2_col1_std_over_mean,0.009161626855008142,SI206_shuffled,2,43
speed_10s_avg_stage2_col2_mean,0.03295489706117288,SI206_shuffled,2,43
speed_10s_avg_stage2_col2_std_over_mean,0.012849956943123152,SI206_shuffled,2,43
speed_10s_avg_stage3_rows,0.014139173152920192,SI206_shuffled,2,43
speed_10s_avg_stage3_col1_mean,0.017810780321252547,SI206_shuffled,2,43
speed_10s_avg_stage3_col1_std_over_mean,0.005671925561046219,SI206_shuffled,2,43
speed_10s_avg_stage3_col2_mean,0.017218152998788098,SI206_shuffled,2,43
speed_10s_avg_stage3_col2_std_over_mean,0.019183587800225995,SI206_shuffled,2,43
speed_10s_avg_stage4_rows,0.006616256348601029,SI206_shuffled,2,43
speed_10s_avg_stage4_col1_mean,0.049864317714448415,SI206_shuffled,2,43
speed_10s_avg_stage4_col1_std_over_mean,0.008346191354179366,SI206_shuffled,2,43
speed_10s_avg_stage4_col2_mean,0.008083646601141675,SI206_shuffled,2,43
speed_10s_avg_stage4_col2_std_over_mean,0.06761217894239331,SI206_shuffled,2,43
speed_10s_avg_stage5_rows,0.0,SI206_shuffled,2,43
speed_10s_avg_stage5_col1_mean,0.035291403231788566,SI206_shuffled,2,43
speed_10s_avg_stage5_col1_std_over_mean,0.026059399726906393,SI206_shuffled,2,43
speed_10s_avg_stage5_col2_mean,0.009333574477494997,SI206_shuffled,2,43
speed_10s_avg_stage5_col2_std_over_mean,0.005555202236990531,SI206_shuffled,2,43
stage_2_frames,0.04016410096725359,SI206_shuffled,3,44
stage_3_frames,0.009884342790845262,SI206_shuffled,3,44
stage_4_frames,0.006063116348664307,SI206_shuffled,3,44
stage_5_frames,0.013170415002974717,SI206_shuffled,3,44
roam_mean,0.0104901119157284,SI206_shuffled,3,44
roam_std_over_mean,0.03881453502168168,SI206_shuffled,3,44
roam_early_mean,0.01462594878367494,SI206_shuffled,3,44
roam_mid_mean,0.05141232839965525,SI206_shuffled,3,44
roam_late_mean,0.012424739030120325,SI206_shuffled,3,44
roam_slope,0.03645917777557613,SI206_shuffled,3,44
speed_1s_rows,0.017657043329626823,SI206_shuffled,3,44
speed_1s_stage2_rows,0.009796252464076019,SI206_shuffled,3,44
speed_1s_stage2_col1_mean,0.017933401376281417,SI206_shuffled,3,44
speed_1s_stage2_col1_std_over_mean,0.010014674690910974,SI206_shuffled,3,44
speed_1s_stage2_col2_mean,0.010328629058060769,SI206_shuffled,3,44
speed_1s_stage2_col2_std_over_mean,0.044422784364277115,SI206_shuffled,3,44
speed_1s_stage3_rows,0.009400629579026676,SI206_shuffled,3,44
speed_1s_stage3_col1_mean,0.02593889206306718,SI206_shuffled,3,44
speed_1s_stage3_col1_std_over_mean,0.014515529955383105,SI206_shuffled,3,44
speed_1s_stage3_col2_mean,0.012204737769447105,SI206_shuffled,3,44
speed_1s_stage3_col2_std_over_mean,0.019586003326734224,SI206_shuffled,3,44
speed_1s_stage4_rows,0.008906079477584304,SI206_shuffled,3,44
speed_1s_stage4_col1_mean,0.0537133480349527,SI206_shuffled,3,44
speed_1s_stage4_col1_std_over_mean,0.01025894697679588,SI206_shuffled,3,44
speed_1s_stage4_col2_mean,0.00780787472900143,SI206_shuffled,3,44
speed_1s_stage4_col2_std_over_mean,0.012888343008586845,SI206_shuffled,3,44
speed_1s_stage5_rows,3.907350688136905e-05,SI206_shuffled,3,44
speed_1s_stage5_col1_mean,0.05229204310710346,SI206_shuffled,3,44
speed_1s_stage5_col1_std_over_mean,0.02624610268110293,SI206_shuffled,3,44
speed_1s_stage5_col2_mean,0.013409586743058413,SI206_shuffled,3,44
speed_1s_stage5_col2_std_over_mean,0.015722046589342873,SI206_shuffled,3,44
speed_10s_avg_rows,0.013614400917511113,SI206_shuffled,3,44
speed_10s_avg_stage2_rows,0.0057557869962233535,SI206_shuffled,3,44
speed_10s_avg_stage2_col1_mean,0.018887604629126507,SI206_shuffled,3,44
speed_10s_avg_stage2_col1_std_over_mean,0.006077927819272918,SI206_shuffled,3,44
speed_10s_avg_stage2_col2_mean,0.00913367807340963,SI206_shuffled,3,44
speed_10s_avg_stage2_col2_std_over_mean,0.011690397459245763,SI206_shuffled,3,44
speed_10s_avg_stage3_rows,0.00636404936486582,SI206_shuffled,3,44
speed_10s_avg_stage3_col1_mean,0.02258772528131092,SI206_shuffled,3,44
speed_10s_avg_stage3_col1_std_over_mean,0.008365226061213916,SI206_shuffled,3,44
speed_10s_avg_stage3_col2_mean,0.01167351565934711,SI206_shuffled,3,44
speed_10s_avg_stage3_col2_std_over_mean,0.023763678957657026,SI206_shuffled,3,44
speed_10s_avg_stage4_rows,0.011753162178055509,SI206_shuffled,3,44
speed_10s_avg_stage4_col1_mean,0.06038145397672358,SI206_shuffled,3,44
speed_10s_avg_stage4_col1_std_over_mean,0.017496518335110522,SI206_shuffled,3,44
speed_10s_avg_stage4_col2_mean,0.010610780156945413,SI206_shuffled,3,44
speed_10s_avg_stage4_col2_std_over_mean,0.032647299296938596,SI206_shuffled,3,44
speed_10s_avg_stage5_rows,4.001453167930108e-05,SI206_shuffled,3,44
speed_10s_avg_stage5_col1_mean,0.05306000890965574,SI206_shuffled,3,44
speed_10s_avg_stage5_col1_std_over_mean,0.021726682531849496,SI206_shuffled,3,44
speed_10s_avg_stage5_col2_mean,0.013431607576879048,SI206_shuffled,3,44
speed_10s_avg_stage5_col2_std_over_mean,0.014347642419502383,SI206_shuffled,3,44
stage_2_frames,0.03817920268412114,SI206_shuffled,4,45
stage_3_frames,0.004582822582111933,SI206_shuffled,4,45
stage_4_frames,0.006106714800017407,SI206_shuffled,4,45
stage_5_frames,0.006004832204063596,SI206_shuffled,4,45
roam_mean,0.005782131269962192,SI206_shuffled,4,45
roam_std_over_mean,0.08668353805168026,SI206_shuffled,4,45
roam_early_mean,0.017437525887032294,SI206_shuffled,4,45
roam_mid_mean,0.03121823795877568,SI206_shuffled,4,45
roam_late_mean,0.008587930770336264,SI206_shuffled,4,45
roam_slope,0.08382263258174324,SI206_shuffled,4,45
speed_1s_rows,0.012853333543707286,SI206_shuffled,4,45
speed_1s_stage2_rows,0.0031208210653103394,SI206_shuffled,4,45
speed_1s_stage2_col1_mean,0.01747594360187366,SI206_shuffled,4,45
speed_1s_stage2_col1_std_over_mean,0.009083095139501816,SI206_shuffled,4,45
speed_1s_stage2_col2_mean,0.024815819043439033,SI206_shuffled,4,45
speed_1s_stage2_col2_std_over_mean,0.09444392178736245,SI206_shuffled,4,45
speed_1s_stage3_rows,0.004837858736361618,SI206_shuffled,4,45
speed_1s_stage3_col1_mean,0.013857820679810482,SI206_shuffled,4,45
speed_1s_stage3_col1_std_over_mean,0.015504019419747408,SI206_shuffled,4,45
speed_1s_stage3_col2_mean,0.00990078444290181,SI206_shuffled,4,45
speed_1s_stage3_col2_std_over_mean,0.016804421182354798,SI206_shuffled,4,45
speed_1s_stage4_rows,0.004811657946408798,SI206_shuffled,4,45
speed_1s_stage4_col1_mean,0.010843016697659033,SI206_shuffled,4,45
speed_1s_stage4_col1_std_over_mean,0.035741564442726255,SI206_shuffled,4,45
speed_1s_stage4_col2_mean,0.010086334045368578,SI206_shuffled,4,45
speed_1s_stage4_col2_std_over_mean,0.021656934852968587,SI206_shuffled,4,45
speed_1s_stage5_rows,0.0,SI206_shuffled,4,45
speed_1s_stage5_col1_mean,0.03496668398276575,SI206_shuffled,4,45
speed_1s_stage5_col1_std_over_mean,0.030282563407086436,SI206_shuffled,4,45
speed_1s_stage5_col2_mean,0.008127007354253538,SI206_shuffled,4,45
speed_1s_stage5_col2_std_over_mean,0.015726399619724253,SI206_shuffled,4,45
speed_10s_avg_rows,0.012008316408809306,SI206_shuffled,4,45
speed_10s_avg_stage2_rows,0.005056453191246986,SI206_shuffled,4,45
speed_10s_avg_stage2_col1_mean,0.01880868272056379,SI206_shuffled,4,45
speed_10s_avg_stage2_col1_std_over_mean,0.0060835618074385886,SI206_shuffled,4,45
speed_10s_avg_stage2_col2_mean,0.017764504186688807,SI206_shuffled,4,45
speed_10s_avg_stage2_col2_std_over_mean,0.008561308161895247,SI206_shuffled,4,45
speed_10s_avg_stage3_rows,0.0032871303768094258,SI206_shuffled,4,45
speed_10s_avg_stage3_col1_mean,0.012422834813294455,SI206_shuffled,4,45
speed_10s_avg_stage3_col1_std_over_mean,0.006173536321696808,SI206_shuffled,4,45
speed_10s_avg_stage3_col2_mean,0.010253712359852242,SI206_shuffled,4,45
speed_10s_avg_stage3_col2_std_over_mean,0.02124717635088289,SI206_shuffled,4,45
speed_10s_avg_stage4_rows,0.004140866396509211,SI206_shuffled,4,45
speed_10s_avg_stage4_col1_mean,0.025322016789706896,SI206_shuffled,4,45
speed_10s_avg_stage4_col1_std_over_mean,0.015672468231058063,SI206_shuffled,4,45
speed_10s_avg_stage4_col2_mean,0.009200664034560215,SI206_shuffled,4,45
speed_10s_avg_stage4_col2_std_over_mean,0.05491379531627961,SI206_shuffled,4,45
speed_10s_avg_stage5_rows,0.0,SI206_shuffled,4,45
speed_10s_avg_stage5_col1_mean,0.036357391658859324,SI206_shuffled,4,45
speed_10s_avg_stage5_col1_std_over_mean,0.027332656578679733,SI206_shuffled,4,45
speed_10s_avg_stage5_col2_mean,0.014817003260019848,SI206_shuffled,4,45
speed_10s_avg_stage5_col2_std_over_mean,0.007230351253972463,SI206_shuffled,4,45
stage_2_frames,0.038907106764852144,SI206_shuffled,5,46
stage_3_frames,0.013720150956507809,SI206_shuffled,5,46
stage_4_frames,0.007487650918010639,SI206_shuffled,5,46
stage_5_frames,0.005995110295016498,SI206_shuffled,5,46
roam_mean,0.006967427660119332,SI206_shuffled,5,46
roam_std_over_mean,0.07002083835981814,SI206_shuffled,5,46
roam_early_mean,0.0051843607254753,SI206_shuffled,5,46
roam_mid_mean,0.014057071852862117,SI206_shuffled,5,46
roam_late_mean,0.014474833612717569,SI206_shuffled,5,46
roam_slope,0.07214686857831869,SI206_shuffled,5,46
speed_1s_rows,0.011199482955977858,SI206_shuffled,5,46
speed_1s_stage2_rows,0.00981906354164016,SI206_shuffled,5,46
speed_1s_stage2_col1_mean,0.016786423961653973,SI206_shuffled,5,46
speed_1s_stage2_col1_std_over_mean,0.015573724733565957,SI206_shuffled,5,46
speed_1s_stage2_col2_mean,0.016239369601566567,SI206_shuffled,5,46
speed_1s_stage2_col2_std_over_mean,0.018543889472198708,SI206_shuffled,5,46
speed_1s_stage3_rows,0.006751820976645207,SI206_shuffled,5,46
speed_1s_stage3_col1_mean,0.022436678631417913,SI206_shuffled,5,46
speed_1s_stage3_col1_std_over_mean,0.013954649145715313,SI206_shuffled,5,46
speed_1s_stage3_col2_mean,0.011452802413672391,SI206_shuffled,5,46
speed_1s_stage3_col2_std_over_mean,0.016669460613683584,SI206_shuffled,5,46
speed_1s_stage4_rows,0.003666549749502192,SI206_shuffled,5,46
speed_1s_stage4_col1_mean,0.03533176922794026,SI206_shuffled,5,46
speed_1s_stage4_col1_std_over_mean,0.027833614822546558,SI206_shuffled,5,46
speed_1s_stage4_col2_mean,0.00421010070461225,SI206_shuffled,5,46
speed_1s_stage4_col2_std_over_mean,0.01802636664759211,SI206_shuffled,5,46
speed_1s_stage5_rows,2.7658569694828823e-05,SI206_shuffled,5,46
speed_1s_stage5_col1_mean,0.057083825031704595,SI206_shuffled,5,46
speed_1s_stage5_col1_std_over_mean,0.026825775346572128,SI206_shuffled,5,46
speed_1s_stage5_col2_mean,0.021119357250718097,SI206_shuffled,5,46
speed_1s_stage5_col2_std_over_mean,0.02369530055939206,SI206_shuffled,5,46
speed_10s_avg_rows,0.01061597166407237,SI206_shuffled,5,46
speed_10s_avg_stage2_rows,0.008702583230641697,SI206_shuffled,5,46
speed_10s_avg_stage2_col1_mean,0.025944056568611644,SI206_shuffled,5,46
speed_10s_avg_stage2_col1_std_over_mean,0.005693629653253035,SI206_shuffled,5,46
speed_10s_avg_stage2_col2_mean,0.019766879872659186,SI206_shuffled,5,46
speed_10s_avg_stage2_col2_std_over_mean,0.007853020593676999,SI206_shuffled,5,46
speed_10s_avg_stage3_rows,0.0053195790357280235,SI206_shuffled,5,46
speed_10s_avg_stage3_col1_mean,0.028797779220189293,SI206_shuffled,5,46
speed_10s_avg_stage3_col1_std_over_mean,0.00556067291468358,SI206_shuffled,5,46
speed_10s_avg_stage3_col2_mean,0.009200007312650638,SI206_shuffled,5,46
speed_10s_avg_stage3_col2_std_over_mean,0.03438103205221592,SI206_shuffled,5,46
speed_10s_avg_stage4_rows,0.002511183695997344,SI206_shuffled,5,46
speed_10s_avg_stage4_col1_mean,0.03451429801696704,SI206_shuffled,5,46
speed_10s_avg_stage4_col1_std_over_mean,0.006468343398301418,SI206_shuffled,5,46
speed_10s_avg_stage4_col2_mean,0.007421321266787911,SI206_shuffled,5,46
speed_10s_avg_stage4_col2_std_over_mean,0.04122718116186371,SI206_shuffled,5,46
speed_10s_avg_stage5_rows,0.0,SI206_shuffled,5,46
speed_10s_avg_stage5_col1_mean,0.052759333725400086,SI206_shuffled,5,46
speed_10s_avg_stage5_col1_std_over_mean,0.03805177640227056,SI206_shuffled,5,46
speed_10s_avg_stage5_col2_mean,0.018997662386917986,SI206_shuffled,5,46
speed_10s_avg_stage5_col2_std_over_mean,0.010004584145400685,SI206_shuffled,5,46
stage_2_frames,0.01789404844032864,SI206_shuffled,6,47
stage_3_frames,0.007234928031360484,SI206_shuffled,6,47
stage_4_frames,0.009087041389007532,SI206_shuffled,6,47
stage_5_frames,0.003806245780362336,SI206_shuffled,6,47
roam_mean,0.008345742872235069,SI206_shuffled,6,47
roam_std_over_mean,0.1391109693686099,SI206_shuffled,6,47
roam_early_mean,0.008933020255714292,SI206_shuffled,6,47
roam_mid_mean,0.018336696356943138,SI206_shuffled,6,47
roam_late_mean,0.008675087213573561,SI206_shuffled,6,47
roam_slope,0.042063394386565395,SI206_shuffled,6,47
speed_1s_rows,0.013075124187385772,SI206_shuffled,6,47
speed_1s_stage2_rows,0.006508994341120478,SI206_shuffled,6,47
speed_1s_stage2_col1_mean,0.012186616939373509,SI206_shuffled,6,47
speed_1s_stage2_col1_std_over_mean,0.0055325208906126366,SI206_shuffled,6,47
speed_1s_stage2_col2_mean,0.018066354082081862,SI206_shuffled,6,47
speed_1s_stage2_col2_std_over_mean,0.055776376268813904,SI206_shuffled,6,47
speed_1s_stage3_rows,0.005179084137832691,SI206_shuffled,6,47
speed_1s_stage3_col1_mean,0.013086195435334397,SI206_shuffled,6,47
speed_1s_stage3_col1_std_over_mean,0.039912156145130905,SI206_shuffled,6,47
speed_1s_stage3_col2_mean,0.010110462656494682,SI206_shuffled,6,47
speed_1s_stage3_col2_std_over_mean,0.023986792778616962,SI206_shuffled,6,47
speed_1s_stage4_rows,0.00367964240797599,SI206_shuffled,6,47
speed_1s_stage4_col1_mean,0.05265073286943547,SI206_shuffled,6,47
speed_1s_stage4_col1_std_over_mean,0.01263058445625799,SI206_shuffled,6,47
speed_1s_stage4_col2_mean,0.012060836290974498,SI206_shuffled,6,47
speed_1s_stage4_col2_std_over_mean,0.018123250582385043,SI206_shuffled,6,47
speed_1s_stage5_rows,1.0683760683760982e-05,SI206_shuffled,6,47
speed_1s_stage5_col1_mean,0.04027167509905156,SI206_shuffled,6,47
speed_1s_stage5_col1_std_over_mean,0.017765331589857915,SI206_shuffled,6,47
speed_1s_stage5_col2_mean,0.015542771209104416,SI206_shuffled,6,47
speed_1s_stage5_col2_std_over_mean,0.017207116932499024,SI206_shuffled,6,47
speed_10s_avg_rows,0.012974889279101598,SI206_shuffled,6,47
speed_10s_avg_stage2_rows,0.0087321722242713,SI206_shuffled,6,47
speed_10s_avg_stage2_col1_mean,0.019218989645462394,SI206_shuffled,6,47
speed_10s_avg_stage2_col1_std_over_mean,0.006100420503486831,SI206_shuffled,6,47
speed_10s_avg_stage2_col2_mean,0.017673973271248724,SI206_shuffled,6,47
speed_10s_avg_stage2_col2_std_over_mean,0.0053574483213274,SI206_shuffled,6,47
speed_10s_avg_stage3_rows,0.00853935597136059,SI206_shuffled,6,47
speed_10s_avg_stage3_col1_mean,0.01212292159585549,SI206_shuffled,6,47
speed_10s_avg_stage3_col1_std_over_mean,0.008326446645055382,SI206_shuffled,6,47
speed_10s_avg_stage3_col2_mean,0.01367032601638554,SI206_shuffled,6,47
speed_10s_avg_stage3_col2_std_over_mean,0.02488908477707395,SI206_shuffled,6,47
speed_10s_avg_stage4_rows,0.006620663462529857,SI206_shuffled,6,47
speed_10s_avg_stage4_col1_mean,0.04965735986972387,SI206_shuffled,6,47
speed_10s_avg_stage4_col1_std_over_mean,0.012678718978464579,SI206_shuffled,6,47
speed_10s_avg_stage4_col2_mean,0.014158211329182092,SI206_shuffled,6,47
speed_10s_avg_stage4_col2_std_over_mean,0.035964981597094416,SI206_shuffled,6,47
speed_10s_avg_stage5_rows,3.338237424813727e-05,SI206_shuffled,6,47
speed_10s_avg_stage5_col1_mean,0.04252019274549113,SI206_shuffled,6,47
speed_10s_avg_stage5_col1_std_over_mean,0.024636019719735676,SI206_shuffled,6,47
speed_10s_avg_stage5_col2_mean,0.012969316412274546,SI206_shuffled,6,47
speed_10s_avg_stage5_col2_std_over_mean,0.00630464810490256,SI206_shuffled,6,47
stage_2_frames,0.036092781142004475,SI206_shuffled,7,48
stage_3_frames,0.01795251211803947,SI206_shuffled,7,48
stage_4_frames,0.006459127027373482,SI206_shuffled,7,48
stage_5_frames,0.007759870040130377,SI206_shuffled,7,48
roam_mean,0.010137882924128995,SI206_shuffled,7,48
roam_std_over_mean,0.08342800423828473,SI206_shuffled,7,48
roam_early_mean,0.015064072682333396,SI206_shuffled,7,48
roam_mid_mean,0.04053993688550441,SI206_shuffled,7,48
roam_late_mean,0.009443186982026296,SI206_shuffled,7,48
roam_slope,0.03968795960466965,SI206_shuffled,7,48
speed_1s_rows,0.012395874524407102,SI206_shuffled,7,48
speed_1s_stage2_rows,0.009081446449733773,SI206_shuffled,7,48
speed_1s_stage2_col1_mean,0.012681585649951845,SI206_shuffled,7,48
speed_1s_stage2_col1_std_over_mean,0.011406884286531315,SI206_shuffled,7,48
speed_1s_stage2_col2_mean,0.011852022633178406,SI206_shuffled,7,48
speed_1s_stage2_col2_std_over_mean,0.019650894884556746,SI206_shuffled,7,48
speed_1s_stage3_rows,0.00363414693096612,SI206_shuffled,7,48
speed_1s_stage3_col1_mean,0.023082098740314725,SI206_shuffled,7,48
speed_1s_stage3_col1_std_over_mean,0.01839779886378981,SI206_shuffled,7,48
speed_1s_stage3_col2_mean,0.023398663588962795,SI206_shuffled,7,48
speed_1s_stage3_col2_std_over_mean,0.02398341423625814,SI206_shuffled,7,48
speed_1s_stage4_rows,0.009020400078156333,SI206_shuffled,7,48
speed_1s_stage4_col1_mean,0.07464540224090403,SI206_shuffled,7,48
speed_1s_stage4_col1_std_over_mean,0.021945224910574563,SI206_shuffled,7,48
speed_1s_stage4_col2_mean,0.009138438681214518,SI206_shuffled,7,48
speed_1s_stage4_col2_std_over_mean,0.009297399084804852,SI206_shuffled,7,48
speed_1s_stage5_rows,0.0,SI206_shuffled,7,48
speed_1s_stage5_col1_mean,0.030369383478363446,SI206_shuffled,7,48
speed_1s_stage5_col1_std_over_mean,0.02301551784043004,SI206_shuffled,7,48
speed_1s_stage5_col2_mean,0.014098245361477227,SI206_shuffled,7,48
speed_1s_stage5_col2_std_over_mean,0.04513325086348764,SI206_shuffled,7,48
speed_10s_avg_rows,0.009815145243117246,SI206_shuffled,7,48
speed_10s_avg_stage2_rows,0.010809238379204163,SI206_shuffled,7,48
speed_10s_avg_stage2_col1_mean,0.014041183973425918,SI206_shuffled,7,48
speed_10s_avg_stage2_col1_std_over_mean,0.008450532691890375,SI206_shuffled,7,48
speed_10s_avg_stage2_col2_mean,0.01066080939136607,SI206_shuffled,7,48
speed_10s_avg_stage2_col2_std_over_mean,0.005663087307052399,SI206_shuffled,7,48
speed_10s_avg_stage3_rows,0.0072374107735955874,SI206_shuffled,7,48
speed_10s_avg_stage3_col1_mean,0.019605331315083113,SI206_shuffled,7,48
speed_10s_avg_stage3_col1_std_over_mean,0.010320126599990778,SI206_shuffled,7,48
speed_10s_avg_stage3_col2_mean,0.01381708933182692,SI206_shuffled,7,48
speed_10s_avg_stage3_col2_std_over_mean,0.020537679684202826,SI206_shuffled,7,48
speed_10s_avg_stage4_rows,0.008137188049436138,SI206_shuffled,7,48
speed_10s_avg_stage4_col1_mean,0.053723712370558105,SI206_shuffled,7,48
speed_10s_avg_stage4_col1_std_over_mean,0.018822586154801972,SI206_shuffled,7,48
speed_10s_avg_stage4_col2_mean,0.004882961315097689,SI206_shuffled,7,48
speed_10s_avg_stage4_col2_std_over_mean,0.027552742742747216,SI206_shuffled,7,48
speed_10s_avg_stage5_rows,1.610011871027475e-05,SI206_shuffled,7,48
speed_10s_avg_stage5_col1_mean,0.02853995239048457,SI206_shuffled,7,48
speed_10s_avg_stage5_col1_std_over_mean,0.03237975525097732,SI206_shuffled,7,48
speed_10s_avg_stage5_col2_mean,0.010876346956132411,SI206_shuffled,7,48
speed_10s_avg_stage5_col2_std_over_mean,0.01131759298774021,SI206_shuffled,7,48
stage_2_frames,0.047694959882705085,SI206_shuffled,8,49
stage_3_frames,0.014630127656937586,SI206_shuffled,8,49
stage_4_frames,0.005388431003551179,SI206_shuffled,8,49
stage_5_frames,0.004610701990949003,SI206_shuffled,8,49
roam_mean,0.005573379060115561,SI206_shuffled,8,49
roam_std_over_mean,0.06371061572395993,SI206_shuffled,8,49
roam_early_mean,0.010344152352188243,SI206_shuffled,8,49
roam_mid_mean,0.0398785382085408,SI206_shuffled,8,49
roam_late_mean,0.00760033531543086,SI206_shuffled,8,49
roam_slope,0.036739665114233634,SI206_shuffled,8,49
speed_1s_rows,0.012868903485007539,SI206_shuffled,8,49
speed_1s_stage2_rows,0.01271573713452336,SI206_shuffled,8,49
speed_1s_stage2_col1_mean,0.024050892342721137,SI206_shuffled,8,49
speed_1s_stage2_col1_std_over_mean,0.005233688688432393,SI206_shuffled,8,49
speed_1s_stage2_col2_mean,0.010178531687087008,SI206_shuffled,8,49
speed_1s_stage2_col2_std_over_mean,0.024871484908424626,SI206_shuffled,8,49
speed_1s_stage3_rows,0.0031318710967909993,SI206_shuffled,8,49
speed_1s_stage3_col1_mean,0.021361918603581883,SI206_shuffled,8,49
speed_1s_stage3_col1_std_over_mean,0.017438651259116127,SI206_shuffled,8,49
speed_1s_stage3_col2_mean,0.008898051220749366,SI206_shuffled,8,49
speed_1s_stage3_col2_std_over_mean,0.021596005181489308,SI206_shuffled,8,49
speed_1s_stage4_rows,0.006206131356209678,SI206_shuffled,8,49
speed_1s_stage4_col1_mean,0.05234901437624566,SI206_shuffled,8,49
speed_1s_stage4_col1_std_over_mean,0.010561232940056751,SI206_shuffled,8,49
speed_1s_stage4_col2_mean,0.006380989851109538,SI206_shuffled,8,49
speed_1s_stage4_col2_std_over_mean,0.03719306596321081,SI206_shuffled,8,49
speed_1s_stage5_rows,9.028326373998417e-06,SI206_shuffled,8,49
speed_1s_stage5_col1_mean,0.05235330311322333,SI206_shuffled,8,49
speed_1s_stage5_col1_std_over_mean,0.017981053428218995,SI206_shuffled,8,49
speed_1s_stage5_col2_mean,0.017771713249674016,SI206_shuffled,8,49
speed_1s_stage5_col2_std_over_mean,0.04560545896825512,SI206_shuffled,8,49
speed_10s_avg_rows,0.012329497212891779,SI206_shuffled,8,49
speed_10s_avg_stage2_rows,0.01106829928779341,SI206_shuffled,8,49
speed_10s_avg_stage2_col1_mean,0.018695167577579788,SI206_shuffled,8,49
speed_10s_avg_stage2_col1_std_over_mean,0.010760043684023378,SI206_shuffled,8,49
speed_10s_avg_stage2_col2_mean,0.01518180650635827,SI206_shuffled,8,49
speed_10s_avg_stage2_col2_std_over_mean,0.0116759371471773,SI206_shuffled,8,49
speed_10s_avg_stage3_rows,0.005493124985518797,SI206_shuffled,8,49
speed_10s_avg_stage3_col1_mean,0.0161979424385693,SI206_shuffled,8,49
speed_10s_avg_stage3_col1_std_over_mean,0.01278611224969222,SI206_shuffled,8,49
speed_10s_avg_stage3_col2_mean,0.010430159493318722,SI206_shuffled,8,49
speed_10s_avg_stage3_col2_std_over_mean,0.019594122602989168,SI206_shuffled,8,49
speed_10s_avg_stage4_rows,0.0038166391477391748,SI206_shuffled,8,49
speed_10s_avg_stage4_col1_mean,0.05309815857570353,SI206_shuffled,8,49
speed_10s_avg_stage4_col1_std_over_mean,0.017833561199503387,SI206_shuffled,8,49
speed_10s_avg_stage4_col2_mean,0.005955070798083309,SI206_shuffled,8,49
speed_10s_avg_stage4_col2_std_over_mean,0.03059399550116423,SI206_shuffled,8,49
speed_10s_avg_stage5_rows,0.00015151980190891744,SI206_shuffled,8,49
speed_10s_avg_stage5_col1_mean,0.03518679992057332,SI206_shuffled,8,49
speed_10s_avg_stage5_col1_std_over_mean,0.0294101671425511,SI206_shuffled,8,49
speed_10s_avg_stage5_col2_mean,0.023390756520479356,SI206_shuffled,8,49
speed_10s_avg_stage5_col2_std_over_mean,0.011423484717268095,SI206_shuffled,8,49
stage_2_frames,0.05757562281254194,SI206_shuffled,9,50
stage_3_frames,0.007857574819650716,SI206_shuffled,9,50
stage_4_frames,0.01322474816806917,SI206_shuffled,9,50
stage_5_frames,0.008178573466210183,SI206_shuffled,9,50
roam_mean,0.008072089733897942,SI206_shuffled,9,50
roam_std_over_mean,0.04512274495647607,SI206_shuffled,9,50
roam_early_mean,0.016702233128295687,SI206_shuffled,9,50
roam_mid_mean,0.05714726036070613,SI206_shuffled,9,50
roam_late_mean,0.012251818246298713,SI206_shuffled,9,50
roam_slope,0.0765953999735086,SI206_shuffled,9,50
speed_1s_rows,0.005230872059719187,SI206_shuffled,9,50
speed_1s_stage2_rows,0.008089214563544054,SI206_shuffled,9,50
speed_1s_stage2_col1_mean,0.016548610060280966,SI206_shuffled,9,50
speed_1s_stage2_col1_std_over_mean,0.011604937345994595,SI206_shuffled,9,50
speed_1s_stage2_col2_mean,0.0046006517512261836,SI206_shuffled,9,50
speed_1s_stage2_col2_std_over_mean,0.00823304918797147,SI206_shuffled,9,50
speed_1s_stage3_rows,0.007283959498987276,SI206_shuffled,9,50
speed_1s_stage3_col1_mean,0.02076961568503234,SI206_shuffled,9,50
speed_1s_stage3_col1_std_over_mean,0.018660258916792592,SI206_shuffled,9,50
speed_1s_stage3_col2_mean,0.015000345150329638,SI206_shuffled,9,50
speed_1s_stage3_col2_std_over_mean,0.06982697396592277,SI206_shuffled,9,50
speed_1s_stage4_rows,0.007203681639847522,SI206_shuffled,9,50
speed_1s_stage4_col1_mean,0.02927699876842871,SI206_shuffled,9,50
speed_1s_stage4_col1_std_over_mean,0.014164385043138607,SI206_shuffled,9,50
speed_1s_stage4_col2_mean,0.011380393419610632,SI206_shuffled,9,50
speed_1s_stage4_col2_std_over_mean,0.024489766491885372,SI206_shuffled,9,50
speed_1s_stage5_rows,0.00024595709962793556,SI206_shuffled,9,50
speed_1s_stage5_col1_mean,0.019847041186702444,SI206_shuffled,9,50
speed_1s_stage5_col1_std_over_mean,0.0177794117105461,SI206_shuffled,9,50
speed_1s_stage5_col2_mean,0.01169742767105108,SI206_shuffled,9,50
speed_1s_stage5_col2_std_over_mean,0.03189418550321666,SI206_shuffled,9,50
speed_10s_avg_rows,0.010880965517500842,SI206_shuffled,9,50
speed_10s_avg_stage2_rows,0.007397431410747158,SI206_shuffled,9,50
speed_10s_avg_stage2_col1_mean,0.01891365602921926,SI206_shuffled,9,50
speed_10s_avg_stage2_col1_std_over_mean,0.00943794179911178,SI206_shuffled,9,50
speed_10s_avg_stage2_col2_mean,0.005625275889905971,SI206_shuffled,9,50
speed_10s_avg_stage2_col2_std_over_mean,0.009697418576900747,SI206_shuffled,9,50
speed_10s_avg_stage3_rows,0.006656824749248737,SI206_shuffled,9,50
speed_10s_avg_stage3_col1_mean,0.023035108209774124,SI206_shuffled,9,50
speed_10s_avg_stage3_col1_std_over_mean,0.011910611435584386,SI206_shuffled,9,50
speed_10s_avg_stage3_col2_mean,0.014676959913476175,SI206_shuffled,9,50
speed_10s_avg_stage3_col2_std_over_mean,0.03432349309790906,SI206_shuffled,9,50
speed_10s_avg_stage4_rows,0.01085913669804651,SI206_shuffled,9,50
speed_10s_avg_stage4_col1_mean,0.04723312258896012,SI206_shuffled,9,50
speed_10s_avg_stage4_col1_std_over_mean,0.03684225504129429,SI206_shuffled,9,50
speed_10s_avg_stage4_col2_mean,0.00781289803725097,SI206_shuffled,9,50
speed_10s_avg_stage4_col2_std_over_mean,0.02240878069178539,SI206_shuffled,9,50
speed_10s_avg_stage5_rows,0.00038057493097610356,SI206_shuffled,9,50
speed_10s_avg_stage5_col1_mean,0.01434389320012513,SI206_shuffled,9,50
speed_10s_avg_stage5_col1_std_over_mean,0.023075847952134243,SI206_shuffled,9,50
speed_10s_avg_stage5_col2_mean,0.015000313170834478,SI206_shuffled,9,50
speed_10s_avg_stage5_col2_std_over_mean,0.012931688673703333,SI206_shuffled,9,50
stage_2_frames,0.06067457394862894,SI206_shuffled,10,51
stage_3_frames,0.007106556465635368,SI206_shuffled,10,51
stage_4_frames,0.008684937413105635,SI206_shuffled,10,51
stage_5_frames,0.003702861227485576,SI206_shuffled,10,51
roam_mean,0.004525460710362179,SI206_shuffled,10,51
roam_std_over_mean,0.037829588624164905,SI206_shuffled,10,51
roam_early_mean,0.02126757122064866,SI206_shuffled,10,51
roam_mid_mean,0.024099453933077754,SI206_shuffled,10,51
roam_late_mean,0.01399071216050018,SI206_shuffled,10,51
roam_slope,0.06431318351312015,SI206_shuffled,10,51
speed_1s_rows,0.027534709441162205,SI206_shuffled,10,51
speed_1s_stage2_rows,0.011547111823558727,SI206_shuffled,10,51
speed_1s_stage2_col1_mean,0.008825082821903484,SI206_shuffled,10,51
speed_1s_stage2_col1_std_over_mean,0.006940399989443433,SI206_shuffled,10,51
speed_1s_stage2_col2_mean,0.0072187716089948195,SI206_shuffled,10,51
speed_1s_stage2_col2_std_over_mean,0.01950487998189829,SI206_shuffled,10,51
speed_1s_stage3_rows,0.014462210137745384,SI206_shuffled,10,51
speed_1s_stage3_col1_mean,0.0334127022075557,SI206_shuffled,10,51
speed_1s_stage3_col1_std_over_mean,0.011305952498170513,SI206_shuffled,10,51
speed_1s_stage3_col2_mean,0.015211069343091707,SI206_shuffled,10,51
speed_1s_stage3_col2_std_over_mean,0.020396862143986432,SI206_shuffled,10,51
speed_1s_stage4_rows,0.007045901316444141,SI206_shuffled,10,51
speed_1s_stage4_col1_mean,0.03303602325417451,SI206_shuffled,10,51
speed_1s_stage4_col1_std_over_mean,0.02241461817520754,SI206_shuffled,10,51
speed_1s_stage4_col2_mean,0.010482017217917116,SI206_shuffled,10,51
speed_1s_stage4_col2_std_over_mean,0.01874264708233668,SI206_shuffled,10,51
speed_1s_stage5_rows,0.0,SI206_shuffled,10,51
speed_1s_stage5_col1_mean,0.021293877761765893,SI206_shuffled,10,51
speed_1s_stage5_col1_std_over_mean,0.01865374282698877,SI206_shuffled,10,51
speed_1s_stage5_col2_mean,0.02412994097170949,SI206_shuffled,10,51
speed_1s_stage5_col2_std_over_mean,0.041928557154479955,SI206_shuffled,10,51
speed_10s_avg_rows,0.030043203573550593,SI206_shuffled,10,51
speed_10s_avg_stage2_rows,0.008226470503862613,SI206_shuffled,10,51
speed_10s_avg_stage2_col1_mean,0.017417763539987918,SI206_shuffled,10,51
speed_10s_avg_stage2_col1_std_over_mean,0.00566010929476624,SI206_shuffled,10,51
speed_10s_avg_stage2_col2_mean,0.007730165543451701,SI206_shuffled,10,51
speed_10s_avg_stage2_col2_std_over_mean,0.009142569953834818,SI206_shuffled,10,51
speed_10s_avg_stage3_rows,0.013855367861953068,SI206_shuffled,10,51
speed_10s_avg_stage3_col1_mean,0.03142443139542809,SI206_shuffled,10,51
speed_10s_avg_stage3_col1_std_over_mean,0.007443089881352135,SI206_shuffled,10,51
speed_10s_avg_stage3_col2_mean,0.012607806049027068,SI206_shuffled,10,51
speed_10s_avg_stage3_col2_std_over_mean,0.023728964601587636,SI206_shuffled,10,51
speed_10s_avg_stage4_rows,0.004905502059192051,SI206_shuffled,10,51
speed_10s_avg_stage4_col1_mean,0.02857385900829802,SI206_shuffled,10,51
speed_10s_avg_stage4_col1_std_over_mean,0.014529122312708882,SI206_shuffled,10,51
speed_10s_avg_stage4_col2_mean,0.009102490982086557,SI206_shuffled,10,51
speed_10s_avg_stage4_col2_std_over_mean,0.015882729769836658,SI206_shuffled,10,51
speed_10s_avg_stage5_rows,0.0,SI206_shuffled,10,51
speed_10s_avg_stage5_col1_mean,0.026504065144087263,SI206_shuffled,10,51
speed_10s_avg_stage5_col1_std_over_mean,0.08223207621237746,SI206_shuffled,10,51
speed_10s_avg_stage5_col2_mean,0.022376013903634962,SI206_shuffled,10,51
speed_10s_avg_stage5_col2_std_over_mean,0.008332221433712114,SI206_shuffled,10,51
stage_2_frames,0.12355875084508715,SI206_shuffled,11,52
stage_3_frames,0.005659747621111865,SI206_shuffled,11,52
stage_4_frames,0.0060406938762965325,SI206_shuffled,11,52
stage_5_frames,0.005213058399817358,SI206_shuffled,11,52
roam_mean,0.0075776187423063105,SI206_shuffled,11,52
roam_std_over_mean,0.030590077981792738,SI206_shuffled,11,52
roam_early_mean,0.03057465276561712,SI206_shuffled,11,52
roam_mid_mean,0.020524331995663978,SI206_shuffled,11,52
roam_late_mean,0.013604816863534763,SI206_shuffled,11,52
roam_slope,0.10178248495572088,SI206_shuffled,11,52
speed_1s_rows,0.021746310159620724,SI206_shuffled,11,52
speed_1s_stage2_rows,0.0027174165487991427,SI206_shuffled,11,52
speed_1s_stage2_col1_mean,0.03405451145789954,SI206_shuffled,11,52
speed_1s_stage2_col1_std_over_mean,0.008365304782920056,SI206_shuffled,11,52
speed_1s_stage2_col2_mean,0.009497165385807447,SI206_shuffled,11,52
speed_1s_stage2_col2_std_over_mean,0.007708938178104726,SI206_shuffled,11,52
speed_1s_stage3_rows,0.0035915986291250464,SI206_shuffled,11,52
speed_1s_stage3_col1_mean,0.02494108790330426,SI206_shuffled,11,52
speed_1s_stage3_col1_std_over_mean,0.016851929700610595,SI206_shuffled,11,52
speed_1s_stage3_col2_mean,0.026724815867869015,SI206_shuffled,11,52
speed_1s_stage3_col2_std_over_mean,0.014177645852729326,SI206_shuffled,11,52
speed_1s_stage4_rows,0.007621129503442515,SI206_shuffled,11,52
speed_1s_stage4_col1_mean,0.018605693712942236,SI206_shuffled,11,52
speed_1s_stage4_col1_std_over_mean,0.02015044052628062,SI206_shuffled,11,52
speed_1s_stage4_col2_mean,0.01167728865425766,SI206_shuffled,11,52
speed_1s_stage4_col2_std_over_mean,0.012462707902465769,SI206_shuffled,11,52
speed_1s_stage5_rows,0.0,SI206_shuffled,11,52
speed_1s_stage5_col1_mean,0.020697425272202738,SI206_shuffled,11,52
speed_1s_stage5_col1_std_over_mean,0.023124979525724475,SI206_shuffled,11,52
speed_1s_stage5_col2_mean,0.009025089778808492,SI206_shuffled,11,52
speed_1s_stage5_col2_std_over_mean,0.015828578251360775,SI206_shuffled,11,52
speed_10s_avg_rows,0.020495295118992618,SI206_shuffled,11,52
speed_10s_avg_stage2_rows,0.005544286112555657,SI206_shuffled,11,52
speed_10s_avg_stage2_col1_mean,0.020394505851620733,SI206_shuffled,11,52
speed_10s_avg_stage2_col1_std_over_mean,0.006512673293995348,SI206_shuffled,11,52
speed_10s_avg_stage2_col2_mean,0.008494511008043831,SI206_shuffled,11,52
speed_10s_avg_stage2_col2_std_over_mean,0.015972149164596484,SI206_shuffled,11,52
speed_10s_avg_stage3_rows,0.005176293017037587,SI206_shuffled,11,52
speed_10s_avg_stage3_col1_mean,0.029766382335966127,SI206_shuffled,11,52
speed_10s_avg_stage3_col1_std_over_mean,0.006941594842905227,SI206_shuffled,11,52
speed_10s_avg_stage3_col2_mean,0.02417715681930808,SI206_shuffled,11,52
speed_10s_avg_stage3_col2_std_over_mean,0.04058426844975666,SI206_shuffled,11,52
speed_10s_avg_stage4_rows,0.004948079492984775,SI206_shuffled,11,52
speed_10s_avg_stage4_col1_mean,0.020578527768744425,SI206_shuffled,11,52
speed_10s_avg_stage4_col1_std_over_mean,0.026499886222721324,SI206_shuffled,11,52
speed_10s_avg_stage4_col2_mean,0.010891042691782699,SI206_shuffled,11,52
speed_10s_avg_stage4_col2_std_over_mean,0.016383865201448314,SI206_shuffled,11,52
speed_10s_avg_stage5_rows,0.0,SI206_shuffled,11,52
speed_10s_avg_stage5_col1_mean,0.01840955465409361,SI206_shuffled,11,52
speed_10s_avg_stage5_col1_std_over_mean,0.04490170856355726,SI206_shuffled,11,52
speed_10s_avg_stage5_col2_mean,0.007475370690851205,SI206_shuffled,11,52
speed_10s_avg_stage5_col2_std_over_mean,0.011156557057813966,SI206_shuffled,11,52
stage_2_frames,0.08120396601807182,SI206_shuffled,12,53
stage_3_frames,0.005938123376354924,SI206_shuffled,12,53
stage_4_frames,0.009218788968875357,SI206_shuffled,12,53
stage_5_frames,0.008391941075592314,SI206_shuffled,12,53
roam_mean,0.0070212101462821105,SI206_shuffled,12,53
roam_std_over_mean,0.07367327943184392,SI206_shuffled,12,53
roam_early_mean,0.015092021796249121,SI206_shuffled,12,53
roam_mid_mean,0.04163165330176753,SI206_shuffled,12,53
roam_late_mean,0.008089125764658653,SI206_shuffled,12,53
roam_slope,0.05670054260400267,SI206_shuffled,12,53
speed_1s_rows,0.01636143016252826,SI206_shuffled,12,53
speed_1s_stage2_rows,0.00724959233014455,SI206_shuffled,12,53
speed_1s_stage2_col1_mean,0.029736544638782014,SI206_shuffled,12,53
speed_1s_stage2_col1_std_over_mean,0.0067999589777396055,SI206_shuffled,12,53
speed_1s_stage2_col2_mean,0.0056691886443720075,SI206_shuffled,12,53
speed_1s_stage2_col2_std_over_mean,0.0056418003414409916,SI206_shuffled,12,53
speed_1s_stage3_rows,0.0059332809613142365,SI206_shuffled,12,53
speed_1s_stage3_col1_mean,0.018019814038338265,SI206_shuffled,12,53
speed_1s_stage3_col1_std_over_mean,0.014153853138209738,SI206_shuffled,12,53
speed_1s_stage3_col2_mean,0.012024659563175446,SI206_shuffled,12,53
speed_1s_stage3_col2_std_over_mean,0.021015582964493164,SI206_shuffled,12,53
speed_1s_stage4_rows,0.010424228271201283,SI206_shuffled,12,53
speed_1s_stage4_col1_mean,0.05298058724113085,SI206_shuffled,12,53
speed_1s_stage4_col1_std_over_mean,0.025804894359522428,SI206_shuffled,12,53
speed_1s_stage4_col2_mean,0.013477425766505213,SI206_shuffled,12,53
speed_1s_stage4_col2_std_over_mean,0.02730862961846908,SI206_shuffled,12,53
speed_1s_stage5_rows,1.3783597518952428e-05,SI206_shuffled,12,53
speed_1s_stage5_col1_mean,0.02445966754400673,SI206_shuffled,12,53
speed_1s_stage5_col1_std_over_mean,0.015748505663475416,SI206_shuffled,12,53
speed_1s_stage5_col2_mean,0.008319749438122553,SI206_shuffled,12,53
speed_1s_stage5_col2_std_over_mean,0.023778308545199342,SI206_shuffled,12,53
speed_10s_avg_rows,0.01257703579051314,SI206_shuffled,12,53
speed_10s_avg_stage2_rows,0.005745419807684217,SI206_shuffled,12,53
speed_10s_avg_stage2_col1_mean,0.030472490079211514,SI206_shuffled,12,53
speed_10s_avg_stage2_col1_std_over_mean,0.01162862794053344,SI206_shuffled,12,53
speed_10s_avg_stage2_col2_mean,0.0048703377753448835,SI206_shuffled,12,53
speed_10s_avg_stage2_col2_std_over_mean,0.010842628411345203,SI206_shuffled,12,53
speed_10s_avg_stage3_rows,0.006496339481853913,SI206_shuffled,12,53
speed_10s_avg_stage3_col1_mean,0.023921034535723914,SI206_shuffled,12,53
speed_10s_avg_stage3_col1_std_over_mean,0.010518651748370583,SI206_shuffled,12,53
speed_10s_avg_stage3_col2_mean,0.012981483805673577,SI206_shuffled,12,53
speed_10s_avg_stage3_col2_std_over_mean,0.013617363188306175,SI206_shuffled,12,53
speed_10s_avg_stage4_rows,0.005719653564460477,SI206_shuffled,12,53
speed_10s_avg_stage4_col1_mean,0.04918533420189258,SI206_shuffled,12,53
speed_10s_avg_stage4_col1_std_over_mean,0.027417997963121797,SI206_shuffled,12,53
speed_10s_avg_stage4_col2_mean,0.011400457528445406,SI206_shuffled,12,53
speed_10s_avg_stage4_col2_std_over_mean,0.04572052146479116,SI206_shuffled,12,53
speed_10s_avg_stage5_rows,0.0,SI206_shuffled,12,53
speed_10s_avg_stage5_col1_mean,0.021745393391897794,SI206_shuffled,12,53
speed_10s_avg_stage5_col1_std_over_mean,0.018896184255707434,SI206_shuffled,12,53
speed_10s_avg_stage5_col2_mean,0.011110065582677166,SI206_shuffled,12,53
speed_10s_avg_stage5_col2_std_over_mean,0.013250841193057007,SI206_shuffled,12,53
stage_2_frames,0.04103326433476104,SI206_shuffled,13,54
stage_3_frames,0.004407663065796136,SI206_shuffled,13,54
stage_4_frames,0.004344116996773161,SI206_shuffled,13,54
stage_5_frames,0.011189194203921692,SI206_shuffled,13,54
roam_mean,0.005487189386437287,SI206_shuffled,13,54
roam_std_over_mean,0.026828393770298962,SI206_shuffled,13,54
roam_early_mean,0.010938143691442553,SI206_shuffled,13,54
roam_mid_mean,0.05522305505566028,SI206_shuffled,13,54
roam_late_mean,0.011270826783016363,SI206_shuffled,13,54
roam_slope,0.03305804267576207,SI206_shuffled,13,54
speed_1s_rows,0.010622212658955433,SI206_shuffled,13,54
speed_1s_stage2_rows,0.0061890747494974885,SI206_shuffled,13,54
speed_1s_stage2_col1_mean,0.035491506033538484,SI206_shuffled,13,54
speed_1s_stage2_col1_std_over_mean,0.012638476101114626,SI206_shuffled,13,54
speed_1s_stage2_col2_mean,0.011388520514912284,SI206_shuffled,13,54
speed_1s_stage2_col2_std_over_mean,0.022439805265290116,SI206_shuffled,13,54
speed_1s_stage3_rows,0.005013021371591643,SI206_shuffled,13,54
speed_1s_stage3_col1_mean,0.023341133558579204,SI206_shuffled,13,54
speed_1s_stage3_col1_std_over_mean,0.026872556783605908,SI206_shuffled,13,54
speed_1s_stage3_col2_mean,0.010963251765754882,SI206_shuffled,13,54
speed_1s_stage3_col2_std_over_mean,0.016386767117447663,SI206_shuffled,13,54
speed_1s_stage4_rows,0.00998430510551263,SI206_shuffled,13,54
speed_1s_stage4_col1_mean,0.035329554192585315,SI206_shuffled,13,54
speed_1s_stage4_col1_std_over_mean,0.02751361501337716,SI206_shuffled,13,54
speed_1s_stage4_col2_mean,0.007427597068275397,SI206_shuffled,13,54
speed_1s_stage4_col2_std_over_mean,0.019970846903454454,SI206_shuffled,13,54
speed_1s_stage5_rows,1.922066704692618e-05,SI206_shuffled,13,54
speed_1s_stage5_col1_mean,0.03528290223540857,SI206_shuffled,13,54
speed_1s_stage5_col1_std_over_mean,0.0375489252336222,SI206_shuffled,13,54
speed_1s_stage5_col2_mean,0.008815281077228898,SI206_shuffled,13,54
speed_1s_stage5_col2_std_over_mean,0.01594295623725705,SI206_shuffled,13,54
speed_10s_avg_rows,0.008078937994941332,SI206_shuffled,13,54
speed_10s_avg_stage2_rows,0.010879233951459547,SI206_shuffled,13,54
speed_10s_avg_stage2_col1_mean,0.03285043746075451,SI206_shuffled,13,54
speed_10s_avg_stage2_col1_std_over_mean,0.006641160467269398,SI206_shuffled,13,54
speed_10s_avg_stage2_col2_mean,0.009174390351234874,SI206_shuffled,13,54
speed_10s_avg_stage2_col2_std_over_mean,0.00881449166198189,SI206_shuffled,13,54
speed_10s_avg_stage3_rows,0.006813214980307709,SI206_shuffled,13,54
speed_10s_avg_stage3_col1_mean,0.024691961887249873,SI206_shuffled,13,54
speed_10s_avg_stage3_col1_std_over_mean,0.015331514592880449,SI206_shuffled,13,54
speed_10s_avg_stage3_col2_mean,0.010132335037193201,SI206_shuffled,13,54
speed_10s_avg_stage3_col2_std_over_mean,0.03285310929074681,SI206_shuffled,13,54
speed_10s_avg_stage4_rows,0.01018432141766919,SI206_shuffled,13,54
speed_10s_avg_stage4_col1_mean,0.03792909369440477,SI206_shuffled,13,54
speed_10s_avg_stage4_col1_std_over_mean,0.020824601904647813,SI206_shuffled,13,54
speed_10s_avg_stage4_col2_mean,0.010762477103372182,SI206_shuffled,13,54
speed_10s_avg_stage4_col2_std_over_mean,0.06111869961490299,SI206_shuffled,13,54
speed_10s_avg_stage5_rows,2.0205847066995557e-05,SI206_shuffled,13,54
speed_10s_avg_stage5_col1_mean,0.05153627335766613,SI206_shuffled,13,54
speed_10s_avg_stage5_col1_std_over_mean,0.04419526501032113,SI206_shuffled,13,54
speed_10s_avg_stage5_col2_mean,0.007522786553207947,SI206_shuffled,13,54
speed_10s_avg_stage5_col2_std_over_mean,0.0066840682027955135,SI206_shuffled,13,54
stage_2_frames,0.0977666452147676,SI206_shuffled,14,55
stage_3_frames,0.014005207350370977,SI206_shuffled,14,55
stage_4_frames,0.010139362400053786,SI206_shuffled,14,55
stage_5_frames,0.006555464816600391,SI206_shuffled,14,55
roam_mean,0.007720798854831991,SI206_shuffled,14,55
roam_std_over_mean,0.026381788309884947,SI206_shuffled,14,55
roam_early_mean,0.011751333594207729,SI206_shuffled,14,55
roam_mid_mean,0.019309810258119786,SI206_shuffled,14,55
roam_late_mean,0.011165898351869775,SI206_shuffled,14,55
roam_slope,0.04755189137517947,SI206_shuffled,14,55
speed_1s_rows,0.026245699957800277,SI206_shuffled,14,55
speed_1s_stage2_rows,0.011485511368514072,SI206_shuffled,14,55
speed_1s_stage2_col1_mean,0.022624724801002527,SI206_shuffled,14,55
speed_1s_stage2_col1_std_over_mean,0.007303404901156978,SI206_shuffled,14,55
speed_1s_stage2_col2_mean,0.0073966411718991406,SI206_shuffled,14,55
speed_1s_stage2_col2_std_over_mean,0.023263050318769008,SI206_shuffled,14,55
speed_1s_stage3_rows,0.007535443660029511,SI206_shuffled,14,55
speed_1s_stage3_col1_mean,0.01823336899955149,SI206_shuffled,14,55
speed_1s_stage3_col1_std_over_mean,0.01424148211253037,SI206_shuffled,14,55
speed_1s_stage3_col2_mean,0.019261245128306154,SI206_shuffled,14,55
speed_1s_stage3_col2_std_over_mean,0.023079248721635512,SI206_shuffled,14,55
speed_1s_stage4_rows,0.010613815929124625,SI206_shuffled,14,55
speed_1s_stage4_col1_mean,0.038930612722772096,SI206_shuffled,14,55
speed_1s_stage4_col1_std_over_mean,0.02558880438800085,SI206_shuffled,14,55
speed_1s_stage4_col2_mean,0.010325012404608556,SI206_shuffled,14,55
speed_1s_stage4_col2_std_over_mean,0.007740808452644732,SI206_shuffled,14,55
speed_1s_stage5_rows,3.290831581855395e-05,SI206_shuffled,14,55
speed_1s_stage5_col1_mean,0.06952217665659319,SI206_shuffled,14,55
speed_1s_stage5_col1_std_over_mean,0.022762883009428542,SI206_shuffled,14,55
speed_1s_stage5_col2_mean,0.006869389157297214,SI206_shuffled,14,55
speed_1s_stage5_col2_std_over_mean,0.014950673513428164,SI206_shuffled,14,55
speed_10s_avg_rows,0.0303181523704915,SI206_shuffled,14,55
speed_10s_avg_stage2_rows,0.011040489911578131,SI206_shuffled,14,55
speed_10s_avg_stage2_col1_mean,0.02520664805694698,SI206_shuffled,14,55
speed_10s_avg_stage2_col1_std_over_mean,0.005714932323620793,SI206_shuffled,14,55
speed_10s_avg_stage2_col2_mean,0.008048376671730209,SI206_shuffled,14,55
speed_10s_avg_stage2_col2_std_over_mean,0.004072249815057757,SI206_shuffled,14,55
speed_10s_avg_stage3_rows,0.008816135323333286,SI206_shuffled,14,55
speed_10s_avg_stage3_col1_mean,0.014403150419929605,SI206_shuffled,14,55
speed_10s_avg_stage3_col1_std_over_mean,0.006782857835764786,SI206_shuffled,14,55
speed_10s_avg_stage3_col2_mean,0.011266483470432997,SI206_shuffled,14,55
speed_10s_avg_stage3_col2_std_over_mean,0.019877903666158058,SI206_shuffled,14,55
speed_10s_avg_stage4_rows,0.008375222497859025,SI206_shuffled,14,55
speed_10s_avg_stage4_col1_mean,0.029044681044325033,SI206_shuffled,14,55
speed_10s_avg_stage4_col1_std_over_mean,0.020036184628641044,SI206_shuffled,14,55
speed_10s_avg_stage4_col2_mean,0.011261151837929839,SI206_shuffled,14,55
speed_10s_avg_stage4_col2_std_over_mean,0.024893592543187418,SI206_shuffled,14,55
speed_10s_avg_stage5_rows,2.1031876437725982e-05,SI206_shuffled,14,55
speed_10s_avg_stage5_col1_mean,0.08444024083346906,SI206_shuffled,14,55
speed_10s_avg_stage5_col1_std_over_mean,0.01897848806710777,SI206_shuffled,14,55
speed_10s_avg_stage5_col2_mean,0.008276676417686877,SI206_shuffled,14,55
speed_10s_avg_stage5_col2_std_over_mean,0.008770244171514095,SI206_shuffled,14,55
stage_2_frames,0.05620611241246487,SI206_shuffled,15,56
stage_3_frames,0.015245404933156874,SI206_shuffled,15,56
stage_4_frames,0.004851501054144631,SI206_shuffled,15,56
stage_5_frames,0.006140364158684205,SI206_shuffled,15,56
roam_mean,0.007390322886145794,SI206_shuffled,15,56
roam_std_over_mean,0.04563732859891953,SI206_shuffled,15,56
roam_early_mean,0.021890328123316292,SI206_shuffled,15,56
roam_mid_mean,0.022788214162731635,SI206_shuffled,15,56
roam_late_mean,0.02182584317027753,SI206_shuffled,15,56
roam_slope,0.07454710713538995,SI206_shuffled,15,56
speed_1s_rows,0.015906617768868744,SI206_shuffled,15,56
speed_1s_stage2_rows,0.012360549857028669,SI206_shuffled,15,56
speed_1s_stage2_col1_mean,0.02521076736112795,SI206_shuffled,15,56
speed_1s_stage2_col1_std_over_mean,0.0097015966735614,SI206_shuffled,15,56
speed_1s_stage2_col2_mean,0.010957370888871637,SI206_shuffled,15,56
speed_1s_stage2_col2_std_over_mean,0.0268795866321716,SI206_shuffled,15,56
speed_1s_stage3_rows,0.008151958060147912,SI206_shuffled,15,56
speed_1s_stage3_col1_mean,0.017768118889382813,SI206_shuffled,15,56
speed_1s_stage3_col1_std_over_mean,0.013518780090493973,SI206_shuffled,15,56
speed_1s_stage3_col2_mean,0.01594548996857298,SI206_shuffled,15,56
speed_1s_stage3_col2_std_over_mean,0.023611956097333364,SI206_shuffled,15,56
speed_1s_stage4_rows,0.006889047363072997,SI206_shuffled,15,56
speed_1s_stage4_col1_mean,0.04813642475544181,SI206_shuffled,15,56
speed_1s_stage4_col1_std_over_mean,0.008292418787056506,SI206_shuffled,15,56
speed_1s_stage4_col2_mean,0.005182498795332907,SI206_shuffled,15,56
speed_1s_stage4_col2_std_over_mean,0.015709862199396313,SI206_shuffled,15,56
speed_1s_stage5_rows,0.0003788089056665056,SI206_shuffled,15,56
speed_1s_stage5_col1_mean,0.01538644464448516,SI206_shuffled,15,56
speed_1s_stage5_col1_std_over_mean,0.017084565582984636,SI206_shuffled,15,56
speed_1s_stage5_col2_mean,0.015322802911927074,SI206_shuffled,15,56
speed_1s_stage5_col2_std_over_mean,0.09171410262537233,SI206_shuffled,15,56
speed_10s_avg_rows,0.017293464131276554,SI206_shuffled,15,56
speed_10s_avg_stage2_rows,0.01641736265612792,SI206_shuffled,15,56
speed_10s_avg_stage2_col1_mean,0.019196429813803484,SI206_shuffled,15,56
speed_10s_avg_stage2_col1_std_over_mean,0.006489963632418945,SI206_shuffled,15,56
speed_10s_avg_stage2_col2_mean,0.013663197238182916,SI206_shuffled,15,56
speed_10s_avg_stage2_col2_std_over_mean,0.014883559112673183,SI206_shuffled,15,56
speed_10s_avg_stage3_rows,0.007096097422552348,SI206_shuffled,15,56
speed_10s_avg_stage3_col1_mean,0.01837528731611143,SI206_shuffled,15,56
speed_10s_avg_stage3_col1_std_over_mean,0.007794786553546361,SI206_shuffled,15,56
speed_10s_avg_stage3_col2_mean,0.013108878011770651,SI206_shuffled,15,56
speed_10s_avg_stage3_col2_std_over_mean,0.016727781860415028,SI206_shuffled,15,56
speed_10s_avg_stage4_rows,0.004513957576915759,SI206_shuffled,15,56
speed_10s_avg_stage4_col1_mean,0.054651617383240196,SI206_shuffled,15,56
speed_10s_avg_stage4_col1_std_over_mean,0.017389838875275412,SI206_shuffled,15,56
speed_10s_avg_stage4_col2_mean,0.00867581167148021,SI206_shuffled,15,56
speed_10s_avg_stage4_col2_std_over_mean,0.012477742429891742,SI206_shuffled,15,56
speed_10s_avg_stage5_rows,1.475538340941577e-05,SI206_shuffled,15,56
speed_10s_avg_stage5_col1_mean,0.0208398583449453,SI206_shuffled,15,56
speed_10s_avg_stage5_col1_std_over_mean,0.020525804425007746,SI206_shuffled,15,56
speed_10s_avg_stage5_col2_mean,0.009426701916715333,SI206_shuffled,15,56
speed_10s_avg_stage5_col2_std_over_mean,0.019804808750711524,SI206_shuffled,15,56
stage_2_frames,0.04850118320912875,SI206_shuffled,16,57
stage_3_frames,0.016229871320465522,SI206_shuffled,16,57
stage_4_frames,0.0045246739574522545,SI206_shuffled,16,57
stage_5_frames,0.0065307216274793555,SI206_shuffled,16,57
roam_mean,0.014169404019766537,SI206_shuffled,16,57
roam_std_over_mean,0.07360035583995066,SI206_shuffled,16,57
roam_early_mean,0.014184416411331698,SI206_shuffled,16,57
roam_mid_mean,0.06272215768041978,SI206_shuffled,16,57
roam_late_mean,0.017889015725280132,SI206_shuffled,16,57
roam_slope,0.0626878684875659,SI206_shuffled,16,57
speed_1s_rows,0.016995907419326724,SI206_shuffled,16,57
speed_1s_stage2_rows,0.01601386953689227,SI206_shuffled,16,57
speed_1s_stage2_col1_mean,0.018635681003844978,SI206_shuffled,16,57
speed_1s_stage2_col1_std_over_mean,0.007101925327045661,SI206_shuffled,16,57
speed_1s_stage2_col2_mean,0.009177698373554533,SI206_shuffled,16,57
speed_1s_stage2_col2_std_over_mean,0.02943190396107063,SI206_shuffled,16,57
speed_1s_stage3_rows,0.007104039754257343,SI206_shuffled,16,57
speed_1s_stage3_col1_mean,0.008650538304153335,SI206_shuffled,16,57
speed_1s_stage3_col1_std_over_mean,0.016572371817217824,SI206_shuffled,16,57
speed_1s_stage3_col2_mean,0.012279132825576196,SI206_shuffled,16,57
speed_1s_stage3_col2_std_over_mean,0.023525444415170287,SI206_shuffled,16,57
speed_1s_stage4_rows,0.006146421409845426,SI206_shuffled,16,57
speed_1s_stage4_col1_mean,0.015164617216793524,SI206_shuffled,16,57
speed_1s_stage4_col1_std_over_mean,0.014227141437812214,SI206_shuffled,16,57
speed_1s_stage4_col2_mean,0.015477965869796849,SI206_shuffled,16,57
speed_1s_stage4_col2_std_over_mean,0.025588302193207926,SI206_shuffled,16,57
speed_1s_stage5_rows,0.00017221731829299402,SI206_shuffled,16,57
speed_1s_stage5_col1_mean,0.04155318053792983,SI206_shuffled,16,57
speed_1s_stage5_col1_std_over_mean,0.022579866835039944,SI206_shuffled,16,57
speed_1s_stage5_col2_mean,0.01705573777513609,SI206_shuffled,16,57
speed_1s_stage5_col2_std_over_mean,0.033600819874860896,SI206_shuffled,16,57
speed_10s_avg_rows,0.013358736158193212,SI206_shuffled,16,57
speed_10s_avg_stage2_rows,0.009082973552022219,SI206_shuffled,16,57
speed_10s_avg_stage2_col1_mean,0.021803894224377812,SI206_shuffled,16,57
speed_10s_avg_stage2_col1_std_over_mean,0.005641520343676421,SI206_shuffled,16,57
speed_10s_avg_stage2_col2_mean,0.013131722720840688,SI206_shuffled,16,57
speed_10s_avg_stage2_col2_std_over_mean,0.0069733352520687485,SI206_shuffled,16,57
speed_10s_avg_stage3_rows,0.004072462022410235,SI206_shuffled,16,57
speed_10s_avg_stage3_col1_mean,0.007767186888198233,SI206_shuffled,16,57
speed_10s_avg_stage3_col1_std_over_mean,0.017979876162665543,SI206_shuffled,16,57
speed_10s_avg_stage3_col2_mean,0.01180233948848759,SI206_shuffled,16,57
speed_10s_avg_stage3_col2_std_over_mean,0.02018030264173708,SI206_shuffled,16,57
speed_10s_avg_stage4_rows,0.002754535840867106,SI206_shuffled,16,57
speed_10s_avg_stage4_col1_mean,0.022940105656926266,SI206_shuffled,16,57
speed_10s_avg_stage4_col1_std_over_mean,0.01278155121075134,SI206_shuffled,16,57
speed_10s_avg_stage4_col2_mean,0.011667037614894854,SI206_shuffled,16,57
speed_10s_avg_stage4_col2_std_over_mean,0.04136470114145688,SI206_shuffled,16,57
speed_10s_avg_stage5_rows,0.00020010329290662629,SI206_shuffled,16,57
speed_10s_avg_stage5_col1_mean,0.03793567611592432,SI206_shuffled,16,57
speed_10s_avg_stage5_col1_std_over_mean,0.03419413801654272,SI206_shuffled,16,57
speed_10s_avg_stage5_col2_mean,0.016358129014237294,SI206_shuffled,16,57
speed_10s_avg_stage5_col2_std_over_mean,0.00991522115514875,SI206_shuffled,16,57
stage_2_frames,0.04980880814622226,SI206_shuffled,17,58
stage_3_frames,0.016575855283628017,SI206_shuffled,17,58
stage_4_frames,0.00884999690178452,SI206_shuffled,17,58
stage_5_frames,0.00544470542197761,SI206_shuffled,17,58
roam_mean,0.008744854562907993,SI206_shuffled,17,58
roam_std_over_mean,0.06146553925269064,SI206_shuffled,17,58
roam_early_mean,0.021174541987477653,SI206_shuffled,17,58
roam_mid_mean,0.031052498539615787,SI206_shuffled,17,58
roam_late_mean,0.016709610937741537,SI206_shuffled,17,58
roam_slope,0.059280316145978534,SI206_shuffled,17,58
speed_1s_rows,0.02141457936865632,SI206_shuffled,17,58
speed_1s_stage2_rows,0.017024454065975102,SI206_shuffled,17,58
speed_1s_stage2_col1_mean,0.01789832928083445,SI206_shuffled,17,58
speed_1s_stage2_col1_std_over_mean,0.00959300590254279,SI206_shuffled,17,58
speed_1s_stage2_col2_mean,0.009238050602325796,SI206_shuffled,17,58
speed_1s_stage2_col2_std_over_mean,0.019295492641035833,SI206_shuffled,17,58
speed_1s_stage3_rows,0.008185196681000751,SI206_shuffled,17,58
speed_1s_stage3_col1_mean,0.021209717602379094,SI206_shuffled,17,58
speed_1s_stage3_col1_std_over_mean,0.02617944726628686,SI206_shuffled,17,58
speed_1s_stage3_col2_mean,0.014234513860063344,SI206_shuffled,17,58
speed_1s_stage3_col2_std_over_mean,0.01896731926863416,SI206_shuffled,17,58
speed_1s_stage4_rows,0.004719284308585863,SI206_shuffled,17,58
speed_1s_stage4_col1_mean,0.029873350324294397,SI206_shuffled,17,58
speed_1s_stage4_col1_std_over_mean,0.00891719575930044,SI206_shuffled,17,58
speed_1s_stage4_col2_mean,0.010006123283085599,SI206_shuffled,17,58
speed_1s_stage4_col2_std_over_mean,0.01690454035707975,SI206_shuffled,17,58
speed_1s_stage5_rows,0.00037823483071797886,SI206_shuffled,17,58
speed_1s_stage5_col1_mean,0.03618915623450547,SI206_shuffled,17,58
speed_1s_stage5_col1_std_over_mean,0.021230844696421114,SI206_shuffled,17,58
speed_1s_stage5_col2_mean,0.009324237908656828,SI206_shuffled,17,58
speed_1s_stage5_col2_std_over_mean,0.01816676339262967,SI206_shuffled,17,58
speed_10s_avg_rows,0.023453720861808393,SI206_shuffled,17,58
speed_10s_avg_stage2_rows,0.012255185092124365,SI206_shuffled,17,58
speed_10s_avg_stage2_col1_mean,0.01588014815196529,SI206_shuffled,17,58
speed_10s_avg_stage2_col1_std_over_mean,0.005200779297214103,SI206_shuffled,17,58
speed_10s_avg_stage2_col2_mean,0.011983872123515628,SI206_shuffled,17,58
speed_10s_avg_stage2_col2_std_over_mean,0.006382850582578581,SI206_shuffled,17,58
speed_10s_avg_stage3_rows,0.009343762975683644,SI206_shuffled,17,58
speed_10s_avg_stage3_col1_mean,0.023502082162034844,SI206_shuffled,17,58
speed_10s_avg_stage3_col1_std_over_mean,0.011494009606799053,SI206_shuffled,17,58
speed_10s_avg_stage3_col2_mean,0.01290589508509126,SI206_shuffled,17,58
speed_10s_avg_stage3_col2_std_over_mean,0.025161590424509384,SI206_shuffled,17,58
speed_10s_avg_stage4_rows,0.0034371087554503628,SI206_shuffled,17,58
speed_10s_avg_stage4_col1_mean,0.028983593106062713,SI206_shuffled,17,58
speed_10s_avg_stage4_col1_std_over_mean,0.015475811442017854,SI206_shuffled,17,58
speed_10s_avg_stage4_col2_mean,0.008769402065968863,SI206_shuffled,17,58
speed_10s_avg_stage4_col2_std_over_mean,0.01393177484449837,SI206_shuffled,17,58
speed_10s_avg_stage5_rows,0.00023460992072898664,SI206_shuffled,17,58
speed_10s_avg_stage5_col1_mean,0.03492841949968214,SI206_shuffled,17,58
speed_10s_avg_stage5_col1_std_over_mean,0.1019506712912839,SI206_shuffled,17,58
speed_10s_avg_stage5_col2_mean,0.008702697201667909,SI206_shuffled,17,58
speed_10s_avg_stage5_col2_std_over_mean,0.007965450694278153,SI206_shuffled,17,58
stage_2_frames,0.02294946110824403,SI206_shuffled,18,59
stage_3_frames,0.013207561285224928,SI206_shuffled,18,59
stage_4_frames,0.009950823380786919,SI206_shuffled,18,59
stage_5_frames,0.005742677269067351,SI206_shuffled,18,59
roam_mean,0.0072463946961265156,SI206_shuffled,18,59
roam_std_over_mean,0.03545113477624913,SI206_shuffled,18,59
roam_early_mean,0.0064924946332030825,SI206_shuffled,18,59
roam_mid_mean,0.056756490133533656,SI206_shuffled,18,59
roam_late_mean,0.011695130183805923,SI206_shuffled,18,59
roam_slope,0.08519144009593331,SI206_shuffled,18,59
speed_1s_rows,0.011498039684648693,SI206_shuffled,18,59
speed_1s_stage2_rows,0.016159016927750448,SI206_shuffled,18,59
speed_1s_stage2_col1_mean,0.02064731092691085,SI206_shuffled,18,59
speed_1s_stage2_col1_std_over_mean,0.010088384725308553,SI206_shuffled,18,59
speed_1s_stage2_col2_mean,0.004136623255806268,SI206_shuffled,18,59
speed_1s_stage2_col2_std_over_mean,0.013876885083791937,SI206_shuffled,18,59
speed_1s_stage3_rows,0.0074341176936382515,SI206_shuffled,18,59
speed_1s_stage3_col1_mean,0.01671998908321648,SI206_shuffled,18,59
speed_1s_stage3_col1_std_over_mean,0.014791494103935123,SI206_shuffled,18,59
speed_1s_stage3_col2_mean,0.014206873956039583,SI206_shuffled,18,59
speed_1s_stage3_col2_std_over_mean,0.012970375380655963,SI206_shuffled,18,59
speed_1s_stage4_rows,0.006196282359928491,SI206_shuffled,18,59
speed_1s_stage4_col1_mean,0.06386656303850359,SI206_shuffled,18,59
speed_1s_stage4_col1_std_over_mean,0.011447794022229785,SI206_shuffled,18,59
speed_1s_stage4_col2_mean,0.010542517210536664,SI206_shuffled,18,59
speed_1s_stage4_col2_std_over_mean,0.024017127256792094,SI206_shuffled,18,59
speed_1s_stage5_rows,0.00012671861555022272,SI206_shuffled,18,59
speed_1s_stage5_col1_mean,0.03303899917497157,SI206_shuffled,18,59
speed_1s_stage5_col1_std_over_mean,0.02366924851102494,SI206_shuffled,18,59
speed_1s_stage5_col2_mean,0.005028519968030026,SI206_shuffled,18,59
speed_1s_stage5_col2_std_over_mean,0.04056231886455793,SI206_shuffled,18,59
speed_10s_avg_rows,0.007615614268517961,SI206_shuffled,18,59
speed_10s_avg_stage2_rows,0.010288006550683905,SI206_shuffled,18,59
speed_10s_avg_stage2_col1_mean,0.01570361643594925,SI206_shuffled,18,59
speed_10s_avg_stage2_col1_std_over_mean,0.010323268316430888,SI206_shuffled,18,59
speed_10s_avg_stage2_col2_mean,0.005906256560101322,SI206_shuffled,18,59
speed_10s_avg_stage2_col2_std_over_mean,0.007834904351337763,SI206_shuffled,18,59
speed_10s_avg_stage3_rows,0.010398155504752756,SI206_shuffled,18,59
speed_10s_avg_stage3_col1_mean,0.021993554307690278,SI206_shuffled,18,59
speed_10s_avg_stage3_col1_std_over_mean,0.004701667614712296,SI206_shuffled,18,59
speed_10s_avg_stage3_col2_mean,0.012609250413162526,SI206_shuffled,18,59
speed_10s_avg_stage3_col2_std_over_mean,0.015547720452483746,SI206_shuffled,18,59
speed_10s_avg_stage4_rows,0.008557656891122012,SI206_shuffled,18,59
speed_10s_avg_stage4_col1_mean,0.05021367165592468,SI206_shuffled,18,59
speed_10s_avg_stage4_col1_std_over_mean,0.016415068543983977,SI206_shuffled,18,59
speed_10s_avg_stage4_col2_mean,0.0122168887628656,SI206_shuffled,18,59
speed_10s_avg_stage4_col2_std_over_mean,0.07445872137985404,SI206_shuffled,18,59
speed_10s_avg_stage5_rows,0.0003241261925719443,SI206_shuffled,18,59
speed_10s_avg_stage5_col1_mean,0.0348533579413848,SI206_shuffled,18,59
speed_10s_avg_stage5_col1_std_over_mean,0.03839799280953944,SI206_shuffled,18,59
speed_10s_avg_stage5_col2_mean,0.01399201875640526,SI206_shuffled,18,59
speed_10s_avg_stage5_col2_std_over_mean,0.011939674884523294,SI206_shuffled,18,59
stage_2_frames,0.11200959620334852,SI206_shuffled,19,60
stage_3_frames,0.004582074452043099,SI206_shuffled,19,60
stage_4_frames,0.008522980482172066,SI206_shuffled,19,60
stage_5_frames,0.006491897456942335,SI206_shuffled,19,60
roam_mean,0.0069547251147869475,SI206_shuffled,19,60
roam_std_over_mean,0.0990451091798437,SI206_shuffled,19,60
roam_early_mean,0.00984767623042592,SI206_shuffled,19,60
roam_mid_mean,0.037739779710746,SI206_shuffled,19,60
roam_late_mean,0.014372435419212874,SI206_shuffled,19,60
roam_slope,0.05682074249479324,SI206_shuffled,19,60
speed_1s_rows,0.015495348608424503,SI206_shuffled,19,60
speed_1s_stage2_rows,0.005687046636309522,SI206_shuffled,19,60
speed_1s_stage2_col1_mean,0.009972862152732121,SI206_shuffled,19,60
speed_1s_stage2_col1_std_over_mean,0.008582383329722578,SI206_shuffled,19,60
speed_1s_stage2_col2_mean,0.012044664842270281,SI206_shuffled,19,60
speed_1s_stage2_col2_std_over_mean,0.04142697266098669,SI206_shuffled,19,60
speed_1s_stage3_rows,0.00989855607679807,SI206_shuffled,19,60
speed_1s_stage3_col1_mean,0.014555305941592227,SI206_shuffled,19,60
speed_1s_stage3_col1_std_over_mean,0.022673531649560496,SI206_shuffled,19,60
speed_1s_stage3_col2_mean,0.00699370480247242,SI206_shuffled,19,60
speed_1s_stage3_col2_std_over_mean,0.034960345288676246,SI206_shuffled,19,60
speed_1s_stage4_rows,0.005007917696727113,SI206_shuffled,19,60
speed_1s_stage4_col1_mean,0.03673273301586391,SI206_shuffled,19,60
speed_1s_stage4_col1_std_over_mean,0.008810143822020685,SI206_shuffled,19,60
speed_1s_stage4_col2_mean,0.011727859144153554,SI206_shuffled,19,60
speed_1s_stage4_col2_std_over_mean,0.02147496729957611,SI206_shuffled,19,60
speed_1s_stage5_rows,0.0,SI206_shuffled,19,60
speed_1s_stage5_col1_mean,0.03126984492483122,SI206_shuffled,19,60
speed_1s_stage5_col1_std_over_mean,0.018429811916061623,SI206_shuffled,19,60
speed_1s_stage5_col2_mean,0.007051910668967318,SI206_shuffled,19,60
speed_1s_stage5_col2_std_over_mean,0.014447861175246303,SI206_shuffled,19,60
speed_10s_avg_rows,0.009674537053747146,SI206_shuffled,19,60
speed_10s_avg_stage2_rows,0.003714335806978367,SI206_shuffled,19,60
speed_10s_avg_stage2_col1_mean,0.014550597799766472,SI206_shuffled,19,60
speed_10s_avg_stage2_col1_std_over_mean,0.013194045402754508,SI206_shuffled,19,60
speed_10s_avg_stage2_col2_mean,0.01235964076073711,SI206_shuffled,19,60
speed_10s_avg_stage2_col2_std_over_mean,0.015298180290819498,SI206_shuffled,19,60
speed_10s_avg_stage3_rows,0.009081133140456006,SI206_shuffled,19,60
speed_10s_avg_stage3_col1_mean,0.019190319743948546,SI206_shuffled,19,60
speed_10s_avg_stage3_col1_std_over_mean,0.010260562856255241,SI206_shuffled,19,60
speed_10s_avg_stage3_col2_mean,0.011613106942277091,SI206_shuffled,19,60
speed_10s_avg_stage3_col2_std_over_mean,0.01118558528968009,SI206_shuffled,19,60
speed_10s_avg_stage4_rows,0.0073765965598114195,SI206_shuffled,19,60
speed_10s_avg_stage4_col1_mean,0.03973955110065606,SI206_shuffled,19,60
speed_10s_avg_stage4_col1_std_over_mean,0.02481258263789134,SI206_shuffled,19,60
speed_10s_avg_stage4_col2_mean,0.011484893485760749,SI206_shuffled,19,60
speed_10s_avg_stage4_col2_std_over_mean,0.023757356904200676,SI206_shuffled,19,60
speed_10s_avg_stage5_rows,0.00020055852891920638,SI206_shuffled,19,60
speed_10s_avg_stage5_col1_mean,0.02925381925034954,SI206_shuffled,19,60
speed_10s_avg_stage5_col1_std_over_mean,0.023033591844014704,SI206_shuffled,19,60
speed_10s_avg_stage5_col2_mean,0.007039793489249663,SI206_shuffled,19,60
speed_10s_avg_stage5_col2_std_over_mean,0.009548422714418992,SI206_shuffled,19,60
stage_2_frames,0.03243312553429339,SI206_shuffled,20,61
stage_3_frames,0.027574046549297872,SI206_shuffled,20,61
stage_4_frames,0.0071402694459300605,SI206_shuffled,20,61
stage_5_frames,0.008553723725730043,SI206_shuffled,20,61
roam_mean,0.007702818137813027,SI206_shuffled,20,61
roam_std_over_mean,0.09096419577335886,SI206_shuffled,20,61
roam_early_mean,0.010837746967336555,SI206_shuffled,20,61
roam_mid_mean,0.01684505922200571,SI206_shuffled,20,61
roam_late_mean,0.00950801073895351,SI206_shuffled,20,61
roam_slope,0.0610425171863054,SI206_shuffled,20,61
speed_1s_rows,0.018798830840486582,SI206_shuffled,20,61
speed_1s_stage2_rows,0.023722423379688544,SI206_shuffled,20,61
speed_1s_stage2_col1_mean,0.013257500573716333,SI206_shuffled,20,61
speed_1s_stage2_col1_std_over_mean,0.01336557822169481,SI206_shuffled,20,61
speed_1s_stage2_col2_mean,0.012702797798687446,SI206_shuffled,20,61
speed_1s_stage2_col2_std_over_mean,0.0232831155740669,SI206_shuffled,20,61
speed_1s_stage3_rows,0.005302791561911145,SI206_shuffled,20,61
speed_1s_stage3_col1_mean,0.019281017513422767,SI206_shuffled,20,61
speed_1s_stage3_col1_std_over_mean,0.022267129870827494,SI206_shuffled,20,61
speed_1s_stage3_col2_mean,0.009278513915425083,SI206_shuffled,20,61
speed_1s_stage3_col2_std_over_mean,0.030953031814223778,SI206_shuffled,20,61
speed_1s_stage4_rows,0.007736275320332012,SI206_shuffled,20,61
speed_1s_stage4_col1_mean,0.036459045306672475,SI206_shuffled,20,61
speed_1s_stage4_col1_std_over_mean,0.01089155592572902,SI206_shuffled,20,61
speed_1s_stage4_col2_mean,0.007925272853483479,SI206_shuffled,20,61
speed_1s_stage4_col2_std_over_mean,0.023651554981784575,SI206_shuffled,20,61
speed_1s_stage5_rows,2.2638192195871193e-05,SI206_shuffled,20,61
speed_1s_stage5_col1_mean,0.04777651653374412,SI206_shuffled,20,61
speed_1s_stage5_col1_std_over_mean,0.026416436949694703,SI206_shuffled,20,61
speed_1s_stage5_col2_mean,0.011435516696148786,SI206_shuffled,20,61
speed_1s_stage5_col2_std_over_mean,0.01381130652136898,SI206_shuffled,20,61
speed_10s_avg_rows,0.014538871708495984,SI206_shuffled,20,61
speed_10s_avg_stage2_rows,0.02589842653178761,SI206_shuffled,20,61
speed_10s_avg_stage2_col1_mean,0.01361891448586149,SI206_shuffled,20,61
speed_10s_avg_stage2_col1_std_over_mean,0.006932309151144903,SI206_shuffled,20,61
speed_10s_avg_stage2_col2_mean,0.015912608315177986,SI206_shuffled,20,61
speed_10s_avg_stage2_col2_std_over_mean,0.010371036560155648,SI206_shuffled,20,61
speed_10s_avg_stage3_rows,0.004606467468908803,SI206_shuffled,20,61
speed_10s_avg_stage3_col1_mean,0.020851485037986606,SI206_shuffled,20,61
speed_10s_avg_stage3_col1_std_over_mean,0.01250095567452147,SI206_shuffled,20,61
speed_10s_avg_stage3_col2_mean,0.01009804436129619,SI206_shuffled,20,61
speed_10s_avg_stage3_col2_std_over_mean,0.02538878712713574,SI206_shuffled,20,61
speed_10s_avg_stage4_rows,0.008198727208851078,SI206_shuffled,20,61
speed_10s_avg_stage4_col1_mean,0.028258455270362148,SI206_shuffled,20,61
speed_10s_avg_stage4_col1_std_over_mean,0.016669247865044475,SI206_shuffled,20,61
speed_10s_avg_stage4_col2_mean,0.005693057987942777,SI206_shuffled,20,61
speed_10s_avg_stage4_col2_std_over_mean,0.05899676404654049,SI206_shuffled,20,61
speed_10s_avg_stage5_rows,4.2207399566359137e-05,SI206_shuffled,20,61
speed_10s_avg_stage5_col1_mean,0.04128137230767243,SI206_shuffled,20,61
speed_10s_avg_stage5_col1_std_over_mean,0.016581216951008303,SI206_shuffled,20,61
speed_10s_avg_stage5_col2_mean,0.008136663288782158,SI206_shuffled,20,61
speed_10s_avg_stage5_col2_std_over_mean,0.004484017625427997,SI206_shuffled,20,61
stage_2_frames,0.048390154207884804,SI206_shuffled,21,62
stage_3_frames,0.02158615679377738,SI206_shuffled,21,62
stage_4_frames,0.00716406846815559,SI206_shuffled,21,62
stage_5_frames,0.009923335755239076,SI206_shuffled,21,62
roam_mean,0.011325451927213846,SI206_shuffled,21,62
roam_std_over_mean,0.053732404969673894,SI206_shuffled,21,62
roam_early_mean,0.010321393911484577,SI206_shuffled,21,62
roam_mid_mean,0.057538391448416576,SI206_shuffled,21,62
roam_late_mean,0.02761697320860078,SI206_shuffled,21,62
roam_slope,0.061418709338560654,SI206_shuffled,21,62
speed_1s_rows,0.01862442877138614,SI206_shuffled,21,62
speed_1s_stage2_rows,0.029350563916852965,SI206_shuffled,21,62
speed_1s_stage2_col1_mean,0.008031194237067664,SI206_shuffled,21,62
speed_1s_stage2_col1_std_over_mean,0.015149717856945456,SI206_shuffled,21,62
speed_1s_stage2_col2_mean,0.013947081222906256,SI206_shuffled,21,62
speed_1s_stage2_col2_std_over_mean,0.02095432767327979,SI206_shuffled,21,62
speed_1s_stage3_rows,0.011162947086374381,SI206_shuffled,21,62
speed_1s_stage3_col1_mean,0.015322396269397957,SI206_shuffled,21,62
speed_1s_stage3_col1_std_over_mean,0.008733646004492406,SI206_shuffled,21,62
speed_1s_stage3_col2_mean,0.01001150114034904,SI206_shuffled,21,62
speed_1s_stage3_col2_std_over_mean,0.01513571631517738,SI206_shuffled,21,62
speed_1s_stage4_rows,0.00473040802848195,SI206_shuffled,21,62
speed_1s_stage4_col1_mean,0.03829183805885466,SI206_shuffled,21,62
speed_1s_stage4_col1_std_over_mean,0.010159364501042024,SI206_shuffled,21,62
speed_1s_stage4_col2_mean,0.0059293183252266965,SI206_shuffled,21,62
speed_1s_stage4_col2_std_over_mean,0.012997925015669303,SI206_shuffled,21,62
speed_1s_stage5_rows,2.9386488459430756e-05,SI206_shuffled,21,62
speed_1s_stage5_col1_mean,0.048783431414049665,SI206_shuffled,21,62
speed_1s_stage5_col1_std_over_mean,0.00704570235714468,SI206_shuffled,21,62
speed_1s_stage5_col2_mean,0.009249048465701567,SI206_shuffled,21,62
speed_1s_stage5_col2_std_over_mean,0.016375613773141156,SI206_shuffled,21,62
speed_10s_avg_rows,0.023501968461160705,SI206_shuffled,21,62
speed_10s_avg_stage2_rows,0.017451130781221666,SI206_shuffled,21,62
speed_10s_avg_stage2_col1_mean,0.012420549887875486,SI206_shuffled,21,62
speed_10s_avg_stage2_col1_std_over_mean,0.006664227692071416,SI206_shuffled,21,62
speed_10s_avg_stage2_col2_mean,0.010005282649074042,SI206_shuffled,21,62
speed_10s_avg_stage2_col2_std_over_mean,0.008714226281617037,SI206_shuffled,21,62
speed_10s_avg_stage3_rows,0.004678348999046993,SI206_shuffled,21,62
speed_10s_avg_stage3_col1_mean,0.009315530451838997,SI206_shuffled,21,62
speed_10s_avg_stage3_col1_std_over_mean,0.007609293106649875,SI206_shuffled,21,62
speed_10s_avg_stage3_col2_mean,0.009772596946252104,SI206_shuffled,21,62
speed_10s_avg_stage3_col2_std_over_mean,0.026631342678224434,SI206_shuffled,21,62
speed_10s_avg_stage4_rows,0.006125040607442383,SI206_shuffled,21,62
speed_10s_avg_stage4_col1_mean,0.03477769577898608,SI206_shuffled,21,62
speed_10s_avg_stage4_col1_std_over_mean,0.012827321993828144,SI206_shuffled,21,62
speed_10s_avg_stage4_col2_mean,0.006377992153087065,SI206_shuffled,21,62
speed_10s_avg_stage4_col2_std_over_mean,0.02198248847709254,SI206_shuffled,21,62
speed_10s_avg_stage5_rows,5.929351773617226e-06,SI206_shuffled,21,62
speed_10s_avg_stage5_col1_mean,0.04287193675862111,SI206_shuffled,21,62
speed_10s_avg_stage5_col1_std_over_mean,0.08152357407681805,SI206_shuffled,21,62
speed_10s_avg_stage5_col2_mean,0.007775210721015194,SI206_shuffled,21,62
speed_10s_avg_stage5_col2_std_over_mean,0.019935715195295436,SI206_shuffled,21,62
stage_2_frames,0.05454053397953141,SI206_shuffled,22,63
stage_3_frames,0.024935911835759387,SI206_shuffled,22,63
stage_4_frames,0.009868654178558395,SI206_shuffled,22,63
stage_5_frames,0.004851560349070606,SI206_shuffled,22,63
roam_mean,0.010242061073452218,SI206_shuffled,22,63
roam_std_over_mean,0.054515801716492555,SI206_shuffled,22,63
roam_early_mean,0.015912480405516415,SI206_shuffled,22,63
roam_mid_mean,0.05925974339245991,SI206_shuffled,22,63
roam_late_mean,0.013984943220006596,SI206_shuffled,22,63
roam_slope,0.05661404989926716,SI206_shuffled,22,63
speed_1s_rows,0.023689133824000938,SI206_shuffled,22,63
speed_1s_stage2_rows,0.020026127521726896,SI206_shuffled,22,63
speed_1s_stage2_col1_mean,0.016892031879055497,SI206_shuffled,22,63
speed_1s_stage2_col1_std_over_mean,0.006333447709105665,SI206_shuffled,22,63
speed_1s_stage2_col2_mean,0.017827688451352814,SI206_shuffled,22,63
speed_1s_stage2_col2_std_over_mean,0.01228295477215391,SI206_shuffled,22,63
speed_1s_stage3_rows,0.00955816600230147,SI206_shuffled,22,63
speed_1s_stage3_col1_mean,0.016706419746765705,SI206_shuffled,22,63
speed_1s_stage3_col1_std_over_mean,0.014816515488740505,SI206_shuffled,22,63
speed_1s_stage3_col2_mean,0.010648709614519724,SI206_shuffled,22,63
speed_1s_stage3_col2_std_over_mean,0.020959753376289005,SI206_shuffled,22,63
speed_1s_stage4_rows,0.005617936952134675,SI206_shuffled,22,63
speed_1s_stage4_col1_mean,0.030018968512048428,SI206_shuffled,22,63
speed_1s_stage4_col1_std_over_mean,0.024677906846570067,SI206_shuffled,22,63
speed_1s_stage4_col2_mean,0.00868430748369147,SI206_shuffled,22,63
speed_1s_stage4_col2_std_over_mean,0.02019294664606838,SI206_shuffled,22,63
speed_1s_stage5_rows,1.2119167082155315e-05,SI206_shuffled,22,63
speed_1s_stage5_col1_mean,0.030909389985319034,SI206_shuffled,22,63
speed_1s_stage5_col1_std_over_mean,0.02030369528897905,SI206_shuffled,22,63
speed_1s_stage5_col2_mean,0.0067158767716615445,SI206_shuffled,22,63
speed_1s_stage5_col2_std_over_mean,0.012768688739695595,SI206_shuffled,22,63
speed_10s_avg_rows,0.025899728130204986,SI206_shuffled,22,63
speed_10s_avg_stage2_rows,0.02132096560461741,SI206_shuffled,22,63
speed_10s_avg_stage2_col1_mean,0.012923461703489646,SI206_shuffled,22,63
speed_10s_avg_stage2_col1_std_over_mean,0.010118617054281263,SI206_shuffled,22,63
speed_10s_avg_stage2_col2_mean,0.009122497381975169,SI206_shuffled,22,63
speed_10s_avg_stage2_col2_std_over_mean,0.009322854013083467,SI206_shuffled,22,63
speed_10s_avg_stage3_rows,0.010222289575467119,SI206_shuffled,22,63
speed_10s_avg_stage3_col1_mean,0.017989123631633148,SI206_shuffled,22,63
speed_10s_avg_stage3_col1_std_over_mean,0.013002163934081094,SI206_shuffled,22,63
speed_10s_avg_stage3_col2_mean,0.010301230861584788,SI206_shuffled,22,63
speed_10s_avg_stage3_col2_std_over_mean,0.01689650006278119,SI206_shuffled,22,63
speed_10s_avg_stage4_rows,0.0068302864120524005,SI206_shuffled,22,63
speed_10s_avg_stage4_col1_mean,0.02197984633361341,SI206_shuffled,22,63
speed_10s_avg_stage4_col1_std_over_mean,0.03960329339780882,SI206_shuffled,22,63
speed_10s_avg_stage4_col2_mean,0.006994386252955479,SI206_shuffled,22,63
speed_10s_avg_stage4_col2_std_over_mean,0.036693841535470846,SI206_shuffled,22,63
speed_10s_avg_stage5_rows,4.860169428033531e-05,SI206_shuffled,22,63
speed_10s_avg_stage5_col1_mean,0.048272990824700227,SI206_shuffled,22,63
speed_10s_avg_stage5_col1_std_over_mean,0.03123236022399919,SI206_shuffled,22,63
speed_10s_avg_stage5_col2_mean,0.006496612877459204,SI206_shuffled,22,63
speed_10s_avg_stage5_col2_std_over_mean,0.0103598236650837,SI206_shuffled,22,63
stage_2_frames,0.052350253121683774,SI206_shuffled,23,64
stage_3_frames,0.007387994349385986,SI206_shuffled,23,64
stage_4_frames,0.009110712700585211,SI206_shuffled,23,64
stage_5_frames,0.007715782865124123,SI206_shuffled,23,64
roam_mean,0.010108294715234686,SI206_shuffled,23,64
roam_std_over_mean,0.06797445049693981,SI206_shuffled,23,64
roam_early_mean,0.018209386490845306,SI206_shuffled,23,64
roam_mid_mean,0.034427708300340684,SI206_shuffled,23,64
roam_late_mean,0.015647133760518316,SI206_shuffled,23,64
roam_slope,0.04800730351698367,SI206_shuffled,23,64
speed_1s_rows,0.02018779453164764,SI206_shuffled,23,64
speed_1s_stage2_rows,0.009818116523326379,SI206_shuffled,23,64
speed_1s_stage2_col1_mean,0.049765070425604886,SI206_shuffled,23,64
speed_1s_stage2_col1_std_over_mean,0.010567132511854588,SI206_shuffled,23,64
speed_1s_stage2_col2_mean,0.010150644181666923,SI206_shuffled,23,64
speed_1s_stage2_col2_std_over_mean,0.03804661933076563,SI206_shuffled,23,64
speed_1s_stage3_rows,0.0091170041002445,SI206_shuffled,23,64
speed_1s_stage3_col1_mean,0.02678897298676307,SI206_shuffled,23,64
speed_1s_stage3_col1_std_over_mean,0.01654040541451221,SI206_shuffled,23,64
speed_1s_stage3_col2_mean,0.020481767593740874,SI206_shuffled,23,64
speed_1s_stage3_col2_std_over_mean,0.01714698137889241,SI206_shuffled,23,64
speed_1s_stage4_rows,0.00436935591468396,SI206_shuffled,23,64
speed_1s_stage4_col1_mean,0.03835478876801916,SI206_shuffled,23,64
speed_1s_stage4_col1_std_over_mean,0.008692900564877318,SI206_shuffled,23,64
speed_1s_stage4_col2_mean,0.009880143977093496,SI206_shuffled,23,64
speed_1s_stage4_col2_std_over_mean,0.019499036186972515,SI206_shuffled,23,64
speed_1s_stage5_rows,0.0,SI206_shuffled,23,64
speed_1s_stage5_col1_mean,0.02638283831416319,SI206_shuffled,23,64
speed_1s_stage5_col1_std_over_mean,0.01542242392818764,SI206_shuffled,23,64
speed_1s_stage5_col2_mean,0.013093175614075248,SI206_shuffled,23,64
speed_1s_stage5_col2_std_over_mean,0.022543796331397227,SI206_shuffled,23,64
speed_10s_avg_rows,0.0155210403487356,SI206_shuffled,23,64
speed_10s_avg_stage2_rows,0.006102412648431348,SI206_shuffled,23,64
speed_10s_avg_stage2_col1_mean,0.02727979383565111,SI206_shuffled,23,64
speed_10s_avg_stage2_col1_std_over_mean,0.011703317640194343,SI206_shuffled,23,64
speed_10s_avg_stage2_col2_mean,0.013259375791090409,SI206_shuffled,23,64
speed_10s_avg_stage2_col2_std_over_mean,0.010451062121974867,SI206_shuffled,23,64
speed_10s_avg_stage3_rows,0.011209196786911523,SI206_shuffled,23,64
speed_10s_avg_stage3_col1_mean,0.0252781572751184,SI206_shuffled,23,64
speed_10s_avg_stage3_col1_std_over_mean,0.010358530872497293,SI206_shuffled,23,64
speed_10s_avg_stage3_col2_mean,0.013575027623276321,SI206_shuffled,23,64
speed_10s_avg_stage3_col2_std_over_mean,0.018679070773153478,SI206_shuffled,23,64
speed_10s_avg_stage4_rows,0.006844915647916795,SI206_shuffled,23,64
speed_10s_avg_stage4_col1_mean,0.03445273187496861,SI206_shuffled,23,64
speed_10s_avg_stage4_col1_std_over_mean,0.012704802827401754,SI206_shuffled,23,64
speed_10s_avg_stage4_col2_mean,0.00940472306829925,SI206_shuffled,23,64
speed_10s_avg_stage4_col2_std_over_mean,0.0387390226907493,SI206_shuffled,23,64
speed_10s_avg_stage5_rows,7.764588392577431e-05,SI206_shuffled,23,64
speed_10s_avg_stage5_col1_mean,0.021587103621602176,SI206_shuffled,23,64
speed_10s_avg_stage5_col1_std_over_mean,0.033276040092987076,SI206_shuffled,23,64
speed_10s_avg_stage5_col2_mean,0.012783942427145815,SI206_shuffled,23,64
speed_10s_avg_stage5_col2_std_over_mean,0.008924097251838257,SI206_shuffled,23,64
stage_2_frames,0.041703622654546225,SI206_shuffled,24,65
stage_3_frames,0.010317608545336171,SI206_shuffled,24,65
stage_4_frames,0.010431332485449314,SI206_shuffled,24,65
stage_5_frames,0.007316038687577445,SI206_shuffled,24,65
roam_mean,0.012205813675829166,SI206_shuffled,24,65
roam_std_over_mean,0.06775069988781485,SI206_shuffled,24,65
roam_early_mean,0.016655028874559035,SI206_shuffled,24,65
roam_mid_mean,0.053530147583849524,SI206_shuffled,24,65
roam_late_mean,0.012284629038823434,SI206_shuffled,24,65
roam_slope,0.04391498165417941,SI206_shuffled,24,65
speed_1s_rows,0.010711115959416258,SI206_shuffled,24,65
speed_1s_stage2_rows,0.00973463831511379,SI206_shuffled,24,65
speed_1s_stage2_col1_mean,0.01761411185015123,SI206_shuffled,24,65
speed_1s_stage2_col1_std_over_mean,0.0066890069513648774,SI206_shuffled,24,65
speed_1s_stage2_col2_mean,0.014722650521339042,SI206_shuffled,24,65
speed_1s_stage2_col2_std_over_mean,0.03260199407191557,SI206_shuffled,24,65
speed_1s_stage3_rows,0.01355276163234308,SI206_shuffled,24,65
speed_1s_stage3_col1_mean,0.02043209615936281,SI206_shuffled,24,65
speed_1s_stage3_col1_std_over_mean,0.024655287006929993,SI206_shuffled,24,65
speed_1s_stage3_col2_mean,0.011027196509131674,SI206_shuffled,24,65
speed_1s_stage3_col2_std_over_mean,0.01305652841856527,SI206_shuffled,24,65
speed_1s_stage4_rows,0.005466666436532731,SI206_shuffled,24,65
speed_1s_stage4_col1_mean,0.04337104914705573,SI206_shuffled,24,65
speed_1s_stage4_col1_std_over_mean,0.014540027212486564,SI206_shuffled,24,65
speed_1s_stage4_col2_mean,0.010599608673959024,SI206_shuffled,24,65
speed_1s_stage4_col2_std_over_mean,0.018607555319827957,SI206_shuffled,24,65
speed_1s_stage5_rows,2.157819080771022e-05,SI206_shuffled,24,65
speed_1s_stage5_col1_mean,0.032660061855540545,SI206_shuffled,24,65
speed_1s_stage5_col1_std_over_mean,0.01910218669360481,SI206_shuffled,24,65
speed_1s_stage5_col2_mean,0.015685090880083106,SI206_shuffled,24,65
speed_1s_stage5_col2_std_over_mean,0.016809077583222164,SI206_shuffled,24,65
speed_10s_avg_rows,0.010656049253244348,SI206_shuffled,24,65
speed_10s_avg_stage2_rows,0.004310125194168274,SI206_shuffled,24,65
speed_10s_avg_stage2_col1_mean,0.01639722347209232,SI206_shuffled,24,65
speed_10s_avg_stage2_col1_std_over_mean,0.004939798066325618,SI206_shuffled,24,65
speed_10s_avg_stage2_col2_mean,0.018673083559010997,SI206_shuffled,24,65
speed_10s_avg_stage2_col2_std_over_mean,0.007190350059280213,SI206_shuffled,24,65
speed_10s_avg_stage3_rows,0.00812249599623407,SI206_shuffled,24,65
speed_10s_avg_stage3_col1_mean,0.016910255883330182,SI206_shuffled,24,65
speed_10s_avg_stage3_col1_std_over_mean,0.01240677534317792,SI206_shuffled,24,65
speed_10s_avg_stage3_col2_mean,0.010867955679249348,SI206_shuffled,24,65
speed_10s_avg_stage3_col2_std_over_mean,0.014192616227528149,SI206_shuffled,24,65
speed_10s_avg_stage4_rows,0.005811230779258669,SI206_shuffled,24,65
speed_10s_avg_stage4_col1_mean,0.03425250771749325,SI206_shuffled,24,65
speed_10s_avg_stage4_col1_std_over_mean,0.017742413643150844,SI206_shuffled,24,65
speed_10s_avg_stage4_col2_mean,0.012500220454195054,SI206_shuffled,24,65
speed_10s_avg_stage4_col2_std_over_mean,0.0544252001525335,SI206_shuffled,24,65
speed_10s_avg_stage5_rows,0.001108058517538781,SI206_shuffled,24,65
speed_10s_avg_stage5_col1_mean,0.03447748747319387,SI206_shuffled,24,65
speed_10s_avg_stage5_col1_std_over_mean,0.05302434263976681,SI206_shuffled,24,65
speed_10s_avg_stage5_col2_mean,0.014533695678151767,SI206_shuffled,24,65
speed_10s_avg_stage5_col2_std_over_mean,0.01968792173435766,SI206_shuffled,24,65
stage_2_frames,0.03185857671860597,SI206_shuffled,25,66
stage_3_frames,0.004456597274893897,SI206_shuffled,25,66
stage_4_frames,0.005838217412115501,SI206_shuffled,25,66
stage_5_frames,0.0057243077265783865,SI206_shuffled,25,66
roam_mean,0.009008117637741642,SI206_shuffled,25,66
roam_std_over_mean,0.04704955818315029,SI206_shuffled,25,66
roam_early_mean,0.019956215086587462,SI206_shuffled,25,66
roam_mid_mean,0.06090614786899386,SI206_shuffled,25,66
roam_late_mean,0.014939273711098837,SI206_shuffled,25,66
roam_slope,0.06839806738261159,SI206_shuffled,25,66
speed_1s_rows,0.014398903904188638,SI206_shuffled,25,66
speed_1s_stage2_rows,0.0032726405396139363,SI206_shuffled,25,66
speed_1s_stage2_col1_mean,0.03588925009651678,SI206_shuffled,25,66
speed_1s_stage2_col1_std_over_mean,0.011352615263597756,SI206_shuffled,25,66
speed_1s_stage2_col2_mean,0.00555250443965093,SI206_shuffled,25,66
speed_1s_stage2_col2_std_over_mean,0.0042179708474355815,SI206_shuffled,25,66
speed_1s_stage3_rows,0.006166128044813189,SI206_shuffled,25,66
speed_1s_stage3_col1_mean,0.018893034507932095,SI206_shuffled,25,66
speed_1s_stage3_col1_std_over_mean,0.013297417686221728,SI206_shuffled,25,66
speed_1s_stage3_col2_mean,0.01740226399518998,SI206_shuffled,25,66
speed_1s_stage3_col2_std_over_mean,0.019446128711369737,SI206_shuffled,25,66
speed_1s_stage4_rows,0.006782737909631412,SI206_shuffled,25,66
speed_1s_stage4_col1_mean,0.06602933723513371,SI206_shuffled,25,66
speed_1s_stage4_col1_std_over_mean,0.011360045923525472,SI206_shuffled,25,66
speed_1s_stage4_col2_mean,0.018650952080397538,SI206_shuffled,25,66
speed_1s_stage4_col2_std_over_mean,0.021707870603250877,SI206_shuffled,25,66
speed_1s_stage5_rows,5.445223727871896e-05,SI206_shuffled,25,66
speed_1s_stage5_col1_mean,0.041818229046818374,SI206_shuffled,25,66
speed_1s_stage5_col1_std_over_mean,0.021650937973511968,SI206_shuffled,25,66
speed_1s_stage5_col2_mean,0.02191215388553165,SI206_shuffled,25,66
speed_1s_stage5_col2_std_over_mean,0.013380674977880843,SI206_shuffled,25,66
speed_10s_avg_rows,0.01624264797375129,SI206_shuffled,25,66
speed_10s_avg_stage2_rows,0.004830246559480105,SI206_shuffled,25,66
speed_10s_avg_stage2_col1_mean,0.025550016063396807,SI206_shuffled,25,66
speed_10s_avg_stage2_col1_std_over_mean,0.011571839623466262,SI206_shuffled,25,66
speed_10s_avg_stage2_col2_mean,0.010455309165528925,SI206_shuffled,25,66
speed_10s_avg_stage2_col2_std_over_mean,0.009092658405692232,SI206_shuffled,25,66
speed_10s_avg_stage3_rows,0.008053090529155045,SI206_shuffled,25,66
speed_10s_avg_stage3_col1_mean,0.02013124460260239,SI206_shuffled,25,66
speed_10s_avg_stage3_col1_std_over_mean,0.008799083050955283,SI206_shuffled,25,66
speed_10s_avg_stage3_col2_mean,0.018093503181672983,SI206_shuffled,25,66
speed_10s_avg_stage3_col2_std_over_mean,0.021781700418952877,SI206_shuffled,25,66
speed_10s_avg_stage4_rows,0.005943510277450975,SI206_shuffled,25,66
speed_10s_avg_stage4_col1_mean,0.04351803519657239,SI206_shuffled,25,66
speed_10s_avg_stage4_col1_std_over_mean,0.014550825958591715,SI206_shuffled,25,66
speed_10s_avg_stage4_col2_mean,0.013554054707033083,SI206_shuffled,25,66
speed_10s_avg_stage4_col2_std_over_mean,0.016347543479500647,SI206_shuffled,25,66
speed_10s_avg_stage5_rows,1.6822031262392766e-05,SI206_shuffled,25,66
speed_10s_avg_stage5_col1_mean,0.05255226993634169,SI206_shuffled,25,66
speed_10s_avg_stage5_col1_std_over_mean,0.02256440341240046,SI206_shuffled,25,66
speed_10s_avg_stage5_col2_mean,0.021546811794011612,SI206_shuffled,25,66
speed_10s_avg_stage5_col2_std_over_mean,0.013433054720312398,SI206_shuffled,25,66
stage_2_frames,0.04049356098850841,SI206_shuffled,26,67
stage_3_frames,0.006192960878384642,SI206_shuffled,26,67
stage_4_frames,0.010318423738718715,SI206_shuffled,26,67
stage_5_frames,0.006366785735326564,SI206_shuffled,26,67
roam_mean,0.0059794355196772795,SI206_shuffled,26,67
roam_std_over_mean,0.033487130857542916,SI206_shuffled,26,67
roam_early_mean,0.013719973899098783,SI206_shuffled,26,67
roam_mid_mean,0.05723982570835033,SI206_shuffled,26,67
roam_late_mean,0.011695420962132438,SI206_shuffled,26,67
roam_slope,0.09701517547853587,SI206_shuffled,26,67
speed_1s_rows,0.01246200285190738,SI206_shuffled,26,67
speed_1s_stage2_rows,0.006838117987578599,SI206_shuffled,26,67
speed_1s_stage2_col1_mean,0.011909659544883131,SI206_shuffled,26,67
speed_1s_stage2_col1_std_over_mean,0.011276486154477083,SI206_shuffled,26,67
speed_1s_stage2_col2_mean,0.012450292340320827,SI206_shuffled,26,67
speed_1s_stage2_col2_std_over_mean,0.009505684825782087,SI206_shuffled,26,67
speed_1s_stage3_rows,0.009922562451114421,SI206_shuffled,26,67
speed_1s_stage3_col1_mean,0.011050316759478884,SI206_shuffled,26,67
speed_1s_stage3_col1_std_over_mean,0.009879220045353644,SI206_shuffled,26,67
speed_1s_stage3_col2_mean,0.007186370260470926,SI206_shuffled,26,67
speed_1s_stage3_col2_std_over_mean,0.027671231617735683,SI206_shuffled,26,67
speed_1s_stage4_rows,0.0047302768371021145,SI206_shuffled,26,67
speed_1s_stage4_col1_mean,0.08514484391004111,SI206_shuffled,26,67
speed_1s_stage4_col1_std_over_mean,0.018717687354917464,SI206_shuffled,26,67
speed_1s_stage4_col2_mean,0.012060881417675974,SI206_shuffled,26,67
speed_1s_stage4_col2_std_over_mean,0.05444425998909477,SI206_shuffled,26,67
speed_1s_stage5_rows,4.913703089490707e-06,SI206_shuffled,26,67
speed_1s_stage5_col1_mean,0.02618344206282297,SI206_shuffled,26,67
speed_1s_stage5_col1_std_over_mean,0.01699210587450386,SI206_shuffled,26,67
speed_1s_stage5_col2_mean,0.008542459712324032,SI206_shuffled,26,67
speed_1s_stage5_col2_std_over_mean,0.024404995203014642,SI206_shuffled,26,67
speed_10s_avg_rows,0.009040315341884602,SI206_shuffled,26,67
speed_10s_avg_stage2_rows,0.005987329080277524,SI206_shuffled,26,67
speed_10s_avg_stage2_col1_mean,0.019247382719550992,SI206_shuffled,26,67
speed_10s_avg_stage2_col1_std_over_mean,0.007418455850990407,SI206_shuffled,26,67
speed_10s_avg_stage2_col2_mean,0.0066611923326323945,SI206_shuffled,26,67
speed_10s_avg_stage2_col2_std_over_mean,0.0070035838099398225,SI206_shuffled,26,67
speed_10s_avg_stage3_rows,0.010856781009636024,SI206_shuffled,26,67
speed_10s_avg_stage3_col1_mean,0.011890421169588437,SI206_shuffled,26,67
speed_10s_avg_stage3_col1_std_over_mean,0.006720795741681846,SI206_shuffled,26,67
speed_10s_avg_stage3_col2_mean,0.007714822388846694,SI206_shuffled,26,67
speed_10s_avg_stage3_col2_std_over_mean,0.027575285442827207,SI206_shuffled,26,67
speed_10s_avg_stage4_rows,0.007371273597252712,SI206_shuffled,26,67
speed_10s_avg_stage4_col1_mean,0.07769209343640303,SI206_shuffled,26,67
speed_10s_avg_stage4_col1_std_over_mean,0.011085016755358735,SI206_shuffled,26,67
speed_10s_avg_stage4_col2_mean,0.009394515892871375,SI206_shuffled,26,67
speed_10s_avg_stage4_col2_std_over_mean,0.045564530808012114,SI206_shuffled,26,67
speed_10s_avg_stage5_rows,2.346479941861185e-05,SI206_shuffled,26,67
speed_10s_avg_stage5_col1_mean,0.02691311737988154,SI206_shuffled,26,67
speed_10s_avg_stage5_col1_std_over_mean,0.017702639062354256,SI206_shuffled,26,67
speed_10s_avg_stage5_col2_mean,0.008987699532558449,SI206_shuffled,26,67
speed_10s_avg_stage5_col2_std_over_mean,0.011262779178068307,SI206_shuffled,26,67
stage_2_frames,0.032032670782540545,SI206_shuffled,27,68
stage_3_frames,0.009772794056785496,SI206_shuffled,27,68
stage_4_frames,0.010201662823290974,SI206_shuffled,27,68
stage_5_frames,0.005903514543563485,SI206_shuffled,27,68
roam_mean,0.008407962079420668,SI206_shuffled,27,68
roam_std_over_mean,0.04079896271719837,SI206_shuffled,27,68
roam_early_mean,0.010570319329649257,SI206_shuffled,27,68
roam_mid_mean,0.03964083559514333,SI206_shuffled,27,68
roam_late_mean,0.00848331688747084,SI206_shuffled,27,68
roam_slope,0.044443514872967174,SI206_shuffled,27,68
speed_1s_rows,0.009221734472241254,SI206_shuffled,27,68
speed_1s_stage2_rows,0.008353331682772743,SI206_shuffled,27,68
speed_1s_stage2_col1_mean,0.030105850253207257,SI206_shuffled,27,68
speed_1s_stage2_col1_std_over_mean,0.019916017777952013,SI206_shuffled,27,68
speed_1s_stage2_col2_mean,0.01672115563104217,SI206_shuffled,27,68
speed_1s_stage2_col2_std_over_mean,0.046701605185829,SI206_shuffled,27,68
speed_1s_stage3_rows,0.011016597004025462,SI206_shuffled,27,68
speed_1s_stage3_col1_mean,0.03417604639343404,SI206_shuffled,27,68
speed_1s_stage3_col1_std_over_mean,0.024415319019947274,SI206_shuffled,27,68
speed_1s_stage3_col2_mean,0.009723782440201011,SI206_shuffled,27,68
speed_1s_stage3_col2_std_over_mean,0.018907154213682123,SI206_shuffled,27,68
speed_1s_stage4_rows,0.004452003910630276,SI206_shuffled,27,68
speed_1s_stage4_col1_mean,0.0489965734913523,SI206_shuffled,27,68
speed_1s_stage4_col1_std_over_mean,0.014709494142816129,SI206_shuffled,27,68
speed_1s_stage4_col2_mean,0.008904355942862464,SI206_shuffled,27,68
speed_1s_stage4_col2_std_over_mean,0.025519026559155368,SI206_shuffled,27,68
speed_1s_stage5_rows,6.838045173835262e-06,SI206_shuffled,27,68
speed_1s_stage5_col1_mean,0.02067256481655125,SI206_shuffled,27,68
speed_1s_stage5_col1_std_over_mean,0.013228586851531847,SI206_shuffled,27,68
speed_1s_stage5_col2_mean,0.008440751132785114,SI206_shuffled,27,68
speed_1s_stage5_col2_std_over_mean,0.07050989026685418,SI206_shuffled,27,68
speed_10s_avg_rows,0.012328345904346961,SI206_shuffled,27,68
speed_10s_avg_stage2_rows,0.007849881880696708,SI206_shuffled,27,68
speed_10s_avg_stage2_col1_mean,0.021031914523304794,SI206_shuffled,27,68
speed_10s_avg_stage2_col1_std_over_mean,0.007001312347537098,SI206_shuffled,27,68
speed_10s_avg_stage2_col2_mean,0.02039552651442075,SI206_shuffled,27,68
speed_10s_avg_stage2_col2_std_over_mean,0.012679168091042269,SI206_shuffled,27,68
speed_10s_avg_stage3_rows,0.012446586314225773,SI206_shuffled,27,68
speed_10s_avg_stage3_col1_mean,0.04954984202394132,SI206_shuffled,27,68
speed_10s_avg_stage3_col1_std_over_mean,0.006060342086783508,SI206_shuffled,27,68
speed_10s_avg_stage3_col2_mean,0.013627891170206276,SI206_shuffled,27,68
speed_10s_avg_stage3_col2_std_over_mean,0.019713956002206774,SI206_shuffled,27,68
speed_10s_avg_stage4_rows,0.005138657746150625,SI206_shuffled,27,68
speed_10s_avg_stage4_col1_mean,0.0534304909465019,SI206_shuffled,27,68
speed_10s_avg_stage4_col1_std_over_mean,0.018794483358051107,SI206_shuffled,27,68
speed_10s_avg_stage4_col2_mean,0.012347263466010788,SI206_shuffled,27,68
speed_10s_avg_stage4_col2_std_over_mean,0.012994775934737426,SI206_shuffled,27,68
speed_10s_avg_stage5_rows,0.0,SI206_shuffled,27,68
speed_10s_avg_stage5_col1_mean,0.020866166065864312,SI206_shuffled,27,68
speed_10s_avg_stage5_col1_std_over_mean,0.013741660138602224,SI206_shuffled,27,68
speed_10s_avg_stage5_col2_mean,0.0066843826984882785,SI206_shuffled,27,68
speed_10s_avg_stage5_col2_std_over_mean,0.018363119864803885,SI206_shuffled,27,68
stage_2_frames,0.0258414885583425,SI206_shuffled,28,69
stage_3_frames,0.007361124694286487,SI206_shuffled,28,69
stage_4_frames,0.01103780230047384,SI206_shuffled,28,69
stage_5_frames,0.004287797201186604,SI206_shuffled,28,69
roam_mean,0.01190989253128588,SI206_shuffled,28,69
roam_std_over_mean,0.03851694494323992,SI206_shuffled,28,69
roam_early_mean,0.0406326322792769,SI206_shuffled,28,69
roam_mid_mean,0.031216730360568535,SI206_shuffled,28,69
roam_late_mean,0.016141923434781286,SI206_shuffled,28,69
roam_slope,0.0993301379343957,SI206_shuffled,28,69
speed_1s_rows,0.010310260286879334,SI206_shuffled,28,69
speed_1s_stage2_rows,0.005502106823134462,SI206_shuffled,28,69
speed_1s_stage2_col1_mean,0.024087427844200503,SI206_shuffled,28,69
speed_1s_stage2_col1_std_over_mean,0.004340716016717099,SI206_shuffled,28,69
speed_1s_stage2_col2_mean,0.00818237557201407,SI206_shuffled,28,69
speed_1s_stage2_col2_std_over_mean,0.026937230782121076,SI206_shuffled,28,69
speed_1s_stage3_rows,0.00714002219570254,SI206_shuffled,28,69
speed_1s_stage3_col1_mean,0.029971933768662074,SI206_shuffled,28,69
speed_1s_stage3_col1_std_over_mean,0.01013975175293956,SI206_shuffled,28,69
speed_1s_stage3_col2_mean,0.014733240506877764,SI206_shuffled,28,69
speed_1s_stage3_col2_std_over_mean,0.023147090166031968,SI206_shuffled,28,69
speed_1s_stage4_rows,0.007913219082018516,SI206_shuffled,28,69
speed_1s_stage4_col1_mean,0.0341216422840159,SI206_shuffled,28,69
speed_1s_stage4_col1_std_over_mean,0.01380161760089435,SI206_shuffled,28,69
speed_1s_stage4_col2_mean,0.0141618092014458,SI206_shuffled,28,69
speed_1s_stage4_col2_std_over_mean,0.012198947843443166,SI206_shuffled,28,69
speed_1s_stage5_rows,2.0607934054611026e-05,SI206_shuffled,28,69
speed_1s_stage5_col1_mean,0.020196351808716376,SI206_shuffled,28,69
speed_1s_stage5_col1_std_over_mean,0.031452124538559105,SI206_shuffled,28,69
speed_1s_stage5_col2_mean,0.012116627212693734,SI206_shuffled,28,69
speed_1s_stage5_col2_std_over_mean,0.029857091637364237,SI206_shuffled,28,69
speed_10s_avg_rows,0.010224405299878996,SI206_shuffled,28,69
speed_10s_avg_stage2_rows,0.005115022617490845,SI206_shuffled,28,69
speed_10s_avg_stage2_col1_mean,0.024067508323235794,SI206_shuffled,28,69
speed_10s_avg_stage2_col1_std_over_mean,0.006319885195377821,SI206_shuffled,28,69
speed_10s_avg_stage2_col2_mean,0.011101830939982344,SI206_shuffled,28,69
speed_10s_avg_stage2_col2_std_over_mean,0.016958469442723362,SI206_shuffled,28,69
speed_10s_avg_stage3_rows,0.005962448718475063,SI206_shuffled,28,69
speed_10s_avg_stage3_col1_mean,0.04222915465388473,SI206_shuffled,28,69
speed_10s_avg_stage3_col1_std_over_mean,0.004259146703608133,SI206_shuffled,28,69
speed_10s_avg_stage3_col2_mean,0.019481871893567166,SI206_shuffled,28,69
speed_10s_avg_stage3_col2_std_over_mean,0.02556734339775445,SI206_shuffled,28,69
speed_10s_avg_stage4_rows,0.006613503910591096,SI206_shuffled,28,69
speed_10s_avg_stage4_col1_mean,0.025776944894169557,SI206_shuffled,28,69
speed_10s_avg_stage4_col1_std_over_mean,0.015705664363997434,SI206_shuffled,28,69
speed_10s_avg_stage4_col2_mean,0.006577152540248695,SI206_shuffled,28,69
speed_10s_avg_stage4_col2_std_over_mean,0.03314098394713282,SI206_shuffled,28,69
speed_10s_avg_stage5_rows,0.0003629553622931542,SI206_shuffled,28,69
speed_10s_avg_stage5_col1_mean,0.02457404610471264,SI206_shuffled,28,69
speed_10s_avg_stage5_col1_std_over_mean,0.06493969741552387,SI206_shuffled,28,69
speed_10s_avg_stage5_col2_mean,0.008698165706066886,SI206_shuffled,28,69
speed_10s_avg_stage5_col2_std_over_mean,0.01571512947296136,SI206_shuffled,28,69
stage_2_frames,0.08330666511477136,SI206_shuffled,29,70
stage_3_frames,0.011632283998121294,SI206_shuffled,29,70
stage_4_frames,0.007517832901478898,SI206_shuffled,29,70
stage_5_frames,0.004531736185544492,SI206_shuffled,29,70
roam_mean,0.007068358397926947,SI206_shuffled,29,70
roam_std_over_mean,0.04382759144093754,SI206_shuffled,29,70
roam_early_mean,0.02175553243650692,SI206_shuffled,29,70
roam_mid_mean,0.03439377923969502,SI206_shuffled,29,70
roam_late_mean,0.014084698475988885,SI206_shuffled,29,70
roam_slope,0.05501223747466437,SI206_shuffled,29,70
speed_1s_rows,0.017134615862941648,SI206_shuffled,29,70
speed_1s_stage2_rows,0.01475708426903697,SI206_shuffled,29,70
speed_1s_stage2_col1_mean,0.02164015546932964,SI206_shuffled,29,70
speed_1s_stage2_col1_std_over_mean,0.01992491693141017,SI206_shuffled,29,70
speed_1s_stage2_col2_mean,0.011353502317869553,SI206_shuffled,29,70
speed_1s_stage2_col2_std_over_mean,0.035009209773174725,SI206_shuffled,29,70
speed_1s_stage3_rows,0.011163871007934189,SI206_shuffled,29,70
speed_1s_stage3_col1_mean,0.01645650012607108,SI206_shuffled,29,70
speed_1s_stage3_col1_std_over_mean,0.012830765009752844,SI206_shuffled,29,70
speed_1s_stage3_col2_mean,0.01222169335076322,SI206_shuffled,29,70
speed_1s_stage3_col2_std_over_mean,0.025156866870592647,SI206_shuffled,29,70
speed_1s_stage4_rows,0.005569084789474636,SI206_shuffled,29,70
speed_1s_stage4_col1_mean,0.05914748839389038,SI206_shuffled,29,70
speed_1s_stage4_col1_std_over_mean,0.013982357706794032,SI206_shuffled,29,70
speed_1s_stage4_col2_mean,0.008002295260672938,SI206_shuffled,29,70
speed_1s_stage4_col2_std_over_mean,0.01688504910850114,SI206_shuffled,29,70
speed_1s_stage5_rows,4.873125717817193e-05,SI206_shuffled,29,70
speed_1s_stage5_col1_mean,0.018676393994881114,SI206_shuffled,29,70
speed_1s_stage5_col1_std_over_mean,0.012968026007335053,SI206_shuffled,29,70
speed_1s_stage5_col2_mean,0.007633759459952753,SI206_shuffled,29,70
speed_1s_stage5_col2_std_over_mean,0.04391629390084921,SI206_shuffled,29,70
speed_10s_avg_rows,0.015335355598302645,SI206_shuffled,29,70
speed_10s_avg_stage2_rows,0.013153105059023224,SI206_shuffled,29,70
speed_10s_avg_stage2_col1_mean,0.017805439692189735,SI206_shuffled,29,70
speed_10s_avg_stage2_col1_std_over_mean,0.00924502742536971,SI206_shuffled,29,70
speed_10s_avg_stage2_col2_mean,0.013554755052616736,SI206_shuffled,29,70
speed_10s_avg_stage2_col2_std_over_mean,0.011674948209159187,SI206_shuffled,29,70
speed_10s_avg_stage3_rows,0.005629131278227789,SI206_shuffled,29,70
speed_10s_avg_stage3_col1_mean,0.025094737403738222,SI206_shuffled,29,70
speed_10s_avg_stage3_col1_std_over_mean,0.007358237043244832,SI206_shuffled,29,70
speed_10s_avg_stage3_col2_mean,0.010165000764801004,SI206_shuffled,29,70
speed_10s_avg_stage3_col2_std_over_mean,0.021034368694863602,SI206_shuffled,29,70
speed_10s_avg_stage4_rows,0.006031752239086879,SI206_shuffled,29,70
speed_10s_avg_stage4_col1_mean,0.04820970624223442,SI206_shuffled,29,70
speed_10s_avg_stage4_col1_std_over_mean,0.04020478955440212,SI206_shuffled,29,70
speed_10s_avg_stage4_col2_mean,0.006253542298002123,SI206_shuffled,29,70
speed_10s_avg_stage4_col2_std_over_mean,0.017167740306227912,SI206_shuffled,29,70
speed_10s_avg_stage5_rows,1.0971880976228312e-05,SI206_shuffled,29,70
speed_10s_avg_stage5_col1_mean,0.02978903548025996,SI206_shuffled,29,70
speed_10s_avg_stage5_col1_std_over_mean,0.013983020733684584,SI206_shuffled,29,70
speed_10s_avg_stage5_col2_mean,0.009275917326059013,SI206_shuffled,29,70
speed_10s_avg_stage5_col2_std_over_mean,0.011414041183488205,SI206_shuffled,29,70
stage_2_frames,0.10049259643024507,SI206_shuffled,30,71
stage_3_frames,0.008604275352551545,SI206_shuffled,30,71
stage_4_frames,0.008623677011403704,SI206_shuffled,30,71
stage_5_frames,0.0043163712269827055,SI206_shuffled,30,71
roam_mean,0.006169539694297487,SI206_shuffled,30,71
roam_std_over_mean,0.024810278462588303,SI206_shuffled,30,71
roam_early_mean,0.009978148384606582,SI206_shuffled,30,71
roam_mid_mean,0.022391567108741576,SI206_shuffled,30,71
roam_late_mean,0.009518721378193274,SI206_shuffled,30,71
roam_slope,0.06954780645944031,SI206_shuffled,30,71
speed_1s_rows,0.014250477863469597,SI206_shuffled,30,71
speed_1s_stage2_rows,0.015551363668058241,SI206_shuffled,30,71
speed_1s_stage2_col1_mean,0.01413650082695233,SI206_shuffled,30,71
speed_1s_stage2_col1_std_over_mean,0.006732660189309963,SI206_shuffled,30,71
speed_1s_stage2_col2_mean,0.008613161076400642,SI206_shuffled,30,71
speed_1s_stage2_col2_std_over_mean,0.03645473645166649,SI206_shuffled,30,71
speed_1s_stage3_rows,0.008126042590902998,SI206_shuffled,30,71
speed_1s_stage3_col1_mean,0.01853166578241487,SI206_shuffled,30,71
speed_1s_stage3_col1_std_over_mean,0.01013173253946886,SI206_shuffled,30,71
speed_1s_stage3_col2_mean,0.011244638988268447,SI206_shuffled,30,71
speed_1s_stage3_col2_std_over_mean,0.02933202697024781,SI206_shuffled,30,71
speed_1s_stage4_rows,0.006738880814706322,SI206_shuffled,30,71
speed_1s_stage4_col1_mean,0.07651544352197329,SI206_shuffled,30,71
speed_1s_stage4_col1_std_over_mean,0.008161678834293072,SI206_shuffled,30,71
speed_1s_stage4_col2_mean,0.005435489634259298,SI206_shuffled,30,71
speed_1s_stage4_col2_std_over_mean,0.010971283170990071,SI206_shuffled,30,71
speed_1s_stage5_rows,5.042864346948573e-06,SI206_shuffled,30,71
speed_1s_stage5_col1_mean,0.04558433293793998,SI206_shuffled,30,71
speed_1s_stage5_col1_std_over_mean,0.014341769147379106,SI206_shuffled,30,71
speed_1s_stage5_col2_mean,0.005279755773346703,SI206_shuffled,30,71
speed_1s_stage5_col2_std_over_mean,0.04113660050366102,SI206_shuffled,30,71
speed_10s_avg_rows,0.01706041869070893,SI206_shuffled,30,71
speed_10s_avg_stage2_rows,0.010218684601580765,SI206_shuffled,30,71
speed_10s_avg_stage2_col1_mean,0.009004567860777399,SI206_shuffled,30,71
speed_10s_avg_stage2_col1_std_over_mean,0.007195525225053716,SI206_shuffled,30,71
speed_10s_avg_stage2_col2_mean,0.01086425560227751,SI206_shuffled,30,71
speed_10s_avg_stage2_col2_std_over_mean,0.008239116347020537,SI206_shuffled,30,71
speed_10s_avg_stage3_rows,0.009400124546380359,SI206_shuffled,30,71
speed_10s_avg_stage3_col1_mean,0.018986634177053666,SI206_shuffled,30,71
speed_10s_avg_stage3_col1_std_over_mean,0.005594416409353517,SI206_shuffled,30,71
speed_10s_avg_stage3_col2_mean,0.015320778336896438,SI206_shuffled,30,71
speed_10s_avg_stage3_col2_std_over_mean,0.046750097782803236,SI206_shuffled,30,71
speed_10s_avg_stage4_rows,0.006431587082181677,SI206_shuffled,30,71
speed_10s_avg_stage4_col1_mean,0.07812529352478488,SI206_shuffled,30,71
speed_10s_avg_stage4_col1_std_over_mean,0.00825941578735813,SI206_shuffled,30,71
speed_10s_avg_stage4_col2_mean,0.004308698958868397,SI206_shuffled,30,71
speed_10s_avg_stage4_col2_std_over_mean,0.018455566015131594,SI206_shuffled,30,71
speed_10s_avg_stage5_rows,0.0,SI206_shuffled,30,71
speed_10s_avg_stage5_col1_mean,0.051953009223533644,SI206_shuffled,30,71
speed_10s_avg_stage5_col1_std_over_mean,0.011751244612353778,SI206_shuffled,30,71
speed_10s_avg_stage5_col2_mean,0.003893954253424608,SI206_shuffled,30,71
speed_10s_avg_stage5_col2_std_over_mean,0.006458345303350708,SI206_shuffled,30,71
stage_2_frames,0.03634602417818387,SI206_shuffled,31,72
stage_3_frames,0.02176772234954942,SI206_shuffled,31,72
stage_4_frames,0.009257348110713371,SI206_shuffled,31,72
stage_5_frames,0.009334858612023957,SI206_shuffled,31,72
roam_mean,0.016351111512528528,SI206_shuffled,31,72
roam_std_over_mean,0.030919376077445503,SI206_shuffled,31,72
roam_early_mean,0.01134153110457262,SI206_shuffled,31,72
roam_mid_mean,0.08055923474810843,SI206_shuffled,31,72
roam_late_mean,0.011067325864242602,SI206_shuffled,31,72
roam_slope,0.10999944873337132,SI206_shuffled,31,72
speed_1s_rows,0.021935947739616733,SI206_shuffled,31,72
speed_1s_stage2_rows,0.02211591095366549,SI206_shuffled,31,72
speed_1s_stage2_col1_mean,0.014774477543631691,SI206_shuffled,31,72
speed_1s_stage2_col1_std_over_mean,0.009772651418440857,SI206_shuffled,31,72
speed_1s_stage2_col2_mean,0.008360205271036803,SI206_shuffled,31,72
speed_1s_stage2_col2_std_over_mean,0.02449900261230108,SI206_shuffled,31,72
speed_1s_stage3_rows,0.008872813487290602,SI206_shuffled,31,72
speed_1s_stage3_col1_mean,0.025633485208681594,SI206_shuffled,31,72
speed_1s_stage3_col1_std_over_mean,0.011111380280914475,SI206_shuffled,31,72
speed_1s_stage3_col2_mean,0.011947366954166585,SI206_shuffled,31,72
speed_1s_stage3_col2_std_over_mean,0.01891180455798309,SI206_shuffled,31,72
speed_1s_stage4_rows,0.005097399405316537,SI206_shuffled,31,72
speed_1s_stage4_col1_mean,0.03404748398680088,SI206_shuffled,31,72
speed_1s_stage4_col1_std_over_mean,0.010631427777272214,SI206_shuffled,31,72
speed_1s_stage4_col2_mean,0.02134769389904693,SI206_shuffled,31,72
speed_1s_stage4_col2_std_over_mean,0.014132925530350357,SI206_shuffled,31,72
speed_1s_stage5_rows,0.0004913011029260911,SI206_shuffled,31,72
speed_1s_stage5_col1_mean,0.027177540422380575,SI206_shuffled,31,72
speed_1s_stage5_col1_std_over_mean,0.019970443566614045,SI206_shuffled,31,72
speed_1s_stage5_col2_mean,0.011124924376688777,SI206_shuffled,31,72
speed_1s_stage5_col2_std_over_mean,0.020034468279410824,SI206_shuffled,31,72
speed_10s_avg_rows,0.021469493466531746,SI206_shuffled,31,72
speed_10s_avg_stage2_rows,0.015670141039145335,SI206_shuffled,31,72
speed_10s_avg_stage2_col1_mean,0.01581667067495004,SI206_shuffled,31,72
speed_10s_avg_stage2_col1_std_over_mean,0.007239814667538042,SI206_shuffled,31,72
speed_10s_avg_stage2_col2_mean,0.00877279750406429,SI206_shuffled,31,72
speed_10s_avg_stage2_col2_std_over_mean,0.00937963956523046,SI206_shuffled,31,72
speed_10s_avg_stage3_rows,0.0063088860262230356,SI206_shuffled,31,72
speed_10s_avg_stage3_col1_mean,0.01700785865907015,SI206_shuffled,31,72
speed_10s_avg_stage3_col1_std_over_mean,0.008879144853914488,SI206_shuffled,31,72
speed_10s_avg_stage3_col2_mean,0.013412388964438079,SI206_shuffled,31,72
speed_10s_avg_stage3_col2_std_over_mean,0.021356575602895632,SI206_shuffled,31,72
speed_10s_avg_stage4_rows,0.005428984777015907,SI206_shuffled,31,72
speed_10s_avg_stage4_col1_mean,0.030791297227305555,SI206_shuffled,31,72
speed_10s_avg_stage4_col1_std_over_mean,0.014007007948683028,SI206_shuffled,31,72
speed_10s_avg_stage4_col2_mean,0.02044186645350438,SI206_shuffled,31,72
speed_10s_avg_stage4_col2_std_over_mean,0.02306539669216978,SI206_shuffled,31,72
speed_10s_avg_stage5_rows,0.0007772462141833052,SI206_shuffled,31,72
speed_10s_avg_stage5_col1_mean,0.030164202112364848,SI206_shuffled,31,72
speed_10s_avg_stage5_col1_std_over_mean,0.03382337056086636,SI206_shuffled,31,72
speed_10s_avg_stage5_col2_mean,0.010023098931108537,SI206_shuffled,31,72
speed_10s_avg_stage5_col2_std_over_mean,0.00722948239352129,SI206_shuffled,31,72
stage_2_frames,0.05986698737033064,SI206_shuffled,32,73
stage_3_frames,0.005857140430163668,SI206_shuffled,32,73
stage_4_frames,0.004921678932545233,SI206_shuffled,32,73
stage_5_frames,0.007103793262156192,SI206_shuffled,32,73
roam_mean,0.007149329999092579,SI206_shuffled,32,73
roam_std_over_mean,0.08204403564173346,SI206_shuffled,32,73
roam_early_mean,0.009812048726238162,SI206_shuffled,32,73
roam_mid_mean,0.06103437908521178,SI206_shuffled,32,73
roam_late_mean,0.017235334284690998,SI206_shuffled,32,73
roam_slope,0.04969049661476276,SI206_shuffled,32,73
speed_1s_rows,0.01622986902553414,SI206_shuffled,32,73
speed_1s_stage2_rows,0.008170191586320952,SI206_shuffled,32,73
speed_1s_stage2_col1_mean,0.027272173269733403,SI206_shuffled,32,73
speed_1s_stage2_col1_std_over_mean,0.00960288572952815,SI206_shuffled,32,73
speed_1s_stage2_col2_mean,0.02006211709535585,SI206_shuffled,32,73
speed_1s_stage2_col2_std_over_mean,0.04275483752062808,SI206_shuffled,32,73
speed_1s_stage3_rows,0.005746082956327642,SI206_shuffled,32,73
speed_1s_stage3_col1_mean,0.016215589649366324,SI206_shuffled,32,73
speed_1s_stage3_col1_std_over_mean,0.017405861195609128,SI206_shuffled,32,73
speed_1s_stage3_col2_mean,0.022006623358855018,SI206_shuffled,32,73
speed_1s_stage3_col2_std_over_mean,0.020468867070169986,SI206_shuffled,32,73
speed_1s_stage4_rows,0.0066707873444939855,SI206_shuffled,32,73
speed_1s_stage4_col1_mean,0.049234656383208314,SI206_shuffled,32,73
speed_1s_stage4_col1_std_over_mean,0.0067433918099382125,SI206_shuffled,32,73
speed_1s_stage4_col2_mean,0.005071640009169464,SI206_shuffled,32,73
speed_1s_stage4_col2_std_over_mean,0.01578540091211772,SI206_shuffled,32,73
speed_1s_stage5_rows,3.924989097252509e-05,SI206_shuffled,32,73
speed_1s_stage5_col1_mean,0.01859947588370445,SI206_shuffled,32,73
speed_1s_stage5_col1_std_over_mean,0.014681929014985355,SI206_shuffled,32,73
speed_1s_stage5_col2_mean,0.007709512291180346,SI206_shuffled,32,73
speed_1s_stage5_col2_std_over_mean,0.021012975552697568,SI206_shuffled,32,73
speed_10s_avg_rows,0.012612832582695417,SI206_shuffled,32,73
speed_10s_avg_stage2_rows,0.007756486251667932,SI206_shuffled,32,73
speed_10s_avg_stage2_col1_mean,0.021550765838718462,SI206_shuffled,32,73
speed_10s_avg_stage2_col1_std_over_mean,0.0059649763157300344,SI206_shuffled,32,73
speed_10s_avg_stage2_col2_mean,0.017422825198427413,SI206_shuffled,32,73
speed_10s_avg_stage2_col2_std_over_mean,0.01026803711208471,SI206_shuffled,32,73
speed_10s_avg_stage3_rows,0.004383549994487525,SI206_shuffled,32,73
speed_10s_avg_stage3_col1_mean,0.015893930573981457,SI206_shuffled,32,73
speed_10s_avg_stage3_col1_std_over_mean,0.014517854286206522,SI206_shuffled,32,73
speed_10s_avg_stage3_col2_mean,0.020343895372385394,SI206_shuffled,32,73
speed_10s_avg_stage3_col2_std_over_mean,0.026874148259269676,SI206_shuffled,32,73
speed_10s_avg_stage4_rows,0.004045962653122519,SI206_shuffled,32,73
speed_10s_avg_stage4_col1_mean,0.04997916102201501,SI206_shuffled,32,73
speed_10s_avg_stage4_col1_std_over_mean,0.023223232907035055,SI206_shuffled,32,73
speed_10s_avg_stage4_col2_mean,0.0064339587275957085,SI206_shuffled,32,73
speed_10s_avg_stage4_col2_std_over_mean,0.03646591723828275,SI206_shuffled,32,73
speed_10s_avg_stage5_rows,3.250417588370723e-05,SI206_shuffled,32,73
speed_10s_avg_stage5_col1_mean,0.01856291548466363,SI206_shuffled,32,73
speed_10s_avg_stage5_col1_std_over_mean,0.030394859131765012,SI206_shuffled,32,73
speed_10s_avg_stage5_col2_mean,0.005991877215963756,SI206_shuffled,32,73
speed_10s_avg_stage5_col2_std_over_mean,0.011080967761196247,SI206_shuffled,32,73
stage_2_frames,0.03772371388770195,SI206_shuffled,33,74
stage_3_frames,0.011619955096819824,SI206_shuffled,33,74
stage_4_frames,0.006043115738061557,SI206_shuffled,33,74
stage_5_frames,0.004303504003974715,SI206_shuffled,33,74
roam_mean,0.010626666551797358,SI206_shuffled,33,74
roam_std_over_mean,0.04884324293313489,SI206_shuffled,33,74
roam_early_mean,0.007505425676767785,SI206_shuffled,33,74
roam_mid_mean,0.06677289504321342,SI206_shuffled,33,74
roam_late_mean,0.010965117458714622,SI206_shuffled,33,74
roam_slope,0.0700259561812768,SI206_shuffled,33,74
speed_1s_rows,0.009310919473652443,SI206_shuffled,33,74
speed_1s_stage2_rows,0.012607975887355311,SI206_shuffled,33,74
speed_1s_stage2_col1_mean,0.019291854896211637,SI206_shuffled,33,74
speed_1s_stage2_col1_std_over_mean,0.006182481352095324,SI206_shuffled,33,74
speed_1s_stage2_col2_mean,0.014052512910972705,SI206_shuffled,33,74
speed_1s_stage2_col2_std_over_mean,0.008574821182740945,SI206_shuffled,33,74
speed_1s_stage3_rows,0.005969380420357563,SI206_shuffled,33,74
speed_1s_stage3_col1_mean,0.01839887244817579,SI206_shuffled,33,74
speed_1s_stage3_col1_std_over_mean,0.010807057147124953,SI206_shuffled,33,74
speed_1s_stage3_col2_mean,0.013052029374651488,SI206_shuffled,33,74
speed_1s_stage3_col2_std_over_mean,0.029235097565207084,SI206_shuffled,33,74
speed_1s_stage4_rows,0.003929523828301592,SI206_shuffled,33,74
speed_1s_stage4_col1_mean,0.032569674188553,SI206_shuffled,33,74
speed_1s_stage4_col1_std_over_mean,0.01400361966469862,SI206_shuffled,33,74
speed_1s_stage4_col2_mean,0.01783326920170997,SI206_shuffled,33,74
speed_1s_stage4_col2_std_over_mean,0.028619989321007563,SI206_shuffled,33,74
speed_1s_stage5_rows,0.00046411745323517357,SI206_shuffled,33,74
speed_1s_stage5_col1_mean,0.020437790187096044,SI206_shuffled,33,74
speed_1s_stage5_col1_std_over_mean,0.03446643147274593,SI206_shuffled,33,74
speed_1s_stage5_col2_mean,0.01760416139740403,SI206_shuffled,33,74
speed_1s_stage5_col2_std_over_mean,0.031244480513328707,SI206_shuffled,33,74
speed_10s_avg_rows,0.01307471946021318,SI206_shuffled,33,74
speed_10s_avg_stage2_rows,0.00835763452128667,SI206_shuffled,33,74
speed_10s_avg_stage2_col1_mean,0.010092539574649572,SI206_shuffled,33,74
speed_10s_avg_stage2_col1_std_over_mean,0.004901196411692635,SI206_shuffled,33,74
speed_10s_avg_stage2_col2_mean,0.011960102061278748,SI206_shuffled,33,74
speed_10s_avg_stage2_col2_std_over_mean,0.01109775474087134,SI206_shuffled,33,74
speed_10s_avg_stage3_rows,0.006838582900916988,SI206_shuffled,33,74
speed_10s_avg_stage3_col1_mean,0.024711288813827538,SI206_shuffled,33,74
speed_10s_avg_stage3_col1_std_over_mean,0.008191993500553505,SI206_shuffled,33,74
speed_10s_avg_stage3_col2_mean,0.0164123364712327,SI206_shuffled,33,74
speed_10s_avg_stage3_col2_std_over_mean,0.033932654134431806,SI206_shuffled,33,74
speed_10s_avg_stage4_rows,0.0057125406801671625,SI206_shuffled,33,74
speed_10s_avg_stage4_col1_mean,0.037778283258815215,SI206_shuffled,33,74
speed_10s_avg_stage4_col1_std_over_mean,0.015262677788516891,SI206_shuffled,33,74
speed_10s_avg_stage4_col2_mean,0.017005976700025467,SI206_shuffled,33,74
speed_10s_avg_stage4_col2_std_over_mean,0.0697895019951408,SI206_shuffled,33,74
speed_10s_avg_stage5_rows,0.000502746201473249,SI206_shuffled,33,74
speed_10s_avg_stage5_col1_mean,0.02160891864390285,SI206_shuffled,33,74
speed_10s_avg_stage5_col1_std_over_mean,0.03596642610136884,SI206_shuffled,33,74
speed_10s_avg_stage5_col2_mean,0.011426291016254432,SI206_shuffled,33,74
speed_10s_avg_stage5_col2_std_over_mean,0.012290182565291581,SI206_shuffled,33,74
stage_2_frames,0.10826807758072204,SI206_shuffled,34,75
stage_3_frames,0.008081914681663143,SI206_shuffled,34,75
stage_4_frames,0.008166982337472506,SI206_shuffled,34,75
stage_5_frames,0.0047136818632127825,SI206_shuffled,34,75
roam_mean,0.010168458407119352,SI206_shuffled,34,75
roam_std_over_mean,0.02575540157397247,SI206_shuffled,34,75
roam_early_mean,0.0244041349970579,SI206_shuffled,34,75
roam_mid_mean,0.035250092200972534,SI206_shuffled,34,75
roam_late_mean,0.010509533431443993,SI206_shuffled,34,75
roam_slope,0.1140754322747285,SI206_shuffled,34,75
speed_1s_rows,0.02534006352364397,SI206_shuffled,34,75
speed_1s_stage2_rows,0.015548877798057902,SI206_shuffled,34,75
speed_1s_stage2_col1_mean,0.02161221828646385,SI206_shuffled,34,75
speed_1s_stage2_col1_std_over_mean,0.007740890305910779,SI206_shuffled,34,75
speed_1s_stage2_col2_mean,0.008523217673963197,SI206_shuffled,34,75
speed_1s_stage2_col2_std_over_mean,0.021003408772326485,SI206_shuffled,34,75
speed_1s_stage3_rows,0.006649827431417587,SI206_shuffled,34,75
speed_1s_stage3_col1_mean,0.012967909727543218,SI206_shuffled,34,75
speed_1s_stage3_col1_std_over_mean,0.01952210790568157,SI206_shuffled,34,75
speed_1s_stage3_col2_mean,0.021444831962916015,SI206_shuffled,34,75
speed_1s_stage3_col2_std_over_mean,0.0174793335734659,SI206_shuffled,34,75
speed_1s_stage4_rows,0.0037710084382763737,SI206_shuffled,34,75
speed_1s_stage4_col1_mean,0.028290271987134605,SI206_shuffled,34,75
speed_1s_stage4_col1_std_over_mean,0.01651475405429343,SI206_shuffled,34,75
speed_1s_stage4_col2_mean,0.00788067509714461,SI206_shuffled,34,75
speed_1s_stage4_col2_std_over_mean,0.008448110853172092,SI206_shuffled,34,75
speed_1s_stage5_rows,0.00023461914079705323,SI206_shuffled,34,75
speed_1s_stage5_col1_mean,0.03562842410523664,SI206_shuffled,34,75
speed_1s_stage5_col1_std_over_mean,0.019665327970487284,SI206_shuffled,34,75
speed_1s_stage5_col2_mean,0.008966987337601661,SI206_shuffled,34,75
speed_1s_stage5_col2_std_over_mean,0.015592212468136494,SI206_shuffled,34,75
speed_10s_avg_rows,0.026929953139919617,SI206_shuffled,34,75
speed_10s_avg_stage2_rows,0.016045089733352124,SI206_shuffled,34,75
speed_10s_avg_stage2_col1_mean,0.020261132905092783,SI206_shuffled,34,75
speed_10s_avg_stage2_col1_std_over_mean,0.005214090865198733,SI206_shuffled,34,75
speed_10s_avg_stage2_col2_mean,0.010322387887942765,SI206_shuffled,34,75
speed_10s_avg_stage2_col2_std_over_mean,0.0077022390049993695,SI206_shuffled,34,75
speed_10s_avg_stage3_rows,0.006870718377270924,SI206_shuffled,34,75
speed_10s_avg_stage3_col1_mean,0.014781034772757173,SI206_shuffled,34,75
speed_10s_avg_stage3_col1_std_over_mean,0.011129638418297498,SI206_shuffled,34,75
speed_10s_avg_stage3_col2_mean,0.02604508223679198,SI206_shuffled,34,75
speed_10s_avg_stage3_col2_std_over_mean,0.025788052311207958,SI206_shuffled,34,75
speed_10s_avg_stage4_rows,0.0042422846846748765,SI206_shuffled,34,75
speed_10s_avg_stage4_col1_mean,0.025568741072864814,SI206_shuffled,34,75
speed_10s_avg_stage4_col1_std_over_mean,0.018308336860724354,SI206_shuffled,34,75
speed_10s_avg_stage4_col2_mean,0.008718699318838896,SI206_shuffled,34,75
speed_10s_avg_stage4_col2_std_over_mean,0.015986926180882044,SI206_shuffled,34,75
speed_10s_avg_stage5_rows,3.421719968988208e-05,SI206_shuffled,34,75
speed_10s_avg_stage5_col1_mean,0.04490115802454215,SI206_shuffled,34,75
speed_10s_avg_stage5_col1_std_over_mean,0.024713192529065713,SI206_shuffled,34,75
speed_10s_avg_stage5_col2_mean,0.00799254272158814,SI206_shuffled,34,75
speed_10s_avg_stage5_col2_std_over_mean,0.0062256939922623366,SI206_shuffled,34,75
stage_2_frames,0.09197106297396444,SI206_shuffled,35,76
stage_3_frames,0.007698646986955737,SI206_shuffled,35,76
stage_4_frames,0.002581062925758557,SI206_shuffled,35,76
stage_5_frames,0.007289645186208558,SI206_shuffled,35,76
roam_mean,0.008779003801139891,SI206_shuffled,35,76
roam_std_over_mean,0.02968337028485659,SI206_shuffled,35,76
roam_early_mean,0.007108992281990609,SI206_shuffled,35,76
roam_mid_mean,0.06644379122813039,SI206_shuffled,35,76
roam_late_mean,0.013498013444285955,SI206_shuffled,35,76
roam_slope,0.03395416792233827,SI206_shuffled,35,76
speed_1s_rows,0.00935081432991302,SI206_shuffled,35,76
speed_1s_stage2_rows,0.007044225832928456,SI206_shuffled,35,76
speed_1s_stage2_col1_mean,0.006397208481544524,SI206_shuffled,35,76
speed_1s_stage2_col1_std_over_mean,0.010514527869296231,SI206_shuffled,35,76
speed_1s_stage2_col2_mean,0.010022656790087691,SI206_shuffled,35,76
speed_1s_stage2_col2_std_over_mean,0.038554171436044664,SI206_shuffled,35,76
speed_1s_stage3_rows,0.004375104387570467,SI206_shuffled,35,76
speed_1s_stage3_col1_mean,0.028513786066941993,SI206_shuffled,35,76
speed_1s_stage3_col1_std_over_mean,0.01253247574610288,SI206_shuffled,35,76
speed_1s_stage3_col2_mean,0.01479247658140207,SI206_shuffled,35,76
speed_1s_stage3_col2_std_over_mean,0.015102475199535883,SI206_shuffled,35,76
speed_1s_stage4_rows,0.008160248964504369,SI206_shuffled,35,76
speed_1s_stage4_col1_mean,0.054604475439961095,SI206_shuffled,35,76
speed_1s_stage4_col1_std_over_mean,0.010586219204359669,SI206_shuffled,35,76
speed_1s_stage4_col2_mean,0.012859515028726181,SI206_shuffled,35,76
speed_1s_stage4_col2_std_over_mean,0.03161249994063684,SI206_shuffled,35,76
speed_1s_stage5_rows,0.0004410007222490577,SI206_shuffled,35,76
speed_1s_stage5_col1_mean,0.03918192062530728,SI206_shuffled,35,76
speed_1s_stage5_col1_std_over_mean,0.020777788036533015,SI206_shuffled,35,76
speed_1s_stage5_col2_mean,0.010243751848523368,SI206_shuffled,35,76
speed_1s_stage5_col2_std_over_mean,0.01679581990259037,SI206_shuffled,35,76
speed_10s_avg_rows,0.00914607674785361,SI206_shuffled,35,76
speed_10s_avg_stage2_rows,0.007586868106542514,SI206_shuffled,35,76
speed_10s_avg_stage2_col1_mean,0.011436381981552599,SI206_shuffled,35,76
speed_10s_avg_stage2_col1_std_over_mean,0.004544917843126232,SI206_shuffled,35,76
speed_10s_avg_stage2_col2_mean,0.015448118236923587,SI206_shuffled,35,76
speed_10s_avg_stage2_col2_std_over_mean,0.010323386647125909,SI206_shuffled,35,76
speed_10s_avg_stage3_rows,0.0033899171489565204,SI206_shuffled,35,76
speed_10s_avg_stage3_col1_mean,0.021602584177358032,SI206_shuffled,35,76
speed_10s_avg_stage3_col1_std_over_mean,0.013403999944317013,SI206_shuffled,35,76
speed_10s_avg_stage3_col2_mean,0.015284833781074234,SI206_shuffled,35,76
speed_10s_avg_stage3_col2_std_over_mean,0.024248809721343956,SI206_shuffled,35,76
speed_10s_avg_stage4_rows,0.008098140214772717,SI206_shuffled,35,76
speed_10s_avg_stage4_col1_mean,0.07605114460571238,SI206_shuffled,35,76
speed_10s_avg_stage4_col1_std_over_mean,0.033737926156999845,SI206_shuffled,35,76
speed_10s_avg_stage4_col2_mean,0.010888283550992375,SI206_shuffled,35,76
speed_10s_avg_stage4_col2_std_over_mean,0.029684081765732184,SI206_shuffled,35,76
speed_10s_avg_stage5_rows,3.982675362174538e-06,SI206_shuffled,35,76
speed_10s_avg_stage5_col1_mean,0.03495923395593443,SI206_shuffled,35,76
speed_10s_avg_stage5_col1_std_over_mean,0.013017355321755485,SI206_shuffled,35,76
speed_10s_avg_stage5_col2_mean,0.015065226281646788,SI206_shuffled,35,76
speed_10s_avg_stage5_col2_std_over_mean,0.010607811664529303,SI206_shuffled,35,76
stage_2_frames,0.0773403163196995,SI206_shuffled,36,77
stage_3_frames,0.007862491818911872,SI206_shuffled,36,77
stage_4_frames,0.005318645118602772,SI206_shuffled,36,77
stage_5_frames,0.004058718704831846,SI206_shuffled,36,77
roam_mean,0.003731016889621256,SI206_shuffled,36,77
roam_std_over_mean,0.06656660281443884,SI206_shuffled,36,77
roam_early_mean,0.013754921968214774,SI206_shuffled,36,77
roam_mid_mean,0.04231547624494268,SI206_shuffled,36,77
roam_late_mean,0.021548485850899687,SI206_shuffled,36,77
roam_slope,0.11940561193466981,SI206_shuffled,36,77
speed_1s_rows,0.01625493503209608,SI206_shuffled,36,77
speed_1s_stage2_rows,0.007357833870171575,SI206_shuffled,36,77
speed_1s_stage2_col1_mean,0.02137904314802796,SI206_shuffled,36,77
speed_1s_stage2_col1_std_over_mean,0.03162871682089253,SI206_shuffled,36,77
speed_1s_stage2_col2_mean,0.007654509992228561,SI206_shuffled,36,77
speed_1s_stage2_col2_std_over_mean,0.020813768808125143,SI206_shuffled,36,77
speed_1s_stage3_rows,0.00587903801895534,SI206_shuffled,36,77
speed_1s_stage3_col1_mean,0.01444467610597911,SI206_shuffled,36,77
speed_1s_stage3_col1_std_over_mean,0.014957127342950963,SI206_shuffled,36,77
speed_1s_stage3_col2_mean,0.007799315024174295,SI206_shuffled,36,77
speed_1s_stage3_col2_std_over_mean,0.015823520913208412,SI206_shuffled,36,77
speed_1s_stage4_rows,0.0045413977272183905,SI206_shuffled,36,77
speed_1s_stage4_col1_mean,0.026712698474368725,SI206_shuffled,36,77
speed_1s_stage4_col1_std_over_mean,0.009257795904199981,SI206_shuffled,36,77
speed_1s_stage4_col2_mean,0.010449139834565581,SI206_shuffled,36,77
speed_1s_stage4_col2_std_over_mean,0.04931645594749594,SI206_shuffled,36,77
speed_1s_stage5_rows,0.0,SI206_shuffled,36,77
speed_1s_stage5_col1_mean,0.02455479744636213,SI206_shuffled,36,77
speed_1s_stage5_col1_std_over_mean,0.0177826460935212,SI206_shuffled,36,77
speed_1s_stage5_col2_mean,0.008222851105642588,SI206_shuffled,36,77
speed_1s_stage5_col2_std_over_mean,0.012516190422719155,SI206_shuffled,36,77
speed_10s_avg_rows,0.01824801206657989,SI206_shuffled,36,77
speed_10s_avg_stage2_rows,0.010621288232567456,SI206_shuffled,36,77
speed_10s_avg_stage2_col1_mean,0.01968462435685191,SI206_shuffled,36,77
speed_10s_avg_stage2_col1_std_over_mean,0.006954108445094618,SI206_shuffled,36,77
speed_10s_avg_stage2_col2_mean,0.014236732533297193,SI206_shuffled,36,77
speed_10s_avg_stage2_col2_std_over_mean,0.009851482767194617,SI206_shuffled,36,77
speed_10s_avg_stage3_rows,0.005707801717565465,SI206_shuffled,36,77
speed_10s_avg_stage3_col1_mean,0.011311789010832336,SI206_shuffled,36,77
speed_10s_avg_stage3_col1_std_over_mean,0.005997582667436398,SI206_shuffled,36,77
speed_10s_avg_stage3_col2_mean,0.005798200085983609,SI206_shuffled,36,77
speed_10s_avg_stage3_col2_std_over_mean,0.021910409450005535,SI206_shuffled,36,77
speed_10s_avg_stage4_rows,0.004365784917541711,SI206_shuffled,36,77
speed_10s_avg_stage4_col1_mean,0.021094425749479534,SI206_shuffled,36,77
speed_10s_avg_stage4_col1_std_over_mean,0.013804991780032668,SI206_shuffled,36,77
speed_10s_avg_stage4_col2_mean,0.008244105556304109,SI206_shuffled,36,77
speed_10s_avg_stage4_col2_std_over_mean,0.02348849639806461,SI206_shuffled,36,77
speed_10s_avg_stage5_rows,0.0,SI206_shuffled,36,77
speed_10s_avg_stage5_col1_mean,0.02198144792513244,SI206_shuffled,36,77
speed_10s_avg_stage5_col1_std_over_mean,0.06326819089149961,SI206_shuffled,36,77
speed_10s_avg_stage5_col2_mean,0.013678960025332728,SI206_shuffled,36,77
speed_10s_avg_stage5_col2_std_over_mean,0.010502819725466869,SI206_shuffled,36,77
stage_2_frames,0.02416409286628639,SI206_shuffled,37,78
stage_3_frames,0.03191329501013412,SI206_shuffled,37,78
stage_4_frames,0.006557497298001604,SI206_shuffled,37,78
stage_5_frames,0.004578007729913981,SI206_shuffled,37,78
roam_mean,0.006154207120374248,SI206_shuffled,37,78
roam_std_over_mean,0.02885794408404516,SI206_shuffled,37,78
roam_early_mean,0.011122215693856633,SI206_shuffled,37,78
roam_mid_mean,0.09946478527899225,SI206_shuffled,37,78
roam_late_mean,0.015873518540533968,SI206_shuffled,37,78
roam_slope,0.08051193796208966,SI206_shuffled,37,78
speed_1s_rows,0.026408374993519577,SI206_shuffled,37,78
speed_1s_stage2_rows,0.03148006562751608,SI206_shuffled,37,78
speed_1s_stage2_col1_mean,0.01088015867047406,SI206_shuffled,37,78
speed_1s_stage2_col1_std_over_mean,0.015336474498698141,SI206_shuffled,37,78
speed_1s_stage2_col2_mean,0.010725008061497041,SI206_shuffled,37,78
speed_1s_stage2_col2_std_over_mean,0.034532886266891466,SI206_shuffled,37,78
speed_1s_stage3_rows,0.005780332832580022,SI206_shuffled,37,78
speed_1s_stage3_col1_mean,0.013834240447586856,SI206_shuffled,37,78
speed_1s_stage3_col1_std_over_mean,0.011073833505881243,SI206_shuffled,37,78
speed_1s_stage3_col2_mean,0.01204071056630451,SI206_shuffled,37,78
speed_1s_stage3_col2_std_over_mean,0.019436195295945903,SI206_shuffled,37,78
speed_1s_stage4_rows,0.005138532179007532,SI206_shuffled,37,78
speed_1s_stage4_col1_mean,0.01653947259959384,SI206_shuffled,37,78
speed_1s_stage4_col1_std_over_mean,0.008525612286174078,SI206_shuffled,37,78
speed_1s_stage4_col2_mean,0.006633658810113841,SI206_shuffled,37,78
speed_1s_stage4_col2_std_over_mean,0.019408213792301583,SI206_shuffled,37,78
speed_1s_stage5_rows,3.6299655547098124e-05,SI206_shuffled,37,78
speed_1s_stage5_col1_mean,0.03808761370345251,SI206_shuffled,37,78
speed_1s_stage5_col1_std_over_mean,0.01388642814158783,SI206_shuffled,37,78
speed_1s_stage5_col2_mean,0.004622353842141927,SI206_shuffled,37,78
speed_1s_stage5_col2_std_over_mean,0.02305678976824004,SI206_shuffled,37,78
speed_10s_avg_rows,0.022891868284774634,SI206_shuffled,37,78
speed_10s_avg_stage2_rows,0.02872751364844919,SI206_shuffled,37,78
speed_10s_avg_stage2_col1_mean,0.011648297304431956,SI206_shuffled,37,78
speed_10s_avg_stage2_col1_std_over_mean,0.013382556086472356,SI206_shuffled,37,78
speed_10s_avg_stage2_col2_mean,0.013615725534387875,SI206_shuffled,37,78
speed_10s_avg_stage2_col2_std_over_mean,0.0053395433652063595,SI206_shuffled,37,78
speed_10s_avg_stage3_rows,0.007861954222276436,SI206_shuffled,37,78
speed_10s_avg_stage3_col1_mean,0.01554743337925698,SI206_shuffled,37,78
speed_10s_avg_stage3_col1_std_over_mean,0.005002431481931277,SI206_shuffled,37,78
speed_10s_avg_stage3_col2_mean,0.011709983815685934,SI206_shuffled,37,78
speed_10s_avg_stage3_col2_std_over_mean,0.047545717755270146,SI206_shuffled,37,78
speed_10s_avg_stage4_rows,0.0074261707589028175,SI206_shuffled,37,78
speed_10s_avg_stage4_col1_mean,0.017401800322110576,SI206_shuffled,37,78
speed_10s_avg_stage4_col1_std_over_mean,0.014162414263052028,SI206_shuffled,37,78
speed_10s_avg_stage4_col2_mean,0.004101509381282834,SI206_shuffled,37,78
speed_10s_avg_stage4_col2_std_over_mean,0.04880848181650731,SI206_shuffled,37,78
speed_10s_avg_stage5_rows,0.0002162336516557811,SI206_shuffled,37,78
speed_10s_avg_stage5_col1_mean,0.03115866726873054,SI206_shuffled,37,78
speed_10s_avg_stage5_col1_std_over_mean,0.04487476558984106,SI206_shuffled,37,78
speed_10s_avg_stage5_col2_mean,0.00417343496229716,SI206_shuffled,37,78
speed_10s_avg_stage5_col2_std_over_mean,0.007742739978193703,SI206_shuffled,37,78
stage_2_frames,0.03497815158613205,SI206_shuffled,38,79
stage_3_frames,0.01353626201732205,SI206_shuffled,38,79
stage_4_frames,0.007416958247859121,SI206_shuffled,38,79
stage_5_frames,0.00761286361263758,SI206_shuffled,38,79
roam_mean,0.006584754373169586,SI206_shuffled,38,79
roam_std_over_mean,0.09018069736547148,SI206_shuffled,38,79
roam_early_mean,0.013938779232739206,SI206_shuffled,38,79
roam_mid_mean,0.04792805468760896,SI206_shuffled,38,79
roam_late_mean,0.015352030574974787,SI206_shuffled,38,79
roam_slope,0.08043453205860306,SI206_shuffled,38,79
speed_1s_rows,0.014547775524466459,SI206_shuffled,38,79
speed_1s_stage2_rows,0.010337752751196819,SI206_shuffled,38,79
speed_1s_stage2_col1_mean,0.017024792238217998,SI206_shuffled,38,79
speed_1s_stage2_col1_std_over_mean,0.009925076264564382,SI206_shuffled,38,79
speed_1s_stage2_col2_mean,0.009189668668826478,SI206_shuffled,38,79
speed_1s_stage2_col2_std_over_mean,0.019262299055300837,SI206_shuffled,38,79
speed_1s_stage3_rows,0.008128573506456798,SI206_shuffled,38,79
speed_1s_stage3_col1_mean,0.012090303065784918,SI206_shuffled,38,79
speed_1s_stage3_col1_std_over_mean,0.012712432903508602,SI206_shuffled,38,79
speed_1s_stage3_col2_mean,0.012279548656448713,SI206_shuffled,38,79
speed_1s_stage3_col2_std_over_mean,0.02956690896271838,SI206_shuffled,38,79
speed_1s_stage4_rows,0.00757418417847962,SI206_shuffled,38,79
speed_1s_stage4_col1_mean,0.04590342649808559,SI206_shuffled,38,79
speed_1s_stage4_col1_std_over_mean,0.00839880667016624,SI206_shuffled,38,79
speed_1s_stage4_col2_mean,0.007701406597212411,SI206_shuffled,38,79
speed_1s_stage4_col2_std_over_mean,0.025839796896350825,SI206_shuffled,38,79
speed_1s_stage5_rows,0.0004431286264380848,SI206_shuffled,38,79
speed_1s_stage5_col1_mean,0.015902695408826967,SI206_shuffled,38,79
speed_1s_stage5_col1_std_over_mean,0.014253201849849947,SI206_shuffled,38,79
speed_1s_stage5_col2_mean,0.012279401333676162,SI206_shuffled,38,79
speed_1s_stage5_col2_std_over_mean,0.05186474027831465,SI206_shuffled,38,79
speed_10s_avg_rows,0.014762885318415695,SI206_shuffled,38,79
speed_10s_avg_stage2_rows,0.01896091176746967,SI206_shuffled,38,79
speed_10s_avg_stage2_col1_mean,0.022072082494519685,SI206_shuffled,38,79
speed_10s_avg_stage2_col1_std_over_mean,0.008517644356350015,SI206_shuffled,38,79
speed_10s_avg_stage2_col2_mean,0.006904033468303382,SI206_shuffled,38,79
speed_10s_avg_stage2_col2_std_over_mean,0.008448086674861618,SI206_shuffled,38,79
speed_10s_avg_stage3_rows,0.008279643735932398,SI206_shuffled,38,79
speed_10s_avg_stage3_col1_mean,0.015709117065633556,SI206_shuffled,38,79
speed_10s_avg_stage3_col1_std_over_mean,0.005996227959272571,SI206_shuffled,38,79
speed_10s_avg_stage3_col2_mean,0.011003672637018696,SI206_shuffled,38,79
speed_10s_avg_stage3_col2_std_over_mean,0.015032513578770806,SI206_shuffled,38,79
speed_10s_avg_stage4_rows,0.004814601688553748,SI206_shuffled,38,79
speed_10s_avg_stage4_col1_mean,0.04415304720333524,SI206_shuffled,38,79
speed_10s_avg_stage4_col1_std_over_mean,0.024830173098360858,SI206_shuffled,38,79
speed_10s_avg_stage4_col2_mean,0.011016417549906768,SI206_shuffled,38,79
speed_10s_avg_stage4_col2_std_over_mean,0.04582761680414425,SI206_shuffled,38,79
speed_10s_avg_stage5_rows,0.0010869022682524518,SI206_shuffled,38,79
speed_10s_avg_stage5_col1_mean,0.01777778961219535,SI206_shuffled,38,79
speed_10s_avg_stage5_col1_std_over_mean,0.03152948983017069,SI206_shuffled,38,79
speed_10s_avg_stage5_col2_mean,0.00843202784322187,SI206_shuffled,38,79
speed_10s_avg_stage5_col2_std_over_mean,0.011656111353901998,SI206_shuffled,38,79
stage_2_frames,0.02825568156242037,SI206_shuffled,39,80
stage_3_frames,0.01114187749681348,SI206_shuffled,39,80
stage_4_frames,0.00551054291710661,SI206_shuffled,39,80
stage_5_frames,0.008944321441033092,SI206_shuffled,39,80
roam_mean,0.00649357615319725,SI206_shuffled,39,80
roam_std_over_mean,0.06977785864709621,SI206_shuffled,39,80
roam_early_mean,0.013274578478644074,SI206_shuffled,39,80
roam_mid_mean,0.07057973332451584,SI206_shuffled,39,80
roam_late_mean,0.01362088299978321,SI206_shuffled,39,80
roam_slope,0.06620914683807366,SI206_shuffled,39,80
speed_1s_rows,0.016297849489204617,SI206_shuffled,39,80
speed_1s_stage2_rows,0.006452213174656983,SI206_shuffled,39,80
speed_1s_stage2_col1_mean,0.024235486255647094,SI206_shuffled,39,80
speed_1s_stage2_col1_std_over_mean,0.011565726016830707,SI206_shuffled,39,80
speed_1s_stage2_col2_mean,0.015478272047347951,SI206_shuffled,39,80
speed_1s_stage2_col2_std_over_mean,0.027834898540108042,SI206_shuffled,39,80
speed_1s_stage3_rows,0.005970962102836025,SI206_shuffled,39,80
speed_1s_stage3_col1_mean,0.011612571392694405,SI206_shuffled,39,80
speed_1s_stage3_col1_std_over_mean,0.02523658463028964,SI206_shuffled,39,80
speed_1s_stage3_col2_mean,0.0071414566678907054,SI206_shuffled,39,80
speed_1s_stage3_col2_std_over_mean,0.01864973236125883,SI206_shuffled,39,80
speed_1s_stage4_rows,0.007969702772802002,SI206_shuffled,39,80
speed_1s_stage4_col1_mean,0.02827846086495277,SI206_shuffled,39,80
speed_1s_stage4_col1_std_over_mean,0.016929908755549897,SI206_shuffled,39,80
speed_1s_stage4_col2_mean,0.011571885824113951,SI206_shuffled,39,80
speed_1s_stage4_col2_std_over_mean,0.018594188379850052,SI206_shuffled,39,80
speed_1s_stage5_rows,4.8263897117004675e-05,SI206_shuffled,39,80
speed_1s_stage5_col1_mean,0.04178124476933519,SI206_shuffled,39,80
speed_1s_stage5_col1_std_over_mean,0.027189021644183412,SI206_shuffled,39,80
speed_1s_stage5_col2_mean,0.009679353915440374,SI206_shuffled,39,80
speed_1s_stage5_col2_std_over_mean,0.017956732593446562,SI206_shuffled,39,80
speed_10s_avg_rows,0.012558772213521259,SI206_shuffled,39,80
speed_10s_avg_stage2_rows,0.00772440588855906,SI206_shuffled,39,80
speed_10s_avg_stage2_col1_mean,0.025150436292927177,SI206_shuffled,39,80
speed_10s_avg_stage2_col1_std_over_mean,0.009597535787719567,SI206_shuffled,39,80
speed_10s_avg_stage2_col2_mean,0.014963768571534093,SI206_shuffled,39,80
speed_10s_avg_stage2_col2_std_over_mean,0.011729313856942647,SI206_shuffled,39,80
speed_10s_avg_stage3_rows,0.008038530513275242,SI206_shuffled,39,80
speed_10s_avg_stage3_col1_mean,0.009895238710865428,SI206_shuffled,39,80
speed_10s_avg_stage3_col1_std_over_mean,0.010868044200874012,SI206_shuffled,39,80
speed_10s_avg_stage3_col2_mean,0.009256489162217827,SI206_shuffled,39,80
speed_10s_avg_stage3_col2_std_over_mean,0.033149907917124175,SI206_shuffled,39,80
speed_10s_avg_stage4_rows,0.0039340277414667965,SI206_shuffled,39,80
speed_10s_avg_stage4_col1_mean,0.03871854144862528,SI206_shuffled,39,80
speed_10s_avg_stage4_col1_std_over_mean,0.021383197170006918,SI206_shuffled,39,80
speed_10s_avg_stage4_col2_mean,0.009058217033348807,SI206_shuffled,39,80
speed_10s_avg_stage4_col2_std_over_mean,0.03071169946222412,SI206_shuffled,39,80
speed_10s_avg_stage5_rows,1.990384559707415e-05,SI206_shuffled,39,80
speed_10s_avg_stage5_col1_mean,0.04092472934664802,SI206_shuffled,39,80
speed_10s_avg_stage5_col1_std_over_mean,0.04116357656233678,SI206_shuffled,39,80
speed_10s_avg_stage5_col2_mean,0.009696493820695892,SI206_shuffled,39,80
speed_10s_avg_stage5_col2_std_over_mean,0.007174454499249901,SI206_shuffled,39,80
stage_2_frames,0.03231338500842145,SI206_shuffled,40,81
stage_3_frames,0.011976806750354523,SI206_shuffled,40,81
stage_4_frames,0.009941938019001041,SI206_shuffled,40,81
stage_5_frames,0.005654166082835666,SI206_shuffled,40,81
roam_mean,0.013527009974769442,SI206_shuffled,40,81
roam_std_over_mean,0.07456737832157541,SI206_shuffled,40,81
roam_early_mean,0.010924648738078168,SI206_shuffled,40,81
roam_mid_mean,0.04234465982455273,SI206_shuffled,40,81
roam_late_mean,0.01215671989582616,SI206_shuffled,40,81
roam_slope,0.05146911976224717,SI206_shuffled,40,81
speed_1s_rows,0.008448820861271453,SI206_shuffled,40,81
speed_1s_stage2_rows,0.019280445987984375,SI206_shuffled,40,81
speed_1s_stage2_col1_mean,0.014156033164143392,SI206_shuffled,40,81
speed_1s_stage2_col1_std_over_mean,0.009665481204880772,SI206_shuffled,40,81
speed_1s_stage2_col2_mean,0.012306975519478397,SI206_shuffled,40,81
speed_1s_stage2_col2_std_over_mean,0.025523766024516517,SI206_shuffled,40,81
speed_1s_stage3_rows,0.004580856304983031,SI206_shuffled,40,81
speed_1s_stage3_col1_mean,0.01424446799287754,SI206_shuffled,40,81
speed_1s_stage3_col1_std_over_mean,0.012737708380853825,SI206_shuffled,40,81
speed_1s_stage3_col2_mean,0.014736332122819414,SI206_shuffled,40,81
speed_1s_stage3_col2_std_over_mean,0.03352301117073342,SI206_shuffled,40,81
speed_1s_stage4_rows,0.005024030492239674,SI206_shuffled,40,81
speed_1s_stage4_col1_mean,0.034783189871660104,SI206_shuffled,40,81
speed_1s_stage4_col1_std_over_mean,0.013944474354290918,SI206_shuffled,40,81
speed_1s_stage4_col2_mean,0.007520608160138676,SI206_shuffled,40,81
speed_1s_stage4_col2_std_over_mean,0.02754514256250537,SI206_shuffled,40,81
speed_1s_stage5_rows,0.00025993879903486174,SI206_shuffled,40,81
speed_1s_stage5_col1_mean,0.029716455207445095,SI206_shuffled,40,81
speed_1s_stage5_col1_std_over_mean,0.02630209111009605,SI206_shuffled,40,81
speed_1s_stage5_col2_mean,0.01222745495711553,SI206_shuffled,40,81
speed_1s_stage5_col2_std_over_mean,0.03052595995668355,SI206_shuffled,40,81
speed_10s_avg_rows,0.009428000404787383,SI206_shuffled,40,81
speed_10s_avg_stage2_rows,0.013025203495420416,SI206_shuffled,40,81
speed_10s_avg_stage2_col1_mean,0.013730175219437783,SI206_shuffled,40,81
speed_10s_avg_stage2_col1_std_over_mean,0.011093001618328796,SI206_shuffled,40,81
speed_10s_avg_stage2_col2_mean,0.008929061794102595,SI206_shuffled,40,81
speed_10s_avg_stage2_col2_std_over_mean,0.013807926315261669,SI206_shuffled,40,81
speed_10s_avg_stage3_rows,0.008519791956367083,SI206_shuffled,40,81
speed_10s_avg_stage3_col1_mean,0.013075036472925836,SI206_shuffled,40,81
speed_10s_avg_stage3_col1_std_over_mean,0.009626808549540556,SI206_shuffled,40,81
speed_10s_avg_stage3_col2_mean,0.010652637497156477,SI206_shuffled,40,81
speed_10s_avg_stage3_col2_std_over_mean,0.03811977274209076,SI206_shuffled,40,81
speed_10s_avg_stage4_rows,0.005388334025549233,SI206_shuffled,40,81
speed_10s_avg_stage4_col1_mean,0.03194501172926582,SI206_shuffled,40,81
speed_10s_avg_stage4_col1_std_over_mean,0.021814940288197752,SI206_shuffled,40,81
speed_10s_avg_stage4_col2_mean,0.007583164097789187,SI206_shuffled,40,81
speed_10s_avg_stage4_col2_std_over_mean,0.06198049794445494,SI206_shuffled,40,81
speed_10s_avg_stage5_rows,2.8889117239569667e-05,SI206_shuffled,40,81
speed_10s_avg_stage5_col1_mean,0.029921513546733298,SI206_shuffled,40,81
speed_10s_avg_stage5_col1_std_over_mean,0.03985357169411522,SI206_shuffled,40,81
speed_10s_avg_stage5_col2_mean,0.008799857304342226,SI206_shuffled,40,81
speed_10s_avg_stage5_col2_std_over_mean,0.02074772760347973,SI206_shuffled,40,81
stage_2_frames,0.06319875516573754,SI206_shuffled,41,82
stage_3_frames,0.00941151134715108,SI206_shuffled,41,82
stage_4_frames,0.00613556579212998,SI206_shuffled,41,82
stage_5_frames,0.0028699503641451338,SI206_shuffled,41,82
roam_mean,0.008235729031161527,SI206_shuffled,41,82
roam_std_over_mean,0.03362009213694636,SI206_shuffled,41,82
roam_early_mean,0.014065300481263436,SI206_shuffled,41,82
roam_mid_mean,0.05709515537085391,SI206_shuffled,41,82
roam_late_mean,0.014314714496106393,SI206_shuffled,41,82
roam_slope,0.049622635338631725,SI206_shuffled,41,82
speed_1s_rows,0.00975459806855932,SI206_shuffled,41,82
speed_1s_stage2_rows,0.004356570642675295,SI206_shuffled,41,82
speed_1s_stage2_col1_mean,0.02065936951421244,SI206_shuffled,41,82
speed_1s_stage2_col1_std_over_mean,0.006518904401076482,SI206_shuffled,41,82
speed_1s_stage2_col2_mean,0.008392831930392183,SI206_shuffled,41,82
speed_1s_stage2_col2_std_over_mean,0.032281044265359625,SI206_shuffled,41,82
speed_1s_stage3_rows,0.007608993692415233,SI206_shuffled,41,82
speed_1s_stage3_col1_mean,0.02475886983524316,SI206_shuffled,41,82
speed_1s_stage3_col1_std_over_mean,0.033026370394949885,SI206_shuffled,41,82
speed_1s_stage3_col2_mean,0.012513670317521274,SI206_shuffled,41,82
speed_1s_stage3_col2_std_over_mean,0.01720071702781688,SI206_shuffled,41,82
speed_1s_stage4_rows,0.005999988399627113,SI206_shuffled,41,82
speed_1s_stage4_col1_mean,0.014559616407538369,SI206_shuffled,41,82
speed_1s_stage4_col1_std_over_mean,0.011314233464997703,SI206_shuffled,41,82
speed_1s_stage4_col2_mean,0.013484852861533421,SI206_shuffled,41,82
speed_1s_stage4_col2_std_over_mean,0.01403145459135567,SI206_shuffled,41,82
speed_1s_stage5_rows,0.0,SI206_shuffled,41,82
speed_1s_stage5_col1_mean,0.027193244540001535,SI206_shuffled,41,82
speed_1s_stage5_col1_std_over_mean,0.025674308493286117,SI206_shuffled,41,82
speed_1s_stage5_col2_mean,0.009831085021670844,SI206_shuffled,41,82
speed_1s_stage5_col2_std_over_mean,0.01631834091834356,SI206_shuffled,41,82
speed_10s_avg_rows,0.011933322841502409,SI206_shuffled,41,82
speed_10s_avg_stage2_rows,0.00836552126767077,SI206_shuffled,41,82
speed_10s_avg_stage2_col1_mean,0.020394086373917358,SI206_shuffled,41,82
speed_10s_avg_stage2_col1_std_over_mean,0.00917445318037443,SI206_shuffled,41,82
speed_10s_avg_stage2_col2_mean,0.01078267746226353,SI206_shuffled,41,82
speed_10s_avg_stage2_col2_std_over_mean,0.014529516646199584,SI206_shuffled,41,82
speed_10s_avg_stage3_rows,0.010649818116364678,SI206_shuffled,41,82
speed_10s_avg_stage3_col1_mean,0.02538804939298421,SI206_shuffled,41,82
speed_10s_avg_stage3_col1_std_over_mean,0.014667053994139674,SI206_shuffled,41,82
speed_10s_avg_stage3_col2_mean,0.01764100979807598,SI206_shuffled,41,82
speed_10s_avg_stage3_col2_std_over_mean,0.02913605324709928,SI206_shuffled,41,82
speed_10s_avg_stage4_rows,0.006061607142290187,SI206_shuffled,41,82
speed_10s_avg_stage4_col1_mean,0.016861905987158123,SI206_shuffled,41,82
speed_10s_avg_stage4_col1_std_over_mean,0.014532270438394414,SI206_shuffled,41,82
speed_10s_avg_stage4_col2_mean,0.015552003533678195,SI206_shuffled,41,82
speed_10s_avg_stage4_col2_std_over_mean,0.07219234456405822,SI206_shuffled,41,82
speed_10s_avg_stage5_rows,0.0,SI206_shuffled,41,82
speed_10s_avg_stage5_col1_mean,0.03543315741766474,SI206_shuffled,41,82
speed_10s_avg_stage5_col1_std_over_mean,0.07281192951877595,SI206_shuffled,41,82
speed_10s_avg_stage5_col2_mean,0.005887167124212842,SI206_shuffled,41,82
speed_10s_avg_stage5_col2_std_over_mean,0.013957577640472157,SI206_shuffled,41,82
stage_2_frames,0.07068232451139408,SI206_shuffled,42,83
stage_3_frames,0.007522085119041387,SI206_shuffled,42,83
stage_4_frames,0.0054676237026802165,SI206_shuffled,42,83
stage_5_frames,0.007370051395821896,SI206_shuffled,42,83
roam_mean,0.006895528163203945,SI206_shuffled,42,83
roam_std_over_mean,0.03819545862762944,SI206_shuffled,42,83
roam_early_mean,0.01876682451397609,SI206_shuffled,42,83
roam_mid_mean,0.04189648508017493,SI206_shuffled,42,83
roam_late_mean,0.027683949574041165,SI206_shuffled,42,83
roam_slope,0.07405241129904053,SI206_shuffled,42,83
speed_1s_rows,0.011270827350087229,SI206_shuffled,42,83
speed_1s_stage2_rows,0.005096596239099109,SI206_shuffled,42,83
speed_1s_stage2_col1_mean,0.01590715117118947,SI206_shuffled,42,83
speed_1s_stage2_col1_std_over_mean,0.008422706974703077,SI206_shuffled,42,83
speed_1s_stage2_col2_mean,0.008378645782315779,SI206_shuffled,42,83
speed_1s_stage2_col2_std_over_mean,0.031510742940415164,SI206_shuffled,42,83
speed_1s_stage3_rows,0.004819380321214542,SI206_shuffled,42,83
speed_1s_stage3_col1_mean,0.011611646511279168,SI206_shuffled,42,83
speed_1s_stage3_col1_std_over_mean,0.00959262756303348,SI206_shuffled,42,83
speed_1s_stage3_col2_mean,0.0246957509510747,SI206_shuffled,42,83
speed_1s_stage3_col2_std_over_mean,0.021739004338468253,SI206_shuffled,42,83
speed_1s_stage4_rows,0.006899175370614512,SI206_shuffled,42,83
speed_1s_stage4_col1_mean,0.01842571589034288,SI206_shuffled,42,83
speed_1s_stage4_col1_std_over_mean,0.019464781626891275,SI206_shuffled,42,83
speed_1s_stage4_col2_mean,0.00811697946053748,SI206_shuffled,42,83
speed_1s_stage4_col2_std_over_mean,0.012648554019585085,SI206_shuffled,42,83
speed_1s_stage5_rows,0.0,SI206_shuffled,42,83
speed_1s_stage5_col1_mean,0.022819841743758274,SI206_shuffled,42,83
speed_1s_stage5_col1_std_over_mean,0.01926089474275438,SI206_shuffled,42,83
speed_1s_stage5_col2_mean,0.02144264697591005,SI206_shuffled,42,83
speed_1s_stage5_col2_std_over_mean,0.03399560502589211,SI206_shuffled,42,83
speed_10s_avg_rows,0.015361245670791723,SI206_shuffled,42,83
speed_10s_avg_stage2_rows,0.010827690698780009,SI206_shuffled,42,83
speed_10s_avg_stage2_col1_mean,0.024855543505991184,SI206_shuffled,42,83
speed_10s_avg_stage2_col1_std_over_mean,0.004088066402488471,SI206_shuffled,42,83
speed_10s_avg_stage2_col2_mean,0.013498420295856736,SI206_shuffled,42,83
speed_10s_avg_stage2_col2_std_over_mean,0.010774889346141093,SI206_shuffled,42,83
speed_10s_avg_stage3_rows,0.005176743992951873,SI206_shuffled,42,83
speed_10s_avg_stage3_col1_mean,0.01635836806106539,SI206_shuffled,42,83
speed_10s_avg_stage3_col1_std_over_mean,0.01672350637410933,SI206_shuffled,42,83
speed_10s_avg_stage3_col2_mean,0.02327721239311893,SI206_shuffled,42,83
speed_10s_avg_stage3_col2_std_over_mean,0.028066871987036328,SI206_shuffled,42,83
speed_10s_avg_stage4_rows,0.00355402081640045,SI206_shuffled,42,83
speed_10s_avg_stage4_col1_mean,0.026977497156297416,SI206_shuffled,42,83
speed_10s_avg_stage4_col1_std_over_mean,0.012046924562745804,SI206_shuffled,42,83
speed_10s_avg_stage4_col2_mean,0.012075098251545081,SI206_shuffled,42,83
speed_10s_avg_stage4_col2_std_over_mean,0.051978462331346495,SI206_shuffled,42,83
speed_10s_avg_stage5_rows,0.0,SI206_shuffled,42,83
speed_10s_avg_stage5_col1_mean,0.017994014550455344,SI206_shuffled,42,83
speed_10s_avg_stage5_col1_std_over_mean,0.048406977678690406,SI206_shuffled,42,83
speed_10s_avg_stage5_col2_mean,0.029416985355665334,SI206_shuffled,42,83
speed_10s_avg_stage5_col2_std_over_mean,0.013889443582352855,SI206_shuffled,42,83
stage_2_frames,0.01687474444573119,SI206_shuffled,43,84
stage_3_frames,0.008683367111570072,SI206_shuffled,43,84
stage_4_frames,0.005756777878362897,SI206_shuffled,43,84
stage_5_frames,0.005629382843299749,SI206_shuffled,43,84
roam_mean,0.0074451589835538914,SI206_shuffled,43,84
roam_std_over_mean,0.03943389797869061,SI206_shuffled,43,84
roam_early_mean,0.014401179380352324,SI206_shuffled,43,84
roam_mid_mean,0.014150074492344462,SI206_shuffled,43,84
roam_late_mean,0.012102375478805555,SI206_shuffled,43,84
roam_slope,0.060552339470059724,SI206_shuffled,43,84
speed_1s_rows,0.00800262839975227,SI206_shuffled,43,84
speed_1s_stage2_rows,0.012002465287579952,SI206_shuffled,43,84
speed_1s_stage2_col1_mean,0.013219663017522058,SI206_shuffled,43,84
speed_1s_stage2_col1_std_over_mean,0.010966829844887982,SI206_shuffled,43,84
speed_1s_stage2_col2_mean,0.020670309869086405,SI206_shuffled,43,84
speed_1s_stage2_col2_std_over_mean,0.08288046430911596,SI206_shuffled,43,84
speed_1s_stage3_rows,0.010422695555595593,SI206_shuffled,43,84
speed_1s_stage3_col1_mean,0.019367007255429038,SI206_shuffled,43,84
speed_1s_stage3_col1_std_over_mean,0.014915495813012785,SI206_shuffled,43,84
speed_1s_stage3_col2_mean,0.009386274705006982,SI206_shuffled,43,84
speed_1s_stage3_col2_std_over_mean,0.02146553234311504,SI206_shuffled,43,84
speed_1s_stage4_rows,0.00591942042527024,SI206_shuffled,43,84
speed_1s_stage4_col1_mean,0.071109838457295,SI206_shuffled,43,84
speed_1s_stage4_col1_std_over_mean,0.01312440004909804,SI206_shuffled,43,84
speed_1s_stage4_col2_mean,0.013158628360913046,SI206_shuffled,43,84
speed_1s_stage4_col2_std_over_mean,0.045659285147623865,SI206_shuffled,43,84
speed_1s_stage5_rows,5.429127267791698e-06,SI206_shuffled,43,84
speed_1s_stage5_col1_mean,0.030309423692375593,SI206_shuffled,43,84
speed_1s_stage5_col1_std_over_mean,0.02268293688807467,SI206_shuffled,43,84
speed_1s_stage5_col2_mean,0.006725995851801157,SI206_shuffled,43,84
speed_1s_stage5_col2_std_over_mean,0.011977749985954267,SI206_shuffled,43,84
speed_10s_avg_rows,0.008305963793369961,SI206_shuffled,43,84
speed_10s_avg_stage2_rows,0.015626929411904064,SI206_shuffled,43,84
speed_10s_avg_stage2_col1_mean,0.02124959975328169,SI206_shuffled,43,84
speed_10s_avg_stage2_col1_std_over_mean,0.006482003334424183,SI206_shuffled,43,84
speed_10s_avg_stage2_col2_mean,0.01611364747047091,SI206_shuffled,43,84
speed_10s_avg_stage2_col2_std_over_mean,0.011394917797528424,SI206_shuffled,43,84
speed_10s_avg_stage3_rows,0.010116670970967134,SI206_shuffled,43,84
speed_10s_avg_stage3_col1_mean,0.014374786245915632,SI206_shuffled,43,84
speed_10s_avg_stage3_col1_std_over_mean,0.003766935925506006,SI206_shuffled,43,84
speed_10s_avg_stage3_col2_mean,0.012257701527885747,SI206_shuffled,43,84
speed_10s_avg_stage3_col2_std_over_mean,0.017126772706300482,SI206_shuffled,43,84
speed_10s_avg_stage4_rows,0.006663468763119437,SI206_shuffled,43,84
speed_10s_avg_stage4_col1_mean,0.0631683607687168,SI206_shuffled,43,84
speed_10s_avg_stage4_col1_std_over_mean,0.01738125637034,SI206_shuffled,43,84
speed_10s_avg_stage4_col2_mean,0.021092556925830418,SI206_shuffled,43,84
speed_10s_avg_stage4_col2_std_over_mean,0.061450037894809975,SI206_shuffled,43,84
speed_10s_avg_stage5_rows,1.7360588312182888e-05,SI206_shuffled,43,84
speed_10s_avg_stage5_col1_mean,0.02751663022831906,SI206_shuffled,43,84
speed_10s_avg_stage5_col1_std_over_mean,0.021646228323080306,SI206_shuffled,43,84
speed_10s_avg_stage5_col2_mean,0.004903921281205718,SI206_shuffled,43,84
speed_10s_avg_stage5_col2_std_over_mean,0.010342477470163513,SI206_shuffled,43,84
stage_2_frames,0.02328703631326851,SI206_shuffled,44,85
stage_3_frames,0.012256978120066573,SI206_shuffled,44,85
stage_4_frames,0.0047700446746075376,SI206_shuffled,44,85
stage_5_frames,0.005416847149332997,SI206_shuffled,44,85
roam_mean,0.009322161798849439,SI206_shuffled,44,85
roam_std_over_mean,0.07946676622275728,SI206_shuffled,44,85
roam_early_mean,0.006936996238029647,SI206_shuffled,44,85
roam_mid_mean,0.052752186829613475,SI206_shuffled,44,85
roam_late_mean,0.016430781378466784,SI206_shuffled,44,85
roam_slope,0.06456106889512445,SI206_shuffled,44,85
speed_1s_rows,0.006676195568223118,SI206_shuffled,44,85
speed_1s_stage2_rows,0.01012074520376863,SI206_shuffled,44,85
speed_1s_stage2_col1_mean,0.026369376448813917,SI206_shuffled,44,85
speed_1s_stage2_col1_std_over_mean,0.047382795330791726,SI206_shuffled,44,85
speed_1s_stage2_col2_mean,0.005573820649692185,SI206_shuffled,44,85
speed_1s_stage2_col2_std_over_mean,0.00631317809541464,SI206_shuffled,44,85
speed_1s_stage3_rows,0.002441000638054208,SI206_shuffled,44,85
speed_1s_stage3_col1_mean,0.031112930923520975,SI206_shuffled,44,85
speed_1s_stage3_col1_std_over_mean,0.009110822188525445,SI206_shuffled,44,85
speed_1s_stage3_col2_mean,0.02043157044204646,SI206_shuffled,44,85
speed_1s_stage3_col2_std_over_mean,0.036130990843824845,SI206_shuffled,44,85
speed_1s_stage4_rows,0.005231924171124466,SI206_shuffled,44,85
speed_1s_stage4_col1_mean,0.0398670229965994,SI206_shuffled,44,85
speed_1s_stage4_col1_std_over_mean,0.014568017743996702,SI206_shuffled,44,85
speed_1s_stage4_col2_mean,0.008241204710525786,SI206_shuffled,44,85
speed_1s_stage4_col2_std_over_mean,0.015619865600421843,SI206_shuffled,44,85
speed_1s_stage5_rows,0.0,SI206_shuffled,44,85
speed_1s_stage5_col1_mean,0.031565148751083634,SI206_shuffled,44,85
speed_1s_stage5_col1_std_over_mean,0.010991101772280165,SI206_shuffled,44,85
speed_1s_stage5_col2_mean,0.016203881909507965,SI206_shuffled,44,85
speed_1s_stage5_col2_std_over_mean,0.01892187941610666,SI206_shuffled,44,85
speed_10s_avg_rows,0.008398124538449675,SI206_shuffled,44,85
speed_10s_avg_stage2_rows,0.010982087646456834,SI206_shuffled,44,85
speed_10s_avg_stage2_col1_mean,0.027049716522696467,SI206_shuffled,44,85
speed_10s_avg_stage2_col1_std_over_mean,0.005686637004344096,SI206_shuffled,44,85
speed_10s_avg_stage2_col2_mean,0.003591173566373586,SI206_shuffled,44,85
speed_10s_avg_stage2_col2_std_over_mean,0.0067342245043730264,SI206_shuffled,44,85
speed_10s_avg_stage3_rows,0.0027389273882605153,SI206_shuffled,44,85
speed_10s_avg_stage3_col1_mean,0.02671555682038911,SI206_shuffled,44,85
speed_10s_avg_stage3_col1_std_over_mean,0.013543699219239019,SI206_shuffled,44,85
speed_10s_avg_stage3_col2_mean,0.022705577023240765,SI206_shuffled,44,85
speed_10s_avg_stage3_col2_std_over_mean,0.029059369428169054,SI206_shuffled,44,85
speed_10s_avg_stage4_rows,0.006442393622618011,SI206_shuffled,44,85
speed_10s_avg_stage4_col1_mean,0.04160385949621843,SI206_shuffled,44,85
speed_10s_avg_stage4_col1_std_over_mean,0.00874464555972877,SI206_shuffled,44,85
speed_10s_avg_stage4_col2_mean,0.010011082151493766,SI206_shuffled,44,85
speed_10s_avg_stage4_col2_std_over_mean,0.06213606653199604,SI206_shuffled,44,85
speed_10s_avg_stage5_rows,4.519206628169725e-05,SI206_shuffled,44,85
speed_10s_avg_stage5_col1_mean,0.025661601460650437,SI206_shuffled,44,85
speed_10s_avg_stage5_col1_std_over_mean,0.020351445764213813,SI206_shuffled,44,85
speed_10s_avg_stage5_col2_mean,0.015916453197043854,SI206_shuffled,44,85
speed_10s_avg_stage5_col2_std_over_mean,0.013807825463323622,SI206_shuffled,44,85
stage_2_frames,0.03233299104875839,SI206_shuffled,45,86
stage_3_frames,0.024554964934088406,SI206_shuffled,45,86
stage_4_frames,0.01567108694043838,SI206_shuffled,45,86
stage_5_frames,0.004589014857532166,SI206_shuffled,45,86
roam_mean,0.005004923417667418,SI206_shuffled,45,86
roam_std_over_mean,0.09880081311348149,SI206_shuffled,45,86
roam_early_mean,0.007351013131188923,SI206_shuffled,45,86
roam_mid_mean,0.12832256289993077,SI206_shuffled,45,86
roam_late_mean,0.011384140181254125,SI206_shuffled,45,86
roam_slope,0.07146457274924918,SI206_shuffled,45,86
speed_1s_rows,0.02534854786852435,SI206_shuffled,45,86
speed_1s_stage2_rows,0.025772313775016167,SI206_shuffled,45,86
speed_1s_stage2_col1_mean,0.014306454787023722,SI206_shuffled,45,86
speed_1s_stage2_col1_std_over_mean,0.011782521675580986,SI206_shuffled,45,86
speed_1s_stage2_col2_mean,0.0054337813480276964,SI206_shuffled,45,86
speed_1s_stage2_col2_std_over_mean,0.006195501711785818,SI206_shuffled,45,86
speed_1s_stage3_rows,0.006959673895779145,SI206_shuffled,45,86
speed_1s_stage3_col1_mean,0.023812591888531274,SI206_shuffled,45,86
speed_1s_stage3_col1_std_over_mean,0.006920879984557229,SI206_shuffled,45,86
speed_1s_stage3_col2_mean,0.011390233112150963,SI206_shuffled,45,86
speed_1s_stage3_col2_std_over_mean,0.04492068050077859,SI206_shuffled,45,86
speed_1s_stage4_rows,0.004007190269388279,SI206_shuffled,45,86
speed_1s_stage4_col1_mean,0.012961059266776515,SI206_shuffled,45,86
speed_1s_stage4_col1_std_over_mean,0.007697515643078431,SI206_shuffled,45,86
speed_1s_stage4_col2_mean,0.008112760541230401,SI206_shuffled,45,86
speed_1s_stage4_col2_std_over_mean,0.02232130302945583,SI206_shuffled,45,86
speed_1s_stage5_rows,8.878939553964407e-06,SI206_shuffled,45,86
speed_1s_stage5_col1_mean,0.04633964813532363,SI206_shuffled,45,86
speed_1s_stage5_col1_std_over_mean,0.009657495652457429,SI206_shuffled,45,86
speed_1s_stage5_col2_mean,0.0064264464230714795,SI206_shuffled,45,86
speed_1s_stage5_col2_std_over_mean,0.015210081569958064,SI206_shuffled,45,86
speed_10s_avg_rows,0.02845349407523517,SI206_shuffled,45,86
speed_10s_avg_stage2_rows,0.021790566628428116,SI206_shuffled,45,86
speed_10s_avg_stage2_col1_mean,0.009845001423115276,SI206_shuffled,45,86
speed_10s_avg_stage2_col1_std_over_mean,0.00888647762170953,SI206_shuffled,45,86
speed_10s_avg_stage2_col2_mean,0.00799408111607894,SI206_shuffled,45,86
speed_10s_avg_stage2_col2_std_over_mean,0.008659207636600599,SI206_shuffled,45,86
speed_10s_avg_stage3_rows,0.008050869900589364,SI206_shuffled,45,86
speed_10s_avg_stage3_col1_mean,0.016849695414827292,SI206_shuffled,45,86
speed_10s_avg_stage3_col1_std_over_mean,0.006242870593468067,SI206_shuffled,45,86
speed_10s_avg_stage3_col2_mean,0.01133941614159498,SI206_shuffled,45,86
speed_10s_avg_stage3_col2_std_over_mean,0.0353936849720488,SI206_shuffled,45,86
speed_10s_avg_stage4_rows,0.004294171803516028,SI206_shuffled,45,86
speed_10s_avg_stage4_col1_mean,0.021087651431086745,SI206_shuffled,45,86
speed_10s_avg_stage4_col1_std_over_mean,0.009377073722595877,SI206_shuffled,45,86
speed_10s_avg_stage4_col2_mean,0.005311265450516004,SI206_shuffled,45,86
speed_10s_avg_stage4_col2_std_over_mean,0.025090377501228025,SI206_shuffled,45,86
speed_10s_avg_stage5_rows,3.631663326590747e-05,SI206_shuffled,45,86
speed_10s_avg_stage5_col1_mean,0.026848723025163827,SI206_shuffled,45,86
speed_10s_avg_stage5_col1_std_over_mean,0.01831402773457831,SI206_shuffled,45,86
speed_10s_avg_stage5_col2_mean,0.005685730498667039,SI206_shuffled,45,86
speed_10s_avg_stage5_col2_std_over_mean,0.005387653384046823,SI206_shuffled,45,86
stage_2_frames,0.04961764164104335,SI206_shuffled,46,87
stage_3_frames,0.005760447274883303,SI206_shuffled,46,87
stage_4_frames,0.006816095786339888,SI206_shuffled,46,87
stage_5_frames,0.005709804740349168,SI206_shuffled,46,87
roam_mean,0.010650289838385915,SI206_shuffled,46,87
roam_std_over_mean,0.039447094915870645,SI206_shuffled,46,87
roam_early_mean,0.0095524230440166,SI206_shuffled,46,87
roam_mid_mean,0.031142381252506603,SI206_shuffled,46,87
roam_late_mean,0.020391758289432543,SI206_shuffled,46,87
roam_slope,0.06535728972168961,SI206_shuffled,46,87
speed_1s_rows,0.01653693399291654,SI206_shuffled,46,87
speed_1s_stage2_rows,0.003370924521854832,SI206_shuffled,46,87
speed_1s_stage2_col1_mean,0.029760643307467884,SI206_shuffled,46,87
speed_1s_stage2_col1_std_over_mean,0.010304237483144388,SI206_shuffled,46,87
speed_1s_stage2_col2_mean,0.018811806065485454,SI206_shuffled,46,87
speed_1s_stage2_col2_std_over_mean,0.0717090523098349,SI206_shuffled,46,87
speed_1s_stage3_rows,0.0056863083599543104,SI206_shuffled,46,87
speed_1s_stage3_col1_mean,0.023296885465204312,SI206_shuffled,46,87
speed_1s_stage3_col1_std_over_mean,0.01332880387220652,SI206_shuffled,46,87
speed_1s_stage3_col2_mean,0.02233053379883221,SI206_shuffled,46,87
speed_1s_stage3_col2_std_over_mean,0.026797255034125944,SI206_shuffled,46,87
speed_1s_stage4_rows,0.004258774821288338,SI206_shuffled,46,87
speed_1s_stage4_col1_mean,0.03667862717073882,SI206_shuffled,46,87
speed_1s_stage4_col1_std_over_mean,0.022761602205012235,SI206_shuffled,46,87
speed_1s_stage4_col2_mean,0.009926607493027526,SI206_shuffled,46,87
speed_1s_stage4_col2_std_over_mean,0.016961004889226035,SI206_shuffled,46,87
speed_1s_stage5_rows,0.0003250636617004949,SI206_shuffled,46,87
speed_1s_stage5_col1_mean,0.03499256359359976,SI206_shuffled,46,87
speed_1s_stage5_col1_std_over_mean,0.026141337613223042,SI206_shuffled,46,87
speed_1s_stage5_col2_mean,0.01497509640367049,SI206_shuffled,46,87
speed_1s_stage5_col2_std_over_mean,0.012095963797206654,SI206_shuffled,46,87
speed_10s_avg_rows,0.010008585289791828,SI206_shuffled,46,87
speed_10s_avg_stage2_rows,0.0061292854471587215,SI206_shuffled,46,87
speed_10s_avg_stage2_col1_mean,0.0282346110238493,SI206_shuffled,46,87
speed_10s_avg_stage2_col1_std_over_mean,0.0059286023875734645,SI206_shuffled,46,87
speed_10s_avg_stage2_col2_mean,0.019767518687950788,SI206_shuffled,46,87
speed_10s_avg_stage2_col2_std_over_mean,0.010325485018420724,SI206_shuffled,46,87
speed_10s_avg_stage3_rows,0.004406518389695101,SI206_shuffled,46,87
speed_10s_avg_stage3_col1_mean,0.027228616847563534,SI206_shuffled,46,87
speed_10s_avg_stage3_col1_std_over_mean,0.004150107503433046,SI206_shuffled,46,87
speed_10s_avg_stage3_col2_mean,0.021111894760981343,SI206_shuffled,46,87
speed_10s_avg_stage3_col2_std_over_mean,0.01924922503168292,SI206_shuffled,46,87
speed_10s_avg_stage4_rows,0.008264806917715152,SI206_shuffled,46,87
speed_10s_avg_stage4_col1_mean,0.04469439987068822,SI206_shuffled,46,87
speed_10s_avg_stage4_col1_std_over_mean,0.015553391402728448,SI206_shuffled,46,87
speed_10s_avg_stage4_col2_mean,0.015596095019259164,SI206_shuffled,46,87
speed_10s_avg_stage4_col2_std_over_mean,0.018702010251922897,SI206_shuffled,46,87
speed_10s_avg_stage5_rows,0.0002284384749616629,SI206_shuffled,46,87
speed_10s_avg_stage5_col1_mean,0.03320158382434982,SI206_shuffled,46,87
speed_10s_avg_stage5_col1_std_over_mean,0.02185819962987855,SI206_shuffled,46,87
speed_10s_avg_stage5_col2_mean,0.01206763097206874,SI206_shuffled,46,87
speed_10s_avg_stage5_col2_std_over_mean,0.007797740884088409,SI206_shuffled,46,87
stage_2_frames,0.03684262833706976,SI206_shuffled,47,88
stage_3_frames,0.006789093194522437,SI206_shuffled,47,88
stage_4_frames,0.006847293142863424,SI206_shuffled,47,88
stage_5_frames,0.005483041158070277,SI206_shuffled,47,88
roam_mean,0.014293008815615134,SI206_shuffled,47,88
roam_std_over_mean,0.09576201037048986,SI206_shuffled,47,88
roam_early_mean,0.004733002652460281,SI206_shuffled,47,88
roam_mid_mean,0.06999515185865837,SI206_shuffled,47,88
roam_late_mean,0.0052403772410414915,SI206_shuffled,47,88
roam_slope,0.08200058078967956,SI206_shuffled,47,88
speed_1s_rows,0.025860607740976118,SI206_shuffled,47,88
speed_1s_stage2_rows,0.009164707393707457,SI206_shuffled,47,88
speed_1s_stage2_col1_mean,0.029438041627676215,SI206_shuffled,47,88
speed_1s_stage2_col1_std_over_mean,0.012170167059036594,SI206_shuffled,47,88
speed_1s_stage2_col2_mean,0.004261973678756277,SI206_shuffled,47,88
speed_1s_stage2_col2_std_over_mean,0.0038778830718484516,SI206_shuffled,47,88
speed_1s_stage3_rows,0.007681295998714208,SI206_shuffled,47,88
speed_1s_stage3_col1_mean,0.04737761364116403,SI206_shuffled,47,88
speed_1s_stage3_col1_std_over_mean,0.01034883544175652,SI206_shuffled,47,88
speed_1s_stage3_col2_mean,0.009351130605623427,SI206_shuffled,47,88
speed_1s_stage3_col2_std_over_mean,0.01624593133456728,SI206_shuffled,47,88
speed_1s_stage4_rows,0.00798129262038116,SI206_shuffled,47,88
speed_1s_stage4_col1_mean,0.0277382374443543,SI206_shuffled,47,88
speed_1s_stage4_col1_std_over_mean,0.01428901413842099,SI206_shuffled,47,88
speed_1s_stage4_col2_mean,0.01083041483535916,SI206_shuffled,47,88
speed_1s_stage4_col2_std_over_mean,0.01963677232968848,SI206_shuffled,47,88
speed_1s_stage5_rows,1.2657255056282992e-05,SI206_shuffled,47,88
speed_1s_stage5_col1_mean,0.021806395606866483,SI206_shuffled,47,88
speed_1s_stage5_col1_std_over_mean,0.016183862962495434,SI206_shuffled,47,88
speed_1s_stage5_col2_mean,0.010817249680335678,SI206_shuffled,47,88
speed_1s_stage5_col2_std_over_mean,0.006678944871361729,SI206_shuffled,47,88
speed_10s_avg_rows,0.03169945987797985,SI206_shuffled,47,88
speed_10s_avg_stage2_rows,0.007907335274841736,SI206_shuffled,47,88
speed_10s_avg_stage2_col1_mean,0.033506243015611184,SI206_shuffled,47,88
speed_10s_avg_stage2_col1_std_over_mean,0.006728940058245013,SI206_shuffled,47,88
speed_10s_avg_stage2_col2_mean,0.0037121163027533668,SI206_shuffled,47,88
speed_10s_avg_stage2_col2_std_over_mean,0.013502757278829686,SI206_shuffled,47,88
speed_10s_avg_stage3_rows,0.006801830110234087,SI206_shuffled,47,88
speed_10s_avg_stage3_col1_mean,0.03679698035526692,SI206_shuffled,47,88
speed_10s_avg_stage3_col1_std_over_mean,0.008391650596822639,SI206_shuffled,47,88
speed_10s_avg_stage3_col2_mean,0.010009029890693523,SI206_shuffled,47,88
speed_10s_avg_stage3_col2_std_over_mean,0.023756178552712233,SI206_shuffled,47,88
speed_10s_avg_stage4_rows,0.006891661089131741,SI206_shuffled,47,88
speed_10s_avg_stage4_col1_mean,0.02321746958099588,SI206_shuffled,47,88
speed_10s_avg_stage4_col1_std_over_mean,0.025208239289510992,SI206_shuffled,47,88
speed_10s_avg_stage4_col2_mean,0.009668925312380101,SI206_shuffled,47,88
speed_10s_avg_stage4_col2_std_over_mean,0.05075146005071444,SI206_shuffled,47,88
speed_10s_avg_stage5_rows,1.506277343036651e-05,SI206_shuffled,47,88
speed_10s_avg_stage5_col1_mean,0.03372730166167061,SI206_shuffled,47,88
speed_10s_avg_stage5_col1_std_over_mean,0.011230150316939077,SI206_shuffled,47,88
speed_10s_avg_stage5_col2_mean,0.010068594766435611,SI206_shuffled,47,88
speed_10s_avg_stage5_col2_std_over_mean,0.006669396946184236,SI206_shuffled,47,88
stage_2_frames,0.05533994367232684,SI206_shuffled,48,89
stage_3_frames,0.023316660769025277,SI206_shuffled,48,89
stage_4_frames,0.009060825465190445,SI206_shuffled,48,89
stage_5_frames,0.0056376598477197275,SI206_shuffled,48,89
roam_mean,0.009642436783823899,SI206_shuffled,48,89
roam_std_over_mean,0.05665978825581848,SI206_shuffled,48,89
roam_early_mean,0.008831695718775638,SI206_shuffled,48,89
roam_mid_mean,0.020589810827765436,SI206_shuffled,48,89
roam_late_mean,0.016336412217929714,SI206_shuffled,48,89
roam_slope,0.05408676473279656,SI206_shuffled,48,89
speed_1s_rows,0.019931432687975082,SI206_shuffled,48,89
speed_1s_stage2_rows,0.013098863940149587,SI206_shuffled,48,89
speed_1s_stage2_col1_mean,0.0331756248908098,SI206_shuffled,48,89
speed_1s_stage2_col1_std_over_mean,0.011065368272824432,SI206_shuffled,48,89
speed_1s_stage2_col2_mean,0.020221132755938457,SI206_shuffled,48,89
speed_1s_stage2_col2_std_over_mean,0.01259992985214573,SI206_shuffled,48,89
speed_1s_stage3_rows,0.007246345846756044,SI206_shuffled,48,89
speed_1s_stage3_col1_mean,0.014922670294709667,SI206_shuffled,48,89
speed_1s_stage3_col1_std_over_mean,0.03603444384916553,SI206_shuffled,48,89
speed_1s_stage3_col2_mean,0.010597463863375896,SI206_shuffled,48,89
speed_1s_stage3_col2_std_over_mean,0.015428128874445503,SI206_shuffled,48,89
speed_1s_stage4_rows,0.004634093553708088,SI206_shuffled,48,89
speed_1s_stage4_col1_mean,0.023368971755786245,SI206_shuffled,48,89
speed_1s_stage4_col1_std_over_mean,0.014370248737752481,SI206_shuffled,48,89
speed_1s_stage4_col2_mean,0.0091629261995766,SI206_shuffled,48,89
speed_1s_stage4_col2_std_over_mean,0.006401582022765365,SI206_shuffled,48,89
speed_1s_stage5_rows,0.0006865544837134321,SI206_shuffled,48,89
speed_1s_stage5_col1_mean,0.03999874367875802,SI206_shuffled,48,89
speed_1s_stage5_col1_std_over_mean,0.020303640864674267,SI206_shuffled,48,89
speed_1s_stage5_col2_mean,0.0113651913078751,SI206_shuffled,48,89
speed_1s_stage5_col2_std_over_mean,0.014976032313010828,SI206_shuffled,48,89
speed_10s_avg_rows,0.02287840622257582,SI206_shuffled,48,89
speed_10s_avg_stage2_rows,0.01913804846213383,SI206_shuffled,48,89
speed_10s_avg_stage2_col1_mean,0.029328706055259605,SI206_shuffled,48,89
speed_10s_avg_stage2_col1_std_over_mean,0.008972307987002905,SI206_shuffled,48,89
speed_10s_avg_stage2_col2_mean,0.019707305887851235,SI206_shuffled,48,89
speed_10s_avg_stage2_col2_std_over_mean,0.009483569016291877,SI206_shuffled,48,89
speed_10s_avg_stage3_rows,0.009954686476315575,SI206_shuffled,48,89
speed_10s_avg_stage3_col1_mean,0.013591939349598844,SI206_shuffled,48,89
speed_10s_avg_stage3_col1_std_over_mean,0.01430371065583044,SI206_shuffled,48,89
speed_10s_avg_stage3_col2_mean,0.011787881907108258,SI206_shuffled,48,89
speed_10s_avg_stage3_col2_std_over_mean,0.023910730633453055,SI206_shuffled,48,89
speed_10s_avg_stage4_rows,0.0033831664699576353,SI206_shuffled,48,89
speed_10s_avg_stage4_col1_mean,0.020026312450076193,SI206_shuffled,48,89
speed_10s_avg_stage4_col1_std_over_mean,0.01850136158286609,SI206_shuffled,48,89
speed_10s_avg_stage4_col2_mean,0.008934413505205675,SI206_shuffled,48,89
speed_10s_avg_stage4_col2_std_over_mean,0.05652642057075641,SI206_shuffled,48,89
speed_10s_avg_stage5_rows,2.988409773165595e-05,SI206_shuffled,48,89
speed_10s_avg_stage5_col1_mean,0.04549721195077428,SI206_shuffled,48,89
speed_10s_avg_stage5_col1_std_over_mean,0.04368193429290516,SI206_shuffled,48,89
speed_10s_avg_stage5_col2_mean,0.01140398958237283,SI206_shuffled,48,89
speed_10s_avg_stage5_col2_std_over_mean,0.009866624506844454,SI206_shuffled,48,89
stage_2_frames,0.028896343037144053,SI206_shuffled,49,90
stage_3_frames,0.014094015532891389,SI206_shuffled,49,90
stage_4_frames,0.009572898174083173,SI206_shuffled,49,90
stage_5_frames,0.0029580919239302157,SI206_shuffled,49,90
roam_mean,0.008087729669679055,SI206_shuffled,49,90
roam_std_over_mean,0.08567797099394917,SI206_shuffled,49,90
roam_early_mean,0.012769140022521839,SI206_shuffled,49,90
roam_mid_mean,0.043202164257416055,SI206_shuffled,49,90
roam_late_mean,0.012771491031061932,SI206_shuffled,49,90
roam_slope,0.05721689041020582,SI206_shuffled,49,90
speed_1s_rows,0.008563999255110654,SI206_shuffled,49,90
speed_1s_stage2_rows,0.01818869313664059,SI206_shuffled,49,90
speed_1s_stage2_col1_mean,0.03729755461629253,SI206_shuffled,49,90
speed_1s_stage2_col1_std_over_mean,0.00914465265759557,SI206_shuffled,49,90
speed_1s_stage2_col2_mean,0.010743456261243857,SI206_shuffled,49,90
speed_1s_stage2_col2_std_over_mean,0.034412619999854586,SI206_shuffled,49,90
speed_1s_stage3_rows,0.011329862421271783,SI206_shuffled,49,90
speed_1s_stage3_col1_mean,0.01990204199024918,SI206_shuffled,49,90
speed_1s_stage3_col1_std_over_mean,0.026766725267919865,SI206_shuffled,49,90
speed_1s_stage3_col2_mean,0.007197735538368471,SI206_shuffled,49,90
speed_1s_stage3_col2_std_over_mean,0.016445983553116765,SI206_shuffled,49,90
speed_1s_stage4_rows,0.003429006196232138,SI206_shuffled,49,90
speed_1s_stage4_col1_mean,0.019000480140342134,SI206_shuffled,49,90
speed_1s_stage4_col1_std_over_mean,0.011215754403769679,SI206_shuffled,49,90
speed_1s_stage4_col2_mean,0.016669480296897802,SI206_shuffled,49,90
speed_1s_stage4_col2_std_over_mean,0.017687664908456722,SI206_shuffled,49,90
speed_1s_stage5_rows,0.00022617920694668504,SI206_shuffled,49,90
speed_1s_stage5_col1_mean,0.04442997149783948,SI206_shuffled,49,90
speed_1s_stage5_col1_std_over_mean,0.015993394381845886,SI206_shuffled,49,90
speed_1s_stage5_col2_mean,0.01792933487045688,SI206_shuffled,49,90
speed_1s_stage5_col2_std_over_mean,0.025890549844745075,SI206_shuffled,49,90
speed_10s_avg_rows,0.009318363779149177,SI206_shuffled,49,90
speed_10s_avg_stage2_rows,0.01604291667862816,SI206_shuffled,49,90
speed_10s_avg_stage2_col1_mean,0.028124655717503475,SI206_shuffled,49,90
speed_10s_avg_stage2_col1_std_over_mean,0.008391904313642283,SI206_shuffled,49,90
speed_10s_avg_stage2_col2_mean,0.006074837590435094,SI206_shuffled,49,90
speed_10s_avg_stage2_col2_std_over_mean,0.005166196661768009,SI206_shuffled,49,90
speed_10s_avg_stage3_rows,0.006405094639784936,SI206_shuffled,49,90
speed_10s_avg_stage3_col1_mean,0.018346190532151557,SI206_shuffled,49,90
speed_10s_avg_stage3_col1_std_over_mean,0.01122651922453303,SI206_shuffled,49,90
speed_10s_avg_stage3_col2_mean,0.009471618183184694,SI206_shuffled,49,90
speed_10s_avg_stage3_col2_std_over_mean,0.017176255473630324,SI206_shuffled,49,90
speed_10s_avg_stage4_rows,0.003972737530732748,SI206_shuffled,49,90
speed_10s_avg_stage4_col1_mean,0.014653876219050533,SI206_shuffled,49,90
speed_10s_avg_stage4_col1_std_over_mean,0.01355673786727379,SI206_shuffled,49,90
speed_10s_avg_stage4_col2_mean,0.014975995145656937,SI206_shuffled,49,90
speed_10s_avg_stage4_col2_std_over_mean,0.03331252729421181,SI206_shuffled,49,90
speed_10s_avg_stage5_rows,5.9278405718781654e-05,SI206_shuffled,49,90
speed_10s_avg_stage5_col1_mean,0.03987648755068509,SI206_shuffled,49,90
speed_10s_avg_stage5_col1_std_over_mean,0.07062580592912605,SI206_shuffled,49,90
speed_10s_avg_stage5_col2_mean,0.014527013301550313,SI206_shuffled,49,90
speed_10s_avg_stage5_col2_std_over_mean,0.010983112463504283,SI206_shuffled,49,90
stage_2_frames,0.0794485490088949,SI206_shuffled,50,91
stage_3_frames,0.01725399792038175,SI206_shuffled,50,91
stage_4_frames,0.004561815802625873,SI206_shuffled,50,91
stage_5_frames,0.006969178514394001,SI206_shuffled,50,91
roam_mean,0.005044886885372576,SI206_shuffled,50,91
roam_std_over_mean,0.052269909762106534,SI206_shuffled,50,91
roam_early_mean,0.020439798106249272,SI206_shuffled,50,91
roam_mid_mean,0.04259453512244949,SI206_shuffled,50,91
roam_late_mean,0.008909334468493554,SI206_shuffled,50,91
roam_slope,0.06647631482241409,SI206_shuffled,50,91
speed_1s_rows,0.02156303818793469,SI206_shuffled,50,91
speed_1s_stage2_rows,0.01998866979901793,SI206_shuffled,50,91
speed_1s_stage2_col1_mean,0.017665436407110872,SI206_shuffled,50,91
speed_1s_stage2_col1_std_over_mean,0.008318857894468025,SI206_shuffled,50,91
speed_1s_stage2_col2_mean,0.01046235930232217,SI206_shuffled,50,91
speed_1s_stage2_col2_std_over_mean,0.04015393887558519,SI206_shuffled,50,91
speed_1s_stage3_rows,0.005390982034115678,SI206_shuffled,50,91
speed_1s_stage3_col1_mean,0.014577817715103686,SI206_shuffled,50,91
speed_1s_stage3_col1_std_over_mean,0.020570199785089432,SI206_shuffled,50,91
speed_1s_stage3_col2_mean,0.019983945756338307,SI206_shuffled,50,91
speed_1s_stage3_col2_std_over_mean,0.01891942613700475,SI206_shuffled,50,91
speed_1s_stage4_rows,0.006119267385085348,SI206_shuffled,50,91
speed_1s_stage4_col1_mean,0.028481061683535713,SI206_shuffled,50,91
speed_1s_stage4_col1_std_over_mean,0.01828803098468998,SI206_shuffled,50,91
speed_1s_stage4_col2_mean,0.010595462435388251,SI206_shuffled,50,91
speed_1s_stage4_col2_std_over_mean,0.01298685408608893,SI206_shuffled,50,91
speed_1s_stage5_rows,0.00010364941924362029,SI206_shuffled,50,91
speed_1s_stage5_col1_mean,0.022770914575887945,SI206_shuffled,50,91
speed_1s_stage5_col1_std_over_mean,0.012082643341178617,SI206_shuffled,50,91
speed_1s_stage5_col2_mean,0.011091404223219768,SI206_shuffled,50,91
speed_1s_stage5_col2_std_over_mean,0.028603768418310912,SI206_shuffled,50,91
speed_10s_avg_rows,0.017757024080874827,SI206_shuffled,50,91
speed_10s_avg_stage2_rows,0.01885813671268381,SI206_shuffled,50,91
speed_10s_avg_stage2_col1_mean,0.017102819816866774,SI206_shuffled,50,91
speed_10s_avg_stage2_col1_std_over_mean,0.006413041558617609,SI206_shuffled,50,91
speed_10s_avg_stage2_col2_mean,0.010931435742474916,SI206_shuffled,50,91
speed_10s_avg_stage2_col2_std_over_mean,0.0112104799563962,SI206_shuffled,50,91
speed_10s_avg_stage3_rows,0.004464258320133141,SI206_shuffled,50,91
speed_10s_avg_stage3_col1_mean,0.012149527847724214,SI206_shuffled,50,91
speed_10s_avg_stage3_col1_std_over_mean,0.006633840205076657,SI206_shuffled,50,91
speed_10s_avg_stage3_col2_mean,0.028368883511002384,SI206_shuffled,50,91
speed_10s_avg_stage3_col2_std_over_mean,0.01762742882027443,SI206_shuffled,50,91
speed_10s_avg_stage4_rows,0.005491407801780089,SI206_shuffled,50,91
speed_10s_avg_stage4_col1_mean,0.023549937056493185,SI206_shuffled,50,91
speed_10s_avg_stage4_col1_std_over_mean,0.02498283467062147,SI206_shuffled,50,91
speed_10s_avg_stage4_col2_mean,0.009155032799737312,SI206_shuffled,50,91
speed_10s_avg_stage4_col2_std_over_mean,0.04895161407272187,SI206_shuffled,50,91
speed_10s_avg_stage5_rows,3.3211590082146724e-05,SI206_shuffled,50,91
speed_10s_avg_stage5_col1_mean,0.030433757230015856,SI206_shuffled,50,91
speed_10s_avg_stage5_col1_std_over_mean,0.032388033265610246,SI206_shuffled,50,91
speed_10s_avg_stage5_col2_mean,0.011225689346498749,SI206_shuffled,50,91
speed_10s_avg_stage5_col2_std_over_mean,0.009585556734212346,SI206_shuffled,50,91
stage_2_frames,0.049570615918821156,SI206_shuffled,51,92
stage_3_frames,0.009544033384176014,SI206_shuffled,51,92
stage_4_frames,0.006662738820952472,SI206_shuffled,51,92
stage_5_frames,0.004498675022013996,SI206_shuffled,51,92
roam_mean,0.011180773511945609,SI206_shuffled,51,92
roam_std_over_mean,0.07326877346131708,SI206_shuffled,51,92
roam_early_mean,0.02058292560558234,SI206_shuffled,51,92
roam_mid_mean,0.017911024941105635,SI206_shuffled,51,92
roam_late_mean,0.017006568244066992,SI206_shuffled,51,92
roam_slope,0.04646938364491606,SI206_shuffled,51,92
speed_1s_rows,0.030909856113895705,SI206_shuffled,51,92
speed_1s_stage2_rows,0.0077621533238053575,SI206_shuffled,51,92
speed_1s_stage2_col1_mean,0.011250936908648946,SI206_shuffled,51,92
speed_1s_stage2_col1_std_over_mean,0.017317720358668184,SI206_shuffled,51,92
speed_1s_stage2_col2_mean,0.014573420974859506,SI206_shuffled,51,92
speed_1s_stage2_col2_std_over_mean,0.0384751262013809,SI206_shuffled,51,92
speed_1s_stage3_rows,0.007899131524630773,SI206_shuffled,51,92
speed_1s_stage3_col1_mean,0.014555695986687225,SI206_shuffled,51,92
speed_1s_stage3_col1_std_over_mean,0.017886074506400312,SI206_shuffled,51,92
speed_1s_stage3_col2_mean,0.01047192399232702,SI206_shuffled,51,92
speed_1s_stage3_col2_std_over_mean,0.017532321124533207,SI206_shuffled,51,92
speed_1s_stage4_rows,0.007829398255977553,SI206_shuffled,51,92
speed_1s_stage4_col1_mean,0.012993374409541554,SI206_shuffled,51,92
speed_1s_stage4_col1_std_over_mean,0.014988467577846849,SI206_shuffled,51,92
speed_1s_stage4_col2_mean,0.005529847998511495,SI206_shuffled,51,92
speed_1s_stage4_col2_std_over_mean,0.013237219120553062,SI206_shuffled,51,92
speed_1s_stage5_rows,0.0,SI206_shuffled,51,92
speed_1s_stage5_col1_mean,0.026630703611654614,SI206_shuffled,51,92
speed_1s_stage5_col1_std_over_mean,0.021969620215384157,SI206_shuffled,51,92
speed_1s_stage5_col2_mean,0.019691032118689087,SI206_shuffled,51,92
speed_1s_stage5_col2_std_over_mean,0.025835105520398558,SI206_shuffled,51,92
speed_10s_avg_rows,0.04905094676136235,SI206_shuffled,51,92
speed_10s_avg_stage2_rows,0.007951548207493605,SI206_shuffled,51,92
speed_10s_avg_stage2_col1_mean,0.016182464383126666,SI206_shuffled,51,92
speed_10s_avg_stage2_col1_std_over_mean,0.00849956994819394,SI206_shuffled,51,92
speed_10s_avg_stage2_col2_mean,0.017033831281130552,SI206_shuffled,51,92
speed_10s_avg_stage2_col2_std_over_mean,0.007464426935499457,SI206_shuffled,51,92
speed_10s_avg_stage3_rows,0.008651073826710518,SI206_shuffled,51,92
speed_10s_avg_stage3_col1_mean,0.015312791445737979,SI206_shuffled,51,92
speed_10s_avg_stage3_col1_std_over_mean,0.009835317178246055,SI206_shuffled,51,92
speed_10s_avg_stage3_col2_mean,0.011257844751137632,SI206_shuffled,51,92
speed_10s_avg_stage3_col2_std_over_mean,0.020176424932293602,SI206_shuffled,51,92
speed_10s_avg_stage4_rows,0.005774939599936412,SI206_shuffled,51,92
speed_10s_avg_stage4_col1_mean,0.017194946385556815,SI206_shuffled,51,92
speed_10s_avg_stage4_col1_std_over_mean,0.015955911016572486,SI206_shuffled,51,92
speed_10s_avg_stage4_col2_mean,0.004932908306619391,SI206_shuffled,51,92
speed_10s_avg_stage4_col2_std_over_mean,0.04130245175064321,SI206_shuffled,51,92
speed_10s_avg_stage5_rows,0.0,SI206_shuffled,51,92
speed_10s_avg_stage5_col1_mean,0.019811632569228365,SI206_shuffled,51,92
speed_10s_avg_stage5_col1_std_over_mean,0.09572375014628473,SI206_shuffled,51,92
speed_10s_avg_stage5_col2_mean,0.021274123931814114,SI206_shuffled,51,92
speed_10s_avg_stage5_col2_std_over_mean,0.012578454243120667,SI206_shuffled,51,92
stage_2_frames,0.028855705999859697,SI206_shuffled,52,93
stage_3_frames,0.006263773340162264,SI206_shuffled,52,93
stage_4_frames,0.004983478754268638,SI206_shuffled,52,93
stage_5_frames,0.006724935690666222,SI206_shuffled,52,93
roam_mean,0.011741493992352506,SI206_shuffled,52,93
roam_std_over_mean,0.05241260002186458,SI206_shuffled,52,93
roam_early_mean,0.007011308811085029,SI206_shuffled,52,93
roam_mid_mean,0.04633775619986833,SI206_shuffled,52,93
roam_late_mean,0.02076683280855425,SI206_shuffled,52,93
roam_slope,0.08858927629870536,SI206_shuffled,52,93
speed_1s_rows,0.01048764685559793,SI206_shuffled,52,93
speed_1s_stage2_rows,0.013299558221135398,SI206_shuffled,52,93
speed_1s_stage2_col1_mean,0.009478830689536458,SI206_shuffled,52,93
speed_1s_stage2_col1_std_over_mean,0.011202344769908628,SI206_shuffled,52,93
speed_1s_stage2_col2_mean,0.03231456373237971,SI206_shuffled,52,93
speed_1s_stage2_col2_std_over_mean,0.053690524053289626,SI206_shuffled,52,93
speed_1s_stage3_rows,0.0038431749257077552,SI206_shuffled,52,93
speed_1s_stage3_col1_mean,0.005346005448966514,SI206_shuffled,52,93
speed_1s_stage3_col1_std_over_mean,0.009030749279743249,SI206_shuffled,52,93
speed_1s_stage3_col2_mean,0.0131814217721864,SI206_shuffled,52,93
speed_1s_stage3_col2_std_over_mean,0.028769357641910284,SI206_shuffled,52,93
speed_1s_stage4_rows,0.005337408829317123,SI206_shuffled,52,93
speed_1s_stage4_col1_mean,0.021687990277196943,SI206_shuffled,52,93
speed_1s_stage4_col1_std_over_mean,0.015021920498520688,SI206_shuffled,52,93
speed_1s_stage4_col2_mean,0.011501628936944753,SI206_shuffled,52,93
speed_1s_stage4_col2_std_over_mean,0.034715959486508546,SI206_shuffled,52,93
speed_1s_stage5_rows,0.0,SI206_shuffled,52,93
speed_1s_stage5_col1_mean,0.02397729141885154,SI206_shuffled,52,93
speed_1s_stage5_col1_std_over_mean,0.037355437680798416,SI206_shuffled,52,93
speed_1s_stage5_col2_mean,0.020322822021631364,SI206_shuffled,52,93
speed_1s_stage5_col2_std_over_mean,0.034980562452424147,SI206_shuffled,52,93
speed_10s_avg_rows,0.007136878385459286,SI206_shuffled,52,93
speed_10s_avg_stage2_rows,0.010909574532546078,SI206_shuffled,52,93
speed_10s_avg_stage2_col1_mean,0.014846957046386193,SI206_shuffled,52,93
speed_10s_avg_stage2_col1_std_over_mean,0.00796468942688301,SI206_shuffled,52,93
speed_10s_avg_stage2_col2_mean,0.027505656443880023,SI206_shuffled,52,93
speed_10s_avg_stage2_col2_std_over_mean,0.007087995214387391,SI206_shuffled,52,93
speed_10s_avg_stage3_rows,0.004943679184886864,SI206_shuffled,52,93
speed_10s_avg_stage3_col1_mean,0.010777847614569649,SI206_shuffled,52,93
speed_10s_avg_stage3_col1_std_over_mean,0.006070275796731726,SI206_shuffled,52,93
speed_10s_avg_stage3_col2_mean,0.013158026989309993,SI206_shuffled,52,93
speed_10s_avg_stage3_col2_std_over_mean,0.029542044234185483,SI206_shuffled,52,93
speed_10s_avg_stage4_rows,0.004853736982182583,SI206_shuffled,52,93
speed_10s_avg_stage4_col1_mean,0.020208729271641936,SI206_shuffled,52,93
speed_10s_avg_stage4_col1_std_over_mean,0.011451852267844025,SI206_shuffled,52,93
speed_10s_avg_stage4_col2_mean,0.011285672232989279,SI206_shuffled,52,93
speed_10s_avg_stage4_col2_std_over_mean,0.035409326443087856,SI206_shuffled,52,93
speed_10s_avg_stage5_rows,0.0,SI206_shuffled,52,93
speed_10s_avg_stage5_col1_mean,0.02463794522044445,SI206_shuffled,52,93
speed_10s_avg_stage5_col1_std_over_mean,0.05133162138559021,SI206_shuffled,52,93
speed_10s_avg_stage5_col2_mean,0.017614293998815086,SI206_shuffled,52,93
speed_10s_avg_stage5_col2_std_over_mean,0.01403083641823649,SI206_shuffled,52,93
stage_2_frames,0.03530679157689082,SI206_shuffled,53,94
stage_3_frames,0.007096097345414199,SI206_shuffled,53,94
stage_4_frames,0.009479766219065143,SI206_shuffled,53,94
stage_5_frames,0.003957196498682725,SI206_shuffled,53,94
roam_mean,0.011214327190004644,SI206_shuffled,53,94
roam_std_over_mean,0.04298789374913502,SI206_shuffled,53,94
roam_early_mean,0.020330102195226355,SI206_shuffled,53,94
roam_mid_mean,0.07838446161511217,SI206_shuffled,53,94
roam_late_mean,0.01029710213182556,SI206_shuffled,53,94
roam_slope,0.059568377180098185,SI206_shuffled,53,94
speed_1s_rows,0.008072755014910756,SI206_shuffled,53,94
speed_1s_stage2_rows,0.008432030196346323,SI206_shuffled,53,94
speed_1s_stage2_col1_mean,0.024374282863442516,SI206_shuffled,53,94
speed_1s_stage2_col1_std_over_mean,0.01128175322563027,SI206_shuffled,53,94
speed_1s_stage2_col2_mean,0.012972325465950937,SI206_shuffled,53,94
speed_1s_stage2_col2_std_over_mean,0.05341641575162004,SI206_shuffled,53,94
speed_1s_stage3_rows,0.007503978691854058,SI206_shuffled,53,94
speed_1s_stage3_col1_mean,0.01767778310905227,SI206_shuffled,53,94
speed_1s_stage3_col1_std_over_mean,0.018890608310916657,SI206_shuffled,53,94
speed_1s_stage3_col2_mean,0.01611256550145088,SI206_shuffled,53,94
speed_1s_stage3_col2_std_over_mean,0.011310107119530819,SI206_shuffled,53,94
speed_1s_stage4_rows,0.003270230840797982,SI206_shuffled,53,94
speed_1s_stage4_col1_mean,0.04674079746228369,SI206_shuffled,53,94
speed_1s_stage4_col1_std_over_mean,0.010973332166922065,SI206_shuffled,53,94
speed_1s_stage4_col2_mean,0.012273723901383338,SI206_shuffled,53,94
speed_1s_stage4_col2_std_over_mean,0.04830554967649525,SI206_shuffled,53,94
speed_1s_stage5_rows,0.00015115928664851926,SI206_shuffled,53,94
speed_1s_stage5_col1_mean,0.03279526694588005,SI206_shuffled,53,94
speed_1s_stage5_col1_std_over_mean,0.022488261613720764,SI206_shuffled,53,94
speed_1s_stage5_col2_mean,0.011673016190640687,SI206_shuffled,53,94
speed_1s_stage5_col2_std_over_mean,0.018164050875232072,SI206_shuffled,53,94
speed_10s_avg_rows,0.01025339304351769,SI206_shuffled,53,94
speed_10s_avg_stage2_rows,0.009635417867354057,SI206_shuffled,53,94
speed_10s_avg_stage2_col1_mean,0.018108234840712483,SI206_shuffled,53,94
speed_10s_avg_stage2_col1_std_over_mean,0.007865889946920475,SI206_shuffled,53,94
speed_10s_avg_stage2_col2_mean,0.014877320896395915,SI206_shuffled,53,94
speed_10s_avg_stage2_col2_std_over_mean,0.006960718011760706,SI206_shuffled,53,94
speed_10s_avg_stage3_rows,0.006155034754684569,SI206_shuffled,53,94
speed_10s_avg_stage3_col1_mean,0.013498400651498078,SI206_shuffled,53,94
speed_10s_avg_stage3_col1_std_over_mean,0.015371514622401267,SI206_shuffled,53,94
speed_10s_avg_stage3_col2_mean,0.013360786251235659,SI206_shuffled,53,94
speed_10s_avg_stage3_col2_std_over_mean,0.026975647047388158,SI206_shuffled,53,94
speed_10s_avg_stage4_rows,0.005267599310185549,SI206_shuffled,53,94
speed_10s_avg_stage4_col1_mean,0.04046830612750173,SI206_shuffled,53,94
speed_10s_avg_stage4_col1_std_over_mean,0.013125546646080158,SI206_shuffled,53,94
speed_10s_avg_stage4_col2_mean,0.016832143512990432,SI206_shuffled,53,94
speed_10s_avg_stage4_col2_std_over_mean,0.022806718721193563,SI206_shuffled,53,94
speed_10s_avg_stage5_rows,2.4358063533949067e-05,SI206_shuffled,53,94
speed_10s_avg_stage5_col1_mean,0.03255681557311428,SI206_shuffled,53,94
speed_10s_avg_stage5_col1_std_over_mean,0.036704016721575874,SI206_shuffled,53,94
speed_10s_avg_stage5_col2_mean,0.0072916539565799675,SI206_shuffled,53,94
speed_10s_avg_stage5_col2_std_over_mean,0.006358373521210813,SI206_shuffled,53,94
stage_2_frames,0.060425807339528174,SI206_shuffled,54,95
stage_3_frames,0.004466478524647837,SI206_shuffled,54,95
stage_4_frames,0.0028127219238599254,SI206_shuffled,54,95
stage_5_frames,0.007604352144091031,SI206_shuffled,54,95
roam_mean,0.01032278246368059,SI206_shuffled,54,95
roam_std_over_mean,0.09558200107150884,SI206_shuffled,54,95
roam_early_mean,0.023349602969552886,SI206_shuffled,54,95
roam_mid_mean,0.04639930912886124,SI206_shuffled,54,95
roam_late_mean,0.012484830642364931,SI206_shuffled,54,95
roam_slope,0.09523088512204403,SI206_shuffled,54,95
speed_1s_rows,0.023005101885811355,SI206_shuffled,54,95
speed_1s_stage2_rows,0.005851746697486934,SI206_shuffled,54,95
speed_1s_stage2_col1_mean,0.0128804077058239,SI206_shuffled,54,95
speed_1s_stage2_col1_std_over_mean,0.016481775705165885,SI206_shuffled,54,95
speed_1s_stage2_col2_mean,0.012744886646835195,SI206_shuffled,54,95
speed_1s_stage2_col2_std_over_mean,0.03144599736743902,SI206_shuffled,54,95
speed_1s_stage3_rows,0.005167495253003555,SI206_shuffled,54,95
speed_1s_stage3_col1_mean,0.019100922710244463,SI206_shuffled,54,95
speed_1s_stage3_col1_std_over_mean,0.018410413136202935,SI206_shuffled,54,95
speed_1s_stage3_col2_mean,0.009820938943824796,SI206_shuffled,54,95
speed_1s_stage3_col2_std_over_mean,0.030533569784877236,SI206_shuffled,54,95
speed_1s_stage4_rows,0.007163383581788284,SI206_shuffled,54,95
speed_1s_stage4_col1_mean,0.021039453578507897,SI206_shuffled,54,95
speed_1s_stage4_col1_std_over_mean,0.012441113372665189,SI206_shuffled,54,95
speed_1s_stage4_col2_mean,0.010159028151113683,SI206_shuffled,54,95
speed_1s_stage4_col2_std_over_mean,0.021876476984264363,SI206_shuffled,54,95
speed_1s_stage5_rows,0.0,SI206_shuffled,54,95
speed_1s_stage5_col1_mean,0.03162513575433898,SI206_shuffled,54,95
speed_1s_stage5_col1_std_over_mean,0.015416784909325302,SI206_shuffled,54,95
speed_1s_stage5_col2_mean,0.008530216916802282,SI206_shuffled,54,95
speed_1s_stage5_col2_std_over_mean,0.016580917678816857,SI206_shuffled,54,95
speed_10s_avg_rows,0.013267384112505295,SI206_shuffled,54,95
speed_10s_avg_stage2_rows,0.006075590924277133,SI206_shuffled,54,95
speed_10s_avg_stage2_col1_mean,0.008089242289038921,SI206_shuffled,54,95
speed_10s_avg_stage2_col1_std_over_mean,0.004520252272049529,SI206_shuffled,54,95
speed_10s_avg_stage2_col2_mean,0.011836145812713732,SI206_shuffled,54,95
speed_10s_avg_stage2_col2_std_over_mean,0.006233475428547605,SI206_shuffled,54,95
speed_10s_avg_stage3_rows,0.004094029193682126,SI206_shuffled,54,95
speed_10s_avg_stage3_col1_mean,0.011356415226704268,SI206_shuffled,54,95
speed_10s_avg_stage3_col1_std_over_mean,0.0071871482100115186,SI206_shuffled,54,95
speed_10s_avg_stage3_col2_mean,0.011539314419004153,SI206_shuffled,54,95
speed_10s_avg_stage3_col2_std_over_mean,0.034946466454531706,SI206_shuffled,54,95
speed_10s_avg_stage4_rows,0.0061975552006687884,SI206_shuffled,54,95
speed_10s_avg_stage4_col1_mean,0.01952935297106294,SI206_shuffled,54,95
speed_10s_avg_stage4_col1_std_over_mean,0.014073506059444135,SI206_shuffled,54,95
speed_10s_avg_stage4_col2_mean,0.006754355918481323,SI206_shuffled,54,95
speed_10s_avg_stage4_col2_std_over_mean,0.05110922809312413,SI206_shuffled,54,95
speed_10s_avg_stage5_rows,0.0,SI206_shuffled,54,95
speed_10s_avg_stage5_col1_mean,0.025903858840900632,SI206_shuffled,54,95
speed_10s_avg_stage5_col1_std_over_mean,0.05157506058427928,SI206_shuffled,54,95
speed_10s_avg_stage5_col2_mean,0.008814845938521335,SI206_shuffled,54,95
speed_10s_avg_stage5_col2_std_over_mean,0.007942233955973913,SI206_shuffled,54,95
stage_2_frames,0.04578947317157764,SI206_shuffled,55,96
stage_3_frames,0.011926159321664527,SI206_shuffled,55,96
stage_4_frames,0.004410279691446777,SI206_shuffled,55,96
stage_5_frames,0.008759900266986587,SI206_shuffled,55,96
roam_mean,0.008335081147006049,SI206_shuffled,55,96
roam_std_over_mean,0.04847899540853101,SI206_shuffled,55,96
roam_early_mean,0.01059555498508389,SI206_shuffled,55,96
roam_mid_mean,0.06206102049908222,SI206_shuffled,55,96
roam_late_mean,0.009865899412739638,SI206_shuffled,55,96
roam_slope,0.06279376519270122,SI206_shuffled,55,96
speed_1s_rows,0.012589476473516364,SI206_shuffled,55,96
speed_1s_stage2_rows,0.007796640025535428,SI206_shuffled,55,96
speed_1s_stage2_col1_mean,0.014209917375740533,SI206_shuffled,55,96
speed_1s_stage2_col1_std_over_mean,0.013924649194106567,SI206_shuffled,55,96
speed_1s_stage2_col2_mean,0.01054954170972425,SI206_shuffled,55,96
speed_1s_stage2_col2_std_over_mean,0.029025993709293325,SI206_shuffled,55,96
speed_1s_stage3_rows,0.003695212363809424,SI206_shuffled,55,96
speed_1s_stage3_col1_mean,0.016674004078542384,SI206_shuffled,55,96
speed_1s_stage3_col1_std_over_mean,0.013193600418256008,SI206_shuffled,55,96
speed_1s_stage3_col2_mean,0.01624051671941132,SI206_shuffled,55,96
speed_1s_stage3_col2_std_over_mean,0.0258000686729663,SI206_shuffled,55,96
speed_1s_stage4_rows,0.005439429664991159,SI206_shuffled,55,96
speed_1s_stage4_col1_mean,0.033192965013042454,SI206_shuffled,55,96
speed_1s_stage4_col1_std_over_mean,0.013139742503868951,SI206_shuffled,55,96
speed_1s_stage4_col2_mean,0.007472706619579821,SI206_shuffled,55,96
speed_1s_stage4_col2_std_over_mean,0.01246495897285725,SI206_shuffled,55,96
speed_1s_stage5_rows,0.0,SI206_shuffled,55,96
speed_1s_stage5_col1_mean,0.04102561060208736,SI206_shuffled,55,96
speed_1s_stage5_col1_std_over_mean,0.015348509712376307,SI206_shuffled,55,96
speed_1s_stage5_col2_mean,0.013622786926545508,SI206_shuffled,55,96
speed_1s_stage5_col2_std_over_mean,0.02572120940076238,SI206_shuffled,55,96
speed_10s_avg_rows,0.018197094933636273,SI206_shuffled,55,96
speed_10s_avg_stage2_rows,0.014593346920285499,SI206_shuffled,55,96
speed_10s_avg_stage2_col1_mean,0.02067880582626809,SI206_shuffled,55,96
speed_10s_avg_stage2_col1_std_over_mean,0.010379635215403749,SI206_shuffled,55,96
speed_10s_avg_stage2_col2_mean,0.010084415546846503,SI206_shuffled,55,96
speed_10s_avg_stage2_col2_std_over_mean,0.008597058523318414,SI206_shuffled,55,96
speed_10s_avg_stage3_rows,0.004238433389639097,SI206_shuffled,55,96
speed_10s_avg_stage3_col1_mean,0.018149892780919788,SI206_shuffled,55,96
speed_10s_avg_stage3_col1_std_over_mean,0.008911985588123108,SI206_shuffled,55,96
speed_10s_avg_stage3_col2_mean,0.01581034126010661,SI206_shuffled,55,96
speed_10s_avg_stage3_col2_std_over_mean,0.02954286649598741,SI206_shuffled,55,96
speed_10s_avg_stage4_rows,0.009027894319927036,SI206_shuffled,55,96
speed_10s_avg_stage4_col1_mean,0.027392736701046142,SI206_shuffled,55,96
speed_10s_avg_stage4_col1_std_over_mean,0.0191559826120972,SI206_shuffled,55,96
speed_10s_avg_stage4_col2_mean,0.008250930036084203,SI206_shuffled,55,96
speed_10s_avg_stage4_col2_std_over_mean,0.057643989336021884,SI206_shuffled,55,96
speed_10s_avg_stage5_rows,0.0,SI206_shuffled,55,96
speed_10s_avg_stage5_col1_mean,0.04585891194336318,SI206_shuffled,55,96
speed_10s_avg_stage5_col1_std_over_mean,0.035289185443813036,SI206_shuffled,55,96
speed_10s_avg_stage5_col2_mean,0.02351700872385837,SI206_shuffled,55,96
speed_10s_avg_stage5_col2_std_over_mean,0.010535815149421745,SI206_shuffled,55,96
stage_2_frames,0.03717522261370014,SI206_shuffled,56,97
stage_3_frames,0.009821300031422717,SI206_shuffled,56,97
stage_4_frames,0.009760509198911253,SI206_shuffled,56,97
stage_5_frames,0.007936947061124593,SI206_shuffled,56,97
roam_mean,0.0051552052709272515,SI206_shuffled,56,97
roam_std_over_mean,0.03165703717056011,SI206_shuffled,56,97
roam_early_mean,0.008585644742940022,SI206_shuffled,56,97
roam_mid_mean,0.04156621784904548,SI206_shuffled,56,97
roam_late_mean,0.012087184976475863,SI206_shuffled,56,97
roam_slope,0.06330684808055738,SI206_shuffled,56,97
speed_1s_rows,0.007501564038133358,SI206_shuffled,56,97
speed_1s_stage2_rows,0.01015654217150531,SI206_shuffled,56,97
speed_1s_stage2_col1_mean,0.03504677813068274,SI206_shuffled,56,97
speed_1s_stage2_col1_std_over_mean,0.011128539157703022,SI206_shuffled,56,97
speed_1s_stage2_col2_mean,0.018493776805044233,SI206_shuffled,56,97
speed_1s_stage2_col2_std_over_mean,0.046451988621941824,SI206_shuffled,56,97
speed_1s_stage3_rows,0.011085114140221865,SI206_shuffled,56,97
speed_1s_stage3_col1_mean,0.014513267686017548,SI206_shuffled,56,97
speed_1s_stage3_col1_std_over_mean,0.01783307751709078,SI206_shuffled,56,97
speed_1s_stage3_col2_mean,0.009351648792813498,SI206_shuffled,56,97
speed_1s_stage3_col2_std_over_mean,0.02247001077594053,SI206_shuffled,56,97
speed_1s_stage4_rows,0.007928063596875989,SI206_shuffled,56,97
speed_1s_stage4_col1_mean,0.036580181625326544,SI206_shuffled,56,97
speed_1s_stage4_col1_std_over_mean,0.010867118457246326,SI206_shuffled,56,97
speed_1s_stage4_col2_mean,0.01699334192302577,SI206_shuffled,56,97
speed_1s_stage4_col2_std_over_mean,0.02076265901549205,SI206_shuffled,56,97
speed_1s_stage5_rows,4.45131375579599e-05,SI206_shuffled,56,97
speed_1s_stage5_col1_mean,0.025966833150616264,SI206_shuffled,56,97
speed_1s_stage5_col1_std_over_mean,0.026399760751317947,SI206_shuffled,56,97
speed_1s_stage5_col2_mean,0.009177834791326217,SI206_shuffled,56,97
speed_1s_stage5_col2_std_over_mean,0.01608133758242214,SI206_shuffled,56,97
speed_10s_avg_rows,0.007541317225598258,SI206_shuffled,56,97
speed_10s_avg_stage2_rows,0.010406793605273112,SI206_shuffled,56,97
speed_10s_avg_stage2_col1_mean,0.02942572525016361,SI206_shuffled,56,97
speed_10s_avg_stage2_col1_std_over_mean,0.006677589387054427,SI206_shuffled,56,97
speed_10s_avg_stage2_col2_mean,0.018858369078279164,SI206_shuffled,56,97
speed_10s_avg_stage2_col2_std_over_mean,0.012131889410508011,SI206_shuffled,56,97
speed_10s_avg_stage3_rows,0.010681576476988456,SI206_shuffled,56,97
speed_10s_avg_stage3_col1_mean,0.01601347741123018,SI206_shuffled,56,97
speed_10s_avg_stage3_col1_std_over_mean,0.00988714350548768,SI206_shuffled,56,97
speed_10s_avg_stage3_col2_mean,0.013835948542200974,SI206_shuffled,56,97
speed_10s_avg_stage3_col2_std_over_mean,0.024862992462191615,SI206_shuffled,56,97
speed_10s_avg_stage4_rows,0.007051283203603778,SI206_shuffled,56,97
speed_10s_avg_stage4_col1_mean,0.047112499280698196,SI206_shuffled,56,97
speed_10s_avg_stage4_col1_std_over_mean,0.018343906869832987,SI206_shuffled,56,97
speed_10s_avg_stage4_col2_mean,0.012611142800849063,SI206_shuffled,56,97
speed_10s_avg_stage4_col2_std_over_mean,0.09075983463552828,SI206_shuffled,56,97
speed_10s_avg_stage5_rows,2.346030413588282e-05,SI206_shuffled,56,97
speed_10s_avg_stage5_col1_mean,0.017491121784466712,SI206_shuffled,56,97
speed_10s_avg_stage5_col1_std_over_mean,0.03087670341864156,SI206_shuffled,56,97
speed_10s_avg_stage5_col2_mean,0.007348147490398281,SI206_shuffled,56,97
speed_10s_avg_stage5_col2_std_over_mean,0.00617300899290319,SI206_shuffled,56,97
stage_2_frames,0.027872154526214055,SI206_shuffled,57,98
stage_3_frames,0.0154071320613437,SI206_shuffled,57,98
stage_4_frames,0.010909641219123833,SI206_shuffled,57,98
stage_5_frames,0.004311012304256739,SI206_shuffled,57,98
roam_mean,0.011966534249170123,SI206_shuffled,57,98
roam_std_over_mean,0.07727330443620303,SI206_shuffled,57,98
roam_early_mean,0.010997867326633604,SI206_shuffled,57,98
roam_mid_mean,0.030785049738505994,SI206_shuffled,57,98
roam_late_mean,0.011911405182278945,SI206_shuffled,57,98
roam_slope,0.04386241850613953,SI206_shuffled,57,98
speed_1s_rows,0.012427499179571488,SI206_shuffled,57,98
speed_1s_stage2_rows,0.019390093031624027,SI206_shuffled,57,98
speed_1s_stage2_col1_mean,0.01978386486886927,SI206_shuffled,57,98
speed_1s_stage2_col1_std_over_mean,0.011007599732514483,SI206_shuffled,57,98
speed_1s_stage2_col2_mean,0.019456621860265613,SI206_shuffled,57,98
speed_1s_stage2_col2_std_over_mean,0.06252673371897115,SI206_shuffled,57,98
speed_1s_stage3_rows,0.011359766470204683,SI206_shuffled,57,98
speed_1s_stage3_col1_mean,0.015802694088089608,SI206_shuffled,57,98
speed_1s_stage3_col1_std_over_mean,0.02658322270108688,SI206_shuffled,57,98
speed_1s_stage3_col2_mean,0.01715716315456161,SI206_shuffled,57,98
speed_1s_stage3_col2_std_over_mean,0.03947632979860312,SI206_shuffled,57,98
speed_1s_stage4_rows,0.0055430960754327945,SI206_shuffled,57,98
speed_1s_stage4_col1_mean,0.014055050973226563,SI206_shuffled,57,98
speed_1s_stage4_col1_std_over_mean,0.02599822988834419,SI206_shuffled,57,98
speed_1s_stage4_col2_mean,0.013428378881577219,SI206_shuffled,57,98
speed_1s_stage4_col2_std_over_mean,0.014894585396120284,SI206_shuffled,57,98
speed_1s_stage5_rows,9.363158406520705e-05,SI206_shuffled,57,98
speed_1s_stage5_col1_mean,0.03408782253144731,SI206_shuffled,57,98
speed_1s_stage5_col1_std_over_mean,0.020257648361832956,SI206_shuffled,57,98
speed_1s_stage5_col2_mean,0.011226762863888917,SI206_shuffled,57,98
speed_1s_stage5_col2_std_over_mean,0.022381742512725622,SI206_shuffled,57,98
speed_10s_avg_rows,0.00684621391760504,SI206_shuffled,57,98
speed_10s_avg_stage2_rows,0.022919837418916282,SI206_shuffled,57,98
speed_10s_avg_stage2_col1_mean,0.021284880557780807,SI206_shuffled,57,98
speed_10s_avg_stage2_col1_std_over_mean,0.0032124246268906333,SI206_shuffled,57,98
speed_10s_avg_stage2_col2_mean,0.00827299049359418,SI206_shuffled,57,98
speed_10s_avg_stage2_col2_std_over_mean,0.010195713850061048,SI206_shuffled,57,98
speed_10s_avg_stage3_rows,0.00819860770173637,SI206_shuffled,57,98
speed_10s_avg_stage3_col1_mean,0.016467070247078785,SI206_shuffled,57,98
speed_10s_avg_stage3_col1_std_over_mean,0.01194197001642642,SI206_shuffled,57,98
speed_10s_avg_stage3_col2_mean,0.013548880544346404,SI206_shuffled,57,98
speed_10s_avg_stage3_col2_std_over_mean,0.027478102552339696,SI206_shuffled,57,98
speed_10s_avg_stage4_rows,0.005926425596983818,SI206_shuffled,57,98
speed_10s_avg_stage4_col1_mean,0.024348377791165027,SI206_shuffled,57,98
speed_10s_avg_stage4_col1_std_over_mean,0.021399985485990355,SI206_shuffled,57,98
speed_10s_avg_stage4_col2_mean,0.00588789769265071,SI206_shuffled,57,98
speed_10s_avg_stage4_col2_std_over_mean,0.05218146215790793,SI206_shuffled,57,98
speed_10s_avg_stage5_rows,0.00021636068440885494,SI206_shuffled,57,98
speed_10s_avg_stage5_col1_mean,0.02860657086087201,SI206_shuffled,57,98
speed_10s_avg_stage5_col1_std_over_mean,0.028192652234367278,SI206_shuffled,57,98
speed_10s_avg_stage5_col2_mean,0.009275061863691007,SI206_shuffled,57,98
speed_10s_avg_stage5_col2_std_over_mean,0.011363456482294776,SI206_shuffled,57,98
stage_2_frames,0.02641542079575308,SI206_shuffled,58,99
stage_3_frames,0.02952968955022496,SI206_shuffled,58,99
stage_4_frames,0.005627655940954239,SI206_shuffled,58,99
stage_5_frames,0.00981717779474578,SI206_shuffled,58,99
roam_mean,0.008622299216160395,SI206_shuffled,58,99
roam_std_over_mean,0.0476823196452383,SI206_shuffled,58,99
roam_early_mean,0.014637622345344907,SI206_shuffled,58,99
roam_mid_mean,0.051644861239944384,SI206_shuffled,58,99
roam_late_mean,0.007168512328693412,SI206_shuffled,58,99
roam_slope,0.04411343081356735,SI206_shuffled,58,99
speed_1s_rows,0.01024652530287212,SI206_shuffled,58,99
speed_1s_stage2_rows,0.015766117291924484,SI206_shuffled,58,99
speed_1s_stage2_col1_mean,0.01332803956858087,SI206_shuffled,58,99
speed_1s_stage2_col1_std_over_mean,0.009311420417649666,SI206_shuffled,58,99
speed_1s_stage2_col2_mean,0.018819854407553464,SI206_shuffled,58,99
speed_1s_stage2_col2_std_over_mean,0.025300461100753506,SI206_shuffled,58,99
speed_1s_stage3_rows,0.012929616002113354,SI206_shuffled,58,99
speed_1s_stage3_col1_mean,0.026072271623232328,SI206_shuffled,58,99
speed_1s_stage3_col1_std_over_mean,0.014536741443208327,SI206_shuffled,58,99
speed_1s_stage3_col2_mean,0.015475914727720134,SI206_shuffled,58,99
speed_1s_stage3_col2_std_over_mean,0.024691134226139902,SI206_shuffled,58,99
speed_1s_stage4_rows,0.0074383263744946665,SI206_shuffled,58,99
speed_1s_stage4_col1_mean,0.0650918004202117,SI206_shuffled,58,99
speed_1s_stage4_col1_std_over_mean,0.013947786628668928,SI206_shuffled,58,99
speed_1s_stage4_col2_mean,0.006344559724380974,SI206_shuffled,58,99
speed_1s_stage4_col2_std_over_mean,0.015451493997059178,SI206_shuffled,58,99
speed_1s_stage5_rows,1.780303026999497e-05,SI206_shuffled,58,99
speed_1s_stage5_col1_mean,0.030120115687676315,SI206_shuffled,58,99
speed_1s_stage5_col1_std_over_mean,0.01747519724799789,SI206_shuffled,58,99
speed_1s_stage5_col2_mean,0.00481962627797868,SI206_shuffled,58,99
speed_1s_stage5_col2_std_over_mean,0.025805602189373982,SI206_shuffled,58,99
speed_10s_avg_rows,0.010918585647988798,SI206_shuffled,58,99
speed_10s_avg_stage2_rows,0.01873605300202904,SI206_shuffled,58,99
speed_10s_avg_stage2_col1_mean,0.0195575079128949,SI206_shuffled,58,99
speed_10s_avg_stage2_col1_std_over_mean,0.004060562277996462,SI206_shuffled,58,99
speed_10s_avg_stage2_col2_mean,0.019492792723780124,SI206_shuffled,58,99
speed_10s_avg_stage2_col2_std_over_mean,0.0183456946617631,SI206_shuffled,58,99
speed_10s_avg_stage3_rows,0.01062674891887905,SI206_shuffled,58,99
speed_10s_avg_stage3_col1_mean,0.027762659507105034,SI206_shuffled,58,99
speed_10s_avg_stage3_col1_std_over_mean,0.008228143645321465,SI206_shuffled,58,99
speed_10s_avg_stage3_col2_mean,0.014575554612324201,SI206_shuffled,58,99
speed_10s_avg_stage3_col2_std_over_mean,0.02183038554685529,SI206_shuffled,58,99
speed_10s_avg_stage4_rows,0.009046911116382098,SI206_shuffled,58,99
speed_10s_avg_stage4_col1_mean,0.05553949050787041,SI206_shuffled,58,99
speed_10s_avg_stage4_col1_std_over_mean,0.01296891130477799,SI206_shuffled,58,99
speed_10s_avg_stage4_col2_mean,0.007099981073939941,SI206_shuffled,58,99
speed_10s_avg_stage4_col2_std_over_mean,0.04555890259095137,SI206_shuffled,58,99
speed_10s_avg_stage5_rows,4.14100108701278e-06,SI206_shuffled,58,99
speed_10s_avg_stage5_col1_mean,0.029404758149070336,SI206_shuffled,58,99
speed_10s_avg_stage5_col1_std_over_mean,0.0326699350270566,SI206_shuffled,58,99
speed_10s_avg_stage5_col2_mean,0.008181993064688926,SI206_shuffled,58,99
speed_10s_avg_stage5_col2_std_over_mean,0.0071408903467504795,SI206_shuffled,58,99
stage_2_frames,0.017352028685587922,SI206_shuffled,59,100
stage_3_frames,0.005068091510661765,SI206_shuffled,59,100
stage_4_frames,0.012979497650370084,SI206_shuffled,59,100
stage_5_frames,0.006189608036190717,SI206_shuffled,59,100
roam_mean,0.009598558976172674,SI206_shuffled,59,100
roam_std_over_mean,0.041716902502846584,SI206_shuffled,59,100
roam_early_mean,0.006288043403704801,SI206_shuffled,59,100
roam_mid_mean,0.05419827195624707,SI206_shuffled,59,100
roam_late_mean,0.014821167072862372,SI206_shuffled,59,100
roam_slope,0.09011689739445798,SI206_shuffled,59,100
speed_1s_rows,0.011726765186135716,SI206_shuffled,59,100
speed_1s_stage2_rows,0.00710438301178592,SI206_shuffled,59,100
speed_1s_stage2_col1_mean,0.017622889963645624,SI206_shuffled,59,100
speed_1s_stage2_col1_std_over_mean,0.014246489100582644,SI206_shuffled,59,100
speed_1s_stage2_col2_mean,0.01917458928437562,SI206_shuffled,59,100
speed_1s_stage2_col2_std_over_mean,0.048764418880160705,SI206_shuffled,59,100
speed_1s_stage3_rows,0.01558470055258471,SI206_shuffled,59,100
speed_1s_stage3_col1_mean,0.014424507871903603,SI206_shuffled,59,100
speed_1s_stage3_col1_std_over_mean,0.025623133836828467,SI206_shuffled,59,100
speed_1s_stage3_col2_mean,0.011614913710739097,SI206_shuffled,59,100
speed_1s_stage3_col2_std_over_mean,0.021399034960941584,SI206_shuffled,59,100
speed_1s_stage4_rows,0.0064516979930271745,SI206_shuffled,59,100
speed_1s_stage4_col1_mean,0.03447526295081055,SI206_shuffled,59,100
speed_1s_stage4_col1_std_over_mean,0.01637543865144047,SI206_shuffled,59,100
speed_1s_stage4_col2_mean,0.014517153484459427,SI206_shuffled,59,100
speed_1s_stage4_col2_std_over_mean,0.04154458169099776,SI206_shuffled,59,100
speed_1s_stage5_rows,2.669109967708821e-05,SI206_shuffled,59,100
speed_1s_stage5_col1_mean,0.025393533851909757,SI206_shuffled,59,100
speed_1s_stage5_col1_std_over_mean,0.026426506199070107,SI206_shuffled,59,100
speed_1s_stage5_col2_mean,0.006977261949769365,SI206_shuffled,59,100
speed_1s_stage5_col2_std_over_mean,0.024176298843101504,SI206_shuffled,59,100
speed_10s_avg_rows,0.015594250465808465,SI206_shuffled,59,100
speed_10s_avg_stage2_rows,0.011332083477334887,SI206_shuffled,59,100
speed_10s_avg_stage2_col1_mean,0.022642460425203438,SI206_shuffled,59,100
speed_10s_avg_stage2_col1_std_over_mean,0.007926906002923314,SI206_shuffled,59,100
speed_10s_avg_stage2_col2_mean,0.011614907555977765,SI206_shuffled,59,100
speed_10s_avg_stage2_col2_std_over_mean,0.009344326360901751,SI206_shuffled,59,100
speed_10s_avg_stage3_rows,0.016153761696417995,SI206_shuffled,59,100
speed_10s_avg_stage3_col1_mean,0.01111101465825987,SI206_shuffled,59,100
speed_10s_avg_stage3_col1_std_over_mean,0.012595317070982994,SI206_shuffled,59,100
speed_10s_avg_stage3_col2_mean,0.017432120660125408,SI206_shuffled,59,100
speed_10s_avg_stage3_col2_std_over_mean,0.028535468009474638,SI206_shuffled,59,100
speed_10s_avg_stage4_rows,0.005800493916629925,SI206_shuffled,59,100
speed_10s_avg_stage4_col1_mean,0.027545658742536314,SI206_shuffled,59,100
speed_10s_avg_stage4_col1_std_over_mean,0.015615852300364328,SI206_shuffled,59,100
speed_10s_avg_stage4_col2_mean,0.022638055820064475,SI206_shuffled,59,100
speed_10s_avg_stage4_col2_std_over_mean,0.034102114814453896,SI206_shuffled,59,100
speed_10s_avg_stage5_rows,0.00046672899812074103,SI206_shuffled,59,100
speed_10s_avg_stage5_col1_mean,0.02520892158593293,SI206_shuffled,59,100
speed_10s_avg_stage5_col1_std_over_mean,0.02447158727528527,SI206_shuffled,59,100
speed_10s_avg_stage5_col2_mean,0.00794808365885897,SI206_shuffled,59,100
speed_10s_avg_stage5_col2_std_over_mean,0.009940566241293792,SI206_shuffled,59,100
stage_2_frames,0.054107344259015436,SI206_shuffled,60,101
stage_3_frames,0.009559897738312662,SI206_shuffled,60,101
stage_4_frames,0.013162295999988794,SI206_shuffled,60,101
stage_5_frames,0.00465281657018894,SI206_shuffled,60,101
roam_mean,0.010700712427119449,SI206_shuffled,60,101
roam_std_over_mean,0.05060882191536419,SI206_shuffled,60,101
roam_early_mean,0.010079143727170363,SI206_shuffled,60,101
roam_mid_mean,0.05067620846412428,SI206_shuffled,60,101
roam_late_mean,0.01473769372192094,SI206_shuffled,60,101
roam_slope,0.06939892468431318,SI206_shuffled,60,101
speed_1s_rows,0.02655936917727404,SI206_shuffled,60,101
speed_1s_stage2_rows,0.009121738443705465,SI206_shuffled,60,101
speed_1s_stage2_col1_mean,0.011772467697028789,SI206_shuffled,60,101
speed_1s_stage2_col1_std_over_mean,0.011741691117800136,SI206_shuffled,60,101
speed_1s_stage2_col2_mean,0.008946693064532421,SI206_shuffled,60,101
speed_1s_stage2_col2_std_over_mean,0.029466085088064933,SI206_shuffled,60,101
speed_1s_stage3_rows,0.01253248254573742,SI206_shuffled,60,101
speed_1s_stage3_col1_mean,0.019452910300592586,SI206_shuffled,60,101
speed_1s_stage3_col1_std_over_mean,0.00986461964189685,SI206_shuffled,60,101
speed_1s_stage3_col2_mean,0.009663708901022904,SI206_shuffled,60,101
speed_1s_stage3_col2_std_over_mean,0.020939741991909924,SI206_shuffled,60,101
speed_1s_stage4_rows,0.004406488047936542,SI206_shuffled,60,101
speed_1s_stage4_col1_mean,0.016063088585096544,SI206_shuffled,60,101
speed_1s_stage4_col1_std_over_mean,0.013242408479647604,SI206_shuffled,60,101
speed_1s_stage4_col2_mean,0.00846097791002861,SI206_shuffled,60,101
speed_1s_stage4_col2_std_over_mean,0.01653294959059919,SI206_shuffled,60,101
speed_1s_stage5_rows,0.0,SI206_shuffled,60,101
speed_1s_stage5_col1_mean,0.020925003053945814,SI206_shuffled,60,101
speed_1s_stage5_col1_std_over_mean,0.024094539025863903,SI206_shuffled,60,101
speed_1s_stage5_col2_mean,0.014598631101481135,SI206_shuffled,60,101
speed_1s_stage5_col2_std_over_mean,0.03312046714923601,SI206_shuffled,60,101
speed_10s_avg_rows,0.027880058064614268,SI206_shuffled,60,101
speed_10s_avg_stage2_rows,0.00824197017037798,SI206_shuffled,60,101
speed_10s_avg_stage2_col1_mean,0.010773237466050963,SI206_shuffled,60,101
speed_10s_avg_stage2_col1_std_over_mean,0.005700649209071693,SI206_shuffled,60,101
speed_10s_avg_stage2_col2_mean,0.008735717045475709,SI206_shuffled,60,101
speed_10s_avg_stage2_col2_std_over_mean,0.008708703152550443,SI206_shuffled,60,101
speed_10s_avg_stage3_rows,0.010328787220308373,SI206_shuffled,60,101
speed_10s_avg_stage3_col1_mean,0.014414360348684608,SI206_shuffled,60,101
speed_10s_avg_stage3_col1_std_over_mean,0.009299384509525714,SI206_shuffled,60,101
speed_10s_avg_stage3_col2_mean,0.009074035301874539,SI206_shuffled,60,101
speed_10s_avg_stage3_col2_std_over_mean,0.032835496685598216,SI206_shuffled,60,101
speed_10s_avg_stage4_rows,0.004370136316857162,SI206_shuffled,60,101
speed_10s_avg_stage4_col1_mean,0.015521737364203512,SI206_shuffled,60,101
speed_10s_avg_stage4_col1_std_over_mean,0.008510146249179498,SI206_shuffled,60,101
speed_10s_avg_stage4_col2_mean,0.007503489306733841,SI206_shuffled,60,101
speed_10s_avg_stage4_col2_std_over_mean,0.05050762793317331,SI206_shuffled,60,101
speed_10s_avg_stage5_rows,0.0,SI206_shuffled,60,101
speed_10s_avg_stage5_col1_mean,0.021222167351591457,SI206_shuffled,60,101
speed_10s_avg_stage5_col1_std_over_mean,0.10026794476998814,SI206_shuffled,60,101
speed_10s_avg_stage5_col2_mean,0.021705330874650826,SI206_shuffled,60,101
speed_10s_avg_stage5_col2_std_over_mean,0.015209100238570696,SI206_shuffled,60,101
stage_2_frames,0.08106900399065281,SI206_shuffled,61,102
stage_3_frames,0.006787158790019395,SI206_shuffled,61,102
stage_4_frames,0.0037739082332825034,SI206_shuffled,61,102
stage_5_frames,0.006077377871329505,SI206_shuffled,61,102
roam_mean,0.00795133225885986,SI206_shuffled,61,102
roam_std_over_mean,0.0546216609284481,SI206_shuffled,61,102
roam_early_mean,0.036751597220922215,SI206_shuffled,61,102
roam_mid_mean,0.05024545872034093,SI206_shuffled,61,102
roam_late_mean,0.013038150357989673,SI206_shuffled,61,102
roam_slope,0.05712979783747482,SI206_shuffled,61,102
speed_1s_rows,0.0339268792997273,SI206_shuffled,61,102
speed_1s_stage2_rows,0.007446297852554139,SI206_shuffled,61,102
speed_1s_stage2_col1_mean,0.009149149753667958,SI206_shuffled,61,102
speed_1s_stage2_col1_std_over_mean,0.013674749259760635,SI206_shuffled,61,102
speed_1s_stage2_col2_mean,0.013306381001604214,SI206_shuffled,61,102
speed_1s_stage2_col2_std_over_mean,0.02268753641176566,SI206_shuffled,61,102
speed_1s_stage3_rows,0.004868618371727383,SI206_shuffled,61,102
speed_1s_stage3_col1_mean,0.0100208183773425,SI206_shuffled,61,102
speed_1s_stage3_col1_std_over_mean,0.014929705491431014,SI206_shuffled,61,102
speed_1s_stage3_col2_mean,0.009282317215914625,SI206_shuffled,61,102
speed_1s_stage3_col2_std_over_mean,0.015531284856008748,SI206_shuffled,61,102
speed_1s_stage4_rows,0.007381274540405711,SI206_shuffled,61,102
speed_1s_stage4_col1_mean,0.036288401984986236,SI206_shuffled,61,102
speed_1s_stage4_col1_std_over_mean,0.01451208201565609,SI206_shuffled,61,102
speed_1s_stage4_col2_mean,0.00808660048060885,SI206_shuffled,61,102
speed_1s_stage4_col2_std_over_mean,0.016891301463071152,SI206_shuffled,61,102
speed_1s_stage5_rows,0.0,SI206_shuffled,61,102
speed_1s_stage5_col1_mean,0.02845508843625536,SI206_shuffled,61,102
speed_1s_stage5_col1_std_over_mean,0.01119235248240947,SI206_shuffled,61,102
speed_1s_stage5_col2_mean,0.017658495515419977,SI206_shuffled,61,102
speed_1s_stage5_col2_std_over_mean,0.029899799801431044,SI206_shuffled,61,102
speed_10s_avg_rows,0.030898091737622084,SI206_shuffled,61,102
speed_10s_avg_stage2_rows,0.013675489025735264,SI206_shuffled,61,102
speed_10s_avg_stage2_col1_mean,0.011681123686132935,SI206_shuffled,61,102
speed_10s_avg_stage2_col1_std_over_mean,0.005092368225210995,SI206_shuffled,61,102
speed_10s_avg_stage2_col2_mean,0.01949986869933566,SI206_shuffled,61,102
speed_10s_avg_stage2_col2_std_over_mean,0.014304490665492381,SI206_shuffled,61,102
speed_10s_avg_stage3_rows,0.005254869831023682,SI206_shuffled,61,102
speed_10s_avg_stage3_col1_mean,0.013652621046871006,SI206_shuffled,61,102
speed_10s_avg_stage3_col1_std_over_mean,0.011421456989299958,SI206_shuffled,61,102
speed_10s_avg_stage3_col2_mean,0.01644218982139566,SI206_shuffled,61,102
speed_10s_avg_stage3_col2_std_over_mean,0.02454087753451196,SI206_shuffled,61,102
speed_10s_avg_stage4_rows,0.009761706922003491,SI206_shuffled,61,102
speed_10s_avg_stage4_col1_mean,0.038288637546819645,SI206_shuffled,61,102
speed_10s_avg_stage4_col1_std_over_mean,0.014572158011063601,SI206_shuffled,61,102
speed_10s_avg_stage4_col2_mean,0.009404483114575467,SI206_shuffled,61,102
speed_10s_avg_stage4_col2_std_over_mean,0.03175806245346943,SI206_shuffled,61,102
speed_10s_avg_stage5_rows,0.0,SI206_shuffled,61,102
speed_10s_avg_stage5_col1_mean,0.028283204261365196,SI206_shuffled,61,102
speed_10s_avg_stage5_col1_std_over_mean,0.041105874188139255,SI206_shuffled,61,102
speed_10s_avg_stage5_col2_mean,0.009170405385358625,SI206_shuffled,61,102
speed_10s_avg_stage5_col2_std_over_mean,0.00855744003350587,SI206_shuffled,61,102
stage_2_frames,0.10921380506317512,SI206_shuffled,62,103
stage_3_frames,0.026297669285316162,SI206_shuffled,62,103
stage_4_frames,0.006649660542608794,SI206_shuffled,62,103
stage_5_frames,0.005897350456519934,SI206_shuffled,62,103
roam_mean,0.012057454450949927,SI206_shuffled,62,103
roam_std_over_mean,0.05970474201943125,SI206_shuffled,62,103
roam_early_mean,0.006652712774789983,SI206_shuffled,62,103
roam_mid_mean,0.03250433064655188,SI206_shuffled,62,103
roam_late_mean,0.01886306436395395,SI206_shuffled,62,103
roam_slope,0.0598848186835637,SI206_shuffled,62,103
speed_1s_rows,0.012221606284368665,SI206_shuffled,62,103
speed_1s_stage2_rows,0.01753188194086447,SI206_shuffled,62,103
speed_1s_stage2_col1_mean,0.010350311966777973,SI206_shuffled,62,103
speed_1s_stage2_col1_std_over_mean,0.0336647042391114,SI206_shuffled,62,103
speed_1s_stage2_col2_mean,0.01612853756274866,SI206_shuffled,62,103
speed_1s_stage2_col2_std_over_mean,0.03451562070230735,SI206_shuffled,62,103
speed_1s_stage3_rows,0.0035036783383052437,SI206_shuffled,62,103
speed_1s_stage3_col1_mean,0.017941820672548115,SI206_shuffled,62,103
speed_1s_stage3_col1_std_over_mean,0.010051427164431043,SI206_shuffled,62,103
speed_1s_stage3_col2_mean,0.012711280879708225,SI206_shuffled,62,103
speed_1s_stage3_col2_std_over_mean,0.013942339329387737,SI206_shuffled,62,103
speed_1s_stage4_rows,0.006722556499618677,SI206_shuffled,62,103
speed_1s_stage4_col1_mean,0.02252755448578636,SI206_shuffled,62,103
speed_1s_stage4_col1_std_over_mean,0.016067030565487767,SI206_shuffled,62,103
speed_1s_stage4_col2_mean,0.007286819932311248,SI206_shuffled,62,103
speed_1s_stage4_col2_std_over_mean,0.010820594630485568,SI206_shuffled,62,103
speed_1s_stage5_rows,0.0005518669062667417,SI206_shuffled,62,103
speed_1s_stage5_col1_mean,0.030357069266587763,SI206_shuffled,62,103
speed_1s_stage5_col1_std_over_mean,0.021832309190204232,SI206_shuffled,62,103
speed_1s_stage5_col2_mean,0.005151645958059276,SI206_shuffled,62,103
speed_1s_stage5_col2_std_over_mean,0.022474890056291382,SI206_shuffled,62,103
speed_10s_avg_rows,0.01585680383489672,SI206_shuffled,62,103
speed_10s_avg_stage2_rows,0.021084379035872687,SI206_shuffled,62,103
speed_10s_avg_stage2_col1_mean,0.01240616570031179,SI206_shuffled,62,103
speed_10s_avg_stage2_col1_std_over_mean,0.010492978687493094,SI206_shuffled,62,103
speed_10s_avg_stage2_col2_mean,0.014892007983822753,SI206_shuffled,62,103
speed_10s_avg_stage2_col2_std_over_mean,0.014655223712116052,SI206_shuffled,62,103
speed_10s_avg_stage3_rows,0.004357015026321951,SI206_shuffled,62,103
speed_10s_avg_stage3_col1_mean,0.02498990099821743,SI206_shuffled,62,103
speed_10s_avg_stage3_col1_std_over_mean,0.01640311236354259,SI206_shuffled,62,103
speed_10s_avg_stage3_col2_mean,0.012187835971978549,SI206_shuffled,62,103
speed_10s_avg_stage3_col2_std_over_mean,0.011521303193115206,SI206_shuffled,62,103
speed_10s_avg_stage4_rows,0.006143459257632846,SI206_shuffled,62,103
speed_10s_avg_stage4_col1_mean,0.020918882875464066,SI206_shuffled,62,103
speed_10s_avg_stage4_col1_std_over_mean,0.02787123730509301,SI206_shuffled,62,103
speed_10s_avg_stage4_col2_mean,0.005515723332539368,SI206_shuffled,62,103
speed_10s_avg_stage4_col2_std_over_mean,0.023640530158524558,SI206_shuffled,62,103
speed_10s_avg_stage5_rows,0.0,SI206_shuffled,62,103
speed_10s_avg_stage5_col1_mean,0.02742707949477552,SI206_shuffled,62,103
speed_10s_avg_stage5_col1_std_over_mean,0.04038062456340907,SI206_shuffled,62,103
speed_10s_avg_stage5_col2_mean,0.01035283833333227,SI206_shuffled,62,103
speed_10s_avg_stage5_col2_std_over_mean,0.014821743313021836,SI206_shuffled,62,103
stage_2_frames,0.042175302578228026,SI206_shuffled,63,104
stage_3_frames,0.005380682776684583,SI206_shuffled,63,104
stage_4_frames,0.006352367353869397,SI206_shuffled,63,104
stage_5_frames,0.006204189044455575,SI206_shuffled,63,104
roam_mean,0.01004754393126603,SI206_shuffled,63,104
roam_std_over_mean,0.03421676560356269,SI206_shuffled,63,104
roam_early_mean,0.01743936712700527,SI206_shuffled,63,104
roam_mid_mean,0.05137862227687621,SI206_shuffled,63,104
roam_late_mean,0.006262063467893543,SI206_shuffled,63,104
roam_slope,0.034903238214265504,SI206_shuffled,63,104
speed_1s_rows,0.024844249987237436,SI206_shuffled,63,104
speed_1s_stage2_rows,0.0034680271386151383,SI206_shuffled,63,104
speed_1s_stage2_col1_mean,0.030881365871710167,SI206_shuffled,63,104
speed_1s_stage2_col1_std_over_mean,0.008138659154002083,SI206_shuffled,63,104
speed_1s_stage2_col2_mean,0.012128882479027343,SI206_shuffled,63,104
speed_1s_stage2_col2_std_over_mean,0.0364026112166454,SI206_shuffled,63,104
speed_1s_stage3_rows,0.005427360565677288,SI206_shuffled,63,104
speed_1s_stage3_col1_mean,0.01317476358667093,SI206_shuffled,63,104
speed_1s_stage3_col1_std_over_mean,0.013229006455994303,SI206_shuffled,63,104
speed_1s_stage3_col2_mean,0.018507804245749826,SI206_shuffled,63,104
speed_1s_stage3_col2_std_over_mean,0.02123550582818282,SI206_shuffled,63,104
speed_1s_stage4_rows,0.005010699535415614,SI206_shuffled,63,104
speed_1s_stage4_col1_mean,0.04234027198859496,SI206_shuffled,63,104
speed_1s_stage4_col1_std_over_mean,0.024258645641419774,SI206_shuffled,63,104
speed_1s_stage4_col2_mean,0.008981610642321539,SI206_shuffled,63,104
speed_1s_stage4_col2_std_over_mean,0.01182447713381409,SI206_shuffled,63,104
speed_1s_stage5_rows,3.591954022988145e-06,SI206_shuffled,63,104
speed_1s_stage5_col1_mean,0.06465689019626752,SI206_shuffled,63,104
speed_1s_stage5_col1_std_over_mean,0.015165760881785655,SI206_shuffled,63,104
speed_1s_stage5_col2_mean,0.011691442811751006,SI206_shuffled,63,104
speed_1s_stage5_col2_std_over_mean,0.02204304725554982,SI206_shuffled,63,104
speed_10s_avg_rows,0.028351817897419754,SI206_shuffled,63,104
speed_10s_avg_stage2_rows,0.005034383992607345,SI206_shuffled,63,104
speed_10s_avg_stage2_col1_mean,0.02675453676276162,SI206_shuffled,63,104
speed_10s_avg_stage2_col1_std_over_mean,0.006108040916160777,SI206_shuffled,63,104
speed_10s_avg_stage2_col2_mean,0.0077909700480681895,SI206_shuffled,63,104
speed_10s_avg_stage2_col2_std_over_mean,0.00758949531859304,SI206_shuffled,63,104
speed_10s_avg_stage3_rows,0.003474647385094766,SI206_shuffled,63,104
speed_10s_avg_stage3_col1_mean,0.012647441028344746,SI206_shuffled,63,104
speed_10s_avg_stage3_col1_std_over_mean,0.007740924668527774,SI206_shuffled,63,104
speed_10s_avg_stage3_col2_mean,0.019402820341908832,SI206_shuffled,63,104
speed_10s_avg_stage3_col2_std_over_mean,0.03516287044605254,SI206_shuffled,63,104
speed_10s_avg_stage4_rows,0.004645270348737919,SI206_shuffled,63,104
speed_10s_avg_stage4_col1_mean,0.048683960298583524,SI206_shuffled,63,104
speed_10s_avg_stage4_col1_std_over_mean,0.019236689836349134,SI206_shuffled,63,104
speed_10s_avg_stage4_col2_mean,0.00929623763887023,SI206_shuffled,63,104
speed_10s_avg_stage4_col2_std_over_mean,0.023895036513482498,SI206_shuffled,63,104
speed_10s_avg_stage5_rows,9.217825873105947e-05,SI206_shuffled,63,104
speed_10s_avg_stage5_col1_mean,0.06791161799875141,SI206_shuffled,63,104
speed_10s_avg_stage5_col1_std_over_mean,0.03736720514507726,SI206_shuffled,63,104
speed_10s_avg_stage5_col2_mean,0.017299006753483837,SI206_shuffled,63,104
speed_10s_avg_stage5_col2_std_over_mean,0.003740031457831187,SI206_shuffled,63,104
stage_2_frames,0.1252829692928244,SI206_shuffled,64,105
stage_3_frames,0.011144681702429604,SI206_shuffled,64,105
stage_4_frames,0.003936127172648325,SI206_shuffled,64,105
stage_5_frames,0.007516229716115795,SI206_shuffled,64,105
roam_mean,0.009998126257893614,SI206_shuffled,64,105
roam_std_over_mean,0.02999665556660987,SI206_shuffled,64,105
roam_early_mean,0.016008507128434313,SI206_shuffled,64,105
roam_mid_mean,0.03240793122289328,SI206_shuffled,64,105
roam_late_mean,0.019069711746171735,SI206_shuffled,64,105
roam_slope,0.05210062748462857,SI206_shuffled,64,105
speed_1s_rows,0.02327893153839815,SI206_shuffled,64,105
speed_1s_stage2_rows,0.023214343431341468,SI206_shuffled,64,105
speed_1s_stage2_col1_mean,0.009799302180376982,SI206_shuffled,64,105
speed_1s_stage2_col1_std_over_mean,0.016435794907759003,SI206_shuffled,64,105
speed_1s_stage2_col2_mean,0.006677376887604765,SI206_shuffled,64,105
speed_1s_stage2_col2_std_over_mean,0.015466945323851422,SI206_shuffled,64,105
speed_1s_stage3_rows,0.005304933126228035,SI206_shuffled,64,105
speed_1s_stage3_col1_mean,0.013368642682669036,SI206_shuffled,64,105
speed_1s_stage3_col1_std_over_mean,0.015592769316586994,SI206_shuffled,64,105
speed_1s_stage3_col2_mean,0.034455529799643,SI206_shuffled,64,105
speed_1s_stage3_col2_std_over_mean,0.02351154411785199,SI206_shuffled,64,105
speed_1s_stage4_rows,0.005800794674769257,SI206_shuffled,64,105
speed_1s_stage4_col1_mean,0.022790487354218267,SI206_shuffled,64,105
speed_1s_stage4_col1_std_over_mean,0.01899077963835009,SI206_shuffled,64,105
speed_1s_stage4_col2_mean,0.005459216885330806,SI206_shuffled,64,105
speed_1s_stage4_col2_std_over_mean,0.012842752158512587,SI206_shuffled,64,105
speed_1s_stage5_rows,0.0,SI206_shuffled,64,105
speed_1s_stage5_col1_mean,0.031788914599958626,SI206_shuffled,64,105
speed_1s_stage5_col1_std_over_mean,0.0209442286228833,SI206_shuffled,64,105
speed_1s_stage5_col2_mean,0.01336439074000757,SI206_shuffled,64,105
speed_1s_stage5_col2_std_over_mean,0.027782903459033326,SI206_shuffled,64,105
speed_10s_avg_rows,0.028148734531629034,SI206_shuffled,64,105
speed_10s_avg_stage2_rows,0.02027166899849059,SI206_shuffled,64,105
speed_10s_avg_stage2_col1_mean,0.014406742218285617,SI206_shuffled,64,105
speed_10s_avg_stage2_col1_std_over_mean,0.00807843007496201,SI206_shuffled,64,105
speed_10s_avg_stage2_col2_mean,0.007326164955935644,SI206_shuffled,64,105
speed_10s_avg_stage2_col2_std_over_mean,0.01056277028367277,SI206_shuffled,64,105
speed_10s_avg_stage3_rows,0.004244707788363441,SI206_shuffled,64,105
speed_10s_avg_stage3_col1_mean,0.016113231018332765,SI206_shuffled,64,105
speed_10s_avg_stage3_col1_std_over_mean,0.008606412731802012,SI206_shuffled,64,105
speed_10s_avg_stage3_col2_mean,0.02462773929288293,SI206_shuffled,64,105
speed_10s_avg_stage3_col2_std_over_mean,0.0322511920765695,SI206_shuffled,64,105
speed_10s_avg_stage4_rows,0.00604735224752692,SI206_shuffled,64,105
speed_10s_avg_stage4_col1_mean,0.02659346665831985,SI206_shuffled,64,105
speed_10s_avg_stage4_col1_std_over_mean,0.015388509063178938,SI206_shuffled,64,105
speed_10s_avg_stage4_col2_mean,0.0038936944272823537,SI206_shuffled,64,105
speed_10s_avg_stage4_col2_std_over_mean,0.02263609431919769,SI206_shuffled,64,105
speed_10s_avg_stage5_rows,0.0,SI206_shuffled,64,105
speed_10s_avg_stage5_col1_mean,0.023585266768986236,SI206_shuffled,64,105
speed_10s_avg_stage5_col1_std_over_mean,0.046871341936012285,SI206_shuffled,64,105
speed_10s_avg_stage5_col2_mean,0.015433704553263221,SI206_shuffled,64,105
speed_10s_avg_stage5_col2_std_over_mean,0.010580627319282153,SI206_shuffled,64,105
stage_2_frames,0.13979623139473327,SI206_shuffled,65,106
stage_3_frames,0.006318445536288368,SI206_shuffled,65,106
stage_4_frames,0.005913432348998163,SI206_shuffled,65,106
stage_5_frames,0.007647925771054171,SI206_shuffled,65,106
roam_mean,0.005873299347700346,SI206_shuffled,65,106
roam_std_over_mean,0.04042408177208051,SI206_shuffled,65,106
roam_early_mean,0.008785518415728092,SI206_shuffled,65,106
roam_mid_mean,0.03856623066534183,SI206_shuffled,65,106
roam_late_mean,0.013683720570632964,SI206_shuffled,65,106
roam_slope,0.05102944974601119,SI206_shuffled,65,106
speed_1s_rows,0.012749811799603408,SI206_shuffled,65,106
speed_1s_stage2_rows,0.0072224767830679736,SI206_shuffled,65,106
speed_1s_stage2_col1_mean,0.009318036017339161,SI206_shuffled,65,106
speed_1s_stage2_col1_std_over_mean,0.016718811960233358,SI206_shuffled,65,106
speed_1s_stage2_col2_mean,0.01126233862531482,SI206_shuffled,65,106
speed_1s_stage2_col2_std_over_mean,0.03076745858055031,SI206_shuffled,65,106
speed_1s_stage3_rows,0.005637949094595248,SI206_shuffled,65,106
speed_1s_stage3_col1_mean,0.022964480320530903,SI206_shuffled,65,106
speed_1s_stage3_col1_std_over_mean,0.011181468148010845,SI206_shuffled,65,106
speed_1s_stage3_col2_mean,0.009192233743403905,SI206_shuffled,65,106
speed_1s_stage3_col2_std_over_mean,0.01784035564867045,SI206_shuffled,65,106
speed_1s_stage4_rows,0.008792101994001256,SI206_shuffled,65,106
speed_1s_stage4_col1_mean,0.0687605738542433,SI206_shuffled,65,106
speed_1s_stage4_col1_std_over_mean,0.0054896953780236065,SI206_shuffled,65,106
speed_1s_stage4_col2_mean,0.011007237873362177,SI206_shuffled,65,106
speed_1s_stage4_col2_std_over_mean,0.011527369557904664,SI206_shuffled,65,106
speed_1s_stage5_rows,0.0006082706706793488,SI206_shuffled,65,106
speed_1s_stage5_col1_mean,0.03603361876625001,SI206_shuffled,65,106
speed_1s_stage5_col1_std_over_mean,0.020958257789605902,SI206_shuffled,65,106
speed_1s_stage5_col2_mean,0.01029988469093836,SI206_shuffled,65,106
speed_1s_stage5_col2_std_over_mean,0.024837119607461048,SI206_shuffled,65,106
speed_10s_avg_rows,0.0171300106914054,SI206_shuffled,65,106
speed_10s_avg_stage2_rows,0.008980582917359254,SI206_shuffled,65,106
speed_10s_avg_stage2_col1_mean,0.00717657626536404,SI206_shuffled,65,106
speed_10s_avg_stage2_col1_std_over_mean,0.011009292884534453,SI206_shuffled,65,106
speed_10s_avg_stage2_col2_mean,0.011598910348647518,SI206_shuffled,65,106
speed_10s_avg_stage2_col2_std_over_mean,0.0074567412813023115,SI206_shuffled,65,106
speed_10s_avg_stage3_rows,0.005755197452039225,SI206_shuffled,65,106
speed_10s_avg_stage3_col1_mean,0.014664329471596226,SI206_shuffled,65,106
speed_10s_avg_stage3_col1_std_over_mean,0.008189086898717945,SI206_shuffled,65,106
speed_10s_avg_stage3_col2_mean,0.0071865688105260854,SI206_shuffled,65,106
speed_10s_avg_stage3_col2_std_over_mean,0.011219726557367546,SI206_shuffled,65,106
speed_10s_avg_stage4_rows,0.0075878050255258934,SI206_shuffled,65,106
speed_10s_avg_stage4_col1_mean,0.06056335558297378,SI206_shuffled,65,106
speed_10s_avg_stage4_col1_std_over_mean,0.033124426544372566,SI206_shuffled,65,106
speed_10s_avg_stage4_col2_mean,0.01625008982507526,SI206_shuffled,65,106
speed_10s_avg_stage4_col2_std_over_mean,0.01768097331089812,SI206_shuffled,65,106
speed_10s_avg_stage5_rows,8.690928843020527e-06,SI206_shuffled,65,106
speed_10s_avg_stage5_col1_mean,0.03642786609529975,SI206_shuffled,65,106
speed_10s_avg_stage5_col1_std_over_mean,0.02838158835672304,SI206_shuffled,65,106
speed_10s_avg_stage5_col2_mean,0.009077808743872649,SI206_shuffled,65,106
speed_10s_avg_stage5_col2_std_over_mean,0.0093224855351968,SI206_shuffled,65,106
stage_2_frames,0.04301447373725591,SI206_shuffled,66,107
stage_3_frames,0.00933327376992006,SI206_shuffled,66,107
stage_4_frames,0.005736696183705884,SI206_shuffled,66,107
stage_5_frames,0.005437284913132283,SI206_shuffled,66,107
roam_mean,0.005591088148704403,SI206_shuffled,66,107
roam_std_over_mean,0.09688397608270181,SI206_shuffled,66,107
roam_early_mean,0.02030845446555105,SI206_shuffled,66,107
roam_mid_mean,0.04208080238225666,SI206_shuffled,66,107
roam_late_mean,0.01569109589116362,SI206_shuffled,66,107
roam_slope,0.049326011009155436,SI206_shuffled,66,107
speed_1s_rows,0.01470031140578394,SI206_shuffled,66,107
speed_1s_stage2_rows,0.010003308573940396,SI206_shuffled,66,107
speed_1s_stage2_col1_mean,0.016878708187857108,SI206_shuffled,66,107
speed_1s_stage2_col1_std_over_mean,0.009762041205873838,SI206_shuffled,66,107
speed_1s_stage2_col2_mean,0.025599202043262943,SI206_shuffled,66,107
speed_1s_stage2_col2_std_over_mean,0.05695318053085049,SI206_shuffled,66,107
speed_1s_stage3_rows,0.006552884087391356,SI206_shuffled,66,107
speed_1s_stage3_col1_mean,0.01116767440673309,SI206_shuffled,66,107
speed_1s_stage3_col1_std_over_mean,0.009936321332426497,SI206_shuffled,66,107
speed_1s_stage3_col2_mean,0.025827837182400372,SI206_shuffled,66,107
speed_1s_stage3_col2_std_over_mean,0.026812861174121124,SI206_shuffled,66,107
speed_1s_stage4_rows,0.007112622303114659,SI206_shuffled,66,107
speed_1s_stage4_col1_mean,0.038883258458926186,SI206_shuffled,66,107
speed_1s_stage4_col1_std_over_mean,0.010243649953063651,SI206_shuffled,66,107
speed_1s_stage4_col2_mean,0.012455887973819172,SI206_shuffled,66,107
speed_1s_stage4_col2_std_over_mean,0.01765866860139818,SI206_shuffled,66,107
speed_1s_stage5_rows,0.00021879668739789904,SI206_shuffled,66,107
speed_1s_stage5_col1_mean,0.015486631368305939,SI206_shuffled,66,107
speed_1s_stage5_col1_std_over_mean,0.018441829061454685,SI206_shuffled,66,107
speed_1s_stage5_col2_mean,0.0162264782605582,SI206_shuffled,66,107
speed_1s_stage5_col2_std_over_mean,0.0164714420446062,SI206_shuffled,66,107
speed_10s_avg_rows,0.015180762006429526,SI206_shuffled,66,107
speed_10s_avg_stage2_rows,0.006594314289844848,SI206_shuffled,66,107
speed_10s_avg_stage2_col1_mean,0.01355489750165095,SI206_shuffled,66,107
speed_10s_avg_stage2_col1_std_over_mean,0.006742832219141237,SI206_shuffled,66,107
speed_10s_avg_stage2_col2_mean,0.023081165036008464,SI206_shuffled,66,107
speed_10s_avg_stage2_col2_std_over_mean,0.01492631157639896,SI206_shuffled,66,107
speed_10s_avg_stage3_rows,0.0073613340107737376,SI206_shuffled,66,107
speed_10s_avg_stage3_col1_mean,0.01089179758856156,SI206_shuffled,66,107
speed_10s_avg_stage3_col1_std_over_mean,0.007750842403180983,SI206_shuffled,66,107
speed_10s_avg_stage3_col2_mean,0.019143505695998916,SI206_shuffled,66,107
speed_10s_avg_stage3_col2_std_over_mean,0.04795277939971796,SI206_shuffled,66,107
speed_10s_avg_stage4_rows,0.005845341055987045,SI206_shuffled,66,107
speed_10s_avg_stage4_col1_mean,0.02820256057240721,SI206_shuffled,66,107
speed_10s_avg_stage4_col1_std_over_mean,0.021001503424116146,SI206_shuffled,66,107
speed_10s_avg_stage4_col2_mean,0.007870967898771411,SI206_shuffled,66,107
speed_10s_avg_stage4_col2_std_over_mean,0.020823440783404427,SI206_shuffled,66,107
speed_10s_avg_stage5_rows,2.7900805803456564e-05,SI206_shuffled,66,107
speed_10s_avg_stage5_col1_mean,0.02920711800112731,SI206_shuffled,66,107
speed_10s_avg_stage5_col1_std_over_mean,0.03007538346103415,SI206_shuffled,66,107
speed_10s_avg_stage5_col2_mean,0.012966703430298009,SI206_shuffled,66,107
speed_10s_avg_stage5_col2_std_over_mean,0.010001787412510683,SI206_shuffled,66,107
stage_2_frames,0.018272644764527352,SI206_shuffled,67,108
stage_3_frames,0.006677320792034578,SI206_shuffled,67,108
stage_4_frames,0.010442389027940115,SI206_shuffled,67,108
stage_5_frames,0.004066084589745386,SI206_shuffled,67,108
roam_mean,0.009056336407211301,SI206_shuffled,67,108
roam_std_over_mean,0.10679505376255205,SI206_shuffled,67,108
roam_early_mean,0.009437222852517262,SI206_shuffled,67,108
roam_mid_mean,0.026810860369382704,SI206_shuffled,67,108
roam_late_mean,0.01795670602917429,SI206_shuffled,67,108
roam_slope,0.06432380331182287,SI206_shuffled,67,108
speed_1s_rows,0.0115408038194651,SI206_shuffled,67,108
speed_1s_stage2_rows,0.0077340463129712735,SI206_shuffled,67,108
speed_1s_stage2_col1_mean,0.013762985122657178,SI206_shuffled,67,108
speed_1s_stage2_col1_std_over_mean,0.011063583308054516,SI206_shuffled,67,108
speed_1s_stage2_col2_mean,0.022745803340891713,SI206_shuffled,67,108
speed_1s_stage2_col2_std_over_mean,0.071485460012314,SI206_shuffled,67,108
speed_1s_stage3_rows,0.014078426540704252,SI206_shuffled,67,108
speed_1s_stage3_col1_mean,0.0282208429353629,SI206_shuffled,67,108
speed_1s_stage3_col1_std_over_mean,0.03187595295455076,SI206_shuffled,67,108
speed_1s_stage3_col2_mean,0.008363663765558915,SI206_shuffled,67,108
speed_1s_stage3_col2_std_over_mean,0.01916171124992401,SI206_shuffled,67,108
speed_1s_stage4_rows,0.0037048629918372583,SI206_shuffled,67,108
speed_1s_stage4_col1_mean,0.04204038696545596,SI206_shuffled,67,108
speed_1s_stage4_col1_std_over_mean,0.01345028306341779,SI206_shuffled,67,108
speed_1s_stage4_col2_mean,0.008063806489248036,SI206_shuffled,67,108
speed_1s_stage4_col2_std_over_mean,0.02399176724545842,SI206_shuffled,67,108
speed_1s_stage5_rows,1.983186312225496e-05,SI206_shuffled,67,108
speed_1s_stage5_col1_mean,0.0368627368209825,SI206_shuffled,67,108
speed_1s_stage5_col1_std_over_mean,0.011467564987250477,SI206_shuffled,67,108
speed_1s_stage5_col2_mean,0.013568207291027685,SI206_shuffled,67,108
speed_1s_stage5_col2_std_over_mean,0.02041367655911225,SI206_shuffled,67,108
speed_10s_avg_rows,0.010086840231548409,SI206_shuffled,67,108
speed_10s_avg_stage2_rows,0.0060806432669772556,SI206_shuffled,67,108
speed_10s_avg_stage2_col1_mean,0.015533850812071112,SI206_shuffled,67,108
speed_10s_avg_stage2_col1_std_over_mean,0.004704602190807882,SI206_shuffled,67,108
speed_10s_avg_stage2_col2_mean,0.017604327782075577,SI206_shuffled,67,108
speed_10s_avg_stage2_col2_std_over_mean,0.006313458902602877,SI206_shuffled,67,108
speed_10s_avg_stage3_rows,0.009373953455896644,SI206_shuffled,67,108
speed_10s_avg_stage3_col1_mean,0.020796991137809553,SI206_shuffled,67,108
speed_10s_avg_stage3_col1_std_over_mean,0.01045425717683416,SI206_shuffled,67,108
speed_10s_avg_stage3_col2_mean,0.006481339444313121,SI206_shuffled,67,108
speed_10s_avg_stage3_col2_std_over_mean,0.007857145547263597,SI206_shuffled,67,108
speed_10s_avg_stage4_rows,0.004452556300285607,SI206_shuffled,67,108
speed_10s_avg_stage4_col1_mean,0.0359410340058922,SI206_shuffled,67,108
speed_10s_avg_stage4_col1_std_over_mean,0.008914545492059207,SI206_shuffled,67,108
speed_10s_avg_stage4_col2_mean,0.007397477171388536,SI206_shuffled,67,108
speed_10s_avg_stage4_col2_std_over_mean,0.040890735543676004,SI206_shuffled,67,108
speed_10s_avg_stage5_rows,0.00013279782994014928,SI206_shuffled,67,108
speed_10s_avg_stage5_col1_mean,0.039111215021775406,SI206_shuffled,67,108
speed_10s_avg_stage5_col1_std_over_mean,0.03882223087664561,SI206_shuffled,67,108
speed_10s_avg_stage5_col2_mean,0.011437251921047829,SI206_shuffled,67,108
speed_10s_avg_stage5_col2_std_over_mean,0.010157920342814104,SI206_shuffled,67,108
stage_2_frames,0.031090790247022375,SI206_shuffled,68,109
stage_3_frames,0.006263991459307062,SI206_shuffled,68,109
stage_4_frames,0.0082257166443873,SI206_shuffled,68,109
stage_5_frames,0.00919332629269785,SI206_shuffled,68,109
roam_mean,0.014327097092229879,SI206_shuffled,68,109
roam_std_over_mean,0.0537815120073448,SI206_shuffled,68,109
roam_early_mean,0.013682369822116416,SI206_shuffled,68,109
roam_mid_mean,0.021535150014284365,SI206_shuffled,68,109
roam_late_mean,0.012483766349488635,SI206_shuffled,68,109
roam_slope,0.07090440398295846,SI206_shuffled,68,109
speed_1s_rows,0.012360498065116942,SI206_shuffled,68,109
speed_1s_stage2_rows,0.010511177583961508,SI206_shuffled,68,109
speed_1s_stage2_col1_mean,0.014790072735672056,SI206_shuffled,68,109
speed_1s_stage2_col1_std_over_mean,0.010288757898699069,SI206_shuffled,68,109
speed_1s_stage2_col2_mean,0.012870518787398864,SI206_shuffled,68,109
speed_1s_stage2_col2_std_over_mean,0.0354059186324004,SI206_shuffled,68,109
speed_1s_stage3_rows,0.005871162137796476,SI206_shuffled,68,109
speed_1s_stage3_col1_mean,0.017815689229805556,SI206_shuffled,68,109
speed_1s_stage3_col1_std_over_mean,0.027948011419561804,SI206_shuffled,68,109
speed_1s_stage3_col2_mean,0.006925744787836786,SI206_shuffled,68,109
speed_1s_stage3_col2_std_over_mean,0.017565024408812527,SI206_shuffled,68,109
speed_1s_stage4_rows,0.004743150732387233,SI206_shuffled,68,109
speed_1s_stage4_col1_mean,0.05506269549587351,SI206_shuffled,68,109
speed_1s_stage4_col1_std_over_mean,0.01453292896106883,SI206_shuffled,68,109
speed_1s_stage4_col2_mean,0.010002775832704421,SI206_shuffled,68,109
speed_1s_stage4_col2_std_over_mean,0.01705104932949246,SI206_shuffled,68,109
speed_1s_stage5_rows,3.6164817202396276e-05,SI206_shuffled,68,109
speed_1s_stage5_col1_mean,0.03245827680778814,SI206_shuffled,68,109
speed_1s_stage5_col1_std_over_mean,0.024027510136593964,SI206_shuffled,68,109
speed_1s_stage5_col2_mean,0.02038381182727766,SI206_shuffled,68,109
speed_1s_stage5_col2_std_over_mean,0.019725580612548164,SI206_shuffled,68,109
speed_10s_avg_rows,0.007241208921372444,SI206_shuffled,68,109
speed_10s_avg_stage2_rows,0.01054036567875342,SI206_shuffled,68,109
speed_10s_avg_stage2_col1_mean,0.01665529741346295,SI206_shuffled,68,109
speed_10s_avg_stage2_col1_std_over_mean,0.010967739386272102,SI206_shuffled,68,109
speed_10s_avg_stage2_col2_mean,0.013249499196793671,SI206_shuffled,68,109
speed_10s_avg_stage2_col2_std_over_mean,0.014358743550916705,SI206_shuffled,68,109
speed_10s_avg_stage3_rows,0.005069102477738015,SI206_shuffled,68,109
speed_10s_avg_stage3_col1_mean,0.012307149960939796,SI206_shuffled,68,109
speed_10s_avg_stage3_col1_std_over_mean,0.019042571935429353,SI206_shuffled,68,109
speed_10s_avg_stage3_col2_mean,0.010324413340880323,SI206_shuffled,68,109
speed_10s_avg_stage3_col2_std_over_mean,0.018465796236770537,SI206_shuffled,68,109
speed_10s_avg_stage4_rows,0.0054669064305365314,SI206_shuffled,68,109
speed_10s_avg_stage4_col1_mean,0.0544977797931825,SI206_shuffled,68,109
speed_10s_avg_stage4_col1_std_over_mean,0.016574888891308974,SI206_shuffled,68,109
speed_10s_avg_stage4_col2_mean,0.010408172294102354,SI206_shuffled,68,109
speed_10s_avg_stage4_col2_std_over_mean,0.02842959540988782,SI206_shuffled,68,109
speed_10s_avg_stage5_rows,1.1764381126449812e-05,SI206_shuffled,68,109
speed_10s_avg_stage5_col1_mean,0.04161496440050389,SI206_shuffled,68,109
speed_10s_avg_stage5_col1_std_over_mean,0.054418839102504904,SI206_shuffled,68,109
speed_10s_avg_stage5_col2_mean,0.027096302202448453,SI206_shuffled,68,109
speed_10s_avg_stage5_col2_std_over_mean,0.011394254843232962,SI206_shuffled,68,109
stage_2_frames,0.043327979560423606,SI206_shuffled,69,110
stage_3_frames,0.009294860604911661,SI206_shuffled,69,110
stage_4_frames,0.006247805285935458,SI206_shuffled,69,110
stage_5_frames,0.005058720955805819,SI206_shuffled,69,110
roam_mean,0.007937901371826333,SI206_shuffled,69,110
roam_std_over_mean,0.0328600532574286,SI206_shuffled,69,110
roam_early_mean,0.013155682782788477,SI206_shuffled,69,110
roam_mid_mean,0.06666585877994809,SI206_shuffled,69,110
roam_late_mean,0.010809661458195634,SI206_shuffled,69,110
roam_slope,0.06716990427418923,SI206_shuffled,69,110
speed_1s_rows,0.01563497638668986,SI206_shuffled,69,110
speed_1s_stage2_rows,0.010415427990153103,SI206_shuffled,69,110
speed_1s_stage2_col1_mean,0.024508007161854757,SI206_shuffled,69,110
speed_1s_stage2_col1_std_over_mean,0.013213739033661335,SI206_shuffled,69,110
speed_1s_stage2_col2_mean,0.009092118148740806,SI206_shuffled,69,110
speed_1s_stage2_col2_std_over_mean,0.025150177787900085,SI206_shuffled,69,110
speed_1s_stage3_rows,0.005701569906242509,SI206_shuffled,69,110
speed_1s_stage3_col1_mean,0.010800940392633341,SI206_shuffled,69,110
speed_1s_stage3_col1_std_over_mean,0.014709360423271638,SI206_shuffled,69,110
speed_1s_stage3_col2_mean,0.008134549133545362,SI206_shuffled,69,110
speed_1s_stage3_col2_std_over_mean,0.0230037442348545,SI206_shuffled,69,110
speed_1s_stage4_rows,0.003460394577769114,SI206_shuffled,69,110
speed_1s_stage4_col1_mean,0.05314756468538952,SI206_shuffled,69,110
speed_1s_stage4_col1_std_over_mean,0.008993045711771943,SI206_shuffled,69,110
speed_1s_stage4_col2_mean,0.013477741919267866,SI206_shuffled,69,110
speed_1s_stage4_col2_std_over_mean,0.01817811847919171,SI206_shuffled,69,110
speed_1s_stage5_rows,9.231543740704399e-06,SI206_shuffled,69,110
speed_1s_stage5_col1_mean,0.028893499065107874,SI206_shuffled,69,110
speed_1s_stage5_col1_std_over_mean,0.02210100372328927,SI206_shuffled,69,110
speed_1s_stage5_col2_mean,0.01472073455151836,SI206_shuffled,69,110
speed_1s_stage5_col2_std_over_mean,0.02016213058403847,SI206_shuffled,69,110
speed_10s_avg_rows,0.009570793876019515,SI206_shuffled,69,110
speed_10s_avg_stage2_rows,0.01123566632266004,SI206_shuffled,69,110
speed_10s_avg_stage2_col1_mean,0.019914682781129775,SI206_shuffled,69,110
speed_10s_avg_stage2_col1_std_over_mean,0.009030714693278558,SI206_shuffled,69,110
speed_10s_avg_stage2_col2_mean,0.010176530414448427,SI206_shuffled,69,110
speed_10s_avg_stage2_col2_std_over_mean,0.015089877164307331,SI206_shuffled,69,110
speed_10s_avg_stage3_rows,0.004264508616637026,SI206_shuffled,69,110
speed_10s_avg_stage3_col1_mean,0.014557359609725833,SI206_shuffled,69,110
speed_10s_avg_stage3_col1_std_over_mean,0.012095882499586739,SI206_shuffled,69,110
speed_10s_avg_stage3_col2_mean,0.012262795335073295,SI206_shuffled,69,110
speed_10s_avg_stage3_col2_std_over_mean,0.037027412072469595,SI206_shuffled,69,110
speed_10s_avg_stage4_rows,0.006473100896886496,SI206_shuffled,69,110
speed_10s_avg_stage4_col1_mean,0.04278877166632327,SI206_shuffled,69,110
speed_10s_avg_stage4_col1_std_over_mean,0.016931136090822824,SI206_shuffled,69,110
speed_10s_avg_stage4_col2_mean,0.010710465860757967,SI206_shuffled,69,110
speed_10s_avg_stage4_col2_std_over_mean,0.054817396298975904,SI206_shuffled,69,110
speed_10s_avg_stage5_rows,1.1610374133351037e-05,SI206_shuffled,69,110
speed_10s_avg_stage5_col1_mean,0.043335156372583665,SI206_shuffled,69,110
speed_10s_avg_stage5_col1_std_over_mean,0.04564726724270924,SI206_shuffled,69,110
speed_10s_avg_stage5_col2_mean,0.008668988738634788,SI206_shuffled,69,110
speed_10s_avg_stage5_col2_std_over_mean,0.009353379300751336,SI206_shuffled,69,110
stage_2_frames,0.13433264328079525,SI206_shuffled,70,111
stage_3_frames,0.006016669269196743,SI206_shuffled,70,111
stage_4_frames,0.008834194942375475,SI206_shuffled,70,111
stage_5_frames,0.0037642649834008614,SI206_shuffled,70,111
roam_mean,0.0065049039986663304,SI206_shuffled,70,111
roam_std_over_mean,0.052583130001175246,SI206_shuffled,70,111
roam_early_mean,0.018759804157679923,SI206_shuffled,70,111
roam_mid_mean,0.0865480930413055,SI206_shuffled,70,111
roam_late_mean,0.04175130529349258,SI206_shuffled,70,111
roam_slope,0.053130980405101266,SI206_shuffled,70,111
speed_1s_rows,0.015438565734678535,SI206_shuffled,70,111
speed_1s_stage2_rows,0.004683639109276836,SI206_shuffled,70,111
speed_1s_stage2_col1_mean,0.015107131259715878,SI206_shuffled,70,111
speed_1s_stage2_col1_std_over_mean,0.009060330205972035,SI206_shuffled,70,111
speed_1s_stage2_col2_mean,0.01594273832054931,SI206_shuffled,70,111
speed_1s_stage2_col2_std_over_mean,0.02286908041536838,SI206_shuffled,70,111
speed_1s_stage3_rows,0.008611099175387452,SI206_shuffled,70,111
speed_1s_stage3_col1_mean,0.015338540362365065,SI206_shuffled,70,111
speed_1s_stage3_col1_std_over_mean,0.012247444712080908,SI206_shuffled,70,111
speed_1s_stage3_col2_mean,0.012436932910050788,SI206_shuffled,70,111
speed_1s_stage3_col2_std_over_mean,0.01201527993751027,SI206_shuffled,70,111
speed_1s_stage4_rows,0.006026769950551739,SI206_shuffled,70,111
speed_1s_stage4_col1_mean,0.013155871616471587,SI206_shuffled,70,111
speed_1s_stage4_col1_std_over_mean,0.017415979956810032,SI206_shuffled,70,111
speed_1s_stage4_col2_mean,0.01489608436826706,SI206_shuffled,70,111
speed_1s_stage4_col2_std_over_mean,0.019572058757098817,SI206_shuffled,70,111
speed_1s_stage5_rows,0.0,SI206_shuffled,70,111
speed_1s_stage5_col1_mean,0.017394673114183624,SI206_shuffled,70,111
speed_1s_stage5_col1_std_over_mean,0.015023148393698858,SI206_shuffled,70,111
speed_1s_stage5_col2_mean,0.013306317145269102,SI206_shuffled,70,111
speed_1s_stage5_col2_std_over_mean,0.021494883271151646,SI206_shuffled,70,111
speed_10s_avg_rows,0.027639069120700566,SI206_shuffled,70,111
speed_10s_avg_stage2_rows,0.006100705907891242,SI206_shuffled,70,111
speed_10s_avg_stage2_col1_mean,0.010878773248459322,SI206_shuffled,70,111
speed_10s_avg_stage2_col1_std_over_mean,0.008358377698740442,SI206_shuffled,70,111
speed_10s_avg_stage2_col2_mean,0.012914259096971602,SI206_shuffled,70,111
speed_10s_avg_stage2_col2_std_over_mean,0.008900762128359614,SI206_shuffled,70,111
speed_10s_avg_stage3_rows,0.007659562930762265,SI206_shuffled,70,111
speed_10s_avg_stage3_col1_mean,0.013734527024195446,SI206_shuffled,70,111
speed_10s_avg_stage3_col1_std_over_mean,0.009283044293298782,SI206_shuffled,70,111
speed_10s_avg_stage3_col2_mean,0.010209745222831851,SI206_shuffled,70,111
speed_10s_avg_stage3_col2_std_over_mean,0.015623539992357873,SI206_shuffled,70,111
speed_10s_avg_stage4_rows,0.004060180107907667,SI206_shuffled,70,111
speed_10s_avg_stage4_col1_mean,0.023674851389842967,SI206_shuffled,70,111
speed_10s_avg_stage4_col1_std_over_mean,0.017156623389280614,SI206_shuffled,70,111
speed_10s_avg_stage4_col2_mean,0.009719387745402944,SI206_shuffled,70,111
speed_10s_avg_stage4_col2_std_over_mean,0.04979633835683592,SI206_shuffled,70,111
speed_10s_avg_stage5_rows,0.0,SI206_shuffled,70,111
speed_10s_avg_stage5_col1_mean,0.013806718013675263,SI206_shuffled,70,111
speed_10s_avg_stage5_col1_std_over_mean,0.0333949549983964,SI206_shuffled,70,111
speed_10s_avg_stage5_col2_mean,0.011709097313132098,SI206_shuffled,70,111
speed_10s_avg_stage5_col2_std_over_mean,0.011116923931310134,SI206_shuffled,70,111
stage_2_frames,0.06521128207714609,SI206_shuffled,71,112
stage_3_frames,0.01827449197861391,SI206_shuffled,71,112
stage_4_frames,0.006902053296029034,SI206_shuffled,71,112
stage_5_frames,0.005736006675421752,SI206_shuffled,71,112
roam_mean,0.008474372880385751,SI206_shuffled,71,112
roam_std_over_mean,0.04401378500518784,SI206_shuffled,71,112
roam_early_mean,0.022473146022962187,SI206_shuffled,71,112
roam_mid_mean,0.041978647888983776,SI206_shuffled,71,112
roam_late_mean,0.021899837218699376,SI206_shuffled,71,112
roam_slope,0.042949608009000904,SI206_shuffled,71,112
speed_1s_rows,0.024596702141808844,SI206_shuffled,71,112
speed_1s_stage2_rows,0.01987449841057281,SI206_shuffled,71,112
speed_1s_stage2_col1_mean,0.017363350066271353,SI206_shuffled,71,112
speed_1s_stage2_col1_std_over_mean,0.01832748464622436,SI206_shuffled,71,112
speed_1s_stage2_col2_mean,0.009006525472822966,SI206_shuffled,71,112
speed_1s_stage2_col2_std_over_mean,0.01830198319933503,SI206_shuffled,71,112
speed_1s_stage3_rows,0.0036569947982680634,SI206_shuffled,71,112
speed_1s_stage3_col1_mean,0.013155304401634833,SI206_shuffled,71,112
speed_1s_stage3_col1_std_over_mean,0.02041584231243225,SI206_shuffled,71,112
speed_1s_stage3_col2_mean,0.01740413535488111,SI206_shuffled,71,112
speed_1s_stage3_col2_std_over_mean,0.016039586243690354,SI206_shuffled,71,112
speed_1s_stage4_rows,0.0060053231644183296,SI206_shuffled,71,112
speed_1s_stage4_col1_mean,0.02530147588223916,SI206_shuffled,71,112
speed_1s_stage4_col1_std_over_mean,0.008996740000568399,SI206_shuffled,71,112
speed_1s_stage4_col2_mean,0.009961308549290948,SI206_shuffled,71,112
speed_1s_stage4_col2_std_over_mean,0.01510473617529559,SI206_shuffled,71,112
speed_1s_stage5_rows,4.937188791967276e-05,SI206_shuffled,71,112
speed_1s_stage5_col1_mean,0.03699255458817344,SI206_shuffled,71,112
speed_1s_stage5_col1_std_over_mean,0.012226746708896646,SI206_shuffled,71,112
speed_1s_stage5_col2_mean,0.016278691793849043,SI206_shuffled,71,112
speed_1s_stage5_col2_std_over_mean,0.03974140084607737,SI206_shuffled,71,112
speed_10s_avg_rows,0.021473189778923794,SI206_shuffled,71,112
speed_10s_avg_stage2_rows,0.01774968896992523,SI206_shuffled,71,112
speed_10s_avg_stage2_col1_mean,0.0168116582508062,SI206_shuffled,71,112
speed_10s_avg_stage2_col1_std_over_mean,0.013813233205522968,SI206_shuffled,71,112
speed_10s_avg_stage2_col2_mean,0.00678582503398849,SI206_shuffled,71,112
speed_10s_avg_stage2_col2_std_over_mean,0.01160484902968213,SI206_shuffled,71,112
speed_10s_avg_stage3_rows,0.004210536038134276,SI206_shuffled,71,112
speed_10s_avg_stage3_col1_mean,0.0144263258308618,SI206_shuffled,71,112
speed_10s_avg_stage3_col1_std_over_mean,0.00918799336128759,SI206_shuffled,71,112
speed_10s_avg_stage3_col2_mean,0.013611761093698282,SI206_shuffled,71,112
speed_10s_avg_stage3_col2_std_over_mean,0.011690687296261349,SI206_shuffled,71,112
speed_10s_avg_stage4_rows,0.00945120948908734,SI206_shuffled,71,112
speed_10s_avg_stage4_col1_mean,0.039500734544609284,SI206_shuffled,71,112
speed_10s_avg_stage4_col1_std_over_mean,0.02052453694231125,SI206_shuffled,71,112
speed_10s_avg_stage4_col2_mean,0.009843204413271526,SI206_shuffled,71,112
speed_10s_avg_stage4_col2_std_over_mean,0.048746041066815016,SI206_shuffled,71,112
speed_10s_avg_stage5_rows,1.2508306297150452e-05,SI206_shuffled,71,112
speed_10s_avg_stage5_col1_mean,0.03797002638083457,SI206_shuffled,71,112
speed_10s_avg_stage5_col1_std_over_mean,0.04287194885186676,SI206_shuffled,71,112
speed_10s_avg_stage5_col2_mean,0.011616715449780792,SI206_shuffled,71,112
speed_10s_avg_stage5_col2_std_over_mean,0.011383338968932972,SI206_shuffled,71,112
stage_2_frames,0.030359817545386497,SI206_shuffled,72,113
stage_3_frames,0.011405450378259673,SI206_shuffled,72,113
stage_4_frames,0.005435822365871598,SI206_shuffled,72,113
stage_5_frames,0.006643586795566377,SI206_shuffled,72,113
roam_mean,0.007480276914080323,SI206_shuffled,72,113
roam_std_over_mean,0.046074740384520405,SI206_shuffled,72,113
roam_early_mean,0.00789527516766931,SI206_shuffled,72,113
roam_mid_mean,0.06164932820722743,SI206_shuffled,72,113
roam_late_mean,0.02080141120841887,SI206_shuffled,72,113
roam_slope,0.027718822933856704,SI206_shuffled,72,113
speed_1s_rows,0.01167020273933115,SI206_shuffled,72,113
speed_1s_stage2_rows,0.00787444455812179,SI206_shuffled,72,113
speed_1s_stage2_col1_mean,0.01979388545530898,SI206_shuffled,72,113
speed_1s_stage2_col1_std_over_mean,0.008207748623812301,SI206_shuffled,72,113
speed_1s_stage2_col2_mean,0.026577706436922154,SI206_shuffled,72,113
speed_1s_stage2_col2_std_over_mean,0.07109860513858864,SI206_shuffled,72,113
speed_1s_stage3_rows,0.010784298453043708,SI206_shuffled,72,113
speed_1s_stage3_col1_mean,0.025313561691485555,SI206_shuffled,72,113
speed_1s_stage3_col1_std_over_mean,0.009648759739568897,SI206_shuffled,72,113
speed_1s_stage3_col2_mean,0.010892892300862246,SI206_shuffled,72,113
speed_1s_stage3_col2_std_over_mean,0.014502481807280585,SI206_shuffled,72,113
speed_1s_stage4_rows,0.00330393035578564,SI206_shuffled,72,113
speed_1s_stage4_col1_mean,0.03446932710997723,SI206_shuffled,72,113
speed_1s_stage4_col1_std_over_mean,0.010971341911938244,SI206_shuffled,72,113
speed_1s_stage4_col2_mean,0.007283086133393074,SI206_shuffled,72,113
speed_1s_stage4_col2_std_over_mean,0.01976490926189083,SI206_shuffled,72,113
speed_1s_stage5_rows,9.496676163341885e-06,SI206_shuffled,72,113
speed_1s_stage5_col1_mean,0.040401511866355606,SI206_shuffled,72,113
speed_1s_stage5_col1_std_over_mean,0.020476569873625006,SI206_shuffled,72,113
speed_1s_stage5_col2_mean,0.02565225495105604,SI206_shuffled,72,113
speed_1s_stage5_col2_std_over_mean,0.05859434856687611,SI206_shuffled,72,113
speed_10s_avg_rows,0.011659325508705132,SI206_shuffled,72,113
speed_10s_avg_stage2_rows,0.00899736248377508,SI206_shuffled,72,113
speed_10s_avg_stage2_col1_mean,0.02175175198194944,SI206_shuffled,72,113
speed_10s_avg_stage2_col1_std_over_mean,0.010550268957142794,SI206_shuffled,72,113
speed_10s_avg_stage2_col2_mean,0.02490523222505199,SI206_shuffled,72,113
speed_10s_avg_stage2_col2_std_over_mean,0.012251039331374183,SI206_shuffled,72,113
speed_10s_avg_stage3_rows,0.007989964773289141,SI206_shuffled,72,113
speed_10s_avg_stage3_col1_mean,0.029467583953475505,SI206_shuffled,72,113
speed_10s_avg_stage3_col1_std_over_mean,0.0072696639572373345,SI206_shuffled,72,113
speed_10s_avg_stage3_col2_mean,0.009581389404908816,SI206_shuffled,72,113
speed_10s_avg_stage3_col2_std_over_mean,0.016754379923458157,SI206_shuffled,72,113
speed_10s_avg_stage4_rows,0.006269866229078324,SI206_shuffled,72,113
speed_10s_avg_stage4_col1_mean,0.041958829672021046,SI206_shuffled,72,113
speed_10s_avg_stage4_col1_std_over_mean,0.008034262374720246,SI206_shuffled,72,113
speed_10s_avg_stage4_col2_mean,0.005276206147668239,SI206_shuffled,72,113
speed_10s_avg_stage4_col2_std_over_mean,0.015561888857384605,SI206_shuffled,72,113
speed_10s_avg_stage5_rows,2.6281208935611008e-05,SI206_shuffled,72,113
speed_10s_avg_stage5_col1_mean,0.03731847261310594,SI206_shuffled,72,113
speed_10s_avg_stage5_col1_std_over_mean,0.03428937205073589,SI206_shuffled,72,113
speed_10s_avg_stage5_col2_mean,0.021201626409628204,SI206_shuffled,72,113
speed_10s_avg_stage5_col2_std_over_mean,0.006129336384110029,SI206_shuffled,72,113
stage_2_frames,0.030414208262645712,SI206_shuffled,73,114
stage_3_frames,0.00930532620454127,SI206_shuffled,73,114
stage_4_frames,0.009291823762075213,SI206_shuffled,73,114
stage_5_frames,0.006310968324451722,SI206_shuffled,73,114
roam_mean,0.007231233163670159,SI206_shuffled,73,114
roam_std_over_mean,0.1723267255846552,SI206_shuffled,73,114
roam_early_mean,0.0110206329997378,SI206_shuffled,73,114
roam_mid_mean,0.0430648269436065,SI206_shuffled,73,114
roam_late_mean,0.009200233224922477,SI206_shuffled,73,114
roam_slope,0.06755733074278328,SI206_shuffled,73,114
speed_1s_rows,0.013031706027733691,SI206_shuffled,73,114
speed_1s_stage2_rows,0.01242584143408407,SI206_shuffled,73,114
speed_1s_stage2_col1_mean,0.016446319164346135,SI206_shuffled,73,114
speed_1s_stage2_col1_std_over_mean,0.015810676966653517,SI206_shuffled,73,114
speed_1s_stage2_col2_mean,0.01662404527179367,SI206_shuffled,73,114
speed_1s_stage2_col2_std_over_mean,0.01354921632096338,SI206_shuffled,73,114
speed_1s_stage3_rows,0.005752573828888536,SI206_shuffled,73,114
speed_1s_stage3_col1_mean,0.01007027070081272,SI206_shuffled,73,114
speed_1s_stage3_col1_std_over_mean,0.0199124730555821,SI206_shuffled,73,114
speed_1s_stage3_col2_mean,0.016512032402858125,SI206_shuffled,73,114
speed_1s_stage3_col2_std_over_mean,0.01929129206918778,SI206_shuffled,73,114
speed_1s_stage4_rows,0.003828478928322662,SI206_shuffled,73,114
speed_1s_stage4_col1_mean,0.04928277785993974,SI206_shuffled,73,114
speed_1s_stage4_col1_std_over_mean,0.011609376901559096,SI206_shuffled,73,114
speed_1s_stage4_col2_mean,0.00895680434408271,SI206_shuffled,73,114
speed_1s_stage4_col2_std_over_mean,0.020268848771514542,SI206_shuffled,73,114
speed_1s_stage5_rows,4.6165060267113954e-05,SI206_shuffled,73,114
speed_1s_stage5_col1_mean,0.020460533612195565,SI206_shuffled,73,114
speed_1s_stage5_col1_std_over_mean,0.023836010572233033,SI206_shuffled,73,114
speed_1s_stage5_col2_mean,0.008916275260235251,SI206_shuffled,73,114
speed_1s_stage5_col2_std_over_mean,0.01984012631229435,SI206_shuffled,73,114
speed_10s_avg_rows,0.014845032034490826,SI206_shuffled,73,114
speed_10s_avg_stage2_rows,0.02044214358051324,SI206_shuffled,73,114
speed_10s_avg_stage2_col1_mean,0.016096272834965134,SI206_shuffled,73,114
speed_10s_avg_stage2_col1_std_over_mean,0.011162598278777493,SI206_shuffled,73,114
speed_10s_avg_stage2_col2_mean,0.01660364618976315,SI206_shuffled,73,114
speed_10s_avg_stage2_col2_std_over_mean,0.010544488379419665,SI206_shuffled,73,114
speed_10s_avg_stage3_rows,0.003751405129998615,SI206_shuffled,73,114
speed_10s_avg_stage3_col1_mean,0.009986013555945899,SI206_shuffled,73,114
speed_10s_avg_stage3_col1_std_over_mean,0.006601421474164735,SI206_shuffled,73,114
speed_10s_avg_stage3_col2_mean,0.010496045042358099,SI206_shuffled,73,114
speed_10s_avg_stage3_col2_std_over_mean,0.01473234231522758,SI206_shuffled,73,114
speed_10s_avg_stage4_rows,0.0062194332304982645,SI206_shuffled,73,114
speed_10s_avg_stage4_col1_mean,0.06765769322502783,SI206_shuffled,73,114
speed_10s_avg_stage4_col1_std_over_mean,0.011768380413138439,SI206_shuffled,73,114
speed_10s_avg_stage4_col2_mean,0.007211420499728795,SI206_shuffled,73,114
speed_10s_avg_stage4_col2_std_over_mean,0.014953867708473302,SI206_shuffled,73,114
speed_10s_avg_stage5_rows,0.0,SI206_shuffled,73,114
speed_10s_avg_stage5_col1_mean,0.026638807621837315,SI206_shuffled,73,114
speed_10s_avg_stage5_col1_std_over_mean,0.017315439696795054,SI206_shuffled,73,114
speed_10s_avg_stage5_col2_mean,0.010076171722749397,SI206_shuffled,73,114
speed_10s_avg_stage5_col2_std_over_mean,0.01070222298749003,SI206_shuffled,73,114
stage_2_frames,0.07561735511899247,SI206_shuffled,74,115
stage_3_frames,0.010022968166406248,SI206_shuffled,74,115
stage_4_frames,0.0037502259625813703,SI206_shuffled,74,115
stage_5_frames,0.006154912886291313,SI206_shuffled,74,115
roam_mean,0.010788093744755377,SI206_shuffled,74,115
roam_std_over_mean,0.019019012022787125,SI206_shuffled,74,115
roam_early_mean,0.011087929515799039,SI206_shuffled,74,115
roam_mid_mean,0.04602526915780099,SI206_shuffled,74,115
roam_late_mean,0.021034080125375155,SI206_shuffled,74,115
roam_slope,0.09312116147115135,SI206_shuffled,74,115
speed_1s_rows,0.04261968624492386,SI206_shuffled,74,115
speed_1s_stage2_rows,0.018781366956470782,SI206_shuffled,74,115
speed_1s_stage2_col1_mean,0.01966034566032462,SI206_shuffled,74,115
speed_1s_stage2_col1_std_over_mean,0.013915631062807968,SI206_shuffled,74,115
speed_1s_stage2_col2_mean,0.00652213292955342,SI206_shuffled,74,115
speed_1s_stage2_col2_std_over_mean,0.015456141832858726,SI206_shuffled,74,115
speed_1s_stage3_rows,0.00626112345583448,SI206_shuffled,74,115
speed_1s_stage3_col1_mean,0.01817054914557415,SI206_shuffled,74,115
speed_1s_stage3_col1_std_over_mean,0.00832979803913698,SI206_shuffled,74,115
speed_1s_stage3_col2_mean,0.012437520883558586,SI206_shuffled,74,115
speed_1s_stage3_col2_std_over_mean,0.023659782431126684,SI206_shuffled,74,115
speed_1s_stage4_rows,0.005085050430772648,SI206_shuffled,74,115
speed_1s_stage4_col1_mean,0.026054984605973813,SI206_shuffled,74,115
speed_1s_stage4_col1_std_over_mean,0.015461181918251354,SI206_shuffled,74,115
speed_1s_stage4_col2_mean,0.006492211566419578,SI206_shuffled,74,115
speed_1s_stage4_col2_std_over_mean,0.008351030266754841,SI206_shuffled,74,115
speed_1s_stage5_rows,0.000335122771052939,SI206_shuffled,74,115
speed_1s_stage5_col1_mean,0.037379899728984076,SI206_shuffled,74,115
speed_1s_stage5_col1_std_over_mean,0.021595060910946026,SI206_shuffled,74,115
speed_1s_stage5_col2_mean,0.012116093664758614,SI206_shuffled,74,115
speed_1s_stage5_col2_std_over_mean,0.027602136047558214,SI206_shuffled,74,115
speed_10s_avg_rows,0.037336469936368036,SI206_shuffled,74,115
speed_10s_avg_stage2_rows,0.018402418721490805,SI206_shuffled,74,115
speed_10s_avg_stage2_col1_mean,0.01695265220507979,SI206_shuffled,74,115
speed_10s_avg_stage2_col1_std_over_mean,0.006625482881825845,SI206_shuffled,74,115
speed_10s_avg_stage2_col2_mean,0.006351564368695421,SI206_shuffled,74,115
speed_10s_avg_stage2_col2_std_over_mean,0.007519471902972518,SI206_shuffled,74,115
speed_10s_avg_stage3_rows,0.00466369906136692,SI206_shuffled,74,115
speed_10s_avg_stage3_col1_mean,0.01938490756408563,SI206_shuffled,74,115
speed_10s_avg_stage3_col1_std_over_mean,0.009232022336074437,SI206_shuffled,74,115
speed_10s_avg_stage3_col2_mean,0.011785183256006521,SI206_shuffled,74,115
speed_10s_avg_stage3_col2_std_over_mean,0.03977717426176018,SI206_shuffled,74,115
speed_10s_avg_stage4_rows,0.004609574796954352,SI206_shuffled,74,115
speed_10s_avg_stage4_col1_mean,0.026910358157069988,SI206_shuffled,74,115
speed_10s_avg_stage4_col1_std_over_mean,0.013043572980319752,SI206_shuffled,74,115
speed_10s_avg_stage4_col2_mean,0.00523222420857418,SI206_shuffled,74,115
speed_10s_avg_stage4_col2_std_over_mean,0.028195542888794212,SI206_shuffled,74,115
speed_10s_avg_stage5_rows,0.0001779843226400599,SI206_shuffled,74,115
speed_10s_avg_stage5_col1_mean,0.02855157275900011,SI206_shuffled,74,115
speed_10s_avg_stage5_col1_std_over_mean,0.045677816513344675,SI206_shuffled,74,115
speed_10s_avg_stage5_col2_mean,0.014197392307469874,SI206_shuffled,74,115
speed_10s_avg_stage5_col2_std_over_mean,0.012465055844523981,SI206_shuffled,74,115
stage_2_frames,0.0364034921942757,SI206_shuffled,75,116
stage_3_frames,0.03216022574210109,SI206_shuffled,75,116
stage_4_frames,0.006296109089019744,SI206_shuffled,75,116
stage_5_frames,0.005938862679786395,SI206_shuffled,75,116
roam_mean,0.00809577771924711,SI206_shuffled,75,116
roam_std_over_mean,0.05261040950618278,SI206_shuffled,75,116
roam_early_mean,0.010218064895845522,SI206_shuffled,75,116
roam_mid_mean,0.01976815151761424,SI206_shuffled,75,116
roam_late_mean,0.008069674198012453,SI206_shuffled,75,116
roam_slope,0.06422888603730469,SI206_shuffled,75,116
speed_1s_rows,0.019405882997109814,SI206_shuffled,75,116
speed_1s_stage2_rows,0.021066655281981685,SI206_shuffled,75,116
speed_1s_stage2_col1_mean,0.018953335961112688,SI206_shuffled,75,116
speed_1s_stage2_col1_std_over_mean,0.008330934692830005,SI206_shuffled,75,116
speed_1s_stage2_col2_mean,0.01611947193176531,SI206_shuffled,75,116
speed_1s_stage2_col2_std_over_mean,0.023405377590617206,SI206_shuffled,75,116
speed_1s_stage3_rows,0.0039566100756965,SI206_shuffled,75,116
speed_1s_stage3_col1_mean,0.022255545112167423,SI206_shuffled,75,116
speed_1s_stage3_col1_std_over_mean,0.012739026682598825,SI206_shuffled,75,116
speed_1s_stage3_col2_mean,0.012126656540380053,SI206_shuffled,75,116
speed_1s_stage3_col2_std_over_mean,0.020035931543174755,SI206_shuffled,75,116
speed_1s_stage4_rows,0.0076653868448959194,SI206_shuffled,75,116
speed_1s_stage4_col1_mean,0.0470229818569654,SI206_shuffled,75,116
speed_1s_stage4_col1_std_over_mean,0.010812291211939383,SI206_shuffled,75,116
speed_1s_stage4_col2_mean,0.011757227390445052,SI206_shuffled,75,116
speed_1s_stage4_col2_std_over_mean,0.015706465738973663,SI206_shuffled,75,116
speed_1s_stage5_rows,5.682700800974868e-05,SI206_shuffled,75,116
speed_1s_stage5_col1_mean,0.03506818774459288,SI206_shuffled,75,116
speed_1s_stage5_col1_std_over_mean,0.020205514906211707,SI206_shuffled,75,116
speed_1s_stage5_col2_mean,0.006552757561785482,SI206_shuffled,75,116
speed_1s_stage5_col2_std_over_mean,0.0504135632077698,SI206_shuffled,75,116
speed_10s_avg_rows,0.013801829553084595,SI206_shuffled,75,116
speed_10s_avg_stage2_rows,0.02270591428206753,SI206_shuffled,75,116
speed_10s_avg_stage2_col1_mean,0.01347292417288228,SI206_shuffled,75,116
speed_10s_avg_stage2_col1_std_over_mean,0.00991142450527351,SI206_shuffled,75,116
speed_10s_avg_stage2_col2_mean,0.011999212268097758,SI206_shuffled,75,116
speed_10s_avg_stage2_col2_std_over_mean,0.014137841233320196,SI206_shuffled,75,116
speed_10s_avg_stage3_rows,0.007521850546550886,SI206_shuffled,75,116
speed_10s_avg_stage3_col1_mean,0.027250619186510654,SI206_shuffled,75,116
speed_10s_avg_stage3_col1_std_over_mean,0.00727447024287145,SI206_shuffled,75,116
speed_10s_avg_stage3_col2_mean,0.018649688159582973,SI206_shuffled,75,116
speed_10s_avg_stage3_col2_std_over_mean,0.013256567702729252,SI206_shuffled,75,116
speed_10s_avg_stage4_rows,0.005434567612351416,SI206_shuffled,75,116
speed_10s_avg_stage4_col1_mean,0.06121224696682093,SI206_shuffled,75,116
speed_10s_avg_stage4_col1_std_over_mean,0.018566663418684785,SI206_shuffled,75,116
speed_10s_avg_stage4_col2_mean,0.01120235357048497,SI206_shuffled,75,116
speed_10s_avg_stage4_col2_std_over_mean,0.01667927615742501,SI206_shuffled,75,116
speed_10s_avg_stage5_rows,0.00015649294627696037,SI206_shuffled,75,116
speed_10s_avg_stage5_col1_mean,0.03203873738076544,SI206_shuffled,75,116
speed_10s_avg_stage5_col1_std_over_mean,0.04537050140407137,SI206_shuffled,75,116
speed_10s_avg_stage5_col2_mean,0.011968418594807574,SI206_shuffled,75,116
speed_10s_avg_stage5_col2_std_over_mean,0.00994211463492739,SI206_shuffled,75,116
stage_2_frames,0.03799440688816077,SI206_shuffled,76,117
stage_3_frames,0.00782344565352705,SI206_shuffled,76,117
stage_4_frames,0.005258141396170648,SI206_shuffled,76,117
stage_5_frames,0.005860964247690274,SI206_shuffled,76,117
roam_mean,0.005710899882454729,SI206_shuffled,76,117
roam_std_over_mean,0.019630649738048775,SI206_shuffled,76,117
roam_early_mean,0.009366713934470772,SI206_shuffled,76,117
roam_mid_mean,0.019070959268754944,SI206_shuffled,76,117
roam_late_mean,0.017752248524980505,SI206_shuffled,76,117
roam_slope,0.08489243915084167,SI206_shuffled,76,117
speed_1s_rows,0.01981147588859193,SI206_shuffled,76,117
speed_1s_stage2_rows,0.009215363491896071,SI206_shuffled,76,117
speed_1s_stage2_col1_mean,0.021078877958446807,SI206_shuffled,76,117
speed_1s_stage2_col1_std_over_mean,0.01012312959056067,SI206_shuffled,76,117
speed_1s_stage2_col2_mean,0.015859454277955598,SI206_shuffled,76,117
speed_1s_stage2_col2_std_over_mean,0.04515009176403287,SI206_shuffled,76,117
speed_1s_stage3_rows,0.007711106310644971,SI206_shuffled,76,117
speed_1s_stage3_col1_mean,0.017971711344824802,SI206_shuffled,76,117
speed_1s_stage3_col1_std_over_mean,0.019486451815493605,SI206_shuffled,76,117
speed_1s_stage3_col2_mean,0.017448541304805602,SI206_shuffled,76,117
speed_1s_stage3_col2_std_over_mean,0.028355954230769167,SI206_shuffled,76,117
speed_1s_stage4_rows,0.007223700914438503,SI206_shuffled,76,117
speed_1s_stage4_col1_mean,0.03931437026221386,SI206_shuffled,76,117
speed_1s_stage4_col1_std_over_mean,0.013749718965657985,SI206_shuffled,76,117
speed_1s_stage4_col2_mean,0.008644335109907801,SI206_shuffled,76,117
speed_1s_stage4_col2_std_over_mean,0.011539742571737609,SI206_shuffled,76,117
speed_1s_stage5_rows,0.00033372994570809794,SI206_shuffled,76,117
speed_1s_stage5_col1_mean,0.028155604442934353,SI206_shuffled,76,117
speed_1s_stage5_col1_std_over_mean,0.020610131197584963,SI206_shuffled,76,117
speed_1s_stage5_col2_mean,0.027537249310848513,SI206_shuffled,76,117
speed_1s_stage5_col2_std_over_mean,0.06985145875984598,SI206_shuffled,76,117
speed_10s_avg_rows,0.015309894032493844,SI206_shuffled,76,117
speed_10s_avg_stage2_rows,0.008328802096287204,SI206_shuffled,76,117
speed_10s_avg_stage2_col1_mean,0.020235971850875646,SI206_shuffled,76,117
speed_10s_avg_stage2_col1_std_over_mean,0.007068789689941622,SI206_shuffled,76,117
speed_10s_avg_stage2_col2_mean,0.014895496217863133,SI206_shuffled,76,117
speed_10s_avg_stage2_col2_std_over_mean,0.009971450487777651,SI206_shuffled,76,117
speed_10s_avg_stage3_rows,0.004022060312607929,SI206_shuffled,76,117
speed_10s_avg_stage3_col1_mean,0.017384523079575574,SI206_shuffled,76,117
speed_10s_avg_stage3_col1_std_over_mean,0.00856032701948478,SI206_shuffled,76,117
speed_10s_avg_stage3_col2_mean,0.010152500916299463,SI206_shuffled,76,117
speed_10s_avg_stage3_col2_std_over_mean,0.054529723532542096,SI206_shuffled,76,117
speed_10s_avg_stage4_rows,0.006848929947635772,SI206_shuffled,76,117
speed_10s_avg_stage4_col1_mean,0.03526850992219957,SI206_shuffled,76,117
speed_10s_avg_stage4_col1_std_over_mean,0.012139682535731694,SI206_shuffled,76,117
speed_10s_avg_stage4_col2_mean,0.006446375710870257,SI206_shuffled,76,117
speed_10s_avg_stage4_col2_std_over_mean,0.021793685593775605,SI206_shuffled,76,117
speed_10s_avg_stage5_rows,0.00015730598173816372,SI206_shuffled,76,117
speed_10s_avg_stage5_col1_mean,0.03175879093465058,SI206_shuffled,76,117
speed_10s_avg_stage5_col1_std_over_mean,0.019954181105554306,SI206_shuffled,76,117
speed_10s_avg_stage5_col2_mean,0.026165141150005865,SI206_shuffled,76,117
speed_10s_avg_stage5_col2_std_over_mean,0.016474789738089256,SI206_shuffled,76,117
stage_2_frames,0.030982353607828028,SI206_shuffled,77,118
stage_3_frames,0.014722907265713478,SI206_shuffled,77,118
stage_4_frames,0.008444037107674858,SI206_shuffled,77,118
stage_5_frames,0.006806174490818096,SI206_shuffled,77,118
roam_mean,0.003567056757883212,SI206_shuffled,77,118
roam_std_over_mean,0.08598312986164651,SI206_shuffled,77,118
roam_early_mean,0.00793640086003029,SI206_shuffled,77,118
roam_mid_mean,0.012397287359381991,SI206_shuffled,77,118
roam_late_mean,0.008209484862866014,SI206_shuffled,77,118
roam_slope,0.06680597810097828,SI206_shuffled,77,118
speed_1s_rows,0.012022902368407964,SI206_shuffled,77,118
speed_1s_stage2_rows,0.01755560107318487,SI206_shuffled,77,118
speed_1s_stage2_col1_mean,0.008405838655356978,SI206_shuffled,77,118
speed_1s_stage2_col1_std_over_mean,0.014794336581878922,SI206_shuffled,77,118
speed_1s_stage2_col2_mean,0.015295441032113232,SI206_shuffled,77,118
speed_1s_stage2_col2_std_over_mean,0.022501189761617527,SI206_shuffled,77,118
speed_1s_stage3_rows,0.006151732799214649,SI206_shuffled,77,118
speed_1s_stage3_col1_mean,0.01874371299595626,SI206_shuffled,77,118
speed_1s_stage3_col1_std_over_mean,0.010460537261183936,SI206_shuffled,77,118
speed_1s_stage3_col2_mean,0.008555758275182223,SI206_shuffled,77,118
speed_1s_stage3_col2_std_over_mean,0.04188079661553743,SI206_shuffled,77,118
speed_1s_stage4_rows,0.004972727244670002,SI206_shuffled,77,118
speed_1s_stage4_col1_mean,0.08369793498869409,SI206_shuffled,77,118
speed_1s_stage4_col1_std_over_mean,0.00959941033585949,SI206_shuffled,77,118
speed_1s_stage4_col2_mean,0.009804291807080387,SI206_shuffled,77,118
speed_1s_stage4_col2_std_over_mean,0.024420064320801713,SI206_shuffled,77,118
speed_1s_stage5_rows,1.1207917984631425e-05,SI206_shuffled,77,118
speed_1s_stage5_col1_mean,0.040979601216865204,SI206_shuffled,77,118
speed_1s_stage5_col1_std_over_mean,0.010512236193801188,SI206_shuffled,77,118
speed_1s_stage5_col2_mean,0.006090580763190623,SI206_shuffled,77,118
speed_1s_stage5_col2_std_over_mean,0.02684448019143754,SI206_shuffled,77,118
speed_10s_avg_rows,0.01606245305405881,SI206_shuffled,77,118
speed_10s_avg_stage2_rows,0.016822235256523852,SI206_shuffled,77,118
speed_10s_avg_stage2_col1_mean,0.008794309145415694,SI206_shuffled,77,118
speed_10s_avg_stage2_col1_std_over_mean,0.0038801649442102367,SI206_shuffled,77,118
speed_10s_avg_stage2_col2_mean,0.015701861240954358,SI206_shuffled,77,118
speed_10s_avg_stage2_col2_std_over_mean,0.01081962633458702,SI206_shuffled,77,118
speed_10s_avg_stage3_rows,0.00714687173190324,SI206_shuffled,77,118
speed_10s_avg_stage3_col1_mean,0.024688415539389094,SI206_shuffled,77,118
speed_10s_avg_stage3_col1_std_over_mean,0.016844378889198906,SI206_shuffled,77,118
speed_10s_avg_stage3_col2_mean,0.015489945207646892,SI206_shuffled,77,118
speed_10s_avg_stage3_col2_std_over_mean,0.013076290546726882,SI206_shuffled,77,118
speed_10s_avg_stage4_rows,0.005536663768439771,SI206_shuffled,77,118
speed_10s_avg_stage4_col1_mean,0.08846218147845142,SI206_shuffled,77,118
speed_10s_avg_stage4_col1_std_over_mean,0.016267057658185854,SI206_shuffled,77,118
speed_10s_avg_stage4_col2_mean,0.008600169474074213,SI206_shuffled,77,118
speed_10s_avg_stage4_col2_std_over_mean,0.013309567842573014,SI206_shuffled,77,118
speed_10s_avg_stage5_rows,0.00012436104385256912,SI206_shuffled,77,118
speed_10s_avg_stage5_col1_mean,0.047775624792856075,SI206_shuffled,77,118
speed_10s_avg_stage5_col1_std_over_mean,0.01941472421519032,SI206_shuffled,77,118
speed_10s_avg_stage5_col2_mean,0.006602822095333305,SI206_shuffled,77,118
speed_10s_avg_stage5_col2_std_over_mean,0.005425083065588668,SI206_shuffled,77,118
stage_2_frames,0.02496009882373616,SI206_shuffled,78,119
stage_3_frames,0.010066859835931407,SI206_shuffled,78,119
stage_4_frames,0.009529691859109672,SI206_shuffled,78,119
stage_5_frames,0.004266056041885189,SI206_shuffled,78,119
roam_mean,0.010799420890600217,SI206_shuffled,78,119
roam_std_over_mean,0.05246554282823258,SI206_shuffled,78,119
roam_early_mean,0.00881273685408858,SI206_shuffled,78,119
roam_mid_mean,0.021665844433527363,SI206_shuffled,78,119
roam_late_mean,0.023800239560755655,SI206_shuffled,78,119
roam_slope,0.05150199935069481,SI206_shuffled,78,119
speed_1s_rows,0.02227555307810185,SI206_shuffled,78,119
speed_1s_stage2_rows,0.018534950413454498,SI206_shuffled,78,119
speed_1s_stage2_col1_mean,0.02267509494070317,SI206_shuffled,78,119
speed_1s_stage2_col1_std_over_mean,0.01500349116281801,SI206_shuffled,78,119
speed_1s_stage2_col2_mean,0.016988027443929563,SI206_shuffled,78,119
speed_1s_stage2_col2_std_over_mean,0.030113053168452877,SI206_shuffled,78,119
speed_1s_stage3_rows,0.008727643198966491,SI206_shuffled,78,119
speed_1s_stage3_col1_mean,0.022098213878963265,SI206_shuffled,78,119
speed_1s_stage3_col1_std_over_mean,0.02476800939347256,SI206_shuffled,78,119
speed_1s_stage3_col2_mean,0.010279455603428418,SI206_shuffled,78,119
speed_1s_stage3_col2_std_over_mean,0.020762644413757737,SI206_shuffled,78,119
speed_1s_stage4_rows,0.004891354938027752,SI206_shuffled,78,119
speed_1s_stage4_col1_mean,0.05255792854712565,SI206_shuffled,78,119
speed_1s_stage4_col1_std_over_mean,0.014398377121928985,SI206_shuffled,78,119
speed_1s_stage4_col2_mean,0.008290311673493986,SI206_shuffled,78,119
speed_1s_stage4_col2_std_over_mean,0.013406018617043136,SI206_shuffled,78,119
speed_1s_stage5_rows,0.0,SI206_shuffled,78,119
speed_1s_stage5_col1_mean,0.04281021075855298,SI206_shuffled,78,119
speed_1s_stage5_col1_std_over_mean,0.014865011999494512,SI206_shuffled,78,119
speed_1s_stage5_col2_mean,0.009862599798642645,SI206_shuffled,78,119
speed_1s_stage5_col2_std_over_mean,0.03643150977890291,SI206_shuffled,78,119
speed_10s_avg_rows,0.024533186836910244,SI206_shuffled,78,119
speed_10s_avg_stage2_rows,0.019123486178431535,SI206_shuffled,78,119
speed_10s_avg_stage2_col1_mean,0.025398883071883063,SI206_shuffled,78,119
speed_10s_avg_stage2_col1_std_over_mean,0.014026341966334762,SI206_shuffled,78,119
speed_10s_avg_stage2_col2_mean,0.017638965795161752,SI206_shuffled,78,119
speed_10s_avg_stage2_col2_std_over_mean,0.008534026345150398,SI206_shuffled,78,119
speed_10s_avg_stage3_rows,0.005976601835260787,SI206_shuffled,78,119
speed_10s_avg_stage3_col1_mean,0.02714343495663542,SI206_shuffled,78,119
speed_10s_avg_stage3_col1_std_over_mean,0.009582335451615182,SI206_shuffled,78,119
speed_10s_avg_stage3_col2_mean,0.009256743127639732,SI206_shuffled,78,119
speed_10s_avg_stage3_col2_std_over_mean,0.022130232387655373,SI206_shuffled,78,119
speed_10s_avg_stage4_rows,0.004580482426112284,SI206_shuffled,78,119
speed_10s_avg_stage4_col1_mean,0.0514247385256773,SI206_shuffled,78,119
speed_10s_avg_stage4_col1_std_over_mean,0.02277385911769034,SI206_shuffled,78,119
speed_10s_avg_stage4_col2_mean,0.011467488780766052,SI206_shuffled,78,119
speed_10s_avg_stage4_col2_std_over_mean,0.019504729303122654,SI206_shuffled,78,119
speed_10s_avg_stage5_rows,0.000180543649637277,SI206_shuffled,78,119
speed_10s_avg_stage5_col1_mean,0.030858894598712567,SI206_shuffled,78,119
speed_10s_avg_stage5_col1_std_over_mean,0.02414481145910764,SI206_shuffled,78,119
speed_10s_avg_stage5_col2_mean,0.012786240405568285,SI206_shuffled,78,119
speed_10s_avg_stage5_col2_std_over_mean,0.011326023373104548,SI206_shuffled,78,119
stage_2_frames,0.0818714024264783,SI206_shuffled,79,120
stage_3_frames,0.011271494831239055,SI206_shuffled,79,120
stage_4_frames,0.00984761536987048,SI206_shuffled,79,120
stage_5_frames,0.006876175009288451,SI206_shuffled,79,120
roam_mean,0.007859454137879921,SI206_shuffled,79,120
roam_std_over_mean,0.03679690717964071,SI206_shuffled,79,120
roam_early_mean,0.026237034930730038,SI206_shuffled,79,120
roam_mid_mean,0.04487558960530731,SI206_shuffled,79,120
roam_late_mean,0.01668735006291214,SI206_shuffled,79,120
roam_slope,0.06654233835223963,SI206_shuffled,79,120
speed_1s_rows,0.022717297644034247,SI206_shuffled,79,120
speed_1s_stage2_rows,0.015490496973567938,SI206_shuffled,79,120
speed_1s_stage2_col1_mean,0.02086813309075139,SI206_shuffled,79,120
speed_1s_stage2_col1_std_over_mean,0.011252857534463612,SI206_shuffled,79,120
speed_1s_stage2_col2_mean,0.015326713141414278,SI206_shuffled,79,120
speed_1s_stage2_col2_std_over_mean,0.024495347924208526,SI206_shuffled,79,120
speed_1s_stage3_rows,0.008652376351331446,SI206_shuffled,79,120
speed_1s_stage3_col1_mean,0.017730045925270353,SI206_shuffled,79,120
speed_1s_stage3_col1_std_over_mean,0.013571406885733928,SI206_shuffled,79,120
speed_1s_stage3_col2_mean,0.016891119839624415,SI206_shuffled,79,120
speed_1s_stage3_col2_std_over_mean,0.019903025859508275,SI206_shuffled,79,120
speed_1s_stage4_rows,0.004917624231410487,SI206_shuffled,79,120
speed_1s_stage4_col1_mean,0.04429258077919957,SI206_shuffled,79,120
speed_1s_stage4_col1_std_over_mean,0.010673673916303033,SI206_shuffled,79,120
speed_1s_stage4_col2_mean,0.011066678735136358,SI206_shuffled,79,120
speed_1s_stage4_col2_std_over_mean,0.011070818089948462,SI206_shuffled,79,120
speed_1s_stage5_rows,0.0001651885999426742,SI206_shuffled,79,120
speed_1s_stage5_col1_mean,0.031615539831565245,SI206_shuffled,79,120
speed_1s_stage5_col1_std_over_mean,0.012680161539960195,SI206_shuffled,79,120
speed_1s_stage5_col2_mean,0.008741508199667148,SI206_shuffled,79,120
speed_1s_stage5_col2_std_over_mean,0.03644073975437609,SI206_shuffled,79,120
speed_10s_avg_rows,0.0231589551523291,SI206_shuffled,79,120
speed_10s_avg_stage2_rows,0.01726098380757892,SI206_shuffled,79,120
speed_10s_avg_stage2_col1_mean,0.016128376956785234,SI206_shuffled,79,120
speed_10s_avg_stage2_col1_std_over_mean,0.009128434683054517,SI206_shuffled,79,120
speed_10s_avg_stage2_col2_mean,0.009849130087111373,SI206_shuffled,79,120
speed_10s_avg_stage2_col2_std_over_mean,0.014347866183428749,SI206_shuffled,79,120
speed_10s_avg_stage3_rows,0.00917792092304609,SI206_shuffled,79,120
speed_10s_avg_stage3_col1_mean,0.01767848743441976,SI206_shuffled,79,120
speed_10s_avg_stage3_col1_std_over_mean,0.007879662572136396,SI206_shuffled,79,120
speed_10s_avg_stage3_col2_mean,0.012204420192166545,SI206_shuffled,79,120
speed_10s_avg_stage3_col2_std_over_mean,0.016181365321942906,SI206_shuffled,79,120
speed_10s_avg_stage4_rows,0.005203274151923121,SI206_shuffled,79,120
speed_10s_avg_stage4_col1_mean,0.04942038205047362,SI206_shuffled,79,120
speed_10s_avg_stage4_col1_std_over_mean,0.014689900022950996,SI206_shuffled,79,120
speed_10s_avg_stage4_col2_mean,0.013590212425632435,SI206_shuffled,79,120
speed_10s_avg_stage4_col2_std_over_mean,0.015410393985080772,SI206_shuffled,79,120
speed_10s_avg_stage5_rows,8.71157168744702e-05,SI206_shuffled,79,120
speed_10s_avg_stage5_col1_mean,0.02636759084735193,SI206_shuffled,79,120
speed_10s_avg_stage5_col1_std_over_mean,0.032130090843822706,SI206_shuffled,79,120
speed_10s_avg_stage5_col2_mean,0.010430603752900608,SI206_shuffled,79,120
speed_10s_avg_stage5_col2_std_over_mean,0.012246136135986017,SI206_shuffled,79,120
stage_2_frames,0.013945901883530669,SI206_shuffled,80,121
stage_3_frames,0.011349149268773829,SI206_shuffled,80,121
stage_4_frames,0.006991083326865763,SI206_shuffled,80,121
stage_5_frames,0.008179967871391386,SI206_shuffled,80,121
roam_mean,0.003348570119413375,SI206_shuffled,80,121
roam_std_over_mean,0.06604425977947646,SI206_shuffled,80,121
roam_early_mean,0.016573250367179722,SI206_shuffled,80,121
roam_mid_mean,0.020628420824584836,SI206_shuffled,80,121
roam_late_mean,0.008175303070841885,SI206_shuffled,80,121
roam_slope,0.09229629547494395,SI206_shuffled,80,121
speed_1s_rows,0.011108713861264526,SI206_shuffled,80,121
speed_1s_stage2_rows,0.013680717902226101,SI206_shuffled,80,121
speed_1s_stage2_col1_mean,0.027829452570829874,SI206_shuffled,80,121
speed_1s_stage2_col1_std_over_mean,0.00803447279548939,SI206_shuffled,80,121
speed_1s_stage2_col2_mean,0.017164758164670137,SI206_shuffled,80,121
speed_1s_stage2_col2_std_over_mean,0.08733379436189044,SI206_shuffled,80,121
speed_1s_stage3_rows,0.009055115592864116,SI206_shuffled,80,121
speed_1s_stage3_col1_mean,0.018950246680061192,SI206_shuffled,80,121
speed_1s_stage3_col1_std_over_mean,0.020257357302790567,SI206_shuffled,80,121
speed_1s_stage3_col2_mean,0.008389711512996917,SI206_shuffled,80,121
speed_1s_stage3_col2_std_over_mean,0.012770866708516133,SI206_shuffled,80,121
speed_1s_stage4_rows,0.0033885692929018713,SI206_shuffled,80,121
speed_1s_stage4_col1_mean,0.035700285383671544,SI206_shuffled,80,121
speed_1s_stage4_col1_std_over_mean,0.019883831282646855,SI206_shuffled,80,121
speed_1s_stage4_col2_mean,0.010522256795493649,SI206_shuffled,80,121
speed_1s_stage4_col2_std_over_mean,0.02279221551739731,SI206_shuffled,80,121
speed_1s_stage5_rows,1.5726591241145413e-05,SI206_shuffled,80,121
speed_1s_stage5_col1_mean,0.0311376872540713,SI206_shuffled,80,121
speed_1s_stage5_col1_std_over_mean,0.014206790645786758,SI206_shuffled,80,121
speed_1s_stage5_col2_mean,0.013240683610749218,SI206_shuffled,80,121
speed_1s_stage5_col2_std_over_mean,0.026214461300594828,SI206_shuffled,80,121
speed_10s_avg_rows,0.009800091355748185,SI206_shuffled,80,121
speed_10s_avg_stage2_rows,0.0099450612050422,SI206_shuffled,80,121
speed_10s_avg_stage2_col1_mean,0.023495709431712267,SI206_shuffled,80,121
speed_10s_avg_stage2_col1_std_over_mean,0.009891825168079583,SI206_shuffled,80,121
speed_10s_avg_stage2_col2_mean,0.015725911283523197,SI206_shuffled,80,121
speed_10s_avg_stage2_col2_std_over_mean,0.0115998466629084,SI206_shuffled,80,121
speed_10s_avg_stage3_rows,0.008059347802185398,SI206_shuffled,80,121
speed_10s_avg_stage3_col1_mean,0.01814664230477506,SI206_shuffled,80,121
speed_10s_avg_stage3_col1_std_over_mean,0.00481291066265407,SI206_shuffled,80,121
speed_10s_avg_stage3_col2_mean,0.008300842923315422,SI206_shuffled,80,121
speed_10s_avg_stage3_col2_std_over_mean,0.0141120119127524,SI206_shuffled,80,121
speed_10s_avg_stage4_rows,0.007109078471186898,SI206_shuffled,80,121
speed_10s_avg_stage4_col1_mean,0.03821971833367542,SI206_shuffled,80,121
speed_10s_avg_stage4_col1_std_over_mean,0.012765268398833938,SI206_shuffled,80,121
speed_10s_avg_stage4_col2_mean,0.012795942378511175,SI206_shuffled,80,121
speed_10s_avg_stage4_col2_std_over_mean,0.058073013286975166,SI206_shuffled,80,121
speed_10s_avg_stage5_rows,0.0,SI206_shuffled,80,121
speed_10s_avg_stage5_col1_mean,0.028720578678682,SI206_shuffled,80,121
speed_10s_avg_stage5_col1_std_over_mean,0.020700328371155933,SI206_shuffled,80,121
speed_10s_avg_stage5_col2_mean,0.013173196299731241,SI206_shuffled,80,121
speed_10s_avg_stage5_col2_std_over_mean,0.015342757953396312,SI206_shuffled,80,121
stage_2_frames,0.11139266225828554,SI206_shuffled,81,122
stage_3_frames,0.011363035319690521,SI206_shuffled,81,122
stage_4_frames,0.0032169308749251118,SI206_shuffled,81,122
stage_5_frames,0.006542846592157102,SI206_shuffled,81,122
roam_mean,0.011751558512619279,SI206_shuffled,81,122
roam_std_over_mean,0.0243611477908985,SI206_shuffled,81,122
roam_early_mean,0.009295109223511833,SI206_shuffled,81,122
roam_mid_mean,0.05096011935516851,SI206_shuffled,81,122
roam_late_mean,0.018939878639299516,SI206_shuffled,81,122
roam_slope,0.0447164662980509,SI206_shuffled,81,122
speed_1s_rows,0.023362165900999158,SI206_shuffled,81,122
speed_1s_stage2_rows,0.01226066317329691,SI206_shuffled,81,122
speed_1s_stage2_col1_mean,0.01625351455048206,SI206_shuffled,81,122
speed_1s_stage2_col1_std_over_mean,0.021954949617774864,SI206_shuffled,81,122
speed_1s_stage2_col2_mean,0.008710791390550138,SI206_shuffled,81,122
speed_1s_stage2_col2_std_over_mean,0.04775000563466892,SI206_shuffled,81,122
speed_1s_stage3_rows,0.006029416964845177,SI206_shuffled,81,122
speed_1s_stage3_col1_mean,0.01587997867054874,SI206_shuffled,81,122
speed_1s_stage3_col1_std_over_mean,0.012600359050764636,SI206_shuffled,81,122
speed_1s_stage3_col2_mean,0.0159549530417017,SI206_shuffled,81,122
speed_1s_stage3_col2_std_over_mean,0.014099401477148462,SI206_shuffled,81,122
speed_1s_stage4_rows,0.0072117121550295945,SI206_shuffled,81,122
speed_1s_stage4_col1_mean,0.029725675530746332,SI206_shuffled,81,122
speed_1s_stage4_col1_std_over_mean,0.017942672851343947,SI206_shuffled,81,122
speed_1s_stage4_col2_mean,0.008810493071087933,SI206_shuffled,81,122
speed_1s_stage4_col2_std_over_mean,0.005852199829763036,SI206_shuffled,81,122
speed_1s_stage5_rows,1.865467942662033e-05,SI206_shuffled,81,122
speed_1s_stage5_col1_mean,0.044767602548092235,SI206_shuffled,81,122
speed_1s_stage5_col1_std_over_mean,0.02056340081897062,SI206_shuffled,81,122
speed_1s_stage5_col2_mean,0.010182411438313915,SI206_shuffled,81,122
speed_1s_stage5_col2_std_over_mean,0.017134580813597207,SI206_shuffled,81,122
speed_10s_avg_rows,0.021675279324273013,SI206_shuffled,81,122
speed_10s_avg_stage2_rows,0.018469059637927224,SI206_shuffled,81,122
speed_10s_avg_stage2_col1_mean,0.021283999554020806,SI206_shuffled,81,122
speed_10s_avg_stage2_col1_std_over_mean,0.00860174122945726,SI206_shuffled,81,122
speed_10s_avg_stage2_col2_mean,0.0096144947906352,SI206_shuffled,81,122
speed_10s_avg_stage2_col2_std_over_mean,0.014444719577557292,SI206_shuffled,81,122
speed_10s_avg_stage3_rows,0.005338172050251739,SI206_shuffled,81,122
speed_10s_avg_stage3_col1_mean,0.01080113282480172,SI206_shuffled,81,122
speed_10s_avg_stage3_col1_std_over_mean,0.010136567633698593,SI206_shuffled,81,122
speed_10s_avg_stage3_col2_mean,0.010427521358302064,SI206_shuffled,81,122
speed_10s_avg_stage3_col2_std_over_mean,0.031484754131932254,SI206_shuffled,81,122
speed_10s_avg_stage4_rows,0.008393575416632078,SI206_shuffled,81,122
speed_10s_avg_stage4_col1_mean,0.04025021823605764,SI206_shuffled,81,122
speed_10s_avg_stage4_col1_std_over_mean,0.014871952599646663,SI206_shuffled,81,122
speed_10s_avg_stage4_col2_mean,0.005354147730866057,SI206_shuffled,81,122
speed_10s_avg_stage4_col2_std_over_mean,0.025412390260740308,SI206_shuffled,81,122
speed_10s_avg_stage5_rows,4.748619932332171e-06,SI206_shuffled,81,122
speed_10s_avg_stage5_col1_mean,0.040974571559849834,SI206_shuffled,81,122
speed_10s_avg_stage5_col1_std_over_mean,0.028124996162694614,SI206_shuffled,81,122
speed_10s_avg_stage5_col2_mean,0.013627455322836289,SI206_shuffled,81,122
speed_10s_avg_stage5_col2_std_over_mean,0.011103143904128135,SI206_shuffled,81,122
stage_2_frames,0.039848391324624984,SI206_shuffled,82,123
stage_3_frames,0.010900172318732766,SI206_shuffled,82,123
stage_4_frames,0.004182836038539111,SI206_shuffled,82,123
stage_5_frames,0.005955983148413953,SI206_shuffled,82,123
roam_mean,0.006880392896773116,SI206_shuffled,82,123
roam_std_over_mean,0.06604275024032231,SI206_shuffled,82,123
roam_early_mean,0.016306747066805957,SI206_shuffled,82,123
roam_mid_mean,0.05761688494200161,SI206_shuffled,82,123
roam_late_mean,0.012108787013830455,SI206_shuffled,82,123
roam_slope,0.06191136978462313,SI206_shuffled,82,123
speed_1s_rows,0.038164712781244226,SI206_shuffled,82,123
speed_1s_stage2_rows,0.017227343011026183,SI206_shuffled,82,123
speed_1s_stage2_col1_mean,0.013272934141800426,SI206_shuffled,82,123
speed_1s_stage2_col1_std_over_mean,0.009525448916121216,SI206_shuffled,82,123
speed_1s_stage2_col2_mean,0.00824726234634836,SI206_shuffled,82,123
speed_1s_stage2_col2_std_over_mean,0.021673470110712502,SI206_shuffled,82,123
speed_1s_stage3_rows,0.0036392333156208207,SI206_shuffled,82,123
speed_1s_stage3_col1_mean,0.02118167653239368,SI206_shuffled,82,123
speed_1s_stage3_col1_std_over_mean,0.016879643050237633,SI206_shuffled,82,123
speed_1s_stage3_col2_mean,0.011330289323107782,SI206_shuffled,82,123
speed_1s_stage3_col2_std_over_mean,0.017892199093190314,SI206_shuffled,82,123
speed_1s_stage4_rows,0.005543079717893718,SI206_shuffled,82,123
speed_1s_stage4_col1_mean,0.02318329370696015,SI206_shuffled,82,123
speed_1s_stage4_col1_std_over_mean,0.01025605091958826,SI206_shuffled,82,123
speed_1s_stage4_col2_mean,0.013484100894169217,SI206_shuffled,82,123
speed_1s_stage4_col2_std_over_mean,0.019951025958897008,SI206_shuffled,82,123
speed_1s_stage5_rows,0.0,SI206_shuffled,82,123
speed_1s_stage5_col1_mean,0.04380017052452917,SI206_shuffled,82,123
speed_1s_stage5_col1_std_over_mean,0.017133869823785113,SI206_shuffled,82,123
speed_1s_stage5_col2_mean,0.008709692265380193,SI206_shuffled,82,123
speed_1s_stage5_col2_std_over_mean,0.0150703763082227,SI206_shuffled,82,123
speed_10s_avg_rows,0.04910221735863127,SI206_shuffled,82,123
speed_10s_avg_stage2_rows,0.014250865262822866,SI206_shuffled,82,123
speed_10s_avg_stage2_col1_mean,0.012581638181652414,SI206_shuffled,82,123
speed_10s_avg_stage2_col1_std_over_mean,0.005651702449205506,SI206_shuffled,82,123
speed_10s_avg_stage2_col2_mean,0.00995309960997206,SI206_shuffled,82,123
speed_10s_avg_stage2_col2_std_over_mean,0.008135676933584983,SI206_shuffled,82,123
speed_10s_avg_stage3_rows,0.0029734823477307617,SI206_shuffled,82,123
speed_10s_avg_stage3_col1_mean,0.017735982545319967,SI206_shuffled,82,123
speed_10s_avg_stage3_col1_std_over_mean,0.007570858415309713,SI206_shuffled,82,123
speed_10s_avg_stage3_col2_mean,0.00924876237795193,SI206_shuffled,82,123
speed_10s_avg_stage3_col2_std_over_mean,0.017305062920729954,SI206_shuffled,82,123
speed_10s_avg_stage4_rows,0.0064377326053716485,SI206_shuffled,82,123
speed_10s_avg_stage4_col1_mean,0.01586625202177052,SI206_shuffled,82,123
speed_10s_avg_stage4_col1_std_over_mean,0.011903575896893092,SI206_shuffled,82,123
speed_10s_avg_stage4_col2_mean,0.012288913741489453,SI206_shuffled,82,123
speed_10s_avg_stage4_col2_std_over_mean,0.0533265644904172,SI206_shuffled,82,123
speed_10s_avg_stage5_rows,0.0,SI206_shuffled,82,123
speed_10s_avg_stage5_col1_mean,0.03985161775830916,SI206_shuffled,82,123
speed_10s_avg_stage5_col1_std_over_mean,0.07317340547250738,SI206_shuffled,82,123
speed_10s_avg_stage5_col2_mean,0.00828851088758983,SI206_shuffled,82,123
speed_10s_avg_stage5_col2_std_over_mean,0.006433891206844276,SI206_shuffled,82,123
stage_2_frames,0.03843909729745349,SI206_shuffled,83,124
stage_3_frames,0.020437845361941976,SI206_shuffled,83,124
stage_4_frames,0.004738385200630045,SI206_shuffled,83,124
stage_5_frames,0.006536028604902791,SI206_shuffled,83,124
roam_mean,0.0067444077185972486,SI206_shuffled,83,124
roam_std_over_mean,0.12452543640724831,SI206_shuffled,83,124
roam_early_mean,0.010915189381354832,SI206_shuffled,83,124
roam_mid_mean,0.03503444568561087,SI206_shuffled,83,124
roam_late_mean,0.008988045375131752,SI206_shuffled,83,124
roam_slope,0.07956209656792557,SI206_shuffled,83,124
speed_1s_rows,0.013221790755061913,SI206_shuffled,83,124
speed_1s_stage2_rows,0.01609702084928039,SI206_shuffled,83,124
speed_1s_stage2_col1_mean,0.020693810390353153,SI206_shuffled,83,124
speed_1s_stage2_col1_std_over_mean,0.013270341553473414,SI206_shuffled,83,124
speed_1s_stage2_col2_mean,0.01407186695235751,SI206_shuffled,83,124
speed_1s_stage2_col2_std_over_mean,0.020311388922351015,SI206_shuffled,83,124
speed_1s_stage3_rows,0.0050711406389585155,SI206_shuffled,83,124
speed_1s_stage3_col1_mean,0.01887204186245923,SI206_shuffled,83,124
speed_1s_stage3_col1_std_over_mean,0.020359853502478008,SI206_shuffled,83,124
speed_1s_stage3_col2_mean,0.007558386916907112,SI206_shuffled,83,124
speed_1s_stage3_col2_std_over_mean,0.022971199273060596,SI206_shuffled,83,124
speed_1s_stage4_rows,0.005469786518962345,SI206_shuffled,83,124
speed_1s_stage4_col1_mean,0.026599352515062086,SI206_shuffled,83,124
speed_1s_stage4_col1_std_over_mean,0.02445825905599869,SI206_shuffled,83,124
speed_1s_stage4_col2_mean,0.005852143319372262,SI206_shuffled,83,124
speed_1s_stage4_col2_std_over_mean,0.01911569022510399,SI206_shuffled,83,124
speed_1s_stage5_rows,6.19674670797831e-06,SI206_shuffled,83,124
speed_1s_stage5_col1_mean,0.031699388330772245,SI206_shuffled,83,124
speed_1s_stage5_col1_std_over_mean,0.01245336365665768,SI206_shuffled,83,124
speed_1s_stage5_col2_mean,0.011225037503701787,SI206_shuffled,83,124
speed_1s_stage5_col2_std_over_mean,0.01888002844863153,SI206_shuffled,83,124
speed_10s_avg_rows,0.014973603520870354,SI206_shuffled,83,124
speed_10s_avg_stage2_rows,0.013712646478747937,SI206_shuffled,83,124
speed_10s_avg_stage2_col1_mean,0.01576211945730951,SI206_shuffled,83,124
speed_10s_avg_stage2_col1_std_over_mean,0.008283258610586043,SI206_shuffled,83,124
speed_10s_avg_stage2_col2_mean,0.014340300225491756,SI206_shuffled,83,124
speed_10s_avg_stage2_col2_std_over_mean,0.011773154965864587,SI206_shuffled,83,124
speed_10s_avg_stage3_rows,0.005790518388641831,SI206_shuffled,83,124
speed_10s_avg_stage3_col1_mean,0.02062802291694475,SI206_shuffled,83,124
speed_10s_avg_stage3_col1_std_over_mean,0.011030360142244266,SI206_shuffled,83,124
speed_10s_avg_stage3_col2_mean,0.008845649827494096,SI206_shuffled,83,124
speed_10s_avg_stage3_col2_std_over_mean,0.02094484750188042,SI206_shuffled,83,124
speed_10s_avg_stage4_rows,0.00449531592099329,SI206_shuffled,83,124
speed_10s_avg_stage4_col1_mean,0.030424148250540666,SI206_shuffled,83,124
speed_10s_avg_stage4_col1_std_over_mean,0.015026272512051204,SI206_shuffled,83,124
speed_10s_avg_stage4_col2_mean,0.006306078138111924,SI206_shuffled,83,124
speed_10s_avg_stage4_col2_std_over_mean,0.06301667214321335,SI206_shuffled,83,124
speed_10s_avg_stage5_rows,4.386098504462407e-06,SI206_shuffled,83,124
speed_10s_avg_stage5_col1_mean,0.03546315090531147,SI206_shuffled,83,124
speed_10s_avg_stage5_col1_std_over_mean,0.017924114321612842,SI206_shuffled,83,124
speed_10s_avg_stage5_col2_mean,0.009642811589761354,SI206_shuffled,83,124
speed_10s_avg_stage5_col2_std_over_mean,0.007433502545315757,SI206_shuffled,83,124
stage_2_frames,0.019690210280380174,SI206_shuffled,84,125
stage_3_frames,0.006294013884623582,SI206_shuffled,84,125
stage_4_frames,0.007581790438166755,SI206_shuffled,84,125
stage_5_frames,0.0018103906491412506,SI206_shuffled,84,125
roam_mean,0.007385120019187658,SI206_shuffled,84,125
roam_std_over_mean,0.103656819203647,SI206_shuffled,84,125
roam_early_mean,0.009568059567454153,SI206_shuffled,84,125
roam_mid_mean,0.02238406128115975,SI206_shuffled,84,125
roam_late_mean,0.013720285271999127,SI206_shuffled,84,125
roam_slope,0.10855730682089385,SI206_shuffled,84,125
speed_1s_rows,0.00937753638529259,SI206_shuffled,84,125
speed_1s_stage2_rows,0.007274395092590679,SI206_shuffled,84,125
speed_1s_stage2_col1_mean,0.03472220721276968,SI206_shuffled,84,125
speed_1s_stage2_col1_std_over_mean,0.011555921587881846,SI206_shuffled,84,125
speed_1s_stage2_col2_mean,0.0028146288982829914,SI206_shuffled,84,125
speed_1s_stage2_col2_std_over_mean,0.008723813375296777,SI206_shuffled,84,125
speed_1s_stage3_rows,0.011492397691650301,SI206_shuffled,84,125
speed_1s_stage3_col1_mean,0.020805740472951837,SI206_shuffled,84,125
speed_1s_stage3_col1_std_over_mean,0.012881968398575578,SI206_shuffled,84,125
speed_1s_stage3_col2_mean,0.006813920329096327,SI206_shuffled,84,125
speed_1s_stage3_col2_std_over_mean,0.035951008875001425,SI206_shuffled,84,125
speed_1s_stage4_rows,0.0024589010647554812,SI206_shuffled,84,125
speed_1s_stage4_col1_mean,0.03428901493442729,SI206_shuffled,84,125
speed_1s_stage4_col1_std_over_mean,0.013082687662139637,SI206_shuffled,84,125
speed_1s_stage4_col2_mean,0.009028024706541592,SI206_shuffled,84,125
speed_1s_stage4_col2_std_over_mean,0.011247162557889295,SI206_shuffled,84,125
speed_1s_stage5_rows,0.00016446494882218685,SI206_shuffled,84,125
speed_1s_stage5_col1_mean,0.0316163604493649,SI206_shuffled,84,125
speed_1s_stage5_col1_std_over_mean,0.015185712849299711,SI206_shuffled,84,125
speed_1s_stage5_col2_mean,0.011518889780700677,SI206_shuffled,84,125
speed_1s_stage5_col2_std_over_mean,0.01974841953379816,SI206_shuffled,84,125
speed_10s_avg_rows,0.013671060467070392,SI206_shuffled,84,125
speed_10s_avg_stage2_rows,0.00860618013015793,SI206_shuffled,84,125
speed_10s_avg_stage2_col1_mean,0.02541355403293201,SI206_shuffled,84,125
speed_10s_avg_stage2_col1_std_over_mean,0.007132017513062009,SI206_shuffled,84,125
speed_10s_avg_stage2_col2_mean,0.005599786324769647,SI206_shuffled,84,125
speed_10s_avg_stage2_col2_std_over_mean,0.00823403815796519,SI206_shuffled,84,125
speed_10s_avg_stage3_rows,0.014266263235707155,SI206_shuffled,84,125
speed_10s_avg_stage3_col1_mean,0.01988797281475243,SI206_shuffled,84,125
speed_10s_avg_stage3_col1_std_over_mean,0.006563349201731689,SI206_shuffled,84,125
speed_10s_avg_stage3_col2_mean,0.006722219906176899,SI206_shuffled,84,125
speed_10s_avg_stage3_col2_std_over_mean,0.04087802739199362,SI206_shuffled,84,125
speed_10s_avg_stage4_rows,0.005871398905481836,SI206_shuffled,84,125
speed_10s_avg_stage4_col1_mean,0.03681667088991742,SI206_shuffled,84,125
speed_10s_avg_stage4_col1_std_over_mean,0.012067301551645393,SI206_shuffled,84,125
speed_10s_avg_stage4_col2_mean,0.008630571029216967,SI206_shuffled,84,125
speed_10s_avg_stage4_col2_std_over_mean,0.05377333889485242,SI206_shuffled,84,125
speed_10s_avg_stage5_rows,0.00015302549182233592,SI206_shuffled,84,125
speed_10s_avg_stage5_col1_mean,0.04738103681050075,SI206_shuffled,84,125
speed_10s_avg_stage5_col1_std_over_mean,0.04283440639116545,SI206_shuffled,84,125
speed_10s_avg_stage5_col2_mean,0.0145045958124029,SI206_shuffled,84,125
speed_10s_avg_stage5_col2_std_over_mean,0.009591950822893198,SI206_shuffled,84,125
stage_2_frames,0.06865743186668537,SI206_shuffled,85,126
stage_3_frames,0.013191942466392,SI206_shuffled,85,126
stage_4_frames,0.010904578592275274,SI206_shuffled,85,126
stage_5_frames,0.0028667283616868647,SI206_shuffled,85,126
roam_mean,0.01767225042012971,SI206_shuffled,85,126
roam_std_over_mean,0.14181053867910995,SI206_shuffled,85,126
roam_early_mean,0.015467234986134793,SI206_shuffled,85,126
roam_mid_mean,0.02366679331240318,SI206_shuffled,85,126
roam_late_mean,0.012460896971996914,SI206_shuffled,85,126
roam_slope,0.028485976154199847,SI206_shuffled,85,126
speed_1s_rows,0.01118586332808557,SI206_shuffled,85,126
speed_1s_stage2_rows,0.012929549257336205,SI206_shuffled,85,126
speed_1s_stage2_col1_mean,0.01982839792091953,SI206_shuffled,85,126
speed_1s_stage2_col1_std_over_mean,0.006202159245176009,SI206_shuffled,85,126
speed_1s_stage2_col2_mean,0.016080613237298903,SI206_shuffled,85,126
speed_1s_stage2_col2_std_over_mean,0.03373375828330229,SI206_shuffled,85,126
speed_1s_stage3_rows,0.008108701712867894,SI206_shuffled,85,126
speed_1s_stage3_col1_mean,0.04401086616110431,SI206_shuffled,85,126
speed_1s_stage3_col1_std_over_mean,0.022354718427254786,SI206_shuffled,85,126
speed_1s_stage3_col2_mean,0.0157241043785493,SI206_shuffled,85,126
speed_1s_stage3_col2_std_over_mean,0.018036922674992465,SI206_shuffled,85,126
speed_1s_stage4_rows,0.004129602539538157,SI206_shuffled,85,126
speed_1s_stage4_col1_mean,0.031334481280232425,SI206_shuffled,85,126
speed_1s_stage4_col1_std_over_mean,0.012092709881961454,SI206_shuffled,85,126
speed_1s_stage4_col2_mean,0.015235356576011211,SI206_shuffled,85,126
speed_1s_stage4_col2_std_over_mean,0.028283643480986092,SI206_shuffled,85,126
speed_1s_stage5_rows,8.638091963627703e-06,SI206_shuffled,85,126
speed_1s_stage5_col1_mean,0.022576791914669034,SI206_shuffled,85,126
speed_1s_stage5_col1_std_over_mean,0.009680886379419293,SI206_shuffled,85,126
speed_1s_stage5_col2_mean,0.006004194959442222,SI206_shuffled,85,126
speed_1s_stage5_col2_std_over_mean,0.017242132938657586,SI206_shuffled,85,126
speed_10s_avg_rows,0.01315779080456068,SI206_shuffled,85,126
speed_10s_avg_stage2_rows,0.014369617040171829,SI206_shuffled,85,126
speed_10s_avg_stage2_col1_mean,0.0258415324644281,SI206_shuffled,85,126
speed_10s_avg_stage2_col1_std_over_mean,0.0066125218904946595,SI206_shuffled,85,126
speed_10s_avg_stage2_col2_mean,0.027004634505709668,SI206_shuffled,85,126
speed_10s_avg_stage2_col2_std_over_mean,0.006966093346379299,SI206_shuffled,85,126
speed_10s_avg_stage3_rows,0.00729373926644103,SI206_shuffled,85,126
speed_10s_avg_stage3_col1_mean,0.026341254803055002,SI206_shuffled,85,126
speed_10s_avg_stage3_col1_std_over_mean,0.008123161967756077,SI206_shuffled,85,126
speed_10s_avg_stage3_col2_mean,0.01605009724174154,SI206_shuffled,85,126
speed_10s_avg_stage3_col2_std_over_mean,0.010014318330984161,SI206_shuffled,85,126
speed_10s_avg_stage4_rows,0.005250648527414958,SI206_shuffled,85,126
speed_10s_avg_stage4_col1_mean,0.030844405307377434,SI206_shuffled,85,126
speed_10s_avg_stage4_col1_std_over_mean,0.013383636353559557,SI206_shuffled,85,126
speed_10s_avg_stage4_col2_mean,0.014011414787705338,SI206_shuffled,85,126
speed_10s_avg_stage4_col2_std_over_mean,0.03138324388629435,SI206_shuffled,85,126
speed_10s_avg_stage5_rows,1.1800375173472302e-05,SI206_shuffled,85,126
speed_10s_avg_stage5_col1_mean,0.01637199705211642,SI206_shuffled,85,126
speed_10s_avg_stage5_col1_std_over_mean,0.01842081993515036,SI206_shuffled,85,126
speed_10s_avg_stage5_col2_mean,0.007126128772987878,SI206_shuffled,85,126
speed_10s_avg_stage5_col2_std_over_mean,0.01145267885971605,SI206_shuffled,85,126
stage_2_frames,0.027080907507188036,SI206_shuffled,86,127
stage_3_frames,0.0070472738913626865,SI206_shuffled,86,127
stage_4_frames,0.010101338484412697,SI206_shuffled,86,127
stage_5_frames,0.009002603369111,SI206_shuffled,86,127
roam_mean,0.02429583616114324,SI206_shuffled,86,127
roam_std_over_mean,0.09562131266995443,SI206_shuffled,86,127
roam_early_mean,0.016992117692080953,SI206_shuffled,86,127
roam_mid_mean,0.05005672697864124,SI206_shuffled,86,127
roam_late_mean,0.021670155574446293,SI206_shuffled,86,127
roam_slope,0.043352622756608894,SI206_shuffled,86,127
speed_1s_rows,0.01966860640695714,SI206_shuffled,86,127
speed_1s_stage2_rows,0.008372220920970546,SI206_shuffled,86,127
speed_1s_stage2_col1_mean,0.017656318484456274,SI206_shuffled,86,127
speed_1s_stage2_col1_std_over_mean,0.012334741951044588,SI206_shuffled,86,127
speed_1s_stage2_col2_mean,0.01390992467218723,SI206_shuffled,86,127
speed_1s_stage2_col2_std_over_mean,0.012959685003933184,SI206_shuffled,86,127
speed_1s_stage3_rows,0.010559458366574799,SI206_shuffled,86,127
speed_1s_stage3_col1_mean,0.010887678008717065,SI206_shuffled,86,127
speed_1s_stage3_col1_std_over_mean,0.02096635998174003,SI206_shuffled,86,127
speed_1s_stage3_col2_mean,0.013269440260480428,SI206_shuffled,86,127
speed_1s_stage3_col2_std_over_mean,0.015405552275745815,SI206_shuffled,86,127
speed_1s_stage4_rows,0.00735417154017618,SI206_shuffled,86,127
speed_1s_stage4_col1_mean,0.061263523785131516,SI206_shuffled,86,127
speed_1s_stage4_col1_std_over_mean,0.01563096265888433,SI206_shuffled,86,127
speed_1s_stage4_col2_mean,0.005322076731868063,SI206_shuffled,86,127
speed_1s_stage4_col2_std_over_mean,0.01253880309055856,SI206_shuffled,86,127
speed_1s_stage5_rows,0.0,SI206_shuffled,86,127
speed_1s_stage5_col1_mean,0.038162094622072526,SI206_shuffled,86,127
speed_1s_stage5_col1_std_over_mean,0.020909461780507826,SI206_shuffled,86,127
speed_1s_stage5_col2_mean,0.007387999357048415,SI206_shuffled,86,127
speed_1s_stage5_col2_std_over_mean,0.016076467097322158,SI206_shuffled,86,127
speed_10s_avg_rows,0.01940286316988303,SI206_shuffled,86,127
speed_10s_avg_stage2_rows,0.006675051851608767,SI206_shuffled,86,127
speed_10s_avg_stage2_col1_mean,0.01243253008503847,SI206_shuffled,86,127
speed_10s_avg_stage2_col1_std_over_mean,0.005263468943037882,SI206_shuffled,86,127
speed_10s_avg_stage2_col2_mean,0.013704314513732736,SI206_shuffled,86,127
speed_10s_avg_stage2_col2_std_over_mean,0.011474452466391775,SI206_shuffled,86,127
speed_10s_avg_stage3_rows,0.007301879988952634,SI206_shuffled,86,127
speed_10s_avg_stage3_col1_mean,0.008819295579125717,SI206_shuffled,86,127
speed_10s_avg_stage3_col1_std_over_mean,0.010065442570665602,SI206_shuffled,86,127
speed_10s_avg_stage3_col2_mean,0.008549981920900524,SI206_shuffled,86,127
speed_10s_avg_stage3_col2_std_over_mean,0.021195713211392166,SI206_shuffled,86,127
speed_10s_avg_stage4_rows,0.010050037130544781,SI206_shuffled,86,127
speed_10s_avg_stage4_col1_mean,0.05644111973495841,SI206_shuffled,86,127
speed_10s_avg_stage4_col1_std_over_mean,0.01818316765634657,SI206_shuffled,86,127
speed_10s_avg_stage4_col2_mean,0.006917748148236571,SI206_shuffled,86,127
speed_10s_avg_stage4_col2_std_over_mean,0.027583598807779643,SI206_shuffled,86,127
speed_10s_avg_stage5_rows,0.0,SI206_shuffled,86,127
speed_10s_avg_stage5_col1_mean,0.042397567469525395,SI206_shuffled,86,127
speed_10s_avg_stage5_col1_std_over_mean,0.03680966273559836,SI206_shuffled,86,127
speed_10s_avg_stage5_col2_mean,0.005695786773204253,SI206_shuffled,86,127
speed_10s_avg_stage5_col2_std_over_mean,0.02517987516175046,SI206_shuffled,86,127
stage_2_frames,0.07145487123129113,SI206_shuffled,87,128
stage_3_frames,0.033725814472200306,SI206_shuffled,87,128
stage_4_frames,0.004854116743006638,SI206_shuffled,87,128
stage_5_frames,0.013553589761520551,SI206_shuffled,87,128
roam_mean,0.008348873951536226,SI206_shuffled,87,128
roam_std_over_mean,0.050628723616352296,SI206_shuffled,87,128
roam_early_mean,0.018864249174804573,SI206_shuffled,87,128
roam_mid_mean,0.03642947233499704,SI206_shuffled,87,128
roam_late_mean,0.008570574908243969,SI206_shuffled,87,128
roam_slope,0.0506878047541995,SI206_shuffled,87,128
speed_1s_rows,0.02218325616978041,SI206_shuffled,87,128
speed_1s_stage2_rows,0.025917603218950296,SI206_shuffled,87,128
speed_1s_stage2_col1_mean,0.015460140680448816,SI206_shuffled,87,128
speed_1s_stage2_col1_std_over_mean,0.013379150634456112,SI206_shuffled,87,128
speed_1s_stage2_col2_mean,0.010541178456919051,SI206_shuffled,87,128
speed_1s_stage2_col2_std_over_mean,0.026938503774987986,SI206_shuffled,87,128
speed_1s_stage3_rows,0.009555532345104376,SI206_shuffled,87,128
speed_1s_stage3_col1_mean,0.021317392426727953,SI206_shuffled,87,128
speed_1s_stage3_col1_std_over_mean,0.018112455959633372,SI206_shuffled,87,128
speed_1s_stage3_col2_mean,0.019088119239020696,SI206_shuffled,87,128
speed_1s_stage3_col2_std_over_mean,0.025718511426447505,SI206_shuffled,87,128
speed_1s_stage4_rows,0.010928318071353249,SI206_shuffled,87,128
speed_1s_stage4_col1_mean,0.02681630314413731,SI206_shuffled,87,128
speed_1s_stage4_col1_std_over_mean,0.03338561674705161,SI206_shuffled,87,128
speed_1s_stage4_col2_mean,0.004590671090558252,SI206_shuffled,87,128
speed_1s_stage4_col2_std_over_mean,0.010602463094345654,SI206_shuffled,87,128
speed_1s_stage5_rows,0.00018743461624948072,SI206_shuffled,87,128
speed_1s_stage5_col1_mean,0.031148915414071762,SI206_shuffled,87,128
speed_1s_stage5_col1_std_over_mean,0.025568381606064935,SI206_shuffled,87,128
speed_1s_stage5_col2_mean,0.009932495515295924,SI206_shuffled,87,128
speed_1s_stage5_col2_std_over_mean,0.02957508179929241,SI206_shuffled,87,128
speed_10s_avg_rows,0.017140655455256056,SI206_shuffled,87,128
speed_10s_avg_stage2_rows,0.024042617690133876,SI206_shuffled,87,128
speed_10s_avg_stage2_col1_mean,0.015867060714734278,SI206_shuffled,87,128
speed_10s_avg_stage2_col1_std_over_mean,0.0067145449738494215,SI206_shuffled,87,128
speed_10s_avg_stage2_col2_mean,0.01237162405533035,SI206_shuffled,87,128
speed_10s_avg_stage2_col2_std_over_mean,0.007943037425275816,SI206_shuffled,87,128
speed_10s_avg_stage3_rows,0.006897857782117535,SI206_shuffled,87,128
speed_10s_avg_stage3_col1_mean,0.02021754495068053,SI206_shuffled,87,128
speed_10s_avg_stage3_col1_std_over_mean,0.017770682045023068,SI206_shuffled,87,128
speed_10s_avg_stage3_col2_mean,0.018884056616769944,SI206_shuffled,87,128
speed_10s_avg_stage3_col2_std_over_mean,0.018378121042521154,SI206_shuffled,87,128
speed_10s_avg_stage4_rows,0.007986788250074534,SI206_shuffled,87,128
speed_10s_avg_stage4_col1_mean,0.017547610987115013,SI206_shuffled,87,128
speed_10s_avg_stage4_col1_std_over_mean,0.021306216524618348,SI206_shuffled,87,128
speed_10s_avg_stage4_col2_mean,0.00548398529169425,SI206_shuffled,87,128
speed_10s_avg_stage4_col2_std_over_mean,0.014888008280197994,SI206_shuffled,87,128
speed_10s_avg_stage5_rows,0.0005140825415623194,SI206_shuffled,87,128
speed_10s_avg_stage5_col1_mean,0.0380055774444681,SI206_shuffled,87,128
speed_10s_avg_stage5_col1_std_over_mean,0.019367155784704253,SI206_shuffled,87,128
speed_10s_avg_stage5_col2_mean,0.009477528883107177,SI206_shuffled,87,128
speed_10s_avg_stage5_col2_std_over_mean,0.011129626881716547,SI206_shuffled,87,128
stage_2_frames,0.08690349235544496,SI206_shuffled,88,129
stage_3_frames,0.006627449234773141,SI206_shuffled,88,129
stage_4_frames,0.016993519605234122,SI206_shuffled,88,129
stage_5_frames,0.00435055691935133,SI206_shuffled,88,129
roam_mean,0.00953576499987183,SI206_shuffled,88,129
roam_std_over_mean,0.07344872398695698,SI206_shuffled,88,129
roam_early_mean,0.005942108303824325,SI206_shuffled,88,129
roam_mid_mean,0.04556941842539865,SI206_shuffled,88,129
roam_late_mean,0.005765542458377357,SI206_shuffled,88,129
roam_slope,0.039374525252160196,SI206_shuffled,88,129
speed_1s_rows,0.017135085497798068,SI206_shuffled,88,129
speed_1s_stage2_rows,0.004262277164299886,SI206_shuffled,88,129
speed_1s_stage2_col1_mean,0.005692162893619516,SI206_shuffled,88,129
speed_1s_stage2_col1_std_over_mean,0.008962567008913465,SI206_shuffled,88,129
speed_1s_stage2_col2_mean,0.02088898520080584,SI206_shuffled,88,129
speed_1s_stage2_col2_std_over_mean,0.03480212484473202,SI206_shuffled,88,129
speed_1s_stage3_rows,0.013786981103237044,SI206_shuffled,88,129
speed_1s_stage3_col1_mean,0.07062125242933695,SI206_shuffled,88,129
speed_1s_stage3_col1_std_over_mean,0.01590020745550847,SI206_shuffled,88,129
speed_1s_stage3_col2_mean,0.01101729238320492,SI206_shuffled,88,129
speed_1s_stage3_col2_std_over_mean,0.025420530099238278,SI206_shuffled,88,129
speed_1s_stage4_rows,0.010106222041560134,SI206_shuffled,88,129
speed_1s_stage4_col1_mean,0.03467550057632709,SI206_shuffled,88,129
speed_1s_stage4_col1_std_over_mean,0.01593128324535448,SI206_shuffled,88,129
speed_1s_stage4_col2_mean,0.008976502465849455,SI206_shuffled,88,129
speed_1s_stage4_col2_std_over_mean,0.018674057299151375,SI206_shuffled,88,129
speed_1s_stage5_rows,6.084112860293732e-06,SI206_shuffled,88,129
speed_1s_stage5_col1_mean,0.021452603867567303,SI206_shuffled,88,129
speed_1s_stage5_col1_std_over_mean,0.01023099452834698,SI206_shuffled,88,129
speed_1s_stage5_col2_mean,0.008900408108581155,SI206_shuffled,88,129
speed_1s_stage5_col2_std_over_mean,0.022131916127245004,SI206_shuffled,88,129
speed_10s_avg_rows,0.014282635834096656,SI206_shuffled,88,129
speed_10s_avg_stage2_rows,0.006020500745477863,SI206_shuffled,88,129
speed_10s_avg_stage2_col1_mean,0.009909730911701721,SI206_shuffled,88,129
speed_10s_avg_stage2_col1_std_over_mean,0.005108480194873059,SI206_shuffled,88,129
speed_10s_avg_stage2_col2_mean,0.01701142243906089,SI206_shuffled,88,129
speed_10s_avg_stage2_col2_std_over_mean,0.005496545528492058,SI206_shuffled,88,129
speed_10s_avg_stage3_rows,0.014378374356954767,SI206_shuffled,88,129
speed_10s_avg_stage3_col1_mean,0.0619228901890241,SI206_shuffled,88,129
speed_10s_avg_stage3_col1_std_over_mean,0.010795928900067541,SI206_shuffled,88,129
speed_10s_avg_stage3_col2_mean,0.009033403560681937,SI206_shuffled,88,129
speed_10s_avg_stage3_col2_std_over_mean,0.014165338551451448,SI206_shuffled,88,129
speed_10s_avg_stage4_rows,0.00414038129148793,SI206_shuffled,88,129
speed_10s_avg_stage4_col1_mean,0.038132807286993003,SI206_shuffled,88,129
speed_10s_avg_stage4_col1_std_over_mean,0.01586147590383518,SI206_shuffled,88,129
speed_10s_avg_stage4_col2_mean,0.007595098064694133,SI206_shuffled,88,129
speed_10s_avg_stage4_col2_std_over_mean,0.03848586869524665,SI206_shuffled,88,129
speed_10s_avg_stage5_rows,0.0,SI206_shuffled,88,129
speed_10s_avg_stage5_col1_mean,0.01914077309945122,SI206_shuffled,88,129
speed_10s_avg_stage5_col1_std_over_mean,0.01904221341143506,SI206_shuffled,88,129
speed_10s_avg_stage5_col2_mean,0.010575274531437723,SI206_shuffled,88,129
speed_10s_avg_stage5_col2_std_over_mean,0.004814716508606527,SI206_shuffled,88,129
stage_2_frames,0.010084311879355445,SI206_shuffled,89,130
stage_3_frames,0.009959009664584764,SI206_shuffled,89,130
stage_4_frames,0.007713252915917602,SI206_shuffled,89,130
stage_5_frames,0.006951928698175885,SI206_shuffled,89,130
roam_mean,0.008849648576948489,SI206_shuffled,89,130
roam_std_over_mean,0.030472562994482387,SI206_shuffled,89,130
roam_early_mean,0.00938621643093223,SI206_shuffled,89,130
roam_mid_mean,0.037519368359944315,SI206_shuffled,89,130
roam_late_mean,0.01630618383861906,SI206_shuffled,89,130
roam_slope,0.05730757289205728,SI206_shuffled,89,130
speed_1s_rows,0.00619444991658588,SI206_shuffled,89,130
speed_1s_stage2_rows,0.014788072157293638,SI206_shuffled,89,130
speed_1s_stage2_col1_mean,0.02015804486148056,SI206_shuffled,89,130
speed_1s_stage2_col1_std_over_mean,0.00721142699434055,SI206_shuffled,89,130
speed_1s_stage2_col2_mean,0.03753094471095449,SI206_shuffled,89,130
speed_1s_stage2_col2_std_over_mean,0.03387293171940794,SI206_shuffled,89,130
speed_1s_stage3_rows,0.006561568252668313,SI206_shuffled,89,130
speed_1s_stage3_col1_mean,0.017497292053938854,SI206_shuffled,89,130
speed_1s_stage3_col1_std_over_mean,0.015490934344705552,SI206_shuffled,89,130
speed_1s_stage3_col2_mean,0.01308347931767279,SI206_shuffled,89,130
speed_1s_stage3_col2_std_over_mean,0.028607607532682384,SI206_shuffled,89,130
speed_1s_stage4_rows,0.0069523384457615325,SI206_shuffled,89,130
speed_1s_stage4_col1_mean,0.06951446594591419,SI206_shuffled,89,130
speed_1s_stage4_col1_std_over_mean,0.006427224157426418,SI206_shuffled,89,130
speed_1s_stage4_col2_mean,0.022821059877476447,SI206_shuffled,89,130
speed_1s_stage4_col2_std_over_mean,0.047122114245561286,SI206_shuffled,89,130
speed_1s_stage5_rows,0.0001567032070221304,SI206_shuffled,89,130
speed_1s_stage5_col1_mean,0.02450490217015833,SI206_shuffled,89,130
speed_1s_stage5_col1_std_over_mean,0.015830827339779547,SI206_shuffled,89,130
speed_1s_stage5_col2_mean,0.0029015641104818963,SI206_shuffled,89,130
speed_1s_stage5_col2_std_over_mean,0.013393580189070211,SI206_shuffled,89,130
speed_10s_avg_rows,0.0068029180562614085,SI206_shuffled,89,130
speed_10s_avg_stage2_rows,0.007603561117750944,SI206_shuffled,89,130
speed_10s_avg_stage2_col1_mean,0.01768489886515624,SI206_shuffled,89,130
speed_10s_avg_stage2_col1_std_over_mean,0.008171686765824932,SI206_shuffled,89,130
speed_10s_avg_stage2_col2_mean,0.04170322743277837,SI206_shuffled,89,130
speed_10s_avg_stage2_col2_std_over_mean,0.022939946604200633,SI206_shuffled,89,130
speed_10s_avg_stage3_rows,0.007306276202501328,SI206_shuffled,89,130
speed_10s_avg_stage3_col1_mean,0.012729332066787025,SI206_shuffled,89,130
speed_10s_avg_stage3_col1_std_over_mean,0.007202882608845377,SI206_shuffled,89,130
speed_10s_avg_stage3_col2_mean,0.015256985271887884,SI206_shuffled,89,130
speed_10s_avg_stage3_col2_std_over_mean,0.034243956731145955,SI206_shuffled,89,130
speed_10s_avg_stage4_rows,0.004022256786225011,SI206_shuffled,89,130
speed_10s_avg_stage4_col1_mean,0.06376176401767748,SI206_shuffled,89,130
speed_10s_avg_stage4_col1_std_over_mean,0.0044624030704912675,SI206_shuffled,89,130
speed_10s_avg_stage4_col2_mean,0.016377482630496716,SI206_shuffled,89,130
speed_10s_avg_stage4_col2_std_over_mean,0.05767698457242778,SI206_shuffled,89,130
speed_10s_avg_stage5_rows,9.377289377288408e-06,SI206_shuffled,89,130
speed_10s_avg_stage5_col1_mean,0.023030544061908534,SI206_shuffled,89,130
speed_10s_avg_stage5_col1_std_over_mean,0.03139158522698176,SI206_shuffled,89,130
speed_10s_avg_stage5_col2_mean,0.005534633077111665,SI206_shuffled,89,130
speed_10s_avg_stage5_col2_std_over_mean,0.006915709742762121,SI206_shuffled,89,130
stage_2_frames,0.026112132304217852,SI206_shuffled,90,131
stage_3_frames,0.016368492999893767,SI206_shuffled,90,131
stage_4_frames,0.004409875015258464,SI206_shuffled,90,131
stage_5_frames,0.007710792321770707,SI206_shuffled,90,131
roam_mean,0.009302001736112859,SI206_shuffled,90,131
roam_std_over_mean,0.026390818394164225,SI206_shuffled,90,131
roam_early_mean,0.011049366204528777,SI206_shuffled,90,131
roam_mid_mean,0.03848235559303846,SI206_shuffled,90,131
roam_late_mean,0.017193436574243503,SI206_shuffled,90,131
roam_slope,0.06530771249778149,SI206_shuffled,90,131
speed_1s_rows,0.01808280662739452,SI206_shuffled,90,131
speed_1s_stage2_rows,0.012440235528609365,SI206_shuffled,90,131
speed_1s_stage2_col1_mean,0.014603637337513074,SI206_shuffled,90,131
speed_1s_stage2_col1_std_over_mean,0.012068592917171396,SI206_shuffled,90,131
speed_1s_stage2_col2_mean,0.011310579763909902,SI206_shuffled,90,131
speed_1s_stage2_col2_std_over_mean,0.03768216824635634,SI206_shuffled,90,131
speed_1s_stage3_rows,0.010296716329455717,SI206_shuffled,90,131
speed_1s_stage3_col1_mean,0.02256296945884036,SI206_shuffled,90,131
speed_1s_stage3_col1_std_over_mean,0.02572882176524153,SI206_shuffled,90,131
speed_1s_stage3_col2_mean,0.012598153533026594,SI206_shuffled,90,131
speed_1s_stage3_col2_std_over_mean,0.020317780246019403,SI206_shuffled,90,131
speed_1s_stage4_rows,0.007057370176816799,SI206_shuffled,90,131
speed_1s_stage4_col1_mean,0.021982254123979764,SI206_shuffled,90,131
speed_1s_stage4_col1_std_over_mean,0.01983658402361552,SI206_shuffled,90,131
speed_1s_stage4_col2_mean,0.016146104652120852,SI206_shuffled,90,131
speed_1s_stage4_col2_std_over_mean,0.04861587742261317,SI206_shuffled,90,131
speed_1s_stage5_rows,0.0,SI206_shuffled,90,131
speed_1s_stage5_col1_mean,0.02349082805452424,SI206_shuffled,90,131
speed_1s_stage5_col1_std_over_mean,0.01792511337290057,SI206_shuffled,90,131
speed_1s_stage5_col2_mean,0.01399383401024001,SI206_shuffled,90,131
speed_1s_stage5_col2_std_over_mean,0.047007652780614584,SI206_shuffled,90,131
speed_10s_avg_rows,0.018865287965552677,SI206_shuffled,90,131
speed_10s_avg_stage2_rows,0.011361135050261565,SI206_shuffled,90,131
speed_10s_avg_stage2_col1_mean,0.0185805061641231,SI206_shuffled,90,131
speed_10s_avg_stage2_col1_std_over_mean,0.018355439586648408,SI206_shuffled,90,131
speed_10s_avg_stage2_col2_mean,0.009032746136737858,SI206_shuffled,90,131
speed_10s_avg_stage2_col2_std_over_mean,0.010197065334785723,SI206_shuffled,90,131
speed_10s_avg_stage3_rows,0.007133377724703549,SI206_shuffled,90,131
speed_10s_avg_stage3_col1_mean,0.013556319336895349,SI206_shuffled,90,131
speed_10s_avg_stage3_col1_std_over_mean,0.01007134140362853,SI206_shuffled,90,131
speed_10s_avg_stage3_col2_mean,0.013806559460227968,SI206_shuffled,90,131
speed_10s_avg_stage3_col2_std_over_mean,0.04666756147961737,SI206_shuffled,90,131
speed_10s_avg_stage4_rows,0.005825072994731398,SI206_shuffled,90,131
speed_10s_avg_stage4_col1_mean,0.027843551589550725,SI206_shuffled,90,131
speed_10s_avg_stage4_col1_std_over_mean,0.024845656865528476,SI206_shuffled,90,131
speed_10s_avg_stage4_col2_mean,0.014850056968367484,SI206_shuffled,90,131
speed_10s_avg_stage4_col2_std_over_mean,0.037389655335931055,SI206_shuffled,90,131
speed_10s_avg_stage5_rows,0.00037991537715195787,SI206_shuffled,90,131
speed_10s_avg_stage5_col1_mean,0.029829646389911965,SI206_shuffled,90,131
speed_10s_avg_stage5_col1_std_over_mean,0.02152924073053188,SI206_shuffled,90,131
speed_10s_avg_stage5_col2_mean,0.012072459899689405,SI206_shuffled,90,131
speed_10s_avg_stage5_col2_std_over_mean,0.011732340193449844,SI206_shuffled,90,131
stage_2_frames,0.051444946418107866,SI206_shuffled,91,132
stage_3_frames,0.016554476452240948,SI206_shuffled,91,132
stage_4_frames,0.012508503939097266,SI206_shuffled,91,132
stage_5_frames,0.00625924826583043,SI206_shuffled,91,132
roam_mean,0.008429550409941184,SI206_shuffled,91,132
roam_std_over_mean,0.05728073208510459,SI206_shuffled,91,132
roam_early_mean,0.021630857380933684,SI206_shuffled,91,132
roam_mid_mean,0.024936511004642215,SI206_shuffled,91,132
roam_late_mean,0.011331084031463013,SI206_shuffled,91,132
roam_slope,0.03883167447085553,SI206_shuffled,91,132
speed_1s_rows,0.03348708321033327,SI206_shuffled,91,132
speed_1s_stage2_rows,0.013475496991058437,SI206_shuffled,91,132
speed_1s_stage2_col1_mean,0.03705177522101684,SI206_shuffled,91,132
speed_1s_stage2_col1_std_over_mean,0.009662151962209419,SI206_shuffled,91,132
speed_1s_stage2_col2_mean,0.009095697135602066,SI206_shuffled,91,132
speed_1s_stage2_col2_std_over_mean,0.024293765887792407,SI206_shuffled,91,132
speed_1s_stage3_rows,0.013258958107555079,SI206_shuffled,91,132
speed_1s_stage3_col1_mean,0.01869494741960051,SI206_shuffled,91,132
speed_1s_stage3_col1_std_over_mean,0.027960187786841697,SI206_shuffled,91,132
speed_1s_stage3_col2_mean,0.01893954646774034,SI206_shuffled,91,132
speed_1s_stage3_col2_std_over_mean,0.022618100487931798,SI206_shuffled,91,132
speed_1s_stage4_rows,0.0055241922509628155,SI206_shuffled,91,132
speed_1s_stage4_col1_mean,0.03302213459850352,SI206_shuffled,91,132
speed_1s_stage4_col1_std_over_mean,0.008231880351831176,SI206_shuffled,91,132
speed_1s_stage4_col2_mean,0.00818130565878818,SI206_shuffled,91,132
speed_1s_stage4_col2_std_over_mean,0.012462097768564996,SI206_shuffled,91,132
speed_1s_stage5_rows,0.0,SI206_shuffled,91,132
speed_1s_stage5_col1_mean,0.043865901768976284,SI206_shuffled,91,132
speed_1s_stage5_col1_std_over_mean,0.02770553017582578,SI206_shuffled,91,132
speed_1s_stage5_col2_mean,0.0071220661817129,SI206_shuffled,91,132
speed_1s_stage5_col2_std_over_mean,0.013432683251974114,SI206_shuffled,91,132
speed_10s_avg_rows,0.03519494952168425,SI206_shuffled,91,132
speed_10s_avg_stage2_rows,0.01168040370686622,SI206_shuffled,91,132
speed_10s_avg_stage2_col1_mean,0.033810861899260206,SI206_shuffled,91,132
speed_10s_avg_stage2_col1_std_over_mean,0.0059313917291431,SI206_shuffled,91,132
speed_10s_avg_stage2_col2_mean,0.0069545389192662895,SI206_shuffled,91,132
speed_10s_avg_stage2_col2_std_over_mean,0.007517610296686931,SI206_shuffled,91,132
speed_10s_avg_stage3_rows,0.008979483514981212,SI206_shuffled,91,132
speed_10s_avg_stage3_col1_mean,0.02944231858649969,SI206_shuffled,91,132
speed_10s_avg_stage3_col1_std_over_mean,0.008122940481456141,SI206_shuffled,91,132
speed_10s_avg_stage3_col2_mean,0.02149209506901743,SI206_shuffled,91,132
speed_10s_avg_stage3_col2_std_over_mean,0.015612716712124653,SI206_shuffled,91,132
speed_10s_avg_stage4_rows,0.004934802424881583,SI206_shuffled,91,132
speed_10s_avg_stage4_col1_mean,0.030589042125925097,SI206_shuffled,91,132
speed_10s_avg_stage4_col1_std_over_mean,0.015675202778081723,SI206_shuffled,91,132
speed_10s_avg_stage4_col2_mean,0.005467910711909347,SI206_shuffled,91,132
speed_10s_avg_stage4_col2_std_over_mean,0.01433459997796173,SI206_shuffled,91,132
speed_10s_avg_stage5_rows,0.00039971156629766124,SI206_shuffled,91,132
speed_10s_avg_stage5_col1_mean,0.04073402399662101,SI206_shuffled,91,132
speed_10s_avg_stage5_col1_std_over_mean,0.0504818247487648,SI206_shuffled,91,132
speed_10s_avg_stage5_col2_mean,0.008879839379115836,SI206_shuffled,91,132
speed_10s_avg_stage5_col2_std_over_mean,0.006470644710416771,SI206_shuffled,91,132
stage_2_frames,0.09226326338509995,SI206_shuffled,92,133
stage_3_frames,0.01577854139596987,SI206_shuffled,92,133
stage_4_frames,0.005859888510005465,SI206_shuffled,92,133
stage_5_frames,0.004160870115477476,SI206_shuffled,92,133
roam_mean,0.008623518750259735,SI206_shuffled,92,133
roam_std_over_mean,0.0389456419121914,SI206_shuffled,92,133
roam_early_mean,0.0199158983032151,SI206_shuffled,92,133
roam_mid_mean,0.033569489197637775,SI206_shuffled,92,133
roam_late_mean,0.01326716383048617,SI206_shuffled,92,133
roam_slope,0.0581025172604998,SI206_shuffled,92,133
speed_1s_rows,0.020737614792349247,SI206_shuffled,92,133
speed_1s_stage2_rows,0.008456148237173762,SI206_shuffled,92,133
speed_1s_stage2_col1_mean,0.013968377238345623,SI206_shuffled,92,133
speed_1s_stage2_col1_std_over_mean,0.008778271700407413,SI206_shuffled,92,133
speed_1s_stage2_col2_mean,0.01620491169058894,SI206_shuffled,92,133
speed_1s_stage2_col2_std_over_mean,0.03711684516188711,SI206_shuffled,92,133
speed_1s_stage3_rows,0.004564607976193194,SI206_shuffled,92,133
speed_1s_stage3_col1_mean,0.028408864098835186,SI206_shuffled,92,133
speed_1s_stage3_col1_std_over_mean,0.012861058935734634,SI206_shuffled,92,133
speed_1s_stage3_col2_mean,0.014556495297576225,SI206_shuffled,92,133
speed_1s_stage3_col2_std_over_mean,0.023094253884909956,SI206_shuffled,92,133
speed_1s_stage4_rows,0.007170665601218759,SI206_shuffled,92,133
speed_1s_stage4_col1_mean,0.052378853994137185,SI206_shuffled,92,133
speed_1s_stage4_col1_std_over_mean,0.013860981224558226,SI206_shuffled,92,133
speed_1s_stage4_col2_mean,0.011903285280298518,SI206_shuffled,92,133
speed_1s_stage4_col2_std_over_mean,0.015244657526816488,SI206_shuffled,92,133
speed_1s_stage5_rows,7.851035807438768e-05,SI206_shuffled,92,133
speed_1s_stage5_col1_mean,0.0421601275617433,SI206_shuffled,92,133
speed_1s_stage5_col1_std_over_mean,0.014921684833352043,SI206_shuffled,92,133
speed_1s_stage5_col2_mean,0.004372210293968145,SI206_shuffled,92,133
speed_1s_stage5_col2_std_over_mean,0.027477078999062633,SI206_shuffled,92,133
speed_10s_avg_rows,0.01822237694772744,SI206_shuffled,92,133
speed_10s_avg_stage2_rows,0.009323221153132239,SI206_shuffled,92,133
speed_10s_avg_stage2_col1_mean,0.01887687016506412,SI206_shuffled,92,133
speed_10s_avg_stage2_col1_std_over_mean,0.006699463543133158,SI206_shuffled,92,133
speed_10s_avg_stage2_col2_mean,0.01956745188663382,SI206_shuffled,92,133
speed_10s_avg_stage2_col2_std_over_mean,0.01311429182585492,SI206_shuffled,92,133
speed_10s_avg_stage3_rows,0.006984742004119169,SI206_shuffled,92,133
speed_10s_avg_stage3_col1_mean,0.023546776698645067,SI206_shuffled,92,133
speed_10s_avg_stage3_col1_std_over_mean,0.004941748439257575,SI206_shuffled,92,133
speed_10s_avg_stage3_col2_mean,0.01362824541604776,SI206_shuffled,92,133
speed_10s_avg_stage3_col2_std_over_mean,0.03443299597059871,SI206_shuffled,92,133
speed_10s_avg_stage4_rows,0.007191227064894419,SI206_shuffled,92,133
speed_10s_avg_stage4_col1_mean,0.046739072978216396,SI206_shuffled,92,133
speed_10s_avg_stage4_col1_std_over_mean,0.01526307923118514,SI206_shuffled,92,133
speed_10s_avg_stage4_col2_mean,0.008899981199530841,SI206_shuffled,92,133
speed_10s_avg_stage4_col2_std_over_mean,0.015741307630874928,SI206_shuffled,92,133
speed_10s_avg_stage5_rows,8.548835221201098e-06,SI206_shuffled,92,133
speed_10s_avg_stage5_col1_mean,0.03412333534823006,SI206_shuffled,92,133
speed_10s_avg_stage5_col1_std_over_mean,0.02189394962792448,SI206_shuffled,92,133
speed_10s_avg_stage5_col2_mean,0.005606195763207087,SI206_shuffled,92,133
speed_10s_avg_stage5_col2_std_over_mean,0.006392820922427756,SI206_shuffled,92,133
stage_2_frames,0.018951161972804834,SI206_shuffled,93,134
stage_3_frames,0.01536632085113529,SI206_shuffled,93,134
stage_4_frames,0.004249624302594465,SI206_shuffled,93,134
stage_5_frames,0.004049600879041272,SI206_shuffled,93,134
roam_mean,0.007445027058566475,SI206_shuffled,93,134
roam_std_over_mean,0.04459391075523949,SI206_shuffled,93,134
roam_early_mean,0.011503851740193222,SI206_shuffled,93,134
roam_mid_mean,0.029750141821432697,SI206_shuffled,93,134
roam_late_mean,0.006448754532064665,SI206_shuffled,93,134
roam_slope,0.0974367326776893,SI206_shuffled,93,134
speed_1s_rows,0.018034628628130902,SI206_shuffled,93,134
speed_1s_stage2_rows,0.013910858162349087,SI206_shuffled,93,134
speed_1s_stage2_col1_mean,0.016648238958363305,SI206_shuffled,93,134
speed_1s_stage2_col1_std_over_mean,0.017529864248373196,SI206_shuffled,93,134
speed_1s_stage2_col2_mean,0.010473432086057156,SI206_shuffled,93,134
speed_1s_stage2_col2_std_over_mean,0.04768968380208449,SI206_shuffled,93,134
speed_1s_stage3_rows,0.006379938979073923,SI206_shuffled,93,134
speed_1s_stage3_col1_mean,0.01490649024463116,SI206_shuffled,93,134
speed_1s_stage3_col1_std_over_mean,0.013075162068302157,SI206_shuffled,93,134
speed_1s_stage3_col2_mean,0.012772530542324467,SI206_shuffled,93,134
speed_1s_stage3_col2_std_over_mean,0.03804286471447706,SI206_shuffled,93,134
speed_1s_stage4_rows,0.005842910739135119,SI206_shuffled,93,134
speed_1s_stage4_col1_mean,0.06458844689968246,SI206_shuffled,93,134
speed_1s_stage4_col1_std_over_mean,0.014540470510972205,SI206_shuffled,93,134
speed_1s_stage4_col2_mean,0.012973712935406233,SI206_shuffled,93,134
speed_1s_stage4_col2_std_over_mean,0.02172938336479096,SI206_shuffled,93,134
speed_1s_stage5_rows,5.445057386847115e-05,SI206_shuffled,93,134
speed_1s_stage5_col1_mean,0.015554005735710585,SI206_shuffled,93,134
speed_1s_stage5_col1_std_over_mean,0.014544718070799463,SI206_shuffled,93,134
speed_1s_stage5_col2_mean,0.00531734243099716,SI206_shuffled,93,134
speed_1s_stage5_col2_std_over_mean,0.02185283229385656,SI206_shuffled,93,134
speed_10s_avg_rows,0.009845595254087241,SI206_shuffled,93,134
speed_10s_avg_stage2_rows,0.005821855142988131,SI206_shuffled,93,134
speed_10s_avg_stage2_col1_mean,0.01478004610796221,SI206_shuffled,93,134
speed_10s_avg_stage2_col1_std_over_mean,0.008176165709897857,SI206_shuffled,93,134
speed_10s_avg_stage2_col2_mean,0.012708878641174478,SI206_shuffled,93,134
speed_10s_avg_stage2_col2_std_over_mean,0.008515938718845033,SI206_shuffled,93,134
speed_10s_avg_stage3_rows,0.005738807982657122,SI206_shuffled,93,134
speed_10s_avg_stage3_col1_mean,0.010562349366164932,SI206_shuffled,93,134
speed_10s_avg_stage3_col1_std_over_mean,0.007278049780360065,SI206_shuffled,93,134
speed_10s_avg_stage3_col2_mean,0.016458437649497292,SI206_shuffled,93,134
speed_10s_avg_stage3_col2_std_over_mean,0.0401828646020578,SI206_shuffled,93,134
speed_10s_avg_stage4_rows,0.004530348958592656,SI206_shuffled,93,134
speed_10s_avg_stage4_col1_mean,0.07041555307494334,SI206_shuffled,93,134
speed_10s_avg_stage4_col1_std_over_mean,0.015681443392622448,SI206_shuffled,93,134
speed_10s_avg_stage4_col2_mean,0.017086288329011337,SI206_shuffled,93,134
speed_10s_avg_stage4_col2_std_over_mean,0.07438099422121548,SI206_shuffled,93,134
speed_10s_avg_stage5_rows,2.1624219125420454e-05,SI206_shuffled,93,134
speed_10s_avg_stage5_col1_mean,0.017178344644142012,SI206_shuffled,93,134
speed_10s_avg_stage5_col1_std_over_mean,0.02474203439365904,SI206_shuffled,93,134
speed_10s_avg_stage5_col2_mean,0.004770931952390801,SI206_shuffled,93,134
speed_10s_avg_stage5_col2_std_over_mean,0.004866355278457545,SI206_shuffled,93,134
stage_2_frames,0.04548244034271539,SI206_shuffled,94,135
stage_3_frames,0.010844500584845257,SI206_shuffled,94,135
stage_4_frames,0.004778606927827641,SI206_shuffled,94,135
stage_5_frames,0.00792654019369929,SI206_shuffled,94,135
roam_mean,0.008716245902361116,SI206_shuffled,94,135
roam_std_over_mean,0.08914271965335507,SI206_shuffled,94,135
roam_early_mean,0.008004063413469084,SI206_shuffled,94,135
roam_mid_mean,0.02628556313779338,SI206_shuffled,94,135
roam_late_mean,0.011653120140493894,SI206_shuffled,94,135
roam_slope,0.08435057503005138,SI206_shuffled,94,135
speed_1s_rows,0.00913915257675488,SI206_shuffled,94,135
speed_1s_stage2_rows,0.013834437221128018,SI206_shuffled,94,135
speed_1s_stage2_col1_mean,0.01246450720923371,SI206_shuffled,94,135
speed_1s_stage2_col1_std_over_mean,0.017654039240083883,SI206_shuffled,94,135
speed_1s_stage2_col2_mean,0.012663216821295361,SI206_shuffled,94,135
speed_1s_stage2_col2_std_over_mean,0.03277395569802198,SI206_shuffled,94,135
speed_1s_stage3_rows,0.0077473254908270546,SI206_shuffled,94,135
speed_1s_stage3_col1_mean,0.01231103433709687,SI206_shuffled,94,135
speed_1s_stage3_col1_std_over_mean,0.011584831491731389,SI206_shuffled,94,135
speed_1s_stage3_col2_mean,0.019049247312243885,SI206_shuffled,94,135
speed_1s_stage3_col2_std_over_mean,0.023884093354021835,SI206_shuffled,94,135
speed_1s_stage4_rows,0.006618462326712777,SI206_shuffled,94,135
speed_1s_stage4_col1_mean,0.022177382303675785,SI206_shuffled,94,135
speed_1s_stage4_col1_std_over_mean,0.035971349010620796,SI206_shuffled,94,135
speed_1s_stage4_col2_mean,0.006442115021617364,SI206_shuffled,94,135
speed_1s_stage4_col2_std_over_mean,0.01800646216822592,SI206_shuffled,94,135
speed_1s_stage5_rows,0.00036900713624159545,SI206_shuffled,94,135
speed_1s_stage5_col1_mean,0.053553905600886166,SI206_shuffled,94,135
speed_1s_stage5_col1_std_over_mean,0.04557282009107402,SI206_shuffled,94,135
speed_1s_stage5_col2_mean,0.005532991083848977,SI206_shuffled,94,135
speed_1s_stage5_col2_std_over_mean,0.01754558373259564,SI206_shuffled,94,135
speed_10s_avg_rows,0.010728919122241673,SI206_shuffled,94,135
speed_10s_avg_stage2_rows,0.008840784506822831,SI206_shuffled,94,135
speed_10s_avg_stage2_col1_mean,0.013079054400070872,SI206_shuffled,94,135
speed_10s_avg_stage2_col1_std_over_mean,0.005905054738399804,SI206_shuffled,94,135
speed_10s_avg_stage2_col2_mean,0.015598933913977151,SI206_shuffled,94,135
speed_10s_avg_stage2_col2_std_over_mean,0.011968412324693083,SI206_shuffled,94,135
speed_10s_avg_stage3_rows,0.0036374510339585633,SI206_shuffled,94,135
speed_10s_avg_stage3_col1_mean,0.01300788403830571,SI206_shuffled,94,135
speed_10s_avg_stage3_col1_std_over_mean,0.011975606089579663,SI206_shuffled,94,135
speed_10s_avg_stage3_col2_mean,0.015327399714674774,SI206_shuffled,94,135
speed_10s_avg_stage3_col2_std_over_mean,0.0165838540479303,SI206_shuffled,94,135
speed_10s_avg_stage4_rows,0.007834039791800031,SI206_shuffled,94,135
speed_10s_avg_stage4_col1_mean,0.01675070435740202,SI206_shuffled,94,135
speed_10s_avg_stage4_col1_std_over_mean,0.02817213006150467,SI206_shuffled,94,135
speed_10s_avg_stage4_col2_mean,0.007032928178623097,SI206_shuffled,94,135
speed_10s_avg_stage4_col2_std_over_mean,0.04029919782621031,SI206_shuffled,94,135
speed_10s_avg_stage5_rows,6.669215941004867e-05,SI206_shuffled,94,135
speed_10s_avg_stage5_col1_mean,0.02912105959923437,SI206_shuffled,94,135
speed_10s_avg_stage5_col1_std_over_mean,0.043078721710585195,SI206_shuffled,94,135
speed_10s_avg_stage5_col2_mean,0.006592055992855213,SI206_shuffled,94,135
speed_10s_avg_stage5_col2_std_over_mean,0.01231882183717123,SI206_shuffled,94,135
stage_2_frames,0.03671851371985961,SI206_shuffled,95,136
stage_3_frames,0.019942520918471002,SI206_shuffled,95,136
stage_4_frames,0.006424179699503108,SI206_shuffled,95,136
stage_5_frames,0.005715511259428922,SI206_shuffled,95,136
roam_mean,0.01774036908510951,SI206_shuffled,95,136
roam_std_over_mean,0.061742946583998315,SI206_shuffled,95,136
roam_early_mean,0.01674450586379623,SI206_shuffled,95,136
roam_mid_mean,0.04001814266554985,SI206_shuffled,95,136
roam_late_mean,0.01699275974852112,SI206_shuffled,95,136
roam_slope,0.04290097470822865,SI206_shuffled,95,136
speed_1s_rows,0.014079765402856355,SI206_shuffled,95,136
speed_1s_stage2_rows,0.007923698615125362,SI206_shuffled,95,136
speed_1s_stage2_col1_mean,0.017958042494039584,SI206_shuffled,95,136
speed_1s_stage2_col1_std_over_mean,0.024044240310233212,SI206_shuffled,95,136
speed_1s_stage2_col2_mean,0.010545206914844464,SI206_shuffled,95,136
speed_1s_stage2_col2_std_over_mean,0.037823360214364554,SI206_shuffled,95,136
speed_1s_stage3_rows,0.005261630146711597,SI206_shuffled,95,136
speed_1s_stage3_col1_mean,0.01523954061887047,SI206_shuffled,95,136
speed_1s_stage3_col1_std_over_mean,0.022620947806557025,SI206_shuffled,95,136
speed_1s_stage3_col2_mean,0.0122395597106393,SI206_shuffled,95,136
speed_1s_stage3_col2_std_over_mean,0.028731849222884714,SI206_shuffled,95,136
speed_1s_stage4_rows,0.00731682484622187,SI206_shuffled,95,136
speed_1s_stage4_col1_mean,0.02563223142817433,SI206_shuffled,95,136
speed_1s_stage4_col1_std_over_mean,0.015269374177685592,SI206_shuffled,95,136
speed_1s_stage4_col2_mean,0.012128704187911624,SI206_shuffled,95,136
speed_1s_stage4_col2_std_over_mean,0.02351140549583748,SI206_shuffled,95,136
speed_1s_stage5_rows,0.00012215162182271897,SI206_shuffled,95,136
speed_1s_stage5_col1_mean,0.024396663512767567,SI206_shuffled,95,136
speed_1s_stage5_col1_std_over_mean,0.018231248199483605,SI206_shuffled,95,136
speed_1s_stage5_col2_mean,0.011156010898968786,SI206_shuffled,95,136
speed_1s_stage5_col2_std_over_mean,0.023315003789060387,SI206_shuffled,95,136
speed_10s_avg_rows,0.015218274689158451,SI206_shuffled,95,136
speed_10s_avg_stage2_rows,0.011430548654053652,SI206_shuffled,95,136
speed_10s_avg_stage2_col1_mean,0.02194389993958902,SI206_shuffled,95,136
speed_10s_avg_stage2_col1_std_over_mean,0.011513370703005408,SI206_shuffled,95,136
speed_10s_avg_stage2_col2_mean,0.014814823439364409,SI206_shuffled,95,136
speed_10s_avg_stage2_col2_std_over_mean,0.01709696939460799,SI206_shuffled,95,136
speed_10s_avg_stage3_rows,0.005464444589078563,SI206_shuffled,95,136
speed_10s_avg_stage3_col1_mean,0.014146043386073191,SI206_shuffled,95,136
speed_10s_avg_stage3_col1_std_over_mean,0.01435007056232594,SI206_shuffled,95,136
speed_10s_avg_stage3_col2_mean,0.010670500770284993,SI206_shuffled,95,136
speed_10s_avg_stage3_col2_std_over_mean,0.01749072244181358,SI206_shuffled,95,136
speed_10s_avg_stage4_rows,0.006252027539644794,SI206_shuffled,95,136
speed_10s_avg_stage4_col1_mean,0.0346486982286177,SI206_shuffled,95,136
speed_10s_avg_stage4_col1_std_over_mean,0.02531275826281665,SI206_shuffled,95,136
speed_10s_avg_stage4_col2_mean,0.0077516477847756554,SI206_shuffled,95,136
speed_10s_avg_stage4_col2_std_over_mean,0.05612903707001217,SI206_shuffled,95,136
speed_10s_avg_stage5_rows,0.0001398380048487679,SI206_shuffled,95,136
speed_10s_avg_stage5_col1_mean,0.023265742908935398,SI206_shuffled,95,136
speed_10s_avg_stage5_col1_std_over_mean,0.04710996700941717,SI206_shuffled,95,136
speed_10s_avg_stage5_col2_mean,0.012397939103381347,SI206_shuffled,95,136
speed_10s_avg_stage5_col2_std_over_mean,0.01036479165066827,SI206_shuffled,95,136
stage_2_frames,0.1102463762847146,SI206_shuffled,96,137
stage_3_frames,0.01398503092962376,SI206_shuffled,96,137
stage_4_frames,0.012910847496213965,SI206_shuffled,96,137
stage_5_frames,0.005707588412490838,SI206_shuffled,96,137
roam_mean,0.006532237102636336,SI206_shuffled,96,137
roam_std_over_mean,0.03539332601300564,SI206_shuffled,96,137
roam_early_mean,0.013070633777447417,SI206_shuffled,96,137
roam_mid_mean,0.04467817612885715,SI206_shuffled,96,137
roam_late_mean,0.010428294453493974,SI206_shuffled,96,137
roam_slope,0.09523626659768987,SI206_shuffled,96,137
speed_1s_rows,0.011652549457861802,SI206_shuffled,96,137
speed_1s_stage2_rows,0.005181423442709799,SI206_shuffled,96,137
speed_1s_stage2_col1_mean,0.01336688653103684,SI206_shuffled,96,137
speed_1s_stage2_col1_std_over_mean,0.009059243544939014,SI206_shuffled,96,137
speed_1s_stage2_col2_mean,0.009573985083443882,SI206_shuffled,96,137
speed_1s_stage2_col2_std_over_mean,0.03544745889276441,SI206_shuffled,96,137
speed_1s_stage3_rows,0.007757252668775122,SI206_shuffled,96,137
speed_1s_stage3_col1_mean,0.02832133652762057,SI206_shuffled,96,137
speed_1s_stage3_col1_std_over_mean,0.019133905147694797,SI206_shuffled,96,137
speed_1s_stage3_col2_mean,0.011227333360308804,SI206_shuffled,96,137
speed_1s_stage3_col2_std_over_mean,0.017463700719632626,SI206_shuffled,96,137
speed_1s_stage4_rows,0.003043206204732049,SI206_shuffled,96,137
speed_1s_stage4_col1_mean,0.023608715956863008,SI206_shuffled,96,137
speed_1s_stage4_col1_std_over_mean,0.015690220829840534,SI206_shuffled,96,137
speed_1s_stage4_col2_mean,0.004574991635436603,SI206_shuffled,96,137
speed_1s_stage4_col2_std_over_mean,0.01586709065590204,SI206_shuffled,96,137
speed_1s_stage5_rows,9.379807734873088e-06,SI206_shuffled,96,137
speed_1s_stage5_col1_mean,0.022069005117114276,SI206_shuffled,96,137
speed_1s_stage5_col1_std_over_mean,0.02068783800017845,SI206_shuffled,96,137
speed_1s_stage5_col2_mean,0.008472548151270444,SI206_shuffled,96,137
speed_1s_stage5_col2_std_over_mean,0.04997490853770625,SI206_shuffled,96,137
speed_10s_avg_rows,0.011452269203435759,SI206_shuffled,96,137
speed_10s_avg_stage2_rows,0.01033596599538156,SI206_shuffled,96,137
speed_10s_avg_stage2_col1_mean,0.011931879160491167,SI206_shuffled,96,137
speed_10s_avg_stage2_col1_std_over_mean,0.006962948596696449,SI206_shuffled,96,137
speed_10s_avg_stage2_col2_mean,0.012763481010142465,SI206_shuffled,96,137
speed_10s_avg_stage2_col2_std_over_mean,0.011439375169365442,SI206_shuffled,96,137
speed_10s_avg_stage3_rows,0.016084803449242124,SI206_shuffled,96,137
speed_10s_avg_stage3_col1_mean,0.023563841556222074,SI206_shuffled,96,137
speed_10s_avg_stage3_col1_std_over_mean,0.008407421529450024,SI206_shuffled,96,137
speed_10s_avg_stage3_col2_mean,0.009990882709509161,SI206_shuffled,96,137
speed_10s_avg_stage3_col2_std_over_mean,0.03048733277734731,SI206_shuffled,96,137
speed_10s_avg_stage4_rows,0.003643376065867522,SI206_shuffled,96,137
speed_10s_avg_stage4_col1_mean,0.01791124863683474,SI206_shuffled,96,137
speed_10s_avg_stage4_col1_std_over_mean,0.040949801351509156,SI206_shuffled,96,137
speed_10s_avg_stage4_col2_mean,0.009072014708395295,SI206_shuffled,96,137
speed_10s_avg_stage4_col2_std_over_mean,0.021497586872308565,SI206_shuffled,96,137
speed_10s_avg_stage5_rows,0.0003558328782496239,SI206_shuffled,96,137
speed_10s_avg_stage5_col1_mean,0.020548277790172955,SI206_shuffled,96,137
speed_10s_avg_stage5_col1_std_over_mean,0.02782820687583916,SI206_shuffled,96,137
speed_10s_avg_stage5_col2_mean,0.011842058929567679,SI206_shuffled,96,137
speed_10s_avg_stage5_col2_std_over_mean,0.012559637264231996,SI206_shuffled,96,137
stage_2_frames,0.03397444134341838,SI206_shuffled,97,138
stage_3_frames,0.010135727517689827,SI206_shuffled,97,138
stage_4_frames,0.0044201824112790914,SI206_shuffled,97,138
stage_5_frames,0.007452364122576489,SI206_shuffled,97,138
roam_mean,0.009726844088900326,SI206_shuffled,97,138
roam_std_over_mean,0.016938381650515616,SI206_shuffled,97,138
roam_early_mean,0.013521571275844664,SI206_shuffled,97,138
roam_mid_mean,0.07505396710537028,SI206_shuffled,97,138
roam_late_mean,0.008033090699652438,SI206_shuffled,97,138
roam_slope,0.01589086338188809,SI206_shuffled,97,138
speed_1s_rows,0.013198292571772716,SI206_shuffled,97,138
speed_1s_stage2_rows,0.016850563384621785,SI206_shuffled,97,138
speed_1s_stage2_col1_mean,0.017093524837525135,SI206_shuffled,97,138
speed_1s_stage2_col1_std_over_mean,0.005804903972441133,SI206_shuffled,97,138
speed_1s_stage2_col2_mean,0.016805034560192014,SI206_shuffled,97,138
speed_1s_stage2_col2_std_over_mean,0.04234203823758773,SI206_shuffled,97,138
speed_1s_stage3_rows,0.004263846006369338,SI206_shuffled,97,138
speed_1s_stage3_col1_mean,0.021670250199426692,SI206_shuffled,97,138
speed_1s_stage3_col1_std_over_mean,0.013019012892972422,SI206_shuffled,97,138
speed_1s_stage3_col2_mean,0.012811882145159529,SI206_shuffled,97,138
speed_1s_stage3_col2_std_over_mean,0.012128128359197295,SI206_shuffled,97,138
speed_1s_stage4_rows,0.008166446293509334,SI206_shuffled,97,138
speed_1s_stage4_col1_mean,0.08106341429012946,SI206_shuffled,97,138
speed_1s_stage4_col1_std_over_mean,0.005364315050916838,SI206_shuffled,97,138
speed_1s_stage4_col2_mean,0.00798770136933314,SI206_shuffled,97,138
speed_1s_stage4_col2_std_over_mean,0.01633700107140334,SI206_shuffled,97,138
speed_1s_stage5_rows,6.785843034967627e-06,SI206_shuffled,97,138
speed_1s_stage5_col1_mean,0.05269232293551581,SI206_shuffled,97,138
speed_1s_stage5_col1_std_over_mean,0.016655066848752228,SI206_shuffled,97,138
speed_1s_stage5_col2_mean,0.010440145191202998,SI206_shuffled,97,138
speed_1s_stage5_col2_std_over_mean,0.015496885535242984,SI206_shuffled,97,138
speed_10s_avg_rows,0.014734277685868482,SI206_shuffled,97,138
speed_10s_avg_stage2_rows,0.012162354717961552,SI206_shuffled,97,138
speed_10s_avg_stage2_col1_mean,0.02151380770211007,SI206_shuffled,97,138
speed_10s_avg_stage2_col1_std_over_mean,0.003756271872355363,SI206_shuffled,97,138
speed_10s_avg_stage2_col2_mean,0.024119786050198346,SI206_shuffled,97,138
speed_10s_avg_stage2_col2_std_over_mean,0.018088411833823956,SI206_shuffled,97,138
speed_10s_avg_stage3_rows,0.004750995435607904,SI206_shuffled,97,138
speed_10s_avg_stage3_col1_mean,0.01550551765393414,SI206_shuffled,97,138
speed_10s_avg_stage3_col1_std_over_mean,0.008698790971054362,SI206_shuffled,97,138
speed_10s_avg_stage3_col2_mean,0.007604853687814535,SI206_shuffled,97,138
speed_10s_avg_stage3_col2_std_over_mean,0.03158349327219638,SI206_shuffled,97,138
speed_10s_avg_stage4_rows,0.009122913114936028,SI206_shuffled,97,138
speed_10s_avg_stage4_col1_mean,0.08396335622481815,SI206_shuffled,97,138
speed_10s_avg_stage4_col1_std_over_mean,0.009138493029228265,SI206_shuffled,97,138
speed_10s_avg_stage4_col2_mean,0.009226312333001693,SI206_shuffled,97,138
speed_10s_avg_stage4_col2_std_over_mean,0.0644056568251296,SI206_shuffled,97,138
speed_10s_avg_stage5_rows,4.916647461012671e-06,SI206_shuffled,97,138
speed_10s_avg_stage5_col1_mean,0.04011305530517719,SI206_shuffled,97,138
speed_10s_avg_stage5_col1_std_over_mean,0.019432165837165446,SI206_shuffled,97,138
speed_10s_avg_stage5_col2_mean,0.009171375926398754,SI206_shuffled,97,138
speed_10s_avg_stage5_col2_std_over_mean,0.007558198680316836,SI206_shuffled,97,138
stage_2_frames,0.09120234746080289,SI206_shuffled,98,139
stage_3_frames,0.026291982035067406,SI206_shuffled,98,139
stage_4_frames,0.005240592810026396,SI206_shuffled,98,139
stage_5_frames,0.006157533666336975,SI206_shuffled,98,139
roam_mean,0.006500174364500668,SI206_shuffled,98,139
roam_std_over_mean,0.04045644465567514,SI206_shuffled,98,139
roam_early_mean,0.011084236201831672,SI206_shuffled,98,139
roam_mid_mean,0.022682479799016945,SI206_shuffled,98,139
roam_late_mean,0.016086051623776926,SI206_shuffled,98,139
roam_slope,0.06440333025550674,SI206_shuffled,98,139
speed_1s_rows,0.018449304102660272,SI206_shuffled,98,139
speed_1s_stage2_rows,0.025577838983515254,SI206_shuffled,98,139
speed_1s_stage2_col1_mean,0.01269071232534217,SI206_shuffled,98,139
speed_1s_stage2_col1_std_over_mean,0.008204150804284325,SI206_shuffled,98,139
speed_1s_stage2_col2_mean,0.010450134258109565,SI206_shuffled,98,139
speed_1s_stage2_col2_std_over_mean,0.0285259627557579,SI206_shuffled,98,139
speed_1s_stage3_rows,0.005553361988427975,SI206_shuffled,98,139
speed_1s_stage3_col1_mean,0.014961761842853782,SI206_shuffled,98,139
speed_1s_stage3_col1_std_over_mean,0.01158713002338322,SI206_shuffled,98,139
speed_1s_stage3_col2_mean,0.027382969115623167,SI206_shuffled,98,139
speed_1s_stage3_col2_std_over_mean,0.028778935795834588,SI206_shuffled,98,139
speed_1s_stage4_rows,0.0071910973923035425,SI206_shuffled,98,139
speed_1s_stage4_col1_mean,0.050237913532121974,SI206_shuffled,98,139
speed_1s_stage4_col1_std_over_mean,0.01962322613732763,SI206_shuffled,98,139
speed_1s_stage4_col2_mean,0.0058898783120945675,SI206_shuffled,98,139
speed_1s_stage4_col2_std_over_mean,0.012662213390430353,SI206_shuffled,98,139
speed_1s_stage5_rows,6.40727216030463e-05,SI206_shuffled,98,139
speed_1s_stage5_col1_mean,0.02148154816143963,SI206_shuffled,98,139
speed_1s_stage5_col1_std_over_mean,0.021574471526940038,SI206_shuffled,98,139
speed_1s_stage5_col2_mean,0.004515196069623382,SI206_shuffled,98,139
speed_1s_stage5_col2_std_over_mean,0.03947407701382724,SI206_shuffled,98,139
speed_10s_avg_rows,0.015679521561572634,SI206_shuffled,98,139
speed_10s_avg_stage2_rows,0.02392268124613388,SI206_shuffled,98,139
speed_10s_avg_stage2_col1_mean,0.017859718542975613,SI206_shuffled,98,139
speed_10s_avg_stage2_col1_std_over_mean,0.005592143681899948,SI206_shuffled,98,139
speed_10s_avg_stage2_col2_mean,0.008985342522633015,SI206_shuffled,98,139
speed_10s_avg_stage2_col2_std_over_mean,0.007442435135744513,SI206_shuffled,98,139
speed_10s_avg_stage3_rows,0.008560096949001329,SI206_shuffled,98,139
speed_10s_avg_stage3_col1_mean,0.010631480072825316,SI206_shuffled,98,139
speed_10s_avg_stage3_col1_std_over_mean,0.009546222049788803,SI206_shuffled,98,139
speed_10s_avg_stage3_col2_mean,0.031332411401811554,SI206_shuffled,98,139
speed_10s_avg_stage3_col2_std_over_mean,0.049952527932908684,SI206_shuffled,98,139
speed_10s_avg_stage4_rows,0.00959558525757433,SI206_shuffled,98,139
speed_10s_avg_stage4_col1_mean,0.0381567864194983,SI206_shuffled,98,139
speed_10s_avg_stage4_col1_std_over_mean,0.023353214280305214,SI206_shuffled,98,139
speed_10s_avg_stage4_col2_mean,0.0049334426673600185,SI206_shuffled,98,139
speed_10s_avg_stage4_col2_std_over_mean,0.02221597185151634,SI206_shuffled,98,139
speed_10s_avg_stage5_rows,5.186301680686035e-06,SI206_shuffled,98,139
speed_10s_avg_stage5_col1_mean,0.02459567743619327,SI206_shuffled,98,139
speed_10s_avg_stage5_col1_std_over_mean,0.009630380049646345,SI206_shuffled,98,139
speed_10s_avg_stage5_col2_mean,0.008201161913313099,SI206_shuffled,98,139
speed_10s_avg_stage5_col2_std_over_mean,0.004826883599571727,SI206_shuffled,98,139
stage_2_frames,0.04123536378966183,SI206_shuffled,99,140
stage_3_frames,0.01075887887242215,SI206_shuffled,99,140
stage_4_frames,0.0056952947413713,SI206_shuffled,99,140
stage_5_frames,0.009886221911397347,SI206_shuffled,99,140
roam_mean,0.006714658577870974,SI206_shuffled,99,140
roam_std_over_mean,0.03661813120821468,SI206_shuffled,99,140
roam_early_mean,0.016154357488165735,SI206_shuffled,99,140
roam_mid_mean,0.03975457567258861,SI206_shuffled,99,140
roam_late_mean,0.007493110167982594,SI206_shuffled,99,140
roam_slope,0.05298932665248231,SI206_shuffled,99,140
speed_1s_rows,0.014525130053655095,SI206_shuffled,99,140
speed_1s_stage2_rows,0.007258890073443281,SI206_shuffled,99,140
speed_1s_stage2_col1_mean,0.019491479951368344,SI206_shuffled,99,140
speed_1s_stage2_col1_std_over_mean,0.010769822028353178,SI206_shuffled,99,140
speed_1s_stage2_col2_mean,0.010306551435817053,SI206_shuffled,99,140
speed_1s_stage2_col2_std_over_mean,0.05197814188382136,SI206_shuffled,99,140
speed_1s_stage3_rows,0.005527079032698323,SI206_shuffled,99,140
speed_1s_stage3_col1_mean,0.022125886619875863,SI206_shuffled,99,140
speed_1s_stage3_col1_std_over_mean,0.013213090799799003,SI206_shuffled,99,140
speed_1s_stage3_col2_mean,0.013831398473371273,SI206_shuffled,99,140
speed_1s_stage3_col2_std_over_mean,0.015233406839490997,SI206_shuffled,99,140
speed_1s_stage4_rows,0.005953914877415131,SI206_shuffled,99,140
speed_1s_stage4_col1_mean,0.08155675945002148,SI206_shuffled,99,140
speed_1s_stage4_col1_std_over_mean,0.018516936480529517,SI206_shuffled,99,140
speed_1s_stage4_col2_mean,0.013969538543338988,SI206_shuffled,99,140
speed_1s_stage4_col2_std_over_mean,0.009425233835007358,SI206_shuffled,99,140
speed_1s_stage5_rows,0.00037206914217178535,SI206_shuffled,99,140
speed_1s_stage5_col1_mean,0.02776471715675392,SI206_shuffled,99,140
speed_1s_stage5_col1_std_over_mean,0.015848062343912336,SI206_shuffled,99,140
speed_1s_stage5_col2_mean,0.006295266554471805,SI206_shuffled,99,140
speed_1s_stage5_col2_std_over_mean,0.037358319738757924,SI206_shuffled,99,140
speed_10s_avg_rows,0.0123600957091071,SI206_shuffled,99,140
speed_10s_avg_stage2_rows,0.009745883529663034,SI206_shuffled,99,140
speed_10s_avg_stage2_col1_mean,0.019237299009061935,SI206_shuffled,99,140
speed_10s_avg_stage2_col1_std_over_mean,0.009520989076209947,SI206_shuffled,99,140
speed_10s_avg_stage2_col2_mean,0.016028912633951103,SI206_shuffled,99,140
speed_10s_avg_stage2_col2_std_over_mean,0.008021987339387266,SI206_shuffled,99,140
speed_10s_avg_stage3_rows,0.004956435555029876,SI206_shuffled,99,140
speed_10s_avg_stage3_col1_mean,0.019516622625411453,SI206_shuffled,99,140
speed_10s_avg_stage3_col1_std_over_mean,0.006241037848324272,SI206_shuffled,99,140
speed_10s_avg_stage3_col2_mean,0.015590978378507689,SI206_shuffled,99,140
speed_10s_avg_stage3_col2_std_over_mean,0.018131067806280432,SI206_shuffled,99,140
speed_10s_avg_stage4_rows,0.008671598507984782,SI206_shuffled,99,140
speed_10s_avg_stage4_col1_mean,0.0769618890647957,SI206_shuffled,99,140
speed_10s_avg_stage4_col1_std_over_mean,0.01593195020984577,SI206_shuffled,99,140
speed_10s_avg_stage4_col2_mean,0.013822413183203871,SI206_shuffled,99,140
speed_10s_avg_stage4_col2_std_over_mean,0.039972502579792034,SI206_shuffled,99,140
speed_10s_avg_stage5_rows,1.5022533800701052e-05,SI206_shuffled,99,140
speed_10s_avg_stage5_col1_mean,0.020188285847412894,SI206_shuffled,99,140
speed_10s_avg_stage5_col1_std_over_mean,0.03831665549378079,SI206_shuffled,99,140
speed_10s_avg_stage5_col2_mean,0.008714847612071785,SI206_shuffled,99,140
speed_10s_avg_stage5_col2_std_over_mean,0.009431911060146094,SI206_shuffled,99,140
stage_2_frames,0.027138201857604738,SI206_shuffled,100,141
stage_3_frames,0.014458025078050343,SI206_shuffled,100,141
stage_4_frames,0.012979870345207672,SI206_shuffled,100,141
stage_5_frames,0.005486723980337099,SI206_shuffled,100,141
roam_mean,0.01374911027847649,SI206_shuffled,100,141
roam_std_over_mean,0.13393924747267,SI206_shuffled,100,141
roam_early_mean,0.006851981802091313,SI206_shuffled,100,141
roam_mid_mean,0.028701918817374737,SI206_shuffled,100,141
roam_late_mean,0.01603124769197716,SI206_shuffled,100,141
roam_slope,0.05628255161085297,SI206_shuffled,100,141
speed_1s_rows,0.008229791474032272,SI206_shuffled,100,141
speed_1s_stage2_rows,0.01093521071535096,SI206_shuffled,100,141
speed_1s_stage2_col1_mean,0.008868368985386484,SI206_shuffled,100,141
speed_1s_stage2_col1_std_over_mean,0.006258295565551134,SI206_shuffled,100,141
speed_1s_stage2_col2_mean,0.022614551633047784,SI206_shuffled,100,141
speed_1s_stage2_col2_std_over_mean,0.04614998882529966,SI206_shuffled,100,141
speed_1s_stage3_rows,0.012546475609667165,SI206_shuffled,100,141
speed_1s_stage3_col1_mean,0.004450962036018381,SI206_shuffled,100,141
speed_1s_stage3_col1_std_over_mean,0.022817058784424183,SI206_shuffled,100,141
speed_1s_stage3_col2_mean,0.010009224591765793,SI206_shuffled,100,141
speed_1s_stage3_col2_std_over_mean,0.029388188215019134,SI206_shuffled,100,141
speed_1s_stage4_rows,0.007956341862865023,SI206_shuffled,100,141
speed_1s_stage4_col1_mean,0.012692999311748991,SI206_shuffled,100,141
speed_1s_stage4_col1_std_over_mean,0.015806417986384127,SI206_shuffled,100,141
speed_1s_stage4_col2_mean,0.011316034543515728,SI206_shuffled,100,141
speed_1s_stage4_col2_std_over_mean,0.019064737918661718,SI206_shuffled,100,141
speed_1s_stage5_rows,2.6870823853519512e-05,SI206_shuffled,100,141
speed_1s_stage5_col1_mean,0.03069960197596362,SI206_shuffled,100,141
speed_1s_stage5_col1_std_over_mean,0.0825251077280493,SI206_shuffled,100,141
speed_1s_stage5_col2_mean,0.015068377314409383,SI206_shuffled,100,141
speed_1s_stage5_col2_std_over_mean,0.019602889213079552,SI206_shuffled,100,141
speed_10s_avg_rows,0.013852390966240196,SI206_shuffled,100,141
speed_10s_avg_stage2_rows,0.01352846435575413,SI206_shuffled,100,141
speed_10s_avg_stage2_col1_mean,0.013003623980523278,SI206_shuffled,100,141
speed_10s_avg_stage2_col1_std_over_mean,0.0029332530712113353,SI206_shuffled,100,141
speed_10s_avg_stage2_col2_mean,0.02088305467547306,SI206_shuffled,100,141
speed_10s_avg_stage2_col2_std_over_mean,0.005097759431475944,SI206_shuffled,100,141
speed_10s_avg_stage3_rows,0.01390995648159515,SI206_shuffled,100,141
speed_10s_avg_stage3_col1_mean,0.008765564952094717,SI206_shuffled,100,141
speed_10s_avg_stage3_col1_std_over_mean,0.00660954508382893,SI206_shuffled,100,141
speed_10s_avg_stage3_col2_mean,0.007704720034687154,SI206_shuffled,100,141
speed_10s_avg_stage3_col2_std_over_mean,0.017052915772788727,SI206_shuffled,100,141
speed_10s_avg_stage4_rows,0.005541827586082169,SI206_shuffled,100,141
speed_10s_avg_stage4_col1_mean,0.010913791363826749,SI206_shuffled,100,141
speed_10s_avg_stage4_col1_std_over_mean,0.01367646179698127,SI206_shuffled,100,141
speed_10s_avg_stage4_col2_mean,0.01243372259674914,SI206_shuffled,100,141
speed_10s_avg_stage4_col2_std_over_mean,0.02419850149425367,SI206_shuffled,100,141
speed_10s_avg_stage5_rows,0.00042314210872532805,SI206_shuffled,100,141
speed_10s_avg_stage5_col1_mean,0.028137354285637173,SI206_shuffled,100,141
speed_10s_avg_stage5_col1_std_over_mean,0.03604174855278762,SI206_shuffled,100,141
speed_10s_avg_stage5_col2_mean,0.017044948502842577,SI206_shuffled,100,141
speed_10s_avg_stage5_col2_std_over_mean,0.015600878857705374,SI206_shuffled,100,141
