feature,importance,dataset,run,seed
stage_2_frames,0.024845714843364765,SI216,1,42
stage_3_frames,0.00794336474172616,SI216,1,42
stage_4_frames,0.012307723211513561,SI216,1,42
stage_5_frames,0.025140894159018715,SI216,1,42
roam_mean,0.02476667230818182,SI216,1,42
roam_std_over_mean,0.020812229912059704,SI216,1,42
roam_early_mean,0.03330786683271269,SI216,1,42
roam_mid_mean,0.020872340619833382,SI216,1,42
roam_late_mean,0.01372952680108004,SI216,1,42
roam_slope,0.008788702999178173,SI216,1,42
speed_1s_rows,0.020874017223728177,SI216,1,42
speed_1s_stage2_rows,0.007151914671296014,SI216,1,42
speed_1s_stage2_col1_mean,0.013551131291541578,SI216,1,42
speed_1s_stage2_col1_std_over_mean,0.026690933279910116,SI216,1,42
speed_1s_stage2_col2_mean,0.014057251494310809,SI216,1,42
speed_1s_stage2_col2_std_over_mean,0.018622858556296806,SI216,1,42
speed_1s_stage3_rows,0.008783714342365703,SI216,1,42
speed_1s_stage3_col1_mean,0.00887498586406425,SI216,1,42
speed_1s_stage3_col1_std_over_mean,0.0085940106620504,SI216,1,42
speed_1s_stage3_col2_mean,0.010822041287834597,SI216,1,42
speed_1s_stage3_col2_std_over_mean,0.04509554663917798,SI216,1,42
speed_1s_stage4_rows,0.023025550396924263,SI216,1,42
speed_1s_stage4_col1_mean,0.013260658178920791,SI216,1,42
speed_1s_stage4_col1_std_over_mean,0.01399070519035629,SI216,1,42
speed_1s_stage4_col2_mean,0.02768028706555743,SI216,1,42
speed_1s_stage4_col2_std_over_mean,0.060483551514741905,SI216,1,42
speed_1s_stage5_rows,0.00015404247254823455,SI216,1,42
speed_1s_stage5_col1_mean,0.003597017211625386,SI216,1,42
speed_1s_stage5_col1_std_over_mean,0.06646533695575589,SI216,1,42
speed_1s_stage5_col2_mean,0.01522673043578787,SI216,1,42
speed_1s_stage5_col2_std_over_mean,0.05262010859996216,SI216,1,42
speed_10s_avg_rows,0.014947966206266044,SI216,1,42
speed_10s_avg_stage2_rows,0.008299524429711021,SI216,1,42
speed_10s_avg_stage2_col1_mean,0.012551881627359828,SI216,1,42
speed_10s_avg_stage2_col1_std_over_mean,0.015437578147291088,SI216,1,42
speed_10s_avg_stage2_col2_mean,0.018038053655531294,SI216,1,42
speed_10s_avg_stage2_col2_std_over_mean,0.015188461011751335,SI216,1,42
speed_10s_avg_stage3_rows,0.006261708563705347,SI216,1,42
speed_10s_avg_stage3_col1_mean,0.005457737498645721,SI216,1,42
speed_10s_avg_stage3_col1_std_over_mean,0.025671472789076222,SI216,1,42
speed_10s_avg_stage3_col2_mean,0.01168206771269175,SI216,1,42
speed_10s_avg_stage3_col2_std_over_mean,0.016608804782966027,SI216,1,42
speed_10s_avg_stage4_rows,0.02153205317860479,SI216,1,42
speed_10s_avg_stage4_col1_mean,0.01211986605884428,SI216,1,42
speed_10s_avg_stage4_col1_std_over_mean,0.015774775878234212,SI216,1,42
speed_10s_avg_stage4_col2_mean,0.021548591494460825,SI216,1,42
speed_10s_avg_stage4_col2_std_over_mean,0.03742655707889734,SI216,1,42
speed_10s_avg_stage5_rows,0.0011480323542427224,SI216,1,42
speed_10s_avg_stage5_col1_mean,0.006299804309806648,SI216,1,42
speed_10s_avg_stage5_col1_std_over_mean,0.04091767482140576,SI216,1,42
speed_10s_avg_stage5_col2_mean,0.012042492636618864,SI216,1,42
speed_10s_avg_stage5_col2_std_over_mean,0.028907466000463254,SI216,1,42
stage_2_frames,0.013013843933632209,SI216,2,43
stage_3_frames,0.016811505316409143,SI216,2,43
stage_4_frames,0.0034598048717356805,SI216,2,43
stage_5_frames,0.004111443598277704,SI216,2,43
roam_mean,0.015651967868842598,SI216,2,43
roam_std_over_mean,0.10339988056687542,SI216,2,43
roam_early_mean,0.022452823115467868,SI216,2,43
roam_mid_mean,0.014596761052277994,SI216,2,43
roam_late_mean,0.01096112739264869,SI216,2,43
roam_slope,0.01036557822759178,SI216,2,43
speed_1s_rows,0.008318799522429015,SI216,2,43
speed_1s_stage2_rows,0.018154921888665077,SI216,2,43
speed_1s_stage2_col1_mean,0.006642249322552883,SI216,2,43
speed_1s_stage2_col1_std_over_mean,0.03719135532097324,SI216,2,43
speed_1s_stage2_col2_mean,0.007836208077174917,SI216,2,43
speed_1s_stage2_col2_std_over_mean,0.027738803436373038,SI216,2,43
speed_1s_stage3_rows,0.011039219184146371,SI216,2,43
speed_1s_stage3_col1_mean,0.013545758634005528,SI216,2,43
speed_1s_stage3_col1_std_over_mean,0.005748584745978957,SI216,2,43
speed_1s_stage3_col2_mean,0.005674239270310214,SI216,2,43
speed_1s_stage3_col2_std_over_mean,0.041128136780424894,SI216,2,43
speed_1s_stage4_rows,0.008277241413112717,SI216,2,43
speed_1s_stage4_col1_mean,0.0069191228026688764,SI216,2,43
speed_1s_stage4_col1_std_over_mean,0.019399965251576078,SI216,2,43
speed_1s_stage4_col2_mean,0.018055279725263326,SI216,2,43
speed_1s_stage4_col2_std_over_mean,0.09075293914948473,SI216,2,43
speed_1s_stage5_rows,0.0005836902729788966,SI216,2,43
speed_1s_stage5_col1_mean,0.005138876064592751,SI216,2,43
speed_1s_stage5_col1_std_over_mean,0.01693154947281048,SI216,2,43
speed_1s_stage5_col2_mean,0.0060713447314519895,SI216,2,43
speed_1s_stage5_col2_std_over_mean,0.05409043077227288,SI216,2,43
speed_10s_avg_rows,0.00800558740742731,SI216,2,43
speed_10s_avg_stage2_rows,0.01890633468987799,SI216,2,43
speed_10s_avg_stage2_col1_mean,0.005743814644011514,SI216,2,43
speed_10s_avg_stage2_col1_std_over_mean,0.01661304035583883,SI216,2,43
speed_10s_avg_stage2_col2_mean,0.0060565773051777716,SI216,2,43
speed_10s_avg_stage2_col2_std_over_mean,0.10065980497512313,SI216,2,43
speed_10s_avg_stage3_rows,0.009636142513390903,SI216,2,43
speed_10s_avg_stage3_col1_mean,0.011014148715653886,SI216,2,43
speed_10s_avg_stage3_col1_std_over_mean,0.016346221552300345,SI216,2,43
speed_10s_avg_stage3_col2_mean,0.006165637622451716,SI216,2,43
speed_10s_avg_stage3_col2_std_over_mean,0.009690895532915815,SI216,2,43
speed_10s_avg_stage4_rows,0.007485464279244972,SI216,2,43
speed_10s_avg_stage4_col1_mean,0.0076421585576087895,SI216,2,43
speed_10s_avg_stage4_col1_std_over_mean,0.009934159165163539,SI216,2,43
speed_10s_avg_stage4_col2_mean,0.014193709554945278,SI216,2,43
speed_10s_avg_stage4_col2_std_over_mean,0.0450820805129342,SI216,2,43
speed_10s_avg_stage5_rows,0.0015240081547288967,SI216,2,43
speed_10s_avg_stage5_col1_mean,0.003875897926976018,SI216,2,43
speed_10s_avg_stage5_col1_std_over_mean,0.026605003620108893,SI216,2,43
speed_10s_avg_stage5_col2_mean,0.0063109642289725515,SI216,2,43
speed_10s_avg_stage5_col2_std_over_mean,0.04444489690214174,SI216,2,43
stage_2_frames,0.018241730078021535,SI216,3,44
stage_3_frames,0.008462045067981663,SI216,3,44
stage_4_frames,0.008205040212778698,SI216,3,44
stage_5_frames,0.005978033798900197,SI216,3,44
roam_mean,0.03947020062084581,SI216,3,44
roam_std_over_mean,0.061105780141305896,SI216,3,44
roam_early_mean,0.017227211043949857,SI216,3,44
roam_mid_mean,0.015196555463434807,SI216,3,44
roam_late_mean,0.02529180905784044,SI216,3,44
roam_slope,0.012424444643729814,SI216,3,44
speed_1s_rows,0.010710662632778095,SI216,3,44
speed_1s_stage2_rows,0.0088212260168015,SI216,3,44
speed_1s_stage2_col1_mean,0.005879194930279877,SI216,3,44
speed_1s_stage2_col1_std_over_mean,0.015943215963352714,SI216,3,44
speed_1s_stage2_col2_mean,0.014214209571496023,SI216,3,44
speed_1s_stage2_col2_std_over_mean,0.028489343427243956,SI216,3,44
speed_1s_stage3_rows,0.006278165293157863,SI216,3,44
speed_1s_stage3_col1_mean,0.01084211824665893,SI216,3,44
speed_1s_stage3_col1_std_over_mean,0.006376547952065914,SI216,3,44
speed_1s_stage3_col2_mean,0.0064043259522339946,SI216,3,44
speed_1s_stage3_col2_std_over_mean,0.0668038000824318,SI216,3,44
speed_1s_stage4_rows,0.009442213496620926,SI216,3,44
speed_1s_stage4_col1_mean,0.019870841339462056,SI216,3,44
speed_1s_stage4_col1_std_over_mean,0.03175803924634451,SI216,3,44
speed_1s_stage4_col2_mean,0.011688655218746753,SI216,3,44
speed_1s_stage4_col2_std_over_mean,0.06840869653847713,SI216,3,44
speed_1s_stage5_rows,0.0007178742703741437,SI216,3,44
speed_1s_stage5_col1_mean,0.00803075261249239,SI216,3,44
speed_1s_stage5_col1_std_over_mean,0.027021216654591024,SI216,3,44
speed_1s_stage5_col2_mean,0.005000887634837871,SI216,3,44
speed_1s_stage5_col2_std_over_mean,0.1296175353752411,SI216,3,44
speed_10s_avg_rows,0.013365136709540782,SI216,3,44
speed_10s_avg_stage2_rows,0.011302934073635482,SI216,3,44
speed_10s_avg_stage2_col1_mean,0.006205622584619008,SI216,3,44
speed_10s_avg_stage2_col1_std_over_mean,0.012110402325455157,SI216,3,44
speed_10s_avg_stage2_col2_mean,0.01106416188266668,SI216,3,44
speed_10s_avg_stage2_col2_std_over_mean,0.0655981042627531,SI216,3,44
speed_10s_avg_stage3_rows,0.008670539450879882,SI216,3,44
speed_10s_avg_stage3_col1_mean,0.009187280097624345,SI216,3,44
speed_10s_avg_stage3_col1_std_over_mean,0.00986745338107825,SI216,3,44
speed_10s_avg_stage3_col2_mean,0.005908983259389574,SI216,3,44
speed_10s_avg_stage3_col2_std_over_mean,0.013445944358690074,SI216,3,44
speed_10s_avg_stage4_rows,0.008803496428078024,SI216,3,44
speed_10s_avg_stage4_col1_mean,0.016323277830385553,SI216,3,44
speed_10s_avg_stage4_col1_std_over_mean,0.015538333709628524,SI216,3,44
speed_10s_avg_stage4_col2_mean,0.009551920997131735,SI216,3,44
speed_10s_avg_stage4_col2_std_over_mean,0.0242364330470278,SI216,3,44
speed_10s_avg_stage5_rows,0.0014139374533149907,SI216,3,44
speed_10s_avg_stage5_col1_mean,0.007901597216202311,SI216,3,44
speed_10s_avg_stage5_col1_std_over_mean,0.02594857893313018,SI216,3,44
speed_10s_avg_stage5_col2_mean,0.0020204539858673064,SI216,3,44
speed_10s_avg_stage5_col2_std_over_mean,0.017613035428424018,SI216,3,44
stage_2_frames,0.013977518403366054,SI216,4,45
stage_3_frames,0.016377791605629684,SI216,4,45
stage_4_frames,0.010790647992439527,SI216,4,45
stage_5_frames,0.004896398628721043,SI216,4,45
roam_mean,0.03200766630165386,SI216,4,45
roam_std_over_mean,0.053228237620189786,SI216,4,45
roam_early_mean,0.039119914718520325,SI216,4,45
roam_mid_mean,0.011097833656241602,SI216,4,45
roam_late_mean,0.07377431665936024,SI216,4,45
roam_slope,0.013734938277195137,SI216,4,45
speed_1s_rows,0.011644082248953979,SI216,4,45
speed_1s_stage2_rows,0.014281143653594883,SI216,4,45
speed_1s_stage2_col1_mean,0.005297092594429315,SI216,4,45
speed_1s_stage2_col1_std_over_mean,0.017247585772833796,SI216,4,45
speed_1s_stage2_col2_mean,0.0107082072896859,SI216,4,45
speed_1s_stage2_col2_std_over_mean,0.00977091428915595,SI216,4,45
speed_1s_stage3_rows,0.01533067055640556,SI216,4,45
speed_1s_stage3_col1_mean,0.004341749976738211,SI216,4,45
speed_1s_stage3_col1_std_over_mean,0.00919370304512985,SI216,4,45
speed_1s_stage3_col2_mean,0.0088703918722456,SI216,4,45
speed_1s_stage3_col2_std_over_mean,0.03917672821146862,SI216,4,45
speed_1s_stage4_rows,0.0054186911319027056,SI216,4,45
speed_1s_stage4_col1_mean,0.012744970427289495,SI216,4,45
speed_1s_stage4_col1_std_over_mean,0.006143438076685312,SI216,4,45
speed_1s_stage4_col2_mean,0.014977298690818378,SI216,4,45
speed_1s_stage4_col2_std_over_mean,0.028934138173624602,SI216,4,45
speed_1s_stage5_rows,0.00012405711398082755,SI216,4,45
speed_1s_stage5_col1_mean,0.008373888187434548,SI216,4,45
speed_1s_stage5_col1_std_over_mean,0.091500633542001,SI216,4,45
speed_1s_stage5_col2_mean,0.010605302978744477,SI216,4,45
speed_1s_stage5_col2_std_over_mean,0.05712926216782674,SI216,4,45
speed_10s_avg_rows,0.00937890324069327,SI216,4,45
speed_10s_avg_stage2_rows,0.0233393521930225,SI216,4,45
speed_10s_avg_stage2_col1_mean,0.00364489671849814,SI216,4,45
speed_10s_avg_stage2_col1_std_over_mean,0.044369396339168116,SI216,4,45
speed_10s_avg_stage2_col2_mean,0.003936676757123934,SI216,4,45
speed_10s_avg_stage2_col2_std_over_mean,0.08821224530913271,SI216,4,45
speed_10s_avg_stage3_rows,0.011707864344901814,SI216,4,45
speed_10s_avg_stage3_col1_mean,0.006638064213547958,SI216,4,45
speed_10s_avg_stage3_col1_std_over_mean,0.007944849977822964,SI216,4,45
speed_10s_avg_stage3_col2_mean,0.005354542972879017,SI216,4,45
speed_10s_avg_stage3_col2_std_over_mean,0.009208525071667334,SI216,4,45
speed_10s_avg_stage4_rows,0.007231194292527334,SI216,4,45
speed_10s_avg_stage4_col1_mean,0.012919954590006657,SI216,4,45
speed_10s_avg_stage4_col1_std_over_mean,0.006620342327972864,SI216,4,45
speed_10s_avg_stage4_col2_mean,0.01350768157347774,SI216,4,45
speed_10s_avg_stage4_col2_std_over_mean,0.018187765228489125,SI216,4,45
speed_10s_avg_stage5_rows,0.00030563273716730524,SI216,4,45
speed_10s_avg_stage5_col1_mean,0.007948040814321265,SI216,4,45
speed_10s_avg_stage5_col1_std_over_mean,0.04874893376191997,SI216,4,45
speed_10s_avg_stage5_col2_mean,0.010753963264116281,SI216,4,45
speed_10s_avg_stage5_col2_std_over_mean,0.0092219604072765,SI216,4,45
stage_2_frames,0.009349514174009251,SI216,5,46
stage_3_frames,0.007860027921421653,SI216,5,46
stage_4_frames,0.009329933293922383,SI216,5,46
stage_5_frames,0.01015539266969282,SI216,5,46
roam_mean,0.030445853100137543,SI216,5,46
roam_std_over_mean,0.08378032202480887,SI216,5,46
roam_early_mean,0.03298294058931335,SI216,5,46
roam_mid_mean,0.010458696965353951,SI216,5,46
roam_late_mean,0.012271990754756407,SI216,5,46
roam_slope,0.011784521078564198,SI216,5,46
speed_1s_rows,0.00587001427854197,SI216,5,46
speed_1s_stage2_rows,0.007807899193403556,SI216,5,46
speed_1s_stage2_col1_mean,0.00820477602323656,SI216,5,46
speed_1s_stage2_col1_std_over_mean,0.020465911412203358,SI216,5,46
speed_1s_stage2_col2_mean,0.017230409955179434,SI216,5,46
speed_1s_stage2_col2_std_over_mean,0.06452660836362765,SI216,5,46
speed_1s_stage3_rows,0.009207691843603403,SI216,5,46
speed_1s_stage3_col1_mean,0.01720360262948731,SI216,5,46
speed_1s_stage3_col1_std_over_mean,0.011017538238989164,SI216,5,46
speed_1s_stage3_col2_mean,0.01651978408559786,SI216,5,46
speed_1s_stage3_col2_std_over_mean,0.05379599043990512,SI216,5,46
speed_1s_stage4_rows,0.005592867874759418,SI216,5,46
speed_1s_stage4_col1_mean,0.008434167732440488,SI216,5,46
speed_1s_stage4_col1_std_over_mean,0.01364615833358546,SI216,5,46
speed_1s_stage4_col2_mean,0.01747816741713573,SI216,5,46
speed_1s_stage4_col2_std_over_mean,0.025170068508780705,SI216,5,46
speed_1s_stage5_rows,0.0008155998177719781,SI216,5,46
speed_1s_stage5_col1_mean,0.0057266931319908815,SI216,5,46
speed_1s_stage5_col1_std_over_mean,0.07478221989467954,SI216,5,46
speed_1s_stage5_col2_mean,0.009402560410566765,SI216,5,46
speed_1s_stage5_col2_std_over_mean,0.020492643978071014,SI216,5,46
speed_10s_avg_rows,0.007959421257572465,SI216,5,46
speed_10s_avg_stage2_rows,0.010477175099866757,SI216,5,46
speed_10s_avg_stage2_col1_mean,0.004395459662930216,SI216,5,46
speed_10s_avg_stage2_col1_std_over_mean,0.02968657339988545,SI216,5,46
speed_10s_avg_stage2_col2_mean,0.0165681161675444,SI216,5,46
speed_10s_avg_stage2_col2_std_over_mean,0.05262375361966403,SI216,5,46
speed_10s_avg_stage3_rows,0.009072579641957288,SI216,5,46
speed_10s_avg_stage3_col1_mean,0.009567704801170454,SI216,5,46
speed_10s_avg_stage3_col1_std_over_mean,0.015805544124335547,SI216,5,46
speed_10s_avg_stage3_col2_mean,0.02282075551201559,SI216,5,46
speed_10s_avg_stage3_col2_std_over_mean,0.009288541822247724,SI216,5,46
speed_10s_avg_stage4_rows,0.008014514025108123,SI216,5,46
speed_10s_avg_stage4_col1_mean,0.011016511173452741,SI216,5,46
speed_10s_avg_stage4_col1_std_over_mean,0.022116451239272025,SI216,5,46
speed_10s_avg_stage4_col2_mean,0.019638415667997514,SI216,5,46
speed_10s_avg_stage4_col2_std_over_mean,0.0501450234642912,SI216,5,46
speed_10s_avg_stage5_rows,0.0007117644047419308,SI216,5,46
speed_10s_avg_stage5_col1_mean,0.0069230947703809494,SI216,5,46
speed_10s_avg_stage5_col1_std_over_mean,0.035758932942666,SI216,5,46
speed_10s_avg_stage5_col2_mean,0.00872703603704329,SI216,5,46
speed_10s_avg_stage5_col2_std_over_mean,0.016872065030318496,SI216,5,46
stage_2_frames,0.013454848527314513,SI216,6,47
stage_3_frames,0.016916152630453412,SI216,6,47
stage_4_frames,0.005039489588614758,SI216,6,47
stage_5_frames,0.01575054927044953,SI216,6,47
roam_mean,0.03150379160492484,SI216,6,47
roam_std_over_mean,0.01973192040111998,SI216,6,47
roam_early_mean,0.0389505952337993,SI216,6,47
roam_mid_mean,0.019801954559432355,SI216,6,47
roam_late_mean,0.03988208411596204,SI216,6,47
roam_slope,0.01242642475167893,SI216,6,47
speed_1s_rows,0.010360424215658241,SI216,6,47
speed_1s_stage2_rows,0.014024611513163867,SI216,6,47
speed_1s_stage2_col1_mean,0.007886147849421921,SI216,6,47
speed_1s_stage2_col1_std_over_mean,0.025160861775926954,SI216,6,47
speed_1s_stage2_col2_mean,0.012646850806337642,SI216,6,47
speed_1s_stage2_col2_std_over_mean,0.018391179339517616,SI216,6,47
speed_1s_stage3_rows,0.011239446630683563,SI216,6,47
speed_1s_stage3_col1_mean,0.012734937156329527,SI216,6,47
speed_1s_stage3_col1_std_over_mean,0.008799566485142636,SI216,6,47
speed_1s_stage3_col2_mean,0.005269960564752605,SI216,6,47
speed_1s_stage3_col2_std_over_mean,0.0664136268814861,SI216,6,47
speed_1s_stage4_rows,0.01647884802901046,SI216,6,47
speed_1s_stage4_col1_mean,0.015353234608793403,SI216,6,47
speed_1s_stage4_col1_std_over_mean,0.024492905174393762,SI216,6,47
speed_1s_stage4_col2_mean,0.012287634926731905,SI216,6,47
speed_1s_stage4_col2_std_over_mean,0.0650115450386778,SI216,6,47
speed_1s_stage5_rows,0.00023922930649270406,SI216,6,47
speed_1s_stage5_col1_mean,0.004577384177077015,SI216,6,47
speed_1s_stage5_col1_std_over_mean,0.04950977470168511,SI216,6,47
speed_1s_stage5_col2_mean,0.015547278630834216,SI216,6,47
speed_1s_stage5_col2_std_over_mean,0.04957665637798522,SI216,6,47
speed_10s_avg_rows,0.009967420479875238,SI216,6,47
speed_10s_avg_stage2_rows,0.014319870755783653,SI216,6,47
speed_10s_avg_stage2_col1_mean,0.005416095824393028,SI216,6,47
speed_10s_avg_stage2_col1_std_over_mean,0.023866965160887207,SI216,6,47
speed_10s_avg_stage2_col2_mean,0.009435993648441022,SI216,6,47
speed_10s_avg_stage2_col2_std_over_mean,0.022776357724664593,SI216,6,47
speed_10s_avg_stage3_rows,0.009654675986714264,SI216,6,47
speed_10s_avg_stage3_col1_mean,0.018547252807212426,SI216,6,47
speed_10s_avg_stage3_col1_std_over_mean,0.0060416287514714175,SI216,6,47
speed_10s_avg_stage3_col2_mean,0.009856487134686646,SI216,6,47
speed_10s_avg_stage3_col2_std_over_mean,0.017367483380194497,SI216,6,47
speed_10s_avg_stage4_rows,0.01889330537029352,SI216,6,47
speed_10s_avg_stage4_col1_mean,0.011556477988374551,SI216,6,47
speed_10s_avg_stage4_col1_std_over_mean,0.011849635884833008,SI216,6,47
speed_10s_avg_stage4_col2_mean,0.013859479674141546,SI216,6,47
speed_10s_avg_stage4_col2_std_over_mean,0.05676426013771799,SI216,6,47
speed_10s_avg_stage5_rows,0.00052131424128476,SI216,6,47
speed_10s_avg_stage5_col1_mean,0.0026379805965580727,SI216,6,47
speed_10s_avg_stage5_col1_std_over_mean,0.03089045979697047,SI216,6,47
speed_10s_avg_stage5_col2_mean,0.004599938915956544,SI216,6,47
speed_10s_avg_stage5_col2_std_over_mean,0.041717000865693576,SI216,6,47
stage_2_frames,0.012934027817947075,SI216,7,48
stage_3_frames,0.007844841580531092,SI216,7,48
stage_4_frames,0.007110306472271188,SI216,7,48
stage_5_frames,0.00912472425558545,SI216,7,48
roam_mean,0.01849553910269923,SI216,7,48
roam_std_over_mean,0.028181759960812056,SI216,7,48
roam_early_mean,0.0306079062232476,SI216,7,48
roam_mid_mean,0.016933154363227006,SI216,7,48
roam_late_mean,0.014439436253074795,SI216,7,48
roam_slope,0.01622661203383564,SI216,7,48
speed_1s_rows,0.008704895598944605,SI216,7,48
speed_1s_stage2_rows,0.007091058502262444,SI216,7,48
speed_1s_stage2_col1_mean,0.009034183518714517,SI216,7,48
speed_1s_stage2_col1_std_over_mean,0.02532033131136595,SI216,7,48
speed_1s_stage2_col2_mean,0.0050410083065758745,SI216,7,48
speed_1s_stage2_col2_std_over_mean,0.028678671268648478,SI216,7,48
speed_1s_stage3_rows,0.008638602252158534,SI216,7,48
speed_1s_stage3_col1_mean,0.057054920134061375,SI216,7,48
speed_1s_stage3_col1_std_over_mean,0.00885432843210967,SI216,7,48
speed_1s_stage3_col2_mean,0.02121720018608803,SI216,7,48
speed_1s_stage3_col2_std_over_mean,0.08164289593314797,SI216,7,48
speed_1s_stage4_rows,0.009068799795393599,SI216,7,48
speed_1s_stage4_col1_mean,0.015555324461391117,SI216,7,48
speed_1s_stage4_col1_std_over_mean,0.02783857261739804,SI216,7,48
speed_1s_stage4_col2_mean,0.017650379941278844,SI216,7,48
speed_1s_stage4_col2_std_over_mean,0.024584271001755777,SI216,7,48
speed_1s_stage5_rows,0.0006963700388917956,SI216,7,48
speed_1s_stage5_col1_mean,0.006861692114413999,SI216,7,48
speed_1s_stage5_col1_std_over_mean,0.08165320114789447,SI216,7,48
speed_1s_stage5_col2_mean,0.007301490985682863,SI216,7,48
speed_1s_stage5_col2_std_over_mean,0.01687250237971255,SI216,7,48
speed_10s_avg_rows,0.004407365310526572,SI216,7,48
speed_10s_avg_stage2_rows,0.006178540149366076,SI216,7,48
speed_10s_avg_stage2_col1_mean,0.00791868164167879,SI216,7,48
speed_10s_avg_stage2_col1_std_over_mean,0.039599446087355966,SI216,7,48
speed_10s_avg_stage2_col2_mean,0.006137698893200371,SI216,7,48
speed_10s_avg_stage2_col2_std_over_mean,0.061819291479497024,SI216,7,48
speed_10s_avg_stage3_rows,0.010130743536780989,SI216,7,48
speed_10s_avg_stage3_col1_mean,0.05338635956214773,SI216,7,48
speed_10s_avg_stage3_col1_std_over_mean,0.016955671425854843,SI216,7,48
speed_10s_avg_stage3_col2_mean,0.011833606412540535,SI216,7,48
speed_10s_avg_stage3_col2_std_over_mean,0.015904020828284515,SI216,7,48
speed_10s_avg_stage4_rows,0.01033789214970023,SI216,7,48
speed_10s_avg_stage4_col1_mean,0.013068000196168685,SI216,7,48
speed_10s_avg_stage4_col1_std_over_mean,0.023222048307748544,SI216,7,48
speed_10s_avg_stage4_col2_mean,0.01864750048818596,SI216,7,48
speed_10s_avg_stage4_col2_std_over_mean,0.020316617189854263,SI216,7,48
speed_10s_avg_stage5_rows,0.0007630968065377258,SI216,7,48
speed_10s_avg_stage5_col1_mean,0.005035551793446364,SI216,7,48
speed_10s_avg_stage5_col1_std_over_mean,0.02255568941993497,SI216,7,48
speed_10s_avg_stage5_col2_mean,0.006359217433290949,SI216,7,48
speed_10s_avg_stage5_col2_std_over_mean,0.01416395289677708,SI216,7,48
stage_2_frames,0.017581189044236917,SI216,8,49
stage_3_frames,0.011782680770314576,SI216,8,49
stage_4_frames,0.014728162564502734,SI216,8,49
stage_5_frames,0.0043587331436019915,SI216,8,49
roam_mean,0.009099377828504954,SI216,8,49
roam_std_over_mean,0.017722042133090275,SI216,8,49
roam_early_mean,0.03132403257530758,SI216,8,49
roam_mid_mean,0.02224722041177291,SI216,8,49
roam_late_mean,0.03683339532526305,SI216,8,49
roam_slope,0.0074738457139850965,SI216,8,49
speed_1s_rows,0.015958925131062743,SI216,8,49
speed_1s_stage2_rows,0.014379286505955349,SI216,8,49
speed_1s_stage2_col1_mean,0.0070414491090469026,SI216,8,49
speed_1s_stage2_col1_std_over_mean,0.038843269374786216,SI216,8,49
speed_1s_stage2_col2_mean,0.008753122132353046,SI216,8,49
speed_1s_stage2_col2_std_over_mean,0.03583932285817486,SI216,8,49
speed_1s_stage3_rows,0.019217658785314964,SI216,8,49
speed_1s_stage3_col1_mean,0.046272158967629436,SI216,8,49
speed_1s_stage3_col1_std_over_mean,0.007123942647332961,SI216,8,49
speed_1s_stage3_col2_mean,0.0071088361080172795,SI216,8,49
speed_1s_stage3_col2_std_over_mean,0.035954711152900325,SI216,8,49
speed_1s_stage4_rows,0.004913076099256627,SI216,8,49
speed_1s_stage4_col1_mean,0.019142898814362628,SI216,8,49
speed_1s_stage4_col1_std_over_mean,0.024034520172450714,SI216,8,49
speed_1s_stage4_col2_mean,0.016638343265449763,SI216,8,49
speed_1s_stage4_col2_std_over_mean,0.050338128899529905,SI216,8,49
speed_1s_stage5_rows,0.0007432504143203208,SI216,8,49
speed_1s_stage5_col1_mean,0.004090529308794237,SI216,8,49
speed_1s_stage5_col1_std_over_mean,0.0688570528012646,SI216,8,49
speed_1s_stage5_col2_mean,0.012419517569510947,SI216,8,49
speed_1s_stage5_col2_std_over_mean,0.0683525012865076,SI216,8,49
speed_10s_avg_rows,0.015236363208635962,SI216,8,49
speed_10s_avg_stage2_rows,0.013577544675563285,SI216,8,49
speed_10s_avg_stage2_col1_mean,0.005104800536477457,SI216,8,49
speed_10s_avg_stage2_col1_std_over_mean,0.01796475358990796,SI216,8,49
speed_10s_avg_stage2_col2_mean,0.010302713055795946,SI216,8,49
speed_10s_avg_stage2_col2_std_over_mean,0.042109312076626736,SI216,8,49
speed_10s_avg_stage3_rows,0.020617752327251812,SI216,8,49
speed_10s_avg_stage3_col1_mean,0.037893382441697966,SI216,8,49
speed_10s_avg_stage3_col1_std_over_mean,0.008482977210112277,SI216,8,49
speed_10s_avg_stage3_col2_mean,0.008125310706970618,SI216,8,49
speed_10s_avg_stage3_col2_std_over_mean,0.006937831866295567,SI216,8,49
speed_10s_avg_stage4_rows,0.010774199716511728,SI216,8,49
speed_10s_avg_stage4_col1_mean,0.02136482794255988,SI216,8,49
speed_10s_avg_stage4_col1_std_over_mean,0.012579285704188693,SI216,8,49
speed_10s_avg_stage4_col2_mean,0.01983677317062612,SI216,8,49
speed_10s_avg_stage4_col2_std_over_mean,0.01828237986205521,SI216,8,49
speed_10s_avg_stage5_rows,0.0009305627859062788,SI216,8,49
speed_10s_avg_stage5_col1_mean,0.0076955061306536385,SI216,8,49
speed_10s_avg_stage5_col1_std_over_mean,0.02013102603768181,SI216,8,49
speed_10s_avg_stage5_col2_mean,0.007618124468776085,SI216,8,49
speed_10s_avg_stage5_col2_std_over_mean,0.015261391571103457,SI216,8,49
stage_2_frames,0.011476705594845746,SI216,9,50
stage_3_frames,0.0070250511815353085,SI216,9,50
stage_4_frames,0.012964356703666887,SI216,9,50
stage_5_frames,0.015978521609723323,SI216,9,50
roam_mean,0.03334065514126915,SI216,9,50
roam_std_over_mean,0.03597305879793942,SI216,9,50
roam_early_mean,0.02363881818167087,SI216,9,50
roam_mid_mean,0.019484657521255187,SI216,9,50
roam_late_mean,0.03226022882720779,SI216,9,50
roam_slope,0.0054980165898848,SI216,9,50
speed_1s_rows,0.010042718442629394,SI216,9,50
speed_1s_stage2_rows,0.007480947505884849,SI216,9,50
speed_1s_stage2_col1_mean,0.005971336095528263,SI216,9,50
speed_1s_stage2_col1_std_over_mean,0.013310783737605143,SI216,9,50
speed_1s_stage2_col2_mean,0.007952164265922526,SI216,9,50
speed_1s_stage2_col2_std_over_mean,0.03397547645887857,SI216,9,50
speed_1s_stage3_rows,0.012749446004109273,SI216,9,50
speed_1s_stage3_col1_mean,0.02375514346590361,SI216,9,50
speed_1s_stage3_col1_std_over_mean,0.010046949867003531,SI216,9,50
speed_1s_stage3_col2_mean,0.018307648659594566,SI216,9,50
speed_1s_stage3_col2_std_over_mean,0.055493893222578014,SI216,9,50
speed_1s_stage4_rows,0.016032290338998993,SI216,9,50
speed_1s_stage4_col1_mean,0.016227360913312668,SI216,9,50
speed_1s_stage4_col1_std_over_mean,0.029078533664577074,SI216,9,50
speed_1s_stage4_col2_mean,0.016675030600346627,SI216,9,50
speed_1s_stage4_col2_std_over_mean,0.026971598618863345,SI216,9,50
speed_1s_stage5_rows,0.0004565202868505346,SI216,9,50
speed_1s_stage5_col1_mean,0.004412106336083014,SI216,9,50
speed_1s_stage5_col1_std_over_mean,0.05422534279891071,SI216,9,50
speed_1s_stage5_col2_mean,0.016916092382732395,SI216,9,50
speed_1s_stage5_col2_std_over_mean,0.02898073102400145,SI216,9,50
speed_10s_avg_rows,0.008731703465833778,SI216,9,50
speed_10s_avg_stage2_rows,0.010241292648679309,SI216,9,50
speed_10s_avg_stage2_col1_mean,0.008171599985854951,SI216,9,50
speed_10s_avg_stage2_col1_std_over_mean,0.028435994677586507,SI216,9,50
speed_10s_avg_stage2_col2_mean,0.011166624582335173,SI216,9,50
speed_10s_avg_stage2_col2_std_over_mean,0.06553713358842615,SI216,9,50
speed_10s_avg_stage3_rows,0.008407280233319731,SI216,9,50
speed_10s_avg_stage3_col1_mean,0.03748521414527062,SI216,9,50
speed_10s_avg_stage3_col1_std_over_mean,0.012987661203497317,SI216,9,50
speed_10s_avg_stage3_col2_mean,0.013405977854107253,SI216,9,50
speed_10s_avg_stage3_col2_std_over_mean,0.012198464058099547,SI216,9,50
speed_10s_avg_stage4_rows,0.013267175115308056,SI216,9,50
speed_10s_avg_stage4_col1_mean,0.014440136108836122,SI216,9,50
speed_10s_avg_stage4_col1_std_over_mean,0.04699805644385598,SI216,9,50
speed_10s_avg_stage4_col2_mean,0.016130047243460788,SI216,9,50
speed_10s_avg_stage4_col2_std_over_mean,0.031784165255805984,SI216,9,50
speed_10s_avg_stage5_rows,0.0001231867162824276,SI216,9,50
speed_10s_avg_stage5_col1_mean,0.006347169031180864,SI216,9,50
speed_10s_avg_stage5_col1_std_over_mean,0.02994382506576029,SI216,9,50
speed_10s_avg_stage5_col2_mean,0.005015758152155575,SI216,9,50
speed_10s_avg_stage5_col2_std_over_mean,0.012479349585030492,SI216,9,50
stage_2_frames,0.009555228399384651,SI216,10,51
stage_3_frames,0.011408610408259957,SI216,10,51
stage_4_frames,0.015664632592953354,SI216,10,51
stage_5_frames,0.005070284516668124,SI216,10,51
roam_mean,0.013884642465381318,SI216,10,51
roam_std_over_mean,0.06993199221030738,SI216,10,51
roam_early_mean,0.014628545852126666,SI216,10,51
roam_mid_mean,0.03889312399290522,SI216,10,51
roam_late_mean,0.03200851629476116,SI216,10,51
roam_slope,0.007963297181986273,SI216,10,51
speed_1s_rows,0.008390711509029139,SI216,10,51
speed_1s_stage2_rows,0.010349318136534492,SI216,10,51
speed_1s_stage2_col1_mean,0.003654186361683821,SI216,10,51
speed_1s_stage2_col1_std_over_mean,0.023103471749997315,SI216,10,51
speed_1s_stage2_col2_mean,0.010760167215545811,SI216,10,51
speed_1s_stage2_col2_std_over_mean,0.019876227643645057,SI216,10,51
speed_1s_stage3_rows,0.013597323826465469,SI216,10,51
speed_1s_stage3_col1_mean,0.017841358780143462,SI216,10,51
speed_1s_stage3_col1_std_over_mean,0.004524364322974611,SI216,10,51
speed_1s_stage3_col2_mean,0.017354454836871477,SI216,10,51
speed_1s_stage3_col2_std_over_mean,0.028456915837899034,SI216,10,51
speed_1s_stage4_rows,0.004939950519751863,SI216,10,51
speed_1s_stage4_col1_mean,0.012998652642527834,SI216,10,51
speed_1s_stage4_col1_std_over_mean,0.021616425449574733,SI216,10,51
speed_1s_stage4_col2_mean,0.023926101826580597,SI216,10,51
speed_1s_stage4_col2_std_over_mean,0.047114678412692866,SI216,10,51
speed_1s_stage5_rows,0.00034970256866923434,SI216,10,51
speed_1s_stage5_col1_mean,0.007870111454916272,SI216,10,51
speed_1s_stage5_col1_std_over_mean,0.045545844625251505,SI216,10,51
speed_1s_stage5_col2_mean,0.01997727821894364,SI216,10,51
speed_1s_stage5_col2_std_over_mean,0.10818094288025636,SI216,10,51
speed_10s_avg_rows,0.010623727536686887,SI216,10,51
speed_10s_avg_stage2_rows,0.012713816546741407,SI216,10,51
speed_10s_avg_stage2_col1_mean,0.004879524625696357,SI216,10,51
speed_10s_avg_stage2_col1_std_over_mean,0.02215642674169263,SI216,10,51
speed_10s_avg_stage2_col2_mean,0.012717064295440407,SI216,10,51
speed_10s_avg_stage2_col2_std_over_mean,0.022334937332580837,SI216,10,51
speed_10s_avg_stage3_rows,0.018030958678890773,SI216,10,51
speed_10s_avg_stage3_col1_mean,0.01605828659824957,SI216,10,51
speed_10s_avg_stage3_col1_std_over_mean,0.011928633644388878,SI216,10,51
speed_10s_avg_stage3_col2_mean,0.014729737825041953,SI216,10,51
speed_10s_avg_stage3_col2_std_over_mean,0.01084992338075273,SI216,10,51
speed_10s_avg_stage4_rows,0.0044473625159089005,SI216,10,51
speed_10s_avg_stage4_col1_mean,0.011434509353156232,SI216,10,51
speed_10s_avg_stage4_col1_std_over_mean,0.013250567081146197,SI216,10,51
speed_10s_avg_stage4_col2_mean,0.02929522093326185,SI216,10,51
speed_10s_avg_stage4_col2_std_over_mean,0.02851569774387925,SI216,10,51
speed_10s_avg_stage5_rows,0.000709152291685688,SI216,10,51
speed_10s_avg_stage5_col1_mean,0.011654770085708095,SI216,10,51
speed_10s_avg_stage5_col1_std_over_mean,0.03696785225690239,SI216,10,51
speed_10s_avg_stage5_col2_mean,0.02898588776208078,SI216,10,51
speed_10s_avg_stage5_col2_std_over_mean,0.008278880035419356,SI216,10,51
stage_2_frames,0.042266420759820275,SI216,11,52
stage_3_frames,0.015037344903056258,SI216,11,52
stage_4_frames,0.011077549501899204,SI216,11,52
stage_5_frames,0.008453150276487909,SI216,11,52
roam_mean,0.0742105505036975,SI216,11,52
roam_std_over_mean,0.07547927211126179,SI216,11,52
roam_early_mean,0.0193599861189769,SI216,11,52
roam_mid_mean,0.01991201084215385,SI216,11,52
roam_late_mean,0.006295623915834434,SI216,11,52
roam_slope,0.010372340512100148,SI216,11,52
speed_1s_rows,0.01719712312059376,SI216,11,52
speed_1s_stage2_rows,0.01202895475532135,SI216,11,52
speed_1s_stage2_col1_mean,0.011097024424185992,SI216,11,52
speed_1s_stage2_col1_std_over_mean,0.018289604224020983,SI216,11,52
speed_1s_stage2_col2_mean,0.007389660882437168,SI216,11,52
speed_1s_stage2_col2_std_over_mean,0.009224620654683198,SI216,11,52
speed_1s_stage3_rows,0.010048461827768555,SI216,11,52
speed_1s_stage3_col1_mean,0.011822102094026956,SI216,11,52
speed_1s_stage3_col1_std_over_mean,0.010984189062282186,SI216,11,52
speed_1s_stage3_col2_mean,0.007829953840019614,SI216,11,52
speed_1s_stage3_col2_std_over_mean,0.026528182067625434,SI216,11,52
speed_1s_stage4_rows,0.010003009938122153,SI216,11,52
speed_1s_stage4_col1_mean,0.012668639143349368,SI216,11,52
speed_1s_stage4_col1_std_over_mean,0.01662763342602538,SI216,11,52
speed_1s_stage4_col2_mean,0.017821571289299197,SI216,11,52
speed_1s_stage4_col2_std_over_mean,0.015662278956759108,SI216,11,52
speed_1s_stage5_rows,0.0007159195191250922,SI216,11,52
speed_1s_stage5_col1_mean,0.006897822191225128,SI216,11,52
speed_1s_stage5_col1_std_over_mean,0.04967538303978534,SI216,11,52
speed_1s_stage5_col2_mean,0.006294363508934832,SI216,11,52
speed_1s_stage5_col2_std_over_mean,0.026285687398527997,SI216,11,52
speed_10s_avg_rows,0.013722543282878157,SI216,11,52
speed_10s_avg_stage2_rows,0.008230257184167925,SI216,11,52
speed_10s_avg_stage2_col1_mean,0.009253923730742514,SI216,11,52
speed_10s_avg_stage2_col1_std_over_mean,0.051089903090131304,SI216,11,52
speed_10s_avg_stage2_col2_mean,0.010052917780547304,SI216,11,52
speed_10s_avg_stage2_col2_std_over_mean,0.07509115047314263,SI216,11,52
speed_10s_avg_stage3_rows,0.009733188961521049,SI216,11,52
speed_10s_avg_stage3_col1_mean,0.011847570114792634,SI216,11,52
speed_10s_avg_stage3_col1_std_over_mean,0.02298938238466256,SI216,11,52
speed_10s_avg_stage3_col2_mean,0.00818446069441661,SI216,11,52
speed_10s_avg_stage3_col2_std_over_mean,0.013619722815348366,SI216,11,52
speed_10s_avg_stage4_rows,0.008239108197633658,SI216,11,52
speed_10s_avg_stage4_col1_mean,0.011092295677774184,SI216,11,52
speed_10s_avg_stage4_col1_std_over_mean,0.024168385930340857,SI216,11,52
speed_10s_avg_stage4_col2_mean,0.025359595726544552,SI216,11,52
speed_10s_avg_stage4_col2_std_over_mean,0.020424653586982807,SI216,11,52
speed_10s_avg_stage5_rows,0.0008650925736501167,SI216,11,52
speed_10s_avg_stage5_col1_mean,0.010119795415846993,SI216,11,52
speed_10s_avg_stage5_col1_std_over_mean,0.02117515975911184,SI216,11,52
speed_10s_avg_stage5_col2_mean,0.019390111324348903,SI216,11,52
speed_10s_avg_stage5_col2_std_over_mean,0.037794346486008025,SI216,11,52
stage_2_frames,0.011872336735984099,SI216,12,53
stage_3_frames,0.004947231172383393,SI216,12,53
stage_4_frames,0.004585803085003573,SI216,12,53
stage_5_frames,0.007149640268114105,SI216,12,53
roam_mean,0.03202581164926514,SI216,12,53
roam_std_over_mean,0.08554137964808972,SI216,12,53
roam_early_mean,0.018049356293948098,SI216,12,53
roam_mid_mean,0.024205048750045182,SI216,12,53
roam_late_mean,0.034974973430854615,SI216,12,53
roam_slope,0.008841276180152319,SI216,12,53
speed_1s_rows,0.0069478020592054785,SI216,12,53
speed_1s_stage2_rows,0.006815964846356152,SI216,12,53
speed_1s_stage2_col1_mean,0.006840476305058628,SI216,12,53
speed_1s_stage2_col1_std_over_mean,0.039601925310551775,SI216,12,53
speed_1s_stage2_col2_mean,0.006749821762956534,SI216,12,53
speed_1s_stage2_col2_std_over_mean,0.0460875141377208,SI216,12,53
speed_1s_stage3_rows,0.0065828862698889155,SI216,12,53
speed_1s_stage3_col1_mean,0.022276591697747056,SI216,12,53
speed_1s_stage3_col1_std_over_mean,0.004569328541535608,SI216,12,53
speed_1s_stage3_col2_mean,0.01127259429711441,SI216,12,53
speed_1s_stage3_col2_std_over_mean,0.050590851262071704,SI216,12,53
speed_1s_stage4_rows,0.006553741250834986,SI216,12,53
speed_1s_stage4_col1_mean,0.012503882635812386,SI216,12,53
speed_1s_stage4_col1_std_over_mean,0.04373484795096317,SI216,12,53
speed_1s_stage4_col2_mean,0.01218721828487769,SI216,12,53
speed_1s_stage4_col2_std_over_mean,0.03079849053309938,SI216,12,53
speed_1s_stage5_rows,0.0015849228968427057,SI216,12,53
speed_1s_stage5_col1_mean,0.0031554181322382096,SI216,12,53
speed_1s_stage5_col1_std_over_mean,0.08053521404999181,SI216,12,53
speed_1s_stage5_col2_mean,0.008124169205901883,SI216,12,53
speed_1s_stage5_col2_std_over_mean,0.020459777683516388,SI216,12,53
speed_10s_avg_rows,0.010534046458706963,SI216,12,53
speed_10s_avg_stage2_rows,0.0066194608007108585,SI216,12,53
speed_10s_avg_stage2_col1_mean,0.0055373030665731415,SI216,12,53
speed_10s_avg_stage2_col1_std_over_mean,0.038913545062440665,SI216,12,53
speed_10s_avg_stage2_col2_mean,0.005601904588924867,SI216,12,53
speed_10s_avg_stage2_col2_std_over_mean,0.04024360873641177,SI216,12,53
speed_10s_avg_stage3_rows,0.00565849539748001,SI216,12,53
speed_10s_avg_stage3_col1_mean,0.028905548012848267,SI216,12,53
speed_10s_avg_stage3_col1_std_over_mean,0.017530546793836716,SI216,12,53
speed_10s_avg_stage3_col2_mean,0.010992714145188648,SI216,12,53
speed_10s_avg_stage3_col2_std_over_mean,0.011824546861307437,SI216,12,53
speed_10s_avg_stage4_rows,0.007710211543358552,SI216,12,53
speed_10s_avg_stage4_col1_mean,0.014177260785593783,SI216,12,53
speed_10s_avg_stage4_col1_std_over_mean,0.02482191375789388,SI216,12,53
speed_10s_avg_stage4_col2_mean,0.01157493584924143,SI216,12,53
speed_10s_avg_stage4_col2_std_over_mean,0.02073255474479708,SI216,12,53
speed_10s_avg_stage5_rows,0.0015788470532432377,SI216,12,53
speed_10s_avg_stage5_col1_mean,0.002892240301986763,SI216,12,53
speed_10s_avg_stage5_col1_std_over_mean,0.04982275107433471,SI216,12,53
speed_10s_avg_stage5_col2_mean,0.010846737938986478,SI216,12,53
speed_10s_avg_stage5_col2_std_over_mean,0.013314530698008639,SI216,12,53
stage_2_frames,0.012029421592755144,SI216,13,54
stage_3_frames,0.01140125350303316,SI216,13,54
stage_4_frames,0.03086978255162317,SI216,13,54
stage_5_frames,0.010126774759883094,SI216,13,54
roam_mean,0.015470110400347488,SI216,13,54
roam_std_over_mean,0.05163921729269814,SI216,13,54
roam_early_mean,0.022037828684709725,SI216,13,54
roam_mid_mean,0.011371779713323154,SI216,13,54
roam_late_mean,0.05247008296538369,SI216,13,54
roam_slope,0.008295209085124104,SI216,13,54
speed_1s_rows,0.009370816665180274,SI216,13,54
speed_1s_stage2_rows,0.013236235544680359,SI216,13,54
speed_1s_stage2_col1_mean,0.007555370805155436,SI216,13,54
speed_1s_stage2_col1_std_over_mean,0.01400820250181327,SI216,13,54
speed_1s_stage2_col2_mean,0.00772832948177786,SI216,13,54
speed_1s_stage2_col2_std_over_mean,0.03413517358419325,SI216,13,54
speed_1s_stage3_rows,0.017918615905600115,SI216,13,54
speed_1s_stage3_col1_mean,0.013375571648550345,SI216,13,54
speed_1s_stage3_col1_std_over_mean,0.010267365412096842,SI216,13,54
speed_1s_stage3_col2_mean,0.02365559940249244,SI216,13,54
speed_1s_stage3_col2_std_over_mean,0.042277853278679285,SI216,13,54
speed_1s_stage4_rows,0.008626938577626255,SI216,13,54
speed_1s_stage4_col1_mean,0.02382265707518546,SI216,13,54
speed_1s_stage4_col1_std_over_mean,0.021600175560032558,SI216,13,54
speed_1s_stage4_col2_mean,0.019217687454204064,SI216,13,54
speed_1s_stage4_col2_std_over_mean,0.014441244548485915,SI216,13,54
speed_1s_stage5_rows,0.0,SI216,13,54
speed_1s_stage5_col1_mean,0.008230796461225813,SI216,13,54
speed_1s_stage5_col1_std_over_mean,0.03757242189224675,SI216,13,54
speed_1s_stage5_col2_mean,0.0131755187308203,SI216,13,54
speed_1s_stage5_col2_std_over_mean,0.06628051295682637,SI216,13,54
speed_10s_avg_rows,0.00949962077508559,SI216,13,54
speed_10s_avg_stage2_rows,0.012778643136103588,SI216,13,54
speed_10s_avg_stage2_col1_mean,0.007019200792642494,SI216,13,54
speed_10s_avg_stage2_col1_std_over_mean,0.034901332954765954,SI216,13,54
speed_10s_avg_stage2_col2_mean,0.010327180597384944,SI216,13,54
speed_10s_avg_stage2_col2_std_over_mean,0.05951589808939403,SI216,13,54
speed_10s_avg_stage3_rows,0.020541210111250964,SI216,13,54
speed_10s_avg_stage3_col1_mean,0.018685140834524498,SI216,13,54
speed_10s_avg_stage3_col1_std_over_mean,0.008533568489902684,SI216,13,54
speed_10s_avg_stage3_col2_mean,0.010211147713006024,SI216,13,54
speed_10s_avg_stage3_col2_std_over_mean,0.010497350442652733,SI216,13,54
speed_10s_avg_stage4_rows,0.006412254491607951,SI216,13,54
speed_10s_avg_stage4_col1_mean,0.022099321625372922,SI216,13,54
speed_10s_avg_stage4_col1_std_over_mean,0.017230990503071784,SI216,13,54
speed_10s_avg_stage4_col2_mean,0.017250446901131644,SI216,13,54
speed_10s_avg_stage4_col2_std_over_mean,0.01522723655919271,SI216,13,54
speed_10s_avg_stage5_rows,2.1850759313886147e-05,SI216,13,54
speed_10s_avg_stage5_col1_mean,0.012462544201311519,SI216,13,54
speed_10s_avg_stage5_col1_std_over_mean,0.03896982761674769,SI216,13,54
speed_10s_avg_stage5_col2_mean,0.009602562831234887,SI216,13,54
speed_10s_avg_stage5_col2_std_over_mean,0.02600412253854766,SI216,13,54
stage_2_frames,0.014537026807998586,SI216,14,55
stage_3_frames,0.004252264598926344,SI216,14,55
stage_4_frames,0.006549821374531756,SI216,14,55
stage_5_frames,0.0062435338845107475,SI216,14,55
roam_mean,0.019015613737700016,SI216,14,55
roam_std_over_mean,0.09761526948862859,SI216,14,55
roam_early_mean,0.03212534165049783,SI216,14,55
roam_mid_mean,0.009824997703508207,SI216,14,55
roam_late_mean,0.011914577380374481,SI216,14,55
roam_slope,0.01609557360453822,SI216,14,55
speed_1s_rows,0.007916473419672766,SI216,14,55
speed_1s_stage2_rows,0.005467736320268953,SI216,14,55
speed_1s_stage2_col1_mean,0.004425452820506899,SI216,14,55
speed_1s_stage2_col1_std_over_mean,0.025132318946439844,SI216,14,55
speed_1s_stage2_col2_mean,0.006860763744381866,SI216,14,55
speed_1s_stage2_col2_std_over_mean,0.07332455128964693,SI216,14,55
speed_1s_stage3_rows,0.006067968517648787,SI216,14,55
speed_1s_stage3_col1_mean,0.011875994394663747,SI216,14,55
speed_1s_stage3_col1_std_over_mean,0.008021608408321067,SI216,14,55
speed_1s_stage3_col2_mean,0.022557565256751514,SI216,14,55
speed_1s_stage3_col2_std_over_mean,0.06887586669424352,SI216,14,55
speed_1s_stage4_rows,0.0033918483775202206,SI216,14,55
speed_1s_stage4_col1_mean,0.010464884928099475,SI216,14,55
speed_1s_stage4_col1_std_over_mean,0.0422771104251288,SI216,14,55
speed_1s_stage4_col2_mean,0.013120928211512162,SI216,14,55
speed_1s_stage4_col2_std_over_mean,0.020603679575235335,SI216,14,55
speed_1s_stage5_rows,0.0030902016999126798,SI216,14,55
speed_1s_stage5_col1_mean,0.00430816774317752,SI216,14,55
speed_1s_stage5_col1_std_over_mean,0.11291506923978176,SI216,14,55
speed_1s_stage5_col2_mean,0.003520635107936549,SI216,14,55
speed_1s_stage5_col2_std_over_mean,0.02342350579968186,SI216,14,55
speed_10s_avg_rows,0.004308524904175869,SI216,14,55
speed_10s_avg_stage2_rows,0.006496403877300485,SI216,14,55
speed_10s_avg_stage2_col1_mean,0.003912430078710377,SI216,14,55
speed_10s_avg_stage2_col1_std_over_mean,0.01771510300979954,SI216,14,55
speed_10s_avg_stage2_col2_mean,0.007119860956193482,SI216,14,55
speed_10s_avg_stage2_col2_std_over_mean,0.03729892325440611,SI216,14,55
speed_10s_avg_stage3_rows,0.005422110941787207,SI216,14,55
speed_10s_avg_stage3_col1_mean,0.0141132015643384,SI216,14,55
speed_10s_avg_stage3_col1_std_over_mean,0.010796553894431803,SI216,14,55
speed_10s_avg_stage3_col2_mean,0.017768250390503445,SI216,14,55
speed_10s_avg_stage3_col2_std_over_mean,0.013817686561059158,SI216,14,55
speed_10s_avg_stage4_rows,0.005520665137846653,SI216,14,55
speed_10s_avg_stage4_col1_mean,0.012630603913371107,SI216,14,55
speed_10s_avg_stage4_col1_std_over_mean,0.04764845147669051,SI216,14,55
speed_10s_avg_stage4_col2_mean,0.015476332484063736,SI216,14,55
speed_10s_avg_stage4_col2_std_over_mean,0.033571167946565936,SI216,14,55
speed_10s_avg_stage5_rows,0.0026007456832708785,SI216,14,55
speed_10s_avg_stage5_col1_mean,0.003306856313841657,SI216,14,55
speed_10s_avg_stage5_col1_std_over_mean,0.025952251469144694,SI216,14,55
speed_10s_avg_stage5_col2_mean,0.0054664779918527605,SI216,14,55
speed_10s_avg_stage5_col2_std_over_mean,0.013241046998899187,SI216,14,55
stage_2_frames,0.01709398166961884,SI216,15,56
stage_3_frames,0.01347798551194997,SI216,15,56
stage_4_frames,0.010057262007772162,SI216,15,56
stage_5_frames,0.010898442341843388,SI216,15,56
roam_mean,0.03291153864334851,SI216,15,56
roam_std_over_mean,0.04456930585807085,SI216,15,56
roam_early_mean,0.025699531607302605,SI216,15,56
roam_mid_mean,0.0061567621320873294,SI216,15,56
roam_late_mean,0.040381888137606126,SI216,15,56
roam_slope,0.006404419904140111,SI216,15,56
speed_1s_rows,0.0060688982515941636,SI216,15,56
speed_1s_stage2_rows,0.013269438234505493,SI216,15,56
speed_1s_stage2_col1_mean,0.007386561860068558,SI216,15,56
speed_1s_stage2_col1_std_over_mean,0.02387576859860346,SI216,15,56
speed_1s_stage2_col2_mean,0.011302238294528614,SI216,15,56
speed_1s_stage2_col2_std_over_mean,0.06260435889741166,SI216,15,56
speed_1s_stage3_rows,0.01061188737263607,SI216,15,56
speed_1s_stage3_col1_mean,0.0159356097086779,SI216,15,56
speed_1s_stage3_col1_std_over_mean,0.008981653805258458,SI216,15,56
speed_1s_stage3_col2_mean,0.013759464781635552,SI216,15,56
speed_1s_stage3_col2_std_over_mean,0.03245204795358805,SI216,15,56
speed_1s_stage4_rows,0.00629385027384611,SI216,15,56
speed_1s_stage4_col1_mean,0.019043894939462673,SI216,15,56
speed_1s_stage4_col1_std_over_mean,0.011107368431630406,SI216,15,56
speed_1s_stage4_col2_mean,0.017107666930050187,SI216,15,56
speed_1s_stage4_col2_std_over_mean,0.058223415063818784,SI216,15,56
speed_1s_stage5_rows,0.0009657544416112579,SI216,15,56
speed_1s_stage5_col1_mean,0.004485093417625025,SI216,15,56
speed_1s_stage5_col1_std_over_mean,0.08647415062574576,SI216,15,56
speed_1s_stage5_col2_mean,0.0060330479783918325,SI216,15,56
speed_1s_stage5_col2_std_over_mean,0.04135012711327912,SI216,15,56
speed_10s_avg_rows,0.005709154392413199,SI216,15,56
speed_10s_avg_stage2_rows,0.008972121827364173,SI216,15,56
speed_10s_avg_stage2_col1_mean,0.011696671395354593,SI216,15,56
speed_10s_avg_stage2_col1_std_over_mean,0.04353960235524518,SI216,15,56
speed_10s_avg_stage2_col2_mean,0.01406500235502352,SI216,15,56
speed_10s_avg_stage2_col2_std_over_mean,0.03612311492537619,SI216,15,56
speed_10s_avg_stage3_rows,0.006585692637334406,SI216,15,56
speed_10s_avg_stage3_col1_mean,0.015601774901386551,SI216,15,56
speed_10s_avg_stage3_col1_std_over_mean,0.016751394573457812,SI216,15,56
speed_10s_avg_stage3_col2_mean,0.009990640861398841,SI216,15,56
speed_10s_avg_stage3_col2_std_over_mean,0.01178407048050275,SI216,15,56
speed_10s_avg_stage4_rows,0.011253824238868382,SI216,15,56
speed_10s_avg_stage4_col1_mean,0.015808960226046,SI216,15,56
speed_10s_avg_stage4_col1_std_over_mean,0.013782895776035833,SI216,15,56
speed_10s_avg_stage4_col2_mean,0.01684703144663647,SI216,15,56
speed_10s_avg_stage4_col2_std_over_mean,0.016212443450473023,SI216,15,56
speed_10s_avg_stage5_rows,0.000312001486920861,SI216,15,56
speed_10s_avg_stage5_col1_mean,0.0063477856402358165,SI216,15,56
speed_10s_avg_stage5_col1_std_over_mean,0.029164942742376236,SI216,15,56
speed_10s_avg_stage5_col2_mean,0.00498337630656009,SI216,15,56
speed_10s_avg_stage5_col2_std_over_mean,0.039484083193281096,SI216,15,56
stage_2_frames,0.01636593831144335,SI216,16,57
stage_3_frames,0.023259444722823625,SI216,16,57
stage_4_frames,0.012988233857219342,SI216,16,57
stage_5_frames,0.0034679702414334226,SI216,16,57
roam_mean,0.04195143476563499,SI216,16,57
roam_std_over_mean,0.04034798224117979,SI216,16,57
roam_early_mean,0.07289931131570278,SI216,16,57
roam_mid_mean,0.007469893090546,SI216,16,57
roam_late_mean,0.018203237627426323,SI216,16,57
roam_slope,0.021936171594690756,SI216,16,57
speed_1s_rows,0.010710005904676478,SI216,16,57
speed_1s_stage2_rows,0.012538185192421974,SI216,16,57
speed_1s_stage2_col1_mean,0.0038368414553969833,SI216,16,57
speed_1s_stage2_col1_std_over_mean,0.028583370179731882,SI216,16,57
speed_1s_stage2_col2_mean,0.010433800310611297,SI216,16,57
speed_1s_stage2_col2_std_over_mean,0.018499723010586486,SI216,16,57
speed_1s_stage3_rows,0.012274584820568674,SI216,16,57
speed_1s_stage3_col1_mean,0.013771530360038604,SI216,16,57
speed_1s_stage3_col1_std_over_mean,0.013458202323273787,SI216,16,57
speed_1s_stage3_col2_mean,0.013919296432705237,SI216,16,57
speed_1s_stage3_col2_std_over_mean,0.04461186889573557,SI216,16,57
speed_1s_stage4_rows,0.0032803055059950886,SI216,16,57
speed_1s_stage4_col1_mean,0.011386956835984867,SI216,16,57
speed_1s_stage4_col1_std_over_mean,0.015245356931603294,SI216,16,57
speed_1s_stage4_col2_mean,0.036293398782032145,SI216,16,57
speed_1s_stage4_col2_std_over_mean,0.02894909365984111,SI216,16,57
speed_1s_stage5_rows,0.00012073078525012011,SI216,16,57
speed_1s_stage5_col1_mean,0.005851492889642138,SI216,16,57
speed_1s_stage5_col1_std_over_mean,0.08134939421685854,SI216,16,57
speed_1s_stage5_col2_mean,0.004261374554105913,SI216,16,57
speed_1s_stage5_col2_std_over_mean,0.014539482966612822,SI216,16,57
speed_10s_avg_rows,0.006765923944389071,SI216,16,57
speed_10s_avg_stage2_rows,0.009298990032003377,SI216,16,57
speed_10s_avg_stage2_col1_mean,0.0040535321731853076,SI216,16,57
speed_10s_avg_stage2_col1_std_over_mean,0.08181932086891701,SI216,16,57
speed_10s_avg_stage2_col2_mean,0.007650245611117128,SI216,16,57
speed_10s_avg_stage2_col2_std_over_mean,0.029863362872190546,SI216,16,57
speed_10s_avg_stage3_rows,0.01278875353262914,SI216,16,57
speed_10s_avg_stage3_col1_mean,0.017196270306340612,SI216,16,57
speed_10s_avg_stage3_col1_std_over_mean,0.01255084204393863,SI216,16,57
speed_10s_avg_stage3_col2_mean,0.008241879186534528,SI216,16,57
speed_10s_avg_stage3_col2_std_over_mean,0.0177401175458559,SI216,16,57
speed_10s_avg_stage4_rows,0.005409592735409121,SI216,16,57
speed_10s_avg_stage4_col1_mean,0.0092805388148473,SI216,16,57
speed_10s_avg_stage4_col1_std_over_mean,0.02026231709239158,SI216,16,57
speed_10s_avg_stage4_col2_mean,0.052127479699533685,SI216,16,57
speed_10s_avg_stage4_col2_std_over_mean,0.020341563076756775,SI216,16,57
speed_10s_avg_stage5_rows,0.00027520867802794606,SI216,16,57
speed_10s_avg_stage5_col1_mean,0.00612876588767832,SI216,16,57
speed_10s_avg_stage5_col1_std_over_mean,0.02542126598027818,SI216,16,57
speed_10s_avg_stage5_col2_mean,0.003964506871052541,SI216,16,57
speed_10s_avg_stage5_col2_std_over_mean,0.006014909265150073,SI216,16,57
stage_2_frames,0.011999400257177209,SI216,17,58
stage_3_frames,0.010247311889792996,SI216,17,58
stage_4_frames,0.013287775395253613,SI216,17,58
stage_5_frames,0.0063841203894844,SI216,17,58
roam_mean,0.0322349497180217,SI216,17,58
roam_std_over_mean,0.03677661962776304,SI216,17,58
roam_early_mean,0.035922134865360465,SI216,17,58
roam_mid_mean,0.006429136906628516,SI216,17,58
roam_late_mean,0.027658480393246976,SI216,17,58
roam_slope,0.01142311498406225,SI216,17,58
speed_1s_rows,0.00971785827533339,SI216,17,58
speed_1s_stage2_rows,0.011723712760980384,SI216,17,58
speed_1s_stage2_col1_mean,0.005271621075641209,SI216,17,58
speed_1s_stage2_col1_std_over_mean,0.02789114529581459,SI216,17,58
speed_1s_stage2_col2_mean,0.01464931150115444,SI216,17,58
speed_1s_stage2_col2_std_over_mean,0.02330716696669507,SI216,17,58
speed_1s_stage3_rows,0.012360153157602506,SI216,17,58
speed_1s_stage3_col1_mean,0.02308754603751248,SI216,17,58
speed_1s_stage3_col1_std_over_mean,0.00909371979845119,SI216,17,58
speed_1s_stage3_col2_mean,0.012470071795712672,SI216,17,58
speed_1s_stage3_col2_std_over_mean,0.01967630813942941,SI216,17,58
speed_1s_stage4_rows,0.0035901603883563083,SI216,17,58
speed_1s_stage4_col1_mean,0.013034124666928699,SI216,17,58
speed_1s_stage4_col1_std_over_mean,0.015500547898509102,SI216,17,58
speed_1s_stage4_col2_mean,0.011138745568700632,SI216,17,58
speed_1s_stage4_col2_std_over_mean,0.05547272239272616,SI216,17,58
speed_1s_stage5_rows,0.0010538494191968386,SI216,17,58
speed_1s_stage5_col1_mean,0.0047500142690198675,SI216,17,58
speed_1s_stage5_col1_std_over_mean,0.05150004781570969,SI216,17,58
speed_1s_stage5_col2_mean,0.006497240215886902,SI216,17,58
speed_1s_stage5_col2_std_over_mean,0.017796938764815244,SI216,17,58
speed_10s_avg_rows,0.011557322747793234,SI216,17,58
speed_10s_avg_stage2_rows,0.01120822909724732,SI216,17,58
speed_10s_avg_stage2_col1_mean,0.005192456736507628,SI216,17,58
speed_10s_avg_stage2_col1_std_over_mean,0.05362013440516574,SI216,17,58
speed_10s_avg_stage2_col2_mean,0.011495673543407744,SI216,17,58
speed_10s_avg_stage2_col2_std_over_mean,0.1284742747138308,SI216,17,58
speed_10s_avg_stage3_rows,0.010956294211751812,SI216,17,58
speed_10s_avg_stage3_col1_mean,0.023611878781492825,SI216,17,58
speed_10s_avg_stage3_col1_std_over_mean,0.013948151926956824,SI216,17,58
speed_10s_avg_stage3_col2_mean,0.007259877987319367,SI216,17,58
speed_10s_avg_stage3_col2_std_over_mean,0.00778304932932124,SI216,17,58
speed_10s_avg_stage4_rows,0.00826476796954257,SI216,17,58
speed_10s_avg_stage4_col1_mean,0.011581331008635417,SI216,17,58
speed_10s_avg_stage4_col1_std_over_mean,0.010100244774802897,SI216,17,58
speed_10s_avg_stage4_col2_mean,0.006815804347285213,SI216,17,58
speed_10s_avg_stage4_col2_std_over_mean,0.02583144434982318,SI216,17,58
speed_10s_avg_stage5_rows,0.0016432946166773234,SI216,17,58
speed_10s_avg_stage5_col1_mean,0.007023616391838814,SI216,17,58
speed_10s_avg_stage5_col1_std_over_mean,0.07973744164168942,SI216,17,58
speed_10s_avg_stage5_col2_mean,0.004796669303226948,SI216,17,58
speed_10s_avg_stage5_col2_std_over_mean,0.017151991484715814,SI216,17,58
stage_2_frames,0.023044660522159845,SI216,18,59
stage_3_frames,0.010963767714441188,SI216,18,59
stage_4_frames,0.008225717378284113,SI216,18,59
stage_5_frames,0.0037918777190308972,SI216,18,59
roam_mean,0.04169664058001967,SI216,18,59
roam_std_over_mean,0.07340454578729086,SI216,18,59
roam_early_mean,0.04233023844623874,SI216,18,59
roam_mid_mean,0.008748825061844386,SI216,18,59
roam_late_mean,0.008465160007148849,SI216,18,59
roam_slope,0.009220718978652849,SI216,18,59
speed_1s_rows,0.013268753566732143,SI216,18,59
speed_1s_stage2_rows,0.00793531790687946,SI216,18,59
speed_1s_stage2_col1_mean,0.004952349411264337,SI216,18,59
speed_1s_stage2_col1_std_over_mean,0.026908527430148845,SI216,18,59
speed_1s_stage2_col2_mean,0.009990511706420523,SI216,18,59
speed_1s_stage2_col2_std_over_mean,0.07165873845410832,SI216,18,59
speed_1s_stage3_rows,0.004230174439490459,SI216,18,59
speed_1s_stage3_col1_mean,0.008577124041972101,SI216,18,59
speed_1s_stage3_col1_std_over_mean,0.0067478810022759544,SI216,18,59
speed_1s_stage3_col2_mean,0.016110625749753367,SI216,18,59
speed_1s_stage3_col2_std_over_mean,0.07121364233569645,SI216,18,59
speed_1s_stage4_rows,0.0055833125892689696,SI216,18,59
speed_1s_stage4_col1_mean,0.014100244789850455,SI216,18,59
speed_1s_stage4_col1_std_over_mean,0.06188194179689173,SI216,18,59
speed_1s_stage4_col2_mean,0.013750230092289721,SI216,18,59
speed_1s_stage4_col2_std_over_mean,0.026102754449772315,SI216,18,59
speed_1s_stage5_rows,0.001076090827003721,SI216,18,59
speed_1s_stage5_col1_mean,0.006672722419664929,SI216,18,59
speed_1s_stage5_col1_std_over_mean,0.03289745692380142,SI216,18,59
speed_1s_stage5_col2_mean,0.007336866895953579,SI216,18,59
speed_1s_stage5_col2_std_over_mean,0.018033934297916856,SI216,18,59
speed_10s_avg_rows,0.009850504766842424,SI216,18,59
speed_10s_avg_stage2_rows,0.012031222044090517,SI216,18,59
speed_10s_avg_stage2_col1_mean,0.00618416605199132,SI216,18,59
speed_10s_avg_stage2_col1_std_over_mean,0.010954596257200118,SI216,18,59
speed_10s_avg_stage2_col2_mean,0.01005724564433233,SI216,18,59
speed_10s_avg_stage2_col2_std_over_mean,0.04728246027609111,SI216,18,59
speed_10s_avg_stage3_rows,0.0033674265271828032,SI216,18,59
speed_10s_avg_stage3_col1_mean,0.008624796313602934,SI216,18,59
speed_10s_avg_stage3_col1_std_over_mean,0.0077230560116255415,SI216,18,59
speed_10s_avg_stage3_col2_mean,0.03224413346777694,SI216,18,59
speed_10s_avg_stage3_col2_std_over_mean,0.007904880876704436,SI216,18,59
speed_10s_avg_stage4_rows,0.00746630447701337,SI216,18,59
speed_10s_avg_stage4_col1_mean,0.01436425749332625,SI216,18,59
speed_10s_avg_stage4_col1_std_over_mean,0.05236689114062921,SI216,18,59
speed_10s_avg_stage4_col2_mean,0.017576844158825333,SI216,18,59
speed_10s_avg_stage4_col2_std_over_mean,0.045233950810003434,SI216,18,59
speed_10s_avg_stage5_rows,0.0005117654299333066,SI216,18,59
speed_10s_avg_stage5_col1_mean,0.0050462179749306635,SI216,18,59
speed_10s_avg_stage5_col1_std_over_mean,0.028456888322877894,SI216,18,59
speed_10s_avg_stage5_col2_mean,0.006398950183633596,SI216,18,59
speed_10s_avg_stage5_col2_std_over_mean,0.0074320884491195305,SI216,18,59
stage_2_frames,0.019074806287965543,SI216,19,60
stage_3_frames,0.018274246695340453,SI216,19,60
stage_4_frames,0.013053307902126946,SI216,19,60
stage_5_frames,0.0047737061026186045,SI216,19,60
roam_mean,0.026015047138780684,SI216,19,60
roam_std_over_mean,0.07695072238204881,SI216,19,60
roam_early_mean,0.03477316654719824,SI216,19,60
roam_mid_mean,0.004641328838539639,SI216,19,60
roam_late_mean,0.033043226623838746,SI216,19,60
roam_slope,0.007141502612247439,SI216,19,60
speed_1s_rows,0.010515085882581173,SI216,19,60
speed_1s_stage2_rows,0.016158593956381355,SI216,19,60
speed_1s_stage2_col1_mean,0.005533376000316512,SI216,19,60
speed_1s_stage2_col1_std_over_mean,0.03227222304832951,SI216,19,60
speed_1s_stage2_col2_mean,0.010124474248605247,SI216,19,60
speed_1s_stage2_col2_std_over_mean,0.05164593357538269,SI216,19,60
speed_1s_stage3_rows,0.015140950752498711,SI216,19,60
speed_1s_stage3_col1_mean,0.013201659457233417,SI216,19,60
speed_1s_stage3_col1_std_over_mean,0.004802935864328635,SI216,19,60
speed_1s_stage3_col2_mean,0.02779878337531123,SI216,19,60
speed_1s_stage3_col2_std_over_mean,0.04043630841371431,SI216,19,60
speed_1s_stage4_rows,0.007579466254579622,SI216,19,60
speed_1s_stage4_col1_mean,0.013528772179936454,SI216,19,60
speed_1s_stage4_col1_std_over_mean,0.01662789425599396,SI216,19,60
speed_1s_stage4_col2_mean,0.015183772896496134,SI216,19,60
speed_1s_stage4_col2_std_over_mean,0.04981418379539772,SI216,19,60
speed_1s_stage5_rows,0.0006285210798147597,SI216,19,60
speed_1s_stage5_col1_mean,0.0036883122704595315,SI216,19,60
speed_1s_stage5_col1_std_over_mean,0.05849058920553554,SI216,19,60
speed_1s_stage5_col2_mean,0.007462920011879133,SI216,19,60
speed_1s_stage5_col2_std_over_mean,0.017245143956892795,SI216,19,60
speed_10s_avg_rows,0.014216458757710621,SI216,19,60
speed_10s_avg_stage2_rows,0.017459606595803614,SI216,19,60
speed_10s_avg_stage2_col1_mean,0.0036616669208229236,SI216,19,60
speed_10s_avg_stage2_col1_std_over_mean,0.056299005524606614,SI216,19,60
speed_10s_avg_stage2_col2_mean,0.011871491958340558,SI216,19,60
speed_10s_avg_stage2_col2_std_over_mean,0.03941898594280671,SI216,19,60
speed_10s_avg_stage3_rows,0.016059286498611963,SI216,19,60
speed_10s_avg_stage3_col1_mean,0.013219377600635246,SI216,19,60
speed_10s_avg_stage3_col1_std_over_mean,0.007480444665972394,SI216,19,60
speed_10s_avg_stage3_col2_mean,0.0331142240595806,SI216,19,60
speed_10s_avg_stage3_col2_std_over_mean,0.008502799237607505,SI216,19,60
speed_10s_avg_stage4_rows,0.007686748944180675,SI216,19,60
speed_10s_avg_stage4_col1_mean,0.013539106322383618,SI216,19,60
speed_10s_avg_stage4_col1_std_over_mean,0.019088923603513764,SI216,19,60
speed_10s_avg_stage4_col2_mean,0.0197040861615509,SI216,19,60
speed_10s_avg_stage4_col2_std_over_mean,0.013697577153179838,SI216,19,60
speed_10s_avg_stage5_rows,0.0006349304819758461,SI216,19,60
speed_10s_avg_stage5_col1_mean,0.006264162044596167,SI216,19,60
speed_10s_avg_stage5_col1_std_over_mean,0.02699893720975448,SI216,19,60
speed_10s_avg_stage5_col2_mean,0.007301584512373705,SI216,19,60
speed_10s_avg_stage5_col2_std_over_mean,0.008159634191618916,SI216,19,60
stage_2_frames,0.024242969491569902,SI216,20,61
stage_3_frames,0.012463845195798084,SI216,20,61
stage_4_frames,0.00748612251084261,SI216,20,61
stage_5_frames,0.011357962922959635,SI216,20,61
roam_mean,0.01721992118978457,SI216,20,61
roam_std_over_mean,0.029281475617014885,SI216,20,61
roam_early_mean,0.054696447606617626,SI216,20,61
roam_mid_mean,0.01944684678216868,SI216,20,61
roam_late_mean,0.0225054537126992,SI216,20,61
roam_slope,0.011806597885172394,SI216,20,61
speed_1s_rows,0.011627183392186212,SI216,20,61
speed_1s_stage2_rows,0.014920302123297896,SI216,20,61
speed_1s_stage2_col1_mean,0.007498974184030701,SI216,20,61
speed_1s_stage2_col1_std_over_mean,0.032326021955039155,SI216,20,61
speed_1s_stage2_col2_mean,0.006585810991670058,SI216,20,61
speed_1s_stage2_col2_std_over_mean,0.014064136085716727,SI216,20,61
speed_1s_stage3_rows,0.011834337334795891,SI216,20,61
speed_1s_stage3_col1_mean,0.02652218745041242,SI216,20,61
speed_1s_stage3_col1_std_over_mean,0.008316505280793468,SI216,20,61
speed_1s_stage3_col2_mean,0.012328314729121244,SI216,20,61
speed_1s_stage3_col2_std_over_mean,0.04450219803288371,SI216,20,61
speed_1s_stage4_rows,0.011715980205159918,SI216,20,61
speed_1s_stage4_col1_mean,0.012755635882719359,SI216,20,61
speed_1s_stage4_col1_std_over_mean,0.013079630759319281,SI216,20,61
speed_1s_stage4_col2_mean,0.039375100442802506,SI216,20,61
speed_1s_stage4_col2_std_over_mean,0.12198162061531624,SI216,20,61
speed_1s_stage5_rows,0.0008188634377491657,SI216,20,61
speed_1s_stage5_col1_mean,0.007659470719036675,SI216,20,61
speed_1s_stage5_col1_std_over_mean,0.06291426599858935,SI216,20,61
speed_1s_stage5_col2_mean,0.012709367069227753,SI216,20,61
speed_1s_stage5_col2_std_over_mean,0.01713703869516967,SI216,20,61
speed_10s_avg_rows,0.008959789628337784,SI216,20,61
speed_10s_avg_stage2_rows,0.019172397210913458,SI216,20,61
speed_10s_avg_stage2_col1_mean,0.009665799464523502,SI216,20,61
speed_10s_avg_stage2_col1_std_over_mean,0.022249667157886822,SI216,20,61
speed_10s_avg_stage2_col2_mean,0.007854407272396368,SI216,20,61
speed_10s_avg_stage2_col2_std_over_mean,0.018715787754210175,SI216,20,61
speed_10s_avg_stage3_rows,0.008009315200304658,SI216,20,61
speed_10s_avg_stage3_col1_mean,0.027859702723820233,SI216,20,61
speed_10s_avg_stage3_col1_std_over_mean,0.013054164707411555,SI216,20,61
speed_10s_avg_stage3_col2_mean,0.006353695432801643,SI216,20,61
speed_10s_avg_stage3_col2_std_over_mean,0.017447785611384947,SI216,20,61
speed_10s_avg_stage4_rows,0.019390299406504042,SI216,20,61
speed_10s_avg_stage4_col1_mean,0.00903534387168994,SI216,20,61
speed_10s_avg_stage4_col1_std_over_mean,0.01701172792245853,SI216,20,61
speed_10s_avg_stage4_col2_mean,0.029678053924914356,SI216,20,61
speed_10s_avg_stage4_col2_std_over_mean,0.015485091995980695,SI216,20,61
speed_10s_avg_stage5_rows,0.00016237077566646436,SI216,20,61
speed_10s_avg_stage5_col1_mean,0.0066084321588160255,SI216,20,61
speed_10s_avg_stage5_col1_std_over_mean,0.016217205736422925,SI216,20,61
speed_10s_avg_stage5_col2_mean,0.011904611323826423,SI216,20,61
speed_10s_avg_stage5_col2_std_over_mean,0.013983762420064444,SI216,20,61
stage_2_frames,0.0185966071110367,SI216,21,62
stage_3_frames,0.008705518992861445,SI216,21,62
stage_4_frames,0.029169618014175606,SI216,21,62
stage_5_frames,0.008890800362465475,SI216,21,62
roam_mean,0.014047972327781119,SI216,21,62
roam_std_over_mean,0.08167592195568288,SI216,21,62
roam_early_mean,0.03045039099730017,SI216,21,62
roam_mid_mean,0.02206690187531815,SI216,21,62
roam_late_mean,0.014817040863442151,SI216,21,62
roam_slope,0.005277264097674149,SI216,21,62
speed_1s_rows,0.012718113809550563,SI216,21,62
speed_1s_stage2_rows,0.00676978870029516,SI216,21,62
speed_1s_stage2_col1_mean,0.00726324812364871,SI216,21,62
speed_1s_stage2_col1_std_over_mean,0.024778848841401652,SI216,21,62
speed_1s_stage2_col2_mean,0.00903338123960904,SI216,21,62
speed_1s_stage2_col2_std_over_mean,0.011606722939078417,SI216,21,62
speed_1s_stage3_rows,0.01596014835229883,SI216,21,62
speed_1s_stage3_col1_mean,0.008017293574098415,SI216,21,62
speed_1s_stage3_col1_std_over_mean,0.004928532701528839,SI216,21,62
speed_1s_stage3_col2_mean,0.011162740817102763,SI216,21,62
speed_1s_stage3_col2_std_over_mean,0.02418260103406452,SI216,21,62
speed_1s_stage4_rows,0.011160879186301034,SI216,21,62
speed_1s_stage4_col1_mean,0.013896732369970211,SI216,21,62
speed_1s_stage4_col1_std_over_mean,0.018026538058611433,SI216,21,62
speed_1s_stage4_col2_mean,0.029462976350567306,SI216,21,62
speed_1s_stage4_col2_std_over_mean,0.11032903508394672,SI216,21,62
speed_1s_stage5_rows,0.0008404491227150743,SI216,21,62
speed_1s_stage5_col1_mean,0.00421690630281861,SI216,21,62
speed_1s_stage5_col1_std_over_mean,0.033218219737470384,SI216,21,62
speed_1s_stage5_col2_mean,0.010519067334317579,SI216,21,62
speed_1s_stage5_col2_std_over_mean,0.08774189397385185,SI216,21,62
speed_10s_avg_rows,0.012655199014057025,SI216,21,62
speed_10s_avg_stage2_rows,0.007901477501169485,SI216,21,62
speed_10s_avg_stage2_col1_mean,0.005476020841517615,SI216,21,62
speed_10s_avg_stage2_col1_std_over_mean,0.03419285220982366,SI216,21,62
speed_10s_avg_stage2_col2_mean,0.006932760096259334,SI216,21,62
speed_10s_avg_stage2_col2_std_over_mean,0.027947869955796494,SI216,21,62
speed_10s_avg_stage3_rows,0.02518149351793962,SI216,21,62
speed_10s_avg_stage3_col1_mean,0.003539613672043413,SI216,21,62
speed_10s_avg_stage3_col1_std_over_mean,0.006058018327225055,SI216,21,62
speed_10s_avg_stage3_col2_mean,0.01897014641196058,SI216,21,62
speed_10s_avg_stage3_col2_std_over_mean,0.013945264453032714,SI216,21,62
speed_10s_avg_stage4_rows,0.012356768635392092,SI216,21,62
speed_10s_avg_stage4_col1_mean,0.011559704284787102,SI216,21,62
speed_10s_avg_stage4_col1_std_over_mean,0.005835130646127303,SI216,21,62
speed_10s_avg_stage4_col2_mean,0.039844167483435965,SI216,21,62
speed_10s_avg_stage4_col2_std_over_mean,0.023403813443129372,SI216,21,62
speed_10s_avg_stage5_rows,0.0009400790408742309,SI216,21,62
speed_10s_avg_stage5_col1_mean,0.00429609568861589,SI216,21,62
speed_10s_avg_stage5_col1_std_over_mean,0.026068295476161057,SI216,21,62
speed_10s_avg_stage5_col2_mean,0.00748125760227457,SI216,21,62
speed_10s_avg_stage5_col2_std_over_mean,0.015881817447392636,SI216,21,62
stage_2_frames,0.009518038098703724,SI216,22,63
stage_3_frames,0.012670548959303626,SI216,22,63
stage_4_frames,0.006537151284268423,SI216,22,63
stage_5_frames,0.01130366885722809,SI216,22,63
roam_mean,0.025476381490939403,SI216,22,63
roam_std_over_mean,0.03336636785633196,SI216,22,63
roam_early_mean,0.0648466802381351,SI216,22,63
roam_mid_mean,0.005280312767342669,SI216,22,63
roam_late_mean,0.03145726679765351,SI216,22,63
roam_slope,0.009659394965445033,SI216,22,63
speed_1s_rows,0.01185283798828265,SI216,22,63
speed_1s_stage2_rows,0.00706961356658261,SI216,22,63
speed_1s_stage2_col1_mean,0.004599042654478492,SI216,22,63
speed_1s_stage2_col1_std_over_mean,0.015525392120458406,SI216,22,63
speed_1s_stage2_col2_mean,0.009975988355825064,SI216,22,63
speed_1s_stage2_col2_std_over_mean,0.09044711569888536,SI216,22,63
speed_1s_stage3_rows,0.012503794039523747,SI216,22,63
speed_1s_stage3_col1_mean,0.022675930776793744,SI216,22,63
speed_1s_stage3_col1_std_over_mean,0.008569185548596906,SI216,22,63
speed_1s_stage3_col2_mean,0.012723216376944844,SI216,22,63
speed_1s_stage3_col2_std_over_mean,0.06031145279125297,SI216,22,63
speed_1s_stage4_rows,0.011379177423305742,SI216,22,63
speed_1s_stage4_col1_mean,0.01375189187773568,SI216,22,63
speed_1s_stage4_col1_std_over_mean,0.021679516352012616,SI216,22,63
speed_1s_stage4_col2_mean,0.00843910041784428,SI216,22,63
speed_1s_stage4_col2_std_over_mean,0.012295272520138852,SI216,22,63
speed_1s_stage5_rows,0.0,SI216,22,63
speed_1s_stage5_col1_mean,0.011941435890382235,SI216,22,63
speed_1s_stage5_col1_std_over_mean,0.04871465035196102,SI216,22,63
speed_1s_stage5_col2_mean,0.008434011597739308,SI216,22,63
speed_1s_stage5_col2_std_over_mean,0.05942074636536112,SI216,22,63
speed_10s_avg_rows,0.01432417452911621,SI216,22,63
speed_10s_avg_stage2_rows,0.007672128651935142,SI216,22,63
speed_10s_avg_stage2_col1_mean,0.00585222747922002,SI216,22,63
speed_10s_avg_stage2_col1_std_over_mean,0.01813046005958104,SI216,22,63
speed_10s_avg_stage2_col2_mean,0.011382102950095285,SI216,22,63
speed_10s_avg_stage2_col2_std_over_mean,0.04127205408634344,SI216,22,63
speed_10s_avg_stage3_rows,0.012142155076373673,SI216,22,63
speed_10s_avg_stage3_col1_mean,0.022814722218182884,SI216,22,63
speed_10s_avg_stage3_col1_std_over_mean,0.012698415846538658,SI216,22,63
speed_10s_avg_stage3_col2_mean,0.02213361472088992,SI216,22,63
speed_10s_avg_stage3_col2_std_over_mean,0.015239079458349875,SI216,22,63
speed_10s_avg_stage4_rows,0.012597247311457735,SI216,22,63
speed_10s_avg_stage4_col1_mean,0.01560963733373219,SI216,22,63
speed_10s_avg_stage4_col1_std_over_mean,0.011536271126727818,SI216,22,63
speed_10s_avg_stage4_col2_mean,0.007077673596473292,SI216,22,63
speed_10s_avg_stage4_col2_std_over_mean,0.01259464915322839,SI216,22,63
speed_10s_avg_stage5_rows,0.0,SI216,22,63
speed_10s_avg_stage5_col1_mean,0.00795577580485851,SI216,22,63
speed_10s_avg_stage5_col1_std_over_mean,0.07169369419556383,SI216,22,63
speed_10s_avg_stage5_col2_mean,0.010561565363105764,SI216,22,63
speed_10s_avg_stage5_col2_std_over_mean,0.00428716700876928,SI216,22,63
stage_2_frames,0.018449749081509238,SI216,23,64
stage_3_frames,0.01194066927632503,SI216,23,64
stage_4_frames,0.009078934852318461,SI216,23,64
stage_5_frames,0.0077577872962396235,SI216,23,64
roam_mean,0.020956236456979423,SI216,23,64
roam_std_over_mean,0.021774594137737323,SI216,23,64
roam_early_mean,0.020337679161102632,SI216,23,64
roam_mid_mean,0.017548472820786438,SI216,23,64
roam_late_mean,0.03528983888294149,SI216,23,64
roam_slope,0.009083245986227487,SI216,23,64
speed_1s_rows,0.007271879255276198,SI216,23,64
speed_1s_stage2_rows,0.008646095724021965,SI216,23,64
speed_1s_stage2_col1_mean,0.007945400174417272,SI216,23,64
speed_1s_stage2_col1_std_over_mean,0.025567460921223764,SI216,23,64
speed_1s_stage2_col2_mean,0.009853303817013413,SI216,23,64
speed_1s_stage2_col2_std_over_mean,0.02142403145027642,SI216,23,64
speed_1s_stage3_rows,0.005965869515073332,SI216,23,64
speed_1s_stage3_col1_mean,0.029276201419930443,SI216,23,64
speed_1s_stage3_col1_std_over_mean,0.01191951262459105,SI216,23,64
speed_1s_stage3_col2_mean,0.008166087570087634,SI216,23,64
speed_1s_stage3_col2_std_over_mean,0.027942242647262316,SI216,23,64
speed_1s_stage4_rows,0.005260805625314555,SI216,23,64
speed_1s_stage4_col1_mean,0.013380357131287256,SI216,23,64
speed_1s_stage4_col1_std_over_mean,0.033202941016553814,SI216,23,64
speed_1s_stage4_col2_mean,0.009597905401782009,SI216,23,64
speed_1s_stage4_col2_std_over_mean,0.02034412301649821,SI216,23,64
speed_1s_stage5_rows,0.0008537463712414489,SI216,23,64
speed_1s_stage5_col1_mean,0.006152122570016195,SI216,23,64
speed_1s_stage5_col1_std_over_mean,0.05684130419230449,SI216,23,64
speed_1s_stage5_col2_mean,0.00737941106608536,SI216,23,64
speed_1s_stage5_col2_std_over_mean,0.07225779849866008,SI216,23,64
speed_10s_avg_rows,0.010907136226279528,SI216,23,64
speed_10s_avg_stage2_rows,0.010388267087985662,SI216,23,64
speed_10s_avg_stage2_col1_mean,0.006830863156959029,SI216,23,64
speed_10s_avg_stage2_col1_std_over_mean,0.11164711938233589,SI216,23,64
speed_10s_avg_stage2_col2_mean,0.006186876092899414,SI216,23,64
speed_10s_avg_stage2_col2_std_over_mean,0.034987139679216274,SI216,23,64
speed_10s_avg_stage3_rows,0.014173474503040165,SI216,23,64
speed_10s_avg_stage3_col1_mean,0.03117926909351299,SI216,23,64
speed_10s_avg_stage3_col1_std_over_mean,0.010486593214694473,SI216,23,64
speed_10s_avg_stage3_col2_mean,0.007686941060762311,SI216,23,64
speed_10s_avg_stage3_col2_std_over_mean,0.011672884950332179,SI216,23,64
speed_10s_avg_stage4_rows,0.00981876585584245,SI216,23,64
speed_10s_avg_stage4_col1_mean,0.015080161905844337,SI216,23,64
speed_10s_avg_stage4_col1_std_over_mean,0.03699964196906345,SI216,23,64
speed_10s_avg_stage4_col2_mean,0.012317294514219741,SI216,23,64
speed_10s_avg_stage4_col2_std_over_mean,0.016716882121088208,SI216,23,64
speed_10s_avg_stage5_rows,0.0006012959491784253,SI216,23,64
speed_10s_avg_stage5_col1_mean,0.007035304233649887,SI216,23,64
speed_10s_avg_stage5_col1_std_over_mean,0.059091707358229474,SI216,23,64
speed_10s_avg_stage5_col2_mean,0.009314397672725759,SI216,23,64
speed_10s_avg_stage5_col2_std_over_mean,0.015412176011056078,SI216,23,64
stage_2_frames,0.013890075755372712,SI216,24,65
stage_3_frames,0.010891575804080757,SI216,24,65
stage_4_frames,0.0507406203438534,SI216,24,65
stage_5_frames,0.006433884734622505,SI216,24,65
roam_mean,0.018357684649359298,SI216,24,65
roam_std_over_mean,0.04231273835991451,SI216,24,65
roam_early_mean,0.01562654595520637,SI216,24,65
roam_mid_mean,0.012714674201793282,SI216,24,65
roam_late_mean,0.021781556598338008,SI216,24,65
roam_slope,0.014314749577881395,SI216,24,65
speed_1s_rows,0.006194134005268308,SI216,24,65
speed_1s_stage2_rows,0.00949307604615832,SI216,24,65
speed_1s_stage2_col1_mean,0.006897945735736231,SI216,24,65
speed_1s_stage2_col1_std_over_mean,0.031793061970077224,SI216,24,65
speed_1s_stage2_col2_mean,0.006324194528881133,SI216,24,65
speed_1s_stage2_col2_std_over_mean,0.015447954048993287,SI216,24,65
speed_1s_stage3_rows,0.043366780497534944,SI216,24,65
speed_1s_stage3_col1_mean,0.00417868102233017,SI216,24,65
speed_1s_stage3_col1_std_over_mean,0.006445271249639075,SI216,24,65
speed_1s_stage3_col2_mean,0.008129133581412862,SI216,24,65
speed_1s_stage3_col2_std_over_mean,0.02762698312630096,SI216,24,65
speed_1s_stage4_rows,0.004853960565998509,SI216,24,65
speed_1s_stage4_col1_mean,0.011362342851362072,SI216,24,65
speed_1s_stage4_col1_std_over_mean,0.009570143801640764,SI216,24,65
speed_1s_stage4_col2_mean,0.06369002522730165,SI216,24,65
speed_1s_stage4_col2_std_over_mean,0.11236613814717857,SI216,24,65
speed_1s_stage5_rows,0.0009239122499966829,SI216,24,65
speed_1s_stage5_col1_mean,0.005687037772013046,SI216,24,65
speed_1s_stage5_col1_std_over_mean,0.05144211903400161,SI216,24,65
speed_1s_stage5_col2_mean,0.006562183869330517,SI216,24,65
speed_1s_stage5_col2_std_over_mean,0.03257161568424805,SI216,24,65
speed_10s_avg_rows,0.0045672022263935595,SI216,24,65
speed_10s_avg_stage2_rows,0.00854907421744836,SI216,24,65
speed_10s_avg_stage2_col1_mean,0.014321094902092341,SI216,24,65
speed_10s_avg_stage2_col1_std_over_mean,0.025173746100373977,SI216,24,65
speed_10s_avg_stage2_col2_mean,0.008810657971693066,SI216,24,65
speed_10s_avg_stage2_col2_std_over_mean,0.035196951799345844,SI216,24,65
speed_10s_avg_stage3_rows,0.04347229552739594,SI216,24,65
speed_10s_avg_stage3_col1_mean,0.005872693366864391,SI216,24,65
speed_10s_avg_stage3_col1_std_over_mean,0.010105208572914906,SI216,24,65
speed_10s_avg_stage3_col2_mean,0.006934180652799237,SI216,24,65
speed_10s_avg_stage3_col2_std_over_mean,0.011508424334764091,SI216,24,65
speed_10s_avg_stage4_rows,0.005042388258644893,SI216,24,65
speed_10s_avg_stage4_col1_mean,0.014231277276764308,SI216,24,65
speed_10s_avg_stage4_col1_std_over_mean,0.005398179436838106,SI216,24,65
speed_10s_avg_stage4_col2_mean,0.048248282516155865,SI216,24,65
speed_10s_avg_stage4_col2_std_over_mean,0.027132002666748683,SI216,24,65
speed_10s_avg_stage5_rows,0.0006520720635822375,SI216,24,65
speed_10s_avg_stage5_col1_mean,0.0048921260264630844,SI216,24,65
speed_10s_avg_stage5_col1_std_over_mean,0.02256747649794978,SI216,24,65
speed_10s_avg_stage5_col2_mean,0.007806314507188435,SI216,24,65
speed_10s_avg_stage5_col2_std_over_mean,0.017527550081752857,SI216,24,65
stage_2_frames,0.009328885449553173,SI216,25,66
stage_3_frames,0.011025593402431864,SI216,25,66
stage_4_frames,0.009294946701209048,SI216,25,66
stage_5_frames,0.010184843291718575,SI216,25,66
roam_mean,0.03420506290822351,SI216,25,66
roam_std_over_mean,0.014564784569780692,SI216,25,66
roam_early_mean,0.06308202236328839,SI216,25,66
roam_mid_mean,0.004187489359521616,SI216,25,66
roam_late_mean,0.02525959775513747,SI216,25,66
roam_slope,0.006688918315621485,SI216,25,66
speed_1s_rows,0.01208685273132478,SI216,25,66
speed_1s_stage2_rows,0.009162140917729177,SI216,25,66
speed_1s_stage2_col1_mean,0.0038153404117725214,SI216,25,66
speed_1s_stage2_col1_std_over_mean,0.005498993061486815,SI216,25,66
speed_1s_stage2_col2_mean,0.008590057376012742,SI216,25,66
speed_1s_stage2_col2_std_over_mean,0.11443719134502131,SI216,25,66
speed_1s_stage3_rows,0.005463408137035379,SI216,25,66
speed_1s_stage3_col1_mean,0.022291258690683137,SI216,25,66
speed_1s_stage3_col1_std_over_mean,0.004653311766085232,SI216,25,66
speed_1s_stage3_col2_mean,0.012296399644827982,SI216,25,66
speed_1s_stage3_col2_std_over_mean,0.03255722333526696,SI216,25,66
speed_1s_stage4_rows,0.013422110538796226,SI216,25,66
speed_1s_stage4_col1_mean,0.008310546467213097,SI216,25,66
speed_1s_stage4_col1_std_over_mean,0.025805190419954167,SI216,25,66
speed_1s_stage4_col2_mean,0.011774293665501407,SI216,25,66
speed_1s_stage4_col2_std_over_mean,0.05272331095939294,SI216,25,66
speed_1s_stage5_rows,0.0014077394042609395,SI216,25,66
speed_1s_stage5_col1_mean,0.0029572949118296396,SI216,25,66
speed_1s_stage5_col1_std_over_mean,0.11469148783486009,SI216,25,66
speed_1s_stage5_col2_mean,0.0037356162363334704,SI216,25,66
speed_1s_stage5_col2_std_over_mean,0.012446259126983971,SI216,25,66
speed_10s_avg_rows,0.015160023326504917,SI216,25,66
speed_10s_avg_stage2_rows,0.007776212465883234,SI216,25,66
speed_10s_avg_stage2_col1_mean,0.0048147562449954474,SI216,25,66
speed_10s_avg_stage2_col1_std_over_mean,0.009070310497877227,SI216,25,66
speed_10s_avg_stage2_col2_mean,0.013095942186026567,SI216,25,66
speed_10s_avg_stage2_col2_std_over_mean,0.05448907684024186,SI216,25,66
speed_10s_avg_stage3_rows,0.011671642616215252,SI216,25,66
speed_10s_avg_stage3_col1_mean,0.02489301147580862,SI216,25,66
speed_10s_avg_stage3_col1_std_over_mean,0.009915185158947553,SI216,25,66
speed_10s_avg_stage3_col2_mean,0.011188784968128309,SI216,25,66
speed_10s_avg_stage3_col2_std_over_mean,0.005815624694163286,SI216,25,66
speed_10s_avg_stage4_rows,0.009887298321230444,SI216,25,66
speed_10s_avg_stage4_col1_mean,0.006623663107761456,SI216,25,66
speed_10s_avg_stage4_col1_std_over_mean,0.01812402657040751,SI216,25,66
speed_10s_avg_stage4_col2_mean,0.01476593933291741,SI216,25,66
speed_10s_avg_stage4_col2_std_over_mean,0.025220576055248807,SI216,25,66
speed_10s_avg_stage5_rows,0.0009461318947415523,SI216,25,66
speed_10s_avg_stage5_col1_mean,0.003249239780373681,SI216,25,66
speed_10s_avg_stage5_col1_std_over_mean,0.07084035130855948,SI216,25,66
speed_10s_avg_stage5_col2_mean,0.007680748562980981,SI216,25,66
speed_10s_avg_stage5_col2_std_over_mean,0.008823283492128723,SI216,25,66
stage_2_frames,0.02007617845565903,SI216,26,67
stage_3_frames,0.009056798766845986,SI216,26,67
stage_4_frames,0.013382566171760145,SI216,26,67
stage_5_frames,0.006082455775322182,SI216,26,67
roam_mean,0.005646901779076508,SI216,26,67
roam_std_over_mean,0.057639375058136724,SI216,26,67
roam_early_mean,0.019286082179402354,SI216,26,67
roam_mid_mean,0.024983095925454765,SI216,26,67
roam_late_mean,0.011097573212593229,SI216,26,67
roam_slope,0.0077310289439931285,SI216,26,67
speed_1s_rows,0.00912774732694991,SI216,26,67
speed_1s_stage2_rows,0.0071783173161301395,SI216,26,67
speed_1s_stage2_col1_mean,0.011853412128455617,SI216,26,67
speed_1s_stage2_col1_std_over_mean,0.050867895099107045,SI216,26,67
speed_1s_stage2_col2_mean,0.007556162998081634,SI216,26,67
speed_1s_stage2_col2_std_over_mean,0.015321144568915646,SI216,26,67
speed_1s_stage3_rows,0.010659931632924292,SI216,26,67
speed_1s_stage3_col1_mean,0.0224029929691565,SI216,26,67
speed_1s_stage3_col1_std_over_mean,0.009543554558358133,SI216,26,67
speed_1s_stage3_col2_mean,0.028498829110361654,SI216,26,67
speed_1s_stage3_col2_std_over_mean,0.1356557630416703,SI216,26,67
speed_1s_stage4_rows,0.006308656365876905,SI216,26,67
speed_1s_stage4_col1_mean,0.01959119242583659,SI216,26,67
speed_1s_stage4_col1_std_over_mean,0.02112212997447339,SI216,26,67
speed_1s_stage4_col2_mean,0.010965460231885028,SI216,26,67
speed_1s_stage4_col2_std_over_mean,0.03541135072091906,SI216,26,67
speed_1s_stage5_rows,0.0011600470279462113,SI216,26,67
speed_1s_stage5_col1_mean,0.005039839934521809,SI216,26,67
speed_1s_stage5_col1_std_over_mean,0.04742595177435042,SI216,26,67
speed_1s_stage5_col2_mean,0.0057667338010501164,SI216,26,67
speed_1s_stage5_col2_std_over_mean,0.027175120169268138,SI216,26,67
speed_10s_avg_rows,0.009424550792966191,SI216,26,67
speed_10s_avg_stage2_rows,0.0070289418008828855,SI216,26,67
speed_10s_avg_stage2_col1_mean,0.0132415182434296,SI216,26,67
speed_10s_avg_stage2_col1_std_over_mean,0.02424085111705917,SI216,26,67
speed_10s_avg_stage2_col2_mean,0.0070884598454258,SI216,26,67
speed_10s_avg_stage2_col2_std_over_mean,0.03546699974212107,SI216,26,67
speed_10s_avg_stage3_rows,0.009115454831923242,SI216,26,67
speed_10s_avg_stage3_col1_mean,0.02029386703535248,SI216,26,67
speed_10s_avg_stage3_col1_std_over_mean,0.008013323988189925,SI216,26,67
speed_10s_avg_stage3_col2_mean,0.01708087636843569,SI216,26,67
speed_10s_avg_stage3_col2_std_over_mean,0.013855948181835206,SI216,26,67
speed_10s_avg_stage4_rows,0.0048147469929798285,SI216,26,67
speed_10s_avg_stage4_col1_mean,0.01194921948421316,SI216,26,67
speed_10s_avg_stage4_col1_std_over_mean,0.015166163262485632,SI216,26,67
speed_10s_avg_stage4_col2_mean,0.011052412460212366,SI216,26,67
speed_10s_avg_stage4_col2_std_over_mean,0.034378127979011304,SI216,26,67
speed_10s_avg_stage5_rows,0.0007784942398714431,SI216,26,67
speed_10s_avg_stage5_col1_mean,0.0053580907410343505,SI216,26,67
speed_10s_avg_stage5_col1_std_over_mean,0.022612752902626033,SI216,26,67
speed_10s_avg_stage5_col2_mean,0.005934701408137926,SI216,26,67
speed_10s_avg_stage5_col2_std_over_mean,0.05949020913732416,SI216,26,67
stage_2_frames,0.015188467510665818,SI216,27,68
stage_3_frames,0.009051642690295323,SI216,27,68
stage_4_frames,0.004927805925863693,SI216,27,68
stage_5_frames,0.008586447418116414,SI216,27,68
roam_mean,0.011841295043485857,SI216,27,68
roam_std_over_mean,0.15306766498263802,SI216,27,68
roam_early_mean,0.009058819641085637,SI216,27,68
roam_mid_mean,0.019129645771091313,SI216,27,68
roam_late_mean,0.03154256443398813,SI216,27,68
roam_slope,0.009602907108193828,SI216,27,68
speed_1s_rows,0.007831354711838295,SI216,27,68
speed_1s_stage2_rows,0.01070312904944139,SI216,27,68
speed_1s_stage2_col1_mean,0.01120472947987308,SI216,27,68
speed_1s_stage2_col1_std_over_mean,0.01625641592463545,SI216,27,68
speed_1s_stage2_col2_mean,0.00956986910800785,SI216,27,68
speed_1s_stage2_col2_std_over_mean,0.010249934831207529,SI216,27,68
speed_1s_stage3_rows,0.008161543639753428,SI216,27,68
speed_1s_stage3_col1_mean,0.014329787477792648,SI216,27,68
speed_1s_stage3_col1_std_over_mean,0.010877009419161459,SI216,27,68
speed_1s_stage3_col2_mean,0.005374420077363666,SI216,27,68
speed_1s_stage3_col2_std_over_mean,0.022087022767203212,SI216,27,68
speed_1s_stage4_rows,0.008568622404974718,SI216,27,68
speed_1s_stage4_col1_mean,0.023264484813542225,SI216,27,68
speed_1s_stage4_col1_std_over_mean,0.028834001662101726,SI216,27,68
speed_1s_stage4_col2_mean,0.012033025892236131,SI216,27,68
speed_1s_stage4_col2_std_over_mean,0.016292736237539164,SI216,27,68
speed_1s_stage5_rows,0.0003258233973898967,SI216,27,68
speed_1s_stage5_col1_mean,0.005516088089197,SI216,27,68
speed_1s_stage5_col1_std_over_mean,0.04587409565998733,SI216,27,68
speed_1s_stage5_col2_mean,0.008976120899282734,SI216,27,68
speed_1s_stage5_col2_std_over_mean,0.054874569257238416,SI216,27,68
speed_10s_avg_rows,0.009770181591257351,SI216,27,68
speed_10s_avg_stage2_rows,0.012957534294924106,SI216,27,68
speed_10s_avg_stage2_col1_mean,0.009249249522960641,SI216,27,68
speed_10s_avg_stage2_col1_std_over_mean,0.028642760549643004,SI216,27,68
speed_10s_avg_stage2_col2_mean,0.009158568212215515,SI216,27,68
speed_10s_avg_stage2_col2_std_over_mean,0.038489043616714465,SI216,27,68
speed_10s_avg_stage3_rows,0.01130498835686844,SI216,27,68
speed_10s_avg_stage3_col1_mean,0.017286200246225725,SI216,27,68
speed_10s_avg_stage3_col1_std_over_mean,0.022590551370307233,SI216,27,68
speed_10s_avg_stage3_col2_mean,0.005181151252741229,SI216,27,68
speed_10s_avg_stage3_col2_std_over_mean,0.008680005404351558,SI216,27,68
speed_10s_avg_stage4_rows,0.009908710371189193,SI216,27,68
speed_10s_avg_stage4_col1_mean,0.016633672817083413,SI216,27,68
speed_10s_avg_stage4_col1_std_over_mean,0.013453639337658547,SI216,27,68
speed_10s_avg_stage4_col2_mean,0.01369674221079134,SI216,27,68
speed_10s_avg_stage4_col2_std_over_mean,0.032457541250829794,SI216,27,68
speed_10s_avg_stage5_rows,0.00020412137533980487,SI216,27,68
speed_10s_avg_stage5_col1_mean,0.002566071323340886,SI216,27,68
speed_10s_avg_stage5_col1_std_over_mean,0.05804600612383397,SI216,27,68
speed_10s_avg_stage5_col2_mean,0.0182455036189183,SI216,27,68
speed_10s_avg_stage5_col2_std_over_mean,0.0582757118276143,SI216,27,68
stage_2_frames,0.02130931949973543,SI216,28,69
stage_3_frames,0.008718561708344157,SI216,28,69
stage_4_frames,0.009292335471413903,SI216,28,69
stage_5_frames,0.008173980537174446,SI216,28,69
roam_mean,0.026798790272852705,SI216,28,69
roam_std_over_mean,0.04971402874940362,SI216,28,69
roam_early_mean,0.019823674097545124,SI216,28,69
roam_mid_mean,0.020464807936427677,SI216,28,69
roam_late_mean,0.019392363284714165,SI216,28,69
roam_slope,0.012628966128836072,SI216,28,69
speed_1s_rows,0.01201227061271686,SI216,28,69
speed_1s_stage2_rows,0.0088583391155594,SI216,28,69
speed_1s_stage2_col1_mean,0.010016715792277373,SI216,28,69
speed_1s_stage2_col1_std_over_mean,0.026110517130769985,SI216,28,69
speed_1s_stage2_col2_mean,0.008070342738589326,SI216,28,69
speed_1s_stage2_col2_std_over_mean,0.026672502837767967,SI216,28,69
speed_1s_stage3_rows,0.010928218783000014,SI216,28,69
speed_1s_stage3_col1_mean,0.03625813581758551,SI216,28,69
speed_1s_stage3_col1_std_over_mean,0.015259763595656343,SI216,28,69
speed_1s_stage3_col2_mean,0.0137779077834367,SI216,28,69
speed_1s_stage3_col2_std_over_mean,0.02161069407804512,SI216,28,69
speed_1s_stage4_rows,0.012168507388504083,SI216,28,69
speed_1s_stage4_col1_mean,0.00968084053195444,SI216,28,69
speed_1s_stage4_col1_std_over_mean,0.019658474345236692,SI216,28,69
speed_1s_stage4_col2_mean,0.012342615006219124,SI216,28,69
speed_1s_stage4_col2_std_over_mean,0.042088966740250144,SI216,28,69
speed_1s_stage5_rows,0.0005742535087016129,SI216,28,69
speed_1s_stage5_col1_mean,0.007141668290372655,SI216,28,69
speed_1s_stage5_col1_std_over_mean,0.07499642918931886,SI216,28,69
speed_1s_stage5_col2_mean,0.003501067941041899,SI216,28,69
speed_1s_stage5_col2_std_over_mean,0.010186044092048313,SI216,28,69
speed_10s_avg_rows,0.009473847674199329,SI216,28,69
speed_10s_avg_stage2_rows,0.010228772178641208,SI216,28,69
speed_10s_avg_stage2_col1_mean,0.01071944943743472,SI216,28,69
speed_10s_avg_stage2_col1_std_over_mean,0.05082109435719619,SI216,28,69
speed_10s_avg_stage2_col2_mean,0.008470089525547786,SI216,28,69
speed_10s_avg_stage2_col2_std_over_mean,0.06605728874697706,SI216,28,69
speed_10s_avg_stage3_rows,0.012988664921345748,SI216,28,69
speed_10s_avg_stage3_col1_mean,0.02865940066256372,SI216,28,69
speed_10s_avg_stage3_col1_std_over_mean,0.027879483314767008,SI216,28,69
speed_10s_avg_stage3_col2_mean,0.009168570427379258,SI216,28,69
speed_10s_avg_stage3_col2_std_over_mean,0.007765340571555022,SI216,28,69
speed_10s_avg_stage4_rows,0.01178181174161495,SI216,28,69
speed_10s_avg_stage4_col1_mean,0.010206451044892198,SI216,28,69
speed_10s_avg_stage4_col1_std_over_mean,0.013796288519430742,SI216,28,69
speed_10s_avg_stage4_col2_mean,0.014338025084724542,SI216,28,69
speed_10s_avg_stage4_col2_std_over_mean,0.02850805070329885,SI216,28,69
speed_10s_avg_stage5_rows,0.00054712377442831,SI216,28,69
speed_10s_avg_stage5_col1_mean,0.006212962026691566,SI216,28,69
speed_10s_avg_stage5_col1_std_over_mean,0.07006141482762636,SI216,28,69
speed_10s_avg_stage5_col2_mean,0.008193940133795638,SI216,28,69
speed_10s_avg_stage5_col2_std_over_mean,0.015890827320390308,SI216,28,69
stage_2_frames,0.018562652808961033,SI216,29,70
stage_3_frames,0.008867505708007704,SI216,29,70
stage_4_frames,0.021318819647452154,SI216,29,70
stage_5_frames,0.008654688608881064,SI216,29,70
roam_mean,0.042284087231335435,SI216,29,70
roam_std_over_mean,0.017653672129563897,SI216,29,70
roam_early_mean,0.047223885983669424,SI216,29,70
roam_mid_mean,0.016258935506523176,SI216,29,70
roam_late_mean,0.02087919378730371,SI216,29,70
roam_slope,0.00884966637121026,SI216,29,70
speed_1s_rows,0.015869718396901912,SI216,29,70
speed_1s_stage2_rows,0.00942004290525846,SI216,29,70
speed_1s_stage2_col1_mean,0.005698124606929014,SI216,29,70
speed_1s_stage2_col1_std_over_mean,0.012626696307105086,SI216,29,70
speed_1s_stage2_col2_mean,0.007531155499401598,SI216,29,70
speed_1s_stage2_col2_std_over_mean,0.015275829517461002,SI216,29,70
speed_1s_stage3_rows,0.007989230795371905,SI216,29,70
speed_1s_stage3_col1_mean,0.011750781168941377,SI216,29,70
speed_1s_stage3_col1_std_over_mean,0.01089320588131151,SI216,29,70
speed_1s_stage3_col2_mean,0.009697929821696403,SI216,29,70
speed_1s_stage3_col2_std_over_mean,0.06261663791411433,SI216,29,70
speed_1s_stage4_rows,0.01377533039190406,SI216,29,70
speed_1s_stage4_col1_mean,0.012079973253901338,SI216,29,70
speed_1s_stage4_col1_std_over_mean,0.007102422037245921,SI216,29,70
speed_1s_stage4_col2_mean,0.016760423539635687,SI216,29,70
speed_1s_stage4_col2_std_over_mean,0.0313603066263104,SI216,29,70
speed_1s_stage5_rows,0.0019671413705266688,SI216,29,70
speed_1s_stage5_col1_mean,0.009987096408485554,SI216,29,70
speed_1s_stage5_col1_std_over_mean,0.034030052388567725,SI216,29,70
speed_1s_stage5_col2_mean,0.007921847420326516,SI216,29,70
speed_1s_stage5_col2_std_over_mean,0.14149396531464722,SI216,29,70
speed_10s_avg_rows,0.012475344096663418,SI216,29,70
speed_10s_avg_stage2_rows,0.00793399206479045,SI216,29,70
speed_10s_avg_stage2_col1_mean,0.008001681785056461,SI216,29,70
speed_10s_avg_stage2_col1_std_over_mean,0.042062260521898334,SI216,29,70
speed_10s_avg_stage2_col2_mean,0.01021687056144393,SI216,29,70
speed_10s_avg_stage2_col2_std_over_mean,0.05331173851453573,SI216,29,70
speed_10s_avg_stage3_rows,0.011520548797744695,SI216,29,70
speed_10s_avg_stage3_col1_mean,0.013053112756686558,SI216,29,70
speed_10s_avg_stage3_col1_std_over_mean,0.01480083264931899,SI216,29,70
speed_10s_avg_stage3_col2_mean,0.01063056623616419,SI216,29,70
speed_10s_avg_stage3_col2_std_over_mean,0.010701111957989687,SI216,29,70
speed_10s_avg_stage4_rows,0.014211100688681323,SI216,29,70
speed_10s_avg_stage4_col1_mean,0.0161449202262925,SI216,29,70
speed_10s_avg_stage4_col1_std_over_mean,0.0072425026043923075,SI216,29,70
speed_10s_avg_stage4_col2_mean,0.014115125589588119,SI216,29,70
speed_10s_avg_stage4_col2_std_over_mean,0.013996765603921199,SI216,29,70
speed_10s_avg_stage5_rows,0.0012438548728438605,SI216,29,70
speed_10s_avg_stage5_col1_mean,0.009630791066699227,SI216,29,70
speed_10s_avg_stage5_col1_std_over_mean,0.04781458835756611,SI216,29,70
speed_10s_avg_stage5_col2_mean,0.008134795369835596,SI216,29,70
speed_10s_avg_stage5_col2_std_over_mean,0.016356476328935898,SI216,29,70
stage_2_frames,0.011486425738866405,SI216,30,71
stage_3_frames,0.006278623763883715,SI216,30,71
stage_4_frames,0.007980167323123363,SI216,30,71
stage_5_frames,0.007302398730156788,SI216,30,71
roam_mean,0.012802227721392547,SI216,30,71
roam_std_over_mean,0.06196752160097831,SI216,30,71
roam_early_mean,0.023303547015081156,SI216,30,71
roam_mid_mean,0.010490617460990252,SI216,30,71
roam_late_mean,0.010878623357890131,SI216,30,71
roam_slope,0.0076657567837782915,SI216,30,71
speed_1s_rows,0.012163684341290674,SI216,30,71
speed_1s_stage2_rows,0.004975330783748854,SI216,30,71
speed_1s_stage2_col1_mean,0.0031123756993325703,SI216,30,71
speed_1s_stage2_col1_std_over_mean,0.015204199209579687,SI216,30,71
speed_1s_stage2_col2_mean,0.007744278036938996,SI216,30,71
speed_1s_stage2_col2_std_over_mean,0.1207079122513256,SI216,30,71
speed_1s_stage3_rows,0.013298848992502138,SI216,30,71
speed_1s_stage3_col1_mean,0.018549869364821746,SI216,30,71
speed_1s_stage3_col1_std_over_mean,0.006774886915551721,SI216,30,71
speed_1s_stage3_col2_mean,0.015696577428503933,SI216,30,71
speed_1s_stage3_col2_std_over_mean,0.06613247088222077,SI216,30,71
speed_1s_stage4_rows,0.006878046638141401,SI216,30,71
speed_1s_stage4_col1_mean,0.0134155001548544,SI216,30,71
speed_1s_stage4_col1_std_over_mean,0.017230978324263863,SI216,30,71
speed_1s_stage4_col2_mean,0.019256395959137352,SI216,30,71
speed_1s_stage4_col2_std_over_mean,0.03643144436271679,SI216,30,71
speed_1s_stage5_rows,0.001118563886746584,SI216,30,71
speed_1s_stage5_col1_mean,0.005290686507745075,SI216,30,71
speed_1s_stage5_col1_std_over_mean,0.0862842947308019,SI216,30,71
speed_1s_stage5_col2_mean,0.0029755560955638375,SI216,30,71
speed_1s_stage5_col2_std_over_mean,0.021614116447012246,SI216,30,71
speed_10s_avg_rows,0.012774754545202547,SI216,30,71
speed_10s_avg_stage2_rows,0.009652944687699873,SI216,30,71
speed_10s_avg_stage2_col1_mean,0.0049032637606191065,SI216,30,71
speed_10s_avg_stage2_col1_std_over_mean,0.020801030153375196,SI216,30,71
speed_10s_avg_stage2_col2_mean,0.010293961924104393,SI216,30,71
speed_10s_avg_stage2_col2_std_over_mean,0.09731816537453415,SI216,30,71
speed_10s_avg_stage3_rows,0.013518109054593563,SI216,30,71
speed_10s_avg_stage3_col1_mean,0.013686762239535242,SI216,30,71
speed_10s_avg_stage3_col1_std_over_mean,0.011218291863313483,SI216,30,71
speed_10s_avg_stage3_col2_mean,0.020526429750971957,SI216,30,71
speed_10s_avg_stage3_col2_std_over_mean,0.005677633366852004,SI216,30,71
speed_10s_avg_stage4_rows,0.008545970323621753,SI216,30,71
speed_10s_avg_stage4_col1_mean,0.013011169928364662,SI216,30,71
speed_10s_avg_stage4_col1_std_over_mean,0.01299762011780099,SI216,30,71
speed_10s_avg_stage4_col2_mean,0.015227423498425164,SI216,30,71
speed_10s_avg_stage4_col2_std_over_mean,0.017966404921226344,SI216,30,71
speed_10s_avg_stage5_rows,0.0005727983385797273,SI216,30,71
speed_10s_avg_stage5_col1_mean,0.0060710945826329965,SI216,30,71
speed_10s_avg_stage5_col1_std_over_mean,0.01991721263043341,SI216,30,71
speed_10s_avg_stage5_col2_mean,0.006816915031310889,SI216,30,71
speed_10s_avg_stage5_col2_std_over_mean,0.023490117397861457,SI216,30,71
stage_2_frames,0.014880465955204009,SI216,31,72
stage_3_frames,0.007452874422493426,SI216,31,72
stage_4_frames,0.006967250738831747,SI216,31,72
stage_5_frames,0.005243083110609751,SI216,31,72
roam_mean,0.011949820046033779,SI216,31,72
roam_std_over_mean,0.08713101279892037,SI216,31,72
roam_early_mean,0.011976040599166992,SI216,31,72
roam_mid_mean,0.006694961171436191,SI216,31,72
roam_late_mean,0.021743493427191583,SI216,31,72
roam_slope,0.0050903195391740165,SI216,31,72
speed_1s_rows,0.006198417071571428,SI216,31,72
speed_1s_stage2_rows,0.005808636071543404,SI216,31,72
speed_1s_stage2_col1_mean,0.007099374806898219,SI216,31,72
speed_1s_stage2_col1_std_over_mean,0.017421355502968926,SI216,31,72
speed_1s_stage2_col2_mean,0.0062586798544734595,SI216,31,72
speed_1s_stage2_col2_std_over_mean,0.06576704963943887,SI216,31,72
speed_1s_stage3_rows,0.00827898556192887,SI216,31,72
speed_1s_stage3_col1_mean,0.012271731683111492,SI216,31,72
speed_1s_stage3_col1_std_over_mean,0.0075856241604083646,SI216,31,72
speed_1s_stage3_col2_mean,0.024588556562952755,SI216,31,72
speed_1s_stage3_col2_std_over_mean,0.05191234519755207,SI216,31,72
speed_1s_stage4_rows,0.008233861664865063,SI216,31,72
speed_1s_stage4_col1_mean,0.013792496478769173,SI216,31,72
speed_1s_stage4_col1_std_over_mean,0.012042755163034661,SI216,31,72
speed_1s_stage4_col2_mean,0.014599776216044304,SI216,31,72
speed_1s_stage4_col2_std_over_mean,0.10588527115281673,SI216,31,72
speed_1s_stage5_rows,3.1320220861446074e-05,SI216,31,72
speed_1s_stage5_col1_mean,0.006126262578887602,SI216,31,72
speed_1s_stage5_col1_std_over_mean,0.050940541831225164,SI216,31,72
speed_1s_stage5_col2_mean,0.004213957382510864,SI216,31,72
speed_1s_stage5_col2_std_over_mean,0.017977435961200217,SI216,31,72
speed_10s_avg_rows,0.008515934233644083,SI216,31,72
speed_10s_avg_stage2_rows,0.010200048726667812,SI216,31,72
speed_10s_avg_stage2_col1_mean,0.007663298835644502,SI216,31,72
speed_10s_avg_stage2_col1_std_over_mean,0.04591140643579688,SI216,31,72
speed_10s_avg_stage2_col2_mean,0.009539410978395852,SI216,31,72
speed_10s_avg_stage2_col2_std_over_mean,0.08609908588923733,SI216,31,72
speed_10s_avg_stage3_rows,0.007826922658238688,SI216,31,72
speed_10s_avg_stage3_col1_mean,0.02026085703322265,SI216,31,72
speed_10s_avg_stage3_col1_std_over_mean,0.010111945193060669,SI216,31,72
speed_10s_avg_stage3_col2_mean,0.015039734452527879,SI216,31,72
speed_10s_avg_stage3_col2_std_over_mean,0.007689127711480214,SI216,31,72
speed_10s_avg_stage4_rows,0.007206562073741492,SI216,31,72
speed_10s_avg_stage4_col1_mean,0.015760481087877667,SI216,31,72
speed_10s_avg_stage4_col1_std_over_mean,0.021363093197076168,SI216,31,72
speed_10s_avg_stage4_col2_mean,0.022013978262762773,SI216,31,72
speed_10s_avg_stage4_col2_std_over_mean,0.03917650226930581,SI216,31,72
speed_10s_avg_stage5_rows,0.0004883234438748721,SI216,31,72
speed_10s_avg_stage5_col1_mean,0.0032153201978434034,SI216,31,72
speed_10s_avg_stage5_col1_std_over_mean,0.023236222156120923,SI216,31,72
speed_10s_avg_stage5_col2_mean,0.0030818802504722115,SI216,31,72
speed_10s_avg_stage5_col2_std_over_mean,0.009436108340883384,SI216,31,72
stage_2_frames,0.014580886935838146,SI216,32,73
stage_3_frames,0.015669381530447425,SI216,32,73
stage_4_frames,0.010036113238102221,SI216,32,73
stage_5_frames,0.0072774104049261,SI216,32,73
roam_mean,0.022623211970795757,SI216,32,73
roam_std_over_mean,0.0484474733375582,SI216,32,73
roam_early_mean,0.010609531079607321,SI216,32,73
roam_mid_mean,0.011102818505351995,SI216,32,73
roam_late_mean,0.028466566166431447,SI216,32,73
roam_slope,0.006814237584275597,SI216,32,73
speed_1s_rows,0.010804325967439065,SI216,32,73
speed_1s_stage2_rows,0.013680131294215478,SI216,32,73
speed_1s_stage2_col1_mean,0.007807468529659186,SI216,32,73
speed_1s_stage2_col1_std_over_mean,0.0512794294080299,SI216,32,73
speed_1s_stage2_col2_mean,0.011077704922293223,SI216,32,73
speed_1s_stage2_col2_std_over_mean,0.02363120989341272,SI216,32,73
speed_1s_stage3_rows,0.00918423337396317,SI216,32,73
speed_1s_stage3_col1_mean,0.009248086121922445,SI216,32,73
speed_1s_stage3_col1_std_over_mean,0.004476525839737652,SI216,32,73
speed_1s_stage3_col2_mean,0.019564334466401025,SI216,32,73
speed_1s_stage3_col2_std_over_mean,0.16304656309726032,SI216,32,73
speed_1s_stage4_rows,0.0032961508330529013,SI216,32,73
speed_1s_stage4_col1_mean,0.021965081909794744,SI216,32,73
speed_1s_stage4_col1_std_over_mean,0.025699662977593157,SI216,32,73
speed_1s_stage4_col2_mean,0.011009807753132378,SI216,32,73
speed_1s_stage4_col2_std_over_mean,0.037628764042053876,SI216,32,73
speed_1s_stage5_rows,0.0001286933353441674,SI216,32,73
speed_1s_stage5_col1_mean,0.004477151386372886,SI216,32,73
speed_1s_stage5_col1_std_over_mean,0.05121073688582131,SI216,32,73
speed_1s_stage5_col2_mean,0.005534860883757565,SI216,32,73
speed_1s_stage5_col2_std_over_mean,0.029993235876778657,SI216,32,73
speed_10s_avg_rows,0.007875749557245484,SI216,32,73
speed_10s_avg_stage2_rows,0.011404834672460286,SI216,32,73
speed_10s_avg_stage2_col1_mean,0.005493866127532612,SI216,32,73
speed_10s_avg_stage2_col1_std_over_mean,0.042061050214323485,SI216,32,73
speed_10s_avg_stage2_col2_mean,0.010723092202592686,SI216,32,73
speed_10s_avg_stage2_col2_std_over_mean,0.024356277024592102,SI216,32,73
speed_10s_avg_stage3_rows,0.007485419060297309,SI216,32,73
speed_10s_avg_stage3_col1_mean,0.008988091626067637,SI216,32,73
speed_10s_avg_stage3_col1_std_over_mean,0.003683064551241553,SI216,32,73
speed_10s_avg_stage3_col2_mean,0.014753264911579009,SI216,32,73
speed_10s_avg_stage3_col2_std_over_mean,0.020840391106757075,SI216,32,73
speed_10s_avg_stage4_rows,0.010321491170745227,SI216,32,73
speed_10s_avg_stage4_col1_mean,0.016412939492796746,SI216,32,73
speed_10s_avg_stage4_col1_std_over_mean,0.01768500860902078,SI216,32,73
speed_10s_avg_stage4_col2_mean,0.017215210808758354,SI216,32,73
speed_10s_avg_stage4_col2_std_over_mean,0.01594516651498161,SI216,32,73
speed_10s_avg_stage5_rows,0.0006579123275606407,SI216,32,73
speed_10s_avg_stage5_col1_mean,0.008413639655852618,SI216,32,73
speed_10s_avg_stage5_col1_std_over_mean,0.055092680856664696,SI216,32,73
speed_10s_avg_stage5_col2_mean,0.002645657450078262,SI216,32,73
speed_10s_avg_stage5_col2_std_over_mean,0.007573402507481827,SI216,32,73
stage_2_frames,0.013532494474935182,SI216,33,74
stage_3_frames,0.009481545257432446,SI216,33,74
stage_4_frames,0.009162719665103798,SI216,33,74
stage_5_frames,0.006703665199933169,SI216,33,74
roam_mean,0.017765107195599098,SI216,33,74
roam_std_over_mean,0.042602465361356874,SI216,33,74
roam_early_mean,0.0172903216611552,SI216,33,74
roam_mid_mean,0.011122511229894372,SI216,33,74
roam_late_mean,0.05189032607201302,SI216,33,74
roam_slope,0.008833303774061033,SI216,33,74
speed_1s_rows,0.011064299431220698,SI216,33,74
speed_1s_stage2_rows,0.010147494177475134,SI216,33,74
speed_1s_stage2_col1_mean,0.005637217570232896,SI216,33,74
speed_1s_stage2_col1_std_over_mean,0.02503356512179742,SI216,33,74
speed_1s_stage2_col2_mean,0.011942452560273573,SI216,33,74
speed_1s_stage2_col2_std_over_mean,0.008595295063245856,SI216,33,74
speed_1s_stage3_rows,0.009750704417557585,SI216,33,74
speed_1s_stage3_col1_mean,0.025810476031926603,SI216,33,74
speed_1s_stage3_col1_std_over_mean,0.007155457030959954,SI216,33,74
speed_1s_stage3_col2_mean,0.01253073489500927,SI216,33,74
speed_1s_stage3_col2_std_over_mean,0.027874323569993236,SI216,33,74
speed_1s_stage4_rows,0.00324208153918839,SI216,33,74
speed_1s_stage4_col1_mean,0.018376006748245174,SI216,33,74
speed_1s_stage4_col1_std_over_mean,0.013846338485069762,SI216,33,74
speed_1s_stage4_col2_mean,0.03897385803839804,SI216,33,74
speed_1s_stage4_col2_std_over_mean,0.04872427229326915,SI216,33,74
speed_1s_stage5_rows,0.001118733766109717,SI216,33,74
speed_1s_stage5_col1_mean,0.005260444833866321,SI216,33,74
speed_1s_stage5_col1_std_over_mean,0.09553351191210913,SI216,33,74
speed_1s_stage5_col2_mean,0.007468284696674319,SI216,33,74
speed_1s_stage5_col2_std_over_mean,0.03126485164335455,SI216,33,74
speed_10s_avg_rows,0.007647916746005641,SI216,33,74
speed_10s_avg_stage2_rows,0.015143332487161995,SI216,33,74
speed_10s_avg_stage2_col1_mean,0.0058307800496406785,SI216,33,74
speed_10s_avg_stage2_col1_std_over_mean,0.013510122580484075,SI216,33,74
speed_10s_avg_stage2_col2_mean,0.014407238255416194,SI216,33,74
speed_10s_avg_stage2_col2_std_over_mean,0.023012815706722988,SI216,33,74
speed_10s_avg_stage3_rows,0.010354790528875122,SI216,33,74
speed_10s_avg_stage3_col1_mean,0.024635234492702822,SI216,33,74
speed_10s_avg_stage3_col1_std_over_mean,0.026068327640607337,SI216,33,74
speed_10s_avg_stage3_col2_mean,0.010863069591266825,SI216,33,74
speed_10s_avg_stage3_col2_std_over_mean,0.014950939669756634,SI216,33,74
speed_10s_avg_stage4_rows,0.004599891176748993,SI216,33,74
speed_10s_avg_stage4_col1_mean,0.022208037468256177,SI216,33,74
speed_10s_avg_stage4_col1_std_over_mean,0.019400280822986882,SI216,33,74
speed_10s_avg_stage4_col2_mean,0.02083515248363885,SI216,33,74
speed_10s_avg_stage4_col2_std_over_mean,0.06295096660514599,SI216,33,74
speed_10s_avg_stage5_rows,0.0005393548067276368,SI216,33,74
speed_10s_avg_stage5_col1_mean,0.005826856872445048,SI216,33,74
speed_10s_avg_stage5_col1_std_over_mean,0.06860352893079949,SI216,33,74
speed_10s_avg_stage5_col2_mean,0.008950821448310454,SI216,33,74
speed_10s_avg_stage5_col2_std_over_mean,0.011925677918839382,SI216,33,74
stage_2_frames,0.013395064227329103,SI216,34,75
stage_3_frames,0.009984236782093451,SI216,34,75
stage_4_frames,0.011372826058940147,SI216,34,75
stage_5_frames,0.004496526895502508,SI216,34,75
roam_mean,0.010883676027066158,SI216,34,75
roam_std_over_mean,0.21095989554334738,SI216,34,75
roam_early_mean,0.03283506043892387,SI216,34,75
roam_mid_mean,0.019885343319087187,SI216,34,75
roam_late_mean,0.032712312583905334,SI216,34,75
roam_slope,0.012384354360109526,SI216,34,75
speed_1s_rows,0.008318381693611782,SI216,34,75
speed_1s_stage2_rows,0.02057271100864512,SI216,34,75
speed_1s_stage2_col1_mean,0.006159427421988609,SI216,34,75
speed_1s_stage2_col1_std_over_mean,0.02242698575179783,SI216,34,75
speed_1s_stage2_col2_mean,0.007703272814369686,SI216,34,75
speed_1s_stage2_col2_std_over_mean,0.011417651626298934,SI216,34,75
speed_1s_stage3_rows,0.01854229644444226,SI216,34,75
speed_1s_stage3_col1_mean,0.02276847833964827,SI216,34,75
speed_1s_stage3_col1_std_over_mean,0.008641349120532802,SI216,34,75
speed_1s_stage3_col2_mean,0.00623877793048068,SI216,34,75
speed_1s_stage3_col2_std_over_mean,0.02080294870623155,SI216,34,75
speed_1s_stage4_rows,0.008922438090142273,SI216,34,75
speed_1s_stage4_col1_mean,0.023276931241825904,SI216,34,75
speed_1s_stage4_col1_std_over_mean,0.01646027094330839,SI216,34,75
speed_1s_stage4_col2_mean,0.020875586183492653,SI216,34,75
speed_1s_stage4_col2_std_over_mean,0.018636477544778915,SI216,34,75
speed_1s_stage5_rows,0.0009619570556720585,SI216,34,75
speed_1s_stage5_col1_mean,0.004464427467046348,SI216,34,75
speed_1s_stage5_col1_std_over_mean,0.040223362826444835,SI216,34,75
speed_1s_stage5_col2_mean,0.011836739440972887,SI216,34,75
speed_1s_stage5_col2_std_over_mean,0.039943046368637894,SI216,34,75
speed_10s_avg_rows,0.006177139215284483,SI216,34,75
speed_10s_avg_stage2_rows,0.014785158804844477,SI216,34,75
speed_10s_avg_stage2_col1_mean,0.006333984148158484,SI216,34,75
speed_10s_avg_stage2_col1_std_over_mean,0.009801798248556695,SI216,34,75
speed_10s_avg_stage2_col2_mean,0.010793790399155703,SI216,34,75
speed_10s_avg_stage2_col2_std_over_mean,0.014951962889568968,SI216,34,75
speed_10s_avg_stage3_rows,0.01161652725274982,SI216,34,75
speed_10s_avg_stage3_col1_mean,0.020737948589862356,SI216,34,75
speed_10s_avg_stage3_col1_std_over_mean,0.01309854828863996,SI216,34,75
speed_10s_avg_stage3_col2_mean,0.008497051121805028,SI216,34,75
speed_10s_avg_stage3_col2_std_over_mean,0.0036635594019592205,SI216,34,75
speed_10s_avg_stage4_rows,0.011085142785704815,SI216,34,75
speed_10s_avg_stage4_col1_mean,0.01392243146863239,SI216,34,75
speed_10s_avg_stage4_col1_std_over_mean,0.021351136809728003,SI216,34,75
speed_10s_avg_stage4_col2_mean,0.01616016213806412,SI216,34,75
speed_10s_avg_stage4_col2_std_over_mean,0.047093783239846775,SI216,34,75
speed_10s_avg_stage5_rows,0.001559507827537362,SI216,34,75
speed_10s_avg_stage5_col1_mean,0.004577081752088377,SI216,34,75
speed_10s_avg_stage5_col1_std_over_mean,0.031015022794453378,SI216,34,75
speed_10s_avg_stage5_col2_mean,0.014501904952501223,SI216,34,75
speed_10s_avg_stage5_col2_std_over_mean,0.020173543614184053,SI216,34,75
stage_2_frames,0.006630842388391899,SI216,35,76
stage_3_frames,0.019770679710959374,SI216,35,76
stage_4_frames,0.01985987370527026,SI216,35,76
stage_5_frames,0.009368605560886187,SI216,35,76
roam_mean,0.029143439446065202,SI216,35,76
roam_std_over_mean,0.030938631046662377,SI216,35,76
roam_early_mean,0.041427755587325726,SI216,35,76
roam_mid_mean,0.00815937141010711,SI216,35,76
roam_late_mean,0.013052531111142393,SI216,35,76
roam_slope,0.0092190837391651,SI216,35,76
speed_1s_rows,0.007928675187098711,SI216,35,76
speed_1s_stage2_rows,0.016535460071981273,SI216,35,76
speed_1s_stage2_col1_mean,0.008720947132659338,SI216,35,76
speed_1s_stage2_col1_std_over_mean,0.011653076196821571,SI216,35,76
speed_1s_stage2_col2_mean,0.008412606109488924,SI216,35,76
speed_1s_stage2_col2_std_over_mean,0.02682950702152108,SI216,35,76
speed_1s_stage3_rows,0.017479794585850205,SI216,35,76
speed_1s_stage3_col1_mean,0.010220965135831542,SI216,35,76
speed_1s_stage3_col1_std_over_mean,0.007948444437194956,SI216,35,76
speed_1s_stage3_col2_mean,0.0327324879419081,SI216,35,76
speed_1s_stage3_col2_std_over_mean,0.060211035706747844,SI216,35,76
speed_1s_stage4_rows,0.0150904970921014,SI216,35,76
speed_1s_stage4_col1_mean,0.015185891670654175,SI216,35,76
speed_1s_stage4_col1_std_over_mean,0.05542579869873196,SI216,35,76
speed_1s_stage4_col2_mean,0.008297524554400158,SI216,35,76
speed_1s_stage4_col2_std_over_mean,0.06883427612675165,SI216,35,76
speed_1s_stage5_rows,0.0002623709226317125,SI216,35,76
speed_1s_stage5_col1_mean,0.0056427536584929315,SI216,35,76
speed_1s_stage5_col1_std_over_mean,0.09138801194205255,SI216,35,76
speed_1s_stage5_col2_mean,0.005978507312204788,SI216,35,76
speed_1s_stage5_col2_std_over_mean,0.021490452722155596,SI216,35,76
speed_10s_avg_rows,0.0062300064677657625,SI216,35,76
speed_10s_avg_stage2_rows,0.01732914501755681,SI216,35,76
speed_10s_avg_stage2_col1_mean,0.009719193780452669,SI216,35,76
speed_10s_avg_stage2_col1_std_over_mean,0.018190538742044713,SI216,35,76
speed_10s_avg_stage2_col2_mean,0.004472503372873661,SI216,35,76
speed_10s_avg_stage2_col2_std_over_mean,0.028682529856712494,SI216,35,76
speed_10s_avg_stage3_rows,0.015125967009470869,SI216,35,76
speed_10s_avg_stage3_col1_mean,0.010047073869940727,SI216,35,76
speed_10s_avg_stage3_col1_std_over_mean,0.00913430920661408,SI216,35,76
speed_10s_avg_stage3_col2_mean,0.01738086762467748,SI216,35,76
speed_10s_avg_stage3_col2_std_over_mean,0.007012087199345912,SI216,35,76
speed_10s_avg_stage4_rows,0.01070856137338312,SI216,35,76
speed_10s_avg_stage4_col1_mean,0.011830159216538664,SI216,35,76
speed_10s_avg_stage4_col1_std_over_mean,0.03855943960161777,SI216,35,76
speed_10s_avg_stage4_col2_mean,0.015607237583803708,SI216,35,76
speed_10s_avg_stage4_col2_std_over_mean,0.04371655271884901,SI216,35,76
speed_10s_avg_stage5_rows,8.402730094979388e-05,SI216,35,76
speed_10s_avg_stage5_col1_mean,0.004635959315848368,SI216,35,76
speed_10s_avg_stage5_col1_std_over_mean,0.03390794798357026,SI216,35,76
speed_10s_avg_stage5_col2_mean,0.004396395498499335,SI216,35,76
speed_10s_avg_stage5_col2_std_over_mean,0.009389599326228853,SI216,35,76
stage_2_frames,0.007447288903329098,SI216,36,77
stage_3_frames,0.008615516350218821,SI216,36,77
stage_4_frames,0.01888577083218111,SI216,36,77
stage_5_frames,0.005800663769441016,SI216,36,77
roam_mean,0.026343039251614846,SI216,36,77
roam_std_over_mean,0.18325525009238625,SI216,36,77
roam_early_mean,0.014690195036378292,SI216,36,77
roam_mid_mean,0.023633295325237773,SI216,36,77
roam_late_mean,0.032952773432293206,SI216,36,77
roam_slope,0.006896669707571133,SI216,36,77
speed_1s_rows,0.006643660749907325,SI216,36,77
speed_1s_stage2_rows,0.010368242350133552,SI216,36,77
speed_1s_stage2_col1_mean,0.005835032630247984,SI216,36,77
speed_1s_stage2_col1_std_over_mean,0.01275051782477394,SI216,36,77
speed_1s_stage2_col2_mean,0.006762083435560801,SI216,36,77
speed_1s_stage2_col2_std_over_mean,0.019470682867379175,SI216,36,77
speed_1s_stage3_rows,0.011586989506616258,SI216,36,77
speed_1s_stage3_col1_mean,0.001985470132779135,SI216,36,77
speed_1s_stage3_col1_std_over_mean,0.006397988527745867,SI216,36,77
speed_1s_stage3_col2_mean,0.0159533388646269,SI216,36,77
speed_1s_stage3_col2_std_over_mean,0.03083254413183201,SI216,36,77
speed_1s_stage4_rows,0.007130406276501787,SI216,36,77
speed_1s_stage4_col1_mean,0.009801281326503392,SI216,36,77
speed_1s_stage4_col1_std_over_mean,0.013160059010488978,SI216,36,77
speed_1s_stage4_col2_mean,0.042843777250963194,SI216,36,77
speed_1s_stage4_col2_std_over_mean,0.06729112310598694,SI216,36,77
speed_1s_stage5_rows,5.887328721648145e-05,SI216,36,77
speed_1s_stage5_col1_mean,0.002317181080067012,SI216,36,77
speed_1s_stage5_col1_std_over_mean,0.06425982232143071,SI216,36,77
speed_1s_stage5_col2_mean,0.012828363537029893,SI216,36,77
speed_1s_stage5_col2_std_over_mean,0.04166431808214672,SI216,36,77
speed_10s_avg_rows,0.0037649490373446773,SI216,36,77
speed_10s_avg_stage2_rows,0.010983520534227588,SI216,36,77
speed_10s_avg_stage2_col1_mean,0.012627700559085655,SI216,36,77
speed_10s_avg_stage2_col1_std_over_mean,0.011516209583123925,SI216,36,77
speed_10s_avg_stage2_col2_mean,0.006627047116897805,SI216,36,77
speed_10s_avg_stage2_col2_std_over_mean,0.026364102590395642,SI216,36,77
speed_10s_avg_stage3_rows,0.019175474794426564,SI216,36,77
speed_10s_avg_stage3_col1_mean,0.004170457073284701,SI216,36,77
speed_10s_avg_stage3_col1_std_over_mean,0.014745136364759203,SI216,36,77
speed_10s_avg_stage3_col2_mean,0.014233897658909311,SI216,36,77
speed_10s_avg_stage3_col2_std_over_mean,0.012062654418500357,SI216,36,77
speed_10s_avg_stage4_rows,0.007837892520055864,SI216,36,77
speed_10s_avg_stage4_col1_mean,0.007958612819016154,SI216,36,77
speed_10s_avg_stage4_col1_std_over_mean,0.009485332472817713,SI216,36,77
speed_10s_avg_stage4_col2_mean,0.03621033940397176,SI216,36,77
speed_10s_avg_stage4_col2_std_over_mean,0.014517851016558954,SI216,36,77
speed_10s_avg_stage5_rows,1.808036394958533e-05,SI216,36,77
speed_10s_avg_stage5_col1_mean,0.0018098475223113286,SI216,36,77
speed_10s_avg_stage5_col1_std_over_mean,0.03799486732379323,SI216,36,77
speed_10s_avg_stage5_col2_mean,0.009118603913728656,SI216,36,77
speed_10s_avg_stage5_col2_std_over_mean,0.020315203912251854,SI216,36,77
stage_2_frames,0.02422154186239269,SI216,37,78
stage_3_frames,0.006764750882972256,SI216,37,78
stage_4_frames,0.006099582545966406,SI216,37,78
stage_5_frames,0.0070530025502022016,SI216,37,78
roam_mean,0.011189903834397103,SI216,37,78
roam_std_over_mean,0.13559041534607025,SI216,37,78
roam_early_mean,0.019017126961343223,SI216,37,78
roam_mid_mean,0.0438133598190362,SI216,37,78
roam_late_mean,0.026798965053720293,SI216,37,78
roam_slope,0.013463443455800462,SI216,37,78
speed_1s_rows,0.010849042645496835,SI216,37,78
speed_1s_stage2_rows,0.0069967576106580035,SI216,37,78
speed_1s_stage2_col1_mean,0.00811497739867773,SI216,37,78
speed_1s_stage2_col1_std_over_mean,0.0125476451714313,SI216,37,78
speed_1s_stage2_col2_mean,0.007220923382451554,SI216,37,78
speed_1s_stage2_col2_std_over_mean,0.01111221830950035,SI216,37,78
speed_1s_stage3_rows,0.006375291416432694,SI216,37,78
speed_1s_stage3_col1_mean,0.004183181056081755,SI216,37,78
speed_1s_stage3_col1_std_over_mean,0.005926310310484121,SI216,37,78
speed_1s_stage3_col2_mean,0.01853116305759912,SI216,37,78
speed_1s_stage3_col2_std_over_mean,0.18987911964057416,SI216,37,78
speed_1s_stage4_rows,0.006255851441427818,SI216,37,78
speed_1s_stage4_col1_mean,0.01387854353070949,SI216,37,78
speed_1s_stage4_col1_std_over_mean,0.0294122702836098,SI216,37,78
speed_1s_stage4_col2_mean,0.008268367487948403,SI216,37,78
speed_1s_stage4_col2_std_over_mean,0.0238904266878336,SI216,37,78
speed_1s_stage5_rows,0.0008283747168455136,SI216,37,78
speed_1s_stage5_col1_mean,0.004696856490247228,SI216,37,78
speed_1s_stage5_col1_std_over_mean,0.02082897857867643,SI216,37,78
speed_1s_stage5_col2_mean,0.027317981019273886,SI216,37,78
speed_1s_stage5_col2_std_over_mean,0.047591734456868914,SI216,37,78
speed_10s_avg_rows,0.015800698003894113,SI216,37,78
speed_10s_avg_stage2_rows,0.009367942008181265,SI216,37,78
speed_10s_avg_stage2_col1_mean,0.007449621060550467,SI216,37,78
speed_10s_avg_stage2_col1_std_over_mean,0.009382530440514857,SI216,37,78
speed_10s_avg_stage2_col2_mean,0.0054609253996569535,SI216,37,78
speed_10s_avg_stage2_col2_std_over_mean,0.02131623874317295,SI216,37,78
speed_10s_avg_stage3_rows,0.007417913754306409,SI216,37,78
speed_10s_avg_stage3_col1_mean,0.00469647112604104,SI216,37,78
speed_10s_avg_stage3_col1_std_over_mean,0.008243513941347135,SI216,37,78
speed_10s_avg_stage3_col2_mean,0.012541553043342276,SI216,37,78
speed_10s_avg_stage3_col2_std_over_mean,0.017644845769574983,SI216,37,78
speed_10s_avg_stage4_rows,0.007633526609723087,SI216,37,78
speed_10s_avg_stage4_col1_mean,0.011801338080041841,SI216,37,78
speed_10s_avg_stage4_col1_std_over_mean,0.008095717935878644,SI216,37,78
speed_10s_avg_stage4_col2_mean,0.009795819402716045,SI216,37,78
speed_10s_avg_stage4_col2_std_over_mean,0.025448077789626617,SI216,37,78
speed_10s_avg_stage5_rows,0.0017734771679290635,SI216,37,78
speed_10s_avg_stage5_col1_mean,0.004813139986368572,SI216,37,78
speed_10s_avg_stage5_col1_std_over_mean,0.009753865884632892,SI216,37,78
speed_10s_avg_stage5_col2_mean,0.019422850872436535,SI216,37,78
speed_10s_avg_stage5_col2_std_over_mean,0.0234218259753345,SI216,37,78
stage_2_frames,0.0140917551075861,SI216,38,79
stage_3_frames,0.006501060479540377,SI216,38,79
stage_4_frames,0.00500442944969305,SI216,38,79
stage_5_frames,0.010691439919418795,SI216,38,79
roam_mean,0.03787087720804212,SI216,38,79
roam_std_over_mean,0.026238262251580605,SI216,38,79
roam_early_mean,0.07546431320367214,SI216,38,79
roam_mid_mean,0.02443943697337001,SI216,38,79
roam_late_mean,0.01745091624306267,SI216,38,79
roam_slope,0.01094333939323567,SI216,38,79
speed_1s_rows,0.010817852822096184,SI216,38,79
speed_1s_stage2_rows,0.012904395265097561,SI216,38,79
speed_1s_stage2_col1_mean,0.009097138294710289,SI216,38,79
speed_1s_stage2_col1_std_over_mean,0.034082727778913344,SI216,38,79
speed_1s_stage2_col2_mean,0.009703487925848953,SI216,38,79
speed_1s_stage2_col2_std_over_mean,0.04586366204846452,SI216,38,79
speed_1s_stage3_rows,0.0022605911577260242,SI216,38,79
speed_1s_stage3_col1_mean,0.01845851602745448,SI216,38,79
speed_1s_stage3_col1_std_over_mean,0.011610577990258896,SI216,38,79
speed_1s_stage3_col2_mean,0.005780007175553682,SI216,38,79
speed_1s_stage3_col2_std_over_mean,0.030845720295549356,SI216,38,79
speed_1s_stage4_rows,0.010764170125986022,SI216,38,79
speed_1s_stage4_col1_mean,0.01678037955722214,SI216,38,79
speed_1s_stage4_col1_std_over_mean,0.026419381550053845,SI216,38,79
speed_1s_stage4_col2_mean,0.008652976318429711,SI216,38,79
speed_1s_stage4_col2_std_over_mean,0.05584843755218411,SI216,38,79
speed_1s_stage5_rows,0.00034208087667593056,SI216,38,79
speed_1s_stage5_col1_mean,0.007503678007317143,SI216,38,79
speed_1s_stage5_col1_std_over_mean,0.07611158647827918,SI216,38,79
speed_1s_stage5_col2_mean,0.008218241435701096,SI216,38,79
speed_1s_stage5_col2_std_over_mean,0.01634475345917029,SI216,38,79
speed_10s_avg_rows,0.009648985399406427,SI216,38,79
speed_10s_avg_stage2_rows,0.010886347208173554,SI216,38,79
speed_10s_avg_stage2_col1_mean,0.007071843610142587,SI216,38,79
speed_10s_avg_stage2_col1_std_over_mean,0.031521325517169005,SI216,38,79
speed_10s_avg_stage2_col2_mean,0.007543972619700189,SI216,38,79
speed_10s_avg_stage2_col2_std_over_mean,0.033509114386143395,SI216,38,79
speed_10s_avg_stage3_rows,0.005430775383044015,SI216,38,79
speed_10s_avg_stage3_col1_mean,0.028550716092804504,SI216,38,79
speed_10s_avg_stage3_col1_std_over_mean,0.036928421865303866,SI216,38,79
speed_10s_avg_stage3_col2_mean,0.008161754165959384,SI216,38,79
speed_10s_avg_stage3_col2_std_over_mean,0.011583419817043592,SI216,38,79
speed_10s_avg_stage4_rows,0.011869776940452551,SI216,38,79
speed_10s_avg_stage4_col1_mean,0.015890440765331703,SI216,38,79
speed_10s_avg_stage4_col1_std_over_mean,0.028881833893963368,SI216,38,79
speed_10s_avg_stage4_col2_mean,0.009996085718094029,SI216,38,79
speed_10s_avg_stage4_col2_std_over_mean,0.03510173639850002,SI216,38,79
speed_10s_avg_stage5_rows,7.255894980017841e-05,SI216,38,79
speed_10s_avg_stage5_col1_mean,0.004928409143708971,SI216,38,79
speed_10s_avg_stage5_col1_std_over_mean,0.04190693536740467,SI216,38,79
speed_10s_avg_stage5_col2_mean,0.005862507561839213,SI216,38,79
speed_10s_avg_stage5_col2_std_over_mean,0.007546846824120597,SI216,38,79
stage_2_frames,0.0071900271743546434,SI216,39,80
stage_3_frames,0.010251141053607912,SI216,39,80
stage_4_frames,0.01192558466772514,SI216,39,80
stage_5_frames,0.010256390551961744,SI216,39,80
roam_mean,0.03099795797184615,SI216,39,80
roam_std_over_mean,0.19523992234691406,SI216,39,80
roam_early_mean,0.027763569693576944,SI216,39,80
roam_mid_mean,0.007818021902754458,SI216,39,80
roam_late_mean,0.014445417108246872,SI216,39,80
roam_slope,0.006683594961033803,SI216,39,80
speed_1s_rows,0.007176040630982044,SI216,39,80
speed_1s_stage2_rows,0.011691338372110808,SI216,39,80
speed_1s_stage2_col1_mean,0.004256664279216424,SI216,39,80
speed_1s_stage2_col1_std_over_mean,0.014593496913220197,SI216,39,80
speed_1s_stage2_col2_mean,0.009457036603120403,SI216,39,80
speed_1s_stage2_col2_std_over_mean,0.04211967214351486,SI216,39,80
speed_1s_stage3_rows,0.018192151864445675,SI216,39,80
speed_1s_stage3_col1_mean,0.003603411457183021,SI216,39,80
speed_1s_stage3_col1_std_over_mean,0.005872557493759296,SI216,39,80
speed_1s_stage3_col2_mean,0.012743540175926904,SI216,39,80
speed_1s_stage3_col2_std_over_mean,0.06939738548248778,SI216,39,80
speed_1s_stage4_rows,0.009759031499516934,SI216,39,80
speed_1s_stage4_col1_mean,0.011523567176585245,SI216,39,80
speed_1s_stage4_col1_std_over_mean,0.01703727401077584,SI216,39,80
speed_1s_stage4_col2_mean,0.011724544262389754,SI216,39,80
speed_1s_stage4_col2_std_over_mean,0.0801621391159665,SI216,39,80
speed_1s_stage5_rows,0.0005736720231275329,SI216,39,80
speed_1s_stage5_col1_mean,0.002082629725092777,SI216,39,80
speed_1s_stage5_col1_std_over_mean,0.025176832257219697,SI216,39,80
speed_1s_stage5_col2_mean,0.007967750260989701,SI216,39,80
speed_1s_stage5_col2_std_over_mean,0.07134587705680405,SI216,39,80
speed_10s_avg_rows,0.005892740001854654,SI216,39,80
speed_10s_avg_stage2_rows,0.012563243684838557,SI216,39,80
speed_10s_avg_stage2_col1_mean,0.003406610101356223,SI216,39,80
speed_10s_avg_stage2_col1_std_over_mean,0.0281510057600965,SI216,39,80
speed_10s_avg_stage2_col2_mean,0.008291500223336232,SI216,39,80
speed_10s_avg_stage2_col2_std_over_mean,0.020047918131055303,SI216,39,80
speed_10s_avg_stage3_rows,0.010679369319123855,SI216,39,80
speed_10s_avg_stage3_col1_mean,0.0027560160886377304,SI216,39,80
speed_10s_avg_stage3_col1_std_over_mean,0.009423125423581768,SI216,39,80
speed_10s_avg_stage3_col2_mean,0.015418830413715263,SI216,39,80
speed_10s_avg_stage3_col2_std_over_mean,0.010468322364726128,SI216,39,80
speed_10s_avg_stage4_rows,0.0031790837608183277,SI216,39,80
speed_10s_avg_stage4_col1_mean,0.012759350502698977,SI216,39,80
speed_10s_avg_stage4_col1_std_over_mean,0.005779482815840001,SI216,39,80
speed_10s_avg_stage4_col2_mean,0.013814556189434682,SI216,39,80
speed_10s_avg_stage4_col2_std_over_mean,0.04643532971794933,SI216,39,80
speed_10s_avg_stage5_rows,0.0016134728712387763,SI216,39,80
speed_10s_avg_stage5_col1_mean,0.002697463709278992,SI216,39,80
speed_10s_avg_stage5_col1_std_over_mean,0.012902355962316295,SI216,39,80
speed_10s_avg_stage5_col2_mean,0.0034030104801718664,SI216,39,80
speed_10s_avg_stage5_col2_std_over_mean,0.01128897224147331,SI216,39,80
stage_2_frames,0.020810242348783595,SI216,40,81
stage_3_frames,0.005887242558484583,SI216,40,81
stage_4_frames,0.009551441536024208,SI216,40,81
stage_5_frames,0.00732464852943965,SI216,40,81
roam_mean,0.028905934783983456,SI216,40,81
roam_std_over_mean,0.04551067696580943,SI216,40,81
roam_early_mean,0.035088077479248185,SI216,40,81
roam_mid_mean,0.0206301283855905,SI216,40,81
roam_late_mean,0.04678894364763093,SI216,40,81
roam_slope,0.011116019663800925,SI216,40,81
speed_1s_rows,0.008641855490457834,SI216,40,81
speed_1s_stage2_rows,0.012036455240004544,SI216,40,81
speed_1s_stage2_col1_mean,0.0073190590141035275,SI216,40,81
speed_1s_stage2_col1_std_over_mean,0.022646684874244455,SI216,40,81
speed_1s_stage2_col2_mean,0.007750855177015017,SI216,40,81
speed_1s_stage2_col2_std_over_mean,0.030750296080530478,SI216,40,81
speed_1s_stage3_rows,0.008009757656332007,SI216,40,81
speed_1s_stage3_col1_mean,0.044450834496357505,SI216,40,81
speed_1s_stage3_col1_std_over_mean,0.010511687696001856,SI216,40,81
speed_1s_stage3_col2_mean,0.005963518524594908,SI216,40,81
speed_1s_stage3_col2_std_over_mean,0.06277634668978384,SI216,40,81
speed_1s_stage4_rows,0.010451331413549864,SI216,40,81
speed_1s_stage4_col1_mean,0.019026321565110377,SI216,40,81
speed_1s_stage4_col1_std_over_mean,0.02755828079893526,SI216,40,81
speed_1s_stage4_col2_mean,0.021959181006443874,SI216,40,81
speed_1s_stage4_col2_std_over_mean,0.03974815295755981,SI216,40,81
speed_1s_stage5_rows,0.00011465163883082526,SI216,40,81
speed_1s_stage5_col1_mean,0.006892165174714411,SI216,40,81
speed_1s_stage5_col1_std_over_mean,0.05213149667404292,SI216,40,81
speed_1s_stage5_col2_mean,0.003195507849690899,SI216,40,81
speed_1s_stage5_col2_std_over_mean,0.022072141537889535,SI216,40,81
speed_10s_avg_rows,0.008895133901557955,SI216,40,81
speed_10s_avg_stage2_rows,0.009903922943444625,SI216,40,81
speed_10s_avg_stage2_col1_mean,0.007122407501421153,SI216,40,81
speed_10s_avg_stage2_col1_std_over_mean,0.024339087130241324,SI216,40,81
speed_10s_avg_stage2_col2_mean,0.006522563701563206,SI216,40,81
speed_10s_avg_stage2_col2_std_over_mean,0.04538080801809388,SI216,40,81
speed_10s_avg_stage3_rows,0.012237992903897215,SI216,40,81
speed_10s_avg_stage3_col1_mean,0.05327484295237549,SI216,40,81
speed_10s_avg_stage3_col1_std_over_mean,0.01339531071913069,SI216,40,81
speed_10s_avg_stage3_col2_mean,0.008423530346044652,SI216,40,81
speed_10s_avg_stage3_col2_std_over_mean,0.014184069200245179,SI216,40,81
speed_10s_avg_stage4_rows,0.009240668465361835,SI216,40,81
speed_10s_avg_stage4_col1_mean,0.01714850835734102,SI216,40,81
speed_10s_avg_stage4_col1_std_over_mean,0.02728010049702499,SI216,40,81
speed_10s_avg_stage4_col2_mean,0.018858031669651092,SI216,40,81
speed_10s_avg_stage4_col2_std_over_mean,0.01735704267614946,SI216,40,81
speed_10s_avg_stage5_rows,0.0002851056435114681,SI216,40,81
speed_10s_avg_stage5_col1_mean,0.00877520744590411,SI216,40,81
speed_10s_avg_stage5_col1_std_over_mean,0.03045863635464633,SI216,40,81
speed_10s_avg_stage5_col2_mean,0.005029602106567189,SI216,40,81
speed_10s_avg_stage5_col2_std_over_mean,0.0062674900108380845,SI216,40,81
stage_2_frames,0.01129101598361511,SI216,41,82
stage_3_frames,0.0060589836754095135,SI216,41,82
stage_4_frames,0.021577737786891538,SI216,41,82
stage_5_frames,0.013175836489495555,SI216,41,82
roam_mean,0.026126342585070336,SI216,41,82
roam_std_over_mean,0.09584929256428507,SI216,41,82
roam_early_mean,0.04060794113598597,SI216,41,82
roam_mid_mean,0.018396429369760492,SI216,41,82
roam_late_mean,0.01443202103942612,SI216,41,82
roam_slope,0.01831077613075765,SI216,41,82
speed_1s_rows,0.01014982561550096,SI216,41,82
speed_1s_stage2_rows,0.007691009134923099,SI216,41,82
speed_1s_stage2_col1_mean,0.00725881557417969,SI216,41,82
speed_1s_stage2_col1_std_over_mean,0.022212037820139467,SI216,41,82
speed_1s_stage2_col2_mean,0.008980787080128932,SI216,41,82
speed_1s_stage2_col2_std_over_mean,0.017005321633688848,SI216,41,82
speed_1s_stage3_rows,0.026504275231625133,SI216,41,82
speed_1s_stage3_col1_mean,0.017670621468636707,SI216,41,82
speed_1s_stage3_col1_std_over_mean,0.013441534520085284,SI216,41,82
speed_1s_stage3_col2_mean,0.014000964185527404,SI216,41,82
speed_1s_stage3_col2_std_over_mean,0.03849371666050183,SI216,41,82
speed_1s_stage4_rows,0.006041848883007925,SI216,41,82
speed_1s_stage4_col1_mean,0.01401966352450282,SI216,41,82
speed_1s_stage4_col1_std_over_mean,0.018369994620009555,SI216,41,82
speed_1s_stage4_col2_mean,0.021253788847723644,SI216,41,82
speed_1s_stage4_col2_std_over_mean,0.05009549681766773,SI216,41,82
speed_1s_stage5_rows,0.002359962390759593,SI216,41,82
speed_1s_stage5_col1_mean,0.0040719250433305255,SI216,41,82
speed_1s_stage5_col1_std_over_mean,0.03165187229311972,SI216,41,82
speed_1s_stage5_col2_mean,0.009729956737747824,SI216,41,82
speed_1s_stage5_col2_std_over_mean,0.07943928997945061,SI216,41,82
speed_10s_avg_rows,0.006979143456380216,SI216,41,82
speed_10s_avg_stage2_rows,0.011256259737726874,SI216,41,82
speed_10s_avg_stage2_col1_mean,0.004586497207471911,SI216,41,82
speed_10s_avg_stage2_col1_std_over_mean,0.018633052423528047,SI216,41,82
speed_10s_avg_stage2_col2_mean,0.01136973630696993,SI216,41,82
speed_10s_avg_stage2_col2_std_over_mean,0.016386736222066777,SI216,41,82
speed_10s_avg_stage3_rows,0.023552332547981076,SI216,41,82
speed_10s_avg_stage3_col1_mean,0.01958270396758345,SI216,41,82
speed_10s_avg_stage3_col1_std_over_mean,0.015422755645775749,SI216,41,82
speed_10s_avg_stage3_col2_mean,0.01701869755611103,SI216,41,82
speed_10s_avg_stage3_col2_std_over_mean,0.016945313480559776,SI216,41,82
speed_10s_avg_stage4_rows,0.008228105759557026,SI216,41,82
speed_10s_avg_stage4_col1_mean,0.00977287262604226,SI216,41,82
speed_10s_avg_stage4_col1_std_over_mean,0.020750854716276232,SI216,41,82
speed_10s_avg_stage4_col2_mean,0.024420034999654654,SI216,41,82
speed_10s_avg_stage4_col2_std_over_mean,0.030606480652913857,SI216,41,82
speed_10s_avg_stage5_rows,0.0012493912562254422,SI216,41,82
speed_10s_avg_stage5_col1_mean,0.007439928224539847,SI216,41,82
speed_10s_avg_stage5_col1_std_over_mean,0.024459391399696793,SI216,41,82
speed_10s_avg_stage5_col2_mean,0.008312394519839363,SI216,41,82
speed_10s_avg_stage5_col2_std_over_mean,0.016758232470145178,SI216,41,82
stage_2_frames,0.016443621655730385,SI216,42,83
stage_3_frames,0.007880948999253123,SI216,42,83
stage_4_frames,0.015172165566287659,SI216,42,83
stage_5_frames,0.009905774082902554,SI216,42,83
roam_mean,0.022027658824596286,SI216,42,83
roam_std_over_mean,0.020121189237262697,SI216,42,83
roam_early_mean,0.022650201826870258,SI216,42,83
roam_mid_mean,0.01903983290571793,SI216,42,83
roam_late_mean,0.02336860684361466,SI216,42,83
roam_slope,0.007541815764017125,SI216,42,83
speed_1s_rows,0.0081167326772,SI216,42,83
speed_1s_stage2_rows,0.007999947562787046,SI216,42,83
speed_1s_stage2_col1_mean,0.01414203242509389,SI216,42,83
speed_1s_stage2_col1_std_over_mean,0.031361397363565725,SI216,42,83
speed_1s_stage2_col2_mean,0.013075009729075765,SI216,42,83
speed_1s_stage2_col2_std_over_mean,0.015606636802276502,SI216,42,83
speed_1s_stage3_rows,0.018629176893261767,SI216,42,83
speed_1s_stage3_col1_mean,0.02039724939231172,SI216,42,83
speed_1s_stage3_col1_std_over_mean,0.00803833556508334,SI216,42,83
speed_1s_stage3_col2_mean,0.010709250812771407,SI216,42,83
speed_1s_stage3_col2_std_over_mean,0.11552965897599912,SI216,42,83
speed_1s_stage4_rows,0.01004075056361141,SI216,42,83
speed_1s_stage4_col1_mean,0.01688297496080762,SI216,42,83
speed_1s_stage4_col1_std_over_mean,0.01927424056863929,SI216,42,83
speed_1s_stage4_col2_mean,0.024217966407497616,SI216,42,83
speed_1s_stage4_col2_std_over_mean,0.0961757611535001,SI216,42,83
speed_1s_stage5_rows,7.711421472024683e-05,SI216,42,83
speed_1s_stage5_col1_mean,0.00637112176466747,SI216,42,83
speed_1s_stage5_col1_std_over_mean,0.0431625747402252,SI216,42,83
speed_1s_stage5_col2_mean,0.010804294359651165,SI216,42,83
speed_1s_stage5_col2_std_over_mean,0.026471514807010717,SI216,42,83
speed_10s_avg_rows,0.00953887389015605,SI216,42,83
speed_10s_avg_stage2_rows,0.009798738885700587,SI216,42,83
speed_10s_avg_stage2_col1_mean,0.008803747405441686,SI216,42,83
speed_10s_avg_stage2_col1_std_over_mean,0.020054675248689972,SI216,42,83
speed_10s_avg_stage2_col2_mean,0.010353670494806342,SI216,42,83
speed_10s_avg_stage2_col2_std_over_mean,0.019997462753814702,SI216,42,83
speed_10s_avg_stage3_rows,0.011269884798935046,SI216,42,83
speed_10s_avg_stage3_col1_mean,0.02823725839682626,SI216,42,83
speed_10s_avg_stage3_col1_std_over_mean,0.018264537834296605,SI216,42,83
speed_10s_avg_stage3_col2_mean,0.024240331517474532,SI216,42,83
speed_10s_avg_stage3_col2_std_over_mean,0.01749636116334501,SI216,42,83
speed_10s_avg_stage4_rows,0.0113820452864792,SI216,42,83
speed_10s_avg_stage4_col1_mean,0.011538653653964809,SI216,42,83
speed_10s_avg_stage4_col1_std_over_mean,0.019389477422980025,SI216,42,83
speed_10s_avg_stage4_col2_mean,0.015404599264024828,SI216,42,83
speed_10s_avg_stage4_col2_std_over_mean,0.024761551411565167,SI216,42,83
speed_10s_avg_stage5_rows,0.00021617275264546322,SI216,42,83
speed_10s_avg_stage5_col1_mean,0.005444217216159966,SI216,42,83
speed_10s_avg_stage5_col1_std_over_mean,0.02599565075234714,SI216,42,83
speed_10s_avg_stage5_col2_mean,0.008235108184543144,SI216,42,83
speed_10s_avg_stage5_col2_std_over_mean,0.018341424219793775,SI216,42,83
stage_2_frames,0.010419762400346425,SI216,43,84
stage_3_frames,0.008792839663105663,SI216,43,84
stage_4_frames,0.003470874427666713,SI216,43,84
stage_5_frames,0.010875594214392692,SI216,43,84
roam_mean,0.03863901851605353,SI216,43,84
roam_std_over_mean,0.04360455760701352,SI216,43,84
roam_early_mean,0.04120547066524529,SI216,43,84
roam_mid_mean,0.013052968649503758,SI216,43,84
roam_late_mean,0.018203673505781778,SI216,43,84
roam_slope,0.007528210461156644,SI216,43,84
speed_1s_rows,0.006016017977402697,SI216,43,84
speed_1s_stage2_rows,0.010956791509192989,SI216,43,84
speed_1s_stage2_col1_mean,0.008156632774096378,SI216,43,84
speed_1s_stage2_col1_std_over_mean,0.01465606119321651,SI216,43,84
speed_1s_stage2_col2_mean,0.008302322823343951,SI216,43,84
speed_1s_stage2_col2_std_over_mean,0.044603524917828576,SI216,43,84
speed_1s_stage3_rows,0.0042253409521983394,SI216,43,84
speed_1s_stage3_col1_mean,0.017994127872639324,SI216,43,84
speed_1s_stage3_col1_std_over_mean,0.005394388847194045,SI216,43,84
speed_1s_stage3_col2_mean,0.008914629717460374,SI216,43,84
speed_1s_stage3_col2_std_over_mean,0.08221017571879782,SI216,43,84
speed_1s_stage4_rows,0.010301253754123463,SI216,43,84
speed_1s_stage4_col1_mean,0.020197457785403675,SI216,43,84
speed_1s_stage4_col1_std_over_mean,0.006252774412018466,SI216,43,84
speed_1s_stage4_col2_mean,0.008931090473568312,SI216,43,84
speed_1s_stage4_col2_std_over_mean,0.040609854408375334,SI216,43,84
speed_1s_stage5_rows,0.0002006172122754338,SI216,43,84
speed_1s_stage5_col1_mean,0.004625086373112405,SI216,43,84
speed_1s_stage5_col1_std_over_mean,0.05632825551776529,SI216,43,84
speed_1s_stage5_col2_mean,0.009325663760783705,SI216,43,84
speed_1s_stage5_col2_std_over_mean,0.0823181586849395,SI216,43,84
speed_10s_avg_rows,0.0062813786586629235,SI216,43,84
speed_10s_avg_stage2_rows,0.008931680904120115,SI216,43,84
speed_10s_avg_stage2_col1_mean,0.008130724064708258,SI216,43,84
speed_10s_avg_stage2_col1_std_over_mean,0.014843404744025436,SI216,43,84
speed_10s_avg_stage2_col2_mean,0.01607830196178674,SI216,43,84
speed_10s_avg_stage2_col2_std_over_mean,0.03663369461550263,SI216,43,84
speed_10s_avg_stage3_rows,0.005682556013450717,SI216,43,84
speed_10s_avg_stage3_col1_mean,0.02006320248117661,SI216,43,84
speed_10s_avg_stage3_col1_std_over_mean,0.012239284730756488,SI216,43,84
speed_10s_avg_stage3_col2_mean,0.005979575772930458,SI216,43,84
speed_10s_avg_stage3_col2_std_over_mean,0.0053003839925256525,SI216,43,84
speed_10s_avg_stage4_rows,0.007393478698704667,SI216,43,84
speed_10s_avg_stage4_col1_mean,0.02310089078299885,SI216,43,84
speed_10s_avg_stage4_col1_std_over_mean,0.0073181735404261655,SI216,43,84
speed_10s_avg_stage4_col2_mean,0.011977695275497774,SI216,43,84
speed_10s_avg_stage4_col2_std_over_mean,0.03578484261818714,SI216,43,84
speed_10s_avg_stage5_rows,0.00035771802613099584,SI216,43,84
speed_10s_avg_stage5_col1_mean,0.00687942495850969,SI216,43,84
speed_10s_avg_stage5_col1_std_over_mean,0.0779678423330558,SI216,43,84
speed_10s_avg_stage5_col2_mean,0.005959739890825313,SI216,43,84
speed_10s_avg_stage5_col2_std_over_mean,0.03678280914001516,SI216,43,84
stage_2_frames,0.010559534337434036,SI216,44,85
stage_3_frames,0.012937991975371974,SI216,44,85
stage_4_frames,0.013434468089853503,SI216,44,85
stage_5_frames,0.004965846252380907,SI216,44,85
roam_mean,0.021789977522542938,SI216,44,85
roam_std_over_mean,0.14807490996003211,SI216,44,85
roam_early_mean,0.01992300790179111,SI216,44,85
roam_mid_mean,0.010733201134998361,SI216,44,85
roam_late_mean,0.027151971287163304,SI216,44,85
roam_slope,0.021118823265164493,SI216,44,85
speed_1s_rows,0.006999920218546296,SI216,44,85
speed_1s_stage2_rows,0.01288057242582799,SI216,44,85
speed_1s_stage2_col1_mean,0.005296779729256093,SI216,44,85
speed_1s_stage2_col1_std_over_mean,0.017273366657897807,SI216,44,85
speed_1s_stage2_col2_mean,0.006847706864604744,SI216,44,85
speed_1s_stage2_col2_std_over_mean,0.016929837172204695,SI216,44,85
speed_1s_stage3_rows,0.007938901218251079,SI216,44,85
speed_1s_stage3_col1_mean,0.025966938322357275,SI216,44,85
speed_1s_stage3_col1_std_over_mean,0.007288941402249246,SI216,44,85
speed_1s_stage3_col2_mean,0.010190246792866016,SI216,44,85
speed_1s_stage3_col2_std_over_mean,0.058170354650339144,SI216,44,85
speed_1s_stage4_rows,0.004287718495328377,SI216,44,85
speed_1s_stage4_col1_mean,0.014217851050604424,SI216,44,85
speed_1s_stage4_col1_std_over_mean,0.014345407194888212,SI216,44,85
speed_1s_stage4_col2_mean,0.015213269047963562,SI216,44,85
speed_1s_stage4_col2_std_over_mean,0.04766676826229896,SI216,44,85
speed_1s_stage5_rows,0.000157035199521526,SI216,44,85
speed_1s_stage5_col1_mean,0.008200953527677197,SI216,44,85
speed_1s_stage5_col1_std_over_mean,0.05161773468145253,SI216,44,85
speed_1s_stage5_col2_mean,0.008373485076331871,SI216,44,85
speed_1s_stage5_col2_std_over_mean,0.024667034568451606,SI216,44,85
speed_10s_avg_rows,0.006229319378782784,SI216,44,85
speed_10s_avg_stage2_rows,0.014286579241925012,SI216,44,85
speed_10s_avg_stage2_col1_mean,0.0025427252714907518,SI216,44,85
speed_10s_avg_stage2_col1_std_over_mean,0.01056726096055249,SI216,44,85
speed_10s_avg_stage2_col2_mean,0.006167162521123138,SI216,44,85
speed_10s_avg_stage2_col2_std_over_mean,0.029768468012839347,SI216,44,85
speed_10s_avg_stage3_rows,0.011343332161827974,SI216,44,85
speed_10s_avg_stage3_col1_mean,0.023913198175643535,SI216,44,85
speed_10s_avg_stage3_col1_std_over_mean,0.023344606824080693,SI216,44,85
speed_10s_avg_stage3_col2_mean,0.004747255621740465,SI216,44,85
speed_10s_avg_stage3_col2_std_over_mean,0.010950825219163313,SI216,44,85
speed_10s_avg_stage4_rows,0.0065875740144517225,SI216,44,85
speed_10s_avg_stage4_col1_mean,0.01321464319816939,SI216,44,85
speed_10s_avg_stage4_col1_std_over_mean,0.023654486889152615,SI216,44,85
speed_10s_avg_stage4_col2_mean,0.015656705773646622,SI216,44,85
speed_10s_avg_stage4_col2_std_over_mean,0.07894297907258259,SI216,44,85
speed_10s_avg_stage5_rows,0.0009291484496264028,SI216,44,85
speed_10s_avg_stage5_col1_mean,0.006001120756233363,SI216,44,85
speed_10s_avg_stage5_col1_std_over_mean,0.03272013922905916,SI216,44,85
speed_10s_avg_stage5_col2_mean,0.00790394186823165,SI216,44,85
speed_10s_avg_stage5_col2_std_over_mean,0.015307973074025556,SI216,44,85
stage_2_frames,0.032405891921577785,SI216,45,86
stage_3_frames,0.009075341654420997,SI216,45,86
stage_4_frames,0.01632206492705507,SI216,45,86
stage_5_frames,0.004685041800524784,SI216,45,86
roam_mean,0.03175734633305799,SI216,45,86
roam_std_over_mean,0.0798038582733198,SI216,45,86
roam_early_mean,0.027398413043016455,SI216,45,86
roam_mid_mean,0.01033340499534251,SI216,45,86
roam_late_mean,0.017478868614180843,SI216,45,86
roam_slope,0.01030883768633904,SI216,45,86
speed_1s_rows,0.005393881460271242,SI216,45,86
speed_1s_stage2_rows,0.012879234861840819,SI216,45,86
speed_1s_stage2_col1_mean,0.007435485754512447,SI216,45,86
speed_1s_stage2_col1_std_over_mean,0.022708902285379983,SI216,45,86
speed_1s_stage2_col2_mean,0.011180102516013741,SI216,45,86
speed_1s_stage2_col2_std_over_mean,0.019663428970563217,SI216,45,86
speed_1s_stage3_rows,0.012531360639032426,SI216,45,86
speed_1s_stage3_col1_mean,0.01490736791910677,SI216,45,86
speed_1s_stage3_col1_std_over_mean,0.017697826310326986,SI216,45,86
speed_1s_stage3_col2_mean,0.02118802574001135,SI216,45,86
speed_1s_stage3_col2_std_over_mean,0.08266047197141785,SI216,45,86
speed_1s_stage4_rows,0.0058027391852724175,SI216,45,86
speed_1s_stage4_col1_mean,0.017752391521777683,SI216,45,86
speed_1s_stage4_col1_std_over_mean,0.02436269174132089,SI216,45,86
speed_1s_stage4_col2_mean,0.027774231917241453,SI216,45,86
speed_1s_stage4_col2_std_over_mean,0.046174455153318444,SI216,45,86
speed_1s_stage5_rows,4.117513845140308e-06,SI216,45,86
speed_1s_stage5_col1_mean,0.009350783882112133,SI216,45,86
speed_1s_stage5_col1_std_over_mean,0.053144614512733425,SI216,45,86
speed_1s_stage5_col2_mean,0.004854648506450982,SI216,45,86
speed_1s_stage5_col2_std_over_mean,0.03718871650316875,SI216,45,86
speed_10s_avg_rows,0.0067660673224590575,SI216,45,86
speed_10s_avg_stage2_rows,0.011523332316905183,SI216,45,86
speed_10s_avg_stage2_col1_mean,0.007568939274726467,SI216,45,86
speed_10s_avg_stage2_col1_std_over_mean,0.01370984678204968,SI216,45,86
speed_10s_avg_stage2_col2_mean,0.01092928257114472,SI216,45,86
speed_10s_avg_stage2_col2_std_over_mean,0.0329506809796824,SI216,45,86
speed_10s_avg_stage3_rows,0.014922158504734367,SI216,45,86
speed_10s_avg_stage3_col1_mean,0.010007467996768566,SI216,45,86
speed_10s_avg_stage3_col1_std_over_mean,0.01718730533248221,SI216,45,86
speed_10s_avg_stage3_col2_mean,0.027884244321147545,SI216,45,86
speed_10s_avg_stage3_col2_std_over_mean,0.017665079498189674,SI216,45,86
speed_10s_avg_stage4_rows,0.006125594657704231,SI216,45,86
speed_10s_avg_stage4_col1_mean,0.013482026924312895,SI216,45,86
speed_10s_avg_stage4_col1_std_over_mean,0.019501260194875383,SI216,45,86
speed_10s_avg_stage4_col2_mean,0.023707477395036935,SI216,45,86
speed_10s_avg_stage4_col2_std_over_mean,0.016158332263845252,SI216,45,86
speed_10s_avg_stage5_rows,5.697684637449707e-05,SI216,45,86
speed_10s_avg_stage5_col1_mean,0.005403100597058119,SI216,45,86
speed_10s_avg_stage5_col1_std_over_mean,0.02943095828758736,SI216,45,86
speed_10s_avg_stage5_col2_mean,0.005817079551991442,SI216,45,86
speed_10s_avg_stage5_col2_std_over_mean,0.014978240266370478,SI216,45,86
stage_2_frames,0.011791764601360893,SI216,46,87
stage_3_frames,0.0052438808545370846,SI216,46,87
stage_4_frames,0.004526056794478324,SI216,46,87
stage_5_frames,0.001926338105104117,SI216,46,87
roam_mean,0.030951457771536295,SI216,46,87
roam_std_over_mean,0.06075644449601666,SI216,46,87
roam_early_mean,0.019769213161636212,SI216,46,87
roam_mid_mean,0.0041236467954153585,SI216,46,87
roam_late_mean,0.0264266104672429,SI216,46,87
roam_slope,0.007839364908165109,SI216,46,87
speed_1s_rows,0.005785291652973997,SI216,46,87
speed_1s_stage2_rows,0.003826685585190232,SI216,46,87
speed_1s_stage2_col1_mean,0.008624981984760348,SI216,46,87
speed_1s_stage2_col1_std_over_mean,0.04362693860487872,SI216,46,87
speed_1s_stage2_col2_mean,0.013933061187541753,SI216,46,87
speed_1s_stage2_col2_std_over_mean,0.009040812096054313,SI216,46,87
speed_1s_stage3_rows,0.0045157049909073385,SI216,46,87
speed_1s_stage3_col1_mean,0.011974588457587663,SI216,46,87
speed_1s_stage3_col1_std_over_mean,0.008221864737661492,SI216,46,87
speed_1s_stage3_col2_mean,0.012433554111476043,SI216,46,87
speed_1s_stage3_col2_std_over_mean,0.006019612977597766,SI216,46,87
speed_1s_stage4_rows,0.0033419539914303856,SI216,46,87
speed_1s_stage4_col1_mean,0.01041708900350419,SI216,46,87
speed_1s_stage4_col1_std_over_mean,0.010796548746794294,SI216,46,87
speed_1s_stage4_col2_mean,0.011905798184197576,SI216,46,87
speed_1s_stage4_col2_std_over_mean,0.02815763556814123,SI216,46,87
speed_1s_stage5_rows,0.0020456733627212116,SI216,46,87
speed_1s_stage5_col1_mean,0.008001045883395024,SI216,46,87
speed_1s_stage5_col1_std_over_mean,0.2571207622131318,SI216,46,87
speed_1s_stage5_col2_mean,0.004359245016780537,SI216,46,87
speed_1s_stage5_col2_std_over_mean,0.028662853526970473,SI216,46,87
speed_10s_avg_rows,0.005537800129404783,SI216,46,87
speed_10s_avg_stage2_rows,0.006542660673393591,SI216,46,87
speed_10s_avg_stage2_col1_mean,0.004259948391989351,SI216,46,87
speed_10s_avg_stage2_col1_std_over_mean,0.038977828414912,SI216,46,87
speed_10s_avg_stage2_col2_mean,0.0076601823465407394,SI216,46,87
speed_10s_avg_stage2_col2_std_over_mean,0.013242524997937417,SI216,46,87
speed_10s_avg_stage3_rows,0.0014704365406642177,SI216,46,87
speed_10s_avg_stage3_col1_mean,0.011515599207497342,SI216,46,87
speed_10s_avg_stage3_col1_std_over_mean,0.012470699856441381,SI216,46,87
speed_10s_avg_stage3_col2_mean,0.018316180387450524,SI216,46,87
speed_10s_avg_stage3_col2_std_over_mean,0.006592223732586869,SI216,46,87
speed_10s_avg_stage4_rows,0.0026805432268439426,SI216,46,87
speed_10s_avg_stage4_col1_mean,0.011316008182850036,SI216,46,87
speed_10s_avg_stage4_col1_std_over_mean,0.031639633340223336,SI216,46,87
speed_10s_avg_stage4_col2_mean,0.01338337769411322,SI216,46,87
speed_10s_avg_stage4_col2_std_over_mean,0.01461848386157256,SI216,46,87
speed_10s_avg_stage5_rows,0.0014879727817866716,SI216,46,87
speed_10s_avg_stage5_col1_mean,0.009276161651794915,SI216,46,87
speed_10s_avg_stage5_col1_std_over_mean,0.09804000544943722,SI216,46,87
speed_10s_avg_stage5_col2_mean,0.007638574190338595,SI216,46,87
speed_10s_avg_stage5_col2_std_over_mean,0.017166675103031978,SI216,46,87
stage_2_frames,0.0103497733231005,SI216,47,88
stage_3_frames,0.011829054767181546,SI216,47,88
stage_4_frames,0.01603218572584275,SI216,47,88
stage_5_frames,0.0076586174058186195,SI216,47,88
roam_mean,0.09012076605740509,SI216,47,88
roam_std_over_mean,0.13346416379588696,SI216,47,88
roam_early_mean,0.01189454875324147,SI216,47,88
roam_mid_mean,0.004715118946009661,SI216,47,88
roam_late_mean,0.06701906218435141,SI216,47,88
roam_slope,0.014991285266413794,SI216,47,88
speed_1s_rows,0.008167641414830678,SI216,47,88
speed_1s_stage2_rows,0.011779196950253682,SI216,47,88
speed_1s_stage2_col1_mean,0.005189414224679616,SI216,47,88
speed_1s_stage2_col1_std_over_mean,0.03871817942326513,SI216,47,88
speed_1s_stage2_col2_mean,0.007410635455915744,SI216,47,88
speed_1s_stage2_col2_std_over_mean,0.005821942652599006,SI216,47,88
speed_1s_stage3_rows,0.016472428032633674,SI216,47,88
speed_1s_stage3_col1_mean,0.003614981308954875,SI216,47,88
speed_1s_stage3_col1_std_over_mean,0.0027833032359051656,SI216,47,88
speed_1s_stage3_col2_mean,0.009400463382951566,SI216,47,88
speed_1s_stage3_col2_std_over_mean,0.017035567862771002,SI216,47,88
speed_1s_stage4_rows,0.011416552206975754,SI216,47,88
speed_1s_stage4_col1_mean,0.011971909249612618,SI216,47,88
speed_1s_stage4_col1_std_over_mean,0.01721733748166334,SI216,47,88
speed_1s_stage4_col2_mean,0.041213943672708135,SI216,47,88
speed_1s_stage4_col2_std_over_mean,0.016454832861848564,SI216,47,88
speed_1s_stage5_rows,0.0005218215167531397,SI216,47,88
speed_1s_stage5_col1_mean,0.002932008164931353,SI216,47,88
speed_1s_stage5_col1_std_over_mean,0.08118273124189188,SI216,47,88
speed_1s_stage5_col2_mean,0.003954218172147515,SI216,47,88
speed_1s_stage5_col2_std_over_mean,0.018667278835028892,SI216,47,88
speed_10s_avg_rows,0.007510310661245245,SI216,47,88
speed_10s_avg_stage2_rows,0.015647370641750764,SI216,47,88
speed_10s_avg_stage2_col1_mean,0.005670222398302655,SI216,47,88
speed_10s_avg_stage2_col1_std_over_mean,0.03958052016949298,SI216,47,88
speed_10s_avg_stage2_col2_mean,0.005386243735249903,SI216,47,88
speed_10s_avg_stage2_col2_std_over_mean,0.04829728392560162,SI216,47,88
speed_10s_avg_stage3_rows,0.021521348150645516,SI216,47,88
speed_10s_avg_stage3_col1_mean,0.0025640236956890714,SI216,47,88
speed_10s_avg_stage3_col1_std_over_mean,0.01158825073912331,SI216,47,88
speed_10s_avg_stage3_col2_mean,0.018894471271041928,SI216,47,88
speed_10s_avg_stage3_col2_std_over_mean,0.004841054145773367,SI216,47,88
speed_10s_avg_stage4_rows,0.0049057341299454365,SI216,47,88
speed_10s_avg_stage4_col1_mean,0.01147489398550247,SI216,47,88
speed_10s_avg_stage4_col1_std_over_mean,0.02186165405674158,SI216,47,88
speed_10s_avg_stage4_col2_mean,0.0484316775096581,SI216,47,88
speed_10s_avg_stage4_col2_std_over_mean,0.013209580452016898,SI216,47,88
speed_10s_avg_stage5_rows,0.00030493796314645855,SI216,47,88
speed_10s_avg_stage5_col1_mean,0.002070701264406785,SI216,47,88
speed_10s_avg_stage5_col1_std_over_mean,0.008313434152837073,SI216,47,88
speed_10s_avg_stage5_col2_mean,0.005542800589265243,SI216,47,88
speed_10s_avg_stage5_col2_std_over_mean,0.0023825227889905593,SI216,47,88
stage_2_frames,0.00953527870357474,SI216,48,89
stage_3_frames,0.009794463933867714,SI216,48,89
stage_4_frames,0.012353411812081367,SI216,48,89
stage_5_frames,0.0090429613566114,SI216,48,89
roam_mean,0.019661306973171828,SI216,48,89
roam_std_over_mean,0.03076230347346682,SI216,48,89
roam_early_mean,0.03517751733857262,SI216,48,89
roam_mid_mean,0.009569470696993081,SI216,48,89
roam_late_mean,0.02990846565484106,SI216,48,89
roam_slope,0.013243247251120084,SI216,48,89
speed_1s_rows,0.010479715251675995,SI216,48,89
speed_1s_stage2_rows,0.010560847623177503,SI216,48,89
speed_1s_stage2_col1_mean,0.005003967160794716,SI216,48,89
speed_1s_stage2_col1_std_over_mean,0.017935667311112662,SI216,48,89
speed_1s_stage2_col2_mean,0.01587678166682246,SI216,48,89
speed_1s_stage2_col2_std_over_mean,0.06386839049128422,SI216,48,89
speed_1s_stage3_rows,0.014064147598953969,SI216,48,89
speed_1s_stage3_col1_mean,0.009669675892220845,SI216,48,89
speed_1s_stage3_col1_std_over_mean,0.00786696815019462,SI216,48,89
speed_1s_stage3_col2_mean,0.01938192584985267,SI216,48,89
speed_1s_stage3_col2_std_over_mean,0.0684508454757555,SI216,48,89
speed_1s_stage4_rows,0.008625262708520293,SI216,48,89
speed_1s_stage4_col1_mean,0.011728499583674983,SI216,48,89
speed_1s_stage4_col1_std_over_mean,0.009852152203318703,SI216,48,89
speed_1s_stage4_col2_mean,0.018305518622286493,SI216,48,89
speed_1s_stage4_col2_std_over_mean,0.031376141710138965,SI216,48,89
speed_1s_stage5_rows,0.0013372092599941451,SI216,48,89
speed_1s_stage5_col1_mean,0.0026335675971189826,SI216,48,89
speed_1s_stage5_col1_std_over_mean,0.11122754672238043,SI216,48,89
speed_1s_stage5_col2_mean,0.011269329692103218,SI216,48,89
speed_1s_stage5_col2_std_over_mean,0.02274543283597828,SI216,48,89
speed_10s_avg_rows,0.008066258750765007,SI216,48,89
speed_10s_avg_stage2_rows,0.007719381568408957,SI216,48,89
speed_10s_avg_stage2_col1_mean,0.005949059387659564,SI216,48,89
speed_10s_avg_stage2_col1_std_over_mean,0.021432168518405334,SI216,48,89
speed_10s_avg_stage2_col2_mean,0.006650538375037614,SI216,48,89
speed_10s_avg_stage2_col2_std_over_mean,0.06826549851065761,SI216,48,89
speed_10s_avg_stage3_rows,0.012217979474396541,SI216,48,89
speed_10s_avg_stage3_col1_mean,0.01212022827448918,SI216,48,89
speed_10s_avg_stage3_col1_std_over_mean,0.009014414310760966,SI216,48,89
speed_10s_avg_stage3_col2_mean,0.023346747023645736,SI216,48,89
speed_10s_avg_stage3_col2_std_over_mean,0.009933396676415508,SI216,48,89
speed_10s_avg_stage4_rows,0.011354255785857888,SI216,48,89
speed_10s_avg_stage4_col1_mean,0.011021243603293157,SI216,48,89
speed_10s_avg_stage4_col1_std_over_mean,0.018072863832757247,SI216,48,89
speed_10s_avg_stage4_col2_mean,0.01697061112521647,SI216,48,89
speed_10s_avg_stage4_col2_std_over_mean,0.018200114612256672,SI216,48,89
speed_10s_avg_stage5_rows,0.0006150813933382476,SI216,48,89
speed_10s_avg_stage5_col1_mean,0.0069588401199743985,SI216,48,89
speed_10s_avg_stage5_col1_std_over_mean,0.05911684202778904,SI216,48,89
speed_10s_avg_stage5_col2_mean,0.013069755126442468,SI216,48,89
speed_10s_avg_stage5_col2_std_over_mean,0.008596700900772082,SI216,48,89
stage_2_frames,0.010816821428662115,SI216,49,90
stage_3_frames,0.007672575123947164,SI216,49,90
stage_4_frames,0.005145881488037089,SI216,49,90
stage_5_frames,0.007299889431848383,SI216,49,90
roam_mean,0.050125777323854405,SI216,49,90
roam_std_over_mean,0.07759296577174099,SI216,49,90
roam_early_mean,0.14046903653811574,SI216,49,90
roam_mid_mean,0.007908001399059105,SI216,49,90
roam_late_mean,0.009000867711757742,SI216,49,90
roam_slope,0.02769280602719176,SI216,49,90
speed_1s_rows,0.009513421446850323,SI216,49,90
speed_1s_stage2_rows,0.011915457582269619,SI216,49,90
speed_1s_stage2_col1_mean,0.005023948290176502,SI216,49,90
speed_1s_stage2_col1_std_over_mean,0.020310503403714587,SI216,49,90
speed_1s_stage2_col2_mean,0.009733958208949086,SI216,49,90
speed_1s_stage2_col2_std_over_mean,0.008096229620304533,SI216,49,90
speed_1s_stage3_rows,0.003965431579430861,SI216,49,90
speed_1s_stage3_col1_mean,0.005787074865177743,SI216,49,90
speed_1s_stage3_col1_std_over_mean,0.006940782789031627,SI216,49,90
speed_1s_stage3_col2_mean,0.010948671727319337,SI216,49,90
speed_1s_stage3_col2_std_over_mean,0.12357582395156692,SI216,49,90
speed_1s_stage4_rows,0.008827778048352455,SI216,49,90
speed_1s_stage4_col1_mean,0.009028617524907462,SI216,49,90
speed_1s_stage4_col1_std_over_mean,0.019612486036633407,SI216,49,90
speed_1s_stage4_col2_mean,0.01406300939136106,SI216,49,90
speed_1s_stage4_col2_std_over_mean,0.037130815690142135,SI216,49,90
speed_1s_stage5_rows,0.0009785557317146412,SI216,49,90
speed_1s_stage5_col1_mean,0.00936265365607093,SI216,49,90
speed_1s_stage5_col1_std_over_mean,0.05957139167778646,SI216,49,90
speed_1s_stage5_col2_mean,0.006043901288315448,SI216,49,90
speed_1s_stage5_col2_std_over_mean,0.014053424008876074,SI216,49,90
speed_10s_avg_rows,0.009475556999156148,SI216,49,90
speed_10s_avg_stage2_rows,0.009855533386245131,SI216,49,90
speed_10s_avg_stage2_col1_mean,0.004014959259354438,SI216,49,90
speed_10s_avg_stage2_col1_std_over_mean,0.008213759020544015,SI216,49,90
speed_10s_avg_stage2_col2_mean,0.013885119305732602,SI216,49,90
speed_10s_avg_stage2_col2_std_over_mean,0.028773744960647687,SI216,49,90
speed_10s_avg_stage3_rows,0.005626086834707893,SI216,49,90
speed_10s_avg_stage3_col1_mean,0.006449238647504344,SI216,49,90
speed_10s_avg_stage3_col1_std_over_mean,0.006963554234057369,SI216,49,90
speed_10s_avg_stage3_col2_mean,0.016681641493297178,SI216,49,90
speed_10s_avg_stage3_col2_std_over_mean,0.010375932840590522,SI216,49,90
speed_10s_avg_stage4_rows,0.0024072483276029017,SI216,49,90
speed_10s_avg_stage4_col1_mean,0.00582350555440071,SI216,49,90
speed_10s_avg_stage4_col1_std_over_mean,0.03419353937632324,SI216,49,90
speed_10s_avg_stage4_col2_mean,0.017839204000863845,SI216,49,90
speed_10s_avg_stage4_col2_std_over_mean,0.0536809600434303,SI216,49,90
speed_10s_avg_stage5_rows,0.0004511007855703064,SI216,49,90
speed_10s_avg_stage5_col1_mean,0.006039177156881112,SI216,49,90
speed_10s_avg_stage5_col1_std_over_mean,0.010558382845436887,SI216,49,90
speed_10s_avg_stage5_col2_mean,0.0036148245599290085,SI216,49,90
speed_10s_avg_stage5_col2_std_over_mean,0.006868371604558625,SI216,49,90
stage_2_frames,0.02449534647971567,SI216,50,91
stage_3_frames,0.009727351934723044,SI216,50,91
stage_4_frames,0.012552463807918069,SI216,50,91
stage_5_frames,0.009318408639849462,SI216,50,91
roam_mean,0.019951332013987588,SI216,50,91
roam_std_over_mean,0.047038369604546895,SI216,50,91
roam_early_mean,0.021132319069974398,SI216,50,91
roam_mid_mean,0.028751389036195913,SI216,50,91
roam_late_mean,0.03141235786964118,SI216,50,91
roam_slope,0.011853417257418076,SI216,50,91
speed_1s_rows,0.007596071700575074,SI216,50,91
speed_1s_stage2_rows,0.0067943827841193604,SI216,50,91
speed_1s_stage2_col1_mean,0.005477955261807136,SI216,50,91
speed_1s_stage2_col1_std_over_mean,0.020511811981653853,SI216,50,91
speed_1s_stage2_col2_mean,0.007909944249711615,SI216,50,91
speed_1s_stage2_col2_std_over_mean,0.022404341015894596,SI216,50,91
speed_1s_stage3_rows,0.010866470817519422,SI216,50,91
speed_1s_stage3_col1_mean,0.023744641233548813,SI216,50,91
speed_1s_stage3_col1_std_over_mean,0.00892758528338579,SI216,50,91
speed_1s_stage3_col2_mean,0.010325663613825177,SI216,50,91
speed_1s_stage3_col2_std_over_mean,0.03874573363904409,SI216,50,91
speed_1s_stage4_rows,0.006294171265621783,SI216,50,91
speed_1s_stage4_col1_mean,0.013245593253712516,SI216,50,91
speed_1s_stage4_col1_std_over_mean,0.019926272023438555,SI216,50,91
speed_1s_stage4_col2_mean,0.02039802335926331,SI216,50,91
speed_1s_stage4_col2_std_over_mean,0.046142065907863385,SI216,50,91
speed_1s_stage5_rows,0.0002508527434709627,SI216,50,91
speed_1s_stage5_col1_mean,0.0033225827770666893,SI216,50,91
speed_1s_stage5_col1_std_over_mean,0.0639789140136702,SI216,50,91
speed_1s_stage5_col2_mean,0.019607163078922143,SI216,50,91
speed_1s_stage5_col2_std_over_mean,0.07400588320687418,SI216,50,91
speed_10s_avg_rows,0.009708137112088039,SI216,50,91
speed_10s_avg_stage2_rows,0.0072074491205817845,SI216,50,91
speed_10s_avg_stage2_col1_mean,0.007135845527636803,SI216,50,91
speed_10s_avg_stage2_col1_std_over_mean,0.045168560868307,SI216,50,91
speed_10s_avg_stage2_col2_mean,0.011128741524658167,SI216,50,91
speed_10s_avg_stage2_col2_std_over_mean,0.03283145379599721,SI216,50,91
speed_10s_avg_stage3_rows,0.010332561889209007,SI216,50,91
speed_10s_avg_stage3_col1_mean,0.024575370123353275,SI216,50,91
speed_10s_avg_stage3_col1_std_over_mean,0.020577994178007597,SI216,50,91
speed_10s_avg_stage3_col2_mean,0.0093406071019251,SI216,50,91
speed_10s_avg_stage3_col2_std_over_mean,0.005110838227759164,SI216,50,91
speed_10s_avg_stage4_rows,0.0056556786032902154,SI216,50,91
speed_10s_avg_stage4_col1_mean,0.011315658857045987,SI216,50,91
speed_10s_avg_stage4_col1_std_over_mean,0.02094525524287445,SI216,50,91
speed_10s_avg_stage4_col2_mean,0.026055868767957218,SI216,50,91
speed_10s_avg_stage4_col2_std_over_mean,0.02464659461099631,SI216,50,91
speed_10s_avg_stage5_rows,0.00045842545807694865,SI216,50,91
speed_10s_avg_stage5_col1_mean,0.006152982237822306,SI216,50,91
speed_10s_avg_stage5_col1_std_over_mean,0.04139670086096752,SI216,50,91
speed_10s_avg_stage5_col2_mean,0.017432037617339767,SI216,50,91
speed_10s_avg_stage5_col2_std_over_mean,0.016114359349147064,SI216,50,91
stage_2_frames,0.01081168118683375,SI216,51,92
stage_3_frames,0.013540404518748786,SI216,51,92
stage_4_frames,0.006911621414547393,SI216,51,92
stage_5_frames,0.007214772109127038,SI216,51,92
roam_mean,0.04167134008324134,SI216,51,92
roam_std_over_mean,0.0359401342742905,SI216,51,92
roam_early_mean,0.06384137204924778,SI216,51,92
roam_mid_mean,0.010805979016641945,SI216,51,92
roam_late_mean,0.02995923803365428,SI216,51,92
roam_slope,0.013121684930112143,SI216,51,92
speed_1s_rows,0.005859079906245121,SI216,51,92
speed_1s_stage2_rows,0.010704902872190659,SI216,51,92
speed_1s_stage2_col1_mean,0.00580887750968475,SI216,51,92
speed_1s_stage2_col1_std_over_mean,0.026823389206087615,SI216,51,92
speed_1s_stage2_col2_mean,0.008980952824012815,SI216,51,92
speed_1s_stage2_col2_std_over_mean,0.07206360883643562,SI216,51,92
speed_1s_stage3_rows,0.009066915706830748,SI216,51,92
speed_1s_stage3_col1_mean,0.012924142003920574,SI216,51,92
speed_1s_stage3_col1_std_over_mean,0.006409801486075487,SI216,51,92
speed_1s_stage3_col2_mean,0.011964293946881938,SI216,51,92
speed_1s_stage3_col2_std_over_mean,0.054276081413807443,SI216,51,92
speed_1s_stage4_rows,0.005389044598220263,SI216,51,92
speed_1s_stage4_col1_mean,0.015285551927003066,SI216,51,92
speed_1s_stage4_col1_std_over_mean,0.01971801148024416,SI216,51,92
speed_1s_stage4_col2_mean,0.01042480780317593,SI216,51,92
speed_1s_stage4_col2_std_over_mean,0.0602934201792167,SI216,51,92
speed_1s_stage5_rows,0.001402674188903395,SI216,51,92
speed_1s_stage5_col1_mean,0.009714499779442666,SI216,51,92
speed_1s_stage5_col1_std_over_mean,0.06313611353481652,SI216,51,92
speed_1s_stage5_col2_mean,0.00577868946760545,SI216,51,92
speed_1s_stage5_col2_std_over_mean,0.027387983988175914,SI216,51,92
speed_10s_avg_rows,0.008702331628491359,SI216,51,92
speed_10s_avg_stage2_rows,0.01027110385306989,SI216,51,92
speed_10s_avg_stage2_col1_mean,0.0039341949849722125,SI216,51,92
speed_10s_avg_stage2_col1_std_over_mean,0.029665784532888272,SI216,51,92
speed_10s_avg_stage2_col2_mean,0.008158477448527098,SI216,51,92
speed_10s_avg_stage2_col2_std_over_mean,0.06752327893504985,SI216,51,92
speed_10s_avg_stage3_rows,0.009494129938354717,SI216,51,92
speed_10s_avg_stage3_col1_mean,0.012833132215248486,SI216,51,92
speed_10s_avg_stage3_col1_std_over_mean,0.009875799711043125,SI216,51,92
speed_10s_avg_stage3_col2_mean,0.01220032128527886,SI216,51,92
speed_10s_avg_stage3_col2_std_over_mean,0.0055587066735168405,SI216,51,92
speed_10s_avg_stage4_rows,0.00989805238050244,SI216,51,92
speed_10s_avg_stage4_col1_mean,0.013719294989563506,SI216,51,92
speed_10s_avg_stage4_col1_std_over_mean,0.0184469025295385,SI216,51,92
speed_10s_avg_stage4_col2_mean,0.01382358663998517,SI216,51,92
speed_10s_avg_stage4_col2_std_over_mean,0.02574410100676037,SI216,51,92
speed_10s_avg_stage5_rows,0.0004982285549011495,SI216,51,92
speed_10s_avg_stage5_col1_mean,0.006042510971809758,SI216,51,92
speed_10s_avg_stage5_col1_std_over_mean,0.03757117906837948,SI216,51,92
speed_10s_avg_stage5_col2_mean,0.006100855043570728,SI216,51,92
speed_10s_avg_stage5_col2_std_over_mean,0.01270695733312648,SI216,51,92
stage_2_frames,0.0151103807270913,SI216,52,93
stage_3_frames,0.01439188154993731,SI216,52,93
stage_4_frames,0.012322808859935572,SI216,52,93
stage_5_frames,0.006075278921706314,SI216,52,93
roam_mean,0.004267722387339843,SI216,52,93
roam_std_over_mean,0.0952578889996596,SI216,52,93
roam_early_mean,0.026732903186041868,SI216,52,93
roam_mid_mean,0.00928509161919149,SI216,52,93
roam_late_mean,0.04456936269707307,SI216,52,93
roam_slope,0.010620285877865678,SI216,52,93
speed_1s_rows,0.007364625931053351,SI216,52,93
speed_1s_stage2_rows,0.01158023042198347,SI216,52,93
speed_1s_stage2_col1_mean,0.00771348821021331,SI216,52,93
speed_1s_stage2_col1_std_over_mean,0.024304890588792406,SI216,52,93
speed_1s_stage2_col2_mean,0.006934593819240202,SI216,52,93
speed_1s_stage2_col2_std_over_mean,0.023567938898924834,SI216,52,93
speed_1s_stage3_rows,0.009863565988147674,SI216,52,93
speed_1s_stage3_col1_mean,0.02491534055384219,SI216,52,93
speed_1s_stage3_col1_std_over_mean,0.008152332927270757,SI216,52,93
speed_1s_stage3_col2_mean,0.005969827659727793,SI216,52,93
speed_1s_stage3_col2_std_over_mean,0.045086140567921436,SI216,52,93
speed_1s_stage4_rows,0.00784389172044088,SI216,52,93
speed_1s_stage4_col1_mean,0.02478202368369123,SI216,52,93
speed_1s_stage4_col1_std_over_mean,0.018039702833163657,SI216,52,93
speed_1s_stage4_col2_mean,0.01076354488565639,SI216,52,93
speed_1s_stage4_col2_std_over_mean,0.06529079392160306,SI216,52,93
speed_1s_stage5_rows,0.0004258051294283415,SI216,52,93
speed_1s_stage5_col1_mean,0.008647671014540493,SI216,52,93
speed_1s_stage5_col1_std_over_mean,0.06136800446522271,SI216,52,93
speed_1s_stage5_col2_mean,0.005424399026978289,SI216,52,93
speed_1s_stage5_col2_std_over_mean,0.030376346262500676,SI216,52,93
speed_10s_avg_rows,0.007390858025321125,SI216,52,93
speed_10s_avg_stage2_rows,0.013433502334280315,SI216,52,93
speed_10s_avg_stage2_col1_mean,0.00997402109046279,SI216,52,93
speed_10s_avg_stage2_col1_std_over_mean,0.04069548406418225,SI216,52,93
speed_10s_avg_stage2_col2_mean,0.01025960601398159,SI216,52,93
speed_10s_avg_stage2_col2_std_over_mean,0.03087216598858869,SI216,52,93
speed_10s_avg_stage3_rows,0.010780621065466076,SI216,52,93
speed_10s_avg_stage3_col1_mean,0.026094160960538713,SI216,52,93
speed_10s_avg_stage3_col1_std_over_mean,0.009747821960565665,SI216,52,93
speed_10s_avg_stage3_col2_mean,0.006053109920379523,SI216,52,93
speed_10s_avg_stage3_col2_std_over_mean,0.016691453348358264,SI216,52,93
speed_10s_avg_stage4_rows,0.008439399505351225,SI216,52,93
speed_10s_avg_stage4_col1_mean,0.019829523147069095,SI216,52,93
speed_10s_avg_stage4_col1_std_over_mean,0.014226203434908831,SI216,52,93
speed_10s_avg_stage4_col2_mean,0.010366134204280264,SI216,52,93
speed_10s_avg_stage4_col2_std_over_mean,0.07279899479575248,SI216,52,93
speed_10s_avg_stage5_rows,0.0005957513418730021,SI216,52,93
speed_10s_avg_stage5_col1_mean,0.005289256965371159,SI216,52,93
speed_10s_avg_stage5_col1_std_over_mean,0.022842275097806012,SI216,52,93
speed_10s_avg_stage5_col2_mean,0.0041962353949350235,SI216,52,93
speed_10s_avg_stage5_col2_std_over_mean,0.012374658004342495,SI216,52,93
stage_2_frames,0.013067923480566634,SI216,53,94
stage_3_frames,0.012008570272315399,SI216,53,94
stage_4_frames,0.021152535558319384,SI216,53,94
stage_5_frames,0.013253380240670907,SI216,53,94
roam_mean,0.025831802169086076,SI216,53,94
roam_std_over_mean,0.035712592057446875,SI216,53,94
roam_early_mean,0.03749519724510435,SI216,53,94
roam_mid_mean,0.0028200238787730995,SI216,53,94
roam_late_mean,0.01344110008651967,SI216,53,94
roam_slope,0.007845726686570116,SI216,53,94
speed_1s_rows,0.016790668995744606,SI216,53,94
speed_1s_stage2_rows,0.017886114076700738,SI216,53,94
speed_1s_stage2_col1_mean,0.005339655939690947,SI216,53,94
speed_1s_stage2_col1_std_over_mean,0.019953204330693537,SI216,53,94
speed_1s_stage2_col2_mean,0.006906119419130403,SI216,53,94
speed_1s_stage2_col2_std_over_mean,0.0388091201509847,SI216,53,94
speed_1s_stage3_rows,0.018219060074234187,SI216,53,94
speed_1s_stage3_col1_mean,0.005211066905131947,SI216,53,94
speed_1s_stage3_col1_std_over_mean,0.011340906726444201,SI216,53,94
speed_1s_stage3_col2_mean,0.014254181019716601,SI216,53,94
speed_1s_stage3_col2_std_over_mean,0.09810317978658704,SI216,53,94
speed_1s_stage4_rows,0.009437956697348891,SI216,53,94
speed_1s_stage4_col1_mean,0.019624959565310206,SI216,53,94
speed_1s_stage4_col1_std_over_mean,0.02009083782511377,SI216,53,94
speed_1s_stage4_col2_mean,0.017674245907129984,SI216,53,94
speed_1s_stage4_col2_std_over_mean,0.07735736937410341,SI216,53,94
speed_1s_stage5_rows,0.000276837760990085,SI216,53,94
speed_1s_stage5_col1_mean,0.006177760663175867,SI216,53,94
speed_1s_stage5_col1_std_over_mean,0.0396956299235468,SI216,53,94
speed_1s_stage5_col2_mean,0.009842311308391666,SI216,53,94
speed_1s_stage5_col2_std_over_mean,0.04463798410517775,SI216,53,94
speed_10s_avg_rows,0.01904337203008854,SI216,53,94
speed_10s_avg_stage2_rows,0.015530050080655675,SI216,53,94
speed_10s_avg_stage2_col1_mean,0.004857810888068368,SI216,53,94
speed_10s_avg_stage2_col1_std_over_mean,0.06272762144963297,SI216,53,94
speed_10s_avg_stage2_col2_mean,0.0040125660507594535,SI216,53,94
speed_10s_avg_stage2_col2_std_over_mean,0.03937746343207599,SI216,53,94
speed_10s_avg_stage3_rows,0.01719810140896367,SI216,53,94
speed_10s_avg_stage3_col1_mean,0.005350532889713685,SI216,53,94
speed_10s_avg_stage3_col1_std_over_mean,0.00591738230282271,SI216,53,94
speed_10s_avg_stage3_col2_mean,0.014601561286999838,SI216,53,94
speed_10s_avg_stage3_col2_std_over_mean,0.015908705681741474,SI216,53,94
speed_10s_avg_stage4_rows,0.011652036289473776,SI216,53,94
speed_10s_avg_stage4_col1_mean,0.017926796603874515,SI216,53,94
speed_10s_avg_stage4_col1_std_over_mean,0.014725836809357844,SI216,53,94
speed_10s_avg_stage4_col2_mean,0.015022674599338008,SI216,53,94
speed_10s_avg_stage4_col2_std_over_mean,0.021709798282857833,SI216,53,94
speed_10s_avg_stage5_rows,0.0008491344296689448,SI216,53,94
speed_10s_avg_stage5_col1_mean,0.005644572429287184,SI216,53,94
speed_10s_avg_stage5_col1_std_over_mean,0.008756438998588457,SI216,53,94
speed_10s_avg_stage5_col2_mean,0.004607291868133764,SI216,53,94
speed_10s_avg_stage5_col2_std_over_mean,0.014322229957177452,SI216,53,94
stage_2_frames,0.028336456811299416,SI216,54,95
stage_3_frames,0.012778712289725975,SI216,54,95
stage_4_frames,0.007668835208596063,SI216,54,95
stage_5_frames,0.009520291541710402,SI216,54,95
roam_mean,0.021119056764366095,SI216,54,95
roam_std_over_mean,0.022050914654631097,SI216,54,95
roam_early_mean,0.022413809335624507,SI216,54,95
roam_mid_mean,0.018227366972401418,SI216,54,95
roam_late_mean,0.07261923470982101,SI216,54,95
roam_slope,0.011507221494567588,SI216,54,95
speed_1s_rows,0.009501238055276544,SI216,54,95
speed_1s_stage2_rows,0.008991276569613401,SI216,54,95
speed_1s_stage2_col1_mean,0.004876036867378191,SI216,54,95
speed_1s_stage2_col1_std_over_mean,0.019431339672055202,SI216,54,95
speed_1s_stage2_col2_mean,0.00868840595448947,SI216,54,95
speed_1s_stage2_col2_std_over_mean,0.030103405995480483,SI216,54,95
speed_1s_stage3_rows,0.007477076501575897,SI216,54,95
speed_1s_stage3_col1_mean,0.005955013988752248,SI216,54,95
speed_1s_stage3_col1_std_over_mean,0.0061861372045076074,SI216,54,95
speed_1s_stage3_col2_mean,0.019908273453771153,SI216,54,95
speed_1s_stage3_col2_std_over_mean,0.03231809492475908,SI216,54,95
speed_1s_stage4_rows,0.0067832678659205696,SI216,54,95
speed_1s_stage4_col1_mean,0.00808395592754181,SI216,54,95
speed_1s_stage4_col1_std_over_mean,0.010086801668082158,SI216,54,95
speed_1s_stage4_col2_mean,0.025223896489971226,SI216,54,95
speed_1s_stage4_col2_std_over_mean,0.12202457653194491,SI216,54,95
speed_1s_stage5_rows,0.0001394630370401897,SI216,54,95
speed_1s_stage5_col1_mean,0.005399613179955522,SI216,54,95
speed_1s_stage5_col1_std_over_mean,0.04929838338805583,SI216,54,95
speed_1s_stage5_col2_mean,0.013906628203557004,SI216,54,95
speed_1s_stage5_col2_std_over_mean,0.04692213902067432,SI216,54,95
speed_10s_avg_rows,0.00935559989576509,SI216,54,95
speed_10s_avg_stage2_rows,0.012669514298516663,SI216,54,95
speed_10s_avg_stage2_col1_mean,0.007726789541339189,SI216,54,95
speed_10s_avg_stage2_col1_std_over_mean,0.07778283097146446,SI216,54,95
speed_10s_avg_stage2_col2_mean,0.007736428610290351,SI216,54,95
speed_10s_avg_stage2_col2_std_over_mean,0.03920080134609432,SI216,54,95
speed_10s_avg_stage3_rows,0.007690528977666335,SI216,54,95
speed_10s_avg_stage3_col1_mean,0.005166029525769902,SI216,54,95
speed_10s_avg_stage3_col1_std_over_mean,0.01972041880483836,SI216,54,95
speed_10s_avg_stage3_col2_mean,0.012362926998789417,SI216,54,95
speed_10s_avg_stage3_col2_std_over_mean,0.005993260299511611,SI216,54,95
speed_10s_avg_stage4_rows,0.010697405305302143,SI216,54,95
speed_10s_avg_stage4_col1_mean,0.00960877537590204,SI216,54,95
speed_10s_avg_stage4_col1_std_over_mean,0.007598240961787309,SI216,54,95
speed_10s_avg_stage4_col2_mean,0.025329189145092048,SI216,54,95
speed_10s_avg_stage4_col2_std_over_mean,0.01523086301849131,SI216,54,95
speed_10s_avg_stage5_rows,0.0011654345820985388,SI216,54,95
speed_10s_avg_stage5_col1_mean,0.007553321380620448,SI216,54,95
speed_10s_avg_stage5_col1_std_over_mean,0.01453674132980179,SI216,54,95
speed_10s_avg_stage5_col2_mean,0.007879691808122136,SI216,54,95
speed_10s_avg_stage5_col2_std_over_mean,0.02744828353959018,SI216,54,95
stage_2_frames,0.018449606967078203,SI216,55,96
stage_3_frames,0.011551937030541042,SI216,55,96
stage_4_frames,0.00959761759265578,SI216,55,96
stage_5_frames,0.009580112392292658,SI216,55,96
roam_mean,0.009276650034795714,SI216,55,96
roam_std_over_mean,0.07222598172124191,SI216,55,96
roam_early_mean,0.017386643623329562,SI216,55,96
roam_mid_mean,0.023334716204284105,SI216,55,96
roam_late_mean,0.1128832480810117,SI216,55,96
roam_slope,0.004428982101476126,SI216,55,96
speed_1s_rows,0.009644985196000612,SI216,55,96
speed_1s_stage2_rows,0.007500412155056888,SI216,55,96
speed_1s_stage2_col1_mean,0.006694023898406272,SI216,55,96
speed_1s_stage2_col1_std_over_mean,0.02782009140484772,SI216,55,96
speed_1s_stage2_col2_mean,0.004964523002034081,SI216,55,96
speed_1s_stage2_col2_std_over_mean,0.015768050297283797,SI216,55,96
speed_1s_stage3_rows,0.009203597632574934,SI216,55,96
speed_1s_stage3_col1_mean,0.021562426802206443,SI216,55,96
speed_1s_stage3_col1_std_over_mean,0.006194195106852104,SI216,55,96
speed_1s_stage3_col2_mean,0.013811618512450854,SI216,55,96
speed_1s_stage3_col2_std_over_mean,0.038000043349182444,SI216,55,96
speed_1s_stage4_rows,0.004389729462663011,SI216,55,96
speed_1s_stage4_col1_mean,0.021310846656345268,SI216,55,96
speed_1s_stage4_col1_std_over_mean,0.00812483707021741,SI216,55,96
speed_1s_stage4_col2_mean,0.033908671833602175,SI216,55,96
speed_1s_stage4_col2_std_over_mean,0.045179630997507714,SI216,55,96
speed_1s_stage5_rows,0.0009159099786973416,SI216,55,96
speed_1s_stage5_col1_mean,0.01068831902014063,SI216,55,96
speed_1s_stage5_col1_std_over_mean,0.042492228721883823,SI216,55,96
speed_1s_stage5_col2_mean,0.007229798475177678,SI216,55,96
speed_1s_stage5_col2_std_over_mean,0.03543175729467389,SI216,55,96
speed_10s_avg_rows,0.008082717194313261,SI216,55,96
speed_10s_avg_stage2_rows,0.011375156260493721,SI216,55,96
speed_10s_avg_stage2_col1_mean,0.003865727883971301,SI216,55,96
speed_10s_avg_stage2_col1_std_over_mean,0.027374778974428863,SI216,55,96
speed_10s_avg_stage2_col2_mean,0.006782522192882755,SI216,55,96
speed_10s_avg_stage2_col2_std_over_mean,0.014036187040989499,SI216,55,96
speed_10s_avg_stage3_rows,0.009518640724381695,SI216,55,96
speed_10s_avg_stage3_col1_mean,0.023894341049306444,SI216,55,96
speed_10s_avg_stage3_col1_std_over_mean,0.012769023829684194,SI216,55,96
speed_10s_avg_stage3_col2_mean,0.00803471155246153,SI216,55,96
speed_10s_avg_stage3_col2_std_over_mean,0.004884210163482048,SI216,55,96
speed_10s_avg_stage4_rows,0.008364053453583627,SI216,55,96
speed_10s_avg_stage4_col1_mean,0.015234680140305294,SI216,55,96
speed_10s_avg_stage4_col1_std_over_mean,0.024396062891917626,SI216,55,96
speed_10s_avg_stage4_col2_mean,0.03219267923679517,SI216,55,96
speed_10s_avg_stage4_col2_std_over_mean,0.07270213555307235,SI216,55,96
speed_10s_avg_stage5_rows,0.0003944426334811518,SI216,55,96
speed_10s_avg_stage5_col1_mean,0.004387947029770834,SI216,55,96
speed_10s_avg_stage5_col1_std_over_mean,0.0317981129078033,SI216,55,96
speed_10s_avg_stage5_col2_mean,0.00909356951335683,SI216,55,96
speed_10s_avg_stage5_col2_std_over_mean,0.011267107157006625,SI216,55,96
stage_2_frames,0.022941271831149947,SI216,56,97
stage_3_frames,0.010813435068128745,SI216,56,97
stage_4_frames,0.009945630481897233,SI216,56,97
stage_5_frames,0.005557207300014643,SI216,56,97
roam_mean,0.008055908902957678,SI216,56,97
roam_std_over_mean,0.04184314845737091,SI216,56,97
roam_early_mean,0.02626964684097145,SI216,56,97
roam_mid_mean,0.01623441376630244,SI216,56,97
roam_late_mean,0.014614944647873322,SI216,56,97
roam_slope,0.010441997806290527,SI216,56,97
speed_1s_rows,0.012046796918972827,SI216,56,97
speed_1s_stage2_rows,0.009860303289561717,SI216,56,97
speed_1s_stage2_col1_mean,0.006379261182587383,SI216,56,97
speed_1s_stage2_col1_std_over_mean,0.036416404089766284,SI216,56,97
speed_1s_stage2_col2_mean,0.006410911677329825,SI216,56,97
speed_1s_stage2_col2_std_over_mean,0.01222149739195437,SI216,56,97
speed_1s_stage3_rows,0.006504741028281268,SI216,56,97
speed_1s_stage3_col1_mean,0.012009015256272763,SI216,56,97
speed_1s_stage3_col1_std_over_mean,0.00894322436904714,SI216,56,97
speed_1s_stage3_col2_mean,0.012224987677076436,SI216,56,97
speed_1s_stage3_col2_std_over_mean,0.0578823796538557,SI216,56,97
speed_1s_stage4_rows,0.009395172425289089,SI216,56,97
speed_1s_stage4_col1_mean,0.009718292100741476,SI216,56,97
speed_1s_stage4_col1_std_over_mean,0.015144773801919899,SI216,56,97
speed_1s_stage4_col2_mean,0.022478014165384388,SI216,56,97
speed_1s_stage4_col2_std_over_mean,0.06841843787092773,SI216,56,97
speed_1s_stage5_rows,0.0007864312788124633,SI216,56,97
speed_1s_stage5_col1_mean,0.008082217360866067,SI216,56,97
speed_1s_stage5_col1_std_over_mean,0.0778888266358048,SI216,56,97
speed_1s_stage5_col2_mean,0.011989471613637965,SI216,56,97
speed_1s_stage5_col2_std_over_mean,0.10214190103792829,SI216,56,97
speed_10s_avg_rows,0.016238757816653238,SI216,56,97
speed_10s_avg_stage2_rows,0.00670474136653947,SI216,56,97
speed_10s_avg_stage2_col1_mean,0.00710215299224697,SI216,56,97
speed_10s_avg_stage2_col1_std_over_mean,0.06292607810361248,SI216,56,97
speed_10s_avg_stage2_col2_mean,0.006918914999946604,SI216,56,97
speed_10s_avg_stage2_col2_std_over_mean,0.014094007114358207,SI216,56,97
speed_10s_avg_stage3_rows,0.009585866216642968,SI216,56,97
speed_10s_avg_stage3_col1_mean,0.014301558402040634,SI216,56,97
speed_10s_avg_stage3_col1_std_over_mean,0.01005872582194319,SI216,56,97
speed_10s_avg_stage3_col2_mean,0.01942162509104378,SI216,56,97
speed_10s_avg_stage3_col2_std_over_mean,0.010531291457141767,SI216,56,97
speed_10s_avg_stage4_rows,0.007768585573006561,SI216,56,97
speed_10s_avg_stage4_col1_mean,0.013686048578022292,SI216,56,97
speed_10s_avg_stage4_col1_std_over_mean,0.02521250245463178,SI216,56,97
speed_10s_avg_stage4_col2_mean,0.016895534156139418,SI216,56,97
speed_10s_avg_stage4_col2_std_over_mean,0.025571074333561816,SI216,56,97
speed_10s_avg_stage5_rows,0.0010615510622286434,SI216,56,97
speed_10s_avg_stage5_col1_mean,0.0034464491014646894,SI216,56,97
speed_10s_avg_stage5_col1_std_over_mean,0.031392981615299034,SI216,56,97
speed_10s_avg_stage5_col2_mean,0.012522468200870161,SI216,56,97
speed_10s_avg_stage5_col2_std_over_mean,0.010898419613631293,SI216,56,97
stage_2_frames,0.01773178110670685,SI216,57,98
stage_3_frames,0.007413784083722319,SI216,57,98
stage_4_frames,0.008882857148240709,SI216,57,98
stage_5_frames,0.0036297359763209462,SI216,57,98
roam_mean,0.013288748648623084,SI216,57,98
roam_std_over_mean,0.011309806938201557,SI216,57,98
roam_early_mean,0.011136908181195082,SI216,57,98
roam_mid_mean,0.018064079252660636,SI216,57,98
roam_late_mean,0.010779495735637256,SI216,57,98
roam_slope,0.006816839012834414,SI216,57,98
speed_1s_rows,0.0076334640826801374,SI216,57,98
speed_1s_stage2_rows,0.012991774525669821,SI216,57,98
speed_1s_stage2_col1_mean,0.0060859758170792025,SI216,57,98
speed_1s_stage2_col1_std_over_mean,0.05191672369059802,SI216,57,98
speed_1s_stage2_col2_mean,0.013064128244182148,SI216,57,98
speed_1s_stage2_col2_std_over_mean,0.014525162971874644,SI216,57,98
speed_1s_stage3_rows,0.007395418390935357,SI216,57,98
speed_1s_stage3_col1_mean,0.013206305941680237,SI216,57,98
speed_1s_stage3_col1_std_over_mean,0.003820629773622841,SI216,57,98
speed_1s_stage3_col2_mean,0.00478432408844193,SI216,57,98
speed_1s_stage3_col2_std_over_mean,0.05461034095116248,SI216,57,98
speed_1s_stage4_rows,0.005098617751877263,SI216,57,98
speed_1s_stage4_col1_mean,0.014208665758983793,SI216,57,98
speed_1s_stage4_col1_std_over_mean,0.01421884525576322,SI216,57,98
speed_1s_stage4_col2_mean,0.020790451087488438,SI216,57,98
speed_1s_stage4_col2_std_over_mean,0.11338395058085855,SI216,57,98
speed_1s_stage5_rows,0.00037897290077853574,SI216,57,98
speed_1s_stage5_col1_mean,0.0034601674011696818,SI216,57,98
speed_1s_stage5_col1_std_over_mean,0.062114038607780725,SI216,57,98
speed_1s_stage5_col2_mean,0.014983850291626808,SI216,57,98
speed_1s_stage5_col2_std_over_mean,0.08391455560242933,SI216,57,98
speed_10s_avg_rows,0.008579076628312915,SI216,57,98
speed_10s_avg_stage2_rows,0.013110602273997716,SI216,57,98
speed_10s_avg_stage2_col1_mean,0.007438114242728088,SI216,57,98
speed_10s_avg_stage2_col1_std_over_mean,0.017189690257332878,SI216,57,98
speed_10s_avg_stage2_col2_mean,0.01167357430401656,SI216,57,98
speed_10s_avg_stage2_col2_std_over_mean,0.01942141214532751,SI216,57,98
speed_10s_avg_stage3_rows,0.007684509691036977,SI216,57,98
speed_10s_avg_stage3_col1_mean,0.01135258186775556,SI216,57,98
speed_10s_avg_stage3_col1_std_over_mean,0.009038945165544082,SI216,57,98
speed_10s_avg_stage3_col2_mean,0.008335900013166446,SI216,57,98
speed_10s_avg_stage3_col2_std_over_mean,0.0041080315535596676,SI216,57,98
speed_10s_avg_stage4_rows,0.006972084885318905,SI216,57,98
speed_10s_avg_stage4_col1_mean,0.012007203405747357,SI216,57,98
speed_10s_avg_stage4_col1_std_over_mean,0.010392435784302063,SI216,57,98
speed_10s_avg_stage4_col2_mean,0.017055339188250303,SI216,57,98
speed_10s_avg_stage4_col2_std_over_mean,0.05382627378899288,SI216,57,98
speed_10s_avg_stage5_rows,0.001081044223891395,SI216,57,98
speed_10s_avg_stage5_col1_mean,0.005678455883332569,SI216,57,98
speed_10s_avg_stage5_col1_std_over_mean,0.12495923288909422,SI216,57,98
speed_10s_avg_stage5_col2_mean,0.011025732917429603,SI216,57,98
speed_10s_avg_stage5_col2_std_over_mean,0.0074293590900363585,SI216,57,98
stage_2_frames,0.021474676663388034,SI216,58,99
stage_3_frames,0.009942027002203774,SI216,58,99
stage_4_frames,0.004954455388517839,SI216,58,99
stage_5_frames,0.012021409728457787,SI216,58,99
roam_mean,0.05234031214582232,SI216,58,99
roam_std_over_mean,0.04804501414334268,SI216,58,99
roam_early_mean,0.04382013159205531,SI216,58,99
roam_mid_mean,0.018992864848939483,SI216,58,99
roam_late_mean,0.07653407755618634,SI216,58,99
roam_slope,0.009877871482327577,SI216,58,99
speed_1s_rows,0.00860629029679155,SI216,58,99
speed_1s_stage2_rows,0.010769953272849358,SI216,58,99
speed_1s_stage2_col1_mean,0.0038051673920163017,SI216,58,99
speed_1s_stage2_col1_std_over_mean,0.013948943427725038,SI216,58,99
speed_1s_stage2_col2_mean,0.015827533195869527,SI216,58,99
speed_1s_stage2_col2_std_over_mean,0.07883652516679807,SI216,58,99
speed_1s_stage3_rows,0.004055419242303799,SI216,58,99
speed_1s_stage3_col1_mean,0.008529715753635248,SI216,58,99
speed_1s_stage3_col1_std_over_mean,0.006036319269314571,SI216,58,99
speed_1s_stage3_col2_mean,0.010180397063882083,SI216,58,99
speed_1s_stage3_col2_std_over_mean,0.03579150500448027,SI216,58,99
speed_1s_stage4_rows,0.0162977055730751,SI216,58,99
speed_1s_stage4_col1_mean,0.010805595608627493,SI216,58,99
speed_1s_stage4_col1_std_over_mean,0.014970094020936449,SI216,58,99
speed_1s_stage4_col2_mean,0.014319006858056321,SI216,58,99
speed_1s_stage4_col2_std_over_mean,0.03080344922180867,SI216,58,99
speed_1s_stage5_rows,0.0003652320093444061,SI216,58,99
speed_1s_stage5_col1_mean,0.0025161073385765553,SI216,58,99
speed_1s_stage5_col1_std_over_mean,0.07489355519273119,SI216,58,99
speed_1s_stage5_col2_mean,0.009610323990923443,SI216,58,99
speed_1s_stage5_col2_std_over_mean,0.03595985471517373,SI216,58,99
speed_10s_avg_rows,0.01112139038844934,SI216,58,99
speed_10s_avg_stage2_rows,0.009231095787936206,SI216,58,99
speed_10s_avg_stage2_col1_mean,0.003709215585095007,SI216,58,99
speed_10s_avg_stage2_col1_std_over_mean,0.013148097357778466,SI216,58,99
speed_10s_avg_stage2_col2_mean,0.012171977476083121,SI216,58,99
speed_10s_avg_stage2_col2_std_over_mean,0.01792161479592954,SI216,58,99
speed_10s_avg_stage3_rows,0.005717743127348201,SI216,58,99
speed_10s_avg_stage3_col1_mean,0.007704973201383869,SI216,58,99
speed_10s_avg_stage3_col1_std_over_mean,0.01477246313883299,SI216,58,99
speed_10s_avg_stage3_col2_mean,0.01865591562781168,SI216,58,99
speed_10s_avg_stage3_col2_std_over_mean,0.007731659184361154,SI216,58,99
speed_10s_avg_stage4_rows,0.011307811797295056,SI216,58,99
speed_10s_avg_stage4_col1_mean,0.008531204613738743,SI216,58,99
speed_10s_avg_stage4_col1_std_over_mean,0.008988164552833808,SI216,58,99
speed_10s_avg_stage4_col2_mean,0.011218261138756642,SI216,58,99
speed_10s_avg_stage4_col2_std_over_mean,0.016602168489979356,SI216,58,99
speed_10s_avg_stage5_rows,0.0007399155963868841,SI216,58,99
speed_10s_avg_stage5_col1_mean,0.005021471174239761,SI216,58,99
speed_10s_avg_stage5_col1_std_over_mean,0.041332304773413174,SI216,58,99
speed_10s_avg_stage5_col2_mean,0.013420904695131063,SI216,58,99
speed_10s_avg_stage5_col2_std_over_mean,0.0560201133310555,SI216,58,99
stage_2_frames,0.010801661588634052,SI216,59,100
stage_3_frames,0.007880752286966011,SI216,59,100
stage_4_frames,0.016295756167928086,SI216,59,100
stage_5_frames,0.00763063577452746,SI216,59,100
roam_mean,0.03333800552464158,SI216,59,100
roam_std_over_mean,0.08276404284799813,SI216,59,100
roam_early_mean,0.015455505360143092,SI216,59,100
roam_mid_mean,0.00559947991594483,SI216,59,100
roam_late_mean,0.005515012589716185,SI216,59,100
roam_slope,0.008415212489559447,SI216,59,100
speed_1s_rows,0.003248300204347699,SI216,59,100
speed_1s_stage2_rows,0.005644775867898256,SI216,59,100
speed_1s_stage2_col1_mean,0.005127108090814672,SI216,59,100
speed_1s_stage2_col1_std_over_mean,0.011508514906195031,SI216,59,100
speed_1s_stage2_col2_mean,0.005669529631693768,SI216,59,100
speed_1s_stage2_col2_std_over_mean,0.015640586977998354,SI216,59,100
speed_1s_stage3_rows,0.020793864124780653,SI216,59,100
speed_1s_stage3_col1_mean,0.007593637262879239,SI216,59,100
speed_1s_stage3_col1_std_over_mean,0.004888153204974246,SI216,59,100
speed_1s_stage3_col2_mean,0.0042489349636708005,SI216,59,100
speed_1s_stage3_col2_std_over_mean,0.10380112294494703,SI216,59,100
speed_1s_stage4_rows,0.0059792161502319995,SI216,59,100
speed_1s_stage4_col1_mean,0.00951162059421539,SI216,59,100
speed_1s_stage4_col1_std_over_mean,0.029697209899136507,SI216,59,100
speed_1s_stage4_col2_mean,0.011528637785095813,SI216,59,100
speed_1s_stage4_col2_std_over_mean,0.2195660011565945,SI216,59,100
speed_1s_stage5_rows,0.0002171116278456682,SI216,59,100
speed_1s_stage5_col1_mean,0.004551161627350189,SI216,59,100
speed_1s_stage5_col1_std_over_mean,0.016345953754541204,SI216,59,100
speed_1s_stage5_col2_mean,0.004709380939550485,SI216,59,100
speed_1s_stage5_col2_std_over_mean,0.023712441173392208,SI216,59,100
speed_10s_avg_rows,0.0066914158088233104,SI216,59,100
speed_10s_avg_stage2_rows,0.00740936261678511,SI216,59,100
speed_10s_avg_stage2_col1_mean,0.007424992834412942,SI216,59,100
speed_10s_avg_stage2_col1_std_over_mean,0.006505520768845729,SI216,59,100
speed_10s_avg_stage2_col2_mean,0.004615170913178948,SI216,59,100
speed_10s_avg_stage2_col2_std_over_mean,0.030778574335044308,SI216,59,100
speed_10s_avg_stage3_rows,0.019684886381094585,SI216,59,100
speed_10s_avg_stage3_col1_mean,0.010782202113804094,SI216,59,100
speed_10s_avg_stage3_col1_std_over_mean,0.0035743570141429392,SI216,59,100
speed_10s_avg_stage3_col2_mean,0.008003445625766438,SI216,59,100
speed_10s_avg_stage3_col2_std_over_mean,0.012405951702855718,SI216,59,100
speed_10s_avg_stage4_rows,0.00722011737230121,SI216,59,100
speed_10s_avg_stage4_col1_mean,0.010051439456691522,SI216,59,100
speed_10s_avg_stage4_col1_std_over_mean,0.004145547851921315,SI216,59,100
speed_10s_avg_stage4_col2_mean,0.012497360357193175,SI216,59,100
speed_10s_avg_stage4_col2_std_over_mean,0.09817064685633607,SI216,59,100
speed_10s_avg_stage5_rows,0.00023816391574307347,SI216,59,100
speed_10s_avg_stage5_col1_mean,0.009114006287067435,SI216,59,100
speed_10s_avg_stage5_col1_std_over_mean,0.01680440385144252,SI216,59,100
speed_10s_avg_stage5_col2_mean,0.004545941412559432,SI216,59,100
speed_10s_avg_stage5_col2_std_over_mean,0.011657165089777396,SI216,59,100
stage_2_frames,0.015364096027040069,SI216,60,101
stage_3_frames,0.008936993999170164,SI216,60,101
stage_4_frames,0.009918768634917393,SI216,60,101
stage_5_frames,0.015290902134870514,SI216,60,101
roam_mean,0.02179741658391639,SI216,60,101
roam_std_over_mean,0.0526478235521681,SI216,60,101
roam_early_mean,0.03457701080074724,SI216,60,101
roam_mid_mean,0.01563973180761048,SI216,60,101
roam_late_mean,0.023313433671153863,SI216,60,101
roam_slope,0.009641446153106444,SI216,60,101
speed_1s_rows,0.012354140800652981,SI216,60,101
speed_1s_stage2_rows,0.010268444278109487,SI216,60,101
speed_1s_stage2_col1_mean,0.007921249915477647,SI216,60,101
speed_1s_stage2_col1_std_over_mean,0.023321945562370747,SI216,60,101
speed_1s_stage2_col2_mean,0.00805586680931486,SI216,60,101
speed_1s_stage2_col2_std_over_mean,0.02239016192573571,SI216,60,101
speed_1s_stage3_rows,0.00790105991656892,SI216,60,101
speed_1s_stage3_col1_mean,0.014944481906622932,SI216,60,101
speed_1s_stage3_col1_std_over_mean,0.006653869094988923,SI216,60,101
speed_1s_stage3_col2_mean,0.022005629614349848,SI216,60,101
speed_1s_stage3_col2_std_over_mean,0.055238660554476945,SI216,60,101
speed_1s_stage4_rows,0.009723935712954296,SI216,60,101
speed_1s_stage4_col1_mean,0.011896582401281245,SI216,60,101
speed_1s_stage4_col1_std_over_mean,0.06695130190757431,SI216,60,101
speed_1s_stage4_col2_mean,0.007480462347397762,SI216,60,101
speed_1s_stage4_col2_std_over_mean,0.06671321999069577,SI216,60,101
speed_1s_stage5_rows,0.0007983125999414583,SI216,60,101
speed_1s_stage5_col1_mean,0.0018700309272674505,SI216,60,101
speed_1s_stage5_col1_std_over_mean,0.046087608544861255,SI216,60,101
speed_1s_stage5_col2_mean,0.011199275041428996,SI216,60,101
speed_1s_stage5_col2_std_over_mean,0.04042000796303449,SI216,60,101
speed_10s_avg_rows,0.013765934963907324,SI216,60,101
speed_10s_avg_stage2_rows,0.010352918143951041,SI216,60,101
speed_10s_avg_stage2_col1_mean,0.005902324222740222,SI216,60,101
speed_10s_avg_stage2_col1_std_over_mean,0.024547870674181706,SI216,60,101
speed_10s_avg_stage2_col2_mean,0.008018905415384974,SI216,60,101
speed_10s_avg_stage2_col2_std_over_mean,0.029720294681028665,SI216,60,101
speed_10s_avg_stage3_rows,0.006564125783800756,SI216,60,101
speed_10s_avg_stage3_col1_mean,0.017302916096312283,SI216,60,101
speed_10s_avg_stage3_col1_std_over_mean,0.012236469695003263,SI216,60,101
speed_10s_avg_stage3_col2_mean,0.02799486047366024,SI216,60,101
speed_10s_avg_stage3_col2_std_over_mean,0.015159129654126129,SI216,60,101
speed_10s_avg_stage4_rows,0.013224887687829768,SI216,60,101
speed_10s_avg_stage4_col1_mean,0.011313883043381386,SI216,60,101
speed_10s_avg_stage4_col1_std_over_mean,0.021551443517522254,SI216,60,101
speed_10s_avg_stage4_col2_mean,0.009779318238498398,SI216,60,101
speed_10s_avg_stage4_col2_std_over_mean,0.03165526438501334,SI216,60,101
speed_10s_avg_stage5_rows,0.001713091225615774,SI216,60,101
speed_10s_avg_stage5_col1_mean,0.005964549251594814,SI216,60,101
speed_10s_avg_stage5_col1_std_over_mean,0.04022784795022988,SI216,60,101
speed_10s_avg_stage5_col2_mean,0.00795050193693462,SI216,60,101
speed_10s_avg_stage5_col2_std_over_mean,0.0237295917794765,SI216,60,101
stage_2_frames,0.012444693922065715,SI216,61,102
stage_3_frames,0.02671071892476843,SI216,61,102
stage_4_frames,0.007283625368030589,SI216,61,102
stage_5_frames,0.004542502731817489,SI216,61,102
roam_mean,0.011677264446936,SI216,61,102
roam_std_over_mean,0.13777750391444704,SI216,61,102
roam_early_mean,0.04874630513719705,SI216,61,102
roam_mid_mean,0.030418484499321257,SI216,61,102
roam_late_mean,0.015722823260757097,SI216,61,102
roam_slope,0.02074296781414007,SI216,61,102
speed_1s_rows,0.01199530721792233,SI216,61,102
speed_1s_stage2_rows,0.020499468220679003,SI216,61,102
speed_1s_stage2_col1_mean,0.005814955942145707,SI216,61,102
speed_1s_stage2_col1_std_over_mean,0.03513844000148613,SI216,61,102
speed_1s_stage2_col2_mean,0.010079164150506421,SI216,61,102
speed_1s_stage2_col2_std_over_mean,0.016135965836521632,SI216,61,102
speed_1s_stage3_rows,0.0097007556801566,SI216,61,102
speed_1s_stage3_col1_mean,0.013229982218015437,SI216,61,102
speed_1s_stage3_col1_std_over_mean,0.0026756943396299532,SI216,61,102
speed_1s_stage3_col2_mean,0.004390615613543327,SI216,61,102
speed_1s_stage3_col2_std_over_mean,0.04412110872108705,SI216,61,102
speed_1s_stage4_rows,0.00587147703977898,SI216,61,102
speed_1s_stage4_col1_mean,0.011698806517186603,SI216,61,102
speed_1s_stage4_col1_std_over_mean,0.014233114537934145,SI216,61,102
speed_1s_stage4_col2_mean,0.015152967044068912,SI216,61,102
speed_1s_stage4_col2_std_over_mean,0.011191063849515097,SI216,61,102
speed_1s_stage5_rows,0.0005374869455186629,SI216,61,102
speed_1s_stage5_col1_mean,0.0034058824514344842,SI216,61,102
speed_1s_stage5_col1_std_over_mean,0.054550823985207664,SI216,61,102
speed_1s_stage5_col2_mean,0.007691345715783901,SI216,61,102
speed_1s_stage5_col2_std_over_mean,0.04888093112538655,SI216,61,102
speed_10s_avg_rows,0.00955217976697926,SI216,61,102
speed_10s_avg_stage2_rows,0.016435645980353925,SI216,61,102
speed_10s_avg_stage2_col1_mean,0.008555210157475832,SI216,61,102
speed_10s_avg_stage2_col1_std_over_mean,0.05753778187353394,SI216,61,102
speed_10s_avg_stage2_col2_mean,0.00840506331276365,SI216,61,102
speed_10s_avg_stage2_col2_std_over_mean,0.04073948264169167,SI216,61,102
speed_10s_avg_stage3_rows,0.005131991984939111,SI216,61,102
speed_10s_avg_stage3_col1_mean,0.012014646362579462,SI216,61,102
speed_10s_avg_stage3_col1_std_over_mean,0.005183155241876102,SI216,61,102
speed_10s_avg_stage3_col2_mean,0.004596115511920241,SI216,61,102
speed_10s_avg_stage3_col2_std_over_mean,0.01032092622275955,SI216,61,102
speed_10s_avg_stage4_rows,0.008005947845061976,SI216,61,102
speed_10s_avg_stage4_col1_mean,0.011850906735063824,SI216,61,102
speed_10s_avg_stage4_col1_std_over_mean,0.014841753688675692,SI216,61,102
speed_10s_avg_stage4_col2_mean,0.011517461272239467,SI216,61,102
speed_10s_avg_stage4_col2_std_over_mean,0.05835728052402072,SI216,61,102
speed_10s_avg_stage5_rows,0.001036470094450789,SI216,61,102
speed_10s_avg_stage5_col1_mean,0.003526963062331227,SI216,61,102
speed_10s_avg_stage5_col1_std_over_mean,0.023221945581839803,SI216,61,102
speed_10s_avg_stage5_col2_mean,0.010094866733657152,SI216,61,102
speed_10s_avg_stage5_col2_std_over_mean,0.01601195823279745,SI216,61,102
stage_2_frames,0.01932646024456632,SI216,62,103
stage_3_frames,0.007879686405981202,SI216,62,103
stage_4_frames,0.024182444699942154,SI216,62,103
stage_5_frames,0.009831886770314791,SI216,62,103
roam_mean,0.013738939333132196,SI216,62,103
roam_std_over_mean,0.05379007801491484,SI216,62,103
roam_early_mean,0.02479491393170858,SI216,62,103
roam_mid_mean,0.006841369865163778,SI216,62,103
roam_late_mean,0.025280382113012416,SI216,62,103
roam_slope,0.006034904895944742,SI216,62,103
speed_1s_rows,0.007583570563842799,SI216,62,103
speed_1s_stage2_rows,0.009259492782637444,SI216,62,103
speed_1s_stage2_col1_mean,0.011826136760020627,SI216,62,103
speed_1s_stage2_col1_std_over_mean,0.026620115477763627,SI216,62,103
speed_1s_stage2_col2_mean,0.011781501953464403,SI216,62,103
speed_1s_stage2_col2_std_over_mean,0.017138268028571765,SI216,62,103
speed_1s_stage3_rows,0.02369431798064369,SI216,62,103
speed_1s_stage3_col1_mean,0.012191945772281434,SI216,62,103
speed_1s_stage3_col1_std_over_mean,0.007504850324572435,SI216,62,103
speed_1s_stage3_col2_mean,0.014650626731678244,SI216,62,103
speed_1s_stage3_col2_std_over_mean,0.033214212615932645,SI216,62,103
speed_1s_stage4_rows,0.005467932891372978,SI216,62,103
speed_1s_stage4_col1_mean,0.02014299409884584,SI216,62,103
speed_1s_stage4_col1_std_over_mean,0.014244118726310132,SI216,62,103
speed_1s_stage4_col2_mean,0.024568252693190126,SI216,62,103
speed_1s_stage4_col2_std_over_mean,0.12914703682241196,SI216,62,103
speed_1s_stage5_rows,0.0013415598778187977,SI216,62,103
speed_1s_stage5_col1_mean,0.006350695432000201,SI216,62,103
speed_1s_stage5_col1_std_over_mean,0.0635754878986759,SI216,62,103
speed_1s_stage5_col2_mean,0.008742486270318456,SI216,62,103
speed_1s_stage5_col2_std_over_mean,0.030697583641513895,SI216,62,103
speed_10s_avg_rows,0.007022216083979079,SI216,62,103
speed_10s_avg_stage2_rows,0.010809910733230108,SI216,62,103
speed_10s_avg_stage2_col1_mean,0.009541911533046454,SI216,62,103
speed_10s_avg_stage2_col1_std_over_mean,0.01918639593776055,SI216,62,103
speed_10s_avg_stage2_col2_mean,0.013504462346691556,SI216,62,103
speed_10s_avg_stage2_col2_std_over_mean,0.031769590388603414,SI216,62,103
speed_10s_avg_stage3_rows,0.018201479038740014,SI216,62,103
speed_10s_avg_stage3_col1_mean,0.01656096708174382,SI216,62,103
speed_10s_avg_stage3_col1_std_over_mean,0.01792584946232652,SI216,62,103
speed_10s_avg_stage3_col2_mean,0.01035748356076883,SI216,62,103
speed_10s_avg_stage3_col2_std_over_mean,0.006031167348581678,SI216,62,103
speed_10s_avg_stage4_rows,0.007255714855269944,SI216,62,103
speed_10s_avg_stage4_col1_mean,0.018695561855404358,SI216,62,103
speed_10s_avg_stage4_col1_std_over_mean,0.014275331630273733,SI216,62,103
speed_10s_avg_stage4_col2_mean,0.020865319467609132,SI216,62,103
speed_10s_avg_stage4_col2_std_over_mean,0.026766331634285424,SI216,62,103
speed_10s_avg_stage5_rows,0.0010999936559356002,SI216,62,103
speed_10s_avg_stage5_col1_mean,0.004307527429354707,SI216,62,103
speed_10s_avg_stage5_col1_std_over_mean,0.036154483446607745,SI216,62,103
speed_10s_avg_stage5_col2_mean,0.01152200431113876,SI216,62,103
speed_10s_avg_stage5_col2_std_over_mean,0.026702044580100056,SI216,62,103
stage_2_frames,0.011209919935221982,SI216,63,104
stage_3_frames,0.016349521156368348,SI216,63,104
stage_4_frames,0.02717128713003326,SI216,63,104
stage_5_frames,0.008005083255429974,SI216,63,104
roam_mean,0.03721872564627659,SI216,63,104
roam_std_over_mean,0.02838124267889009,SI216,63,104
roam_early_mean,0.025256301507592456,SI216,63,104
roam_mid_mean,0.01141847807504211,SI216,63,104
roam_late_mean,0.04749767170542243,SI216,63,104
roam_slope,0.0077579700127816,SI216,63,104
speed_1s_rows,0.008323010299212567,SI216,63,104
speed_1s_stage2_rows,0.024403255411217517,SI216,63,104
speed_1s_stage2_col1_mean,0.006996601423104405,SI216,63,104
speed_1s_stage2_col1_std_over_mean,0.029504957871467695,SI216,63,104
speed_1s_stage2_col2_mean,0.01022835128831473,SI216,63,104
speed_1s_stage2_col2_std_over_mean,0.03314401309119364,SI216,63,104
speed_1s_stage3_rows,0.027276131632400908,SI216,63,104
speed_1s_stage3_col1_mean,0.011393559737750376,SI216,63,104
speed_1s_stage3_col1_std_over_mean,0.00531208061600725,SI216,63,104
speed_1s_stage3_col2_mean,0.015096511922890762,SI216,63,104
speed_1s_stage3_col2_std_over_mean,0.0639745070197395,SI216,63,104
speed_1s_stage4_rows,0.005902342334809965,SI216,63,104
speed_1s_stage4_col1_mean,0.013914799877663619,SI216,63,104
speed_1s_stage4_col1_std_over_mean,0.01471226889367136,SI216,63,104
speed_1s_stage4_col2_mean,0.016255681767817894,SI216,63,104
speed_1s_stage4_col2_std_over_mean,0.0926045085872062,SI216,63,104
speed_1s_stage5_rows,0.0010232077240152977,SI216,63,104
speed_1s_stage5_col1_mean,0.006081965326359618,SI216,63,104
speed_1s_stage5_col1_std_over_mean,0.058958539117351584,SI216,63,104
speed_1s_stage5_col2_mean,0.004186217125401032,SI216,63,104
speed_1s_stage5_col2_std_over_mean,0.05302656775249373,SI216,63,104
speed_10s_avg_rows,0.005751724310457564,SI216,63,104
speed_10s_avg_stage2_rows,0.018243003377097677,SI216,63,104
speed_10s_avg_stage2_col1_mean,0.00949699605116994,SI216,63,104
speed_10s_avg_stage2_col1_std_over_mean,0.02520117156432497,SI216,63,104
speed_10s_avg_stage2_col2_mean,0.00497501217216884,SI216,63,104
speed_10s_avg_stage2_col2_std_over_mean,0.025281155705269318,SI216,63,104
speed_10s_avg_stage3_rows,0.012656826311794859,SI216,63,104
speed_10s_avg_stage3_col1_mean,0.0075813363271044374,SI216,63,104
speed_10s_avg_stage3_col1_std_over_mean,0.007581221367067714,SI216,63,104
speed_10s_avg_stage3_col2_mean,0.011772637185474161,SI216,63,104
speed_10s_avg_stage3_col2_std_over_mean,0.016720863109817147,SI216,63,104
speed_10s_avg_stage4_rows,0.007006851079676715,SI216,63,104
speed_10s_avg_stage4_col1_mean,0.012727753271687042,SI216,63,104
speed_10s_avg_stage4_col1_std_over_mean,0.014267992714133485,SI216,63,104
speed_10s_avg_stage4_col2_mean,0.023893020374835854,SI216,63,104
speed_10s_avg_stage4_col2_std_over_mean,0.028081501743667994,SI216,63,104
speed_10s_avg_stage5_rows,0.0005198795160687988,SI216,63,104
speed_10s_avg_stage5_col1_mean,0.004067809718174947,SI216,63,104
speed_10s_avg_stage5_col1_std_over_mean,0.00941730294145869,SI216,63,104
speed_10s_avg_stage5_col2_mean,0.009003313959457894,SI216,63,104
speed_10s_avg_stage5_col2_std_over_mean,0.023167347275943516,SI216,63,104
stage_2_frames,0.016057071349960837,SI216,64,105
stage_3_frames,0.01681686808231804,SI216,64,105
stage_4_frames,0.008575805265360585,SI216,64,105
stage_5_frames,0.0072901366373651745,SI216,64,105
roam_mean,0.05953605630098033,SI216,64,105
roam_std_over_mean,0.10862740991393513,SI216,64,105
roam_early_mean,0.02813713600547291,SI216,64,105
roam_mid_mean,0.01463295415092864,SI216,64,105
roam_late_mean,0.10614659218821143,SI216,64,105
roam_slope,0.007216107417575246,SI216,64,105
speed_1s_rows,0.00786288327232104,SI216,64,105
speed_1s_stage2_rows,0.02127807302579539,SI216,64,105
speed_1s_stage2_col1_mean,0.009488530985022146,SI216,64,105
speed_1s_stage2_col1_std_over_mean,0.00937927368472559,SI216,64,105
speed_1s_stage2_col2_mean,0.007971856658907657,SI216,64,105
speed_1s_stage2_col2_std_over_mean,0.01126783695560144,SI216,64,105
speed_1s_stage3_rows,0.007980142889490158,SI216,64,105
speed_1s_stage3_col1_mean,0.003365711233716858,SI216,64,105
speed_1s_stage3_col1_std_over_mean,0.010820304640356722,SI216,64,105
speed_1s_stage3_col2_mean,0.015321442636109378,SI216,64,105
speed_1s_stage3_col2_std_over_mean,0.023838561993573787,SI216,64,105
speed_1s_stage4_rows,0.006359922891329766,SI216,64,105
speed_1s_stage4_col1_mean,0.013307819975047484,SI216,64,105
speed_1s_stage4_col1_std_over_mean,0.009341082993558993,SI216,64,105
speed_1s_stage4_col2_mean,0.028313766797790192,SI216,64,105
speed_1s_stage4_col2_std_over_mean,0.07699658954361041,SI216,64,105
speed_1s_stage5_rows,0.00165565661960428,SI216,64,105
speed_1s_stage5_col1_mean,0.0042112008801127076,SI216,64,105
speed_1s_stage5_col1_std_over_mean,0.047650072333814096,SI216,64,105
speed_1s_stage5_col2_mean,0.006993343174021596,SI216,64,105
speed_1s_stage5_col2_std_over_mean,0.048765747441252644,SI216,64,105
speed_10s_avg_rows,0.016584210250927912,SI216,64,105
speed_10s_avg_stage2_rows,0.02358772385178871,SI216,64,105
speed_10s_avg_stage2_col1_mean,0.007679604899440527,SI216,64,105
speed_10s_avg_stage2_col1_std_over_mean,0.016722537895155536,SI216,64,105
speed_10s_avg_stage2_col2_mean,0.009919573415738637,SI216,64,105
speed_10s_avg_stage2_col2_std_over_mean,0.014707522386232904,SI216,64,105
speed_10s_avg_stage3_rows,0.0032712823518938547,SI216,64,105
speed_10s_avg_stage3_col1_mean,0.004031832676897563,SI216,64,105
speed_10s_avg_stage3_col1_std_over_mean,0.00818323311770973,SI216,64,105
speed_10s_avg_stage3_col2_mean,0.024530614485947223,SI216,64,105
speed_10s_avg_stage3_col2_std_over_mean,0.008101474839596601,SI216,64,105
speed_10s_avg_stage4_rows,0.005378274066744327,SI216,64,105
speed_10s_avg_stage4_col1_mean,0.014092643047111867,SI216,64,105
speed_10s_avg_stage4_col1_std_over_mean,0.009566061146746399,SI216,64,105
speed_10s_avg_stage4_col2_mean,0.030550581425873836,SI216,64,105
speed_10s_avg_stage4_col2_std_over_mean,0.010327608350491273,SI216,64,105
speed_10s_avg_stage5_rows,0.0011752339773722013,SI216,64,105
speed_10s_avg_stage5_col1_mean,0.00640141937744659,SI216,64,105
speed_10s_avg_stage5_col1_std_over_mean,0.01688665568240283,SI216,64,105
speed_10s_avg_stage5_col2_mean,0.008706529871116708,SI216,64,105
speed_10s_avg_stage5_col2_std_over_mean,0.014389424945493912,SI216,64,105
stage_2_frames,0.013824462051525084,SI216,65,106
stage_3_frames,0.007957761218666795,SI216,65,106
stage_4_frames,0.009330276144729446,SI216,65,106
stage_5_frames,0.010868509392762423,SI216,65,106
roam_mean,0.04339640817920805,SI216,65,106
roam_std_over_mean,0.09412345925514137,SI216,65,106
roam_early_mean,0.04606124266686798,SI216,65,106
roam_mid_mean,0.009705126148085788,SI216,65,106
roam_late_mean,0.022837209326612144,SI216,65,106
roam_slope,0.01802907554190076,SI216,65,106
speed_1s_rows,0.01737356248423916,SI216,65,106
speed_1s_stage2_rows,0.007995057575147806,SI216,65,106
speed_1s_stage2_col1_mean,0.004579412543536629,SI216,65,106
speed_1s_stage2_col1_std_over_mean,0.01791263030350789,SI216,65,106
speed_1s_stage2_col2_mean,0.005632926600073961,SI216,65,106
speed_1s_stage2_col2_std_over_mean,0.011542676150207203,SI216,65,106
speed_1s_stage3_rows,0.010521846913892286,SI216,65,106
speed_1s_stage3_col1_mean,0.01651245718368097,SI216,65,106
speed_1s_stage3_col1_std_over_mean,0.008742187765237207,SI216,65,106
speed_1s_stage3_col2_mean,0.007491720892716442,SI216,65,106
speed_1s_stage3_col2_std_over_mean,0.08336617412363984,SI216,65,106
speed_1s_stage4_rows,0.012879483873091152,SI216,65,106
speed_1s_stage4_col1_mean,0.012512260750273582,SI216,65,106
speed_1s_stage4_col1_std_over_mean,0.020641770130977524,SI216,65,106
speed_1s_stage4_col2_mean,0.007603076690650504,SI216,65,106
speed_1s_stage4_col2_std_over_mean,0.023568750270735978,SI216,65,106
speed_1s_stage5_rows,0.0002869698108548707,SI216,65,106
speed_1s_stage5_col1_mean,0.006522261217899307,SI216,65,106
speed_1s_stage5_col1_std_over_mean,0.05308668200053976,SI216,65,106
speed_1s_stage5_col2_mean,0.008086010286990969,SI216,65,106
speed_1s_stage5_col2_std_over_mean,0.09562999962133763,SI216,65,106
speed_10s_avg_rows,0.02003242868477948,SI216,65,106
speed_10s_avg_stage2_rows,0.00870375715649477,SI216,65,106
speed_10s_avg_stage2_col1_mean,0.0047933632630022096,SI216,65,106
speed_10s_avg_stage2_col1_std_over_mean,0.03519017790739739,SI216,65,106
speed_10s_avg_stage2_col2_mean,0.007490290144805457,SI216,65,106
speed_10s_avg_stage2_col2_std_over_mean,0.017993055952589324,SI216,65,106
speed_10s_avg_stage3_rows,0.007480103007410605,SI216,65,106
speed_10s_avg_stage3_col1_mean,0.012736242964423777,SI216,65,106
speed_10s_avg_stage3_col1_std_over_mean,0.012842870939379771,SI216,65,106
speed_10s_avg_stage3_col2_mean,0.00784075091652342,SI216,65,106
speed_10s_avg_stage3_col2_std_over_mean,0.011542412083143555,SI216,65,106
speed_10s_avg_stage4_rows,0.011603268144152967,SI216,65,106
speed_10s_avg_stage4_col1_mean,0.013158051769207786,SI216,65,106
speed_10s_avg_stage4_col1_std_over_mean,0.01749604757440674,SI216,65,106
speed_10s_avg_stage4_col2_mean,0.0073741000055315645,SI216,65,106
speed_10s_avg_stage4_col2_std_over_mean,0.03397963762520992,SI216,65,106
speed_10s_avg_stage5_rows,0.0007064261056070148,SI216,65,106
speed_10s_avg_stage5_col1_mean,0.01054383511524976,SI216,65,106
speed_10s_avg_stage5_col1_std_over_mean,0.028093778139849295,SI216,65,106
speed_10s_avg_stage5_col2_mean,0.007364386209452881,SI216,65,106
speed_10s_avg_stage5_col2_std_over_mean,0.014413569176651769,SI216,65,106
stage_2_frames,0.016601439410525408,SI216,66,107
stage_3_frames,0.010162013582746017,SI216,66,107
stage_4_frames,0.0038398028817985936,SI216,66,107
stage_5_frames,0.00340808122638596,SI216,66,107
roam_mean,0.021676125326237628,SI216,66,107
roam_std_over_mean,0.05051095924565683,SI216,66,107
roam_early_mean,0.024840379981405737,SI216,66,107
roam_mid_mean,0.05424893665231431,SI216,66,107
roam_late_mean,0.03480465243828599,SI216,66,107
roam_slope,0.009808548195080815,SI216,66,107
speed_1s_rows,0.00792268902147001,SI216,66,107
speed_1s_stage2_rows,0.008795528588504535,SI216,66,107
speed_1s_stage2_col1_mean,0.004490817400681913,SI216,66,107
speed_1s_stage2_col1_std_over_mean,0.035503288139450674,SI216,66,107
speed_1s_stage2_col2_mean,0.010198535797267075,SI216,66,107
speed_1s_stage2_col2_std_over_mean,0.023100583229821663,SI216,66,107
speed_1s_stage3_rows,0.004418505056152999,SI216,66,107
speed_1s_stage3_col1_mean,0.00961200407637587,SI216,66,107
speed_1s_stage3_col1_std_over_mean,0.008736273105841175,SI216,66,107
speed_1s_stage3_col2_mean,0.015516832528168486,SI216,66,107
speed_1s_stage3_col2_std_over_mean,0.0805009497782193,SI216,66,107
speed_1s_stage4_rows,0.005893131631012506,SI216,66,107
speed_1s_stage4_col1_mean,0.015809650887597868,SI216,66,107
speed_1s_stage4_col1_std_over_mean,0.011558775161793244,SI216,66,107
speed_1s_stage4_col2_mean,0.018971703201402595,SI216,66,107
speed_1s_stage4_col2_std_over_mean,0.03155782692689918,SI216,66,107
speed_1s_stage5_rows,0.00023695125503540268,SI216,66,107
speed_1s_stage5_col1_mean,0.005431619603068546,SI216,66,107
speed_1s_stage5_col1_std_over_mean,0.09169148744439538,SI216,66,107
speed_1s_stage5_col2_mean,0.012461996313167922,SI216,66,107
speed_1s_stage5_col2_std_over_mean,0.02341760888393441,SI216,66,107
speed_10s_avg_rows,0.007908370257883148,SI216,66,107
speed_10s_avg_stage2_rows,0.011535256708407144,SI216,66,107
speed_10s_avg_stage2_col1_mean,0.004701947871816108,SI216,66,107
speed_10s_avg_stage2_col1_std_over_mean,0.0638463680105163,SI216,66,107
speed_10s_avg_stage2_col2_mean,0.020575739172638396,SI216,66,107
speed_10s_avg_stage2_col2_std_over_mean,0.018677447831543813,SI216,66,107
speed_10s_avg_stage3_rows,0.007774005833865977,SI216,66,107
speed_10s_avg_stage3_col1_mean,0.014380530555233664,SI216,66,107
speed_10s_avg_stage3_col1_std_over_mean,0.013747497420961615,SI216,66,107
speed_10s_avg_stage3_col2_mean,0.01462163796653753,SI216,66,107
speed_10s_avg_stage3_col2_std_over_mean,0.015109607764287748,SI216,66,107
speed_10s_avg_stage4_rows,0.006204993061628974,SI216,66,107
speed_10s_avg_stage4_col1_mean,0.015551157297748839,SI216,66,107
speed_10s_avg_stage4_col1_std_over_mean,0.02055756828145071,SI216,66,107
speed_10s_avg_stage4_col2_mean,0.014224914605169437,SI216,66,107
speed_10s_avg_stage4_col2_std_over_mean,0.025193553245677104,SI216,66,107
speed_10s_avg_stage5_rows,0.001058036411462162,SI216,66,107
speed_10s_avg_stage5_col1_mean,0.006244398224457839,SI216,66,107
speed_10s_avg_stage5_col1_std_over_mean,0.04097231783593578,SI216,66,107
speed_10s_avg_stage5_col2_mean,0.010056585800948505,SI216,66,107
speed_10s_avg_stage5_col2_std_over_mean,0.011330368871131102,SI216,66,107
stage_2_frames,0.01820270312296018,SI216,67,108
stage_3_frames,0.008954228750849596,SI216,67,108
stage_4_frames,0.00860563839036316,SI216,67,108
stage_5_frames,0.010919942188055018,SI216,67,108
roam_mean,0.02413347785883712,SI216,67,108
roam_std_over_mean,0.039057708838868145,SI216,67,108
roam_early_mean,0.021945833627196636,SI216,67,108
roam_mid_mean,0.028221890755492078,SI216,67,108
roam_late_mean,0.0311712799243549,SI216,67,108
roam_slope,0.007362576061093566,SI216,67,108
speed_1s_rows,0.01542574629176709,SI216,67,108
speed_1s_stage2_rows,0.018876390687950502,SI216,67,108
speed_1s_stage2_col1_mean,0.005667660805003623,SI216,67,108
speed_1s_stage2_col1_std_over_mean,0.024418420446378708,SI216,67,108
speed_1s_stage2_col2_mean,0.013380979831427617,SI216,67,108
speed_1s_stage2_col2_std_over_mean,0.02236957418148808,SI216,67,108
speed_1s_stage3_rows,0.007871211292418115,SI216,67,108
speed_1s_stage3_col1_mean,0.003195874829575798,SI216,67,108
speed_1s_stage3_col1_std_over_mean,0.008732365447639872,SI216,67,108
speed_1s_stage3_col2_mean,0.02069317052518631,SI216,67,108
speed_1s_stage3_col2_std_over_mean,0.1485068168473906,SI216,67,108
speed_1s_stage4_rows,0.010665908278876049,SI216,67,108
speed_1s_stage4_col1_mean,0.02045471847634002,SI216,67,108
speed_1s_stage4_col1_std_over_mean,0.025172103040277043,SI216,67,108
speed_1s_stage4_col2_mean,0.014549624867055282,SI216,67,108
speed_1s_stage4_col2_std_over_mean,0.08828258978753716,SI216,67,108
speed_1s_stage5_rows,0.0004227662570988902,SI216,67,108
speed_1s_stage5_col1_mean,0.008509268174294878,SI216,67,108
speed_1s_stage5_col1_std_over_mean,0.037150347430951344,SI216,67,108
speed_1s_stage5_col2_mean,0.005613105169598577,SI216,67,108
speed_1s_stage5_col2_std_over_mean,0.02446429201404999,SI216,67,108
speed_10s_avg_rows,0.008855820295100623,SI216,67,108
speed_10s_avg_stage2_rows,0.008889244306766509,SI216,67,108
speed_10s_avg_stage2_col1_mean,0.0034210360683973313,SI216,67,108
speed_10s_avg_stage2_col1_std_over_mean,0.018495196189276916,SI216,67,108
speed_10s_avg_stage2_col2_mean,0.013519849881654371,SI216,67,108
speed_10s_avg_stage2_col2_std_over_mean,0.022342992645279645,SI216,67,108
speed_10s_avg_stage3_rows,0.0057907160507467345,SI216,67,108
speed_10s_avg_stage3_col1_mean,0.006136393010103454,SI216,67,108
speed_10s_avg_stage3_col1_std_over_mean,0.0104567458492711,SI216,67,108
speed_10s_avg_stage3_col2_mean,0.015558686109450524,SI216,67,108
speed_10s_avg_stage3_col2_std_over_mean,0.015162010212302107,SI216,67,108
speed_10s_avg_stage4_rows,0.010997494944017224,SI216,67,108
speed_10s_avg_stage4_col1_mean,0.02413819089902586,SI216,67,108
speed_10s_avg_stage4_col1_std_over_mean,0.021870591427560815,SI216,67,108
speed_10s_avg_stage4_col2_mean,0.010196349492296423,SI216,67,108
speed_10s_avg_stage4_col2_std_over_mean,0.015397824887494724,SI216,67,108
speed_10s_avg_stage5_rows,8.04727775682143e-05,SI216,67,108
speed_10s_avg_stage5_col1_mean,0.012149407621203688,SI216,67,108
speed_10s_avg_stage5_col1_std_over_mean,0.03490430632338241,SI216,67,108
speed_10s_avg_stage5_col2_mean,0.007251596677681035,SI216,67,108
speed_10s_avg_stage5_col2_std_over_mean,0.011386860131044469,SI216,67,108
stage_2_frames,0.016457427459014403,SI216,68,109
stage_3_frames,0.006741780258449837,SI216,68,109
stage_4_frames,0.017050097909583752,SI216,68,109
stage_5_frames,0.007230465817416554,SI216,68,109
roam_mean,0.04381272630583449,SI216,68,109
roam_std_over_mean,0.10155467894494967,SI216,68,109
roam_early_mean,0.03319443680928699,SI216,68,109
roam_mid_mean,0.012696483560282686,SI216,68,109
roam_late_mean,0.07964702302355386,SI216,68,109
roam_slope,0.016352078357574816,SI216,68,109
speed_1s_rows,0.010107703107495866,SI216,68,109
speed_1s_stage2_rows,0.0074318089221287265,SI216,68,109
speed_1s_stage2_col1_mean,0.011095336107028285,SI216,68,109
speed_1s_stage2_col1_std_over_mean,0.012549239943892586,SI216,68,109
speed_1s_stage2_col2_mean,0.00900431535658269,SI216,68,109
speed_1s_stage2_col2_std_over_mean,0.004845798755066523,SI216,68,109
speed_1s_stage3_rows,0.010868397245427375,SI216,68,109
speed_1s_stage3_col1_mean,0.0075524993302667695,SI216,68,109
speed_1s_stage3_col1_std_over_mean,0.0043286639230198445,SI216,68,109
speed_1s_stage3_col2_mean,0.015200547492635164,SI216,68,109
speed_1s_stage3_col2_std_over_mean,0.04167720853850959,SI216,68,109
speed_1s_stage4_rows,0.0053790369859744004,SI216,68,109
speed_1s_stage4_col1_mean,0.03130853527138091,SI216,68,109
speed_1s_stage4_col1_std_over_mean,0.009442500073025606,SI216,68,109
speed_1s_stage4_col2_mean,0.05422492333531351,SI216,68,109
speed_1s_stage4_col2_std_over_mean,0.061282887747346054,SI216,68,109
speed_1s_stage5_rows,0.0007435410044155879,SI216,68,109
speed_1s_stage5_col1_mean,0.004666120129638,SI216,68,109
speed_1s_stage5_col1_std_over_mean,0.025468662995284556,SI216,68,109
speed_1s_stage5_col2_mean,0.021853066708010002,SI216,68,109
speed_1s_stage5_col2_std_over_mean,0.025012787718643622,SI216,68,109
speed_10s_avg_rows,0.015458855545418822,SI216,68,109
speed_10s_avg_stage2_rows,0.011219002805714112,SI216,68,109
speed_10s_avg_stage2_col1_mean,0.016564347916752306,SI216,68,109
speed_10s_avg_stage2_col1_std_over_mean,0.013216037377594239,SI216,68,109
speed_10s_avg_stage2_col2_mean,0.006733287223572787,SI216,68,109
speed_10s_avg_stage2_col2_std_over_mean,0.006422426784969469,SI216,68,109
speed_10s_avg_stage3_rows,0.014108273283214727,SI216,68,109
speed_10s_avg_stage3_col1_mean,0.011276737365562913,SI216,68,109
speed_10s_avg_stage3_col1_std_over_mean,0.014314123217141398,SI216,68,109
speed_10s_avg_stage3_col2_mean,0.010536760648798589,SI216,68,109
speed_10s_avg_stage3_col2_std_over_mean,0.010162516705981573,SI216,68,109
speed_10s_avg_stage4_rows,0.005586273261707557,SI216,68,109
speed_10s_avg_stage4_col1_mean,0.0326814982852763,SI216,68,109
speed_10s_avg_stage4_col1_std_over_mean,0.005115246157506992,SI216,68,109
speed_10s_avg_stage4_col2_mean,0.054003364687616795,SI216,68,109
speed_10s_avg_stage4_col2_std_over_mean,0.0180900823044906,SI216,68,109
speed_10s_avg_stage5_rows,0.0006527976334895245,SI216,68,109
speed_10s_avg_stage5_col1_mean,0.003536330983852962,SI216,68,109
speed_10s_avg_stage5_col1_std_over_mean,0.014163126744263777,SI216,68,109
speed_10s_avg_stage5_col2_mean,0.016166837637867595,SI216,68,109
speed_10s_avg_stage5_col2_std_over_mean,0.0112112942921741,SI216,68,109
stage_2_frames,0.02337072828696212,SI216,69,110
stage_3_frames,0.008488131884667701,SI216,69,110
stage_4_frames,0.024382873736924167,SI216,69,110
stage_5_frames,0.006769885207367786,SI216,69,110
roam_mean,0.007587868802056153,SI216,69,110
roam_std_over_mean,0.027565955530502624,SI216,69,110
roam_early_mean,0.0077791805240791075,SI216,69,110
roam_mid_mean,0.016707994789210583,SI216,69,110
roam_late_mean,0.024493565721018806,SI216,69,110
roam_slope,0.008738644171869484,SI216,69,110
speed_1s_rows,0.01267636865593,SI216,69,110
speed_1s_stage2_rows,0.015342416099494943,SI216,69,110
speed_1s_stage2_col1_mean,0.012949822106313928,SI216,69,110
speed_1s_stage2_col1_std_over_mean,0.028036052155115943,SI216,69,110
speed_1s_stage2_col2_mean,0.009682399943444182,SI216,69,110
speed_1s_stage2_col2_std_over_mean,0.02823735020762107,SI216,69,110
speed_1s_stage3_rows,0.026572306063235063,SI216,69,110
speed_1s_stage3_col1_mean,0.009315118516864757,SI216,69,110
speed_1s_stage3_col1_std_over_mean,0.005640516428982288,SI216,69,110
speed_1s_stage3_col2_mean,0.014802095244203787,SI216,69,110
speed_1s_stage3_col2_std_over_mean,0.06257975397818392,SI216,69,110
speed_1s_stage4_rows,0.006258496180927352,SI216,69,110
speed_1s_stage4_col1_mean,0.012959626200893408,SI216,69,110
speed_1s_stage4_col1_std_over_mean,0.01667920491740084,SI216,69,110
speed_1s_stage4_col2_mean,0.017544108068598113,SI216,69,110
speed_1s_stage4_col2_std_over_mean,0.023980130178835157,SI216,69,110
speed_1s_stage5_rows,0.0010763855196533592,SI216,69,110
speed_1s_stage5_col1_mean,0.0045323740694233755,SI216,69,110
speed_1s_stage5_col1_std_over_mean,0.11279816843471925,SI216,69,110
speed_1s_stage5_col2_mean,0.004575406084550963,SI216,69,110
speed_1s_stage5_col2_std_over_mean,0.02140644840966214,SI216,69,110
speed_10s_avg_rows,0.010008118347295123,SI216,69,110
speed_10s_avg_stage2_rows,0.012689804400871805,SI216,69,110
speed_10s_avg_stage2_col1_mean,0.0076067356372495724,SI216,69,110
speed_10s_avg_stage2_col1_std_over_mean,0.021413655026324866,SI216,69,110
speed_10s_avg_stage2_col2_mean,0.0136471492326307,SI216,69,110
speed_10s_avg_stage2_col2_std_over_mean,0.12610982794761835,SI216,69,110
speed_10s_avg_stage3_rows,0.02035593552882042,SI216,69,110
speed_10s_avg_stage3_col1_mean,0.006356797068764663,SI216,69,110
speed_10s_avg_stage3_col1_std_over_mean,0.02738128574374437,SI216,69,110
speed_10s_avg_stage3_col2_mean,0.008719055873219054,SI216,69,110
speed_10s_avg_stage3_col2_std_over_mean,0.006037352813421306,SI216,69,110
speed_10s_avg_stage4_rows,0.017222555541069495,SI216,69,110
speed_10s_avg_stage4_col1_mean,0.010974360378918227,SI216,69,110
speed_10s_avg_stage4_col1_std_over_mean,0.014042316802219061,SI216,69,110
speed_10s_avg_stage4_col2_mean,0.019399741107437342,SI216,69,110
speed_10s_avg_stage4_col2_std_over_mean,0.01838081117687173,SI216,69,110
speed_10s_avg_stage5_rows,0.000795409055438644,SI216,69,110
speed_10s_avg_stage5_col1_mean,0.00465624109226478,SI216,69,110
speed_10s_avg_stage5_col1_std_over_mean,0.018453304482462667,SI216,69,110
speed_10s_avg_stage5_col2_mean,0.0069628284361018524,SI216,69,110
speed_10s_avg_stage5_col2_std_over_mean,0.025257338188543692,SI216,69,110
stage_2_frames,0.014259305039433422,SI216,70,111
stage_3_frames,0.019609716980678652,SI216,70,111
stage_4_frames,0.011648006448154382,SI216,70,111
stage_5_frames,0.003759632812411899,SI216,70,111
roam_mean,0.009089711937287848,SI216,70,111
roam_std_over_mean,0.056593654168336914,SI216,70,111
roam_early_mean,0.03261229715421204,SI216,70,111
roam_mid_mean,0.010506274516379208,SI216,70,111
roam_late_mean,0.019323483007081376,SI216,70,111
roam_slope,0.01040507606497036,SI216,70,111
speed_1s_rows,0.012290871549908463,SI216,70,111
speed_1s_stage2_rows,0.016925743956490723,SI216,70,111
speed_1s_stage2_col1_mean,0.010259239863078966,SI216,70,111
speed_1s_stage2_col1_std_over_mean,0.016551498098063857,SI216,70,111
speed_1s_stage2_col2_mean,0.010238756008762648,SI216,70,111
speed_1s_stage2_col2_std_over_mean,0.008203238385910274,SI216,70,111
speed_1s_stage3_rows,0.010177594792580801,SI216,70,111
speed_1s_stage3_col1_mean,0.017496665565529264,SI216,70,111
speed_1s_stage3_col1_std_over_mean,0.007795709903687528,SI216,70,111
speed_1s_stage3_col2_mean,0.008831386205187253,SI216,70,111
speed_1s_stage3_col2_std_over_mean,0.013445561200116838,SI216,70,111
speed_1s_stage4_rows,0.0035175305747442414,SI216,70,111
speed_1s_stage4_col1_mean,0.011645754972771424,SI216,70,111
speed_1s_stage4_col1_std_over_mean,0.013751344762255816,SI216,70,111
speed_1s_stage4_col2_mean,0.08382842714580933,SI216,70,111
speed_1s_stage4_col2_std_over_mean,0.06616605517184851,SI216,70,111
speed_1s_stage5_rows,8.042441394194049e-05,SI216,70,111
speed_1s_stage5_col1_mean,0.004132890857534628,SI216,70,111
speed_1s_stage5_col1_std_over_mean,0.06125368810386685,SI216,70,111
speed_1s_stage5_col2_mean,0.013287573018172074,SI216,70,111
speed_1s_stage5_col2_std_over_mean,0.03710740719140985,SI216,70,111
speed_10s_avg_rows,0.012141406453292057,SI216,70,111
speed_10s_avg_stage2_rows,0.01881722635276673,SI216,70,111
speed_10s_avg_stage2_col1_mean,0.005118285437503674,SI216,70,111
speed_10s_avg_stage2_col1_std_over_mean,0.008325444664251776,SI216,70,111
speed_10s_avg_stage2_col2_mean,0.006755295379890632,SI216,70,111
speed_10s_avg_stage2_col2_std_over_mean,0.0064100192638425115,SI216,70,111
speed_10s_avg_stage3_rows,0.012011793546870226,SI216,70,111
speed_10s_avg_stage3_col1_mean,0.01162069510760736,SI216,70,111
speed_10s_avg_stage3_col1_std_over_mean,0.009868277463311457,SI216,70,111
speed_10s_avg_stage3_col2_mean,0.00480098226046058,SI216,70,111
speed_10s_avg_stage3_col2_std_over_mean,0.004490244495487206,SI216,70,111
speed_10s_avg_stage4_rows,0.005397786168766267,SI216,70,111
speed_10s_avg_stage4_col1_mean,0.011211134536267006,SI216,70,111
speed_10s_avg_stage4_col1_std_over_mean,0.008561652093898253,SI216,70,111
speed_10s_avg_stage4_col2_mean,0.10766457372073301,SI216,70,111
speed_10s_avg_stage4_col2_std_over_mean,0.10349330376223112,SI216,70,111
speed_10s_avg_stage5_rows,0.0012359912059475178,SI216,70,111
speed_10s_avg_stage5_col1_mean,0.004138759766661351,SI216,70,111
speed_10s_avg_stage5_col1_std_over_mean,0.023026775856800498,SI216,70,111
speed_10s_avg_stage5_col2_mean,0.014038708857512048,SI216,70,111
speed_10s_avg_stage5_col2_std_over_mean,0.0060771237352815624,SI216,70,111
stage_2_frames,0.009527345502020048,SI216,71,112
stage_3_frames,0.010354720075321669,SI216,71,112
stage_4_frames,0.005918236396373751,SI216,71,112
stage_5_frames,0.004248771042351453,SI216,71,112
roam_mean,0.015893444453838067,SI216,71,112
roam_std_over_mean,0.027553110396550052,SI216,71,112
roam_early_mean,0.0532692137718894,SI216,71,112
roam_mid_mean,0.01948821881862882,SI216,71,112
roam_late_mean,0.031085601381983168,SI216,71,112
roam_slope,0.01136409180651718,SI216,71,112
speed_1s_rows,0.005962480835913928,SI216,71,112
speed_1s_stage2_rows,0.011649229881555364,SI216,71,112
speed_1s_stage2_col1_mean,0.007440808877538491,SI216,71,112
speed_1s_stage2_col1_std_over_mean,0.021673439113796544,SI216,71,112
speed_1s_stage2_col2_mean,0.014566488737982341,SI216,71,112
speed_1s_stage2_col2_std_over_mean,0.016673213848651818,SI216,71,112
speed_1s_stage3_rows,0.013040231957145052,SI216,71,112
speed_1s_stage3_col1_mean,0.008442161690589561,SI216,71,112
speed_1s_stage3_col1_std_over_mean,0.010352283163803077,SI216,71,112
speed_1s_stage3_col2_mean,0.020082705784797785,SI216,71,112
speed_1s_stage3_col2_std_over_mean,0.08909389649018795,SI216,71,112
speed_1s_stage4_rows,0.005312277452895653,SI216,71,112
speed_1s_stage4_col1_mean,0.012622888207678542,SI216,71,112
speed_1s_stage4_col1_std_over_mean,0.008734110920141393,SI216,71,112
speed_1s_stage4_col2_mean,0.01941744611479149,SI216,71,112
speed_1s_stage4_col2_std_over_mean,0.044417692410106874,SI216,71,112
speed_1s_stage5_rows,0.0009871072727157375,SI216,71,112
speed_1s_stage5_col1_mean,0.0061539761894848135,SI216,71,112
speed_1s_stage5_col1_std_over_mean,0.09045966654567025,SI216,71,112
speed_1s_stage5_col2_mean,0.011455811945391926,SI216,71,112
speed_1s_stage5_col2_std_over_mean,0.03414689372184735,SI216,71,112
speed_10s_avg_rows,0.009330490648636024,SI216,71,112
speed_10s_avg_stage2_rows,0.007544184195839155,SI216,71,112
speed_10s_avg_stage2_col1_mean,0.006054019780570787,SI216,71,112
speed_10s_avg_stage2_col1_std_over_mean,0.05191059663435808,SI216,71,112
speed_10s_avg_stage2_col2_mean,0.009050114230266285,SI216,71,112
speed_10s_avg_stage2_col2_std_over_mean,0.035998844443051174,SI216,71,112
speed_10s_avg_stage3_rows,0.008118673156952699,SI216,71,112
speed_10s_avg_stage3_col1_mean,0.014137271501852212,SI216,71,112
speed_10s_avg_stage3_col1_std_over_mean,0.012606266965965948,SI216,71,112
speed_10s_avg_stage3_col2_mean,0.024373352138579798,SI216,71,112
speed_10s_avg_stage3_col2_std_over_mean,0.004578683564501646,SI216,71,112
speed_10s_avg_stage4_rows,0.009202742457907705,SI216,71,112
speed_10s_avg_stage4_col1_mean,0.008362051183611456,SI216,71,112
speed_10s_avg_stage4_col1_std_over_mean,0.02149496120999339,SI216,71,112
speed_10s_avg_stage4_col2_mean,0.023942278652585986,SI216,71,112
speed_10s_avg_stage4_col2_std_over_mean,0.049576560946178745,SI216,71,112
speed_10s_avg_stage5_rows,0.0009313552232850914,SI216,71,112
speed_10s_avg_stage5_col1_mean,0.006665985723146105,SI216,71,112
speed_10s_avg_stage5_col1_std_over_mean,0.03217918948373573,SI216,71,112
speed_10s_avg_stage5_col2_mean,0.008326220312587226,SI216,71,112
speed_10s_avg_stage5_col2_std_over_mean,0.014228592738235216,SI216,71,112
stage_2_frames,0.01509146102939414,SI216,72,113
stage_3_frames,0.019817955665123465,SI216,72,113
stage_4_frames,0.010042286208009068,SI216,72,113
stage_5_frames,0.0046478525109554785,SI216,72,113
roam_mean,0.023451660736947634,SI216,72,113
roam_std_over_mean,0.11725326993269496,SI216,72,113
roam_early_mean,0.021445985662161007,SI216,72,113
roam_mid_mean,0.01891763056022557,SI216,72,113
roam_late_mean,0.021142714171038215,SI216,72,113
roam_slope,0.008761244744052092,SI216,72,113
speed_1s_rows,0.025230357299538295,SI216,72,113
speed_1s_stage2_rows,0.014417357889255866,SI216,72,113
speed_1s_stage2_col1_mean,0.009645294093642854,SI216,72,113
speed_1s_stage2_col1_std_over_mean,0.011517503838281607,SI216,72,113
speed_1s_stage2_col2_mean,0.006802195855225852,SI216,72,113
speed_1s_stage2_col2_std_over_mean,0.01765813355835106,SI216,72,113
speed_1s_stage3_rows,0.011385594234634509,SI216,72,113
speed_1s_stage3_col1_mean,0.005354327434234921,SI216,72,113
speed_1s_stage3_col1_std_over_mean,0.007148344343583653,SI216,72,113
speed_1s_stage3_col2_mean,0.019160675197351342,SI216,72,113
speed_1s_stage3_col2_std_over_mean,0.044439335525544285,SI216,72,113
speed_1s_stage4_rows,0.004305270799873107,SI216,72,113
speed_1s_stage4_col1_mean,0.01027358706688035,SI216,72,113
speed_1s_stage4_col1_std_over_mean,0.010964915401119267,SI216,72,113
speed_1s_stage4_col2_mean,0.047965366493091466,SI216,72,113
speed_1s_stage4_col2_std_over_mean,0.06780678875885869,SI216,72,113
speed_1s_stage5_rows,0.0008373081699421098,SI216,72,113
speed_1s_stage5_col1_mean,0.0034381740994690485,SI216,72,113
speed_1s_stage5_col1_std_over_mean,0.05674415645778101,SI216,72,113
speed_1s_stage5_col2_mean,0.017552217131010336,SI216,72,113
speed_1s_stage5_col2_std_over_mean,0.11090212889449651,SI216,72,113
speed_10s_avg_rows,0.018534368845531023,SI216,72,113
speed_10s_avg_stage2_rows,0.01629143814283615,SI216,72,113
speed_10s_avg_stage2_col1_mean,0.0038467363494838216,SI216,72,113
speed_10s_avg_stage2_col1_std_over_mean,0.0179192950569753,SI216,72,113
speed_10s_avg_stage2_col2_mean,0.0057715847919758475,SI216,72,113
speed_10s_avg_stage2_col2_std_over_mean,0.020138771893190587,SI216,72,113
speed_10s_avg_stage3_rows,0.004432079903395233,SI216,72,113
speed_10s_avg_stage3_col1_mean,0.0035245112925830894,SI216,72,113
speed_10s_avg_stage3_col1_std_over_mean,0.0035219566324824845,SI216,72,113
speed_10s_avg_stage3_col2_mean,0.013660173332229911,SI216,72,113
speed_10s_avg_stage3_col2_std_over_mean,0.006479987279780711,SI216,72,113
speed_10s_avg_stage4_rows,0.007461501958964648,SI216,72,113
speed_10s_avg_stage4_col1_mean,0.010705010393790234,SI216,72,113
speed_10s_avg_stage4_col1_std_over_mean,0.011765130425652094,SI216,72,113
speed_10s_avg_stage4_col2_mean,0.04771299282950954,SI216,72,113
speed_10s_avg_stage4_col2_std_over_mean,0.007506268009313017,SI216,72,113
speed_10s_avg_stage5_rows,0.0005327322642243562,SI216,72,113
speed_10s_avg_stage5_col1_mean,0.002664527233978499,SI216,72,113
speed_10s_avg_stage5_col1_std_over_mean,0.010206266258640047,SI216,72,113
speed_10s_avg_stage5_col2_mean,0.009476644865826014,SI216,72,113
speed_10s_avg_stage5_col2_std_over_mean,0.013726928476869732,SI216,72,113
stage_2_frames,0.018428916694723928,SI216,73,114
stage_3_frames,0.007904445932958038,SI216,73,114
stage_4_frames,0.006655830589258787,SI216,73,114
stage_5_frames,0.006264486419293444,SI216,73,114
roam_mean,0.013871072899014122,SI216,73,114
roam_std_over_mean,0.11573988830069247,SI216,73,114
roam_early_mean,0.02204749464954691,SI216,73,114
roam_mid_mean,0.010550502274013393,SI216,73,114
roam_late_mean,0.014032242881688386,SI216,73,114
roam_slope,0.012116561240755877,SI216,73,114
speed_1s_rows,0.007309983982403787,SI216,73,114
speed_1s_stage2_rows,0.006185846408416216,SI216,73,114
speed_1s_stage2_col1_mean,0.01131953492782607,SI216,73,114
speed_1s_stage2_col1_std_over_mean,0.01578108508581862,SI216,73,114
speed_1s_stage2_col2_mean,0.010626784239929835,SI216,73,114
speed_1s_stage2_col2_std_over_mean,0.03823647256081064,SI216,73,114
speed_1s_stage3_rows,0.012100595630420223,SI216,73,114
speed_1s_stage3_col1_mean,0.018950652489631337,SI216,73,114
speed_1s_stage3_col1_std_over_mean,0.008931934480235507,SI216,73,114
speed_1s_stage3_col2_mean,0.009416338678764704,SI216,73,114
speed_1s_stage3_col2_std_over_mean,0.038216378313390115,SI216,73,114
speed_1s_stage4_rows,0.00777700863406761,SI216,73,114
speed_1s_stage4_col1_mean,0.020500746547794053,SI216,73,114
speed_1s_stage4_col1_std_over_mean,0.013529712028613696,SI216,73,114
speed_1s_stage4_col2_mean,0.011093616233181077,SI216,73,114
speed_1s_stage4_col2_std_over_mean,0.0555852325144257,SI216,73,114
speed_1s_stage5_rows,0.0015800361863161155,SI216,73,114
speed_1s_stage5_col1_mean,0.002944094110386198,SI216,73,114
speed_1s_stage5_col1_std_over_mean,0.022992608643784353,SI216,73,114
speed_1s_stage5_col2_mean,0.006535189031281961,SI216,73,114
speed_1s_stage5_col2_std_over_mean,0.05505191410457042,SI216,73,114
speed_10s_avg_rows,0.01462769454118658,SI216,73,114
speed_10s_avg_stage2_rows,0.005118133723688836,SI216,73,114
speed_10s_avg_stage2_col1_mean,0.00870894178028217,SI216,73,114
speed_10s_avg_stage2_col1_std_over_mean,0.019657459095400228,SI216,73,114
speed_10s_avg_stage2_col2_mean,0.007796204186791255,SI216,73,114
speed_10s_avg_stage2_col2_std_over_mean,0.05525142878906036,SI216,73,114
speed_10s_avg_stage3_rows,0.006632767716813383,SI216,73,114
speed_10s_avg_stage3_col1_mean,0.02724642195839525,SI216,73,114
speed_10s_avg_stage3_col1_std_over_mean,0.021152376854214158,SI216,73,114
speed_10s_avg_stage3_col2_mean,0.006180627738475557,SI216,73,114
speed_10s_avg_stage3_col2_std_over_mean,0.014723305008333076,SI216,73,114
speed_10s_avg_stage4_rows,0.012399995751432451,SI216,73,114
speed_10s_avg_stage4_col1_mean,0.01687670260026174,SI216,73,114
speed_10s_avg_stage4_col1_std_over_mean,0.015437561280467284,SI216,73,114
speed_10s_avg_stage4_col2_mean,0.012152072971059615,SI216,73,114
speed_10s_avg_stage4_col2_std_over_mean,0.0600593412527558,SI216,73,114
speed_10s_avg_stage5_rows,0.0008110682968308816,SI216,73,114
speed_10s_avg_stage5_col1_mean,0.003989640445269679,SI216,73,114
speed_10s_avg_stage5_col1_std_over_mean,0.02307162496927457,SI216,73,114
speed_10s_avg_stage5_col2_mean,0.006791389913558247,SI216,73,114
speed_10s_avg_stage5_col2_std_over_mean,0.05903803441243529,SI216,73,114
stage_2_frames,0.02798735476689841,SI216,74,115
stage_3_frames,0.00567152803184057,SI216,74,115
stage_4_frames,0.01195212703915124,SI216,74,115
stage_5_frames,0.019443375357752195,SI216,74,115
roam_mean,0.028485322178946126,SI216,74,115
roam_std_over_mean,0.054482331867142665,SI216,74,115
roam_early_mean,0.0274500266062687,SI216,74,115
roam_mid_mean,0.012822552129271041,SI216,74,115
roam_late_mean,0.014340416147638398,SI216,74,115
roam_slope,0.008985076593040327,SI216,74,115
speed_1s_rows,0.012034291911946772,SI216,74,115
speed_1s_stage2_rows,0.005372967395657683,SI216,74,115
speed_1s_stage2_col1_mean,0.007817501867239573,SI216,74,115
speed_1s_stage2_col1_std_over_mean,0.01314117676643866,SI216,74,115
speed_1s_stage2_col2_mean,0.012781415916235005,SI216,74,115
speed_1s_stage2_col2_std_over_mean,0.043475569879722724,SI216,74,115
speed_1s_stage3_rows,0.017826463272471945,SI216,74,115
speed_1s_stage3_col1_mean,0.01954747283077737,SI216,74,115
speed_1s_stage3_col1_std_over_mean,0.016458716113738014,SI216,74,115
speed_1s_stage3_col2_mean,0.005197383827804383,SI216,74,115
speed_1s_stage3_col2_std_over_mean,0.02382185001096051,SI216,74,115
speed_1s_stage4_rows,0.02952767504123516,SI216,74,115
speed_1s_stage4_col1_mean,0.017827471080374396,SI216,74,115
speed_1s_stage4_col1_std_over_mean,0.011294586140548816,SI216,74,115
speed_1s_stage4_col2_mean,0.016815181269637235,SI216,74,115
speed_1s_stage4_col2_std_over_mean,0.026351218710694967,SI216,74,115
speed_1s_stage5_rows,0.001038454256726609,SI216,74,115
speed_1s_stage5_col1_mean,0.006632490091096718,SI216,74,115
speed_1s_stage5_col1_std_over_mean,0.030310691279689904,SI216,74,115
speed_1s_stage5_col2_mean,0.010108991977800104,SI216,74,115
speed_1s_stage5_col2_std_over_mean,0.1082352590861638,SI216,74,115
speed_10s_avg_rows,0.008287559866676484,SI216,74,115
speed_10s_avg_stage2_rows,0.0078005242327097895,SI216,74,115
speed_10s_avg_stage2_col1_mean,0.005026364871339028,SI216,74,115
speed_10s_avg_stage2_col1_std_over_mean,0.04353238062251577,SI216,74,115
speed_10s_avg_stage2_col2_mean,0.015932396448306473,SI216,74,115
speed_10s_avg_stage2_col2_std_over_mean,0.028552465620186963,SI216,74,115
speed_10s_avg_stage3_rows,0.019804208839798425,SI216,74,115
speed_10s_avg_stage3_col1_mean,0.017660553448750903,SI216,74,115
speed_10s_avg_stage3_col1_std_over_mean,0.011886158173715347,SI216,74,115
speed_10s_avg_stage3_col2_mean,0.0032626281157469273,SI216,74,115
speed_10s_avg_stage3_col2_std_over_mean,0.007458993472608399,SI216,74,115
speed_10s_avg_stage4_rows,0.025897888585634937,SI216,74,115
speed_10s_avg_stage4_col1_mean,0.011198847557708388,SI216,74,115
speed_10s_avg_stage4_col1_std_over_mean,0.010186254837150849,SI216,74,115
speed_10s_avg_stage4_col2_mean,0.014300380753431959,SI216,74,115
speed_10s_avg_stage4_col2_std_over_mean,0.04217859422985272,SI216,74,115
speed_10s_avg_stage5_rows,0.0006629511228643191,SI216,74,115
speed_10s_avg_stage5_col1_mean,0.0069300373907870225,SI216,74,115
speed_10s_avg_stage5_col1_std_over_mean,0.027269825109535878,SI216,74,115
speed_10s_avg_stage5_col2_mean,0.013761472342488217,SI216,74,115
speed_10s_avg_stage5_col2_std_over_mean,0.031172574913281223,SI216,74,115
stage_2_frames,0.012339062083399443,SI216,75,116
stage_3_frames,0.00765664675583894,SI216,75,116
stage_4_frames,0.011980528928398324,SI216,75,116
stage_5_frames,0.010742281160794453,SI216,75,116
roam_mean,0.015336338506590087,SI216,75,116
roam_std_over_mean,0.05530136587233164,SI216,75,116
roam_early_mean,0.024292559961259255,SI216,75,116
roam_mid_mean,0.00927731267426998,SI216,75,116
roam_late_mean,0.019506295770299713,SI216,75,116
roam_slope,0.006952835714186948,SI216,75,116
speed_1s_rows,0.009307214458727562,SI216,75,116
speed_1s_stage2_rows,0.00540320559803558,SI216,75,116
speed_1s_stage2_col1_mean,0.00824259297899939,SI216,75,116
speed_1s_stage2_col1_std_over_mean,0.036219818159197746,SI216,75,116
speed_1s_stage2_col2_mean,0.01098807949010961,SI216,75,116
speed_1s_stage2_col2_std_over_mean,0.02748211204982578,SI216,75,116
speed_1s_stage3_rows,0.00882538830017761,SI216,75,116
speed_1s_stage3_col1_mean,0.023234986372720194,SI216,75,116
speed_1s_stage3_col1_std_over_mean,0.00772382451354374,SI216,75,116
speed_1s_stage3_col2_mean,0.03249907941335249,SI216,75,116
speed_1s_stage3_col2_std_over_mean,0.11509753415431657,SI216,75,116
speed_1s_stage4_rows,0.013697773771449618,SI216,75,116
speed_1s_stage4_col1_mean,0.01137978415680131,SI216,75,116
speed_1s_stage4_col1_std_over_mean,0.020423426151796324,SI216,75,116
speed_1s_stage4_col2_mean,0.012356677924448806,SI216,75,116
speed_1s_stage4_col2_std_over_mean,0.04058172071965708,SI216,75,116
speed_1s_stage5_rows,0.00020958358987077923,SI216,75,116
speed_1s_stage5_col1_mean,0.006525553193853336,SI216,75,116
speed_1s_stage5_col1_std_over_mean,0.026775606134015337,SI216,75,116
speed_1s_stage5_col2_mean,0.002433581840883933,SI216,75,116
speed_1s_stage5_col2_std_over_mean,0.04767296032437868,SI216,75,116
speed_10s_avg_rows,0.010473032128555883,SI216,75,116
speed_10s_avg_stage2_rows,0.006579303204563491,SI216,75,116
speed_10s_avg_stage2_col1_mean,0.0050578995972053705,SI216,75,116
speed_10s_avg_stage2_col1_std_over_mean,0.0331477354280463,SI216,75,116
speed_10s_avg_stage2_col2_mean,0.006916338807264231,SI216,75,116
speed_10s_avg_stage2_col2_std_over_mean,0.027235156738856597,SI216,75,116
speed_10s_avg_stage3_rows,0.01120593453808989,SI216,75,116
speed_10s_avg_stage3_col1_mean,0.01642000357131913,SI216,75,116
speed_10s_avg_stage3_col1_std_over_mean,0.010980371730041225,SI216,75,116
speed_10s_avg_stage3_col2_mean,0.0327801122787575,SI216,75,116
speed_10s_avg_stage3_col2_std_over_mean,0.024417212986098634,SI216,75,116
speed_10s_avg_stage4_rows,0.015092552280559118,SI216,75,116
speed_10s_avg_stage4_col1_mean,0.010023636784061938,SI216,75,116
speed_10s_avg_stage4_col1_std_over_mean,0.019767347091138462,SI216,75,116
speed_10s_avg_stage4_col2_mean,0.011486562693926847,SI216,75,116
speed_10s_avg_stage4_col2_std_over_mean,0.04318847609022882,SI216,75,116
speed_10s_avg_stage5_rows,0.0010647312362630473,SI216,75,116
speed_10s_avg_stage5_col1_mean,0.013471097252679016,SI216,75,116
speed_10s_avg_stage5_col1_std_over_mean,0.03397749365944766,SI216,75,116
speed_10s_avg_stage5_col2_mean,0.003626720545582164,SI216,75,116
speed_10s_avg_stage5_col2_std_over_mean,0.022622550633784173,SI216,75,116
stage_2_frames,0.01732949023528515,SI216,76,117
stage_3_frames,0.006433179152832158,SI216,76,117
stage_4_frames,0.010694991750197334,SI216,76,117
stage_5_frames,0.004962578111553657,SI216,76,117
roam_mean,0.010038330992414768,SI216,76,117
roam_std_over_mean,0.09460186483164441,SI216,76,117
roam_early_mean,0.0375420093637223,SI216,76,117
roam_mid_mean,0.009513348073817773,SI216,76,117
roam_late_mean,0.017251585603669566,SI216,76,117
roam_slope,0.014648520768868543,SI216,76,117
speed_1s_rows,0.00930660754582042,SI216,76,117
speed_1s_stage2_rows,0.007169992403578993,SI216,76,117
speed_1s_stage2_col1_mean,0.004553337321193007,SI216,76,117
speed_1s_stage2_col1_std_over_mean,0.020210050186674027,SI216,76,117
speed_1s_stage2_col2_mean,0.005600964818360818,SI216,76,117
speed_1s_stage2_col2_std_over_mean,0.027596523496183228,SI216,76,117
speed_1s_stage3_rows,0.00807747915376246,SI216,76,117
speed_1s_stage3_col1_mean,0.009876954700757628,SI216,76,117
speed_1s_stage3_col1_std_over_mean,0.009544201966059863,SI216,76,117
speed_1s_stage3_col2_mean,0.0227838075184532,SI216,76,117
speed_1s_stage3_col2_std_over_mean,0.08766555249233134,SI216,76,117
speed_1s_stage4_rows,0.005405795806945549,SI216,76,117
speed_1s_stage4_col1_mean,0.01528281867768985,SI216,76,117
speed_1s_stage4_col1_std_over_mean,0.01367492651563882,SI216,76,117
speed_1s_stage4_col2_mean,0.01281700346924657,SI216,76,117
speed_1s_stage4_col2_std_over_mean,0.060258704646363875,SI216,76,117
speed_1s_stage5_rows,0.0020205569512506787,SI216,76,117
speed_1s_stage5_col1_mean,0.009627236101612115,SI216,76,117
speed_1s_stage5_col1_std_over_mean,0.06292555903312165,SI216,76,117
speed_1s_stage5_col2_mean,0.006167804440101566,SI216,76,117
speed_1s_stage5_col2_std_over_mean,0.03804942557723478,SI216,76,117
speed_10s_avg_rows,0.01456943673553559,SI216,76,117
speed_10s_avg_stage2_rows,0.007139474061895595,SI216,76,117
speed_10s_avg_stage2_col1_mean,0.006192474179414139,SI216,76,117
speed_10s_avg_stage2_col1_std_over_mean,0.033372778845141,SI216,76,117
speed_10s_avg_stage2_col2_mean,0.01133201852769512,SI216,76,117
speed_10s_avg_stage2_col2_std_over_mean,0.04958911316636552,SI216,76,117
speed_10s_avg_stage3_rows,0.007100753699297711,SI216,76,117
speed_10s_avg_stage3_col1_mean,0.01047656486090835,SI216,76,117
speed_10s_avg_stage3_col1_std_over_mean,0.020950718623544144,SI216,76,117
speed_10s_avg_stage3_col2_mean,0.017102262959366198,SI216,76,117
speed_10s_avg_stage3_col2_std_over_mean,0.013124678778429523,SI216,76,117
speed_10s_avg_stage4_rows,0.006670067055765389,SI216,76,117
speed_10s_avg_stage4_col1_mean,0.013507707242743479,SI216,76,117
speed_10s_avg_stage4_col1_std_over_mean,0.020638145982206486,SI216,76,117
speed_10s_avg_stage4_col2_mean,0.01257526003422967,SI216,76,117
speed_10s_avg_stage4_col2_std_over_mean,0.02730057170237942,SI216,76,117
speed_10s_avg_stage5_rows,0.0010762730089898358,SI216,76,117
speed_10s_avg_stage5_col1_mean,0.008222316612413166,SI216,76,117
speed_10s_avg_stage5_col1_std_over_mean,0.02981962547016753,SI216,76,117
speed_10s_avg_stage5_col2_mean,0.005321124176528041,SI216,76,117
speed_10s_avg_stage5_col2_std_over_mean,0.02228743257059778,SI216,76,117
stage_2_frames,0.03432771153783443,SI216,77,118
stage_3_frames,0.006402728318238025,SI216,77,118
stage_4_frames,0.005445621622820065,SI216,77,118
stage_5_frames,0.0095183830084194,SI216,77,118
roam_mean,0.006198211827031669,SI216,77,118
roam_std_over_mean,0.028642233421192827,SI216,77,118
roam_early_mean,0.04739982631948439,SI216,77,118
roam_mid_mean,0.02485597393856239,SI216,77,118
roam_late_mean,0.016869314972648326,SI216,77,118
roam_slope,0.016151358457286585,SI216,77,118
speed_1s_rows,0.012894965436378782,SI216,77,118
speed_1s_stage2_rows,0.009080583691172673,SI216,77,118
speed_1s_stage2_col1_mean,0.0045869109470257135,SI216,77,118
speed_1s_stage2_col1_std_over_mean,0.035145620611204194,SI216,77,118
speed_1s_stage2_col2_mean,0.018600306805206662,SI216,77,118
speed_1s_stage2_col2_std_over_mean,0.021895421330260324,SI216,77,118
speed_1s_stage3_rows,0.006023906895002236,SI216,77,118
speed_1s_stage3_col1_mean,0.011228285711224943,SI216,77,118
speed_1s_stage3_col1_std_over_mean,0.006633068250599925,SI216,77,118
speed_1s_stage3_col2_mean,0.0160932763354887,SI216,77,118
speed_1s_stage3_col2_std_over_mean,0.11362765646674261,SI216,77,118
speed_1s_stage4_rows,0.005367626883710859,SI216,77,118
speed_1s_stage4_col1_mean,0.0111849562235536,SI216,77,118
speed_1s_stage4_col1_std_over_mean,0.019300856447267638,SI216,77,118
speed_1s_stage4_col2_mean,0.009509757547291204,SI216,77,118
speed_1s_stage4_col2_std_over_mean,0.02071001210306655,SI216,77,118
speed_1s_stage5_rows,0.0007796129473665765,SI216,77,118
speed_1s_stage5_col1_mean,0.006403375474881537,SI216,77,118
speed_1s_stage5_col1_std_over_mean,0.06042491239358617,SI216,77,118
speed_1s_stage5_col2_mean,0.014673298994140901,SI216,77,118
speed_1s_stage5_col2_std_over_mean,0.08439534952187258,SI216,77,118
speed_10s_avg_rows,0.009777418517920859,SI216,77,118
speed_10s_avg_stage2_rows,0.010022186321625638,SI216,77,118
speed_10s_avg_stage2_col1_mean,0.004294826364999736,SI216,77,118
speed_10s_avg_stage2_col1_std_over_mean,0.020452260758886807,SI216,77,118
speed_10s_avg_stage2_col2_mean,0.027852997079911283,SI216,77,118
speed_10s_avg_stage2_col2_std_over_mean,0.028206748417447445,SI216,77,118
speed_10s_avg_stage3_rows,0.010492899270297396,SI216,77,118
speed_10s_avg_stage3_col1_mean,0.01096653213344914,SI216,77,118
speed_10s_avg_stage3_col1_std_over_mean,0.008168977742792731,SI216,77,118
speed_10s_avg_stage3_col2_mean,0.014075782292540426,SI216,77,118
speed_10s_avg_stage3_col2_std_over_mean,0.029785613919844783,SI216,77,118
speed_10s_avg_stage4_rows,0.009341028381584335,SI216,77,118
speed_10s_avg_stage4_col1_mean,0.0163734109156592,SI216,77,118
speed_10s_avg_stage4_col1_std_over_mean,0.00966477876289048,SI216,77,118
speed_10s_avg_stage4_col2_mean,0.01048547074324557,SI216,77,118
speed_10s_avg_stage4_col2_std_over_mean,0.015294456236931077,SI216,77,118
speed_10s_avg_stage5_rows,0.0017836537070111604,SI216,77,118
speed_10s_avg_stage5_col1_mean,0.008102017710546376,SI216,77,118
speed_10s_avg_stage5_col1_std_over_mean,0.026894352062874077,SI216,77,118
speed_10s_avg_stage5_col2_mean,0.01810904715382214,SI216,77,118
speed_10s_avg_stage5_col2_std_over_mean,0.025484417065156934,SI216,77,118
stage_2_frames,0.015732059932951428,SI216,78,119
stage_3_frames,0.005371535347144447,SI216,78,119
stage_4_frames,0.013468136087960946,SI216,78,119
stage_5_frames,0.011214196593596154,SI216,78,119
roam_mean,0.016227510112385886,SI216,78,119
roam_std_over_mean,0.034956977062571094,SI216,78,119
roam_early_mean,0.01114419761608852,SI216,78,119
roam_mid_mean,0.018275695427337046,SI216,78,119
roam_late_mean,0.017806071920145765,SI216,78,119
roam_slope,0.015204548837565036,SI216,78,119
speed_1s_rows,0.0058339482375840855,SI216,78,119
speed_1s_stage2_rows,0.00865399912300895,SI216,78,119
speed_1s_stage2_col1_mean,0.016054709999777435,SI216,78,119
speed_1s_stage2_col1_std_over_mean,0.028979830794530648,SI216,78,119
speed_1s_stage2_col2_mean,0.007120605041291388,SI216,78,119
speed_1s_stage2_col2_std_over_mean,0.00825092479524446,SI216,78,119
speed_1s_stage3_rows,0.02392155377375682,SI216,78,119
speed_1s_stage3_col1_mean,0.01820430282214093,SI216,78,119
speed_1s_stage3_col1_std_over_mean,0.008136437904508045,SI216,78,119
speed_1s_stage3_col2_mean,0.0101140374079552,SI216,78,119
speed_1s_stage3_col2_std_over_mean,0.03047865135281947,SI216,78,119
speed_1s_stage4_rows,0.008886068167596876,SI216,78,119
speed_1s_stage4_col1_mean,0.009914123090947757,SI216,78,119
speed_1s_stage4_col1_std_over_mean,0.02887697318060363,SI216,78,119
speed_1s_stage4_col2_mean,0.022260854862552228,SI216,78,119
speed_1s_stage4_col2_std_over_mean,0.06243839415067945,SI216,78,119
speed_1s_stage5_rows,0.00033142769399599123,SI216,78,119
speed_1s_stage5_col1_mean,0.004400808020256639,SI216,78,119
speed_1s_stage5_col1_std_over_mean,0.08316204525938888,SI216,78,119
speed_1s_stage5_col2_mean,0.0094369730812875,SI216,78,119
speed_1s_stage5_col2_std_over_mean,0.014543197521027609,SI216,78,119
speed_10s_avg_rows,0.007279910727468174,SI216,78,119
speed_10s_avg_stage2_rows,0.010551285285313284,SI216,78,119
speed_10s_avg_stage2_col1_mean,0.014944340405725662,SI216,78,119
speed_10s_avg_stage2_col1_std_over_mean,0.045280892924051304,SI216,78,119
speed_10s_avg_stage2_col2_mean,0.0070707649623018695,SI216,78,119
speed_10s_avg_stage2_col2_std_over_mean,0.05761652766405493,SI216,78,119
speed_10s_avg_stage3_rows,0.017964620780365745,SI216,78,119
speed_10s_avg_stage3_col1_mean,0.027295316573594144,SI216,78,119
speed_10s_avg_stage3_col1_std_over_mean,0.020595369461089426,SI216,78,119
speed_10s_avg_stage3_col2_mean,0.013019977987216328,SI216,78,119
speed_10s_avg_stage3_col2_std_over_mean,0.010771858253691053,SI216,78,119
speed_10s_avg_stage4_rows,0.007137381897130362,SI216,78,119
speed_10s_avg_stage4_col1_mean,0.010569604393619796,SI216,78,119
speed_10s_avg_stage4_col1_std_over_mean,0.03318433569557909,SI216,78,119
speed_10s_avg_stage4_col2_mean,0.012893709462858791,SI216,78,119
speed_10s_avg_stage4_col2_std_over_mean,0.029782583153539908,SI216,78,119
speed_10s_avg_stage5_rows,0.00023440255818123342,SI216,78,119
speed_10s_avg_stage5_col1_mean,0.00440309499130959,SI216,78,119
speed_10s_avg_stage5_col1_std_over_mean,0.0850169977921851,SI216,78,119
speed_10s_avg_stage5_col2_mean,0.005788938285279412,SI216,78,119
speed_10s_avg_stage5_col2_std_over_mean,0.009197291526744538,SI216,78,119
stage_2_frames,0.028235330956489838,SI216,79,120
stage_3_frames,0.008713213359373913,SI216,79,120
stage_4_frames,0.016902522407364656,SI216,79,120
stage_5_frames,0.038100506292101134,SI216,79,120
roam_mean,0.016046419364773835,SI216,79,120
roam_std_over_mean,0.053401332497935806,SI216,79,120
roam_early_mean,0.022639638098547295,SI216,79,120
roam_mid_mean,0.024884803977481107,SI216,79,120
roam_late_mean,0.018057400173688974,SI216,79,120
roam_slope,0.00820276876335631,SI216,79,120
speed_1s_rows,0.020904772898674102,SI216,79,120
speed_1s_stage2_rows,0.00686316453052718,SI216,79,120
speed_1s_stage2_col1_mean,0.008359190959050893,SI216,79,120
speed_1s_stage2_col1_std_over_mean,0.015591733735248105,SI216,79,120
speed_1s_stage2_col2_mean,0.009678563369494398,SI216,79,120
speed_1s_stage2_col2_std_over_mean,0.008752078695888673,SI216,79,120
speed_1s_stage3_rows,0.016734033792551128,SI216,79,120
speed_1s_stage3_col1_mean,0.026996465046023956,SI216,79,120
speed_1s_stage3_col1_std_over_mean,0.014829832687432968,SI216,79,120
speed_1s_stage3_col2_mean,0.0085793399834449,SI216,79,120
speed_1s_stage3_col2_std_over_mean,0.02805195590311243,SI216,79,120
speed_1s_stage4_rows,0.029477516996672903,SI216,79,120
speed_1s_stage4_col1_mean,0.016231893596817454,SI216,79,120
speed_1s_stage4_col1_std_over_mean,0.05120604848419891,SI216,79,120
speed_1s_stage4_col2_mean,0.014366764002308116,SI216,79,120
speed_1s_stage4_col2_std_over_mean,0.015727653044829957,SI216,79,120
speed_1s_stage5_rows,0.0011922343789041226,SI216,79,120
speed_1s_stage5_col1_mean,0.005812958359404204,SI216,79,120
speed_1s_stage5_col1_std_over_mean,0.036335909598223304,SI216,79,120
speed_1s_stage5_col2_mean,0.017970619208371917,SI216,79,120
speed_1s_stage5_col2_std_over_mean,0.06262326316674667,SI216,79,120
speed_10s_avg_rows,0.015549972263960375,SI216,79,120
speed_10s_avg_stage2_rows,0.007101736630146081,SI216,79,120
speed_10s_avg_stage2_col1_mean,0.00976963038289039,SI216,79,120
speed_10s_avg_stage2_col1_std_over_mean,0.04553515190930556,SI216,79,120
speed_10s_avg_stage2_col2_mean,0.007743466640713691,SI216,79,120
speed_10s_avg_stage2_col2_std_over_mean,0.02564548827895,SI216,79,120
speed_10s_avg_stage3_rows,0.01708802016663571,SI216,79,120
speed_10s_avg_stage3_col1_mean,0.011574616731020894,SI216,79,120
speed_10s_avg_stage3_col1_std_over_mean,0.008926255721281891,SI216,79,120
speed_10s_avg_stage3_col2_mean,0.009400212924320483,SI216,79,120
speed_10s_avg_stage3_col2_std_over_mean,0.017919356956685905,SI216,79,120
speed_10s_avg_stage4_rows,0.02585782390317111,SI216,79,120
speed_10s_avg_stage4_col1_mean,0.018874949056308023,SI216,79,120
speed_10s_avg_stage4_col1_std_over_mean,0.015254970526860786,SI216,79,120
speed_10s_avg_stage4_col2_mean,0.012954161912991313,SI216,79,120
speed_10s_avg_stage4_col2_std_over_mean,0.03317009105073884,SI216,79,120
speed_10s_avg_stage5_rows,0.0009499830139500352,SI216,79,120
speed_10s_avg_stage5_col1_mean,0.005899465592026865,SI216,79,120
speed_10s_avg_stage5_col1_std_over_mean,0.03294503281481404,SI216,79,120
speed_10s_avg_stage5_col2_mean,0.012166721041490303,SI216,79,120
speed_10s_avg_stage5_col2_std_over_mean,0.014202964152698346,SI216,79,120
stage_2_frames,0.021877766809289476,SI216,80,121
stage_3_frames,0.009901188741567674,SI216,80,121
stage_4_frames,0.006065916024990332,SI216,80,121
stage_5_frames,0.0055960528938302665,SI216,80,121
roam_mean,0.012217747075874195,SI216,80,121
roam_std_over_mean,0.04902645179641462,SI216,80,121
roam_early_mean,0.01416221031967493,SI216,80,121
roam_mid_mean,0.013355385060136789,SI216,80,121
roam_late_mean,0.017156012795549874,SI216,80,121
roam_slope,0.01101980193400054,SI216,80,121
speed_1s_rows,0.007538882957084842,SI216,80,121
speed_1s_stage2_rows,0.01114188738299124,SI216,80,121
speed_1s_stage2_col1_mean,0.0047936741727966714,SI216,80,121
speed_1s_stage2_col1_std_over_mean,0.026983121094391126,SI216,80,121
speed_1s_stage2_col2_mean,0.0207148536927481,SI216,80,121
speed_1s_stage2_col2_std_over_mean,0.06899269149241864,SI216,80,121
speed_1s_stage3_rows,0.007287711969896154,SI216,80,121
speed_1s_stage3_col1_mean,0.011026584989590289,SI216,80,121
speed_1s_stage3_col1_std_over_mean,0.006738991407815764,SI216,80,121
speed_1s_stage3_col2_mean,0.007303195570369071,SI216,80,121
speed_1s_stage3_col2_std_over_mean,0.0376514318161795,SI216,80,121
speed_1s_stage4_rows,0.007591984126211829,SI216,80,121
speed_1s_stage4_col1_mean,0.0076819583390157625,SI216,80,121
speed_1s_stage4_col1_std_over_mean,0.018506267903858488,SI216,80,121
speed_1s_stage4_col2_mean,0.02445015091403797,SI216,80,121
speed_1s_stage4_col2_std_over_mean,0.04768401352057035,SI216,80,121
speed_1s_stage5_rows,1.81900566453139e-05,SI216,80,121
speed_1s_stage5_col1_mean,0.003100247745203857,SI216,80,121
speed_1s_stage5_col1_std_over_mean,0.02688113499435836,SI216,80,121
speed_1s_stage5_col2_mean,0.012412648448663249,SI216,80,121
speed_1s_stage5_col2_std_over_mean,0.12871076220876748,SI216,80,121
speed_10s_avg_rows,0.013171516419951648,SI216,80,121
speed_10s_avg_stage2_rows,0.009254398813306829,SI216,80,121
speed_10s_avg_stage2_col1_mean,0.007517647992528016,SI216,80,121
speed_10s_avg_stage2_col1_std_over_mean,0.05362868883930919,SI216,80,121
speed_10s_avg_stage2_col2_mean,0.020438641211838648,SI216,80,121
speed_10s_avg_stage2_col2_std_over_mean,0.05725492751038211,SI216,80,121
speed_10s_avg_stage3_rows,0.01081488500568263,SI216,80,121
speed_10s_avg_stage3_col1_mean,0.009342101328598206,SI216,80,121
speed_10s_avg_stage3_col1_std_over_mean,0.01704822821778377,SI216,80,121
speed_10s_avg_stage3_col2_mean,0.007757964145280148,SI216,80,121
speed_10s_avg_stage3_col2_std_over_mean,0.008065728993772819,SI216,80,121
speed_10s_avg_stage4_rows,0.005698225008001393,SI216,80,121
speed_10s_avg_stage4_col1_mean,0.012772878554468622,SI216,80,121
speed_10s_avg_stage4_col1_std_over_mean,0.012762038245151612,SI216,80,121
speed_10s_avg_stage4_col2_mean,0.011246193859916565,SI216,80,121
speed_10s_avg_stage4_col2_std_over_mean,0.03496106808035752,SI216,80,121
speed_10s_avg_stage5_rows,0.00011777658204884107,SI216,80,121
speed_10s_avg_stage5_col1_mean,0.002127626619717459,SI216,80,121
speed_10s_avg_stage5_col1_std_over_mean,0.021886363718002105,SI216,80,121
speed_10s_avg_stage5_col2_mean,0.013572102765676379,SI216,80,121
speed_10s_avg_stage5_col2_std_over_mean,0.022972079833282904,SI216,80,121
stage_2_frames,0.0174870159761803,SI216,81,122
stage_3_frames,0.010606270031794745,SI216,81,122
stage_4_frames,0.005951035879191974,SI216,81,122
stage_5_frames,0.009733731074367959,SI216,81,122
roam_mean,0.0500128255545003,SI216,81,122
roam_std_over_mean,0.030855680079482372,SI216,81,122
roam_early_mean,0.0350464603080031,SI216,81,122
roam_mid_mean,0.01028190520739787,SI216,81,122
roam_late_mean,0.04585129306458017,SI216,81,122
roam_slope,0.01262473863810577,SI216,81,122
speed_1s_rows,0.005573592846799211,SI216,81,122
speed_1s_stage2_rows,0.007733383613595749,SI216,81,122
speed_1s_stage2_col1_mean,0.005131445649241113,SI216,81,122
speed_1s_stage2_col1_std_over_mean,0.02210501966346297,SI216,81,122
speed_1s_stage2_col2_mean,0.011325738222661185,SI216,81,122
speed_1s_stage2_col2_std_over_mean,0.028929350075777193,SI216,81,122
speed_1s_stage3_rows,0.009566053878429572,SI216,81,122
speed_1s_stage3_col1_mean,0.015572723733737413,SI216,81,122
speed_1s_stage3_col1_std_over_mean,0.008538596209218673,SI216,81,122
speed_1s_stage3_col2_mean,0.005692334946232761,SI216,81,122
speed_1s_stage3_col2_std_over_mean,0.05205985705901549,SI216,81,122
speed_1s_stage4_rows,0.0109309348807102,SI216,81,122
speed_1s_stage4_col1_mean,0.012270225812296687,SI216,81,122
speed_1s_stage4_col1_std_over_mean,0.007102008754861226,SI216,81,122
speed_1s_stage4_col2_mean,0.013507749220315841,SI216,81,122
speed_1s_stage4_col2_std_over_mean,0.06436801890562643,SI216,81,122
speed_1s_stage5_rows,0.0011557778239596442,SI216,81,122
speed_1s_stage5_col1_mean,0.0053809114639622735,SI216,81,122
speed_1s_stage5_col1_std_over_mean,0.081713321130171,SI216,81,122
speed_1s_stage5_col2_mean,0.007994389805544509,SI216,81,122
speed_1s_stage5_col2_std_over_mean,0.04145384906655777,SI216,81,122
speed_10s_avg_rows,0.005958338349133951,SI216,81,122
speed_10s_avg_stage2_rows,0.0077136626338033445,SI216,81,122
speed_10s_avg_stage2_col1_mean,0.004599036220331561,SI216,81,122
speed_10s_avg_stage2_col1_std_over_mean,0.02961470241770351,SI216,81,122
speed_10s_avg_stage2_col2_mean,0.01173418113913335,SI216,81,122
speed_10s_avg_stage2_col2_std_over_mean,0.05051120731265298,SI216,81,122
speed_10s_avg_stage3_rows,0.004988748658326962,SI216,81,122
speed_10s_avg_stage3_col1_mean,0.014412625033278706,SI216,81,122
speed_10s_avg_stage3_col1_std_over_mean,0.02327365607627799,SI216,81,122
speed_10s_avg_stage3_col2_mean,0.0026209123118775286,SI216,81,122
speed_10s_avg_stage3_col2_std_over_mean,0.0065242051853170585,SI216,81,122
speed_10s_avg_stage4_rows,0.005043197175218197,SI216,81,122
speed_10s_avg_stage4_col1_mean,0.011171819247538906,SI216,81,122
speed_10s_avg_stage4_col1_std_over_mean,0.0104672864372578,SI216,81,122
speed_10s_avg_stage4_col2_mean,0.017887830286463322,SI216,81,122
speed_10s_avg_stage4_col2_std_over_mean,0.03738639837390169,SI216,81,122
speed_10s_avg_stage5_rows,0.0008074594424521301,SI216,81,122
speed_10s_avg_stage5_col1_mean,0.00661301311528003,SI216,81,122
speed_10s_avg_stage5_col1_std_over_mean,0.07376485060600549,SI216,81,122
speed_10s_avg_stage5_col2_mean,0.014842270868482877,SI216,81,122
speed_10s_avg_stage5_col2_std_over_mean,0.013508360533781178,SI216,81,122
stage_2_frames,0.02756479981804442,SI216,82,123
stage_3_frames,0.01307489466621712,SI216,82,123
stage_4_frames,0.004037541515902241,SI216,82,123
stage_5_frames,0.009160535478381561,SI216,82,123
roam_mean,0.01568449727158723,SI216,82,123
roam_std_over_mean,0.03759585373130621,SI216,82,123
roam_early_mean,0.014055822260728785,SI216,82,123
roam_mid_mean,0.024986169464571037,SI216,82,123
roam_late_mean,0.026857661846900745,SI216,82,123
roam_slope,0.012456035773380225,SI216,82,123
speed_1s_rows,0.009029250758707509,SI216,82,123
speed_1s_stage2_rows,0.010765326258648017,SI216,82,123
speed_1s_stage2_col1_mean,0.0111600398053799,SI216,82,123
speed_1s_stage2_col1_std_over_mean,0.030176389193712183,SI216,82,123
speed_1s_stage2_col2_mean,0.012888582366198097,SI216,82,123
speed_1s_stage2_col2_std_over_mean,0.012924940160145997,SI216,82,123
speed_1s_stage3_rows,0.007086147610860798,SI216,82,123
speed_1s_stage3_col1_mean,0.01400171418657472,SI216,82,123
speed_1s_stage3_col1_std_over_mean,0.01789742597168872,SI216,82,123
speed_1s_stage3_col2_mean,0.009006819818442095,SI216,82,123
speed_1s_stage3_col2_std_over_mean,0.035310142865666194,SI216,82,123
speed_1s_stage4_rows,0.0040685509664948605,SI216,82,123
speed_1s_stage4_col1_mean,0.012512958791079167,SI216,82,123
speed_1s_stage4_col1_std_over_mean,0.026589191996201952,SI216,82,123
speed_1s_stage4_col2_mean,0.012821463892259768,SI216,82,123
speed_1s_stage4_col2_std_over_mean,0.03816228250089842,SI216,82,123
speed_1s_stage5_rows,0.0008320908127186825,SI216,82,123
speed_1s_stage5_col1_mean,0.006518567858030038,SI216,82,123
speed_1s_stage5_col1_std_over_mean,0.055664526539012486,SI216,82,123
speed_1s_stage5_col2_mean,0.00976377891254365,SI216,82,123
speed_1s_stage5_col2_std_over_mean,0.04538068392962519,SI216,82,123
speed_10s_avg_rows,0.007313962689905513,SI216,82,123
speed_10s_avg_stage2_rows,0.015284280972637596,SI216,82,123
speed_10s_avg_stage2_col1_mean,0.007675535876603171,SI216,82,123
speed_10s_avg_stage2_col1_std_over_mean,0.036009403240200494,SI216,82,123
speed_10s_avg_stage2_col2_mean,0.008325173732378403,SI216,82,123
speed_10s_avg_stage2_col2_std_over_mean,0.03390074838982146,SI216,82,123
speed_10s_avg_stage3_rows,0.008186963899125876,SI216,82,123
speed_10s_avg_stage3_col1_mean,0.020639967087123814,SI216,82,123
speed_10s_avg_stage3_col1_std_over_mean,0.0171514964374975,SI216,82,123
speed_10s_avg_stage3_col2_mean,0.014323895739303006,SI216,82,123
speed_10s_avg_stage3_col2_std_over_mean,0.012621260934436017,SI216,82,123
speed_10s_avg_stage4_rows,0.008186227644602735,SI216,82,123
speed_10s_avg_stage4_col1_mean,0.013624661634363747,SI216,82,123
speed_10s_avg_stage4_col1_std_over_mean,0.03446024871866329,SI216,82,123
speed_10s_avg_stage4_col2_mean,0.01581132560107773,SI216,82,123
speed_10s_avg_stage4_col2_std_over_mean,0.028903634987157485,SI216,82,123
speed_10s_avg_stage5_rows,0.0003477556698651918,SI216,82,123
speed_10s_avg_stage5_col1_mean,0.00899789596784186,SI216,82,123
speed_10s_avg_stage5_col1_std_over_mean,0.11170490438265797,SI216,82,123
speed_10s_avg_stage5_col2_mean,0.010580616698412275,SI216,82,123
speed_10s_avg_stage5_col2_std_over_mean,0.01791535267441691,SI216,82,123
stage_2_frames,0.017479600458179406,SI216,83,124
stage_3_frames,0.009772409489966305,SI216,83,124
stage_4_frames,0.006669871856234357,SI216,83,124
stage_5_frames,0.007344703342220666,SI216,83,124
roam_mean,0.017849913335775052,SI216,83,124
roam_std_over_mean,0.06481479301048469,SI216,83,124
roam_early_mean,0.034137831631250615,SI216,83,124
roam_mid_mean,0.006550189347810787,SI216,83,124
roam_late_mean,0.024110252275973115,SI216,83,124
roam_slope,0.008242140411776821,SI216,83,124
speed_1s_rows,0.013476561965232342,SI216,83,124
speed_1s_stage2_rows,0.010559006183597133,SI216,83,124
speed_1s_stage2_col1_mean,0.0054690779434962,SI216,83,124
speed_1s_stage2_col1_std_over_mean,0.015348425468971088,SI216,83,124
speed_1s_stage2_col2_mean,0.010528325383468078,SI216,83,124
speed_1s_stage2_col2_std_over_mean,0.05278156335178375,SI216,83,124
speed_1s_stage3_rows,0.005567362829336461,SI216,83,124
speed_1s_stage3_col1_mean,0.008800542863858549,SI216,83,124
speed_1s_stage3_col1_std_over_mean,0.006137447577743169,SI216,83,124
speed_1s_stage3_col2_mean,0.03966608772674467,SI216,83,124
speed_1s_stage3_col2_std_over_mean,0.03298222773242435,SI216,83,124
speed_1s_stage4_rows,0.008557214832099648,SI216,83,124
speed_1s_stage4_col1_mean,0.010931516849166854,SI216,83,124
speed_1s_stage4_col1_std_over_mean,0.010070364320986631,SI216,83,124
speed_1s_stage4_col2_mean,0.022462161566310545,SI216,83,124
speed_1s_stage4_col2_std_over_mean,0.04915127897115908,SI216,83,124
speed_1s_stage5_rows,0.001803481821998465,SI216,83,124
speed_1s_stage5_col1_mean,0.0073708651044922064,SI216,83,124
speed_1s_stage5_col1_std_over_mean,0.08666923754564419,SI216,83,124
speed_1s_stage5_col2_mean,0.005259114097409739,SI216,83,124
speed_1s_stage5_col2_std_over_mean,0.033283618901258825,SI216,83,124
speed_10s_avg_rows,0.01140651852468901,SI216,83,124
speed_10s_avg_stage2_rows,0.010226089084726983,SI216,83,124
speed_10s_avg_stage2_col1_mean,0.004928797651736029,SI216,83,124
speed_10s_avg_stage2_col1_std_over_mean,0.01475525190717756,SI216,83,124
speed_10s_avg_stage2_col2_mean,0.009473363966171822,SI216,83,124
speed_10s_avg_stage2_col2_std_over_mean,0.01707918082324982,SI216,83,124
speed_10s_avg_stage3_rows,0.005559439669906357,SI216,83,124
speed_10s_avg_stage3_col1_mean,0.011446434722364519,SI216,83,124
speed_10s_avg_stage3_col1_std_over_mean,0.009438013388047164,SI216,83,124
speed_10s_avg_stage3_col2_mean,0.0424449953245719,SI216,83,124
speed_10s_avg_stage3_col2_std_over_mean,0.009431567076863314,SI216,83,124
speed_10s_avg_stage4_rows,0.009508394760590289,SI216,83,124
speed_10s_avg_stage4_col1_mean,0.00868819318712526,SI216,83,124
speed_10s_avg_stage4_col1_std_over_mean,0.01264507034786227,SI216,83,124
speed_10s_avg_stage4_col2_mean,0.02391942057720652,SI216,83,124
speed_10s_avg_stage4_col2_std_over_mean,0.0167918324655608,SI216,83,124
speed_10s_avg_stage5_rows,0.001393096608516787,SI216,83,124
speed_10s_avg_stage5_col1_mean,0.011114440816074395,SI216,83,124
speed_10s_avg_stage5_col1_std_over_mean,0.04568220612678025,SI216,83,124
speed_10s_avg_stage5_col2_mean,0.005919824590191754,SI216,83,124
speed_10s_avg_stage5_col2_std_over_mean,0.08430068018373346,SI216,83,124
stage_2_frames,0.020267496731815757,SI216,84,125
stage_3_frames,0.01296734930506991,SI216,84,125
stage_4_frames,0.00558146415158386,SI216,84,125
stage_5_frames,0.014659559483658562,SI216,84,125
roam_mean,0.030481682994648807,SI216,84,125
roam_std_over_mean,0.06575229952337974,SI216,84,125
roam_early_mean,0.02634926626251629,SI216,84,125
roam_mid_mean,0.010236549547272279,SI216,84,125
roam_late_mean,0.02701034101166067,SI216,84,125
roam_slope,0.014795552809352283,SI216,84,125
speed_1s_rows,0.00822324455287328,SI216,84,125
speed_1s_stage2_rows,0.017250148130756413,SI216,84,125
speed_1s_stage2_col1_mean,0.006812360760893966,SI216,84,125
speed_1s_stage2_col1_std_over_mean,0.026494769756427228,SI216,84,125
speed_1s_stage2_col2_mean,0.009371940543975794,SI216,84,125
speed_1s_stage2_col2_std_over_mean,0.03459692317956838,SI216,84,125
speed_1s_stage3_rows,0.007831319422973637,SI216,84,125
speed_1s_stage3_col1_mean,0.007468251188518741,SI216,84,125
speed_1s_stage3_col1_std_over_mean,0.010399083478389663,SI216,84,125
speed_1s_stage3_col2_mean,0.015807249197784534,SI216,84,125
speed_1s_stage3_col2_std_over_mean,0.056145970265383066,SI216,84,125
speed_1s_stage4_rows,0.015527516674164217,SI216,84,125
speed_1s_stage4_col1_mean,0.01325873659819155,SI216,84,125
speed_1s_stage4_col1_std_over_mean,0.02001299326879993,SI216,84,125
speed_1s_stage4_col2_mean,0.033318038197086154,SI216,84,125
speed_1s_stage4_col2_std_over_mean,0.051287510259146185,SI216,84,125
speed_1s_stage5_rows,0.0009487413834587255,SI216,84,125
speed_1s_stage5_col1_mean,0.010264897342046716,SI216,84,125
speed_1s_stage5_col1_std_over_mean,0.04485457944806196,SI216,84,125
speed_1s_stage5_col2_mean,0.007520551670932054,SI216,84,125
speed_1s_stage5_col2_std_over_mean,0.014915701893764028,SI216,84,125
speed_10s_avg_rows,0.00846309596693683,SI216,84,125
speed_10s_avg_stage2_rows,0.014239638605810564,SI216,84,125
speed_10s_avg_stage2_col1_mean,0.010844231201312926,SI216,84,125
speed_10s_avg_stage2_col1_std_over_mean,0.02644365698304318,SI216,84,125
speed_10s_avg_stage2_col2_mean,0.01144465627474029,SI216,84,125
speed_10s_avg_stage2_col2_std_over_mean,0.03707602992842522,SI216,84,125
speed_10s_avg_stage3_rows,0.009852085543301201,SI216,84,125
speed_10s_avg_stage3_col1_mean,0.009111929287556926,SI216,84,125
speed_10s_avg_stage3_col1_std_over_mean,0.019036926487827874,SI216,84,125
speed_10s_avg_stage3_col2_mean,0.006356668508112231,SI216,84,125
speed_10s_avg_stage3_col2_std_over_mean,0.01149946816062924,SI216,84,125
speed_10s_avg_stage4_rows,0.008799834105385353,SI216,84,125
speed_10s_avg_stage4_col1_mean,0.019258927038009757,SI216,84,125
speed_10s_avg_stage4_col1_std_over_mean,0.022634686355675056,SI216,84,125
speed_10s_avg_stage4_col2_mean,0.03748717193439667,SI216,84,125
speed_10s_avg_stage4_col2_std_over_mean,0.039074327134455446,SI216,84,125
speed_10s_avg_stage5_rows,0.0007452309253521249,SI216,84,125
speed_10s_avg_stage5_col1_mean,0.012202254684296532,SI216,84,125
speed_10s_avg_stage5_col1_std_over_mean,0.02623188602672621,SI216,84,125
speed_10s_avg_stage5_col2_mean,0.009129247382009415,SI216,84,125
speed_10s_avg_stage5_col2_std_over_mean,0.019655958431842632,SI216,84,125
stage_2_frames,0.021670139985716937,SI216,85,126
stage_3_frames,0.010155858078058395,SI216,85,126
stage_4_frames,0.01314505237711328,SI216,85,126
stage_5_frames,0.009343212072851558,SI216,85,126
roam_mean,0.01981605500724918,SI216,85,126
roam_std_over_mean,0.02772487424433021,SI216,85,126
roam_early_mean,0.022797323533266484,SI216,85,126
roam_mid_mean,0.022042063084129683,SI216,85,126
roam_late_mean,0.01896745170643114,SI216,85,126
roam_slope,0.00447937155702163,SI216,85,126
speed_1s_rows,0.005674729354628561,SI216,85,126
speed_1s_stage2_rows,0.008175317025621458,SI216,85,126
speed_1s_stage2_col1_mean,0.006192715357586091,SI216,85,126
speed_1s_stage2_col1_std_over_mean,0.04437665949480867,SI216,85,126
speed_1s_stage2_col2_mean,0.01595973221812115,SI216,85,126
speed_1s_stage2_col2_std_over_mean,0.030454486367562872,SI216,85,126
speed_1s_stage3_rows,0.013030668644914246,SI216,85,126
speed_1s_stage3_col1_mean,0.014237845529720348,SI216,85,126
speed_1s_stage3_col1_std_over_mean,0.006845942182774917,SI216,85,126
speed_1s_stage3_col2_mean,0.011111288777060978,SI216,85,126
speed_1s_stage3_col2_std_over_mean,0.06304486933356805,SI216,85,126
speed_1s_stage4_rows,0.005784501689293592,SI216,85,126
speed_1s_stage4_col1_mean,0.008597115616533313,SI216,85,126
speed_1s_stage4_col1_std_over_mean,0.011425866765734951,SI216,85,126
speed_1s_stage4_col2_mean,0.01583446841606004,SI216,85,126
speed_1s_stage4_col2_std_over_mean,0.13176197376097604,SI216,85,126
speed_1s_stage5_rows,0.0001446022706223461,SI216,85,126
speed_1s_stage5_col1_mean,0.00657810622630358,SI216,85,126
speed_1s_stage5_col1_std_over_mean,0.03682862113484715,SI216,85,126
speed_1s_stage5_col2_mean,0.006333678694560946,SI216,85,126
speed_1s_stage5_col2_std_over_mean,0.02456808928474376,SI216,85,126
speed_10s_avg_rows,0.007609156674387432,SI216,85,126
speed_10s_avg_stage2_rows,0.008476002709149827,SI216,85,126
speed_10s_avg_stage2_col1_mean,0.009965191213748632,SI216,85,126
speed_10s_avg_stage2_col1_std_over_mean,0.020709059393877974,SI216,85,126
speed_10s_avg_stage2_col2_mean,0.009649068476263364,SI216,85,126
speed_10s_avg_stage2_col2_std_over_mean,0.05728407331375667,SI216,85,126
speed_10s_avg_stage3_rows,0.00974727400397706,SI216,85,126
speed_10s_avg_stage3_col1_mean,0.01229371014698387,SI216,85,126
speed_10s_avg_stage3_col1_std_over_mean,0.01255817578650226,SI216,85,126
speed_10s_avg_stage3_col2_mean,0.007442757559942692,SI216,85,126
speed_10s_avg_stage3_col2_std_over_mean,0.0074381244266165355,SI216,85,126
speed_10s_avg_stage4_rows,0.006252983765136738,SI216,85,126
speed_10s_avg_stage4_col1_mean,0.00919199274736932,SI216,85,126
speed_10s_avg_stage4_col1_std_over_mean,0.015169331312138485,SI216,85,126
speed_10s_avg_stage4_col2_mean,0.013253551431686324,SI216,85,126
speed_10s_avg_stage4_col2_std_over_mean,0.0629406031619486,SI216,85,126
speed_10s_avg_stage5_rows,0.0005160275963715451,SI216,85,126
speed_10s_avg_stage5_col1_mean,0.003082696933255122,SI216,85,126
speed_10s_avg_stage5_col1_std_over_mean,0.05520658783180229,SI216,85,126
speed_10s_avg_stage5_col2_mean,0.006233837292479544,SI216,85,126
speed_10s_avg_stage5_col2_std_over_mean,0.027877114430394225,SI216,85,126
stage_2_frames,0.02342452121084072,SI216,86,127
stage_3_frames,0.006706381685820721,SI216,86,127
stage_4_frames,0.007718198240473245,SI216,86,127
stage_5_frames,0.008461620961688817,SI216,86,127
roam_mean,0.015858094113876287,SI216,86,127
roam_std_over_mean,0.03470971494788475,SI216,86,127
roam_early_mean,0.023852016783577516,SI216,86,127
roam_mid_mean,0.00897506496618762,SI216,86,127
roam_late_mean,0.026576064585742996,SI216,86,127
roam_slope,0.021675792794546938,SI216,86,127
speed_1s_rows,0.007599032054482634,SI216,86,127
speed_1s_stage2_rows,0.00997746681664113,SI216,86,127
speed_1s_stage2_col1_mean,0.005128781126183849,SI216,86,127
speed_1s_stage2_col1_std_over_mean,0.03642265800750844,SI216,86,127
speed_1s_stage2_col2_mean,0.007220429080757467,SI216,86,127
speed_1s_stage2_col2_std_over_mean,0.04033940044070577,SI216,86,127
speed_1s_stage3_rows,0.007517839868018251,SI216,86,127
speed_1s_stage3_col1_mean,0.015983686449267575,SI216,86,127
speed_1s_stage3_col1_std_over_mean,0.009129107270237575,SI216,86,127
speed_1s_stage3_col2_mean,0.005366451814698745,SI216,86,127
speed_1s_stage3_col2_std_over_mean,0.05168207319112855,SI216,86,127
speed_1s_stage4_rows,0.011721550636176177,SI216,86,127
speed_1s_stage4_col1_mean,0.019287140130637388,SI216,86,127
speed_1s_stage4_col1_std_over_mean,0.008180804231600945,SI216,86,127
speed_1s_stage4_col2_mean,0.008434549852947823,SI216,86,127
speed_1s_stage4_col2_std_over_mean,0.011072370987083047,SI216,86,127
speed_1s_stage5_rows,0.0004984181146706773,SI216,86,127
speed_1s_stage5_col1_mean,0.005157378479784113,SI216,86,127
speed_1s_stage5_col1_std_over_mean,0.06071101625527195,SI216,86,127
speed_1s_stage5_col2_mean,0.005927440228657357,SI216,86,127
speed_1s_stage5_col2_std_over_mean,0.036977485355247024,SI216,86,127
speed_10s_avg_rows,0.005181508987595001,SI216,86,127
speed_10s_avg_stage2_rows,0.014835432798145195,SI216,86,127
speed_10s_avg_stage2_col1_mean,0.0070543372286956665,SI216,86,127
speed_10s_avg_stage2_col1_std_over_mean,0.06821564061908952,SI216,86,127
speed_10s_avg_stage2_col2_mean,0.010221477669363847,SI216,86,127
speed_10s_avg_stage2_col2_std_over_mean,0.08290971276160669,SI216,86,127
speed_10s_avg_stage3_rows,0.006614566784771386,SI216,86,127
speed_10s_avg_stage3_col1_mean,0.016510758320934054,SI216,86,127
speed_10s_avg_stage3_col1_std_over_mean,0.020774244481937244,SI216,86,127
speed_10s_avg_stage3_col2_mean,0.006011584725612753,SI216,86,127
speed_10s_avg_stage3_col2_std_over_mean,0.012301958880605372,SI216,86,127
speed_10s_avg_stage4_rows,0.00678996906451574,SI216,86,127
speed_10s_avg_stage4_col1_mean,0.016984667231107926,SI216,86,127
speed_10s_avg_stage4_col1_std_over_mean,0.00975229720997265,SI216,86,127
speed_10s_avg_stage4_col2_mean,0.010515272904183129,SI216,86,127
speed_10s_avg_stage4_col2_std_over_mean,0.027445817929967677,SI216,86,127
speed_10s_avg_stage5_rows,0.0004742791487395893,SI216,86,127
speed_10s_avg_stage5_col1_mean,0.010149302016389805,SI216,86,127
speed_10s_avg_stage5_col1_std_over_mean,0.027614102209305807,SI216,86,127
speed_10s_avg_stage5_col2_mean,0.006642451057400604,SI216,86,127
speed_10s_avg_stage5_col2_std_over_mean,0.09070806728771418,SI216,86,127
stage_2_frames,0.017967024556463637,SI216,87,128
stage_3_frames,0.00798730414608865,SI216,87,128
stage_4_frames,0.00877154023265191,SI216,87,128
stage_5_frames,0.01831367921133364,SI216,87,128
roam_mean,0.027481534768047752,SI216,87,128
roam_std_over_mean,0.03372889985012159,SI216,87,128
roam_early_mean,0.04732339331081323,SI216,87,128
roam_mid_mean,0.016201737502123927,SI216,87,128
roam_late_mean,0.040787334474251834,SI216,87,128
roam_slope,0.007795713124992024,SI216,87,128
speed_1s_rows,0.007688103091172361,SI216,87,128
speed_1s_stage2_rows,0.008849004884958937,SI216,87,128
speed_1s_stage2_col1_mean,0.006059617651421823,SI216,87,128
speed_1s_stage2_col1_std_over_mean,0.02110604859208045,SI216,87,128
speed_1s_stage2_col2_mean,0.01153460332212336,SI216,87,128
speed_1s_stage2_col2_std_over_mean,0.029799676722131657,SI216,87,128
speed_1s_stage3_rows,0.008924602220735885,SI216,87,128
speed_1s_stage3_col1_mean,0.010075306747205078,SI216,87,128
speed_1s_stage3_col1_std_over_mean,0.009425840986305214,SI216,87,128
speed_1s_stage3_col2_mean,0.018399954214436624,SI216,87,128
speed_1s_stage3_col2_std_over_mean,0.04775218205656428,SI216,87,128
speed_1s_stage4_rows,0.01222349115618609,SI216,87,128
speed_1s_stage4_col1_mean,0.013015758748497313,SI216,87,128
speed_1s_stage4_col1_std_over_mean,0.02436152104435365,SI216,87,128
speed_1s_stage4_col2_mean,0.01392709480761871,SI216,87,128
speed_1s_stage4_col2_std_over_mean,0.027023863726707904,SI216,87,128
speed_1s_stage5_rows,0.0022060665106173674,SI216,87,128
speed_1s_stage5_col1_mean,0.011926100414008996,SI216,87,128
speed_1s_stage5_col1_std_over_mean,0.06032056065977633,SI216,87,128
speed_1s_stage5_col2_mean,0.011338266088802972,SI216,87,128
speed_1s_stage5_col2_std_over_mean,0.05623809917513593,SI216,87,128
speed_10s_avg_rows,0.0071912610376153605,SI216,87,128
speed_10s_avg_stage2_rows,0.006957667328519021,SI216,87,128
speed_10s_avg_stage2_col1_mean,0.004136931089284632,SI216,87,128
speed_10s_avg_stage2_col1_std_over_mean,0.030266264050968807,SI216,87,128
speed_10s_avg_stage2_col2_mean,0.012704486426856218,SI216,87,128
speed_10s_avg_stage2_col2_std_over_mean,0.05054512969949543,SI216,87,128
speed_10s_avg_stage3_rows,0.00709401435062814,SI216,87,128
speed_10s_avg_stage3_col1_mean,0.0076330356488446705,SI216,87,128
speed_10s_avg_stage3_col1_std_over_mean,0.01432682485416035,SI216,87,128
speed_10s_avg_stage3_col2_mean,0.021307414464627434,SI216,87,128
speed_10s_avg_stage3_col2_std_over_mean,0.012803195264852582,SI216,87,128
speed_10s_avg_stage4_rows,0.014218030596300122,SI216,87,128
speed_10s_avg_stage4_col1_mean,0.01319373413789048,SI216,87,128
speed_10s_avg_stage4_col1_std_over_mean,0.01879978492458771,SI216,87,128
speed_10s_avg_stage4_col2_mean,0.014399139865406245,SI216,87,128
speed_10s_avg_stage4_col2_std_over_mean,0.014539475950565192,SI216,87,128
speed_10s_avg_stage5_rows,0.0004400992149345404,SI216,87,128
speed_10s_avg_stage5_col1_mean,0.01271245948522064,SI216,87,128
speed_10s_avg_stage5_col1_std_over_mean,0.06378593014884494,SI216,87,128
speed_10s_avg_stage5_col2_mean,0.009679853386124322,SI216,87,128
speed_10s_avg_stage5_col2_std_over_mean,0.02471134407654413,SI216,87,128
stage_2_frames,0.008413661486637837,SI216,88,129
stage_3_frames,0.010040541422021184,SI216,88,129
stage_4_frames,0.011495821017798613,SI216,88,129
stage_5_frames,0.00551063875537735,SI216,88,129
roam_mean,0.035677987003300445,SI216,88,129
roam_std_over_mean,0.030292371598981807,SI216,88,129
roam_early_mean,0.049670378928843156,SI216,88,129
roam_mid_mean,0.019363163297737834,SI216,88,129
roam_late_mean,0.02346650063526322,SI216,88,129
roam_slope,0.01826407314009698,SI216,88,129
speed_1s_rows,0.011767056906656088,SI216,88,129
speed_1s_stage2_rows,0.01340442922810101,SI216,88,129
speed_1s_stage2_col1_mean,0.009962020705832271,SI216,88,129
speed_1s_stage2_col1_std_over_mean,0.03264301587712842,SI216,88,129
speed_1s_stage2_col2_mean,0.008841170690871415,SI216,88,129
speed_1s_stage2_col2_std_over_mean,0.008290773910236676,SI216,88,129
speed_1s_stage3_rows,0.00746931843032452,SI216,88,129
speed_1s_stage3_col1_mean,0.02707012455552343,SI216,88,129
speed_1s_stage3_col1_std_over_mean,0.008592001328903606,SI216,88,129
speed_1s_stage3_col2_mean,0.012814961621818525,SI216,88,129
speed_1s_stage3_col2_std_over_mean,0.09065101681817676,SI216,88,129
speed_1s_stage4_rows,0.007292244995303794,SI216,88,129
speed_1s_stage4_col1_mean,0.015767364245613622,SI216,88,129
speed_1s_stage4_col1_std_over_mean,0.011659617750259166,SI216,88,129
speed_1s_stage4_col2_mean,0.019865343986615616,SI216,88,129
speed_1s_stage4_col2_std_over_mean,0.09706590424031336,SI216,88,129
speed_1s_stage5_rows,0.0021439236917399126,SI216,88,129
speed_1s_stage5_col1_mean,0.005448462933437731,SI216,88,129
speed_1s_stage5_col1_std_over_mean,0.05471234168291006,SI216,88,129
speed_1s_stage5_col2_mean,0.01088314380548123,SI216,88,129
speed_1s_stage5_col2_std_over_mean,0.02141062626091813,SI216,88,129
speed_10s_avg_rows,0.010136902744121186,SI216,88,129
speed_10s_avg_stage2_rows,0.009305191496794726,SI216,88,129
speed_10s_avg_stage2_col1_mean,0.006593857607038267,SI216,88,129
speed_10s_avg_stage2_col1_std_over_mean,0.02852129352760066,SI216,88,129
speed_10s_avg_stage2_col2_mean,0.005849828887403373,SI216,88,129
speed_10s_avg_stage2_col2_std_over_mean,0.014866401438540946,SI216,88,129
speed_10s_avg_stage3_rows,0.00991836509941893,SI216,88,129
speed_10s_avg_stage3_col1_mean,0.032619090065656865,SI216,88,129
speed_10s_avg_stage3_col1_std_over_mean,0.012184472349331902,SI216,88,129
speed_10s_avg_stage3_col2_mean,0.014707107404307111,SI216,88,129
speed_10s_avg_stage3_col2_std_over_mean,0.0081308091056966,SI216,88,129
speed_10s_avg_stage4_rows,0.007095939291960545,SI216,88,129
speed_10s_avg_stage4_col1_mean,0.01864313252673717,SI216,88,129
speed_10s_avg_stage4_col1_std_over_mean,0.01967968117799126,SI216,88,129
speed_10s_avg_stage4_col2_mean,0.018292113005423917,SI216,88,129
speed_10s_avg_stage4_col2_std_over_mean,0.04067813697780753,SI216,88,129
speed_10s_avg_stage5_rows,0.0012618082989598036,SI216,88,129
speed_10s_avg_stage5_col1_mean,0.005970361999704525,SI216,88,129
speed_10s_avg_stage5_col1_std_over_mean,0.026425446133227982,SI216,88,129
speed_10s_avg_stage5_col2_mean,0.009775733834611118,SI216,88,129
speed_10s_avg_stage5_col2_std_over_mean,0.009394326075441618,SI216,88,129
stage_2_frames,0.009123280629495963,SI216,89,130
stage_3_frames,0.022067141950248087,SI216,89,130
stage_4_frames,0.00838420866672461,SI216,89,130
stage_5_frames,0.009060919721479365,SI216,89,130
roam_mean,0.012755417705336732,SI216,89,130
roam_std_over_mean,0.017734032714390523,SI216,89,130
roam_early_mean,0.04216179921333103,SI216,89,130
roam_mid_mean,0.022533678683713337,SI216,89,130
roam_late_mean,0.01988557381247005,SI216,89,130
roam_slope,0.00888766644486657,SI216,89,130
speed_1s_rows,0.007565646063940006,SI216,89,130
speed_1s_stage2_rows,0.014851502308752738,SI216,89,130
speed_1s_stage2_col1_mean,0.00229914320127509,SI216,89,130
speed_1s_stage2_col1_std_over_mean,0.023808356663413265,SI216,89,130
speed_1s_stage2_col2_mean,0.009117950861099457,SI216,89,130
speed_1s_stage2_col2_std_over_mean,0.04279080548961619,SI216,89,130
speed_1s_stage3_rows,0.014960225677106729,SI216,89,130
speed_1s_stage3_col1_mean,0.013736362046751792,SI216,89,130
speed_1s_stage3_col1_std_over_mean,0.007994976465590229,SI216,89,130
speed_1s_stage3_col2_mean,0.013103258273621651,SI216,89,130
speed_1s_stage3_col2_std_over_mean,0.07116063724170221,SI216,89,130
speed_1s_stage4_rows,0.01021937470370684,SI216,89,130
speed_1s_stage4_col1_mean,0.014917751387172535,SI216,89,130
speed_1s_stage4_col1_std_over_mean,0.009002207744264013,SI216,89,130
speed_1s_stage4_col2_mean,0.013989619841611322,SI216,89,130
speed_1s_stage4_col2_std_over_mean,0.044788834582560694,SI216,89,130
speed_1s_stage5_rows,0.001597122894168289,SI216,89,130
speed_1s_stage5_col1_mean,0.004841441131644935,SI216,89,130
speed_1s_stage5_col1_std_over_mean,0.12635236764599234,SI216,89,130
speed_1s_stage5_col2_mean,0.008624396903551174,SI216,89,130
speed_1s_stage5_col2_std_over_mean,0.05406341610073845,SI216,89,130
speed_10s_avg_rows,0.009136446791463707,SI216,89,130
speed_10s_avg_stage2_rows,0.019146004475349542,SI216,89,130
speed_10s_avg_stage2_col1_mean,0.003313916445406305,SI216,89,130
speed_10s_avg_stage2_col1_std_over_mean,0.043996799007664705,SI216,89,130
speed_10s_avg_stage2_col2_mean,0.008253326113145571,SI216,89,130
speed_10s_avg_stage2_col2_std_over_mean,0.04981749705546148,SI216,89,130
speed_10s_avg_stage3_rows,0.011187054261163693,SI216,89,130
speed_10s_avg_stage3_col1_mean,0.01407215261861646,SI216,89,130
speed_10s_avg_stage3_col1_std_over_mean,0.00819740317818963,SI216,89,130
speed_10s_avg_stage3_col2_mean,0.015755629809211247,SI216,89,130
speed_10s_avg_stage3_col2_std_over_mean,0.013135695572425513,SI216,89,130
speed_10s_avg_stage4_rows,0.004426183613608965,SI216,89,130
speed_10s_avg_stage4_col1_mean,0.012886181295507653,SI216,89,130
speed_10s_avg_stage4_col1_std_over_mean,0.020901209111015923,SI216,89,130
speed_10s_avg_stage4_col2_mean,0.024082675288892356,SI216,89,130
speed_10s_avg_stage4_col2_std_over_mean,0.018763702139378537,SI216,89,130
speed_10s_avg_stage5_rows,0.00070290252551779,SI216,89,130
speed_10s_avg_stage5_col1_mean,0.0045228857862710525,SI216,89,130
speed_10s_avg_stage5_col1_std_over_mean,0.02119804391366515,SI216,89,130
speed_10s_avg_stage5_col2_mean,0.008292820994623133,SI216,89,130
speed_10s_avg_stage5_col2_std_over_mean,0.005832353233085502,SI216,89,130
stage_2_frames,0.01099815252864011,SI216,90,131
stage_3_frames,0.006250113773389122,SI216,90,131
stage_4_frames,0.004962133768935998,SI216,90,131
stage_5_frames,0.007352267564474841,SI216,90,131
roam_mean,0.019113764785510346,SI216,90,131
roam_std_over_mean,0.07626787994151496,SI216,90,131
roam_early_mean,0.04185239868833867,SI216,90,131
roam_mid_mean,0.015728068905032734,SI216,90,131
roam_late_mean,0.011271068573328383,SI216,90,131
roam_slope,0.008580540058678067,SI216,90,131
speed_1s_rows,0.007217364204032098,SI216,90,131
speed_1s_stage2_rows,0.006380651206838764,SI216,90,131
speed_1s_stage2_col1_mean,0.00505425838331581,SI216,90,131
speed_1s_stage2_col1_std_over_mean,0.010918982052666943,SI216,90,131
speed_1s_stage2_col2_mean,0.01131792482545645,SI216,90,131
speed_1s_stage2_col2_std_over_mean,0.07103644371672244,SI216,90,131
speed_1s_stage3_rows,0.008350177891561616,SI216,90,131
speed_1s_stage3_col1_mean,0.009228289674120496,SI216,90,131
speed_1s_stage3_col1_std_over_mean,0.006467278074207048,SI216,90,131
speed_1s_stage3_col2_mean,0.03986347742865284,SI216,90,131
speed_1s_stage3_col2_std_over_mean,0.06770253059759809,SI216,90,131
speed_1s_stage4_rows,0.006271967484083071,SI216,90,131
speed_1s_stage4_col1_mean,0.011857583100034248,SI216,90,131
speed_1s_stage4_col1_std_over_mean,0.01685754527621458,SI216,90,131
speed_1s_stage4_col2_mean,0.019149627905446012,SI216,90,131
speed_1s_stage4_col2_std_over_mean,0.034787276158052896,SI216,90,131
speed_1s_stage5_rows,0.001085469215550702,SI216,90,131
speed_1s_stage5_col1_mean,0.005390280433646808,SI216,90,131
speed_1s_stage5_col1_std_over_mean,0.11298936295534148,SI216,90,131
speed_1s_stage5_col2_mean,0.007000985670849586,SI216,90,131
speed_1s_stage5_col2_std_over_mean,0.018041189976468735,SI216,90,131
speed_10s_avg_rows,0.0057995986385479,SI216,90,131
speed_10s_avg_stage2_rows,0.005933148518951949,SI216,90,131
speed_10s_avg_stage2_col1_mean,0.004681082544970573,SI216,90,131
speed_10s_avg_stage2_col1_std_over_mean,0.029818640196937397,SI216,90,131
speed_10s_avg_stage2_col2_mean,0.011504331903705185,SI216,90,131
speed_10s_avg_stage2_col2_std_over_mean,0.034044739438899914,SI216,90,131
speed_10s_avg_stage3_rows,0.00851056714794594,SI216,90,131
speed_10s_avg_stage3_col1_mean,0.013472020547888134,SI216,90,131
speed_10s_avg_stage3_col1_std_over_mean,0.007209046011033866,SI216,90,131
speed_10s_avg_stage3_col2_mean,0.029190903369173314,SI216,90,131
speed_10s_avg_stage3_col2_std_over_mean,0.011389928244590149,SI216,90,131
speed_10s_avg_stage4_rows,0.008709905911457583,SI216,90,131
speed_10s_avg_stage4_col1_mean,0.008292124448633515,SI216,90,131
speed_10s_avg_stage4_col1_std_over_mean,0.016029100773368672,SI216,90,131
speed_10s_avg_stage4_col2_mean,0.024606831704636074,SI216,90,131
speed_10s_avg_stage4_col2_std_over_mean,0.040557573274330266,SI216,90,131
speed_10s_avg_stage5_rows,0.0007264432540100669,SI216,90,131
speed_10s_avg_stage5_col1_mean,0.00513272640197869,SI216,90,131
speed_10s_avg_stage5_col1_std_over_mean,0.02412777460480131,SI216,90,131
speed_10s_avg_stage5_col2_mean,0.00980658703371284,SI216,90,131
speed_10s_avg_stage5_col2_std_over_mean,0.02111187121172282,SI216,90,131
stage_2_frames,0.01519557861266371,SI216,91,132
stage_3_frames,0.016449676965099348,SI216,91,132
stage_4_frames,0.0041301376086289995,SI216,91,132
stage_5_frames,0.009580712607928211,SI216,91,132
roam_mean,0.01826281232091916,SI216,91,132
roam_std_over_mean,0.01500742340790258,SI216,91,132
roam_early_mean,0.04098485072425924,SI216,91,132
roam_mid_mean,0.031031067163151523,SI216,91,132
roam_late_mean,0.015292738141254864,SI216,91,132
roam_slope,0.01650276360481531,SI216,91,132
speed_1s_rows,0.013092308210044036,SI216,91,132
speed_1s_stage2_rows,0.014937451336344828,SI216,91,132
speed_1s_stage2_col1_mean,0.007779066155480765,SI216,91,132
speed_1s_stage2_col1_std_over_mean,0.03081857987103554,SI216,91,132
speed_1s_stage2_col2_mean,0.005966812150213624,SI216,91,132
speed_1s_stage2_col2_std_over_mean,0.004555196031362932,SI216,91,132
speed_1s_stage3_rows,0.005277064780233625,SI216,91,132
speed_1s_stage3_col1_mean,0.006370572763244297,SI216,91,132
speed_1s_stage3_col1_std_over_mean,0.0066139919829405125,SI216,91,132
speed_1s_stage3_col2_mean,0.0125453280816078,SI216,91,132
speed_1s_stage3_col2_std_over_mean,0.09437607815845318,SI216,91,132
speed_1s_stage4_rows,0.0069318108940856155,SI216,91,132
speed_1s_stage4_col1_mean,0.010182713244052734,SI216,91,132
speed_1s_stage4_col1_std_over_mean,0.012670358595653795,SI216,91,132
speed_1s_stage4_col2_mean,0.029163840976944116,SI216,91,132
speed_1s_stage4_col2_std_over_mean,0.18156445894302167,SI216,91,132
speed_1s_stage5_rows,0.00043070812770820856,SI216,91,132
speed_1s_stage5_col1_mean,0.004434417636494149,SI216,91,132
speed_1s_stage5_col1_std_over_mean,0.04924946823315591,SI216,91,132
speed_1s_stage5_col2_mean,0.010324364484885055,SI216,91,132
speed_1s_stage5_col2_std_over_mean,0.01402539515009293,SI216,91,132
speed_10s_avg_rows,0.011353824700684634,SI216,91,132
speed_10s_avg_stage2_rows,0.01095562403779284,SI216,91,132
speed_10s_avg_stage2_col1_mean,0.006758113590827745,SI216,91,132
speed_10s_avg_stage2_col1_std_over_mean,0.015593319112770556,SI216,91,132
speed_10s_avg_stage2_col2_mean,0.007197632352756274,SI216,91,132
speed_10s_avg_stage2_col2_std_over_mean,0.008915464355371196,SI216,91,132
speed_10s_avg_stage3_rows,0.005058899178547621,SI216,91,132
speed_10s_avg_stage3_col1_mean,0.00414149569910847,SI216,91,132
speed_10s_avg_stage3_col1_std_over_mean,0.012147196264085253,SI216,91,132
speed_10s_avg_stage3_col2_mean,0.019870210133572267,SI216,91,132
speed_10s_avg_stage3_col2_std_over_mean,0.010500096357029767,SI216,91,132
speed_10s_avg_stage4_rows,0.008959947122207344,SI216,91,132
speed_10s_avg_stage4_col1_mean,0.012688944980819078,SI216,91,132
speed_10s_avg_stage4_col1_std_over_mean,0.010299319819046825,SI216,91,132
speed_10s_avg_stage4_col2_mean,0.0498783649945261,SI216,91,132
speed_10s_avg_stage4_col2_std_over_mean,0.058737662901892355,SI216,91,132
speed_10s_avg_stage5_rows,0.0017457534565107303,SI216,91,132
speed_10s_avg_stage5_col1_mean,0.006078467915606961,SI216,91,132
speed_10s_avg_stage5_col1_std_over_mean,0.019877290167632754,SI216,91,132
speed_10s_avg_stage5_col2_mean,0.009941820269628206,SI216,91,132
speed_10s_avg_stage5_col2_std_over_mean,0.0055528056259049035,SI216,91,132
stage_2_frames,0.011371974754022563,SI216,92,133
stage_3_frames,0.02377180882126911,SI216,92,133
stage_4_frames,0.0062639106075896706,SI216,92,133
stage_5_frames,0.006587360955840574,SI216,92,133
roam_mean,0.03164894764917801,SI216,92,133
roam_std_over_mean,0.023450031393347125,SI216,92,133
roam_early_mean,0.04530696511119827,SI216,92,133
roam_mid_mean,0.014072820329889876,SI216,92,133
roam_late_mean,0.054811082566795226,SI216,92,133
roam_slope,0.011398359639810543,SI216,92,133
speed_1s_rows,0.009137750041247542,SI216,92,133
speed_1s_stage2_rows,0.01359435363244156,SI216,92,133
speed_1s_stage2_col1_mean,0.004462798208012063,SI216,92,133
speed_1s_stage2_col1_std_over_mean,0.012581960279147496,SI216,92,133
speed_1s_stage2_col2_mean,0.015098032593371858,SI216,92,133
speed_1s_stage2_col2_std_over_mean,0.023876116155744462,SI216,92,133
speed_1s_stage3_rows,0.0031533138935053214,SI216,92,133
speed_1s_stage3_col1_mean,0.02695785326771826,SI216,92,133
speed_1s_stage3_col1_std_over_mean,0.011591055924187407,SI216,92,133
speed_1s_stage3_col2_mean,0.004982771408207116,SI216,92,133
speed_1s_stage3_col2_std_over_mean,0.0386695550255819,SI216,92,133
speed_1s_stage4_rows,0.004426161193923138,SI216,92,133
speed_1s_stage4_col1_mean,0.011383934479818737,SI216,92,133
speed_1s_stage4_col1_std_over_mean,0.01961873951230544,SI216,92,133
speed_1s_stage4_col2_mean,0.01978669237655996,SI216,92,133
speed_1s_stage4_col2_std_over_mean,0.05653139893289316,SI216,92,133
speed_1s_stage5_rows,0.0005929062855691588,SI216,92,133
speed_1s_stage5_col1_mean,0.00805504052534877,SI216,92,133
speed_1s_stage5_col1_std_over_mean,0.08801866068406118,SI216,92,133
speed_1s_stage5_col2_mean,0.017795960413019656,SI216,92,133
speed_1s_stage5_col2_std_over_mean,0.04379551677728534,SI216,92,133
speed_10s_avg_rows,0.007468689231237132,SI216,92,133
speed_10s_avg_stage2_rows,0.01683807431830644,SI216,92,133
speed_10s_avg_stage2_col1_mean,0.007874230207402256,SI216,92,133
speed_10s_avg_stage2_col1_std_over_mean,0.04202936734814315,SI216,92,133
speed_10s_avg_stage2_col2_mean,0.006512685666605384,SI216,92,133
speed_10s_avg_stage2_col2_std_over_mean,0.025866737281248064,SI216,92,133
speed_10s_avg_stage3_rows,0.007780332933952995,SI216,92,133
speed_10s_avg_stage3_col1_mean,0.03222529190709863,SI216,92,133
speed_10s_avg_stage3_col1_std_over_mean,0.007775461484420031,SI216,92,133
speed_10s_avg_stage3_col2_mean,0.0069146430153048406,SI216,92,133
speed_10s_avg_stage3_col2_std_over_mean,0.005270344882146413,SI216,92,133
speed_10s_avg_stage4_rows,0.005436708480043645,SI216,92,133
speed_10s_avg_stage4_col1_mean,0.01096653065012928,SI216,92,133
speed_10s_avg_stage4_col1_std_over_mean,0.015726483923404783,SI216,92,133
speed_10s_avg_stage4_col2_mean,0.022724395747822534,SI216,92,133
speed_10s_avg_stage4_col2_std_over_mean,0.01448889556089863,SI216,92,133
speed_10s_avg_stage5_rows,0.000666488304989995,SI216,92,133
speed_10s_avg_stage5_col1_mean,0.007787052671323076,SI216,92,133
speed_10s_avg_stage5_col1_std_over_mean,0.049894906363008126,SI216,92,133
speed_10s_avg_stage5_col2_mean,0.02240539405082434,SI216,92,133
speed_10s_avg_stage5_col2_std_over_mean,0.020553452532799974,SI216,92,133
stage_2_frames,0.014547302173982767,SI216,93,134
stage_3_frames,0.010860868109530982,SI216,93,134
stage_4_frames,0.011693797507305256,SI216,93,134
stage_5_frames,0.011135168981388456,SI216,93,134
roam_mean,0.02978253563499483,SI216,93,134
roam_std_over_mean,0.0960418254304487,SI216,93,134
roam_early_mean,0.03996669968007134,SI216,93,134
roam_mid_mean,0.00981407978806249,SI216,93,134
roam_late_mean,0.01173802100616897,SI216,93,134
roam_slope,0.014143137332274935,SI216,93,134
speed_1s_rows,0.008896667484564741,SI216,93,134
speed_1s_stage2_rows,0.008884809323614089,SI216,93,134
speed_1s_stage2_col1_mean,0.007140704318049146,SI216,93,134
speed_1s_stage2_col1_std_over_mean,0.02955797878024603,SI216,93,134
speed_1s_stage2_col2_mean,0.013866026339552603,SI216,93,134
speed_1s_stage2_col2_std_over_mean,0.052046158272043536,SI216,93,134
speed_1s_stage3_rows,0.008011353920834335,SI216,93,134
speed_1s_stage3_col1_mean,0.0225799456642195,SI216,93,134
speed_1s_stage3_col1_std_over_mean,0.00745006069444123,SI216,93,134
speed_1s_stage3_col2_mean,0.0049041295954279866,SI216,93,134
speed_1s_stage3_col2_std_over_mean,0.044044120504209035,SI216,93,134
speed_1s_stage4_rows,0.010592722916489451,SI216,93,134
speed_1s_stage4_col1_mean,0.012524964291490366,SI216,93,134
speed_1s_stage4_col1_std_over_mean,0.007896674682812348,SI216,93,134
speed_1s_stage4_col2_mean,0.01599409051914067,SI216,93,134
speed_1s_stage4_col2_std_over_mean,0.08865953265233124,SI216,93,134
speed_1s_stage5_rows,0.0009128680779946739,SI216,93,134
speed_1s_stage5_col1_mean,0.0040371121049377155,SI216,93,134
speed_1s_stage5_col1_std_over_mean,0.03952779928527225,SI216,93,134
speed_1s_stage5_col2_mean,0.016006077523507245,SI216,93,134
speed_1s_stage5_col2_std_over_mean,0.06325456576260295,SI216,93,134
speed_10s_avg_rows,0.008938877081636345,SI216,93,134
speed_10s_avg_stage2_rows,0.006864943570983215,SI216,93,134
speed_10s_avg_stage2_col1_mean,0.008481278110821862,SI216,93,134
speed_10s_avg_stage2_col1_std_over_mean,0.028391727129536568,SI216,93,134
speed_10s_avg_stage2_col2_mean,0.014445949633704075,SI216,93,134
speed_10s_avg_stage2_col2_std_over_mean,0.0262719720917436,SI216,93,134
speed_10s_avg_stage3_rows,0.012357176116695033,SI216,93,134
speed_10s_avg_stage3_col1_mean,0.02345619335274391,SI216,93,134
speed_10s_avg_stage3_col1_std_over_mean,0.017562006236541073,SI216,93,134
speed_10s_avg_stage3_col2_mean,0.010038696563680907,SI216,93,134
speed_10s_avg_stage3_col2_std_over_mean,0.011282800769964808,SI216,93,134
speed_10s_avg_stage4_rows,0.008017226168848016,SI216,93,134
speed_10s_avg_stage4_col1_mean,0.010787675782469322,SI216,93,134
speed_10s_avg_stage4_col1_std_over_mean,0.006156307350639985,SI216,93,134
speed_10s_avg_stage4_col2_mean,0.01952045733007277,SI216,93,134
speed_10s_avg_stage4_col2_std_over_mean,0.01705865138298961,SI216,93,134
speed_10s_avg_stage5_rows,0.00044066426644016145,SI216,93,134
speed_10s_avg_stage5_col1_mean,0.0032078467870807737,SI216,93,134
speed_10s_avg_stage5_col1_std_over_mean,0.032170182757503066,SI216,93,134
speed_10s_avg_stage5_col2_mean,0.009635497847631694,SI216,93,134
speed_10s_avg_stage5_col2_std_over_mean,0.008402071310263404,SI216,93,134
stage_2_frames,0.01038068583606164,SI216,94,135
stage_3_frames,0.010206123370787806,SI216,94,135
stage_4_frames,0.015253492311875028,SI216,94,135
stage_5_frames,0.005558841380838532,SI216,94,135
roam_mean,0.011616601288915049,SI216,94,135
roam_std_over_mean,0.11997131853826601,SI216,94,135
roam_early_mean,0.018676375900178063,SI216,94,135
roam_mid_mean,0.02035455430746118,SI216,94,135
roam_late_mean,0.013092377055939266,SI216,94,135
roam_slope,0.007933808560502981,SI216,94,135
speed_1s_rows,0.004815939883336864,SI216,94,135
speed_1s_stage2_rows,0.01266249527541569,SI216,94,135
speed_1s_stage2_col1_mean,0.011137414205252787,SI216,94,135
speed_1s_stage2_col1_std_over_mean,0.022874602865902628,SI216,94,135
speed_1s_stage2_col2_mean,0.0074020357531224355,SI216,94,135
speed_1s_stage2_col2_std_over_mean,0.010291845956160955,SI216,94,135
speed_1s_stage3_rows,0.020568986019011585,SI216,94,135
speed_1s_stage3_col1_mean,0.022206215684971428,SI216,94,135
speed_1s_stage3_col1_std_over_mean,0.004317410135008697,SI216,94,135
speed_1s_stage3_col2_mean,0.013864790873400422,SI216,94,135
speed_1s_stage3_col2_std_over_mean,0.04306969227371836,SI216,94,135
speed_1s_stage4_rows,0.00646395142774742,SI216,94,135
speed_1s_stage4_col1_mean,0.01580924556566021,SI216,94,135
speed_1s_stage4_col1_std_over_mean,0.0249705397346443,SI216,94,135
speed_1s_stage4_col2_mean,0.016555125117329404,SI216,94,135
speed_1s_stage4_col2_std_over_mean,0.0675253597680041,SI216,94,135
speed_1s_stage5_rows,0.0007616116586468549,SI216,94,135
speed_1s_stage5_col1_mean,0.003701894344672509,SI216,94,135
speed_1s_stage5_col1_std_over_mean,0.07707259156924828,SI216,94,135
speed_1s_stage5_col2_mean,0.0072864519237347495,SI216,94,135
speed_1s_stage5_col2_std_over_mean,0.021409926537978602,SI216,94,135
speed_10s_avg_rows,0.00964759627821748,SI216,94,135
speed_10s_avg_stage2_rows,0.010684276558549333,SI216,94,135
speed_10s_avg_stage2_col1_mean,0.009375898927300114,SI216,94,135
speed_10s_avg_stage2_col1_std_over_mean,0.023220162820652337,SI216,94,135
speed_10s_avg_stage2_col2_mean,0.004840087414026556,SI216,94,135
speed_10s_avg_stage2_col2_std_over_mean,0.04676008744787042,SI216,94,135
speed_10s_avg_stage3_rows,0.01181812170012441,SI216,94,135
speed_10s_avg_stage3_col1_mean,0.02262022237156799,SI216,94,135
speed_10s_avg_stage3_col1_std_over_mean,0.011107445350145774,SI216,94,135
speed_10s_avg_stage3_col2_mean,0.019740382585693106,SI216,94,135
speed_10s_avg_stage3_col2_std_over_mean,0.014266175497274105,SI216,94,135
speed_10s_avg_stage4_rows,0.0073030201671167244,SI216,94,135
speed_10s_avg_stage4_col1_mean,0.017036930318930266,SI216,94,135
speed_10s_avg_stage4_col1_std_over_mean,0.016541223961154525,SI216,94,135
speed_10s_avg_stage4_col2_mean,0.01679093397481956,SI216,94,135
speed_10s_avg_stage4_col2_std_over_mean,0.030361036649589026,SI216,94,135
speed_10s_avg_stage5_rows,0.0018916167582169927,SI216,94,135
speed_10s_avg_stage5_col1_mean,0.005766496995267728,SI216,94,135
speed_10s_avg_stage5_col1_std_over_mean,0.035836286267646913,SI216,94,135
speed_10s_avg_stage5_col2_mean,0.004855295590839019,SI216,94,135
speed_10s_avg_stage5_col2_std_over_mean,0.03172439724120392,SI216,94,135
stage_2_frames,0.014764408839800219,SI216,95,136
stage_3_frames,0.012498710617682197,SI216,95,136
stage_4_frames,0.00704283250891804,SI216,95,136
stage_5_frames,0.005269494158752023,SI216,95,136
roam_mean,0.03508400451325919,SI216,95,136
roam_std_over_mean,0.10428565224617796,SI216,95,136
roam_early_mean,0.09587361460733962,SI216,95,136
roam_mid_mean,0.020573436031596264,SI216,95,136
roam_late_mean,0.043641451543107494,SI216,95,136
roam_slope,0.016536741143362826,SI216,95,136
speed_1s_rows,0.0160399056165095,SI216,95,136
speed_1s_stage2_rows,0.01076261356026369,SI216,95,136
speed_1s_stage2_col1_mean,0.003633527613752391,SI216,95,136
speed_1s_stage2_col1_std_over_mean,0.015160841770032352,SI216,95,136
speed_1s_stage2_col2_mean,0.015262219646814392,SI216,95,136
speed_1s_stage2_col2_std_over_mean,0.013184937099595962,SI216,95,136
speed_1s_stage3_rows,0.005473812322623488,SI216,95,136
speed_1s_stage3_col1_mean,0.012423623704150084,SI216,95,136
speed_1s_stage3_col1_std_over_mean,0.008424789047584123,SI216,95,136
speed_1s_stage3_col2_mean,0.007009295686541379,SI216,95,136
speed_1s_stage3_col2_std_over_mean,0.030328709546201017,SI216,95,136
speed_1s_stage4_rows,0.006531048544030393,SI216,95,136
speed_1s_stage4_col1_mean,0.01835987764623729,SI216,95,136
speed_1s_stage4_col1_std_over_mean,0.023736159532461776,SI216,95,136
speed_1s_stage4_col2_mean,0.011098609615312076,SI216,95,136
speed_1s_stage4_col2_std_over_mean,0.034959754614019796,SI216,95,136
speed_1s_stage5_rows,0.0015161774471822438,SI216,95,136
speed_1s_stage5_col1_mean,0.00379727046475624,SI216,95,136
speed_1s_stage5_col1_std_over_mean,0.05162950623886543,SI216,95,136
speed_1s_stage5_col2_mean,0.006166432551372521,SI216,95,136
speed_1s_stage5_col2_std_over_mean,0.04370735113682956,SI216,95,136
speed_10s_avg_rows,0.020944966795573186,SI216,95,136
speed_10s_avg_stage2_rows,0.007482650370307363,SI216,95,136
speed_10s_avg_stage2_col1_mean,0.006095098577697771,SI216,95,136
speed_10s_avg_stage2_col1_std_over_mean,0.016919215050196296,SI216,95,136
speed_10s_avg_stage2_col2_mean,0.010935912262746386,SI216,95,136
speed_10s_avg_stage2_col2_std_over_mean,0.013976415831610496,SI216,95,136
speed_10s_avg_stage3_rows,0.007662356746893208,SI216,95,136
speed_10s_avg_stage3_col1_mean,0.020216548189693078,SI216,95,136
speed_10s_avg_stage3_col1_std_over_mean,0.013978708200579802,SI216,95,136
speed_10s_avg_stage3_col2_mean,0.008392841993344472,SI216,95,136
speed_10s_avg_stage3_col2_std_over_mean,0.005796255771840042,SI216,95,136
speed_10s_avg_stage4_rows,0.005361199626889238,SI216,95,136
speed_10s_avg_stage4_col1_mean,0.013313444479116365,SI216,95,136
speed_10s_avg_stage4_col1_std_over_mean,0.016060032620518305,SI216,95,136
speed_10s_avg_stage4_col2_mean,0.008518737651819404,SI216,95,136
speed_10s_avg_stage4_col2_std_over_mean,0.05353165642442142,SI216,95,136
speed_10s_avg_stage5_rows,0.0008592585081422647,SI216,95,136
speed_10s_avg_stage5_col1_mean,0.004597384672143704,SI216,95,136
speed_10s_avg_stage5_col1_std_over_mean,0.046278711410874675,SI216,95,136
speed_10s_avg_stage5_col2_mean,0.009578075573381608,SI216,95,136
speed_10s_avg_stage5_col2_std_over_mean,0.014723719627079381,SI216,95,136
stage_2_frames,0.011162134183500488,SI216,96,137
stage_3_frames,0.007317414170054179,SI216,96,137
stage_4_frames,0.02349359190773597,SI216,96,137
stage_5_frames,0.00794774784907027,SI216,96,137
roam_mean,0.018273672654996617,SI216,96,137
roam_std_over_mean,0.07554984054375219,SI216,96,137
roam_early_mean,0.02006396060375728,SI216,96,137
roam_mid_mean,0.004161283029912494,SI216,96,137
roam_late_mean,0.018210535003025084,SI216,96,137
roam_slope,0.008354863739970268,SI216,96,137
speed_1s_rows,0.009640513402048445,SI216,96,137
speed_1s_stage2_rows,0.00704179940062868,SI216,96,137
speed_1s_stage2_col1_mean,0.007858188097598666,SI216,96,137
speed_1s_stage2_col1_std_over_mean,0.027689972856723647,SI216,96,137
speed_1s_stage2_col2_mean,0.009485877635579237,SI216,96,137
speed_1s_stage2_col2_std_over_mean,0.009197303294997227,SI216,96,137
speed_1s_stage3_rows,0.011615581022126245,SI216,96,137
speed_1s_stage3_col1_mean,0.010402072100332801,SI216,96,137
speed_1s_stage3_col1_std_over_mean,0.00588176682108052,SI216,96,137
speed_1s_stage3_col2_mean,0.01947555989697399,SI216,96,137
speed_1s_stage3_col2_std_over_mean,0.10327784801290223,SI216,96,137
speed_1s_stage4_rows,0.006878470385697584,SI216,96,137
speed_1s_stage4_col1_mean,0.009453384501864563,SI216,96,137
speed_1s_stage4_col1_std_over_mean,0.04278670080171182,SI216,96,137
speed_1s_stage4_col2_mean,0.017613249485028723,SI216,96,137
speed_1s_stage4_col2_std_over_mean,0.06604208876292526,SI216,96,137
speed_1s_stage5_rows,0.0012058153000343353,SI216,96,137
speed_1s_stage5_col1_mean,0.006442768678402914,SI216,96,137
speed_1s_stage5_col1_std_over_mean,0.0760333582717351,SI216,96,137
speed_1s_stage5_col2_mean,0.0025239224749156325,SI216,96,137
speed_1s_stage5_col2_std_over_mean,0.037807252311960034,SI216,96,137
speed_10s_avg_rows,0.006228451700363835,SI216,96,137
speed_10s_avg_stage2_rows,0.011989044163810421,SI216,96,137
speed_10s_avg_stage2_col1_mean,0.00462299820586087,SI216,96,137
speed_10s_avg_stage2_col1_std_over_mean,0.016244491306392727,SI216,96,137
speed_10s_avg_stage2_col2_mean,0.0061799034603637545,SI216,96,137
speed_10s_avg_stage2_col2_std_over_mean,0.023026294890578794,SI216,96,137
speed_10s_avg_stage3_rows,0.01302436551518471,SI216,96,137
speed_10s_avg_stage3_col1_mean,0.008595307837179229,SI216,96,137
speed_10s_avg_stage3_col1_std_over_mean,0.007564205128781278,SI216,96,137
speed_10s_avg_stage3_col2_mean,0.025220290184806517,SI216,96,137
speed_10s_avg_stage3_col2_std_over_mean,0.01019458536726532,SI216,96,137
speed_10s_avg_stage4_rows,0.015023506415299365,SI216,96,137
speed_10s_avg_stage4_col1_mean,0.013039284394558854,SI216,96,137
speed_10s_avg_stage4_col1_std_over_mean,0.015888248153424052,SI216,96,137
speed_10s_avg_stage4_col2_mean,0.017135701363668175,SI216,96,137
speed_10s_avg_stage4_col2_std_over_mean,0.04258390135270139,SI216,96,137
speed_10s_avg_stage5_rows,0.0017200535942774853,SI216,96,137
speed_10s_avg_stage5_col1_mean,0.009551385449069309,SI216,96,137
speed_10s_avg_stage5_col1_std_over_mean,0.05540788881146734,SI216,96,137
speed_10s_avg_stage5_col2_mean,0.006188506039568303,SI216,96,137
speed_10s_avg_stage5_col2_std_over_mean,0.007683049464335837,SI216,96,137
stage_2_frames,0.010623356441411132,SI216,97,138
stage_3_frames,0.012340312924965152,SI216,97,138
stage_4_frames,0.007044676005425719,SI216,97,138
stage_5_frames,0.010852143349086896,SI216,97,138
roam_mean,0.01743034505039404,SI216,97,138
roam_std_over_mean,0.036767962925528516,SI216,97,138
roam_early_mean,0.04598952193586282,SI216,97,138
roam_mid_mean,0.02334522444565731,SI216,97,138
roam_late_mean,0.01960455560505124,SI216,97,138
roam_slope,0.009520226347622555,SI216,97,138
speed_1s_rows,0.006984074590513556,SI216,97,138
speed_1s_stage2_rows,0.009876886491358029,SI216,97,138
speed_1s_stage2_col1_mean,0.0025754428996877243,SI216,97,138
speed_1s_stage2_col1_std_over_mean,0.02456618595604886,SI216,97,138
speed_1s_stage2_col2_mean,0.013918462088123645,SI216,97,138
speed_1s_stage2_col2_std_over_mean,0.031745742706983965,SI216,97,138
speed_1s_stage3_rows,0.003604959360042319,SI216,97,138
speed_1s_stage3_col1_mean,0.011800964845283382,SI216,97,138
speed_1s_stage3_col1_std_over_mean,0.010435250169683137,SI216,97,138
speed_1s_stage3_col2_mean,0.045692931832564,SI216,97,138
speed_1s_stage3_col2_std_over_mean,0.09566015019162492,SI216,97,138
speed_1s_stage4_rows,0.015109782936872807,SI216,97,138
speed_1s_stage4_col1_mean,0.008725447594429682,SI216,97,138
speed_1s_stage4_col1_std_over_mean,0.046945649545678106,SI216,97,138
speed_1s_stage4_col2_mean,0.00850292576698802,SI216,97,138
speed_1s_stage4_col2_std_over_mean,0.025959243237722276,SI216,97,138
speed_1s_stage5_rows,0.002629338620696651,SI216,97,138
speed_1s_stage5_col1_mean,0.00785771380683438,SI216,97,138
speed_1s_stage5_col1_std_over_mean,0.07724260115837853,SI216,97,138
speed_1s_stage5_col2_mean,0.011254356894547821,SI216,97,138
speed_1s_stage5_col2_std_over_mean,0.018503771191708502,SI216,97,138
speed_10s_avg_rows,0.010810559344940197,SI216,97,138
speed_10s_avg_stage2_rows,0.009666480272055215,SI216,97,138
speed_10s_avg_stage2_col1_mean,0.005886767249795066,SI216,97,138
speed_10s_avg_stage2_col1_std_over_mean,0.015314314331274347,SI216,97,138
speed_10s_avg_stage2_col2_mean,0.018061381385691973,SI216,97,138
speed_10s_avg_stage2_col2_std_over_mean,0.03898657196339279,SI216,97,138
speed_10s_avg_stage3_rows,0.0038875782193971372,SI216,97,138
speed_10s_avg_stage3_col1_mean,0.007120333564353175,SI216,97,138
speed_10s_avg_stage3_col1_std_over_mean,0.01667136546587092,SI216,97,138
speed_10s_avg_stage3_col2_mean,0.03404868925337745,SI216,97,138
speed_10s_avg_stage3_col2_std_over_mean,0.017868588996073742,SI216,97,138
speed_10s_avg_stage4_rows,0.012206472276528617,SI216,97,138
speed_10s_avg_stage4_col1_mean,0.011119298377143644,SI216,97,138
speed_10s_avg_stage4_col1_std_over_mean,0.014954298480966568,SI216,97,138
speed_10s_avg_stage4_col2_mean,0.008579330506848832,SI216,97,138
speed_10s_avg_stage4_col2_std_over_mean,0.038518968769859135,SI216,97,138
speed_10s_avg_stage5_rows,0.0032697882027424214,SI216,97,138
speed_10s_avg_stage5_col1_mean,0.01032240052388777,SI216,97,138
speed_10s_avg_stage5_col1_std_over_mean,0.031038538072728196,SI216,97,138
speed_10s_avg_stage5_col2_mean,0.008462476949405691,SI216,97,138
speed_10s_avg_stage5_col2_std_over_mean,0.010095590876891346,SI216,97,138
stage_2_frames,0.014813855615668963,SI216,98,139
stage_3_frames,0.009338935305571729,SI216,98,139
stage_4_frames,0.0143160472700689,SI216,98,139
stage_5_frames,0.00588350496817868,SI216,98,139
roam_mean,0.03127424559137219,SI216,98,139
roam_std_over_mean,0.1273018975027935,SI216,98,139
roam_early_mean,0.03319213976474415,SI216,98,139
roam_mid_mean,0.03483440440915201,SI216,98,139
roam_late_mean,0.028321371890750083,SI216,98,139
roam_slope,0.020291674395409312,SI216,98,139
speed_1s_rows,0.010362430655204488,SI216,98,139
speed_1s_stage2_rows,0.008940623616352053,SI216,98,139
speed_1s_stage2_col1_mean,0.003093912588906149,SI216,98,139
speed_1s_stage2_col1_std_over_mean,0.027056610368843076,SI216,98,139
speed_1s_stage2_col2_mean,0.010514979613163632,SI216,98,139
speed_1s_stage2_col2_std_over_mean,0.018716638158193324,SI216,98,139
speed_1s_stage3_rows,0.005946692847575221,SI216,98,139
speed_1s_stage3_col1_mean,0.010669790399598773,SI216,98,139
speed_1s_stage3_col1_std_over_mean,0.008677004180745553,SI216,98,139
speed_1s_stage3_col2_mean,0.012181889032846177,SI216,98,139
speed_1s_stage3_col2_std_over_mean,0.015583787221007474,SI216,98,139
speed_1s_stage4_rows,0.006104016181257153,SI216,98,139
speed_1s_stage4_col1_mean,0.008134127762057738,SI216,98,139
speed_1s_stage4_col1_std_over_mean,0.016011863131866776,SI216,98,139
speed_1s_stage4_col2_mean,0.01853601128834423,SI216,98,139
speed_1s_stage4_col2_std_over_mean,0.018306831011605372,SI216,98,139
speed_1s_stage5_rows,0.001901732839654577,SI216,98,139
speed_1s_stage5_col1_mean,0.0027723497773237604,SI216,98,139
speed_1s_stage5_col1_std_over_mean,0.06707187399808699,SI216,98,139
speed_1s_stage5_col2_mean,0.009916893351054062,SI216,98,139
speed_1s_stage5_col2_std_over_mean,0.05107317255994973,SI216,98,139
speed_10s_avg_rows,0.011972157181188365,SI216,98,139
speed_10s_avg_stage2_rows,0.008390086018989405,SI216,98,139
speed_10s_avg_stage2_col1_mean,0.0051292643431037725,SI216,98,139
speed_10s_avg_stage2_col1_std_over_mean,0.0684547310218679,SI216,98,139
speed_10s_avg_stage2_col2_mean,0.010458786350400219,SI216,98,139
speed_10s_avg_stage2_col2_std_over_mean,0.02173656952686032,SI216,98,139
speed_10s_avg_stage3_rows,0.01739354446786734,SI216,98,139
speed_10s_avg_stage3_col1_mean,0.011293329192030556,SI216,98,139
speed_10s_avg_stage3_col1_std_over_mean,0.01443130746490534,SI216,98,139
speed_10s_avg_stage3_col2_mean,0.006273025082595373,SI216,98,139
speed_10s_avg_stage3_col2_std_over_mean,0.012835055480801575,SI216,98,139
speed_10s_avg_stage4_rows,0.004134401130267259,SI216,98,139
speed_10s_avg_stage4_col1_mean,0.007860312584912635,SI216,98,139
speed_10s_avg_stage4_col1_std_over_mean,0.03627702976174414,SI216,98,139
speed_10s_avg_stage4_col2_mean,0.020201543114151177,SI216,98,139
speed_10s_avg_stage4_col2_std_over_mean,0.0314991508598518,SI216,98,139
speed_10s_avg_stage5_rows,0.0006821276190741372,SI216,98,139
speed_10s_avg_stage5_col1_mean,0.0055380749446238995,SI216,98,139
speed_10s_avg_stage5_col1_std_over_mean,0.02625164591129137,SI216,98,139
speed_10s_avg_stage5_col2_mean,0.010564978420773627,SI216,98,139
speed_10s_avg_stage5_col2_std_over_mean,0.017481572225354056,SI216,98,139
stage_2_frames,0.014652111558450075,SI216,99,140
stage_3_frames,0.007381651459269383,SI216,99,140
stage_4_frames,0.010501021038583675,SI216,99,140
stage_5_frames,0.021386030764294774,SI216,99,140
roam_mean,0.04347808152125167,SI216,99,140
roam_std_over_mean,0.06645366002806323,SI216,99,140
roam_early_mean,0.03012246238375497,SI216,99,140
roam_mid_mean,0.009646447859989428,SI216,99,140
roam_late_mean,0.012395496480163151,SI216,99,140
roam_slope,0.009872829503628167,SI216,99,140
speed_1s_rows,0.012627912335607347,SI216,99,140
speed_1s_stage2_rows,0.012397856940870363,SI216,99,140
speed_1s_stage2_col1_mean,0.007511087897229083,SI216,99,140
speed_1s_stage2_col1_std_over_mean,0.015233420772172821,SI216,99,140
speed_1s_stage2_col2_mean,0.009454879044708311,SI216,99,140
speed_1s_stage2_col2_std_over_mean,0.03909050634824498,SI216,99,140
speed_1s_stage3_rows,0.009254941365981912,SI216,99,140
speed_1s_stage3_col1_mean,0.012997361035359216,SI216,99,140
speed_1s_stage3_col1_std_over_mean,0.00630837117744621,SI216,99,140
speed_1s_stage3_col2_mean,0.01755113784476768,SI216,99,140
speed_1s_stage3_col2_std_over_mean,0.07673329269294024,SI216,99,140
speed_1s_stage4_rows,0.016705338865632458,SI216,99,140
speed_1s_stage4_col1_mean,0.010579038637614129,SI216,99,140
speed_1s_stage4_col1_std_over_mean,0.008781531791894342,SI216,99,140
speed_1s_stage4_col2_mean,0.030442740647813698,SI216,99,140
speed_1s_stage4_col2_std_over_mean,0.11441220244865856,SI216,99,140
speed_1s_stage5_rows,0.0010589440269674858,SI216,99,140
speed_1s_stage5_col1_mean,0.0043224398014628474,SI216,99,140
speed_1s_stage5_col1_std_over_mean,0.016831491535674026,SI216,99,140
speed_1s_stage5_col2_mean,0.007391042899384104,SI216,99,140
speed_1s_stage5_col2_std_over_mean,0.05143477152226748,SI216,99,140
speed_10s_avg_rows,0.01022279902920108,SI216,99,140
speed_10s_avg_stage2_rows,0.0062577945186693155,SI216,99,140
speed_10s_avg_stage2_col1_mean,0.006957394901869775,SI216,99,140
speed_10s_avg_stage2_col1_std_over_mean,0.03848191782271262,SI216,99,140
speed_10s_avg_stage2_col2_mean,0.01187746026377859,SI216,99,140
speed_10s_avg_stage2_col2_std_over_mean,0.04082595462635782,SI216,99,140
speed_10s_avg_stage3_rows,0.017242100557930493,SI216,99,140
speed_10s_avg_stage3_col1_mean,0.005646786381505006,SI216,99,140
speed_10s_avg_stage3_col1_std_over_mean,0.010695047104512771,SI216,99,140
speed_10s_avg_stage3_col2_mean,0.018623040700559097,SI216,99,140
speed_10s_avg_stage3_col2_std_over_mean,0.016464243746245187,SI216,99,140
speed_10s_avg_stage4_rows,0.014711288465866662,SI216,99,140
speed_10s_avg_stage4_col1_mean,0.01458302305966761,SI216,99,140
speed_10s_avg_stage4_col1_std_over_mean,0.002993368989501526,SI216,99,140
speed_10s_avg_stage4_col2_mean,0.022033392328662634,SI216,99,140
speed_10s_avg_stage4_col2_std_over_mean,0.023993186561647215,SI216,99,140
speed_10s_avg_stage5_rows,0.0008277555957585791,SI216,99,140
speed_10s_avg_stage5_col1_mean,0.00486815354241132,SI216,99,140
speed_10s_avg_stage5_col1_std_over_mean,0.006058007852382566,SI216,99,140
speed_10s_avg_stage5_col2_mean,0.0022374745916135816,SI216,99,140
speed_10s_avg_stage5_col2_std_over_mean,0.01738970712900073,SI216,99,140
stage_2_frames,0.015259711879041916,SI216,100,141
stage_3_frames,0.019241634896793536,SI216,100,141
stage_4_frames,0.0058624907217780416,SI216,100,141
stage_5_frames,0.005332404175476069,SI216,100,141
roam_mean,0.025655164431091275,SI216,100,141
roam_std_over_mean,0.06556353743545112,SI216,100,141
roam_early_mean,0.08874953205069125,SI216,100,141
roam_mid_mean,0.007586265067430375,SI216,100,141
roam_late_mean,0.03417044390853539,SI216,100,141
roam_slope,0.06504522007525777,SI216,100,141
speed_1s_rows,0.005993828903175936,SI216,100,141
speed_1s_stage2_rows,0.01942186598838618,SI216,100,141
speed_1s_stage2_col1_mean,0.004224482257124205,SI216,100,141
speed_1s_stage2_col1_std_over_mean,0.022479495123510527,SI216,100,141
speed_1s_stage2_col2_mean,0.008249034329158276,SI216,100,141
speed_1s_stage2_col2_std_over_mean,0.012100230910092557,SI216,100,141
speed_1s_stage3_rows,0.01101361891137959,SI216,100,141
speed_1s_stage3_col1_mean,0.009938319982158054,SI216,100,141
speed_1s_stage3_col1_std_over_mean,0.0064027984537502695,SI216,100,141
speed_1s_stage3_col2_mean,0.006468675320605978,SI216,100,141
speed_1s_stage3_col2_std_over_mean,0.08454698287532462,SI216,100,141
speed_1s_stage4_rows,0.006602112499461192,SI216,100,141
speed_1s_stage4_col1_mean,0.018436890286689864,SI216,100,141
speed_1s_stage4_col1_std_over_mean,0.015920732665343124,SI216,100,141
speed_1s_stage4_col2_mean,0.010165581851064762,SI216,100,141
speed_1s_stage4_col2_std_over_mean,0.05048056081639269,SI216,100,141
speed_1s_stage5_rows,0.0012516133589324818,SI216,100,141
speed_1s_stage5_col1_mean,0.010424315286162342,SI216,100,141
speed_1s_stage5_col1_std_over_mean,0.026125486648802345,SI216,100,141
speed_1s_stage5_col2_mean,0.006318538808453238,SI216,100,141
speed_1s_stage5_col2_std_over_mean,0.010433514632854492,SI216,100,141
speed_10s_avg_rows,0.007962345708877088,SI216,100,141
speed_10s_avg_stage2_rows,0.013698147019661603,SI216,100,141
speed_10s_avg_stage2_col1_mean,0.003629556214620567,SI216,100,141
speed_10s_avg_stage2_col1_std_over_mean,0.03241539670005547,SI216,100,141
speed_10s_avg_stage2_col2_mean,0.004534064903091724,SI216,100,141
speed_10s_avg_stage2_col2_std_over_mean,0.03637653663189911,SI216,100,141
speed_10s_avg_stage3_rows,0.005791160372270808,SI216,100,141
speed_10s_avg_stage3_col1_mean,0.007895710139865416,SI216,100,141
speed_10s_avg_stage3_col1_std_over_mean,0.010432602335264005,SI216,100,141
speed_10s_avg_stage3_col2_mean,0.00867720323137021,SI216,100,141
speed_10s_avg_stage3_col2_std_over_mean,0.02892074113018489,SI216,100,141
speed_10s_avg_stage4_rows,0.007172401831776926,SI216,100,141
speed_10s_avg_stage4_col1_mean,0.027130910761467845,SI216,100,141
speed_10s_avg_stage4_col1_std_over_mean,0.017836656816477968,SI216,100,141
speed_10s_avg_stage4_col2_mean,0.009910314622067836,SI216,100,141
speed_10s_avg_stage4_col2_std_over_mean,0.049759403104773274,SI216,100,141
speed_10s_avg_stage5_rows,0.0014879154792438478,SI216,100,141
speed_10s_avg_stage5_col1_mean,0.009316536885327091,SI216,100,141
speed_10s_avg_stage5_col1_std_over_mean,0.019614608786920524,SI216,100,141
speed_10s_avg_stage5_col2_mean,0.007041365310955284,SI216,100,141
speed_10s_avg_stage5_col2_std_over_mean,0.010931337463459024,SI216,100,141
