feature,importance,dataset,run,seed
stage_2_frames,0.0122784121626433,SI216_shuffled,1,42
stage_3_frames,0.010516450232990823,SI216_shuffled,1,42
stage_4_frames,0.023454940240669478,SI216_shuffled,1,42
stage_5_frames,0.009923393927690745,SI216_shuffled,1,42
roam_mean,0.01200429516880011,SI216_shuffled,1,42
roam_std_over_mean,0.009800268853326294,SI216_shuffled,1,42
roam_early_mean,0.041761082831248325,SI216_shuffled,1,42
roam_mid_mean,0.06876634322401388,SI216_shuffled,1,42
roam_late_mean,0.009726241756302078,SI216_shuffled,1,42
roam_slope,0.07738438122478748,SI216_shuffled,1,42
speed_1s_rows,0.008410970194407315,SI216_shuffled,1,42
speed_1s_stage2_rows,0.010826207350813606,SI216_shuffled,1,42
speed_1s_stage2_col1_mean,0.009277146541481249,SI216_shuffled,1,42
speed_1s_stage2_col1_std_over_mean,0.035086932292321425,SI216_shuffled,1,42
speed_1s_stage2_col2_mean,0.01051589122406307,SI216_shuffled,1,42
speed_1s_stage2_col2_std_over_mean,0.009194122688248036,SI216_shuffled,1,42
speed_1s_stage3_rows,0.02138873624566899,SI216_shuffled,1,42
speed_1s_stage3_col1_mean,0.009572626927859299,SI216_shuffled,1,42
speed_1s_stage3_col1_std_over_mean,0.018860940549185284,SI216_shuffled,1,42
speed_1s_stage3_col2_mean,0.0066592530131713715,SI216_shuffled,1,42
speed_1s_stage3_col2_std_over_mean,0.018050885900607074,SI216_shuffled,1,42
speed_1s_stage4_rows,0.007332031859512053,SI216_shuffled,1,42
speed_1s_stage4_col1_mean,0.011918472735563932,SI216_shuffled,1,42
speed_1s_stage4_col1_std_over_mean,0.009462552544514474,SI216_shuffled,1,42
speed_1s_stage4_col2_mean,0.014266093803001968,SI216_shuffled,1,42
speed_1s_stage4_col2_std_over_mean,0.04095865513125666,SI216_shuffled,1,42
speed_1s_stage5_rows,0.0041946543943886345,SI216_shuffled,1,42
speed_1s_stage5_col1_mean,0.02076670268798852,SI216_shuffled,1,42
speed_1s_stage5_col1_std_over_mean,0.02677758231259847,SI216_shuffled,1,42
speed_1s_stage5_col2_mean,0.0188166286304092,SI216_shuffled,1,42
speed_1s_stage5_col2_std_over_mean,0.013772894550843877,SI216_shuffled,1,42
speed_10s_avg_rows,0.01534625184583439,SI216_shuffled,1,42
speed_10s_avg_stage2_rows,0.011744074263158944,SI216_shuffled,1,42
speed_10s_avg_stage2_col1_mean,0.011394399496688737,SI216_shuffled,1,42
speed_10s_avg_stage2_col1_std_over_mean,0.07453446262118336,SI216_shuffled,1,42
speed_10s_avg_stage2_col2_mean,0.00865235223709984,SI216_shuffled,1,42
speed_10s_avg_stage2_col2_std_over_mean,0.0085519225908941,SI216_shuffled,1,42
speed_10s_avg_stage3_rows,0.039849611705981225,SI216_shuffled,1,42
speed_10s_avg_stage3_col1_mean,0.005869135422316216,SI216_shuffled,1,42
speed_10s_avg_stage3_col1_std_over_mean,0.02839546752620334,SI216_shuffled,1,42
speed_10s_avg_stage3_col2_mean,0.007200061362418839,SI216_shuffled,1,42
speed_10s_avg_stage3_col2_std_over_mean,0.017543604757188257,SI216_shuffled,1,42
speed_10s_avg_stage4_rows,0.00863859752005367,SI216_shuffled,1,42
speed_10s_avg_stage4_col1_mean,0.01676057215947278,SI216_shuffled,1,42
speed_10s_avg_stage4_col1_std_over_mean,0.0060016482187110936,SI216_shuffled,1,42
speed_10s_avg_stage4_col2_mean,0.022252444514582033,SI216_shuffled,1,42
speed_10s_avg_stage4_col2_std_over_mean,0.03666511478557705,SI216_shuffled,1,42
speed_10s_avg_stage5_rows,0.004894492073655167,SI216_shuffled,1,42
speed_10s_avg_stage5_col1_mean,0.015293418057239038,SI216_shuffled,1,42
speed_10s_avg_stage5_col1_std_over_mean,0.013654449497951544,SI216_shuffled,1,42
speed_10s_avg_stage5_col2_mean,0.018934922451492774,SI216_shuffled,1,42
speed_10s_avg_stage5_col2_std_over_mean,0.026097205691920637,SI216_shuffled,1,42
stage_2_frames,0.019588278844551162,SI216_shuffled,2,43
stage_3_frames,0.005990533821703146,SI216_shuffled,2,43
stage_4_frames,0.03614114757171939,SI216_shuffled,2,43
stage_5_frames,0.011906452289077158,SI216_shuffled,2,43
roam_mean,0.01988828152592377,SI216_shuffled,2,43
roam_std_over_mean,0.021044694175410224,SI216_shuffled,2,43
roam_early_mean,0.026748684393239852,SI216_shuffled,2,43
roam_mid_mean,0.07270730623743414,SI216_shuffled,2,43
roam_late_mean,0.007385608352184802,SI216_shuffled,2,43
roam_slope,0.04628041414875727,SI216_shuffled,2,43
speed_1s_rows,0.010948372848109632,SI216_shuffled,2,43
speed_1s_stage2_rows,0.003727667795986359,SI216_shuffled,2,43
speed_1s_stage2_col1_mean,0.018806651037502637,SI216_shuffled,2,43
speed_1s_stage2_col1_std_over_mean,0.007585122508048847,SI216_shuffled,2,43
speed_1s_stage2_col2_mean,0.021098235631397438,SI216_shuffled,2,43
speed_1s_stage2_col2_std_over_mean,0.006649776293399822,SI216_shuffled,2,43
speed_1s_stage3_rows,0.038180736605869195,SI216_shuffled,2,43
speed_1s_stage3_col1_mean,0.005256918395473426,SI216_shuffled,2,43
speed_1s_stage3_col1_std_over_mean,0.01819956634701182,SI216_shuffled,2,43
speed_1s_stage3_col2_mean,0.01351348471609452,SI216_shuffled,2,43
speed_1s_stage3_col2_std_over_mean,0.02868319897119396,SI216_shuffled,2,43
speed_1s_stage4_rows,0.010965129407866554,SI216_shuffled,2,43
speed_1s_stage4_col1_mean,0.009378330172593131,SI216_shuffled,2,43
speed_1s_stage4_col1_std_over_mean,0.01812264275828513,SI216_shuffled,2,43
speed_1s_stage4_col2_mean,0.019912876011346677,SI216_shuffled,2,43
speed_1s_stage4_col2_std_over_mean,0.01970353907981748,SI216_shuffled,2,43
speed_1s_stage5_rows,0.0009527332390392866,SI216_shuffled,2,43
speed_1s_stage5_col1_mean,0.009403374736231188,SI216_shuffled,2,43
speed_1s_stage5_col1_std_over_mean,0.032169186704820926,SI216_shuffled,2,43
speed_1s_stage5_col2_mean,0.04146563059308444,SI216_shuffled,2,43
speed_1s_stage5_col2_std_over_mean,0.00693318542065765,SI216_shuffled,2,43
speed_10s_avg_rows,0.0106859649270901,SI216_shuffled,2,43
speed_10s_avg_stage2_rows,0.008065326433172,SI216_shuffled,2,43
speed_10s_avg_stage2_col1_mean,0.011276859809608939,SI216_shuffled,2,43
speed_10s_avg_stage2_col1_std_over_mean,0.0334029424099928,SI216_shuffled,2,43
speed_10s_avg_stage2_col2_mean,0.020139800389097823,SI216_shuffled,2,43
speed_10s_avg_stage2_col2_std_over_mean,0.014044403088917934,SI216_shuffled,2,43
speed_10s_avg_stage3_rows,0.04532761434547888,SI216_shuffled,2,43
speed_10s_avg_stage3_col1_mean,0.008523459150294531,SI216_shuffled,2,43
speed_10s_avg_stage3_col1_std_over_mean,0.025622291592449473,SI216_shuffled,2,43
speed_10s_avg_stage3_col2_mean,0.01778715907808458,SI216_shuffled,2,43
speed_10s_avg_stage3_col2_std_over_mean,0.03440708076492398,SI216_shuffled,2,43
speed_10s_avg_stage4_rows,0.01597651663414282,SI216_shuffled,2,43
speed_10s_avg_stage4_col1_mean,0.005929089349376841,SI216_shuffled,2,43
speed_10s_avg_stage4_col1_std_over_mean,0.009577803794488863,SI216_shuffled,2,43
speed_10s_avg_stage4_col2_mean,0.023768004889053146,SI216_shuffled,2,43
speed_10s_avg_stage4_col2_std_over_mean,0.028586401981698036,SI216_shuffled,2,43
speed_10s_avg_stage5_rows,9.811605147790016e-05,SI216_shuffled,2,43
speed_10s_avg_stage5_col1_mean,0.007165258720856738,SI216_shuffled,2,43
speed_10s_avg_stage5_col1_std_over_mean,0.009241948995947161,SI216_shuffled,2,43
speed_10s_avg_stage5_col2_mean,0.02671825856375424,SI216_shuffled,2,43
speed_10s_avg_stage5_col2_std_over_mean,0.03431793839626216,SI216_shuffled,2,43
stage_2_frames,0.027042834864468825,SI216_shuffled,3,44
stage_3_frames,0.011175381167499106,SI216_shuffled,3,44
stage_4_frames,0.019673048272659758,SI216_shuffled,3,44
stage_5_frames,0.01866372088394881,SI216_shuffled,3,44
roam_mean,0.013026737914932163,SI216_shuffled,3,44
roam_std_over_mean,0.025118965580906084,SI216_shuffled,3,44
roam_early_mean,0.013021757076856042,SI216_shuffled,3,44
roam_mid_mean,0.11192448823013897,SI216_shuffled,3,44
roam_late_mean,0.014841021143208562,SI216_shuffled,3,44
roam_slope,0.022768045504806347,SI216_shuffled,3,44
speed_1s_rows,0.015060662974483508,SI216_shuffled,3,44
speed_1s_stage2_rows,0.010929843937777847,SI216_shuffled,3,44
speed_1s_stage2_col1_mean,0.011792984345999668,SI216_shuffled,3,44
speed_1s_stage2_col1_std_over_mean,0.01881711667516321,SI216_shuffled,3,44
speed_1s_stage2_col2_mean,0.045005625865668815,SI216_shuffled,3,44
speed_1s_stage2_col2_std_over_mean,0.015729681037543717,SI216_shuffled,3,44
speed_1s_stage3_rows,0.017888558940978565,SI216_shuffled,3,44
speed_1s_stage3_col1_mean,0.01992675777858862,SI216_shuffled,3,44
speed_1s_stage3_col1_std_over_mean,0.017004208276671224,SI216_shuffled,3,44
speed_1s_stage3_col2_mean,0.009231090647013789,SI216_shuffled,3,44
speed_1s_stage3_col2_std_over_mean,0.040706898332481235,SI216_shuffled,3,44
speed_1s_stage4_rows,0.015617000387314308,SI216_shuffled,3,44
speed_1s_stage4_col1_mean,0.007239561473593019,SI216_shuffled,3,44
speed_1s_stage4_col1_std_over_mean,0.022614251694911876,SI216_shuffled,3,44
speed_1s_stage4_col2_mean,0.019108762015062678,SI216_shuffled,3,44
speed_1s_stage4_col2_std_over_mean,0.01805002776551845,SI216_shuffled,3,44
speed_1s_stage5_rows,0.000676627903224246,SI216_shuffled,3,44
speed_1s_stage5_col1_mean,0.00729799439631608,SI216_shuffled,3,44
speed_1s_stage5_col1_std_over_mean,0.018225747614559577,SI216_shuffled,3,44
speed_1s_stage5_col2_mean,0.017831245071345418,SI216_shuffled,3,44
speed_1s_stage5_col2_std_over_mean,0.00840746999594956,SI216_shuffled,3,44
speed_10s_avg_rows,0.011083434245831483,SI216_shuffled,3,44
speed_10s_avg_stage2_rows,0.01081742246546431,SI216_shuffled,3,44
speed_10s_avg_stage2_col1_mean,0.010734438013504655,SI216_shuffled,3,44
speed_10s_avg_stage2_col1_std_over_mean,0.04310560118088808,SI216_shuffled,3,44
speed_10s_avg_stage2_col2_mean,0.03128330211818725,SI216_shuffled,3,44
speed_10s_avg_stage2_col2_std_over_mean,0.02537719370737092,SI216_shuffled,3,44
speed_10s_avg_stage3_rows,0.017065785650282887,SI216_shuffled,3,44
speed_10s_avg_stage3_col1_mean,0.015861755288432998,SI216_shuffled,3,44
speed_10s_avg_stage3_col1_std_over_mean,0.03826888432735278,SI216_shuffled,3,44
speed_10s_avg_stage3_col2_mean,0.008959272360504174,SI216_shuffled,3,44
speed_10s_avg_stage3_col2_std_over_mean,0.026462362922284002,SI216_shuffled,3,44
speed_10s_avg_stage4_rows,0.011592416867106067,SI216_shuffled,3,44
speed_10s_avg_stage4_col1_mean,0.009967080500720614,SI216_shuffled,3,44
speed_10s_avg_stage4_col1_std_over_mean,0.010300911821533304,SI216_shuffled,3,44
speed_10s_avg_stage4_col2_mean,0.009415173102625976,SI216_shuffled,3,44
speed_10s_avg_stage4_col2_std_over_mean,0.025004422497837103,SI216_shuffled,3,44
speed_10s_avg_stage5_rows,0.0007586460627909485,SI216_shuffled,3,44
speed_10s_avg_stage5_col1_mean,0.014547254826584722,SI216_shuffled,3,44
speed_10s_avg_stage5_col1_std_over_mean,0.009977922669380235,SI216_shuffled,3,44
speed_10s_avg_stage5_col2_mean,0.020396829141225724,SI216_shuffled,3,44
speed_10s_avg_stage5_col2_std_over_mean,0.01460177246050155,SI216_shuffled,3,44
stage_2_frames,0.02324146219967256,SI216_shuffled,4,45
stage_3_frames,0.005072572297868003,SI216_shuffled,4,45
stage_4_frames,0.022079053640590332,SI216_shuffled,4,45
stage_5_frames,0.018946952580203492,SI216_shuffled,4,45
roam_mean,0.01104738960364218,SI216_shuffled,4,45
roam_std_over_mean,0.027756274306421178,SI216_shuffled,4,45
roam_early_mean,0.007542481443616045,SI216_shuffled,4,45
roam_mid_mean,0.06717163761799716,SI216_shuffled,4,45
roam_late_mean,0.01884555176514843,SI216_shuffled,4,45
roam_slope,0.008855019850530194,SI216_shuffled,4,45
speed_1s_rows,0.007721178573106808,SI216_shuffled,4,45
speed_1s_stage2_rows,0.0031338608837398344,SI216_shuffled,4,45
speed_1s_stage2_col1_mean,0.011807604616311217,SI216_shuffled,4,45
speed_1s_stage2_col1_std_over_mean,0.044490241183914814,SI216_shuffled,4,45
speed_1s_stage2_col2_mean,0.04776728779802639,SI216_shuffled,4,45
speed_1s_stage2_col2_std_over_mean,0.02329746293865424,SI216_shuffled,4,45
speed_1s_stage3_rows,0.021476113299623033,SI216_shuffled,4,45
speed_1s_stage3_col1_mean,0.013731839227145104,SI216_shuffled,4,45
speed_1s_stage3_col1_std_over_mean,0.023523703087767814,SI216_shuffled,4,45
speed_1s_stage3_col2_mean,0.0056137026747161015,SI216_shuffled,4,45
speed_1s_stage3_col2_std_over_mean,0.0210853801007681,SI216_shuffled,4,45
speed_1s_stage4_rows,0.020613627670157487,SI216_shuffled,4,45
speed_1s_stage4_col1_mean,0.012503146606996246,SI216_shuffled,4,45
speed_1s_stage4_col1_std_over_mean,0.015835355498851893,SI216_shuffled,4,45
speed_1s_stage4_col2_mean,0.028694110277342193,SI216_shuffled,4,45
speed_1s_stage4_col2_std_over_mean,0.01654460557598593,SI216_shuffled,4,45
speed_1s_stage5_rows,0.0001009814131086504,SI216_shuffled,4,45
speed_1s_stage5_col1_mean,0.014267770782410082,SI216_shuffled,4,45
speed_1s_stage5_col1_std_over_mean,0.0205107377806117,SI216_shuffled,4,45
speed_1s_stage5_col2_mean,0.006455777992504631,SI216_shuffled,4,45
speed_1s_stage5_col2_std_over_mean,0.018225810283837462,SI216_shuffled,4,45
speed_10s_avg_rows,0.010418340433499047,SI216_shuffled,4,45
speed_10s_avg_stage2_rows,0.005769129747100706,SI216_shuffled,4,45
speed_10s_avg_stage2_col1_mean,0.015168044206043306,SI216_shuffled,4,45
speed_10s_avg_stage2_col1_std_over_mean,0.022826397320253336,SI216_shuffled,4,45
speed_10s_avg_stage2_col2_mean,0.03895609861862651,SI216_shuffled,4,45
speed_10s_avg_stage2_col2_std_over_mean,0.011972663354625261,SI216_shuffled,4,45
speed_10s_avg_stage3_rows,0.023520372901340826,SI216_shuffled,4,45
speed_10s_avg_stage3_col1_mean,0.013459436628196425,SI216_shuffled,4,45
speed_10s_avg_stage3_col1_std_over_mean,0.06548204411339772,SI216_shuffled,4,45
speed_10s_avg_stage3_col2_mean,0.008445623996587279,SI216_shuffled,4,45
speed_10s_avg_stage3_col2_std_over_mean,0.01758149278444312,SI216_shuffled,4,45
speed_10s_avg_stage4_rows,0.020405675901693465,SI216_shuffled,4,45
speed_10s_avg_stage4_col1_mean,0.014448892565824245,SI216_shuffled,4,45
speed_10s_avg_stage4_col1_std_over_mean,0.015588284456110123,SI216_shuffled,4,45
speed_10s_avg_stage4_col2_mean,0.025990704538566417,SI216_shuffled,4,45
speed_10s_avg_stage4_col2_std_over_mean,0.037371287705754916,SI216_shuffled,4,45
speed_10s_avg_stage5_rows,0.00013354130292740296,SI216_shuffled,4,45
speed_10s_avg_stage5_col1_mean,0.012135904250048844,SI216_shuffled,4,45
speed_10s_avg_stage5_col1_std_over_mean,0.016283350405892863,SI216_shuffled,4,45
speed_10s_avg_stage5_col2_mean,0.014447769007766705,SI216_shuffled,4,45
speed_10s_avg_stage5_col2_std_over_mean,0.021636252190032144,SI216_shuffled,4,45
stage_2_frames,0.008978369815520295,SI216_shuffled,5,46
stage_3_frames,0.034144196499982855,SI216_shuffled,5,46
stage_4_frames,0.036633883888755416,SI216_shuffled,5,46
stage_5_frames,0.011349493423097646,SI216_shuffled,5,46
roam_mean,0.010860177351080868,SI216_shuffled,5,46
roam_std_over_mean,0.015262581550152182,SI216_shuffled,5,46
roam_early_mean,0.018001994239041204,SI216_shuffled,5,46
roam_mid_mean,0.04324191949207963,SI216_shuffled,5,46
roam_late_mean,0.006291153482057202,SI216_shuffled,5,46
roam_slope,0.05006323312163195,SI216_shuffled,5,46
speed_1s_rows,0.0042257471266106935,SI216_shuffled,5,46
speed_1s_stage2_rows,0.01327087593358158,SI216_shuffled,5,46
speed_1s_stage2_col1_mean,0.011755806967713646,SI216_shuffled,5,46
speed_1s_stage2_col1_std_over_mean,0.01809799332017585,SI216_shuffled,5,46
speed_1s_stage2_col2_mean,0.017096880228807926,SI216_shuffled,5,46
speed_1s_stage2_col2_std_over_mean,0.010096384998000437,SI216_shuffled,5,46
speed_1s_stage3_rows,0.04234899985163351,SI216_shuffled,5,46
speed_1s_stage3_col1_mean,0.007775475010428929,SI216_shuffled,5,46
speed_1s_stage3_col1_std_over_mean,0.010280422336862728,SI216_shuffled,5,46
speed_1s_stage3_col2_mean,0.005637112700485957,SI216_shuffled,5,46
speed_1s_stage3_col2_std_over_mean,0.023195770196805465,SI216_shuffled,5,46
speed_1s_stage4_rows,0.017816376114441854,SI216_shuffled,5,46
speed_1s_stage4_col1_mean,0.009686960489288111,SI216_shuffled,5,46
speed_1s_stage4_col1_std_over_mean,0.014127404142192468,SI216_shuffled,5,46
speed_1s_stage4_col2_mean,0.013408339913576525,SI216_shuffled,5,46
speed_1s_stage4_col2_std_over_mean,0.021307543257957553,SI216_shuffled,5,46
speed_1s_stage5_rows,0.0014817918547720603,SI216_shuffled,5,46
speed_1s_stage5_col1_mean,0.054520148290349936,SI216_shuffled,5,46
speed_1s_stage5_col1_std_over_mean,0.0548241126895619,SI216_shuffled,5,46
speed_1s_stage5_col2_mean,0.009712893137968576,SI216_shuffled,5,46
speed_1s_stage5_col2_std_over_mean,0.018355879736707756,SI216_shuffled,5,46
speed_10s_avg_rows,0.006854250830037432,SI216_shuffled,5,46
speed_10s_avg_stage2_rows,0.0262876190105445,SI216_shuffled,5,46
speed_10s_avg_stage2_col1_mean,0.012444107096082261,SI216_shuffled,5,46
speed_10s_avg_stage2_col1_std_over_mean,0.01995044227833074,SI216_shuffled,5,46
speed_10s_avg_stage2_col2_mean,0.024993191500187303,SI216_shuffled,5,46
speed_10s_avg_stage2_col2_std_over_mean,0.01309532451349988,SI216_shuffled,5,46
speed_10s_avg_stage3_rows,0.033102936493033794,SI216_shuffled,5,46
speed_10s_avg_stage3_col1_mean,0.013505087943672913,SI216_shuffled,5,46
speed_10s_avg_stage3_col1_std_over_mean,0.060697752136907514,SI216_shuffled,5,46
speed_10s_avg_stage3_col2_mean,0.006645250979667544,SI216_shuffled,5,46
speed_10s_avg_stage3_col2_std_over_mean,0.029911711760604583,SI216_shuffled,5,46
speed_10s_avg_stage4_rows,0.011816168859594684,SI216_shuffled,5,46
speed_10s_avg_stage4_col1_mean,0.015467953245624078,SI216_shuffled,5,46
speed_10s_avg_stage4_col1_std_over_mean,0.014734927053118796,SI216_shuffled,5,46
speed_10s_avg_stage4_col2_mean,0.009917756322017638,SI216_shuffled,5,46
speed_10s_avg_stage4_col2_std_over_mean,0.012988236920692373,SI216_shuffled,5,46
speed_10s_avg_stage5_rows,0.0011058191325436539,SI216_shuffled,5,46
speed_10s_avg_stage5_col1_mean,0.035690480918245386,SI216_shuffled,5,46
speed_10s_avg_stage5_col1_std_over_mean,0.012549210710505883,SI216_shuffled,5,46
speed_10s_avg_stage5_col2_mean,0.008012464950166059,SI216_shuffled,5,46
speed_10s_avg_stage5_col2_std_over_mean,0.016379386183600315,SI216_shuffled,5,46
stage_2_frames,0.013015217199792135,SI216_shuffled,6,47
stage_3_frames,0.010901740592853508,SI216_shuffled,6,47
stage_4_frames,0.019164083280655997,SI216_shuffled,6,47
stage_5_frames,0.007212752731881744,SI216_shuffled,6,47
roam_mean,0.014885507700238823,SI216_shuffled,6,47
roam_std_over_mean,0.02079708372146432,SI216_shuffled,6,47
roam_early_mean,0.01722673931567427,SI216_shuffled,6,47
roam_mid_mean,0.13315325728447078,SI216_shuffled,6,47
roam_late_mean,0.009601988939274404,SI216_shuffled,6,47
roam_slope,0.04339066820609937,SI216_shuffled,6,47
speed_1s_rows,0.008392336317402853,SI216_shuffled,6,47
speed_1s_stage2_rows,0.008168312304268968,SI216_shuffled,6,47
speed_1s_stage2_col1_mean,0.01510868837976457,SI216_shuffled,6,47
speed_1s_stage2_col1_std_over_mean,0.015575320577160386,SI216_shuffled,6,47
speed_1s_stage2_col2_mean,0.01046878424405807,SI216_shuffled,6,47
speed_1s_stage2_col2_std_over_mean,0.008747899092186233,SI216_shuffled,6,47
speed_1s_stage3_rows,0.021742271043799,SI216_shuffled,6,47
speed_1s_stage3_col1_mean,0.01164613821202541,SI216_shuffled,6,47
speed_1s_stage3_col1_std_over_mean,0.01778152240814704,SI216_shuffled,6,47
speed_1s_stage3_col2_mean,0.014528922858048316,SI216_shuffled,6,47
speed_1s_stage3_col2_std_over_mean,0.029625534656272066,SI216_shuffled,6,47
speed_1s_stage4_rows,0.008903764029193371,SI216_shuffled,6,47
speed_1s_stage4_col1_mean,0.011258311303859384,SI216_shuffled,6,47
speed_1s_stage4_col1_std_over_mean,0.023566253526078357,SI216_shuffled,6,47
speed_1s_stage4_col2_mean,0.0382515361828921,SI216_shuffled,6,47
speed_1s_stage4_col2_std_over_mean,0.04396274747369767,SI216_shuffled,6,47
speed_1s_stage5_rows,0.00017869356054019638,SI216_shuffled,6,47
speed_1s_stage5_col1_mean,0.026062249611122638,SI216_shuffled,6,47
speed_1s_stage5_col1_std_over_mean,0.029093279111516435,SI216_shuffled,6,47
speed_1s_stage5_col2_mean,0.01580159304877696,SI216_shuffled,6,47
speed_1s_stage5_col2_std_over_mean,0.01327279588650495,SI216_shuffled,6,47
speed_10s_avg_rows,0.012280847872352797,SI216_shuffled,6,47
speed_10s_avg_stage2_rows,0.01031461502603728,SI216_shuffled,6,47
speed_10s_avg_stage2_col1_mean,0.017019467282895637,SI216_shuffled,6,47
speed_10s_avg_stage2_col1_std_over_mean,0.029731051369015014,SI216_shuffled,6,47
speed_10s_avg_stage2_col2_mean,0.006826663008774904,SI216_shuffled,6,47
speed_10s_avg_stage2_col2_std_over_mean,0.01774293760989541,SI216_shuffled,6,47
speed_10s_avg_stage3_rows,0.0262446683869606,SI216_shuffled,6,47
speed_10s_avg_stage3_col1_mean,0.010856165144892635,SI216_shuffled,6,47
speed_10s_avg_stage3_col1_std_over_mean,0.013860467761370272,SI216_shuffled,6,47
speed_10s_avg_stage3_col2_mean,0.013584431799497828,SI216_shuffled,6,47
speed_10s_avg_stage3_col2_std_over_mean,0.015903582174261195,SI216_shuffled,6,47
speed_10s_avg_stage4_rows,0.007360258837639148,SI216_shuffled,6,47
speed_10s_avg_stage4_col1_mean,0.013676437431623988,SI216_shuffled,6,47
speed_10s_avg_stage4_col1_std_over_mean,0.008841073812260628,SI216_shuffled,6,47
speed_10s_avg_stage4_col2_mean,0.029040058295021157,SI216_shuffled,6,47
speed_10s_avg_stage4_col2_std_over_mean,0.02889118882612746,SI216_shuffled,6,47
speed_10s_avg_stage5_rows,0.0026031729788597658,SI216_shuffled,6,47
speed_10s_avg_stage5_col1_mean,0.024527878910246034,SI216_shuffled,6,47
speed_10s_avg_stage5_col1_std_over_mean,0.009834164789031933,SI216_shuffled,6,47
speed_10s_avg_stage5_col2_mean,0.017945099070922926,SI216_shuffled,6,47
speed_10s_avg_stage5_col2_std_over_mean,0.021429776812593043,SI216_shuffled,6,47
stage_2_frames,0.02957965755265316,SI216_shuffled,7,48
stage_3_frames,0.0215451548671726,SI216_shuffled,7,48
stage_4_frames,0.07629867510776978,SI216_shuffled,7,48
stage_5_frames,0.019069635219666783,SI216_shuffled,7,48
roam_mean,0.006574279675208231,SI216_shuffled,7,48
roam_std_over_mean,0.012882392072279232,SI216_shuffled,7,48
roam_early_mean,0.01676981213076561,SI216_shuffled,7,48
roam_mid_mean,0.01371891168219624,SI216_shuffled,7,48
roam_late_mean,0.008547508669572329,SI216_shuffled,7,48
roam_slope,0.03427818668188489,SI216_shuffled,7,48
speed_1s_rows,0.006464207876592776,SI216_shuffled,7,48
speed_1s_stage2_rows,0.017449132076833847,SI216_shuffled,7,48
speed_1s_stage2_col1_mean,0.013225919513103016,SI216_shuffled,7,48
speed_1s_stage2_col1_std_over_mean,0.010183299373430599,SI216_shuffled,7,48
speed_1s_stage2_col2_mean,0.012110839457640283,SI216_shuffled,7,48
speed_1s_stage2_col2_std_over_mean,0.011837951566155936,SI216_shuffled,7,48
speed_1s_stage3_rows,0.07535209691849053,SI216_shuffled,7,48
speed_1s_stage3_col1_mean,0.010312997114416194,SI216_shuffled,7,48
speed_1s_stage3_col1_std_over_mean,0.006602241844054909,SI216_shuffled,7,48
speed_1s_stage3_col2_mean,0.01106971796081137,SI216_shuffled,7,48
speed_1s_stage3_col2_std_over_mean,0.038800390071109664,SI216_shuffled,7,48
speed_1s_stage4_rows,0.016694540385783753,SI216_shuffled,7,48
speed_1s_stage4_col1_mean,0.007870991651432985,SI216_shuffled,7,48
speed_1s_stage4_col1_std_over_mean,0.010227909807756976,SI216_shuffled,7,48
speed_1s_stage4_col2_mean,0.006344668862850771,SI216_shuffled,7,48
speed_1s_stage4_col2_std_over_mean,0.017079608894887636,SI216_shuffled,7,48
speed_1s_stage5_rows,0.0005053685023406248,SI216_shuffled,7,48
speed_1s_stage5_col1_mean,0.04547087043340517,SI216_shuffled,7,48
speed_1s_stage5_col1_std_over_mean,0.0526227343388342,SI216_shuffled,7,48
speed_1s_stage5_col2_mean,0.00663714770382459,SI216_shuffled,7,48
speed_1s_stage5_col2_std_over_mean,0.006021759690178043,SI216_shuffled,7,48
speed_10s_avg_rows,0.007402981186286063,SI216_shuffled,7,48
speed_10s_avg_stage2_rows,0.01822654590481697,SI216_shuffled,7,48
speed_10s_avg_stage2_col1_mean,0.012511911732815696,SI216_shuffled,7,48
speed_10s_avg_stage2_col1_std_over_mean,0.022399812264742913,SI216_shuffled,7,48
speed_10s_avg_stage2_col2_mean,0.006713101498890815,SI216_shuffled,7,48
speed_10s_avg_stage2_col2_std_over_mean,0.01489425622576582,SI216_shuffled,7,48
speed_10s_avg_stage3_rows,0.07972841525955189,SI216_shuffled,7,48
speed_10s_avg_stage3_col1_mean,0.005626791025661546,SI216_shuffled,7,48
speed_10s_avg_stage3_col1_std_over_mean,0.03074931020892556,SI216_shuffled,7,48
speed_10s_avg_stage3_col2_mean,0.008082642073879459,SI216_shuffled,7,48
speed_10s_avg_stage3_col2_std_over_mean,0.01356181619252981,SI216_shuffled,7,48
speed_10s_avg_stage4_rows,0.012336478082685327,SI216_shuffled,7,48
speed_10s_avg_stage4_col1_mean,0.00965917755969495,SI216_shuffled,7,48
speed_10s_avg_stage4_col1_std_over_mean,0.006066553896048209,SI216_shuffled,7,48
speed_10s_avg_stage4_col2_mean,0.009701247337103027,SI216_shuffled,7,48
speed_10s_avg_stage4_col2_std_over_mean,0.02835460709986417,SI216_shuffled,7,48
speed_10s_avg_stage5_rows,0.0006762166279660678,SI216_shuffled,7,48
speed_10s_avg_stage5_col1_mean,0.041300737621589666,SI216_shuffled,7,48
speed_10s_avg_stage5_col1_std_over_mean,0.01858555168159335,SI216_shuffled,7,48
speed_10s_avg_stage5_col2_mean,0.00886918765730848,SI216_shuffled,7,48
speed_10s_avg_stage5_col2_std_over_mean,0.02240405115917745,SI216_shuffled,7,48
stage_2_frames,0.01767057673561898,SI216_shuffled,8,49
stage_3_frames,0.005296272999900896,SI216_shuffled,8,49
stage_4_frames,0.018150787044871462,SI216_shuffled,8,49
stage_5_frames,0.01769364049095909,SI216_shuffled,8,49
roam_mean,0.01577905136500696,SI216_shuffled,8,49
roam_std_over_mean,0.03160744402410382,SI216_shuffled,8,49
roam_early_mean,0.014266414991677037,SI216_shuffled,8,49
roam_mid_mean,0.06638728776727577,SI216_shuffled,8,49
roam_late_mean,0.010940490305925766,SI216_shuffled,8,49
roam_slope,0.02339429494040889,SI216_shuffled,8,49
speed_1s_rows,0.007935949879412596,SI216_shuffled,8,49
speed_1s_stage2_rows,0.007660096601682027,SI216_shuffled,8,49
speed_1s_stage2_col1_mean,0.013870425295870093,SI216_shuffled,8,49
speed_1s_stage2_col1_std_over_mean,0.016641517227462155,SI216_shuffled,8,49
speed_1s_stage2_col2_mean,0.009849674739496288,SI216_shuffled,8,49
speed_1s_stage2_col2_std_over_mean,0.011373996824784712,SI216_shuffled,8,49
speed_1s_stage3_rows,0.019296328886319686,SI216_shuffled,8,49
speed_1s_stage3_col1_mean,0.01085744887154366,SI216_shuffled,8,49
speed_1s_stage3_col1_std_over_mean,0.03403633720977516,SI216_shuffled,8,49
speed_1s_stage3_col2_mean,0.012964496244162245,SI216_shuffled,8,49
speed_1s_stage3_col2_std_over_mean,0.025637540233568366,SI216_shuffled,8,49
speed_1s_stage4_rows,0.013775883524367953,SI216_shuffled,8,49
speed_1s_stage4_col1_mean,0.02085583676699532,SI216_shuffled,8,49
speed_1s_stage4_col1_std_over_mean,0.015694735499325704,SI216_shuffled,8,49
speed_1s_stage4_col2_mean,0.012363609407604396,SI216_shuffled,8,49
speed_1s_stage4_col2_std_over_mean,0.016889158201243606,SI216_shuffled,8,49
speed_1s_stage5_rows,0.0007313958005529177,SI216_shuffled,8,49
speed_1s_stage5_col1_mean,0.018646613686657567,SI216_shuffled,8,49
speed_1s_stage5_col1_std_over_mean,0.03583426140036244,SI216_shuffled,8,49
speed_1s_stage5_col2_mean,0.03324432948205906,SI216_shuffled,8,49
speed_1s_stage5_col2_std_over_mean,0.014736866892139563,SI216_shuffled,8,49
speed_10s_avg_rows,0.013941299700284503,SI216_shuffled,8,49
speed_10s_avg_stage2_rows,0.010253393945861567,SI216_shuffled,8,49
speed_10s_avg_stage2_col1_mean,0.016304049277745317,SI216_shuffled,8,49
speed_10s_avg_stage2_col1_std_over_mean,0.046803839322345685,SI216_shuffled,8,49
speed_10s_avg_stage2_col2_mean,0.010814513157713587,SI216_shuffled,8,49
speed_10s_avg_stage2_col2_std_over_mean,0.019856351369616974,SI216_shuffled,8,49
speed_10s_avg_stage3_rows,0.018728103152446274,SI216_shuffled,8,49
speed_10s_avg_stage3_col1_mean,0.017262732545039856,SI216_shuffled,8,49
speed_10s_avg_stage3_col1_std_over_mean,0.017570789303676233,SI216_shuffled,8,49
speed_10s_avg_stage3_col2_mean,0.009873042331637903,SI216_shuffled,8,49
speed_10s_avg_stage3_col2_std_over_mean,0.04007934866978978,SI216_shuffled,8,49
speed_10s_avg_stage4_rows,0.010944370809947243,SI216_shuffled,8,49
speed_10s_avg_stage4_col1_mean,0.02318520326255879,SI216_shuffled,8,49
speed_10s_avg_stage4_col1_std_over_mean,0.014176586887687265,SI216_shuffled,8,49
speed_10s_avg_stage4_col2_mean,0.012713033300078197,SI216_shuffled,8,49
speed_10s_avg_stage4_col2_std_over_mean,0.041427083803408066,SI216_shuffled,8,49
speed_10s_avg_stage5_rows,0.0007113172892610956,SI216_shuffled,8,49
speed_10s_avg_stage5_col1_mean,0.023735364047118266,SI216_shuffled,8,49
speed_10s_avg_stage5_col1_std_over_mean,0.012461587100076018,SI216_shuffled,8,49
speed_10s_avg_stage5_col2_mean,0.04341610843056347,SI216_shuffled,8,49
speed_10s_avg_stage5_col2_std_over_mean,0.021659118952009747,SI216_shuffled,8,49
stage_2_frames,0.024918264594908916,SI216_shuffled,9,50
stage_3_frames,0.011679435494306173,SI216_shuffled,9,50
stage_4_frames,0.031113712795094384,SI216_shuffled,9,50
stage_5_frames,0.02117916468562597,SI216_shuffled,9,50
roam_mean,0.016765047631387805,SI216_shuffled,9,50
roam_std_over_mean,0.02566030909599724,SI216_shuffled,9,50
roam_early_mean,0.005309999307730365,SI216_shuffled,9,50
roam_mid_mean,0.03852174411678124,SI216_shuffled,9,50
roam_late_mean,0.017777433874917332,SI216_shuffled,9,50
roam_slope,0.027232695047153442,SI216_shuffled,9,50
speed_1s_rows,0.019086584864682545,SI216_shuffled,9,50
speed_1s_stage2_rows,0.00931447600224422,SI216_shuffled,9,50
speed_1s_stage2_col1_mean,0.017461729593576444,SI216_shuffled,9,50
speed_1s_stage2_col1_std_over_mean,0.012789736829187336,SI216_shuffled,9,50
speed_1s_stage2_col2_mean,0.017352250979707416,SI216_shuffled,9,50
speed_1s_stage2_col2_std_over_mean,0.02141684979614687,SI216_shuffled,9,50
speed_1s_stage3_rows,0.020232197082295022,SI216_shuffled,9,50
speed_1s_stage3_col1_mean,0.014174085465648793,SI216_shuffled,9,50
speed_1s_stage3_col1_std_over_mean,0.07720837008691347,SI216_shuffled,9,50
speed_1s_stage3_col2_mean,0.006169544743603371,SI216_shuffled,9,50
speed_1s_stage3_col2_std_over_mean,0.025495588095907608,SI216_shuffled,9,50
speed_1s_stage4_rows,0.025142893578409015,SI216_shuffled,9,50
speed_1s_stage4_col1_mean,0.01320557360885964,SI216_shuffled,9,50
speed_1s_stage4_col1_std_over_mean,0.018389270696264427,SI216_shuffled,9,50
speed_1s_stage4_col2_mean,0.009545933616861088,SI216_shuffled,9,50
speed_1s_stage4_col2_std_over_mean,0.04755498071857025,SI216_shuffled,9,50
speed_1s_stage5_rows,0.0018026682783579462,SI216_shuffled,9,50
speed_1s_stage5_col1_mean,0.020287246909448376,SI216_shuffled,9,50
speed_1s_stage5_col1_std_over_mean,0.028241549023867763,SI216_shuffled,9,50
speed_1s_stage5_col2_mean,0.008954067465970479,SI216_shuffled,9,50
speed_1s_stage5_col2_std_over_mean,0.00952578437412843,SI216_shuffled,9,50
speed_10s_avg_rows,0.01775300488273328,SI216_shuffled,9,50
speed_10s_avg_stage2_rows,0.010596331128925648,SI216_shuffled,9,50
speed_10s_avg_stage2_col1_mean,0.016545449859909956,SI216_shuffled,9,50
speed_10s_avg_stage2_col1_std_over_mean,0.01544943735428489,SI216_shuffled,9,50
speed_10s_avg_stage2_col2_mean,0.017520395224393047,SI216_shuffled,9,50
speed_10s_avg_stage2_col2_std_over_mean,0.030443792530088026,SI216_shuffled,9,50
speed_10s_avg_stage3_rows,0.028717192451593643,SI216_shuffled,9,50
speed_10s_avg_stage3_col1_mean,0.010446474801841786,SI216_shuffled,9,50
speed_10s_avg_stage3_col1_std_over_mean,0.02644717586380107,SI216_shuffled,9,50
speed_10s_avg_stage3_col2_mean,0.005804875944637018,SI216_shuffled,9,50
speed_10s_avg_stage3_col2_std_over_mean,0.025635788188713027,SI216_shuffled,9,50
speed_10s_avg_stage4_rows,0.02014894303277455,SI216_shuffled,9,50
speed_10s_avg_stage4_col1_mean,0.010150729223788891,SI216_shuffled,9,50
speed_10s_avg_stage4_col1_std_over_mean,0.022631038057102933,SI216_shuffled,9,50
speed_10s_avg_stage4_col2_mean,0.008182562298519214,SI216_shuffled,9,50
speed_10s_avg_stage4_col2_std_over_mean,0.016002707177189393,SI216_shuffled,9,50
speed_10s_avg_stage5_rows,0.0009076029735886169,SI216_shuffled,9,50
speed_10s_avg_stage5_col1_mean,0.02192900119575543,SI216_shuffled,9,50
speed_10s_avg_stage5_col1_std_over_mean,0.029958729559084414,SI216_shuffled,9,50
speed_10s_avg_stage5_col2_mean,0.007611795145035375,SI216_shuffled,9,50
speed_10s_avg_stage5_col2_std_over_mean,0.013607784651686414,SI216_shuffled,9,50
stage_2_frames,0.010742686880277158,SI216_shuffled,10,51
stage_3_frames,0.012931521540306313,SI216_shuffled,10,51
stage_4_frames,0.02193145966071908,SI216_shuffled,10,51
stage_5_frames,0.01883585801188304,SI216_shuffled,10,51
roam_mean,0.01610669783416212,SI216_shuffled,10,51
roam_std_over_mean,0.0259266594183119,SI216_shuffled,10,51
roam_early_mean,0.014142957442013169,SI216_shuffled,10,51
roam_mid_mean,0.10132993680606485,SI216_shuffled,10,51
roam_late_mean,0.025713646186018527,SI216_shuffled,10,51
roam_slope,0.046578668002455186,SI216_shuffled,10,51
speed_1s_rows,0.006858341769570651,SI216_shuffled,10,51
speed_1s_stage2_rows,0.008640411088244586,SI216_shuffled,10,51
speed_1s_stage2_col1_mean,0.009421947449761638,SI216_shuffled,10,51
speed_1s_stage2_col1_std_over_mean,0.01143448309546191,SI216_shuffled,10,51
speed_1s_stage2_col2_mean,0.03699161694624402,SI216_shuffled,10,51
speed_1s_stage2_col2_std_over_mean,0.014762187516732923,SI216_shuffled,10,51
speed_1s_stage3_rows,0.008493013154978916,SI216_shuffled,10,51
speed_1s_stage3_col1_mean,0.004536010963437168,SI216_shuffled,10,51
speed_1s_stage3_col1_std_over_mean,0.024024345467395486,SI216_shuffled,10,51
speed_1s_stage3_col2_mean,0.007914483408739965,SI216_shuffled,10,51
speed_1s_stage3_col2_std_over_mean,0.020235900993893476,SI216_shuffled,10,51
speed_1s_stage4_rows,0.014743546816504005,SI216_shuffled,10,51
speed_1s_stage4_col1_mean,0.013103097448038415,SI216_shuffled,10,51
speed_1s_stage4_col1_std_over_mean,0.010575517283883966,SI216_shuffled,10,51
speed_1s_stage4_col2_mean,0.02442652746068518,SI216_shuffled,10,51
speed_1s_stage4_col2_std_over_mean,0.04877652021245415,SI216_shuffled,10,51
speed_1s_stage5_rows,0.0010636457444479152,SI216_shuffled,10,51
speed_1s_stage5_col1_mean,0.02866704516836635,SI216_shuffled,10,51
speed_1s_stage5_col1_std_over_mean,0.03175889723199669,SI216_shuffled,10,51
speed_1s_stage5_col2_mean,0.02633525129469343,SI216_shuffled,10,51
speed_1s_stage5_col2_std_over_mean,0.018212108481251866,SI216_shuffled,10,51
speed_10s_avg_rows,0.009317422875232198,SI216_shuffled,10,51
speed_10s_avg_stage2_rows,0.012344090397401293,SI216_shuffled,10,51
speed_10s_avg_stage2_col1_mean,0.007844789302999006,SI216_shuffled,10,51
speed_10s_avg_stage2_col1_std_over_mean,0.018462290685780685,SI216_shuffled,10,51
speed_10s_avg_stage2_col2_mean,0.028130025141585985,SI216_shuffled,10,51
speed_10s_avg_stage2_col2_std_over_mean,0.008373221041683454,SI216_shuffled,10,51
speed_10s_avg_stage3_rows,0.029784383851198516,SI216_shuffled,10,51
speed_10s_avg_stage3_col1_mean,0.007074682157842673,SI216_shuffled,10,51
speed_10s_avg_stage3_col1_std_over_mean,0.01372330099087318,SI216_shuffled,10,51
speed_10s_avg_stage3_col2_mean,0.004638844423316326,SI216_shuffled,10,51
speed_10s_avg_stage3_col2_std_over_mean,0.011866590013114655,SI216_shuffled,10,51
speed_10s_avg_stage4_rows,0.017160665830149788,SI216_shuffled,10,51
speed_10s_avg_stage4_col1_mean,0.016493434315081497,SI216_shuffled,10,51
speed_10s_avg_stage4_col1_std_over_mean,0.011469232981048644,SI216_shuffled,10,51
speed_10s_avg_stage4_col2_mean,0.03397971154662072,SI216_shuffled,10,51
speed_10s_avg_stage4_col2_std_over_mean,0.01761761445293054,SI216_shuffled,10,51
speed_10s_avg_stage5_rows,0.0009484097100196228,SI216_shuffled,10,51
speed_10s_avg_stage5_col1_mean,0.02494046590488428,SI216_shuffled,10,51
speed_10s_avg_stage5_col1_std_over_mean,0.009825508162171965,SI216_shuffled,10,51
speed_10s_avg_stage5_col2_mean,0.02334692070630283,SI216_shuffled,10,51
speed_10s_avg_stage5_col2_std_over_mean,0.02744340473076826,SI216_shuffled,10,51
stage_2_frames,0.01846767560793528,SI216_shuffled,11,52
stage_3_frames,0.01205276583233208,SI216_shuffled,11,52
stage_4_frames,0.025085406791086902,SI216_shuffled,11,52
stage_5_frames,0.012177611366038205,SI216_shuffled,11,52
roam_mean,0.01145821587365212,SI216_shuffled,11,52
roam_std_over_mean,0.017500877990759275,SI216_shuffled,11,52
roam_early_mean,0.011847520734244193,SI216_shuffled,11,52
roam_mid_mean,0.02415547424859897,SI216_shuffled,11,52
roam_late_mean,0.009476668662607055,SI216_shuffled,11,52
roam_slope,0.04527034544260708,SI216_shuffled,11,52
speed_1s_rows,0.012350243805528264,SI216_shuffled,11,52
speed_1s_stage2_rows,0.016595999506490124,SI216_shuffled,11,52
speed_1s_stage2_col1_mean,0.006473807120240751,SI216_shuffled,11,52
speed_1s_stage2_col1_std_over_mean,0.025704480789899047,SI216_shuffled,11,52
speed_1s_stage2_col2_mean,0.040994168869233356,SI216_shuffled,11,52
speed_1s_stage2_col2_std_over_mean,0.014607082638646718,SI216_shuffled,11,52
speed_1s_stage3_rows,0.04103571514173807,SI216_shuffled,11,52
speed_1s_stage3_col1_mean,0.008068127876081724,SI216_shuffled,11,52
speed_1s_stage3_col1_std_over_mean,0.014241423746969746,SI216_shuffled,11,52
speed_1s_stage3_col2_mean,0.011859670467408146,SI216_shuffled,11,52
speed_1s_stage3_col2_std_over_mean,0.048176425785958474,SI216_shuffled,11,52
speed_1s_stage4_rows,0.013016218951415132,SI216_shuffled,11,52
speed_1s_stage4_col1_mean,0.012320179580716508,SI216_shuffled,11,52
speed_1s_stage4_col1_std_over_mean,0.025298990988011198,SI216_shuffled,11,52
speed_1s_stage4_col2_mean,0.032819166432439234,SI216_shuffled,11,52
speed_1s_stage4_col2_std_over_mean,0.02927938521137868,SI216_shuffled,11,52
speed_1s_stage5_rows,0.004333927213701135,SI216_shuffled,11,52
speed_1s_stage5_col1_mean,0.013002326429039883,SI216_shuffled,11,52
speed_1s_stage5_col1_std_over_mean,0.041474860498532426,SI216_shuffled,11,52
speed_1s_stage5_col2_mean,0.011160284732503951,SI216_shuffled,11,52
speed_1s_stage5_col2_std_over_mean,0.012901267836437122,SI216_shuffled,11,52
speed_10s_avg_rows,0.009782595345866731,SI216_shuffled,11,52
speed_10s_avg_stage2_rows,0.011290195532717045,SI216_shuffled,11,52
speed_10s_avg_stage2_col1_mean,0.008600990340907728,SI216_shuffled,11,52
speed_10s_avg_stage2_col1_std_over_mean,0.016799967635314467,SI216_shuffled,11,52
speed_10s_avg_stage2_col2_mean,0.04135034089968194,SI216_shuffled,11,52
speed_10s_avg_stage2_col2_std_over_mean,0.014954595962138436,SI216_shuffled,11,52
speed_10s_avg_stage3_rows,0.032938050813121705,SI216_shuffled,11,52
speed_10s_avg_stage3_col1_mean,0.006479473956261042,SI216_shuffled,11,52
speed_10s_avg_stage3_col1_std_over_mean,0.04128931555669222,SI216_shuffled,11,52
speed_10s_avg_stage3_col2_mean,0.012438907475978494,SI216_shuffled,11,52
speed_10s_avg_stage3_col2_std_over_mean,0.037414016055943036,SI216_shuffled,11,52
speed_10s_avg_stage4_rows,0.014321276717351668,SI216_shuffled,11,52
speed_10s_avg_stage4_col1_mean,0.011427348970351829,SI216_shuffled,11,52
speed_10s_avg_stage4_col1_std_over_mean,0.02139045247415646,SI216_shuffled,11,52
speed_10s_avg_stage4_col2_mean,0.030989776348737584,SI216_shuffled,11,52
speed_10s_avg_stage4_col2_std_over_mean,0.013723375205337354,SI216_shuffled,11,52
speed_10s_avg_stage5_rows,0.005132189832197023,SI216_shuffled,11,52
speed_10s_avg_stage5_col1_mean,0.009728917335575439,SI216_shuffled,11,52
speed_10s_avg_stage5_col1_std_over_mean,0.011123556952611139,SI216_shuffled,11,52
speed_10s_avg_stage5_col2_mean,0.011172785733195145,SI216_shuffled,11,52
speed_10s_avg_stage5_col2_std_over_mean,0.014445554683632622,SI216_shuffled,11,52
stage_2_frames,0.014212472794577442,SI216_shuffled,12,53
stage_3_frames,0.003910353692459708,SI216_shuffled,12,53
stage_4_frames,0.015617368325036584,SI216_shuffled,12,53
stage_5_frames,0.029571519158047663,SI216_shuffled,12,53
roam_mean,0.013215232332736216,SI216_shuffled,12,53
roam_std_over_mean,0.019586714697402245,SI216_shuffled,12,53
roam_early_mean,0.010392583097838571,SI216_shuffled,12,53
roam_mid_mean,0.10086464722263573,SI216_shuffled,12,53
roam_late_mean,0.00803129800022328,SI216_shuffled,12,53
roam_slope,0.017740050860107572,SI216_shuffled,12,53
speed_1s_rows,0.01324465530472559,SI216_shuffled,12,53
speed_1s_stage2_rows,0.005768321263981582,SI216_shuffled,12,53
speed_1s_stage2_col1_mean,0.009721794027041708,SI216_shuffled,12,53
speed_1s_stage2_col1_std_over_mean,0.022994686391822724,SI216_shuffled,12,53
speed_1s_stage2_col2_mean,0.03651062317560819,SI216_shuffled,12,53
speed_1s_stage2_col2_std_over_mean,0.023405431544279473,SI216_shuffled,12,53
speed_1s_stage3_rows,0.027265854462159053,SI216_shuffled,12,53
speed_1s_stage3_col1_mean,0.007337980639901681,SI216_shuffled,12,53
speed_1s_stage3_col1_std_over_mean,0.018136609743376095,SI216_shuffled,12,53
speed_1s_stage3_col2_mean,0.006600337978745907,SI216_shuffled,12,53
speed_1s_stage3_col2_std_over_mean,0.030149253840267464,SI216_shuffled,12,53
speed_1s_stage4_rows,0.022456618331314494,SI216_shuffled,12,53
speed_1s_stage4_col1_mean,0.009307540226253606,SI216_shuffled,12,53
speed_1s_stage4_col1_std_over_mean,0.04841585429608866,SI216_shuffled,12,53
speed_1s_stage4_col2_mean,0.010488493115777986,SI216_shuffled,12,53
speed_1s_stage4_col2_std_over_mean,0.0117768469495345,SI216_shuffled,12,53
speed_1s_stage5_rows,0.0009242316566123394,SI216_shuffled,12,53
speed_1s_stage5_col1_mean,0.007590307263198681,SI216_shuffled,12,53
speed_1s_stage5_col1_std_over_mean,0.028863306366977193,SI216_shuffled,12,53
speed_1s_stage5_col2_mean,0.021326575016182684,SI216_shuffled,12,53
speed_1s_stage5_col2_std_over_mean,0.005372625569882166,SI216_shuffled,12,53
speed_10s_avg_rows,0.006738180559828234,SI216_shuffled,12,53
speed_10s_avg_stage2_rows,0.00543418996344775,SI216_shuffled,12,53
speed_10s_avg_stage2_col1_mean,0.010227632453382778,SI216_shuffled,12,53
speed_10s_avg_stage2_col1_std_over_mean,0.06497928324673495,SI216_shuffled,12,53
speed_10s_avg_stage2_col2_mean,0.03336393768253077,SI216_shuffled,12,53
speed_10s_avg_stage2_col2_std_over_mean,0.022533881043951924,SI216_shuffled,12,53
speed_10s_avg_stage3_rows,0.025668261363147885,SI216_shuffled,12,53
speed_10s_avg_stage3_col1_mean,0.006861973196669049,SI216_shuffled,12,53
speed_10s_avg_stage3_col1_std_over_mean,0.04376467006617342,SI216_shuffled,12,53
speed_10s_avg_stage3_col2_mean,0.006446795800070163,SI216_shuffled,12,53
speed_10s_avg_stage3_col2_std_over_mean,0.02054344933768998,SI216_shuffled,12,53
speed_10s_avg_stage4_rows,0.023448812508050112,SI216_shuffled,12,53
speed_10s_avg_stage4_col1_mean,0.00840758532459201,SI216_shuffled,12,53
speed_10s_avg_stage4_col1_std_over_mean,0.019170098385588405,SI216_shuffled,12,53
speed_10s_avg_stage4_col2_mean,0.010915055358945653,SI216_shuffled,12,53
speed_10s_avg_stage4_col2_std_over_mean,0.019187830726199947,SI216_shuffled,12,53
speed_10s_avg_stage5_rows,0.0010439437103417436,SI216_shuffled,12,53
speed_10s_avg_stage5_col1_mean,0.005795278037465911,SI216_shuffled,12,53
speed_10s_avg_stage5_col1_std_over_mean,0.021333044266919964,SI216_shuffled,12,53
speed_10s_avg_stage5_col2_mean,0.017253694442909688,SI216_shuffled,12,53
speed_10s_avg_stage5_col2_std_over_mean,0.026082215180562838,SI216_shuffled,12,53
stage_2_frames,0.010885718616635325,SI216_shuffled,13,54
stage_3_frames,0.006781636247383299,SI216_shuffled,13,54
stage_4_frames,0.051288599564438216,SI216_shuffled,13,54
stage_5_frames,0.008319275493393372,SI216_shuffled,13,54
roam_mean,0.01453519273204289,SI216_shuffled,13,54
roam_std_over_mean,0.012855908681570537,SI216_shuffled,13,54
roam_early_mean,0.00922061432589896,SI216_shuffled,13,54
roam_mid_mean,0.024400486710776034,SI216_shuffled,13,54
roam_late_mean,0.028600624281430596,SI216_shuffled,13,54
roam_slope,0.030517774435353362,SI216_shuffled,13,54
speed_1s_rows,0.0091149778740027,SI216_shuffled,13,54
speed_1s_stage2_rows,0.0055469078496930115,SI216_shuffled,13,54
speed_1s_stage2_col1_mean,0.01154754565328137,SI216_shuffled,13,54
speed_1s_stage2_col1_std_over_mean,0.015182665739738378,SI216_shuffled,13,54
speed_1s_stage2_col2_mean,0.027711749697461773,SI216_shuffled,13,54
speed_1s_stage2_col2_std_over_mean,0.017404681705159342,SI216_shuffled,13,54
speed_1s_stage3_rows,0.04014854483572213,SI216_shuffled,13,54
speed_1s_stage3_col1_mean,0.01762406409991617,SI216_shuffled,13,54
speed_1s_stage3_col1_std_over_mean,0.02359627957001575,SI216_shuffled,13,54
speed_1s_stage3_col2_mean,0.01140338565579124,SI216_shuffled,13,54
speed_1s_stage3_col2_std_over_mean,0.015165026411660528,SI216_shuffled,13,54
speed_1s_stage4_rows,0.010026992461131035,SI216_shuffled,13,54
speed_1s_stage4_col1_mean,0.00910527605041739,SI216_shuffled,13,54
speed_1s_stage4_col1_std_over_mean,0.01594372539383911,SI216_shuffled,13,54
speed_1s_stage4_col2_mean,0.009453637048668927,SI216_shuffled,13,54
speed_1s_stage4_col2_std_over_mean,0.07275910278847417,SI216_shuffled,13,54
speed_1s_stage5_rows,0.0007978808589059459,SI216_shuffled,13,54
speed_1s_stage5_col1_mean,0.014941610462721733,SI216_shuffled,13,54
speed_1s_stage5_col1_std_over_mean,0.018542195852596026,SI216_shuffled,13,54
speed_1s_stage5_col2_mean,0.032073611063063404,SI216_shuffled,13,54
speed_1s_stage5_col2_std_over_mean,0.03223388589833127,SI216_shuffled,13,54
speed_10s_avg_rows,0.016624080649721484,SI216_shuffled,13,54
speed_10s_avg_stage2_rows,0.005442751544322839,SI216_shuffled,13,54
speed_10s_avg_stage2_col1_mean,0.01225043172197121,SI216_shuffled,13,54
speed_10s_avg_stage2_col1_std_over_mean,0.038722298880502916,SI216_shuffled,13,54
speed_10s_avg_stage2_col2_mean,0.030123898669614072,SI216_shuffled,13,54
speed_10s_avg_stage2_col2_std_over_mean,0.034574063175750264,SI216_shuffled,13,54
speed_10s_avg_stage3_rows,0.05984141478380602,SI216_shuffled,13,54
speed_10s_avg_stage3_col1_mean,0.015949074615432362,SI216_shuffled,13,54
speed_10s_avg_stage3_col1_std_over_mean,0.015793839664887253,SI216_shuffled,13,54
speed_10s_avg_stage3_col2_mean,0.012122494203753782,SI216_shuffled,13,54
speed_10s_avg_stage3_col2_std_over_mean,0.01809918387921226,SI216_shuffled,13,54
speed_10s_avg_stage4_rows,0.007278428858009155,SI216_shuffled,13,54
speed_10s_avg_stage4_col1_mean,0.011826476867064445,SI216_shuffled,13,54
speed_10s_avg_stage4_col1_std_over_mean,0.008830005672548262,SI216_shuffled,13,54
speed_10s_avg_stage4_col2_mean,0.016031462091726255,SI216_shuffled,13,54
speed_10s_avg_stage4_col2_std_over_mean,0.014663439407287933,SI216_shuffled,13,54
speed_10s_avg_stage5_rows,0.0007187840897114219,SI216_shuffled,13,54
speed_10s_avg_stage5_col1_mean,0.011564187881973942,SI216_shuffled,13,54
speed_10s_avg_stage5_col1_std_over_mean,0.014547475773490996,SI216_shuffled,13,54
speed_10s_avg_stage5_col2_mean,0.02330869747225507,SI216_shuffled,13,54
speed_10s_avg_stage5_col2_std_over_mean,0.02395793203744417,SI216_shuffled,13,54
stage_2_frames,0.00729086763317134,SI216_shuffled,14,55
stage_3_frames,0.00426708920024599,SI216_shuffled,14,55
stage_4_frames,0.032908281748569794,SI216_shuffled,14,55
stage_5_frames,0.016879166098323028,SI216_shuffled,14,55
roam_mean,0.005248953364380733,SI216_shuffled,14,55
roam_std_over_mean,0.012657407376008472,SI216_shuffled,14,55
roam_early_mean,0.023158086976293575,SI216_shuffled,14,55
roam_mid_mean,0.09937197872567867,SI216_shuffled,14,55
roam_late_mean,0.007536207943897988,SI216_shuffled,14,55
roam_slope,0.04537261251401475,SI216_shuffled,14,55
speed_1s_rows,0.004672234246180987,SI216_shuffled,14,55
speed_1s_stage2_rows,0.006872702469768684,SI216_shuffled,14,55
speed_1s_stage2_col1_mean,0.00851334242086906,SI216_shuffled,14,55
speed_1s_stage2_col1_std_over_mean,0.01694352903823134,SI216_shuffled,14,55
speed_1s_stage2_col2_mean,0.029009200081549544,SI216_shuffled,14,55
speed_1s_stage2_col2_std_over_mean,0.02255711717037428,SI216_shuffled,14,55
speed_1s_stage3_rows,0.025706556751043125,SI216_shuffled,14,55
speed_1s_stage3_col1_mean,0.009912867686109054,SI216_shuffled,14,55
speed_1s_stage3_col1_std_over_mean,0.015821261439130326,SI216_shuffled,14,55
speed_1s_stage3_col2_mean,0.00787131047679631,SI216_shuffled,14,55
speed_1s_stage3_col2_std_over_mean,0.03828175561198034,SI216_shuffled,14,55
speed_1s_stage4_rows,0.017800327882777533,SI216_shuffled,14,55
speed_1s_stage4_col1_mean,0.019863478782273906,SI216_shuffled,14,55
speed_1s_stage4_col1_std_over_mean,0.01661816909824792,SI216_shuffled,14,55
speed_1s_stage4_col2_mean,0.01614010166559446,SI216_shuffled,14,55
speed_1s_stage4_col2_std_over_mean,0.03696890992703853,SI216_shuffled,14,55
speed_1s_stage5_rows,0.0019262806452338594,SI216_shuffled,14,55
speed_1s_stage5_col1_mean,0.008184762382299385,SI216_shuffled,14,55
speed_1s_stage5_col1_std_over_mean,0.016431047438982663,SI216_shuffled,14,55
speed_1s_stage5_col2_mean,0.006619661931592772,SI216_shuffled,14,55
speed_1s_stage5_col2_std_over_mean,0.005286048633728811,SI216_shuffled,14,55
speed_10s_avg_rows,0.01257029273432996,SI216_shuffled,14,55
speed_10s_avg_stage2_rows,0.005714306398122515,SI216_shuffled,14,55
speed_10s_avg_stage2_col1_mean,0.008436607165737145,SI216_shuffled,14,55
speed_10s_avg_stage2_col1_std_over_mean,0.015501950408636861,SI216_shuffled,14,55
speed_10s_avg_stage2_col2_mean,0.0502567647555394,SI216_shuffled,14,55
speed_10s_avg_stage2_col2_std_over_mean,0.015357763179894216,SI216_shuffled,14,55
speed_10s_avg_stage3_rows,0.024942276154159487,SI216_shuffled,14,55
speed_10s_avg_stage3_col1_mean,0.007390630305124234,SI216_shuffled,14,55
speed_10s_avg_stage3_col1_std_over_mean,0.0911446586756708,SI216_shuffled,14,55
speed_10s_avg_stage3_col2_mean,0.00813473060397859,SI216_shuffled,14,55
speed_10s_avg_stage3_col2_std_over_mean,0.04760938820515631,SI216_shuffled,14,55
speed_10s_avg_stage4_rows,0.017645495202562728,SI216_shuffled,14,55
speed_10s_avg_stage4_col1_mean,0.0226412019731222,SI216_shuffled,14,55
speed_10s_avg_stage4_col1_std_over_mean,0.0031693187253880404,SI216_shuffled,14,55
speed_10s_avg_stage4_col2_mean,0.018974417020186436,SI216_shuffled,14,55
speed_10s_avg_stage4_col2_std_over_mean,0.017196861909201826,SI216_shuffled,14,55
speed_10s_avg_stage5_rows,0.002463531868852464,SI216_shuffled,14,55
speed_10s_avg_stage5_col1_mean,0.0076898044610503495,SI216_shuffled,14,55
speed_10s_avg_stage5_col1_std_over_mean,0.023687217827320844,SI216_shuffled,14,55
speed_10s_avg_stage5_col2_mean,0.004680802434784034,SI216_shuffled,14,55
speed_10s_avg_stage5_col2_std_over_mean,0.008100662630794186,SI216_shuffled,14,55
stage_2_frames,0.0351437040118656,SI216_shuffled,15,56
stage_3_frames,0.012659915234736361,SI216_shuffled,15,56
stage_4_frames,0.03580437998045536,SI216_shuffled,15,56
stage_5_frames,0.02159405474525199,SI216_shuffled,15,56
roam_mean,0.01406517723951436,SI216_shuffled,15,56
roam_std_over_mean,0.02074235195742097,SI216_shuffled,15,56
roam_early_mean,0.014554917414152003,SI216_shuffled,15,56
roam_mid_mean,0.03876534366218007,SI216_shuffled,15,56
roam_late_mean,0.018139536580215627,SI216_shuffled,15,56
roam_slope,0.02270338431374002,SI216_shuffled,15,56
speed_1s_rows,0.01931155481944853,SI216_shuffled,15,56
speed_1s_stage2_rows,0.01600243126818345,SI216_shuffled,15,56
speed_1s_stage2_col1_mean,0.011642810264762498,SI216_shuffled,15,56
speed_1s_stage2_col1_std_over_mean,0.020338458804864394,SI216_shuffled,15,56
speed_1s_stage2_col2_mean,0.013820246650148658,SI216_shuffled,15,56
speed_1s_stage2_col2_std_over_mean,0.008621383142484552,SI216_shuffled,15,56
speed_1s_stage3_rows,0.04701833720022433,SI216_shuffled,15,56
speed_1s_stage3_col1_mean,0.01589478092171015,SI216_shuffled,15,56
speed_1s_stage3_col1_std_over_mean,0.02049425918600756,SI216_shuffled,15,56
speed_1s_stage3_col2_mean,0.008081399172811955,SI216_shuffled,15,56
speed_1s_stage3_col2_std_over_mean,0.013381478507940131,SI216_shuffled,15,56
speed_1s_stage4_rows,0.013382880513403483,SI216_shuffled,15,56
speed_1s_stage4_col1_mean,0.014848295582668808,SI216_shuffled,15,56
speed_1s_stage4_col1_std_over_mean,0.014594522823972602,SI216_shuffled,15,56
speed_1s_stage4_col2_mean,0.019033644129065736,SI216_shuffled,15,56
speed_1s_stage4_col2_std_over_mean,0.030466661626857516,SI216_shuffled,15,56
speed_1s_stage5_rows,0.00014326370154118482,SI216_shuffled,15,56
speed_1s_stage5_col1_mean,0.015499208406795357,SI216_shuffled,15,56
speed_1s_stage5_col1_std_over_mean,0.027517932450817028,SI216_shuffled,15,56
speed_1s_stage5_col2_mean,0.01725913127219642,SI216_shuffled,15,56
speed_1s_stage5_col2_std_over_mean,0.030827401785894805,SI216_shuffled,15,56
speed_10s_avg_rows,0.008997575710649266,SI216_shuffled,15,56
speed_10s_avg_stage2_rows,0.0080619899955531,SI216_shuffled,15,56
speed_10s_avg_stage2_col1_mean,0.010675553054743308,SI216_shuffled,15,56
speed_10s_avg_stage2_col1_std_over_mean,0.0750696027768177,SI216_shuffled,15,56
speed_10s_avg_stage2_col2_mean,0.015240741218304411,SI216_shuffled,15,56
speed_10s_avg_stage2_col2_std_over_mean,0.007873292726357494,SI216_shuffled,15,56
speed_10s_avg_stage3_rows,0.022044763446804873,SI216_shuffled,15,56
speed_10s_avg_stage3_col1_mean,0.018465682139650903,SI216_shuffled,15,56
speed_10s_avg_stage3_col1_std_over_mean,0.014296415702547268,SI216_shuffled,15,56
speed_10s_avg_stage3_col2_mean,0.010039900999085596,SI216_shuffled,15,56
speed_10s_avg_stage3_col2_std_over_mean,0.04581897334343736,SI216_shuffled,15,56
speed_10s_avg_stage4_rows,0.0172380956800282,SI216_shuffled,15,56
speed_10s_avg_stage4_col1_mean,0.016423403308169677,SI216_shuffled,15,56
speed_10s_avg_stage4_col1_std_over_mean,0.014332311867834764,SI216_shuffled,15,56
speed_10s_avg_stage4_col2_mean,0.014267887129542191,SI216_shuffled,15,56
speed_10s_avg_stage4_col2_std_over_mean,0.021938658309157824,SI216_shuffled,15,56
speed_10s_avg_stage5_rows,0.0014258451760278115,SI216_shuffled,15,56
speed_10s_avg_stage5_col1_mean,0.012343478807316621,SI216_shuffled,15,56
speed_10s_avg_stage5_col1_std_over_mean,0.012883787856295566,SI216_shuffled,15,56
speed_10s_avg_stage5_col2_mean,0.00699941162200696,SI216_shuffled,15,56
speed_10s_avg_stage5_col2_std_over_mean,0.0332097817583376,SI216_shuffled,15,56
stage_2_frames,0.0505192025247882,SI216_shuffled,16,57
stage_3_frames,0.005257899181134682,SI216_shuffled,16,57
stage_4_frames,0.024457042705211457,SI216_shuffled,16,57
stage_5_frames,0.011125521861140951,SI216_shuffled,16,57
roam_mean,0.017094929794742662,SI216_shuffled,16,57
roam_std_over_mean,0.024992100992797618,SI216_shuffled,16,57
roam_early_mean,0.01480795112649797,SI216_shuffled,16,57
roam_mid_mean,0.024077904094495613,SI216_shuffled,16,57
roam_late_mean,0.011414568986188983,SI216_shuffled,16,57
roam_slope,0.016291882845923023,SI216_shuffled,16,57
speed_1s_rows,0.006144316027218968,SI216_shuffled,16,57
speed_1s_stage2_rows,0.00679161832173475,SI216_shuffled,16,57
speed_1s_stage2_col1_mean,0.0116778451634252,SI216_shuffled,16,57
speed_1s_stage2_col1_std_over_mean,0.022654970743656182,SI216_shuffled,16,57
speed_1s_stage2_col2_mean,0.01339464446348415,SI216_shuffled,16,57
speed_1s_stage2_col2_std_over_mean,0.01429423185304103,SI216_shuffled,16,57
speed_1s_stage3_rows,0.026221125328894007,SI216_shuffled,16,57
speed_1s_stage3_col1_mean,0.00993320226095098,SI216_shuffled,16,57
speed_1s_stage3_col1_std_over_mean,0.011185633713767146,SI216_shuffled,16,57
speed_1s_stage3_col2_mean,0.009542209805064783,SI216_shuffled,16,57
speed_1s_stage3_col2_std_over_mean,0.021539022326271223,SI216_shuffled,16,57
speed_1s_stage4_rows,0.015556345265863136,SI216_shuffled,16,57
speed_1s_stage4_col1_mean,0.03677500334554645,SI216_shuffled,16,57
speed_1s_stage4_col1_std_over_mean,0.021828206009290085,SI216_shuffled,16,57
speed_1s_stage4_col2_mean,0.021732001428165663,SI216_shuffled,16,57
speed_1s_stage4_col2_std_over_mean,0.05397352234588917,SI216_shuffled,16,57
speed_1s_stage5_rows,0.0008884148845119594,SI216_shuffled,16,57
speed_1s_stage5_col1_mean,0.037788093347395024,SI216_shuffled,16,57
speed_1s_stage5_col1_std_over_mean,0.03846273720422861,SI216_shuffled,16,57
speed_1s_stage5_col2_mean,0.00616817521756459,SI216_shuffled,16,57
speed_1s_stage5_col2_std_over_mean,0.024433620020622073,SI216_shuffled,16,57
speed_10s_avg_rows,0.007943239077900538,SI216_shuffled,16,57
speed_10s_avg_stage2_rows,0.011313517415870451,SI216_shuffled,16,57
speed_10s_avg_stage2_col1_mean,0.010856267624967922,SI216_shuffled,16,57
speed_10s_avg_stage2_col1_std_over_mean,0.026174971586808725,SI216_shuffled,16,57
speed_10s_avg_stage2_col2_mean,0.019047321079254196,SI216_shuffled,16,57
speed_10s_avg_stage2_col2_std_over_mean,0.013527725733473585,SI216_shuffled,16,57
speed_10s_avg_stage3_rows,0.02425541388152102,SI216_shuffled,16,57
speed_10s_avg_stage3_col1_mean,0.009146544216378389,SI216_shuffled,16,57
speed_10s_avg_stage3_col1_std_over_mean,0.026193550278269143,SI216_shuffled,16,57
speed_10s_avg_stage3_col2_mean,0.016685417378261833,SI216_shuffled,16,57
speed_10s_avg_stage3_col2_std_over_mean,0.0199657641417733,SI216_shuffled,16,57
speed_10s_avg_stage4_rows,0.010466025466216347,SI216_shuffled,16,57
speed_10s_avg_stage4_col1_mean,0.038263564953744944,SI216_shuffled,16,57
speed_10s_avg_stage4_col1_std_over_mean,0.009843374712037802,SI216_shuffled,16,57
speed_10s_avg_stage4_col2_mean,0.028307760597644272,SI216_shuffled,16,57
speed_10s_avg_stage4_col2_std_over_mean,0.016556855777947282,SI216_shuffled,16,57
speed_10s_avg_stage5_rows,0.0009458683159503271,SI216_shuffled,16,57
speed_10s_avg_stage5_col1_mean,0.042442792612711916,SI216_shuffled,16,57
speed_10s_avg_stage5_col1_std_over_mean,0.02479899540991898,SI216_shuffled,16,57
speed_10s_avg_stage5_col2_mean,0.007337139533154737,SI216_shuffled,16,57
speed_10s_avg_stage5_col2_std_over_mean,0.024903947016688105,SI216_shuffled,16,57
stage_2_frames,0.027271510806407894,SI216_shuffled,17,58
stage_3_frames,0.007666812524498142,SI216_shuffled,17,58
stage_4_frames,0.034293066130657655,SI216_shuffled,17,58
stage_5_frames,0.01393716049788316,SI216_shuffled,17,58
roam_mean,0.013555674953134108,SI216_shuffled,17,58
roam_std_over_mean,0.021038480513364145,SI216_shuffled,17,58
roam_early_mean,0.008509650100484469,SI216_shuffled,17,58
roam_mid_mean,0.0763483623427151,SI216_shuffled,17,58
roam_late_mean,0.007199231078036858,SI216_shuffled,17,58
roam_slope,0.022123669617201528,SI216_shuffled,17,58
speed_1s_rows,0.011025510224082356,SI216_shuffled,17,58
speed_1s_stage2_rows,0.008635989733237395,SI216_shuffled,17,58
speed_1s_stage2_col1_mean,0.00973769816039281,SI216_shuffled,17,58
speed_1s_stage2_col1_std_over_mean,0.010581161841638586,SI216_shuffled,17,58
speed_1s_stage2_col2_mean,0.020149162334525208,SI216_shuffled,17,58
speed_1s_stage2_col2_std_over_mean,0.018061903884426817,SI216_shuffled,17,58
speed_1s_stage3_rows,0.046915659233352704,SI216_shuffled,17,58
speed_1s_stage3_col1_mean,0.004693345610884591,SI216_shuffled,17,58
speed_1s_stage3_col1_std_over_mean,0.009342313869520355,SI216_shuffled,17,58
speed_1s_stage3_col2_mean,0.010264913683572638,SI216_shuffled,17,58
speed_1s_stage3_col2_std_over_mean,0.026730899163892586,SI216_shuffled,17,58
speed_1s_stage4_rows,0.013745779559397178,SI216_shuffled,17,58
speed_1s_stage4_col1_mean,0.015270879340388467,SI216_shuffled,17,58
speed_1s_stage4_col1_std_over_mean,0.00901691314472424,SI216_shuffled,17,58
speed_1s_stage4_col2_mean,0.03984744913896268,SI216_shuffled,17,58
speed_1s_stage4_col2_std_over_mean,0.029398406334782384,SI216_shuffled,17,58
speed_1s_stage5_rows,0.004062596292861091,SI216_shuffled,17,58
speed_1s_stage5_col1_mean,0.017184192589178533,SI216_shuffled,17,58
speed_1s_stage5_col1_std_over_mean,0.01851847961604191,SI216_shuffled,17,58
speed_1s_stage5_col2_mean,0.014641561272984906,SI216_shuffled,17,58
speed_1s_stage5_col2_std_over_mean,0.011076862556622692,SI216_shuffled,17,58
speed_10s_avg_rows,0.010898803177103709,SI216_shuffled,17,58
speed_10s_avg_stage2_rows,0.007007694784092378,SI216_shuffled,17,58
speed_10s_avg_stage2_col1_mean,0.009572500036052556,SI216_shuffled,17,58
speed_10s_avg_stage2_col1_std_over_mean,0.015240205912254586,SI216_shuffled,17,58
speed_10s_avg_stage2_col2_mean,0.019088124900888927,SI216_shuffled,17,58
speed_10s_avg_stage2_col2_std_over_mean,0.019608498753397485,SI216_shuffled,17,58
speed_10s_avg_stage3_rows,0.05353711203688011,SI216_shuffled,17,58
speed_10s_avg_stage3_col1_mean,0.007183998099633251,SI216_shuffled,17,58
speed_10s_avg_stage3_col1_std_over_mean,0.040970643971843294,SI216_shuffled,17,58
speed_10s_avg_stage3_col2_mean,0.007522790046444885,SI216_shuffled,17,58
speed_10s_avg_stage3_col2_std_over_mean,0.01963334309023195,SI216_shuffled,17,58
speed_10s_avg_stage4_rows,0.01735417806114459,SI216_shuffled,17,58
speed_10s_avg_stage4_col1_mean,0.014648758352244636,SI216_shuffled,17,58
speed_10s_avg_stage4_col1_std_over_mean,0.047746634890405766,SI216_shuffled,17,58
speed_10s_avg_stage4_col2_mean,0.033752052436048556,SI216_shuffled,17,58
speed_10s_avg_stage4_col2_std_over_mean,0.029511410418654745,SI216_shuffled,17,58
speed_10s_avg_stage5_rows,0.0007398345318983985,SI216_shuffled,17,58
speed_10s_avg_stage5_col1_mean,0.022819476945452312,SI216_shuffled,17,58
speed_10s_avg_stage5_col1_std_over_mean,0.012690238216698966,SI216_shuffled,17,58
speed_10s_avg_stage5_col2_mean,0.014589303407483005,SI216_shuffled,17,58
speed_10s_avg_stage5_col2_std_over_mean,0.015039101781292736,SI216_shuffled,17,58
stage_2_frames,0.013613677229409022,SI216_shuffled,18,59
stage_3_frames,0.010002561607707778,SI216_shuffled,18,59
stage_4_frames,0.017013395046400967,SI216_shuffled,18,59
stage_5_frames,0.014886205242588579,SI216_shuffled,18,59
roam_mean,0.008455274906850701,SI216_shuffled,18,59
roam_std_over_mean,0.019676814396188236,SI216_shuffled,18,59
roam_early_mean,0.019605173349727428,SI216_shuffled,18,59
roam_mid_mean,0.09926822189717384,SI216_shuffled,18,59
roam_late_mean,0.009734730175007117,SI216_shuffled,18,59
roam_slope,0.02885528092184792,SI216_shuffled,18,59
speed_1s_rows,0.018979332416747655,SI216_shuffled,18,59
speed_1s_stage2_rows,0.007381052686842964,SI216_shuffled,18,59
speed_1s_stage2_col1_mean,0.013196869418805312,SI216_shuffled,18,59
speed_1s_stage2_col1_std_over_mean,0.01127685443056894,SI216_shuffled,18,59
speed_1s_stage2_col2_mean,0.04297593352800371,SI216_shuffled,18,59
speed_1s_stage2_col2_std_over_mean,0.023540761193127573,SI216_shuffled,18,59
speed_1s_stage3_rows,0.009114286906658435,SI216_shuffled,18,59
speed_1s_stage3_col1_mean,0.01737482318540825,SI216_shuffled,18,59
speed_1s_stage3_col1_std_over_mean,0.018373401851328647,SI216_shuffled,18,59
speed_1s_stage3_col2_mean,0.005135062636065794,SI216_shuffled,18,59
speed_1s_stage3_col2_std_over_mean,0.03540831896440696,SI216_shuffled,18,59
speed_1s_stage4_rows,0.014251162596786635,SI216_shuffled,18,59
speed_1s_stage4_col1_mean,0.01187653104066735,SI216_shuffled,18,59
speed_1s_stage4_col1_std_over_mean,0.02943241702387264,SI216_shuffled,18,59
speed_1s_stage4_col2_mean,0.018461289440892877,SI216_shuffled,18,59
speed_1s_stage4_col2_std_over_mean,0.02446406007728636,SI216_shuffled,18,59
speed_1s_stage5_rows,0.00011012450308822347,SI216_shuffled,18,59
speed_1s_stage5_col1_mean,0.010497077369916273,SI216_shuffled,18,59
speed_1s_stage5_col1_std_over_mean,0.0187961846153693,SI216_shuffled,18,59
speed_1s_stage5_col2_mean,0.0118455907143803,SI216_shuffled,18,59
speed_1s_stage5_col2_std_over_mean,0.00835574638946255,SI216_shuffled,18,59
speed_10s_avg_rows,0.01213320849485601,SI216_shuffled,18,59
speed_10s_avg_stage2_rows,0.005884762203821928,SI216_shuffled,18,59
speed_10s_avg_stage2_col1_mean,0.014193952671115033,SI216_shuffled,18,59
speed_10s_avg_stage2_col1_std_over_mean,0.03241161168701353,SI216_shuffled,18,59
speed_10s_avg_stage2_col2_mean,0.04198184321273732,SI216_shuffled,18,59
speed_10s_avg_stage2_col2_std_over_mean,0.027429112778933153,SI216_shuffled,18,59
speed_10s_avg_stage3_rows,0.01582148385548928,SI216_shuffled,18,59
speed_10s_avg_stage3_col1_mean,0.017195842779540976,SI216_shuffled,18,59
speed_10s_avg_stage3_col1_std_over_mean,0.03790597442692033,SI216_shuffled,18,59
speed_10s_avg_stage3_col2_mean,0.008520481954251903,SI216_shuffled,18,59
speed_10s_avg_stage3_col2_std_over_mean,0.03045484054429206,SI216_shuffled,18,59
speed_10s_avg_stage4_rows,0.011360419290781994,SI216_shuffled,18,59
speed_10s_avg_stage4_col1_mean,0.011604773442440174,SI216_shuffled,18,59
speed_10s_avg_stage4_col1_std_over_mean,0.02224158454254838,SI216_shuffled,18,59
speed_10s_avg_stage4_col2_mean,0.013645092135725756,SI216_shuffled,18,59
speed_10s_avg_stage4_col2_std_over_mean,0.02242249607373833,SI216_shuffled,18,59
speed_10s_avg_stage5_rows,0.0006760589030812838,SI216_shuffled,18,59
speed_10s_avg_stage5_col1_mean,0.015133958281961696,SI216_shuffled,18,59
speed_10s_avg_stage5_col1_std_over_mean,0.031576837408354375,SI216_shuffled,18,59
speed_10s_avg_stage5_col2_mean,0.010714003954435815,SI216_shuffled,18,59
speed_10s_avg_stage5_col2_std_over_mean,0.024733445595372175,SI216_shuffled,18,59
stage_2_frames,0.030343631899949198,SI216_shuffled,19,60
stage_3_frames,0.008200683811679328,SI216_shuffled,19,60
stage_4_frames,0.022323002985243787,SI216_shuffled,19,60
stage_5_frames,0.010325970485186551,SI216_shuffled,19,60
roam_mean,0.019801214367752295,SI216_shuffled,19,60
roam_std_over_mean,0.026924521295203976,SI216_shuffled,19,60
roam_early_mean,0.005840511717350989,SI216_shuffled,19,60
roam_mid_mean,0.018179926600586385,SI216_shuffled,19,60
roam_late_mean,0.02912670934084787,SI216_shuffled,19,60
roam_slope,0.0412683806482346,SI216_shuffled,19,60
speed_1s_rows,0.006820516029120865,SI216_shuffled,19,60
speed_1s_stage2_rows,0.008455995833876625,SI216_shuffled,19,60
speed_1s_stage2_col1_mean,0.01249252506919659,SI216_shuffled,19,60
speed_1s_stage2_col1_std_over_mean,0.014450667684315856,SI216_shuffled,19,60
speed_1s_stage2_col2_mean,0.02942650659071821,SI216_shuffled,19,60
speed_1s_stage2_col2_std_over_mean,0.021389912395258934,SI216_shuffled,19,60
speed_1s_stage3_rows,0.02876533995205649,SI216_shuffled,19,60
speed_1s_stage3_col1_mean,0.007460046005124392,SI216_shuffled,19,60
speed_1s_stage3_col1_std_over_mean,0.03549740123213191,SI216_shuffled,19,60
speed_1s_stage3_col2_mean,0.04053614136559779,SI216_shuffled,19,60
speed_1s_stage3_col2_std_over_mean,0.01143240043566572,SI216_shuffled,19,60
speed_1s_stage4_rows,0.009107288591584795,SI216_shuffled,19,60
speed_1s_stage4_col1_mean,0.010146748081457041,SI216_shuffled,19,60
speed_1s_stage4_col1_std_over_mean,0.01841532127268876,SI216_shuffled,19,60
speed_1s_stage4_col2_mean,0.024221772710418615,SI216_shuffled,19,60
speed_1s_stage4_col2_std_over_mean,0.03127526518324267,SI216_shuffled,19,60
speed_1s_stage5_rows,0.003949035658272771,SI216_shuffled,19,60
speed_1s_stage5_col1_mean,0.007953659804607114,SI216_shuffled,19,60
speed_1s_stage5_col1_std_over_mean,0.023523473505736393,SI216_shuffled,19,60
speed_1s_stage5_col2_mean,0.019631644167549936,SI216_shuffled,19,60
speed_1s_stage5_col2_std_over_mean,0.019713127809052083,SI216_shuffled,19,60
speed_10s_avg_rows,0.006455392096078506,SI216_shuffled,19,60
speed_10s_avg_stage2_rows,0.0024840903786687227,SI216_shuffled,19,60
speed_10s_avg_stage2_col1_mean,0.01722250684570929,SI216_shuffled,19,60
speed_10s_avg_stage2_col1_std_over_mean,0.03471343755140967,SI216_shuffled,19,60
speed_10s_avg_stage2_col2_mean,0.024151763461248334,SI216_shuffled,19,60
speed_10s_avg_stage2_col2_std_over_mean,0.017638620385430962,SI216_shuffled,19,60
speed_10s_avg_stage3_rows,0.0195098786758986,SI216_shuffled,19,60
speed_10s_avg_stage3_col1_mean,0.016482039643206003,SI216_shuffled,19,60
speed_10s_avg_stage3_col1_std_over_mean,0.02499974137606372,SI216_shuffled,19,60
speed_10s_avg_stage3_col2_mean,0.0389409857344563,SI216_shuffled,19,60
speed_10s_avg_stage3_col2_std_over_mean,0.040835044830692134,SI216_shuffled,19,60
speed_10s_avg_stage4_rows,0.01728840040113171,SI216_shuffled,19,60
speed_10s_avg_stage4_col1_mean,0.010156404616857975,SI216_shuffled,19,60
speed_10s_avg_stage4_col1_std_over_mean,0.022414798701902522,SI216_shuffled,19,60
speed_10s_avg_stage4_col2_mean,0.016894454619235885,SI216_shuffled,19,60
speed_10s_avg_stage4_col2_std_over_mean,0.0271547581505785,SI216_shuffled,19,60
speed_10s_avg_stage5_rows,0.005660948758437832,SI216_shuffled,19,60
speed_10s_avg_stage5_col1_mean,0.0072227346948178445,SI216_shuffled,19,60
speed_10s_avg_stage5_col1_std_over_mean,0.009445467811191283,SI216_shuffled,19,60
speed_10s_avg_stage5_col2_mean,0.017006014697525815,SI216_shuffled,19,60
speed_10s_avg_stage5_col2_std_over_mean,0.026323174039749982,SI216_shuffled,19,60
stage_2_frames,0.012410491349393848,SI216_shuffled,20,61
stage_3_frames,0.012463602162780724,SI216_shuffled,20,61
stage_4_frames,0.00942356005203219,SI216_shuffled,20,61
stage_5_frames,0.0062776604011056504,SI216_shuffled,20,61
roam_mean,0.021693053095271482,SI216_shuffled,20,61
roam_std_over_mean,0.027411971164797978,SI216_shuffled,20,61
roam_early_mean,0.009120471952778656,SI216_shuffled,20,61
roam_mid_mean,0.22759609226188804,SI216_shuffled,20,61
roam_late_mean,0.006005842213628027,SI216_shuffled,20,61
roam_slope,0.01751685740597712,SI216_shuffled,20,61
speed_1s_rows,0.004120694265774251,SI216_shuffled,20,61
speed_1s_stage2_rows,0.014770425326494889,SI216_shuffled,20,61
speed_1s_stage2_col1_mean,0.015114570599264314,SI216_shuffled,20,61
speed_1s_stage2_col1_std_over_mean,0.012074372126588248,SI216_shuffled,20,61
speed_1s_stage2_col2_mean,0.010725254989320929,SI216_shuffled,20,61
speed_1s_stage2_col2_std_over_mean,0.00831297108858149,SI216_shuffled,20,61
speed_1s_stage3_rows,0.01068899943251865,SI216_shuffled,20,61
speed_1s_stage3_col1_mean,0.013217553888815833,SI216_shuffled,20,61
speed_1s_stage3_col1_std_over_mean,0.017037910870752165,SI216_shuffled,20,61
speed_1s_stage3_col2_mean,0.009506600339025725,SI216_shuffled,20,61
speed_1s_stage3_col2_std_over_mean,0.02211540328280405,SI216_shuffled,20,61
speed_1s_stage4_rows,0.009532366360306663,SI216_shuffled,20,61
speed_1s_stage4_col1_mean,0.0174613012278807,SI216_shuffled,20,61
speed_1s_stage4_col1_std_over_mean,0.011917248170882473,SI216_shuffled,20,61
speed_1s_stage4_col2_mean,0.015937457935190108,SI216_shuffled,20,61
speed_1s_stage4_col2_std_over_mean,0.017377099162732713,SI216_shuffled,20,61
speed_1s_stage5_rows,0.0017124230211796893,SI216_shuffled,20,61
speed_1s_stage5_col1_mean,0.05759730000714552,SI216_shuffled,20,61
speed_1s_stage5_col1_std_over_mean,0.022719887449763734,SI216_shuffled,20,61
speed_1s_stage5_col2_mean,0.0058796507269631955,SI216_shuffled,20,61
speed_1s_stage5_col2_std_over_mean,0.015436493283720728,SI216_shuffled,20,61
speed_10s_avg_rows,0.009287235563888056,SI216_shuffled,20,61
speed_10s_avg_stage2_rows,0.009952709226032336,SI216_shuffled,20,61
speed_10s_avg_stage2_col1_mean,0.012758584097983817,SI216_shuffled,20,61
speed_10s_avg_stage2_col1_std_over_mean,0.018248816423080176,SI216_shuffled,20,61
speed_10s_avg_stage2_col2_mean,0.01009646975775504,SI216_shuffled,20,61
speed_10s_avg_stage2_col2_std_over_mean,0.021363300619932062,SI216_shuffled,20,61
speed_10s_avg_stage3_rows,0.012719291422639974,SI216_shuffled,20,61
speed_10s_avg_stage3_col1_mean,0.014448242651728024,SI216_shuffled,20,61
speed_10s_avg_stage3_col1_std_over_mean,0.010806289475570927,SI216_shuffled,20,61
speed_10s_avg_stage3_col2_mean,0.017608889835712082,SI216_shuffled,20,61
speed_10s_avg_stage3_col2_std_over_mean,0.016865877576107247,SI216_shuffled,20,61
speed_10s_avg_stage4_rows,0.007078914727297444,SI216_shuffled,20,61
speed_10s_avg_stage4_col1_mean,0.0147832216568201,SI216_shuffled,20,61
speed_10s_avg_stage4_col1_std_over_mean,0.021001739986765636,SI216_shuffled,20,61
speed_10s_avg_stage4_col2_mean,0.020386041265155155,SI216_shuffled,20,61
speed_10s_avg_stage4_col2_std_over_mean,0.02414765529634709,SI216_shuffled,20,61
speed_10s_avg_stage5_rows,7.664949717930068e-06,SI216_shuffled,20,61
speed_10s_avg_stage5_col1_mean,0.055659845216010306,SI216_shuffled,20,61
speed_10s_avg_stage5_col1_std_over_mean,0.010482164601472778,SI216_shuffled,20,61
speed_10s_avg_stage5_col2_mean,0.009092903731170358,SI216_shuffled,20,61
speed_10s_avg_stage5_col2_std_over_mean,0.02002855630345367,SI216_shuffled,20,61
stage_2_frames,0.017397198678907582,SI216_shuffled,21,62
stage_3_frames,0.008859343022223142,SI216_shuffled,21,62
stage_4_frames,0.020596913643987337,SI216_shuffled,21,62
stage_5_frames,0.013735250997407179,SI216_shuffled,21,62
roam_mean,0.02870567064228089,SI216_shuffled,21,62
roam_std_over_mean,0.016670375295979013,SI216_shuffled,21,62
roam_early_mean,0.013329131904597136,SI216_shuffled,21,62
roam_mid_mean,0.10649690529144153,SI216_shuffled,21,62
roam_late_mean,0.02863796935196037,SI216_shuffled,21,62
roam_slope,0.04322363288579764,SI216_shuffled,21,62
speed_1s_rows,0.013375682911760415,SI216_shuffled,21,62
speed_1s_stage2_rows,0.004576867233211755,SI216_shuffled,21,62
speed_1s_stage2_col1_mean,0.008432833892352977,SI216_shuffled,21,62
speed_1s_stage2_col1_std_over_mean,0.019617883453091914,SI216_shuffled,21,62
speed_1s_stage2_col2_mean,0.023808590107178722,SI216_shuffled,21,62
speed_1s_stage2_col2_std_over_mean,0.01830329048389961,SI216_shuffled,21,62
speed_1s_stage3_rows,0.022624744840273388,SI216_shuffled,21,62
speed_1s_stage3_col1_mean,0.007381592067913349,SI216_shuffled,21,62
speed_1s_stage3_col1_std_over_mean,0.017030145671836236,SI216_shuffled,21,62
speed_1s_stage3_col2_mean,0.008266236167437465,SI216_shuffled,21,62
speed_1s_stage3_col2_std_over_mean,0.01450822531077935,SI216_shuffled,21,62
speed_1s_stage4_rows,0.013605498631115983,SI216_shuffled,21,62
speed_1s_stage4_col1_mean,0.007711030066794338,SI216_shuffled,21,62
speed_1s_stage4_col1_std_over_mean,0.01866029853228165,SI216_shuffled,21,62
speed_1s_stage4_col2_mean,0.019984932768524668,SI216_shuffled,21,62
speed_1s_stage4_col2_std_over_mean,0.03597887740961217,SI216_shuffled,21,62
speed_1s_stage5_rows,0.0033342351646369036,SI216_shuffled,21,62
speed_1s_stage5_col1_mean,0.021766239985358902,SI216_shuffled,21,62
speed_1s_stage5_col1_std_over_mean,0.04236769010713254,SI216_shuffled,21,62
speed_1s_stage5_col2_mean,0.015751339475050474,SI216_shuffled,21,62
speed_1s_stage5_col2_std_over_mean,0.015754144695615323,SI216_shuffled,21,62
speed_10s_avg_rows,0.009826709341125233,SI216_shuffled,21,62
speed_10s_avg_stage2_rows,0.00526760082513974,SI216_shuffled,21,62
speed_10s_avg_stage2_col1_mean,0.008274353516249212,SI216_shuffled,21,62
speed_10s_avg_stage2_col1_std_over_mean,0.03723923282666166,SI216_shuffled,21,62
speed_10s_avg_stage2_col2_mean,0.027898801522213024,SI216_shuffled,21,62
speed_10s_avg_stage2_col2_std_over_mean,0.02497115822621858,SI216_shuffled,21,62
speed_10s_avg_stage3_rows,0.022935249544237167,SI216_shuffled,21,62
speed_10s_avg_stage3_col1_mean,0.007876615277093161,SI216_shuffled,21,62
speed_10s_avg_stage3_col1_std_over_mean,0.027708352425917338,SI216_shuffled,21,62
speed_10s_avg_stage3_col2_mean,0.007808321249576831,SI216_shuffled,21,62
speed_10s_avg_stage3_col2_std_over_mean,0.016493846626947497,SI216_shuffled,21,62
speed_10s_avg_stage4_rows,0.010397815902897959,SI216_shuffled,21,62
speed_10s_avg_stage4_col1_mean,0.011853799908613282,SI216_shuffled,21,62
speed_10s_avg_stage4_col1_std_over_mean,0.013410777875920144,SI216_shuffled,21,62
speed_10s_avg_stage4_col2_mean,0.011657502092102796,SI216_shuffled,21,62
speed_10s_avg_stage4_col2_std_over_mean,0.015270539808845568,SI216_shuffled,21,62
speed_10s_avg_stage5_rows,0.0016093913548134737,SI216_shuffled,21,62
speed_10s_avg_stage5_col1_mean,0.020716954235879347,SI216_shuffled,21,62
speed_10s_avg_stage5_col1_std_over_mean,0.020594585297241574,SI216_shuffled,21,62
speed_10s_avg_stage5_col2_mean,0.02605344121600308,SI216_shuffled,21,62
speed_10s_avg_stage5_col2_std_over_mean,0.02164218023586338,SI216_shuffled,21,62
stage_2_frames,0.03314327436700255,SI216_shuffled,22,63
stage_3_frames,0.006548511875382884,SI216_shuffled,22,63
stage_4_frames,0.03569893982074316,SI216_shuffled,22,63
stage_5_frames,0.021289368617706462,SI216_shuffled,22,63
roam_mean,0.00799150030969267,SI216_shuffled,22,63
roam_std_over_mean,0.016791303635541065,SI216_shuffled,22,63
roam_early_mean,0.01717664034443324,SI216_shuffled,22,63
roam_mid_mean,0.05157083130771769,SI216_shuffled,22,63
roam_late_mean,0.0173835214386851,SI216_shuffled,22,63
roam_slope,0.04548553426753824,SI216_shuffled,22,63
speed_1s_rows,0.01777888054840443,SI216_shuffled,22,63
speed_1s_stage2_rows,0.009501213291589582,SI216_shuffled,22,63
speed_1s_stage2_col1_mean,0.006513341267325189,SI216_shuffled,22,63
speed_1s_stage2_col1_std_over_mean,0.008632618869789397,SI216_shuffled,22,63
speed_1s_stage2_col2_mean,0.017464309417145333,SI216_shuffled,22,63
speed_1s_stage2_col2_std_over_mean,0.019790124685368744,SI216_shuffled,22,63
speed_1s_stage3_rows,0.023784523471882098,SI216_shuffled,22,63
speed_1s_stage3_col1_mean,0.011316195163314507,SI216_shuffled,22,63
speed_1s_stage3_col1_std_over_mean,0.017668920739513965,SI216_shuffled,22,63
speed_1s_stage3_col2_mean,0.011337164354619836,SI216_shuffled,22,63
speed_1s_stage3_col2_std_over_mean,0.023384784992780135,SI216_shuffled,22,63
speed_1s_stage4_rows,0.0249580206816475,SI216_shuffled,22,63
speed_1s_stage4_col1_mean,0.014825010318361805,SI216_shuffled,22,63
speed_1s_stage4_col1_std_over_mean,0.023577565783106963,SI216_shuffled,22,63
speed_1s_stage4_col2_mean,0.008944828166721446,SI216_shuffled,22,63
speed_1s_stage4_col2_std_over_mean,0.06135383432387819,SI216_shuffled,22,63
speed_1s_stage5_rows,0.00034821154455305517,SI216_shuffled,22,63
speed_1s_stage5_col1_mean,0.021223416295217148,SI216_shuffled,22,63
speed_1s_stage5_col1_std_over_mean,0.041073573672950225,SI216_shuffled,22,63
speed_1s_stage5_col2_mean,0.003971765768194865,SI216_shuffled,22,63
speed_1s_stage5_col2_std_over_mean,0.010176745821239903,SI216_shuffled,22,63
speed_10s_avg_rows,0.02858332743244729,SI216_shuffled,22,63
speed_10s_avg_stage2_rows,0.007119000975613095,SI216_shuffled,22,63
speed_10s_avg_stage2_col1_mean,0.010634987651814374,SI216_shuffled,22,63
speed_10s_avg_stage2_col1_std_over_mean,0.013591216984835034,SI216_shuffled,22,63
speed_10s_avg_stage2_col2_mean,0.016703999047350773,SI216_shuffled,22,63
speed_10s_avg_stage2_col2_std_over_mean,0.025966588181554746,SI216_shuffled,22,63
speed_10s_avg_stage3_rows,0.027725632009441944,SI216_shuffled,22,63
speed_10s_avg_stage3_col1_mean,0.012214517248189737,SI216_shuffled,22,63
speed_10s_avg_stage3_col1_std_over_mean,0.039770018274340194,SI216_shuffled,22,63
speed_10s_avg_stage3_col2_mean,0.006346224601609332,SI216_shuffled,22,63
speed_10s_avg_stage3_col2_std_over_mean,0.01654109623477037,SI216_shuffled,22,63
speed_10s_avg_stage4_rows,0.027792290029035598,SI216_shuffled,22,63
speed_10s_avg_stage4_col1_mean,0.013284907892424834,SI216_shuffled,22,63
speed_10s_avg_stage4_col1_std_over_mean,0.022151851089858725,SI216_shuffled,22,63
speed_10s_avg_stage4_col2_mean,0.013961732241747618,SI216_shuffled,22,63
speed_10s_avg_stage4_col2_std_over_mean,0.024470346843713003,SI216_shuffled,22,63
speed_10s_avg_stage5_rows,0.0011928209917634438,SI216_shuffled,22,63
speed_10s_avg_stage5_col1_mean,0.015650919595677316,SI216_shuffled,22,63
speed_10s_avg_stage5_col1_std_over_mean,0.021434114672297902,SI216_shuffled,22,63
speed_10s_avg_stage5_col2_mean,0.007595290394118194,SI216_shuffled,22,63
speed_10s_avg_stage5_col2_std_over_mean,0.016564642445349113,SI216_shuffled,22,63
stage_2_frames,0.017012967412096024,SI216_shuffled,23,64
stage_3_frames,0.006525294459873216,SI216_shuffled,23,64
stage_4_frames,0.028020525372999976,SI216_shuffled,23,64
stage_5_frames,0.028399740837778107,SI216_shuffled,23,64
roam_mean,0.02343385017057229,SI216_shuffled,23,64
roam_std_over_mean,0.014316637984853126,SI216_shuffled,23,64
roam_early_mean,0.01637922232023206,SI216_shuffled,23,64
roam_mid_mean,0.02548178973697323,SI216_shuffled,23,64
roam_late_mean,0.023688295122502482,SI216_shuffled,23,64
roam_slope,0.04341179570289954,SI216_shuffled,23,64
speed_1s_rows,0.01017080374204759,SI216_shuffled,23,64
speed_1s_stage2_rows,0.004166099634172096,SI216_shuffled,23,64
speed_1s_stage2_col1_mean,0.016431313864311528,SI216_shuffled,23,64
speed_1s_stage2_col1_std_over_mean,0.04421035397136825,SI216_shuffled,23,64
speed_1s_stage2_col2_mean,0.07613747236720128,SI216_shuffled,23,64
speed_1s_stage2_col2_std_over_mean,0.013080326585857489,SI216_shuffled,23,64
speed_1s_stage3_rows,0.01779130281337251,SI216_shuffled,23,64
speed_1s_stage3_col1_mean,0.01358791264487266,SI216_shuffled,23,64
speed_1s_stage3_col1_std_over_mean,0.0292428972635692,SI216_shuffled,23,64
speed_1s_stage3_col2_mean,0.006700050135145384,SI216_shuffled,23,64
speed_1s_stage3_col2_std_over_mean,0.017330070153369046,SI216_shuffled,23,64
speed_1s_stage4_rows,0.020000824235337798,SI216_shuffled,23,64
speed_1s_stage4_col1_mean,0.00593001997883296,SI216_shuffled,23,64
speed_1s_stage4_col1_std_over_mean,0.024248847804861588,SI216_shuffled,23,64
speed_1s_stage4_col2_mean,0.026896218153779555,SI216_shuffled,23,64
speed_1s_stage4_col2_std_over_mean,0.021986461564015354,SI216_shuffled,23,64
speed_1s_stage5_rows,0.00035157636496287626,SI216_shuffled,23,64
speed_1s_stage5_col1_mean,0.00789669356333927,SI216_shuffled,23,64
speed_1s_stage5_col1_std_over_mean,0.02141643793343457,SI216_shuffled,23,64
speed_1s_stage5_col2_mean,0.009919470823525805,SI216_shuffled,23,64
speed_1s_stage5_col2_std_over_mean,0.010868865676512386,SI216_shuffled,23,64
speed_10s_avg_rows,0.012131901339971697,SI216_shuffled,23,64
speed_10s_avg_stage2_rows,0.005173958415189781,SI216_shuffled,23,64
speed_10s_avg_stage2_col1_mean,0.016466392772929862,SI216_shuffled,23,64
speed_10s_avg_stage2_col1_std_over_mean,0.02175119635410219,SI216_shuffled,23,64
speed_10s_avg_stage2_col2_mean,0.05316527554814589,SI216_shuffled,23,64
speed_10s_avg_stage2_col2_std_over_mean,0.02205336508975571,SI216_shuffled,23,64
speed_10s_avg_stage3_rows,0.02469148162994972,SI216_shuffled,23,64
speed_10s_avg_stage3_col1_mean,0.007863986821889948,SI216_shuffled,23,64
speed_10s_avg_stage3_col1_std_over_mean,0.022070982531176266,SI216_shuffled,23,64
speed_10s_avg_stage3_col2_mean,0.005168644151445843,SI216_shuffled,23,64
speed_10s_avg_stage3_col2_std_over_mean,0.022271059957871132,SI216_shuffled,23,64
speed_10s_avg_stage4_rows,0.02671595344748057,SI216_shuffled,23,64
speed_10s_avg_stage4_col1_mean,0.010347726367905489,SI216_shuffled,23,64
speed_10s_avg_stage4_col1_std_over_mean,0.017883770573706846,SI216_shuffled,23,64
speed_10s_avg_stage4_col2_mean,0.018592440874795824,SI216_shuffled,23,64
speed_10s_avg_stage4_col2_std_over_mean,0.025852662377249435,SI216_shuffled,23,64
speed_10s_avg_stage5_rows,0.00015017450034647773,SI216_shuffled,23,64
speed_10s_avg_stage5_col1_mean,0.009343403340882772,SI216_shuffled,23,64
speed_10s_avg_stage5_col1_std_over_mean,0.012686698914721817,SI216_shuffled,23,64
speed_10s_avg_stage5_col2_mean,0.009476645406291445,SI216_shuffled,23,64
speed_10s_avg_stage5_col2_std_over_mean,0.031108141189521998,SI216_shuffled,23,64
stage_2_frames,0.027575461713261428,SI216_shuffled,24,65
stage_3_frames,0.010302858786630134,SI216_shuffled,24,65
stage_4_frames,0.014190314074914117,SI216_shuffled,24,65
stage_5_frames,0.020923956253285428,SI216_shuffled,24,65
roam_mean,0.009986239029549157,SI216_shuffled,24,65
roam_std_over_mean,0.0224033433237007,SI216_shuffled,24,65
roam_early_mean,0.006589019563644148,SI216_shuffled,24,65
roam_mid_mean,0.10489781023944342,SI216_shuffled,24,65
roam_late_mean,0.011086421258101307,SI216_shuffled,24,65
roam_slope,0.01439161342969321,SI216_shuffled,24,65
speed_1s_rows,0.012793529161103032,SI216_shuffled,24,65
speed_1s_stage2_rows,0.011039129734794477,SI216_shuffled,24,65
speed_1s_stage2_col1_mean,0.011366082257652505,SI216_shuffled,24,65
speed_1s_stage2_col1_std_over_mean,0.013783111730515217,SI216_shuffled,24,65
speed_1s_stage2_col2_mean,0.010666584123169945,SI216_shuffled,24,65
speed_1s_stage2_col2_std_over_mean,0.013087343655838473,SI216_shuffled,24,65
speed_1s_stage3_rows,0.010474132748203522,SI216_shuffled,24,65
speed_1s_stage3_col1_mean,0.011918991516744639,SI216_shuffled,24,65
speed_1s_stage3_col1_std_over_mean,0.04421794800172325,SI216_shuffled,24,65
speed_1s_stage3_col2_mean,0.005394898483734046,SI216_shuffled,24,65
speed_1s_stage3_col2_std_over_mean,0.03216546222977086,SI216_shuffled,24,65
speed_1s_stage4_rows,0.01779334450317741,SI216_shuffled,24,65
speed_1s_stage4_col1_mean,0.005756039152323304,SI216_shuffled,24,65
speed_1s_stage4_col1_std_over_mean,0.020961258122194907,SI216_shuffled,24,65
speed_1s_stage4_col2_mean,0.011772423393586846,SI216_shuffled,24,65
speed_1s_stage4_col2_std_over_mean,0.02480870690438726,SI216_shuffled,24,65
speed_1s_stage5_rows,0.0011910396691396962,SI216_shuffled,24,65
speed_1s_stage5_col1_mean,0.01797535591590928,SI216_shuffled,24,65
speed_1s_stage5_col1_std_over_mean,0.028962010903549534,SI216_shuffled,24,65
speed_1s_stage5_col2_mean,0.01005085111366957,SI216_shuffled,24,65
speed_1s_stage5_col2_std_over_mean,0.010777100758670395,SI216_shuffled,24,65
speed_10s_avg_rows,0.01633718011789603,SI216_shuffled,24,65
speed_10s_avg_stage2_rows,0.005849373148492231,SI216_shuffled,24,65
speed_10s_avg_stage2_col1_mean,0.019811625185235313,SI216_shuffled,24,65
speed_10s_avg_stage2_col1_std_over_mean,0.035427802466886246,SI216_shuffled,24,65
speed_10s_avg_stage2_col2_mean,0.012994618312883717,SI216_shuffled,24,65
speed_10s_avg_stage2_col2_std_over_mean,0.026445063355241914,SI216_shuffled,24,65
speed_10s_avg_stage3_rows,0.010335872438933537,SI216_shuffled,24,65
speed_10s_avg_stage3_col1_mean,0.009302808449236125,SI216_shuffled,24,65
speed_10s_avg_stage3_col1_std_over_mean,0.01903810655139203,SI216_shuffled,24,65
speed_10s_avg_stage3_col2_mean,0.004453095288517311,SI216_shuffled,24,65
speed_10s_avg_stage3_col2_std_over_mean,0.09478889897468129,SI216_shuffled,24,65
speed_10s_avg_stage4_rows,0.02522779893887015,SI216_shuffled,24,65
speed_10s_avg_stage4_col1_mean,0.008104516848922137,SI216_shuffled,24,65
speed_10s_avg_stage4_col1_std_over_mean,0.016125446378807577,SI216_shuffled,24,65
speed_10s_avg_stage4_col2_mean,0.015339940578926166,SI216_shuffled,24,65
speed_10s_avg_stage4_col2_std_over_mean,0.04438032340061676,SI216_shuffled,24,65
speed_10s_avg_stage5_rows,0.0006170715274840367,SI216_shuffled,24,65
speed_10s_avg_stage5_col1_mean,0.016946981546165772,SI216_shuffled,24,65
speed_10s_avg_stage5_col1_std_over_mean,0.007522510134574708,SI216_shuffled,24,65
speed_10s_avg_stage5_col2_mean,0.005622985553776315,SI216_shuffled,24,65
speed_10s_avg_stage5_col2_std_over_mean,0.0360255990503794,SI216_shuffled,24,65
stage_2_frames,0.01944050212710952,SI216_shuffled,25,66
stage_3_frames,0.00723627933160479,SI216_shuffled,25,66
stage_4_frames,0.03227043294619728,SI216_shuffled,25,66
stage_5_frames,0.01931376536704995,SI216_shuffled,25,66
roam_mean,0.014000742115749617,SI216_shuffled,25,66
roam_std_over_mean,0.019527656178365438,SI216_shuffled,25,66
roam_early_mean,0.01856877298906648,SI216_shuffled,25,66
roam_mid_mean,0.1054268496843981,SI216_shuffled,25,66
roam_late_mean,0.02221879766935213,SI216_shuffled,25,66
roam_slope,0.08473070834142557,SI216_shuffled,25,66
speed_1s_rows,0.008778552989403285,SI216_shuffled,25,66
speed_1s_stage2_rows,0.004905628871969449,SI216_shuffled,25,66
speed_1s_stage2_col1_mean,0.010932045132543712,SI216_shuffled,25,66
speed_1s_stage2_col1_std_over_mean,0.01766510321797107,SI216_shuffled,25,66
speed_1s_stage2_col2_mean,0.012478040729007862,SI216_shuffled,25,66
speed_1s_stage2_col2_std_over_mean,0.009319227908932444,SI216_shuffled,25,66
speed_1s_stage3_rows,0.02043292793108639,SI216_shuffled,25,66
speed_1s_stage3_col1_mean,0.004837764063734011,SI216_shuffled,25,66
speed_1s_stage3_col1_std_over_mean,0.00832514295742282,SI216_shuffled,25,66
speed_1s_stage3_col2_mean,0.003465484095603263,SI216_shuffled,25,66
speed_1s_stage3_col2_std_over_mean,0.026856994814900628,SI216_shuffled,25,66
speed_1s_stage4_rows,0.021262417440255678,SI216_shuffled,25,66
speed_1s_stage4_col1_mean,0.014023364920040879,SI216_shuffled,25,66
speed_1s_stage4_col1_std_over_mean,0.007384720675106051,SI216_shuffled,25,66
speed_1s_stage4_col2_mean,0.0071872185533247875,SI216_shuffled,25,66
speed_1s_stage4_col2_std_over_mean,0.0176179895056812,SI216_shuffled,25,66
speed_1s_stage5_rows,0.0019271007981281137,SI216_shuffled,25,66
speed_1s_stage5_col1_mean,0.013745265290002721,SI216_shuffled,25,66
speed_1s_stage5_col1_std_over_mean,0.061349910864588256,SI216_shuffled,25,66
speed_1s_stage5_col2_mean,0.016304488874391735,SI216_shuffled,25,66
speed_1s_stage5_col2_std_over_mean,0.01849150435996572,SI216_shuffled,25,66
speed_10s_avg_rows,0.008287690601132576,SI216_shuffled,25,66
speed_10s_avg_stage2_rows,0.008783893463203891,SI216_shuffled,25,66
speed_10s_avg_stage2_col1_mean,0.01267365895823973,SI216_shuffled,25,66
speed_10s_avg_stage2_col1_std_over_mean,0.01458762383754241,SI216_shuffled,25,66
speed_10s_avg_stage2_col2_mean,0.00820052876533587,SI216_shuffled,25,66
speed_10s_avg_stage2_col2_std_over_mean,0.02353156230379506,SI216_shuffled,25,66
speed_10s_avg_stage3_rows,0.024039537811879105,SI216_shuffled,25,66
speed_10s_avg_stage3_col1_mean,0.011698768134880501,SI216_shuffled,25,66
speed_10s_avg_stage3_col1_std_over_mean,0.022532781003630105,SI216_shuffled,25,66
speed_10s_avg_stage3_col2_mean,0.00558524760206131,SI216_shuffled,25,66
speed_10s_avg_stage3_col2_std_over_mean,0.04247506019575693,SI216_shuffled,25,66
speed_10s_avg_stage4_rows,0.026895035037097993,SI216_shuffled,25,66
speed_10s_avg_stage4_col1_mean,0.012932344030683805,SI216_shuffled,25,66
speed_10s_avg_stage4_col1_std_over_mean,0.013584509429106256,SI216_shuffled,25,66
speed_10s_avg_stage4_col2_mean,0.007058120243981874,SI216_shuffled,25,66
speed_10s_avg_stage4_col2_std_over_mean,0.022412119153804,SI216_shuffled,25,66
speed_10s_avg_stage5_rows,0.0007506611543760402,SI216_shuffled,25,66
speed_10s_avg_stage5_col1_mean,0.021372283574936,SI216_shuffled,25,66
speed_10s_avg_stage5_col1_std_over_mean,0.025083438502199306,SI216_shuffled,25,66
speed_10s_avg_stage5_col2_mean,0.013079755494615278,SI216_shuffled,25,66
speed_10s_avg_stage5_col2_std_over_mean,0.024409979957362993,SI216_shuffled,25,66
stage_2_frames,0.016305674336589485,SI216_shuffled,26,67
stage_3_frames,0.007232668113428558,SI216_shuffled,26,67
stage_4_frames,0.03081754444524807,SI216_shuffled,26,67
stage_5_frames,0.02174344960906998,SI216_shuffled,26,67
roam_mean,0.023433319173818256,SI216_shuffled,26,67
roam_std_over_mean,0.01627277993522737,SI216_shuffled,26,67
roam_early_mean,0.024546541229311266,SI216_shuffled,26,67
roam_mid_mean,0.08714344877238248,SI216_shuffled,26,67
roam_late_mean,0.012475477336482087,SI216_shuffled,26,67
roam_slope,0.056815966239546815,SI216_shuffled,26,67
speed_1s_rows,0.012738208940035587,SI216_shuffled,26,67
speed_1s_stage2_rows,0.005614494116280283,SI216_shuffled,26,67
speed_1s_stage2_col1_mean,0.008929643531283848,SI216_shuffled,26,67
speed_1s_stage2_col1_std_over_mean,0.01747774532040437,SI216_shuffled,26,67
speed_1s_stage2_col2_mean,0.012444658196485294,SI216_shuffled,26,67
speed_1s_stage2_col2_std_over_mean,0.010433931195094634,SI216_shuffled,26,67
speed_1s_stage3_rows,0.029163143320239986,SI216_shuffled,26,67
speed_1s_stage3_col1_mean,0.011387523941443298,SI216_shuffled,26,67
speed_1s_stage3_col1_std_over_mean,0.023850643110010335,SI216_shuffled,26,67
speed_1s_stage3_col2_mean,0.008329299443563528,SI216_shuffled,26,67
speed_1s_stage3_col2_std_over_mean,0.02259499875742122,SI216_shuffled,26,67
speed_1s_stage4_rows,0.013545971652274403,SI216_shuffled,26,67
speed_1s_stage4_col1_mean,0.012344715227828788,SI216_shuffled,26,67
speed_1s_stage4_col1_std_over_mean,0.015529285967918334,SI216_shuffled,26,67
speed_1s_stage4_col2_mean,0.021072645564863143,SI216_shuffled,26,67
speed_1s_stage4_col2_std_over_mean,0.029147148094364552,SI216_shuffled,26,67
speed_1s_stage5_rows,0.00040076567826782583,SI216_shuffled,26,67
speed_1s_stage5_col1_mean,0.009391555276299306,SI216_shuffled,26,67
speed_1s_stage5_col1_std_over_mean,0.024651379294582682,SI216_shuffled,26,67
speed_1s_stage5_col2_mean,0.024712761145511967,SI216_shuffled,26,67
speed_1s_stage5_col2_std_over_mean,0.007317113561521575,SI216_shuffled,26,67
speed_10s_avg_rows,0.013689479047755799,SI216_shuffled,26,67
speed_10s_avg_stage2_rows,0.004819094637587243,SI216_shuffled,26,67
speed_10s_avg_stage2_col1_mean,0.009172691062511994,SI216_shuffled,26,67
speed_10s_avg_stage2_col1_std_over_mean,0.035249352602187235,SI216_shuffled,26,67
speed_10s_avg_stage2_col2_mean,0.018743489100833642,SI216_shuffled,26,67
speed_10s_avg_stage2_col2_std_over_mean,0.0216343197287103,SI216_shuffled,26,67
speed_10s_avg_stage3_rows,0.025855303218551257,SI216_shuffled,26,67
speed_10s_avg_stage3_col1_mean,0.00853455974417601,SI216_shuffled,26,67
speed_10s_avg_stage3_col1_std_over_mean,0.01839484309004738,SI216_shuffled,26,67
speed_10s_avg_stage3_col2_mean,0.006901688406224333,SI216_shuffled,26,67
speed_10s_avg_stage3_col2_std_over_mean,0.021676252392021957,SI216_shuffled,26,67
speed_10s_avg_stage4_rows,0.0149269765354029,SI216_shuffled,26,67
speed_10s_avg_stage4_col1_mean,0.01129608826680773,SI216_shuffled,26,67
speed_10s_avg_stage4_col1_std_over_mean,0.01334378510396157,SI216_shuffled,26,67
speed_10s_avg_stage4_col2_mean,0.022118237837317294,SI216_shuffled,26,67
speed_10s_avg_stage4_col2_std_over_mean,0.03787992880156589,SI216_shuffled,26,67
speed_10s_avg_stage5_rows,0.0016917604678253154,SI216_shuffled,26,67
speed_10s_avg_stage5_col1_mean,0.01189446592102313,SI216_shuffled,26,67
speed_10s_avg_stage5_col1_std_over_mean,0.03562601171007184,SI216_shuffled,26,67
speed_10s_avg_stage5_col2_mean,0.023502925978478487,SI216_shuffled,26,67
speed_10s_avg_stage5_col2_std_over_mean,0.025184245820139433,SI216_shuffled,26,67
stage_2_frames,0.00935599708154233,SI216_shuffled,27,68
stage_3_frames,0.006789613392975471,SI216_shuffled,27,68
stage_4_frames,0.02884490864282531,SI216_shuffled,27,68
stage_5_frames,0.008721480617770174,SI216_shuffled,27,68
roam_mean,0.016118350216738846,SI216_shuffled,27,68
roam_std_over_mean,0.02445244010010186,SI216_shuffled,27,68
roam_early_mean,0.015255375947509179,SI216_shuffled,27,68
roam_mid_mean,0.08954580526798514,SI216_shuffled,27,68
roam_late_mean,0.014522041396495424,SI216_shuffled,27,68
roam_slope,0.022117395218942144,SI216_shuffled,27,68
speed_1s_rows,0.009701101789884734,SI216_shuffled,27,68
speed_1s_stage2_rows,0.006892367470009681,SI216_shuffled,27,68
speed_1s_stage2_col1_mean,0.012604256144509841,SI216_shuffled,27,68
speed_1s_stage2_col1_std_over_mean,0.028510560538606726,SI216_shuffled,27,68
speed_1s_stage2_col2_mean,0.013770583270949375,SI216_shuffled,27,68
speed_1s_stage2_col2_std_over_mean,0.005031763692543762,SI216_shuffled,27,68
speed_1s_stage3_rows,0.02293171916154816,SI216_shuffled,27,68
speed_1s_stage3_col1_mean,0.011895543431193575,SI216_shuffled,27,68
speed_1s_stage3_col1_std_over_mean,0.02392675859489055,SI216_shuffled,27,68
speed_1s_stage3_col2_mean,0.014476906443476854,SI216_shuffled,27,68
speed_1s_stage3_col2_std_over_mean,0.018938879779621658,SI216_shuffled,27,68
speed_1s_stage4_rows,0.008234503075055619,SI216_shuffled,27,68
speed_1s_stage4_col1_mean,0.010180622268820326,SI216_shuffled,27,68
speed_1s_stage4_col1_std_over_mean,0.023359115240075525,SI216_shuffled,27,68
speed_1s_stage4_col2_mean,0.02680563064961891,SI216_shuffled,27,68
speed_1s_stage4_col2_std_over_mean,0.022394202282018574,SI216_shuffled,27,68
speed_1s_stage5_rows,0.0008992206149525068,SI216_shuffled,27,68
speed_1s_stage5_col1_mean,0.010185861687340056,SI216_shuffled,27,68
speed_1s_stage5_col1_std_over_mean,0.02420358233773229,SI216_shuffled,27,68
speed_1s_stage5_col2_mean,0.013156715486666306,SI216_shuffled,27,68
speed_1s_stage5_col2_std_over_mean,0.011417437790649288,SI216_shuffled,27,68
speed_10s_avg_rows,0.011587826865117213,SI216_shuffled,27,68
speed_10s_avg_stage2_rows,0.009796746405909797,SI216_shuffled,27,68
speed_10s_avg_stage2_col1_mean,0.01015477466711529,SI216_shuffled,27,68
speed_10s_avg_stage2_col1_std_over_mean,0.08381164421086369,SI216_shuffled,27,68
speed_10s_avg_stage2_col2_mean,0.012600847749611371,SI216_shuffled,27,68
speed_10s_avg_stage2_col2_std_over_mean,0.014050006721074187,SI216_shuffled,27,68
speed_10s_avg_stage3_rows,0.03504152595533913,SI216_shuffled,27,68
speed_10s_avg_stage3_col1_mean,0.015591614703600449,SI216_shuffled,27,68
speed_10s_avg_stage3_col1_std_over_mean,0.035286739681148795,SI216_shuffled,27,68
speed_10s_avg_stage3_col2_mean,0.01591655943826135,SI216_shuffled,27,68
speed_10s_avg_stage3_col2_std_over_mean,0.05051016179292512,SI216_shuffled,27,68
speed_10s_avg_stage4_rows,0.006141636738177734,SI216_shuffled,27,68
speed_10s_avg_stage4_col1_mean,0.022572236674322607,SI216_shuffled,27,68
speed_10s_avg_stage4_col1_std_over_mean,0.00677577699508656,SI216_shuffled,27,68
speed_10s_avg_stage4_col2_mean,0.02619874300684702,SI216_shuffled,27,68
speed_10s_avg_stage4_col2_std_over_mean,0.016048336032750635,SI216_shuffled,27,68
speed_10s_avg_stage5_rows,0.0021075765497733222,SI216_shuffled,27,68
speed_10s_avg_stage5_col1_mean,0.009156784109388359,SI216_shuffled,27,68
speed_10s_avg_stage5_col1_std_over_mean,0.01435898983329701,SI216_shuffled,27,68
speed_10s_avg_stage5_col2_mean,0.012584182586783186,SI216_shuffled,27,68
speed_10s_avg_stage5_col2_std_over_mean,0.03446654964955713,SI216_shuffled,27,68
stage_2_frames,0.023357534465831654,SI216_shuffled,28,69
stage_3_frames,0.0052447896863649,SI216_shuffled,28,69
stage_4_frames,0.030324847805380913,SI216_shuffled,28,69
stage_5_frames,0.01695747848634704,SI216_shuffled,28,69
roam_mean,0.029734638543535138,SI216_shuffled,28,69
roam_std_over_mean,0.02805340015755722,SI216_shuffled,28,69
roam_early_mean,0.011724179439680488,SI216_shuffled,28,69
roam_mid_mean,0.03675698293692025,SI216_shuffled,28,69
roam_late_mean,0.029832891277076137,SI216_shuffled,28,69
roam_slope,0.020575885561592823,SI216_shuffled,28,69
speed_1s_rows,0.018003891549668895,SI216_shuffled,28,69
speed_1s_stage2_rows,0.007588399672594242,SI216_shuffled,28,69
speed_1s_stage2_col1_mean,0.011950809357483522,SI216_shuffled,28,69
speed_1s_stage2_col1_std_over_mean,0.0125073218861456,SI216_shuffled,28,69
speed_1s_stage2_col2_mean,0.020622840359111237,SI216_shuffled,28,69
speed_1s_stage2_col2_std_over_mean,0.020821414907476958,SI216_shuffled,28,69
speed_1s_stage3_rows,0.038821369956744824,SI216_shuffled,28,69
speed_1s_stage3_col1_mean,0.005013179343846409,SI216_shuffled,28,69
speed_1s_stage3_col1_std_over_mean,0.017340718307887314,SI216_shuffled,28,69
speed_1s_stage3_col2_mean,0.008569699285200398,SI216_shuffled,28,69
speed_1s_stage3_col2_std_over_mean,0.03421269181622886,SI216_shuffled,28,69
speed_1s_stage4_rows,0.01307970335273894,SI216_shuffled,28,69
speed_1s_stage4_col1_mean,0.007071793598750114,SI216_shuffled,28,69
speed_1s_stage4_col1_std_over_mean,0.015798447741845204,SI216_shuffled,28,69
speed_1s_stage4_col2_mean,0.008948588094988393,SI216_shuffled,28,69
speed_1s_stage4_col2_std_over_mean,0.02301728464154744,SI216_shuffled,28,69
speed_1s_stage5_rows,0.0009068514291950241,SI216_shuffled,28,69
speed_1s_stage5_col1_mean,0.03521209049119297,SI216_shuffled,28,69
speed_1s_stage5_col1_std_over_mean,0.04041610429929553,SI216_shuffled,28,69
speed_1s_stage5_col2_mean,0.038897536896766054,SI216_shuffled,28,69
speed_1s_stage5_col2_std_over_mean,0.010806233919444685,SI216_shuffled,28,69
speed_10s_avg_rows,0.016197213500638144,SI216_shuffled,28,69
speed_10s_avg_stage2_rows,0.006637739856371063,SI216_shuffled,28,69
speed_10s_avg_stage2_col1_mean,0.010914526861614392,SI216_shuffled,28,69
speed_10s_avg_stage2_col1_std_over_mean,0.04301667904435737,SI216_shuffled,28,69
speed_10s_avg_stage2_col2_mean,0.02319963710034747,SI216_shuffled,28,69
speed_10s_avg_stage2_col2_std_over_mean,0.019888713565426486,SI216_shuffled,28,69
speed_10s_avg_stage3_rows,0.03358184161902853,SI216_shuffled,28,69
speed_10s_avg_stage3_col1_mean,0.004633699859852705,SI216_shuffled,28,69
speed_10s_avg_stage3_col1_std_over_mean,0.02059500879769363,SI216_shuffled,28,69
speed_10s_avg_stage3_col2_mean,0.00852556258844509,SI216_shuffled,28,69
speed_10s_avg_stage3_col2_std_over_mean,0.021366522830999535,SI216_shuffled,28,69
speed_10s_avg_stage4_rows,0.018027669525211936,SI216_shuffled,28,69
speed_10s_avg_stage4_col1_mean,0.00735461041327941,SI216_shuffled,28,69
speed_10s_avg_stage4_col1_std_over_mean,0.011864869442242878,SI216_shuffled,28,69
speed_10s_avg_stage4_col2_mean,0.00992048177287156,SI216_shuffled,28,69
speed_10s_avg_stage4_col2_std_over_mean,0.011489282319436911,SI216_shuffled,28,69
speed_10s_avg_stage5_rows,0.0011567615339953593,SI216_shuffled,28,69
speed_10s_avg_stage5_col1_mean,0.03628533641184179,SI216_shuffled,28,69
speed_10s_avg_stage5_col1_std_over_mean,0.009192894728036461,SI216_shuffled,28,69
speed_10s_avg_stage5_col2_mean,0.044446915982651575,SI216_shuffled,28,69
speed_10s_avg_stage5_col2_std_over_mean,0.019534432977218557,SI216_shuffled,28,69
stage_2_frames,0.028170739353728422,SI216_shuffled,29,70
stage_3_frames,0.012102546337577269,SI216_shuffled,29,70
stage_4_frames,0.012049279344134429,SI216_shuffled,29,70
stage_5_frames,0.01308732260594248,SI216_shuffled,29,70
roam_mean,0.010860095302483184,SI216_shuffled,29,70
roam_std_over_mean,0.02138232933538148,SI216_shuffled,29,70
roam_early_mean,0.009941193370200153,SI216_shuffled,29,70
roam_mid_mean,0.14765798882198575,SI216_shuffled,29,70
roam_late_mean,0.010497154007819198,SI216_shuffled,29,70
roam_slope,0.03353713901245109,SI216_shuffled,29,70
speed_1s_rows,0.007475627564593171,SI216_shuffled,29,70
speed_1s_stage2_rows,0.006893632746201343,SI216_shuffled,29,70
speed_1s_stage2_col1_mean,0.012013596956841548,SI216_shuffled,29,70
speed_1s_stage2_col1_std_over_mean,0.014493954372114752,SI216_shuffled,29,70
speed_1s_stage2_col2_mean,0.03394620279314409,SI216_shuffled,29,70
speed_1s_stage2_col2_std_over_mean,0.015395979813575152,SI216_shuffled,29,70
speed_1s_stage3_rows,0.015481222002355596,SI216_shuffled,29,70
speed_1s_stage3_col1_mean,0.009941781838291938,SI216_shuffled,29,70
speed_1s_stage3_col1_std_over_mean,0.028795905642265408,SI216_shuffled,29,70
speed_1s_stage3_col2_mean,0.0056319817312068705,SI216_shuffled,29,70
speed_1s_stage3_col2_std_over_mean,0.023353636786020055,SI216_shuffled,29,70
speed_1s_stage4_rows,0.011404392873137588,SI216_shuffled,29,70
speed_1s_stage4_col1_mean,0.009209275953426002,SI216_shuffled,29,70
speed_1s_stage4_col1_std_over_mean,0.01837407027188963,SI216_shuffled,29,70
speed_1s_stage4_col2_mean,0.020253284231688765,SI216_shuffled,29,70
speed_1s_stage4_col2_std_over_mean,0.03726929796020166,SI216_shuffled,29,70
speed_1s_stage5_rows,0.0018864864990317308,SI216_shuffled,29,70
speed_1s_stage5_col1_mean,0.013596250354742627,SI216_shuffled,29,70
speed_1s_stage5_col1_std_over_mean,0.014837380143626039,SI216_shuffled,29,70
speed_1s_stage5_col2_mean,0.007944475286503229,SI216_shuffled,29,70
speed_1s_stage5_col2_std_over_mean,0.024807088622908455,SI216_shuffled,29,70
speed_10s_avg_rows,0.01364847224647226,SI216_shuffled,29,70
speed_10s_avg_stage2_rows,0.010525629498725963,SI216_shuffled,29,70
speed_10s_avg_stage2_col1_mean,0.01475507037147554,SI216_shuffled,29,70
speed_10s_avg_stage2_col1_std_over_mean,0.032189346930332347,SI216_shuffled,29,70
speed_10s_avg_stage2_col2_mean,0.04109018141832153,SI216_shuffled,29,70
speed_10s_avg_stage2_col2_std_over_mean,0.0164854859049205,SI216_shuffled,29,70
speed_10s_avg_stage3_rows,0.011430116935152276,SI216_shuffled,29,70
speed_10s_avg_stage3_col1_mean,0.011634780329316238,SI216_shuffled,29,70
speed_10s_avg_stage3_col1_std_over_mean,0.048981950468455035,SI216_shuffled,29,70
speed_10s_avg_stage3_col2_mean,0.007911841633451875,SI216_shuffled,29,70
speed_10s_avg_stage3_col2_std_over_mean,0.025274192929923646,SI216_shuffled,29,70
speed_10s_avg_stage4_rows,0.013094439085187877,SI216_shuffled,29,70
speed_10s_avg_stage4_col1_mean,0.012845808670022588,SI216_shuffled,29,70
speed_10s_avg_stage4_col1_std_over_mean,0.009883339319754202,SI216_shuffled,29,70
speed_10s_avg_stage4_col2_mean,0.021206612901880854,SI216_shuffled,29,70
speed_10s_avg_stage4_col2_std_over_mean,0.015591482810034581,SI216_shuffled,29,70
speed_10s_avg_stage5_rows,0.00544241422649644,SI216_shuffled,29,70
speed_10s_avg_stage5_col1_mean,0.011964094957094214,SI216_shuffled,29,70
speed_10s_avg_stage5_col1_std_over_mean,0.006678178111421519,SI216_shuffled,29,70
speed_10s_avg_stage5_col2_mean,0.011394779644692437,SI216_shuffled,29,70
speed_10s_avg_stage5_col2_std_over_mean,0.02568046967139875,SI216_shuffled,29,70
stage_2_frames,0.022202777030742145,SI216_shuffled,30,71
stage_3_frames,0.007513499671908711,SI216_shuffled,30,71
stage_4_frames,0.026853028697054478,SI216_shuffled,30,71
stage_5_frames,0.009806874723652792,SI216_shuffled,30,71
roam_mean,0.009948366438611425,SI216_shuffled,30,71
roam_std_over_mean,0.02751013311977778,SI216_shuffled,30,71
roam_early_mean,0.017710544412558673,SI216_shuffled,30,71
roam_mid_mean,0.044016705564964106,SI216_shuffled,30,71
roam_late_mean,0.00952137247287243,SI216_shuffled,30,71
roam_slope,0.04942972335236804,SI216_shuffled,30,71
speed_1s_rows,0.018689132938422656,SI216_shuffled,30,71
speed_1s_stage2_rows,0.00882672307437129,SI216_shuffled,30,71
speed_1s_stage2_col1_mean,0.01909260846575156,SI216_shuffled,30,71
speed_1s_stage2_col1_std_over_mean,0.01697840117040717,SI216_shuffled,30,71
speed_1s_stage2_col2_mean,0.009426695073858293,SI216_shuffled,30,71
speed_1s_stage2_col2_std_over_mean,0.012565523950981466,SI216_shuffled,30,71
speed_1s_stage3_rows,0.017694904557292897,SI216_shuffled,30,71
speed_1s_stage3_col1_mean,0.01172851341424625,SI216_shuffled,30,71
speed_1s_stage3_col1_std_over_mean,0.022754756362556236,SI216_shuffled,30,71
speed_1s_stage3_col2_mean,0.009215582840420952,SI216_shuffled,30,71
speed_1s_stage3_col2_std_over_mean,0.018803923579656753,SI216_shuffled,30,71
speed_1s_stage4_rows,0.010147655587011806,SI216_shuffled,30,71
speed_1s_stage4_col1_mean,0.02232197810697536,SI216_shuffled,30,71
speed_1s_stage4_col1_std_over_mean,0.02932781404451288,SI216_shuffled,30,71
speed_1s_stage4_col2_mean,0.006510786685824668,SI216_shuffled,30,71
speed_1s_stage4_col2_std_over_mean,0.026999801752823346,SI216_shuffled,30,71
speed_1s_stage5_rows,0.003918198844344328,SI216_shuffled,30,71
speed_1s_stage5_col1_mean,0.027035151275364686,SI216_shuffled,30,71
speed_1s_stage5_col1_std_over_mean,0.022615776006510366,SI216_shuffled,30,71
speed_1s_stage5_col2_mean,0.007211317485928935,SI216_shuffled,30,71
speed_1s_stage5_col2_std_over_mean,0.026918337625206127,SI216_shuffled,30,71
speed_10s_avg_rows,0.021014419355087133,SI216_shuffled,30,71
speed_10s_avg_stage2_rows,0.008893908617660904,SI216_shuffled,30,71
speed_10s_avg_stage2_col1_mean,0.01804681184703507,SI216_shuffled,30,71
speed_10s_avg_stage2_col1_std_over_mean,0.02343245530907173,SI216_shuffled,30,71
speed_10s_avg_stage2_col2_mean,0.010866434564569335,SI216_shuffled,30,71
speed_10s_avg_stage2_col2_std_over_mean,0.025158453850306448,SI216_shuffled,30,71
speed_10s_avg_stage3_rows,0.01555889203378241,SI216_shuffled,30,71
speed_10s_avg_stage3_col1_mean,0.008370256647127192,SI216_shuffled,30,71
speed_10s_avg_stage3_col1_std_over_mean,0.019104866717130246,SI216_shuffled,30,71
speed_10s_avg_stage3_col2_mean,0.011969388179171618,SI216_shuffled,30,71
speed_10s_avg_stage3_col2_std_over_mean,0.06388551437603239,SI216_shuffled,30,71
speed_10s_avg_stage4_rows,0.0206414296087929,SI216_shuffled,30,71
speed_10s_avg_stage4_col1_mean,0.01736412464769304,SI216_shuffled,30,71
speed_10s_avg_stage4_col1_std_over_mean,0.016269025951369625,SI216_shuffled,30,71
speed_10s_avg_stage4_col2_mean,0.011900726796096862,SI216_shuffled,30,71
speed_10s_avg_stage4_col2_std_over_mean,0.026207274124331076,SI216_shuffled,30,71
speed_10s_avg_stage5_rows,0.002749362731154062,SI216_shuffled,30,71
speed_10s_avg_stage5_col1_mean,0.023340917264952195,SI216_shuffled,30,71
speed_10s_avg_stage5_col1_std_over_mean,0.042984458607217994,SI216_shuffled,30,71
speed_10s_avg_stage5_col2_mean,0.010621245552725695,SI216_shuffled,30,71
speed_10s_avg_stage5_col2_std_over_mean,0.02832342489171347,SI216_shuffled,30,71
stage_2_frames,0.018607187128092686,SI216_shuffled,31,72
stage_3_frames,0.009712183859748575,SI216_shuffled,31,72
stage_4_frames,0.02717931367072299,SI216_shuffled,31,72
stage_5_frames,0.019509617581889103,SI216_shuffled,31,72
roam_mean,0.02355265606825267,SI216_shuffled,31,72
roam_std_over_mean,0.025046789119151213,SI216_shuffled,31,72
roam_early_mean,0.012594722171881028,SI216_shuffled,31,72
roam_mid_mean,0.031140905506724655,SI216_shuffled,31,72
roam_late_mean,0.022544383881584074,SI216_shuffled,31,72
roam_slope,0.02499397644467426,SI216_shuffled,31,72
speed_1s_rows,0.01185463304437757,SI216_shuffled,31,72
speed_1s_stage2_rows,0.007458081061352669,SI216_shuffled,31,72
speed_1s_stage2_col1_mean,0.015454159413965328,SI216_shuffled,31,72
speed_1s_stage2_col1_std_over_mean,0.019486947435360925,SI216_shuffled,31,72
speed_1s_stage2_col2_mean,0.03022435507090279,SI216_shuffled,31,72
speed_1s_stage2_col2_std_over_mean,0.017384755177508888,SI216_shuffled,31,72
speed_1s_stage3_rows,0.02814453235850325,SI216_shuffled,31,72
speed_1s_stage3_col1_mean,0.010872332919312104,SI216_shuffled,31,72
speed_1s_stage3_col1_std_over_mean,0.018371628773861125,SI216_shuffled,31,72
speed_1s_stage3_col2_mean,0.021496269343053345,SI216_shuffled,31,72
speed_1s_stage3_col2_std_over_mean,0.027539698203224904,SI216_shuffled,31,72
speed_1s_stage4_rows,0.02009019060639942,SI216_shuffled,31,72
speed_1s_stage4_col1_mean,0.01444281861825188,SI216_shuffled,31,72
speed_1s_stage4_col1_std_over_mean,0.011497422836774568,SI216_shuffled,31,72
speed_1s_stage4_col2_mean,0.022347348155598676,SI216_shuffled,31,72
speed_1s_stage4_col2_std_over_mean,0.03492569233783349,SI216_shuffled,31,72
speed_1s_stage5_rows,0.0008203467402704575,SI216_shuffled,31,72
speed_1s_stage5_col1_mean,0.01568265511379451,SI216_shuffled,31,72
speed_1s_stage5_col1_std_over_mean,0.021878091230428637,SI216_shuffled,31,72
speed_1s_stage5_col2_mean,0.025143449413685782,SI216_shuffled,31,72
speed_1s_stage5_col2_std_over_mean,0.01536972046321527,SI216_shuffled,31,72
speed_10s_avg_rows,0.013979183503490533,SI216_shuffled,31,72
speed_10s_avg_stage2_rows,0.007967519091108785,SI216_shuffled,31,72
speed_10s_avg_stage2_col1_mean,0.015394980414953163,SI216_shuffled,31,72
speed_10s_avg_stage2_col1_std_over_mean,0.02674051045828405,SI216_shuffled,31,72
speed_10s_avg_stage2_col2_mean,0.014332538509853032,SI216_shuffled,31,72
speed_10s_avg_stage2_col2_std_over_mean,0.020584926521514404,SI216_shuffled,31,72
speed_10s_avg_stage3_rows,0.026809316913759127,SI216_shuffled,31,72
speed_10s_avg_stage3_col1_mean,0.014956198036959014,SI216_shuffled,31,72
speed_10s_avg_stage3_col1_std_over_mean,0.020274230937136265,SI216_shuffled,31,72
speed_10s_avg_stage3_col2_mean,0.010366111586408065,SI216_shuffled,31,72
speed_10s_avg_stage3_col2_std_over_mean,0.037178634271232906,SI216_shuffled,31,72
speed_10s_avg_stage4_rows,0.014164475440621115,SI216_shuffled,31,72
speed_10s_avg_stage4_col1_mean,0.008384006979206687,SI216_shuffled,31,72
speed_10s_avg_stage4_col1_std_over_mean,0.024222288717563628,SI216_shuffled,31,72
speed_10s_avg_stage4_col2_mean,0.029214131365719265,SI216_shuffled,31,72
speed_10s_avg_stage4_col2_std_over_mean,0.029450883927543962,SI216_shuffled,31,72
speed_10s_avg_stage5_rows,3.8519787305538216e-05,SI216_shuffled,31,72
speed_10s_avg_stage5_col1_mean,0.014302041326167518,SI216_shuffled,31,72
speed_10s_avg_stage5_col1_std_over_mean,0.022167321704042654,SI216_shuffled,31,72
speed_10s_avg_stage5_col2_mean,0.01883675799777427,SI216_shuffled,31,72
speed_10s_avg_stage5_col2_std_over_mean,0.025268558758959194,SI216_shuffled,31,72
stage_2_frames,0.011080258182861147,SI216_shuffled,32,73
stage_3_frames,0.005239105724775814,SI216_shuffled,32,73
stage_4_frames,0.03254025467194605,SI216_shuffled,32,73
stage_5_frames,0.014886149993228402,SI216_shuffled,32,73
roam_mean,0.012206745896825952,SI216_shuffled,32,73
roam_std_over_mean,0.050003789824928355,SI216_shuffled,32,73
roam_early_mean,0.0187972226677109,SI216_shuffled,32,73
roam_mid_mean,0.045986894245496505,SI216_shuffled,32,73
roam_late_mean,0.00938379215854175,SI216_shuffled,32,73
roam_slope,0.020956280250464355,SI216_shuffled,32,73
speed_1s_rows,0.0115842727743252,SI216_shuffled,32,73
speed_1s_stage2_rows,0.004361794069136741,SI216_shuffled,32,73
speed_1s_stage2_col1_mean,0.017549444801340342,SI216_shuffled,32,73
speed_1s_stage2_col1_std_over_mean,0.015819095337176032,SI216_shuffled,32,73
speed_1s_stage2_col2_mean,0.02193694332664012,SI216_shuffled,32,73
speed_1s_stage2_col2_std_over_mean,0.08731988153698275,SI216_shuffled,32,73
speed_1s_stage3_rows,0.030320448946826825,SI216_shuffled,32,73
speed_1s_stage3_col1_mean,0.019314410728768123,SI216_shuffled,32,73
speed_1s_stage3_col1_std_over_mean,0.01548899541105434,SI216_shuffled,32,73
speed_1s_stage3_col2_mean,0.006440934485805076,SI216_shuffled,32,73
speed_1s_stage3_col2_std_over_mean,0.031132399471513736,SI216_shuffled,32,73
speed_1s_stage4_rows,0.014444139323527111,SI216_shuffled,32,73
speed_1s_stage4_col1_mean,0.007582682830459805,SI216_shuffled,32,73
speed_1s_stage4_col1_std_over_mean,0.02623530062939202,SI216_shuffled,32,73
speed_1s_stage4_col2_mean,0.02418280569804007,SI216_shuffled,32,73
speed_1s_stage4_col2_std_over_mean,0.023440717837463255,SI216_shuffled,32,73
speed_1s_stage5_rows,1.535121671904916e-05,SI216_shuffled,32,73
speed_1s_stage5_col1_mean,0.009738563877759383,SI216_shuffled,32,73
speed_1s_stage5_col1_std_over_mean,0.01560424120702987,SI216_shuffled,32,73
speed_1s_stage5_col2_mean,0.017057227653519958,SI216_shuffled,32,73
speed_1s_stage5_col2_std_over_mean,0.007125550861505298,SI216_shuffled,32,73
speed_10s_avg_rows,0.012141209156977894,SI216_shuffled,32,73
speed_10s_avg_stage2_rows,0.009305971575551323,SI216_shuffled,32,73
speed_10s_avg_stage2_col1_mean,0.014467786848931298,SI216_shuffled,32,73
speed_10s_avg_stage2_col1_std_over_mean,0.03443058364732935,SI216_shuffled,32,73
speed_10s_avg_stage2_col2_mean,0.020270555731404398,SI216_shuffled,32,73
speed_10s_avg_stage2_col2_std_over_mean,0.01740273537170079,SI216_shuffled,32,73
speed_10s_avg_stage3_rows,0.02414669281898282,SI216_shuffled,32,73
speed_10s_avg_stage3_col1_mean,0.022874214024725968,SI216_shuffled,32,73
speed_10s_avg_stage3_col1_std_over_mean,0.04544293919486421,SI216_shuffled,32,73
speed_10s_avg_stage3_col2_mean,0.009112868428282822,SI216_shuffled,32,73
speed_10s_avg_stage3_col2_std_over_mean,0.022812191012679024,SI216_shuffled,32,73
speed_10s_avg_stage4_rows,0.01124694764718314,SI216_shuffled,32,73
speed_10s_avg_stage4_col1_mean,0.006006810520677256,SI216_shuffled,32,73
speed_10s_avg_stage4_col1_std_over_mean,0.009999169838497909,SI216_shuffled,32,73
speed_10s_avg_stage4_col2_mean,0.015359389530191208,SI216_shuffled,32,73
speed_10s_avg_stage4_col2_std_over_mean,0.024329741334377927,SI216_shuffled,32,73
speed_10s_avg_stage5_rows,5.693024541907071e-05,SI216_shuffled,32,73
speed_10s_avg_stage5_col1_mean,0.012123391612500253,SI216_shuffled,32,73
speed_10s_avg_stage5_col1_std_over_mean,0.008632577777138627,SI216_shuffled,32,73
speed_10s_avg_stage5_col2_mean,0.02576089525651103,SI216_shuffled,32,73
speed_10s_avg_stage5_col2_std_over_mean,0.026300702784309148,SI216_shuffled,32,73
stage_2_frames,0.009805551833160966,SI216_shuffled,33,74
stage_3_frames,0.005151253752802658,SI216_shuffled,33,74
stage_4_frames,0.01820744689694973,SI216_shuffled,33,74
stage_5_frames,0.013477785259354232,SI216_shuffled,33,74
roam_mean,0.0077315171991108565,SI216_shuffled,33,74
roam_std_over_mean,0.029785429451183305,SI216_shuffled,33,74
roam_early_mean,0.011543417723410903,SI216_shuffled,33,74
roam_mid_mean,0.05387808220941039,SI216_shuffled,33,74
roam_late_mean,0.007974086284698156,SI216_shuffled,33,74
roam_slope,0.022623647423493487,SI216_shuffled,33,74
speed_1s_rows,0.009096911691209752,SI216_shuffled,33,74
speed_1s_stage2_rows,0.0046738330108240245,SI216_shuffled,33,74
speed_1s_stage2_col1_mean,0.01620412931131753,SI216_shuffled,33,74
speed_1s_stage2_col1_std_over_mean,0.031570715661621826,SI216_shuffled,33,74
speed_1s_stage2_col2_mean,0.010519444469331826,SI216_shuffled,33,74
speed_1s_stage2_col2_std_over_mean,0.00859539629744007,SI216_shuffled,33,74
speed_1s_stage3_rows,0.021373616368462224,SI216_shuffled,33,74
speed_1s_stage3_col1_mean,0.021788719052010543,SI216_shuffled,33,74
speed_1s_stage3_col1_std_over_mean,0.03514128443229854,SI216_shuffled,33,74
speed_1s_stage3_col2_mean,0.010323276135329454,SI216_shuffled,33,74
speed_1s_stage3_col2_std_over_mean,0.04214836063427919,SI216_shuffled,33,74
speed_1s_stage4_rows,0.011948750778371688,SI216_shuffled,33,74
speed_1s_stage4_col1_mean,0.022381435231403894,SI216_shuffled,33,74
speed_1s_stage4_col1_std_over_mean,0.03546498777779725,SI216_shuffled,33,74
speed_1s_stage4_col2_mean,0.02160201338726231,SI216_shuffled,33,74
speed_1s_stage4_col2_std_over_mean,0.02854678935839898,SI216_shuffled,33,74
speed_1s_stage5_rows,0.0013174677660501152,SI216_shuffled,33,74
speed_1s_stage5_col1_mean,0.012823757605991153,SI216_shuffled,33,74
speed_1s_stage5_col1_std_over_mean,0.06619174947106275,SI216_shuffled,33,74
speed_1s_stage5_col2_mean,0.012515052431386415,SI216_shuffled,33,74
speed_1s_stage5_col2_std_over_mean,0.017175885852011283,SI216_shuffled,33,74
speed_10s_avg_rows,0.01366319874713321,SI216_shuffled,33,74
speed_10s_avg_stage2_rows,0.005390374887226152,SI216_shuffled,33,74
speed_10s_avg_stage2_col1_mean,0.01861505146215419,SI216_shuffled,33,74
speed_10s_avg_stage2_col1_std_over_mean,0.03385628205957498,SI216_shuffled,33,74
speed_10s_avg_stage2_col2_mean,0.012385366195406195,SI216_shuffled,33,74
speed_10s_avg_stage2_col2_std_over_mean,0.025448296239272222,SI216_shuffled,33,74
speed_10s_avg_stage3_rows,0.014322895991997082,SI216_shuffled,33,74
speed_10s_avg_stage3_col1_mean,0.02324297965306919,SI216_shuffled,33,74
speed_10s_avg_stage3_col1_std_over_mean,0.021478043454488678,SI216_shuffled,33,74
speed_10s_avg_stage3_col2_mean,0.006088973117241496,SI216_shuffled,33,74
speed_10s_avg_stage3_col2_std_over_mean,0.02752603234424629,SI216_shuffled,33,74
speed_10s_avg_stage4_rows,0.014949355340446214,SI216_shuffled,33,74
speed_10s_avg_stage4_col1_mean,0.020436334638859213,SI216_shuffled,33,74
speed_10s_avg_stage4_col1_std_over_mean,0.022748247401282125,SI216_shuffled,33,74
speed_10s_avg_stage4_col2_mean,0.020132798496176083,SI216_shuffled,33,74
speed_10s_avg_stage4_col2_std_over_mean,0.031510378573292884,SI216_shuffled,33,74
speed_10s_avg_stage5_rows,0.0017957854157970303,SI216_shuffled,33,74
speed_10s_avg_stage5_col1_mean,0.012160789442597105,SI216_shuffled,33,74
speed_10s_avg_stage5_col1_std_over_mean,0.018432897584868206,SI216_shuffled,33,74
speed_10s_avg_stage5_col2_mean,0.008304424017554617,SI216_shuffled,33,74
speed_10s_avg_stage5_col2_std_over_mean,0.025929700179881426,SI216_shuffled,33,74
stage_2_frames,0.01327884004845779,SI216_shuffled,34,75
stage_3_frames,0.009634011039109266,SI216_shuffled,34,75
stage_4_frames,0.01878387245049774,SI216_shuffled,34,75
stage_5_frames,0.013128925897679122,SI216_shuffled,34,75
roam_mean,0.02432470637098798,SI216_shuffled,34,75
roam_std_over_mean,0.011069168764411535,SI216_shuffled,34,75
roam_early_mean,0.008808401089323395,SI216_shuffled,34,75
roam_mid_mean,0.1032042405212397,SI216_shuffled,34,75
roam_late_mean,0.020961916810384177,SI216_shuffled,34,75
roam_slope,0.02498863004330483,SI216_shuffled,34,75
speed_1s_rows,0.012122984949386146,SI216_shuffled,34,75
speed_1s_stage2_rows,0.005384689812360738,SI216_shuffled,34,75
speed_1s_stage2_col1_mean,0.013008912138954576,SI216_shuffled,34,75
speed_1s_stage2_col1_std_over_mean,0.014304337227650538,SI216_shuffled,34,75
speed_1s_stage2_col2_mean,0.022504912218854818,SI216_shuffled,34,75
speed_1s_stage2_col2_std_over_mean,0.016197128390196092,SI216_shuffled,34,75
speed_1s_stage3_rows,0.021345087089196656,SI216_shuffled,34,75
speed_1s_stage3_col1_mean,0.0074220541919058965,SI216_shuffled,34,75
speed_1s_stage3_col1_std_over_mean,0.021973806071575206,SI216_shuffled,34,75
speed_1s_stage3_col2_mean,0.0056489591366212615,SI216_shuffled,34,75
speed_1s_stage3_col2_std_over_mean,0.014527499633217034,SI216_shuffled,34,75
speed_1s_stage4_rows,0.011108376700688356,SI216_shuffled,34,75
speed_1s_stage4_col1_mean,0.018523727206350142,SI216_shuffled,34,75
speed_1s_stage4_col1_std_over_mean,0.015733248918396607,SI216_shuffled,34,75
speed_1s_stage4_col2_mean,0.0856821200691708,SI216_shuffled,34,75
speed_1s_stage4_col2_std_over_mean,0.045627867518605265,SI216_shuffled,34,75
speed_1s_stage5_rows,0.000982423064934652,SI216_shuffled,34,75
speed_1s_stage5_col1_mean,0.007126412368889667,SI216_shuffled,34,75
speed_1s_stage5_col1_std_over_mean,0.03440456577311878,SI216_shuffled,34,75
speed_1s_stage5_col2_mean,0.010281055130521449,SI216_shuffled,34,75
speed_1s_stage5_col2_std_over_mean,0.0069126196313391555,SI216_shuffled,34,75
speed_10s_avg_rows,0.009988462414116325,SI216_shuffled,34,75
speed_10s_avg_stage2_rows,0.010329925028332335,SI216_shuffled,34,75
speed_10s_avg_stage2_col1_mean,0.010690072813707764,SI216_shuffled,34,75
speed_10s_avg_stage2_col1_std_over_mean,0.014836099422755903,SI216_shuffled,34,75
speed_10s_avg_stage2_col2_mean,0.023196294527838827,SI216_shuffled,34,75
speed_10s_avg_stage2_col2_std_over_mean,0.013036937427972187,SI216_shuffled,34,75
speed_10s_avg_stage3_rows,0.02146507919677746,SI216_shuffled,34,75
speed_10s_avg_stage3_col1_mean,0.0048742257630539285,SI216_shuffled,34,75
speed_10s_avg_stage3_col1_std_over_mean,0.017036377269112484,SI216_shuffled,34,75
speed_10s_avg_stage3_col2_mean,0.008427526465232643,SI216_shuffled,34,75
speed_10s_avg_stage3_col2_std_over_mean,0.011995125654972929,SI216_shuffled,34,75
speed_10s_avg_stage4_rows,0.013550510955582417,SI216_shuffled,34,75
speed_10s_avg_stage4_col1_mean,0.024756399714000985,SI216_shuffled,34,75
speed_10s_avg_stage4_col1_std_over_mean,0.012423197028862588,SI216_shuffled,34,75
speed_10s_avg_stage4_col2_mean,0.07507146936118551,SI216_shuffled,34,75
speed_10s_avg_stage4_col2_std_over_mean,0.035241797484138276,SI216_shuffled,34,75
speed_10s_avg_stage5_rows,0.0007638707601205914,SI216_shuffled,34,75
speed_10s_avg_stage5_col1_mean,0.007073822743715208,SI216_shuffled,34,75
speed_10s_avg_stage5_col1_std_over_mean,0.016409762010143963,SI216_shuffled,34,75
speed_10s_avg_stage5_col2_mean,0.008927194551495848,SI216_shuffled,34,75
speed_10s_avg_stage5_col2_std_over_mean,0.020900349129552614,SI216_shuffled,34,75
stage_2_frames,0.015608327129342365,SI216_shuffled,35,76
stage_3_frames,0.007775766700441059,SI216_shuffled,35,76
stage_4_frames,0.03227956844099173,SI216_shuffled,35,76
stage_5_frames,0.007263605881574549,SI216_shuffled,35,76
roam_mean,0.010104434700858363,SI216_shuffled,35,76
roam_std_over_mean,0.014589900644916212,SI216_shuffled,35,76
roam_early_mean,0.010649223967009085,SI216_shuffled,35,76
roam_mid_mean,0.03410781155417104,SI216_shuffled,35,76
roam_late_mean,0.01728726626857677,SI216_shuffled,35,76
roam_slope,0.08793757265608035,SI216_shuffled,35,76
speed_1s_rows,0.006010543346225532,SI216_shuffled,35,76
speed_1s_stage2_rows,0.011752519705437321,SI216_shuffled,35,76
speed_1s_stage2_col1_mean,0.009222436365881695,SI216_shuffled,35,76
speed_1s_stage2_col1_std_over_mean,0.014337836850418399,SI216_shuffled,35,76
speed_1s_stage2_col2_mean,0.02133737312419659,SI216_shuffled,35,76
speed_1s_stage2_col2_std_over_mean,0.012520381544878629,SI216_shuffled,35,76
speed_1s_stage3_rows,0.028298465633466763,SI216_shuffled,35,76
speed_1s_stage3_col1_mean,0.00975585270305888,SI216_shuffled,35,76
speed_1s_stage3_col1_std_over_mean,0.012400820005310736,SI216_shuffled,35,76
speed_1s_stage3_col2_mean,0.015178708614647565,SI216_shuffled,35,76
speed_1s_stage3_col2_std_over_mean,0.0808291930940222,SI216_shuffled,35,76
speed_1s_stage4_rows,0.006986133584084708,SI216_shuffled,35,76
speed_1s_stage4_col1_mean,0.009055553899808904,SI216_shuffled,35,76
speed_1s_stage4_col1_std_over_mean,0.024538694562715506,SI216_shuffled,35,76
speed_1s_stage4_col2_mean,0.015582918832815408,SI216_shuffled,35,76
speed_1s_stage4_col2_std_over_mean,0.030779950707455064,SI216_shuffled,35,76
speed_1s_stage5_rows,0.00046995642123794014,SI216_shuffled,35,76
speed_1s_stage5_col1_mean,0.021473961921445236,SI216_shuffled,35,76
speed_1s_stage5_col1_std_over_mean,0.026857682190113863,SI216_shuffled,35,76
speed_1s_stage5_col2_mean,0.016877363471309692,SI216_shuffled,35,76
speed_1s_stage5_col2_std_over_mean,0.009429925250915927,SI216_shuffled,35,76
speed_10s_avg_rows,0.009202543228739717,SI216_shuffled,35,76
speed_10s_avg_stage2_rows,0.009742886453127108,SI216_shuffled,35,76
speed_10s_avg_stage2_col1_mean,0.013864600799406957,SI216_shuffled,35,76
speed_10s_avg_stage2_col1_std_over_mean,0.026235200189036696,SI216_shuffled,35,76
speed_10s_avg_stage2_col2_mean,0.012675774851739754,SI216_shuffled,35,76
speed_10s_avg_stage2_col2_std_over_mean,0.01683473904687398,SI216_shuffled,35,76
speed_10s_avg_stage3_rows,0.020231055756167956,SI216_shuffled,35,76
speed_10s_avg_stage3_col1_mean,0.012809979957412024,SI216_shuffled,35,76
speed_10s_avg_stage3_col1_std_over_mean,0.04670551775195379,SI216_shuffled,35,76
speed_10s_avg_stage3_col2_mean,0.024188562211215233,SI216_shuffled,35,76
speed_10s_avg_stage3_col2_std_over_mean,0.024955648365772742,SI216_shuffled,35,76
speed_10s_avg_stage4_rows,0.007413533135909245,SI216_shuffled,35,76
speed_10s_avg_stage4_col1_mean,0.014743521983172017,SI216_shuffled,35,76
speed_10s_avg_stage4_col1_std_over_mean,0.02338935737154205,SI216_shuffled,35,76
speed_10s_avg_stage4_col2_mean,0.015052417593994259,SI216_shuffled,35,76
speed_10s_avg_stage4_col2_std_over_mean,0.011590054347089984,SI216_shuffled,35,76
speed_10s_avg_stage5_rows,0.0001064098218207502,SI216_shuffled,35,76
speed_10s_avg_stage5_col1_mean,0.029402815345324105,SI216_shuffled,35,76
speed_10s_avg_stage5_col1_std_over_mean,0.022279170567003036,SI216_shuffled,35,76
speed_10s_avg_stage5_col2_mean,0.016469728516112725,SI216_shuffled,35,76
speed_10s_avg_stage5_col2_std_over_mean,0.020806732933177766,SI216_shuffled,35,76
stage_2_frames,0.0115640470565252,SI216_shuffled,36,77
stage_3_frames,0.008810989445263963,SI216_shuffled,36,77
stage_4_frames,0.03872534237113463,SI216_shuffled,36,77
stage_5_frames,0.009737261430057886,SI216_shuffled,36,77
roam_mean,0.027507068604053504,SI216_shuffled,36,77
roam_std_over_mean,0.023124024950253595,SI216_shuffled,36,77
roam_early_mean,0.011107877344999113,SI216_shuffled,36,77
roam_mid_mean,0.09915744851014854,SI216_shuffled,36,77
roam_late_mean,0.0171205660722644,SI216_shuffled,36,77
roam_slope,0.011943927606370653,SI216_shuffled,36,77
speed_1s_rows,0.015098247575616905,SI216_shuffled,36,77
speed_1s_stage2_rows,0.012369046470244534,SI216_shuffled,36,77
speed_1s_stage2_col1_mean,0.012623956358979458,SI216_shuffled,36,77
speed_1s_stage2_col1_std_over_mean,0.021557544607224956,SI216_shuffled,36,77
speed_1s_stage2_col2_mean,0.01350347282742475,SI216_shuffled,36,77
speed_1s_stage2_col2_std_over_mean,0.013488673411519683,SI216_shuffled,36,77
speed_1s_stage3_rows,0.02332358939630112,SI216_shuffled,36,77
speed_1s_stage3_col1_mean,0.010550120273311467,SI216_shuffled,36,77
speed_1s_stage3_col1_std_over_mean,0.021314285185305554,SI216_shuffled,36,77
speed_1s_stage3_col2_mean,0.008063712949493654,SI216_shuffled,36,77
speed_1s_stage3_col2_std_over_mean,0.019605778276267298,SI216_shuffled,36,77
speed_1s_stage4_rows,0.011941421943703772,SI216_shuffled,36,77
speed_1s_stage4_col1_mean,0.015771902889137122,SI216_shuffled,36,77
speed_1s_stage4_col1_std_over_mean,0.018644441610986804,SI216_shuffled,36,77
speed_1s_stage4_col2_mean,0.03129634615596483,SI216_shuffled,36,77
speed_1s_stage4_col2_std_over_mean,0.03623385809563542,SI216_shuffled,36,77
speed_1s_stage5_rows,0.0009810824866811243,SI216_shuffled,36,77
speed_1s_stage5_col1_mean,0.012420972448044078,SI216_shuffled,36,77
speed_1s_stage5_col1_std_over_mean,0.028435812944464876,SI216_shuffled,36,77
speed_1s_stage5_col2_mean,0.010923707916501994,SI216_shuffled,36,77
speed_1s_stage5_col2_std_over_mean,0.01288940763925383,SI216_shuffled,36,77
speed_10s_avg_rows,0.013848738526228305,SI216_shuffled,36,77
speed_10s_avg_stage2_rows,0.006441966753557275,SI216_shuffled,36,77
speed_10s_avg_stage2_col1_mean,0.01360529211629423,SI216_shuffled,36,77
speed_10s_avg_stage2_col1_std_over_mean,0.06036344581155157,SI216_shuffled,36,77
speed_10s_avg_stage2_col2_mean,0.01596543813708239,SI216_shuffled,36,77
speed_10s_avg_stage2_col2_std_over_mean,0.014209599735422464,SI216_shuffled,36,77
speed_10s_avg_stage3_rows,0.028511368124877194,SI216_shuffled,36,77
speed_10s_avg_stage3_col1_mean,0.01689170882928884,SI216_shuffled,36,77
speed_10s_avg_stage3_col1_std_over_mean,0.030590921698463985,SI216_shuffled,36,77
speed_10s_avg_stage3_col2_mean,0.007879506398745618,SI216_shuffled,36,77
speed_10s_avg_stage3_col2_std_over_mean,0.019756071617886787,SI216_shuffled,36,77
speed_10s_avg_stage4_rows,0.01274099664798087,SI216_shuffled,36,77
speed_10s_avg_stage4_col1_mean,0.015170253723265187,SI216_shuffled,36,77
speed_10s_avg_stage4_col1_std_over_mean,0.010972468755055037,SI216_shuffled,36,77
speed_10s_avg_stage4_col2_mean,0.032851175880150664,SI216_shuffled,36,77
speed_10s_avg_stage4_col2_std_over_mean,0.015411795525118979,SI216_shuffled,36,77
speed_10s_avg_stage5_rows,0.00018457269616611475,SI216_shuffled,36,77
speed_10s_avg_stage5_col1_mean,0.012708174361392792,SI216_shuffled,36,77
speed_10s_avg_stage5_col1_std_over_mean,0.01692459239422744,SI216_shuffled,36,77
speed_10s_avg_stage5_col2_mean,0.017952770569827917,SI216_shuffled,36,77
speed_10s_avg_stage5_col2_std_over_mean,0.02718320684428163,SI216_shuffled,36,77
stage_2_frames,0.011401693667144091,SI216_shuffled,37,78
stage_3_frames,0.008006215374073474,SI216_shuffled,37,78
stage_4_frames,0.026174101171061434,SI216_shuffled,37,78
stage_5_frames,0.013293197124871477,SI216_shuffled,37,78
roam_mean,0.011346161062450337,SI216_shuffled,37,78
roam_std_over_mean,0.015528374896873394,SI216_shuffled,37,78
roam_early_mean,0.015449577640177884,SI216_shuffled,37,78
roam_mid_mean,0.09155049471427505,SI216_shuffled,37,78
roam_late_mean,0.015276144823203644,SI216_shuffled,37,78
roam_slope,0.030935239747157808,SI216_shuffled,37,78
speed_1s_rows,0.010544786619157493,SI216_shuffled,37,78
speed_1s_stage2_rows,0.006911100318290219,SI216_shuffled,37,78
speed_1s_stage2_col1_mean,0.011770816578357905,SI216_shuffled,37,78
speed_1s_stage2_col1_std_over_mean,0.01128479326175576,SI216_shuffled,37,78
speed_1s_stage2_col2_mean,0.012976920883800877,SI216_shuffled,37,78
speed_1s_stage2_col2_std_over_mean,0.013386114747218581,SI216_shuffled,37,78
speed_1s_stage3_rows,0.03343414210161356,SI216_shuffled,37,78
speed_1s_stage3_col1_mean,0.007355945659679622,SI216_shuffled,37,78
speed_1s_stage3_col1_std_over_mean,0.021080980599652632,SI216_shuffled,37,78
speed_1s_stage3_col2_mean,0.012370198010265947,SI216_shuffled,37,78
speed_1s_stage3_col2_std_over_mean,0.029196406320565173,SI216_shuffled,37,78
speed_1s_stage4_rows,0.012073473735442049,SI216_shuffled,37,78
speed_1s_stage4_col1_mean,0.012515591274642534,SI216_shuffled,37,78
speed_1s_stage4_col1_std_over_mean,0.02080490247276627,SI216_shuffled,37,78
speed_1s_stage4_col2_mean,0.03171084205280189,SI216_shuffled,37,78
speed_1s_stage4_col2_std_over_mean,0.04605998077934462,SI216_shuffled,37,78
speed_1s_stage5_rows,0.004449116961065316,SI216_shuffled,37,78
speed_1s_stage5_col1_mean,0.01688788388854131,SI216_shuffled,37,78
speed_1s_stage5_col1_std_over_mean,0.05301881512130311,SI216_shuffled,37,78
speed_1s_stage5_col2_mean,0.02724838483898137,SI216_shuffled,37,78
speed_1s_stage5_col2_std_over_mean,0.012245099209431723,SI216_shuffled,37,78
speed_10s_avg_rows,0.006733226611133589,SI216_shuffled,37,78
speed_10s_avg_stage2_rows,0.009020657298600493,SI216_shuffled,37,78
speed_10s_avg_stage2_col1_mean,0.011881335780260058,SI216_shuffled,37,78
speed_10s_avg_stage2_col1_std_over_mean,0.018400724442274717,SI216_shuffled,37,78
speed_10s_avg_stage2_col2_mean,0.017848498808842612,SI216_shuffled,37,78
speed_10s_avg_stage2_col2_std_over_mean,0.02634612445533324,SI216_shuffled,37,78
speed_10s_avg_stage3_rows,0.020254244012481673,SI216_shuffled,37,78
speed_10s_avg_stage3_col1_mean,0.00737667229149201,SI216_shuffled,37,78
speed_10s_avg_stage3_col1_std_over_mean,0.023438548628708398,SI216_shuffled,37,78
speed_10s_avg_stage3_col2_mean,0.006307340257877874,SI216_shuffled,37,78
speed_10s_avg_stage3_col2_std_over_mean,0.0363488830606596,SI216_shuffled,37,78
speed_10s_avg_stage4_rows,0.010673140886360719,SI216_shuffled,37,78
speed_10s_avg_stage4_col1_mean,0.012653079011366485,SI216_shuffled,37,78
speed_10s_avg_stage4_col1_std_over_mean,0.014613310042842838,SI216_shuffled,37,78
speed_10s_avg_stage4_col2_mean,0.026759386996893623,SI216_shuffled,37,78
speed_10s_avg_stage4_col2_std_over_mean,0.02572774349523341,SI216_shuffled,37,78
speed_10s_avg_stage5_rows,0.006292873256870725,SI216_shuffled,37,78
speed_10s_avg_stage5_col1_mean,0.021655420267085782,SI216_shuffled,37,78
speed_10s_avg_stage5_col1_std_over_mean,0.012666898918194796,SI216_shuffled,37,78
speed_10s_avg_stage5_col2_mean,0.02037393417877912,SI216_shuffled,37,78
speed_10s_avg_stage5_col2_std_over_mean,0.018340461642741716,SI216_shuffled,37,78
stage_2_frames,0.019325377625682122,SI216_shuffled,38,79
stage_3_frames,0.004666241069616862,SI216_shuffled,38,79
stage_4_frames,0.033919518838080476,SI216_shuffled,38,79
stage_5_frames,0.008593835765375557,SI216_shuffled,38,79
roam_mean,0.006982112780844757,SI216_shuffled,38,79
roam_std_over_mean,0.020253406582005147,SI216_shuffled,38,79
roam_early_mean,0.01205682336988481,SI216_shuffled,38,79
roam_mid_mean,0.1291956014804068,SI216_shuffled,38,79
roam_late_mean,0.004507419258802099,SI216_shuffled,38,79
roam_slope,0.028497198035542435,SI216_shuffled,38,79
speed_1s_rows,0.007631833031846217,SI216_shuffled,38,79
speed_1s_stage2_rows,0.005403818832543161,SI216_shuffled,38,79
speed_1s_stage2_col1_mean,0.012478771541331181,SI216_shuffled,38,79
speed_1s_stage2_col1_std_over_mean,0.013234619672954024,SI216_shuffled,38,79
speed_1s_stage2_col2_mean,0.01941352830068065,SI216_shuffled,38,79
speed_1s_stage2_col2_std_over_mean,0.010039686395538133,SI216_shuffled,38,79
speed_1s_stage3_rows,0.03004085990862818,SI216_shuffled,38,79
speed_1s_stage3_col1_mean,0.006583383202314793,SI216_shuffled,38,79
speed_1s_stage3_col1_std_over_mean,0.027923449268017608,SI216_shuffled,38,79
speed_1s_stage3_col2_mean,0.014159168394390624,SI216_shuffled,38,79
speed_1s_stage3_col2_std_over_mean,0.02096627979621005,SI216_shuffled,38,79
speed_1s_stage4_rows,0.0073468923426741025,SI216_shuffled,38,79
speed_1s_stage4_col1_mean,0.005390207510809116,SI216_shuffled,38,79
speed_1s_stage4_col1_std_over_mean,0.01696628246022332,SI216_shuffled,38,79
speed_1s_stage4_col2_mean,0.012905286658279724,SI216_shuffled,38,79
speed_1s_stage4_col2_std_over_mean,0.036796829206907376,SI216_shuffled,38,79
speed_1s_stage5_rows,0.002808895526377022,SI216_shuffled,38,79
speed_1s_stage5_col1_mean,0.012147696095756083,SI216_shuffled,38,79
speed_1s_stage5_col1_std_over_mean,0.039013174341967494,SI216_shuffled,38,79
speed_1s_stage5_col2_mean,0.009859124589557284,SI216_shuffled,38,79
speed_1s_stage5_col2_std_over_mean,0.010399589010441322,SI216_shuffled,38,79
speed_10s_avg_rows,0.0069317066253978595,SI216_shuffled,38,79
speed_10s_avg_stage2_rows,0.007871072131976438,SI216_shuffled,38,79
speed_10s_avg_stage2_col1_mean,0.01317293403540822,SI216_shuffled,38,79
speed_10s_avg_stage2_col1_std_over_mean,0.019460613659486654,SI216_shuffled,38,79
speed_10s_avg_stage2_col2_mean,0.02081125152337928,SI216_shuffled,38,79
speed_10s_avg_stage2_col2_std_over_mean,0.021668423944371958,SI216_shuffled,38,79
speed_10s_avg_stage3_rows,0.031560257594335346,SI216_shuffled,38,79
speed_10s_avg_stage3_col1_mean,0.011267079448565816,SI216_shuffled,38,79
speed_10s_avg_stage3_col1_std_over_mean,0.031758652938010105,SI216_shuffled,38,79
speed_10s_avg_stage3_col2_mean,0.016280247877481027,SI216_shuffled,38,79
speed_10s_avg_stage3_col2_std_over_mean,0.0345039712632393,SI216_shuffled,38,79
speed_10s_avg_stage4_rows,0.010049681480386187,SI216_shuffled,38,79
speed_10s_avg_stage4_col1_mean,0.01053481428879394,SI216_shuffled,38,79
speed_10s_avg_stage4_col1_std_over_mean,0.040631261016878154,SI216_shuffled,38,79
speed_10s_avg_stage4_col2_mean,0.017446247631403556,SI216_shuffled,38,79
speed_10s_avg_stage4_col2_std_over_mean,0.04199257624530506,SI216_shuffled,38,79
speed_10s_avg_stage5_rows,0.003647576500327923,SI216_shuffled,38,79
speed_10s_avg_stage5_col1_mean,0.023483467278147763,SI216_shuffled,38,79
speed_10s_avg_stage5_col1_std_over_mean,0.012454791908878965,SI216_shuffled,38,79
speed_10s_avg_stage5_col2_mean,0.012676084923056136,SI216_shuffled,38,79
speed_10s_avg_stage5_col2_std_over_mean,0.02229037679148182,SI216_shuffled,38,79
stage_2_frames,0.01754760459349106,SI216_shuffled,39,80
stage_3_frames,0.013249006231658757,SI216_shuffled,39,80
stage_4_frames,0.022252063752199545,SI216_shuffled,39,80
stage_5_frames,0.015242688110583335,SI216_shuffled,39,80
roam_mean,0.011980347129315236,SI216_shuffled,39,80
roam_std_over_mean,0.022310660413308734,SI216_shuffled,39,80
roam_early_mean,0.012748788059700054,SI216_shuffled,39,80
roam_mid_mean,0.07341575815916845,SI216_shuffled,39,80
roam_late_mean,0.022702156611585124,SI216_shuffled,39,80
roam_slope,0.02205361808154521,SI216_shuffled,39,80
speed_1s_rows,0.012827799971662245,SI216_shuffled,39,80
speed_1s_stage2_rows,0.013681540843623677,SI216_shuffled,39,80
speed_1s_stage2_col1_mean,0.012913208350630645,SI216_shuffled,39,80
speed_1s_stage2_col1_std_over_mean,0.01070454697307618,SI216_shuffled,39,80
speed_1s_stage2_col2_mean,0.01333135827038256,SI216_shuffled,39,80
speed_1s_stage2_col2_std_over_mean,0.013239246441172348,SI216_shuffled,39,80
speed_1s_stage3_rows,0.028125635671164984,SI216_shuffled,39,80
speed_1s_stage3_col1_mean,0.009704920593478227,SI216_shuffled,39,80
speed_1s_stage3_col1_std_over_mean,0.017944695492313426,SI216_shuffled,39,80
speed_1s_stage3_col2_mean,0.005829050668091784,SI216_shuffled,39,80
speed_1s_stage3_col2_std_over_mean,0.01817289580463586,SI216_shuffled,39,80
speed_1s_stage4_rows,0.013912690741241457,SI216_shuffled,39,80
speed_1s_stage4_col1_mean,0.012150843736348678,SI216_shuffled,39,80
speed_1s_stage4_col1_std_over_mean,0.023003186405699136,SI216_shuffled,39,80
speed_1s_stage4_col2_mean,0.029331167658264316,SI216_shuffled,39,80
speed_1s_stage4_col2_std_over_mean,0.03656727876804289,SI216_shuffled,39,80
speed_1s_stage5_rows,0.0008665011987942603,SI216_shuffled,39,80
speed_1s_stage5_col1_mean,0.03798785016147704,SI216_shuffled,39,80
speed_1s_stage5_col1_std_over_mean,0.03682786567996934,SI216_shuffled,39,80
speed_1s_stage5_col2_mean,0.01181886792834223,SI216_shuffled,39,80
speed_1s_stage5_col2_std_over_mean,0.011263644456591886,SI216_shuffled,39,80
speed_10s_avg_rows,0.008431649089085348,SI216_shuffled,39,80
speed_10s_avg_stage2_rows,0.028213045500599422,SI216_shuffled,39,80
speed_10s_avg_stage2_col1_mean,0.008180062381972162,SI216_shuffled,39,80
speed_10s_avg_stage2_col1_std_over_mean,0.019388437263486467,SI216_shuffled,39,80
speed_10s_avg_stage2_col2_mean,0.014338546800435212,SI216_shuffled,39,80
speed_10s_avg_stage2_col2_std_over_mean,0.026937694300169575,SI216_shuffled,39,80
speed_10s_avg_stage3_rows,0.029330496651824738,SI216_shuffled,39,80
speed_10s_avg_stage3_col1_mean,0.010580639603661299,SI216_shuffled,39,80
speed_10s_avg_stage3_col1_std_over_mean,0.024809113586544185,SI216_shuffled,39,80
speed_10s_avg_stage3_col2_mean,0.006779193934161041,SI216_shuffled,39,80
speed_10s_avg_stage3_col2_std_over_mean,0.018811021272818588,SI216_shuffled,39,80
speed_10s_avg_stage4_rows,0.019514442711207412,SI216_shuffled,39,80
speed_10s_avg_stage4_col1_mean,0.01759241954210857,SI216_shuffled,39,80
speed_10s_avg_stage4_col1_std_over_mean,0.021187547958272858,SI216_shuffled,39,80
speed_10s_avg_stage4_col2_mean,0.030535933726846074,SI216_shuffled,39,80
speed_10s_avg_stage4_col2_std_over_mean,0.022250780274235656,SI216_shuffled,39,80
speed_10s_avg_stage5_rows,0.00040849428433081076,SI216_shuffled,39,80
speed_10s_avg_stage5_col1_mean,0.029842438545634575,SI216_shuffled,39,80
speed_10s_avg_stage5_col1_std_over_mean,0.01944018365941914,SI216_shuffled,39,80
speed_10s_avg_stage5_col2_mean,0.009693958748312886,SI216_shuffled,39,80
speed_10s_avg_stage5_col2_std_over_mean,0.030026413207315326,SI216_shuffled,39,80
stage_2_frames,0.022478918580032713,SI216_shuffled,40,81
stage_3_frames,0.003928899943863862,SI216_shuffled,40,81
stage_4_frames,0.010981924979237561,SI216_shuffled,40,81
stage_5_frames,0.02318425827545283,SI216_shuffled,40,81
roam_mean,0.02180420341784664,SI216_shuffled,40,81
roam_std_over_mean,0.03250874481797215,SI216_shuffled,40,81
roam_early_mean,0.005678689139653728,SI216_shuffled,40,81
roam_mid_mean,0.05477052743808193,SI216_shuffled,40,81
roam_late_mean,0.014344201271519334,SI216_shuffled,40,81
roam_slope,0.01803583222107914,SI216_shuffled,40,81
speed_1s_rows,0.022724121187121374,SI216_shuffled,40,81
speed_1s_stage2_rows,0.006947543663572269,SI216_shuffled,40,81
speed_1s_stage2_col1_mean,0.010124150645787703,SI216_shuffled,40,81
speed_1s_stage2_col1_std_over_mean,0.02529650127527684,SI216_shuffled,40,81
speed_1s_stage2_col2_mean,0.014507850034888567,SI216_shuffled,40,81
speed_1s_stage2_col2_std_over_mean,0.01432472842482541,SI216_shuffled,40,81
speed_1s_stage3_rows,0.016742254984040028,SI216_shuffled,40,81
speed_1s_stage3_col1_mean,0.012671104774801505,SI216_shuffled,40,81
speed_1s_stage3_col1_std_over_mean,0.0327156452960906,SI216_shuffled,40,81
speed_1s_stage3_col2_mean,0.01598592688181976,SI216_shuffled,40,81
speed_1s_stage3_col2_std_over_mean,0.017795179747369744,SI216_shuffled,40,81
speed_1s_stage4_rows,0.02389263849676186,SI216_shuffled,40,81
speed_1s_stage4_col1_mean,0.009847651676606414,SI216_shuffled,40,81
speed_1s_stage4_col1_std_over_mean,0.03442471740941964,SI216_shuffled,40,81
speed_1s_stage4_col2_mean,0.010309603889652188,SI216_shuffled,40,81
speed_1s_stage4_col2_std_over_mean,0.019574009405711704,SI216_shuffled,40,81
speed_1s_stage5_rows,0.00036540188153720267,SI216_shuffled,40,81
speed_1s_stage5_col1_mean,0.027715143594281136,SI216_shuffled,40,81
speed_1s_stage5_col1_std_over_mean,0.04249868877170739,SI216_shuffled,40,81
speed_1s_stage5_col2_mean,0.018440837796614387,SI216_shuffled,40,81
speed_1s_stage5_col2_std_over_mean,0.01843039423674573,SI216_shuffled,40,81
speed_10s_avg_rows,0.015389409271254794,SI216_shuffled,40,81
speed_10s_avg_stage2_rows,0.003266515307391475,SI216_shuffled,40,81
speed_10s_avg_stage2_col1_mean,0.00997259379774165,SI216_shuffled,40,81
speed_10s_avg_stage2_col1_std_over_mean,0.026371257856878667,SI216_shuffled,40,81
speed_10s_avg_stage2_col2_mean,0.012308853860332265,SI216_shuffled,40,81
speed_10s_avg_stage2_col2_std_over_mean,0.023438340927181577,SI216_shuffled,40,81
speed_10s_avg_stage3_rows,0.017848530777227575,SI216_shuffled,40,81
speed_10s_avg_stage3_col1_mean,0.015964304216018046,SI216_shuffled,40,81
speed_10s_avg_stage3_col1_std_over_mean,0.016495523135533104,SI216_shuffled,40,81
speed_10s_avg_stage3_col2_mean,0.01239717424271889,SI216_shuffled,40,81
speed_10s_avg_stage3_col2_std_over_mean,0.03464932913021966,SI216_shuffled,40,81
speed_10s_avg_stage4_rows,0.025732152107263307,SI216_shuffled,40,81
speed_10s_avg_stage4_col1_mean,0.012647034441831111,SI216_shuffled,40,81
speed_10s_avg_stage4_col1_std_over_mean,0.020014642838174678,SI216_shuffled,40,81
speed_10s_avg_stage4_col2_mean,0.009067386059534477,SI216_shuffled,40,81
speed_10s_avg_stage4_col2_std_over_mean,0.03573022097694505,SI216_shuffled,40,81
speed_10s_avg_stage5_rows,0.002344521813961003,SI216_shuffled,40,81
speed_10s_avg_stage5_col1_mean,0.038438314593789664,SI216_shuffled,40,81
speed_10s_avg_stage5_col1_std_over_mean,0.022380371620090735,SI216_shuffled,40,81
speed_10s_avg_stage5_col2_mean,0.017653109529844356,SI216_shuffled,40,81
speed_10s_avg_stage5_col2_std_over_mean,0.024840119336696543,SI216_shuffled,40,81
stage_2_frames,0.015774928189945418,SI216_shuffled,41,82
stage_3_frames,0.006509816470065714,SI216_shuffled,41,82
stage_4_frames,0.02772117955443309,SI216_shuffled,41,82
stage_5_frames,0.010718811030305394,SI216_shuffled,41,82
roam_mean,0.04770543992964191,SI216_shuffled,41,82
roam_std_over_mean,0.02520542850703264,SI216_shuffled,41,82
roam_early_mean,0.012342351058036754,SI216_shuffled,41,82
roam_mid_mean,0.13950039315002064,SI216_shuffled,41,82
roam_late_mean,0.02098879054874098,SI216_shuffled,41,82
roam_slope,0.018448266155313378,SI216_shuffled,41,82
speed_1s_rows,0.017266891736903826,SI216_shuffled,41,82
speed_1s_stage2_rows,0.006112460463632182,SI216_shuffled,41,82
speed_1s_stage2_col1_mean,0.013283244329494548,SI216_shuffled,41,82
speed_1s_stage2_col1_std_over_mean,0.02128119139214171,SI216_shuffled,41,82
speed_1s_stage2_col2_mean,0.005582784542128915,SI216_shuffled,41,82
speed_1s_stage2_col2_std_over_mean,0.004454588975532684,SI216_shuffled,41,82
speed_1s_stage3_rows,0.03646689873606193,SI216_shuffled,41,82
speed_1s_stage3_col1_mean,0.006157389812569852,SI216_shuffled,41,82
speed_1s_stage3_col1_std_over_mean,0.009432241467715308,SI216_shuffled,41,82
speed_1s_stage3_col2_mean,0.008094386476020881,SI216_shuffled,41,82
speed_1s_stage3_col2_std_over_mean,0.02488750590612053,SI216_shuffled,41,82
speed_1s_stage4_rows,0.007588547244338019,SI216_shuffled,41,82
speed_1s_stage4_col1_mean,0.004707136705936767,SI216_shuffled,41,82
speed_1s_stage4_col1_std_over_mean,0.015629546134933777,SI216_shuffled,41,82
speed_1s_stage4_col2_mean,0.014427899768343138,SI216_shuffled,41,82
speed_1s_stage4_col2_std_over_mean,0.01554035723170362,SI216_shuffled,41,82
speed_1s_stage5_rows,0.008586218420144457,SI216_shuffled,41,82
speed_1s_stage5_col1_mean,0.025854922024415753,SI216_shuffled,41,82
speed_1s_stage5_col1_std_over_mean,0.017809011937987274,SI216_shuffled,41,82
speed_1s_stage5_col2_mean,0.021959503492787958,SI216_shuffled,41,82
speed_1s_stage5_col2_std_over_mean,0.016018945665721283,SI216_shuffled,41,82
speed_10s_avg_rows,0.01256239180399499,SI216_shuffled,41,82
speed_10s_avg_stage2_rows,0.0048879186312701835,SI216_shuffled,41,82
speed_10s_avg_stage2_col1_mean,0.020043314415936785,SI216_shuffled,41,82
speed_10s_avg_stage2_col1_std_over_mean,0.016816398406326507,SI216_shuffled,41,82
speed_10s_avg_stage2_col2_mean,0.007905276285257145,SI216_shuffled,41,82
speed_10s_avg_stage2_col2_std_over_mean,0.015436288825706426,SI216_shuffled,41,82
speed_10s_avg_stage3_rows,0.025468171063055996,SI216_shuffled,41,82
speed_10s_avg_stage3_col1_mean,0.008199162683281917,SI216_shuffled,41,82
speed_10s_avg_stage3_col1_std_over_mean,0.037029634687112435,SI216_shuffled,41,82
speed_10s_avg_stage3_col2_mean,0.009692366140038832,SI216_shuffled,41,82
speed_10s_avg_stage3_col2_std_over_mean,0.02590507244434001,SI216_shuffled,41,82
speed_10s_avg_stage4_rows,0.011683149554211462,SI216_shuffled,41,82
speed_10s_avg_stage4_col1_mean,0.006292524918501873,SI216_shuffled,41,82
speed_10s_avg_stage4_col1_std_over_mean,0.02494497130940676,SI216_shuffled,41,82
speed_10s_avg_stage4_col2_mean,0.01895954002325523,SI216_shuffled,41,82
speed_10s_avg_stage4_col2_std_over_mean,0.030166441096803307,SI216_shuffled,41,82
speed_10s_avg_stage5_rows,0.004496617903702834,SI216_shuffled,41,82
speed_10s_avg_stage5_col1_mean,0.025488929208739592,SI216_shuffled,41,82
speed_10s_avg_stage5_col1_std_over_mean,0.012510486148349504,SI216_shuffled,41,82
speed_10s_avg_stage5_col2_mean,0.02370784616637174,SI216_shuffled,41,82
speed_10s_avg_stage5_col2_std_over_mean,0.03174642122616612,SI216_shuffled,41,82
stage_2_frames,0.008581592885173945,SI216_shuffled,42,83
stage_3_frames,0.009874736288976128,SI216_shuffled,42,83
stage_4_frames,0.030571313823169292,SI216_shuffled,42,83
stage_5_frames,0.009683432024023334,SI216_shuffled,42,83
roam_mean,0.029115928452344873,SI216_shuffled,42,83
roam_std_over_mean,0.030809527526753238,SI216_shuffled,42,83
roam_early_mean,0.013844187495242953,SI216_shuffled,42,83
roam_mid_mean,0.10554711051321483,SI216_shuffled,42,83
roam_late_mean,0.004499208993139636,SI216_shuffled,42,83
roam_slope,0.009596119152774791,SI216_shuffled,42,83
speed_1s_rows,0.010229239373811231,SI216_shuffled,42,83
speed_1s_stage2_rows,0.008207991847421946,SI216_shuffled,42,83
speed_1s_stage2_col1_mean,0.014832430826259813,SI216_shuffled,42,83
speed_1s_stage2_col1_std_over_mean,0.01153560721038732,SI216_shuffled,42,83
speed_1s_stage2_col2_mean,0.013270631104372101,SI216_shuffled,42,83
speed_1s_stage2_col2_std_over_mean,0.01551973739240413,SI216_shuffled,42,83
speed_1s_stage3_rows,0.032892518256539854,SI216_shuffled,42,83
speed_1s_stage3_col1_mean,0.004594253593927708,SI216_shuffled,42,83
speed_1s_stage3_col1_std_over_mean,0.0192945188977616,SI216_shuffled,42,83
speed_1s_stage3_col2_mean,0.010938622239832338,SI216_shuffled,42,83
speed_1s_stage3_col2_std_over_mean,0.04717912729574738,SI216_shuffled,42,83
speed_1s_stage4_rows,0.006457833259746224,SI216_shuffled,42,83
speed_1s_stage4_col1_mean,0.008798636603785544,SI216_shuffled,42,83
speed_1s_stage4_col1_std_over_mean,0.01048215504570874,SI216_shuffled,42,83
speed_1s_stage4_col2_mean,0.02391084086442036,SI216_shuffled,42,83
speed_1s_stage4_col2_std_over_mean,0.0760639385459873,SI216_shuffled,42,83
speed_1s_stage5_rows,0.0007037925835802215,SI216_shuffled,42,83
speed_1s_stage5_col1_mean,0.05014977747988945,SI216_shuffled,42,83
speed_1s_stage5_col1_std_over_mean,0.030088494359042397,SI216_shuffled,42,83
speed_1s_stage5_col2_mean,0.01799655396772926,SI216_shuffled,42,83
speed_1s_stage5_col2_std_over_mean,0.012073716268767505,SI216_shuffled,42,83
speed_10s_avg_rows,0.011659045387302988,SI216_shuffled,42,83
speed_10s_avg_stage2_rows,0.010555083565577807,SI216_shuffled,42,83
speed_10s_avg_stage2_col1_mean,0.020249032796109956,SI216_shuffled,42,83
speed_10s_avg_stage2_col1_std_over_mean,0.013089658993161269,SI216_shuffled,42,83
speed_10s_avg_stage2_col2_mean,0.014760686808612028,SI216_shuffled,42,83
speed_10s_avg_stage2_col2_std_over_mean,0.01293159648473364,SI216_shuffled,42,83
speed_10s_avg_stage3_rows,0.02529326916188882,SI216_shuffled,42,83
speed_10s_avg_stage3_col1_mean,0.0079938928987441,SI216_shuffled,42,83
speed_10s_avg_stage3_col1_std_over_mean,0.013894982756656925,SI216_shuffled,42,83
speed_10s_avg_stage3_col2_mean,0.013169190766059281,SI216_shuffled,42,83
speed_10s_avg_stage3_col2_std_over_mean,0.01716744869029674,SI216_shuffled,42,83
speed_10s_avg_stage4_rows,0.012071939119200062,SI216_shuffled,42,83
speed_10s_avg_stage4_col1_mean,0.008194683779981164,SI216_shuffled,42,83
speed_10s_avg_stage4_col1_std_over_mean,0.0053202189618185665,SI216_shuffled,42,83
speed_10s_avg_stage4_col2_mean,0.023310423191279857,SI216_shuffled,42,83
speed_10s_avg_stage4_col2_std_over_mean,0.00852313837327595,SI216_shuffled,42,83
speed_10s_avg_stage5_rows,0.00045725107241678214,SI216_shuffled,42,83
speed_10s_avg_stage5_col1_mean,0.05451515255870995,SI216_shuffled,42,83
speed_10s_avg_stage5_col1_std_over_mean,0.009137700158767699,SI216_shuffled,42,83
speed_10s_avg_stage5_col2_mean,0.02530145499000982,SI216_shuffled,42,83
speed_10s_avg_stage5_col2_std_over_mean,0.01506057531346123,SI216_shuffled,42,83
stage_2_frames,0.014116449937545381,SI216_shuffled,43,84
stage_3_frames,0.005549022725803088,SI216_shuffled,43,84
stage_4_frames,0.031678635225052945,SI216_shuffled,43,84
stage_5_frames,0.006624093427144512,SI216_shuffled,43,84
roam_mean,0.011488257412015188,SI216_shuffled,43,84
roam_std_over_mean,0.017853364847648927,SI216_shuffled,43,84
roam_early_mean,0.0251497619364713,SI216_shuffled,43,84
roam_mid_mean,0.1416157506499715,SI216_shuffled,43,84
roam_late_mean,0.014305875140700103,SI216_shuffled,43,84
roam_slope,0.034093521921698,SI216_shuffled,43,84
speed_1s_rows,0.008193297844522622,SI216_shuffled,43,84
speed_1s_stage2_rows,0.008874903316831075,SI216_shuffled,43,84
speed_1s_stage2_col1_mean,0.01269295195168338,SI216_shuffled,43,84
speed_1s_stage2_col1_std_over_mean,0.018728336557417652,SI216_shuffled,43,84
speed_1s_stage2_col2_mean,0.01654502789911976,SI216_shuffled,43,84
speed_1s_stage2_col2_std_over_mean,0.004593556984940499,SI216_shuffled,43,84
speed_1s_stage3_rows,0.041908382346330444,SI216_shuffled,43,84
speed_1s_stage3_col1_mean,0.015698941899826273,SI216_shuffled,43,84
speed_1s_stage3_col1_std_over_mean,0.01554305448755336,SI216_shuffled,43,84
speed_1s_stage3_col2_mean,0.009854383313756035,SI216_shuffled,43,84
speed_1s_stage3_col2_std_over_mean,0.031732853330812216,SI216_shuffled,43,84
speed_1s_stage4_rows,0.007370593016855314,SI216_shuffled,43,84
speed_1s_stage4_col1_mean,0.013377455080631913,SI216_shuffled,43,84
speed_1s_stage4_col1_std_over_mean,0.019698780196649838,SI216_shuffled,43,84
speed_1s_stage4_col2_mean,0.01644357463053973,SI216_shuffled,43,84
speed_1s_stage4_col2_std_over_mean,0.030294468975011448,SI216_shuffled,43,84
speed_1s_stage5_rows,0.001332021911126536,SI216_shuffled,43,84
speed_1s_stage5_col1_mean,0.0048425320925481324,SI216_shuffled,43,84
speed_1s_stage5_col1_std_over_mean,0.03582357717073578,SI216_shuffled,43,84
speed_1s_stage5_col2_mean,0.00788381982848304,SI216_shuffled,43,84
speed_1s_stage5_col2_std_over_mean,0.017054369327214637,SI216_shuffled,43,84
speed_10s_avg_rows,0.011247976931627214,SI216_shuffled,43,84
speed_10s_avg_stage2_rows,0.009436394045437911,SI216_shuffled,43,84
speed_10s_avg_stage2_col1_mean,0.017319095445004463,SI216_shuffled,43,84
speed_10s_avg_stage2_col1_std_over_mean,0.016676649920570035,SI216_shuffled,43,84
speed_10s_avg_stage2_col2_mean,0.008240931489112124,SI216_shuffled,43,84
speed_10s_avg_stage2_col2_std_over_mean,0.02236478934040534,SI216_shuffled,43,84
speed_10s_avg_stage3_rows,0.037686676997698766,SI216_shuffled,43,84
speed_10s_avg_stage3_col1_mean,0.008475707988321738,SI216_shuffled,43,84
speed_10s_avg_stage3_col1_std_over_mean,0.031805771636781895,SI216_shuffled,43,84
speed_10s_avg_stage3_col2_mean,0.013416820603019191,SI216_shuffled,43,84
speed_10s_avg_stage3_col2_std_over_mean,0.0351426857798146,SI216_shuffled,43,84
speed_10s_avg_stage4_rows,0.010970600247472716,SI216_shuffled,43,84
speed_10s_avg_stage4_col1_mean,0.016706656337757902,SI216_shuffled,43,84
speed_10s_avg_stage4_col1_std_over_mean,0.01744814131777377,SI216_shuffled,43,84
speed_10s_avg_stage4_col2_mean,0.018584610143417373,SI216_shuffled,43,84
speed_10s_avg_stage4_col2_std_over_mean,0.028197261211150876,SI216_shuffled,43,84
speed_10s_avg_stage5_rows,0.001541453671295014,SI216_shuffled,43,84
speed_10s_avg_stage5_col1_mean,0.007502991292947602,SI216_shuffled,43,84
speed_10s_avg_stage5_col1_std_over_mean,0.012485036178328244,SI216_shuffled,43,84
speed_10s_avg_stage5_col2_mean,0.01215842444308904,SI216_shuffled,43,84
speed_10s_avg_stage5_col2_std_over_mean,0.02162970959233359,SI216_shuffled,43,84
stage_2_frames,0.019249241422074584,SI216_shuffled,44,85
stage_3_frames,0.007320691504922353,SI216_shuffled,44,85
stage_4_frames,0.033562963487407144,SI216_shuffled,44,85
stage_5_frames,0.014876602570177186,SI216_shuffled,44,85
roam_mean,0.0162257733054505,SI216_shuffled,44,85
roam_std_over_mean,0.01266523215823294,SI216_shuffled,44,85
roam_early_mean,0.00875785010770059,SI216_shuffled,44,85
roam_mid_mean,0.0441141655589158,SI216_shuffled,44,85
roam_late_mean,0.012123997727709786,SI216_shuffled,44,85
roam_slope,0.014893523701178683,SI216_shuffled,44,85
speed_1s_rows,0.014363390071443036,SI216_shuffled,44,85
speed_1s_stage2_rows,0.008067968418811843,SI216_shuffled,44,85
speed_1s_stage2_col1_mean,0.015094414561496499,SI216_shuffled,44,85
speed_1s_stage2_col1_std_over_mean,0.013958289942198164,SI216_shuffled,44,85
speed_1s_stage2_col2_mean,0.02195994898002143,SI216_shuffled,44,85
speed_1s_stage2_col2_std_over_mean,0.008641589265761451,SI216_shuffled,44,85
speed_1s_stage3_rows,0.04219178586700425,SI216_shuffled,44,85
speed_1s_stage3_col1_mean,0.010949891142168718,SI216_shuffled,44,85
speed_1s_stage3_col1_std_over_mean,0.016883743549885737,SI216_shuffled,44,85
speed_1s_stage3_col2_mean,0.010867960599297616,SI216_shuffled,44,85
speed_1s_stage3_col2_std_over_mean,0.02007406562373617,SI216_shuffled,44,85
speed_1s_stage4_rows,0.01467209377431244,SI216_shuffled,44,85
speed_1s_stage4_col1_mean,0.007524402415540561,SI216_shuffled,44,85
speed_1s_stage4_col1_std_over_mean,0.016047869874684612,SI216_shuffled,44,85
speed_1s_stage4_col2_mean,0.01426034713532527,SI216_shuffled,44,85
speed_1s_stage4_col2_std_over_mean,0.01989264326857938,SI216_shuffled,44,85
speed_1s_stage5_rows,0.00018308380410640013,SI216_shuffled,44,85
speed_1s_stage5_col1_mean,0.01823582879474087,SI216_shuffled,44,85
speed_1s_stage5_col1_std_over_mean,0.08968417935651203,SI216_shuffled,44,85
speed_1s_stage5_col2_mean,0.02591110705689899,SI216_shuffled,44,85
speed_1s_stage5_col2_std_over_mean,0.014843411299839399,SI216_shuffled,44,85
speed_10s_avg_rows,0.01685312237554364,SI216_shuffled,44,85
speed_10s_avg_stage2_rows,0.01042583535532857,SI216_shuffled,44,85
speed_10s_avg_stage2_col1_mean,0.015489620954354707,SI216_shuffled,44,85
speed_10s_avg_stage2_col1_std_over_mean,0.05359669482540772,SI216_shuffled,44,85
speed_10s_avg_stage2_col2_mean,0.021361437613570084,SI216_shuffled,44,85
speed_10s_avg_stage2_col2_std_over_mean,0.010262949071444339,SI216_shuffled,44,85
speed_10s_avg_stage3_rows,0.04229387796938221,SI216_shuffled,44,85
speed_10s_avg_stage3_col1_mean,0.012136049700698084,SI216_shuffled,44,85
speed_10s_avg_stage3_col1_std_over_mean,0.01460916280403712,SI216_shuffled,44,85
speed_10s_avg_stage3_col2_mean,0.007063923428774078,SI216_shuffled,44,85
speed_10s_avg_stage3_col2_std_over_mean,0.031078407765317666,SI216_shuffled,44,85
speed_10s_avg_stage4_rows,0.012898044331091308,SI216_shuffled,44,85
speed_10s_avg_stage4_col1_mean,0.00764780730451083,SI216_shuffled,44,85
speed_10s_avg_stage4_col1_std_over_mean,0.009340014547831546,SI216_shuffled,44,85
speed_10s_avg_stage4_col2_mean,0.01739181090061957,SI216_shuffled,44,85
speed_10s_avg_stage4_col2_std_over_mean,0.03316633690216529,SI216_shuffled,44,85
speed_10s_avg_stage5_rows,0.0012407944732986023,SI216_shuffled,44,85
speed_10s_avg_stage5_col1_mean,0.01712979137965769,SI216_shuffled,44,85
speed_10s_avg_stage5_col1_std_over_mean,0.011704979288588978,SI216_shuffled,44,85
speed_10s_avg_stage5_col2_mean,0.025312592294689455,SI216_shuffled,44,85
speed_10s_avg_stage5_col2_std_over_mean,0.04089869036755421,SI216_shuffled,44,85
stage_2_frames,0.01960260360434597,SI216_shuffled,45,86
stage_3_frames,0.006070806928345484,SI216_shuffled,45,86
stage_4_frames,0.031060509661012533,SI216_shuffled,45,86
stage_5_frames,0.01510751111208351,SI216_shuffled,45,86
roam_mean,0.024893685806494915,SI216_shuffled,45,86
roam_std_over_mean,0.06433167900588382,SI216_shuffled,45,86
roam_early_mean,0.009737356016080728,SI216_shuffled,45,86
roam_mid_mean,0.08144199956565722,SI216_shuffled,45,86
roam_late_mean,0.016657758200954467,SI216_shuffled,45,86
roam_slope,0.010919349809142952,SI216_shuffled,45,86
speed_1s_rows,0.01552974197663373,SI216_shuffled,45,86
speed_1s_stage2_rows,0.009928068234721988,SI216_shuffled,45,86
speed_1s_stage2_col1_mean,0.007473474854637152,SI216_shuffled,45,86
speed_1s_stage2_col1_std_over_mean,0.014768802031765497,SI216_shuffled,45,86
speed_1s_stage2_col2_mean,0.02217095478717556,SI216_shuffled,45,86
speed_1s_stage2_col2_std_over_mean,0.018128255932359026,SI216_shuffled,45,86
speed_1s_stage3_rows,0.026903276963472063,SI216_shuffled,45,86
speed_1s_stage3_col1_mean,0.010358615982585594,SI216_shuffled,45,86
speed_1s_stage3_col1_std_over_mean,0.012524362946209415,SI216_shuffled,45,86
speed_1s_stage3_col2_mean,0.014938968781591577,SI216_shuffled,45,86
speed_1s_stage3_col2_std_over_mean,0.027101413934541588,SI216_shuffled,45,86
speed_1s_stage4_rows,0.01354231066038846,SI216_shuffled,45,86
speed_1s_stage4_col1_mean,0.00501801439016427,SI216_shuffled,45,86
speed_1s_stage4_col1_std_over_mean,0.021688682396459845,SI216_shuffled,45,86
speed_1s_stage4_col2_mean,0.018045032936196293,SI216_shuffled,45,86
speed_1s_stage4_col2_std_over_mean,0.019493809856070115,SI216_shuffled,45,86
speed_1s_stage5_rows,0.00025298427285151177,SI216_shuffled,45,86
speed_1s_stage5_col1_mean,0.01893897230582953,SI216_shuffled,45,86
speed_1s_stage5_col1_std_over_mean,0.03416815897159475,SI216_shuffled,45,86
speed_1s_stage5_col2_mean,0.020667721505676046,SI216_shuffled,45,86
speed_1s_stage5_col2_std_over_mean,0.006445959863630528,SI216_shuffled,45,86
speed_10s_avg_rows,0.020771369335298447,SI216_shuffled,45,86
speed_10s_avg_stage2_rows,0.009509232702436964,SI216_shuffled,45,86
speed_10s_avg_stage2_col1_mean,0.009890044605575804,SI216_shuffled,45,86
speed_10s_avg_stage2_col1_std_over_mean,0.03047001107933197,SI216_shuffled,45,86
speed_10s_avg_stage2_col2_mean,0.02193271556583242,SI216_shuffled,45,86
speed_10s_avg_stage2_col2_std_over_mean,0.01939313582035797,SI216_shuffled,45,86
speed_10s_avg_stage3_rows,0.028378014004000272,SI216_shuffled,45,86
speed_10s_avg_stage3_col1_mean,0.00490206938559469,SI216_shuffled,45,86
speed_10s_avg_stage3_col1_std_over_mean,0.024208894699430338,SI216_shuffled,45,86
speed_10s_avg_stage3_col2_mean,0.010164465053354286,SI216_shuffled,45,86
speed_10s_avg_stage3_col2_std_over_mean,0.03283306623902434,SI216_shuffled,45,86
speed_10s_avg_stage4_rows,0.012809563278463623,SI216_shuffled,45,86
speed_10s_avg_stage4_col1_mean,0.005643248232163475,SI216_shuffled,45,86
speed_10s_avg_stage4_col1_std_over_mean,0.01580372705566068,SI216_shuffled,45,86
speed_10s_avg_stage4_col2_mean,0.03244041836397177,SI216_shuffled,45,86
speed_10s_avg_stage4_col2_std_over_mean,0.019250579625242858,SI216_shuffled,45,86
speed_10s_avg_stage5_rows,0.0006614659884193428,SI216_shuffled,45,86
speed_10s_avg_stage5_col1_mean,0.01850791194952583,SI216_shuffled,45,86
speed_10s_avg_stage5_col1_std_over_mean,0.007105429937278432,SI216_shuffled,45,86
speed_10s_avg_stage5_col2_mean,0.0154957711983049,SI216_shuffled,45,86
speed_10s_avg_stage5_col2_std_over_mean,0.04191802258617537,SI216_shuffled,45,86
stage_2_frames,0.011573434880757186,SI216_shuffled,46,87
stage_3_frames,0.002125312718259423,SI216_shuffled,46,87
stage_4_frames,0.023400394934902646,SI216_shuffled,46,87
stage_5_frames,0.015510420513950135,SI216_shuffled,46,87
roam_mean,0.005849921896818207,SI216_shuffled,46,87
roam_std_over_mean,0.006729164080579094,SI216_shuffled,46,87
roam_early_mean,0.011488523316155177,SI216_shuffled,46,87
roam_mid_mean,0.1110512618270025,SI216_shuffled,46,87
roam_late_mean,0.0059259227738294095,SI216_shuffled,46,87
roam_slope,0.018893172158552556,SI216_shuffled,46,87
speed_1s_rows,0.002619403080738945,SI216_shuffled,46,87
speed_1s_stage2_rows,0.002207560210069695,SI216_shuffled,46,87
speed_1s_stage2_col1_mean,0.016210629464701684,SI216_shuffled,46,87
speed_1s_stage2_col1_std_over_mean,0.03692801085153754,SI216_shuffled,46,87
speed_1s_stage2_col2_mean,0.02910551059269032,SI216_shuffled,46,87
speed_1s_stage2_col2_std_over_mean,0.015057104557051879,SI216_shuffled,46,87
speed_1s_stage3_rows,0.038732065386527924,SI216_shuffled,46,87
speed_1s_stage3_col1_mean,0.04138820702283903,SI216_shuffled,46,87
speed_1s_stage3_col1_std_over_mean,0.01609051987758269,SI216_shuffled,46,87
speed_1s_stage3_col2_mean,0.0038239543236107867,SI216_shuffled,46,87
speed_1s_stage3_col2_std_over_mean,0.03216813903737697,SI216_shuffled,46,87
speed_1s_stage4_rows,0.009971717658365383,SI216_shuffled,46,87
speed_1s_stage4_col1_mean,0.006293524016907079,SI216_shuffled,46,87
speed_1s_stage4_col1_std_over_mean,0.004585593030272722,SI216_shuffled,46,87
speed_1s_stage4_col2_mean,0.010749448818183944,SI216_shuffled,46,87
speed_1s_stage4_col2_std_over_mean,0.01214430110254847,SI216_shuffled,46,87
speed_1s_stage5_rows,0.0022690455990141607,SI216_shuffled,46,87
speed_1s_stage5_col1_mean,0.004309234726926874,SI216_shuffled,46,87
speed_1s_stage5_col1_std_over_mean,0.014384256161713353,SI216_shuffled,46,87
speed_1s_stage5_col2_mean,0.010633872681804869,SI216_shuffled,46,87
speed_1s_stage5_col2_std_over_mean,0.0053126947324729544,SI216_shuffled,46,87
speed_10s_avg_rows,0.0035569495564892915,SI216_shuffled,46,87
speed_10s_avg_stage2_rows,0.004731999378838085,SI216_shuffled,46,87
speed_10s_avg_stage2_col1_mean,0.019745110453822726,SI216_shuffled,46,87
speed_10s_avg_stage2_col1_std_over_mean,0.05495147796332891,SI216_shuffled,46,87
speed_10s_avg_stage2_col2_mean,0.02254441453365562,SI216_shuffled,46,87
speed_10s_avg_stage2_col2_std_over_mean,0.022213303007807092,SI216_shuffled,46,87
speed_10s_avg_stage3_rows,0.02960600400471072,SI216_shuffled,46,87
speed_10s_avg_stage3_col1_mean,0.0446568363991544,SI216_shuffled,46,87
speed_10s_avg_stage3_col1_std_over_mean,0.14077303824169288,SI216_shuffled,46,87
speed_10s_avg_stage3_col2_mean,0.005526696287576482,SI216_shuffled,46,87
speed_10s_avg_stage3_col2_std_over_mean,0.027768737373683853,SI216_shuffled,46,87
speed_10s_avg_stage4_rows,0.01473434775070329,SI216_shuffled,46,87
speed_10s_avg_stage4_col1_mean,0.005682904185262155,SI216_shuffled,46,87
speed_10s_avg_stage4_col1_std_over_mean,0.006775564755106888,SI216_shuffled,46,87
speed_10s_avg_stage4_col2_mean,0.01505211012201627,SI216_shuffled,46,87
speed_10s_avg_stage4_col2_std_over_mean,0.016956513510667046,SI216_shuffled,46,87
speed_10s_avg_stage5_rows,0.00032832482665693627,SI216_shuffled,46,87
speed_10s_avg_stage5_col1_mean,0.004070914056886666,SI216_shuffled,46,87
speed_10s_avg_stage5_col1_std_over_mean,0.011232974607771057,SI216_shuffled,46,87
speed_10s_avg_stage5_col2_mean,0.01018370346455777,SI216_shuffled,46,87
speed_10s_avg_stage5_col2_std_over_mean,0.011375753485868246,SI216_shuffled,46,87
stage_2_frames,0.02610877410672436,SI216_shuffled,47,88
stage_3_frames,0.004268787838571387,SI216_shuffled,47,88
stage_4_frames,0.04650712620287755,SI216_shuffled,47,88
stage_5_frames,0.014325400463435318,SI216_shuffled,47,88
roam_mean,0.04452147404402027,SI216_shuffled,47,88
roam_std_over_mean,0.015092288759997305,SI216_shuffled,47,88
roam_early_mean,0.011186339277897668,SI216_shuffled,47,88
roam_mid_mean,0.014747787546037318,SI216_shuffled,47,88
roam_late_mean,0.022506744751530947,SI216_shuffled,47,88
roam_slope,0.016313113465972376,SI216_shuffled,47,88
speed_1s_rows,0.014704727117263635,SI216_shuffled,47,88
speed_1s_stage2_rows,0.00441065825690057,SI216_shuffled,47,88
speed_1s_stage2_col1_mean,0.012492749058536048,SI216_shuffled,47,88
speed_1s_stage2_col1_std_over_mean,0.011235485735032184,SI216_shuffled,47,88
speed_1s_stage2_col2_mean,0.007861197664073515,SI216_shuffled,47,88
speed_1s_stage2_col2_std_over_mean,0.008550417375929624,SI216_shuffled,47,88
speed_1s_stage3_rows,0.05272560025432301,SI216_shuffled,47,88
speed_1s_stage3_col1_mean,0.011728571309679116,SI216_shuffled,47,88
speed_1s_stage3_col1_std_over_mean,0.0207476183953724,SI216_shuffled,47,88
speed_1s_stage3_col2_mean,0.01012750247926069,SI216_shuffled,47,88
speed_1s_stage3_col2_std_over_mean,0.032853871625833704,SI216_shuffled,47,88
speed_1s_stage4_rows,0.018614834019782533,SI216_shuffled,47,88
speed_1s_stage4_col1_mean,0.009408649012615697,SI216_shuffled,47,88
speed_1s_stage4_col1_std_over_mean,0.012506212334048899,SI216_shuffled,47,88
speed_1s_stage4_col2_mean,0.016909160945376565,SI216_shuffled,47,88
speed_1s_stage4_col2_std_over_mean,0.025154682692709585,SI216_shuffled,47,88
speed_1s_stage5_rows,8.593770891558699e-05,SI216_shuffled,47,88
speed_1s_stage5_col1_mean,0.009324038917797699,SI216_shuffled,47,88
speed_1s_stage5_col1_std_over_mean,0.049075749646027136,SI216_shuffled,47,88
speed_1s_stage5_col2_mean,0.027493887891781275,SI216_shuffled,47,88
speed_1s_stage5_col2_std_over_mean,0.02733170147055049,SI216_shuffled,47,88
speed_10s_avg_rows,0.01936654506249869,SI216_shuffled,47,88
speed_10s_avg_stage2_rows,0.005555357447122982,SI216_shuffled,47,88
speed_10s_avg_stage2_col1_mean,0.015609788464887817,SI216_shuffled,47,88
speed_10s_avg_stage2_col1_std_over_mean,0.03267891097338667,SI216_shuffled,47,88
speed_10s_avg_stage2_col2_mean,0.011899455307991063,SI216_shuffled,47,88
speed_10s_avg_stage2_col2_std_over_mean,0.0074002241995985525,SI216_shuffled,47,88
speed_10s_avg_stage3_rows,0.03612819626175744,SI216_shuffled,47,88
speed_10s_avg_stage3_col1_mean,0.021561939151253318,SI216_shuffled,47,88
speed_10s_avg_stage3_col1_std_over_mean,0.038507781375152504,SI216_shuffled,47,88
speed_10s_avg_stage3_col2_mean,0.006517998870162211,SI216_shuffled,47,88
speed_10s_avg_stage3_col2_std_over_mean,0.03367953491598129,SI216_shuffled,47,88
speed_10s_avg_stage4_rows,0.02025836061918855,SI216_shuffled,47,88
speed_10s_avg_stage4_col1_mean,0.00788749748347918,SI216_shuffled,47,88
speed_10s_avg_stage4_col1_std_over_mean,0.006160930953726864,SI216_shuffled,47,88
speed_10s_avg_stage4_col2_mean,0.021942588226795904,SI216_shuffled,47,88
speed_10s_avg_stage4_col2_std_over_mean,0.036393681918343516,SI216_shuffled,47,88
speed_10s_avg_stage5_rows,0.0005697285536906215,SI216_shuffled,47,88
speed_10s_avg_stage5_col1_mean,0.006528678810168019,SI216_shuffled,47,88
speed_10s_avg_stage5_col1_std_over_mean,0.018102250537567352,SI216_shuffled,47,88
speed_10s_avg_stage5_col2_mean,0.032678295206083646,SI216_shuffled,47,88
speed_10s_avg_stage5_col2_std_over_mean,0.021651165292289345,SI216_shuffled,47,88
stage_2_frames,0.026404700929388163,SI216_shuffled,48,89
stage_3_frames,0.004086504946928535,SI216_shuffled,48,89
stage_4_frames,0.02008082754069937,SI216_shuffled,48,89
stage_5_frames,0.0078799230822429,SI216_shuffled,48,89
roam_mean,0.011731139502549207,SI216_shuffled,48,89
roam_std_over_mean,0.01746745872968619,SI216_shuffled,48,89
roam_early_mean,0.017249283358830563,SI216_shuffled,48,89
roam_mid_mean,0.03907890407460499,SI216_shuffled,48,89
roam_late_mean,0.01960002099964166,SI216_shuffled,48,89
roam_slope,0.06747403130279843,SI216_shuffled,48,89
speed_1s_rows,0.0059371448596327245,SI216_shuffled,48,89
speed_1s_stage2_rows,0.006941649257097713,SI216_shuffled,48,89
speed_1s_stage2_col1_mean,0.009776671234602052,SI216_shuffled,48,89
speed_1s_stage2_col1_std_over_mean,0.015194273862108656,SI216_shuffled,48,89
speed_1s_stage2_col2_mean,0.022751213490565223,SI216_shuffled,48,89
speed_1s_stage2_col2_std_over_mean,0.012511175204201709,SI216_shuffled,48,89
speed_1s_stage3_rows,0.017109469132369833,SI216_shuffled,48,89
speed_1s_stage3_col1_mean,0.00614185947390833,SI216_shuffled,48,89
speed_1s_stage3_col1_std_over_mean,0.0112325343443962,SI216_shuffled,48,89
speed_1s_stage3_col2_mean,0.011313633842337148,SI216_shuffled,48,89
speed_1s_stage3_col2_std_over_mean,0.06474840490142246,SI216_shuffled,48,89
speed_1s_stage4_rows,0.015501132590869462,SI216_shuffled,48,89
speed_1s_stage4_col1_mean,0.01583406065791721,SI216_shuffled,48,89
speed_1s_stage4_col1_std_over_mean,0.017816922333088618,SI216_shuffled,48,89
speed_1s_stage4_col2_mean,0.011255741356367008,SI216_shuffled,48,89
speed_1s_stage4_col2_std_over_mean,0.027013860011905314,SI216_shuffled,48,89
speed_1s_stage5_rows,0.00229719725126846,SI216_shuffled,48,89
speed_1s_stage5_col1_mean,0.03982654540304502,SI216_shuffled,48,89
speed_1s_stage5_col1_std_over_mean,0.012309411425110684,SI216_shuffled,48,89
speed_1s_stage5_col2_mean,0.009318833370710334,SI216_shuffled,48,89
speed_1s_stage5_col2_std_over_mean,0.01965933488633583,SI216_shuffled,48,89
speed_10s_avg_rows,0.00763346063928342,SI216_shuffled,48,89
speed_10s_avg_stage2_rows,0.00611431972296688,SI216_shuffled,48,89
speed_10s_avg_stage2_col1_mean,0.016120439829364924,SI216_shuffled,48,89
speed_10s_avg_stage2_col1_std_over_mean,0.025706535416133092,SI216_shuffled,48,89
speed_10s_avg_stage2_col2_mean,0.024758367066389453,SI216_shuffled,48,89
speed_10s_avg_stage2_col2_std_over_mean,0.018480257278296823,SI216_shuffled,48,89
speed_10s_avg_stage3_rows,0.01182871029495266,SI216_shuffled,48,89
speed_10s_avg_stage3_col1_mean,0.007920655134641063,SI216_shuffled,48,89
speed_10s_avg_stage3_col1_std_over_mean,0.061343443044283366,SI216_shuffled,48,89
speed_10s_avg_stage3_col2_mean,0.011129718937027515,SI216_shuffled,48,89
speed_10s_avg_stage3_col2_std_over_mean,0.025025073594452656,SI216_shuffled,48,89
speed_10s_avg_stage4_rows,0.011138038203356041,SI216_shuffled,48,89
speed_10s_avg_stage4_col1_mean,0.021315597081667,SI216_shuffled,48,89
speed_10s_avg_stage4_col1_std_over_mean,0.010228043767756073,SI216_shuffled,48,89
speed_10s_avg_stage4_col2_mean,0.008279816920529325,SI216_shuffled,48,89
speed_10s_avg_stage4_col2_std_over_mean,0.01269488830738491,SI216_shuffled,48,89
speed_10s_avg_stage5_rows,0.0018471861101538249,SI216_shuffled,48,89
speed_10s_avg_stage5_col1_mean,0.04883150518199069,SI216_shuffled,48,89
speed_10s_avg_stage5_col1_std_over_mean,0.04712799141663056,SI216_shuffled,48,89
speed_10s_avg_stage5_col2_mean,0.009799970631979502,SI216_shuffled,48,89
speed_10s_avg_stage5_col2_std_over_mean,0.027132118064130236,SI216_shuffled,48,89
stage_2_frames,0.03086304036994017,SI216_shuffled,49,90
stage_3_frames,0.012910352422734465,SI216_shuffled,49,90
stage_4_frames,0.0256751227512568,SI216_shuffled,49,90
stage_5_frames,0.008707141044292587,SI216_shuffled,49,90
roam_mean,0.0047313119408707695,SI216_shuffled,49,90
roam_std_over_mean,0.01282691610464828,SI216_shuffled,49,90
roam_early_mean,0.012014371606396252,SI216_shuffled,49,90
roam_mid_mean,0.11920947451680802,SI216_shuffled,49,90
roam_late_mean,0.008842719573242215,SI216_shuffled,49,90
roam_slope,0.017977077647722394,SI216_shuffled,49,90
speed_1s_rows,0.01521430887707447,SI216_shuffled,49,90
speed_1s_stage2_rows,0.01187305347764299,SI216_shuffled,49,90
speed_1s_stage2_col1_mean,0.011559391638583086,SI216_shuffled,49,90
speed_1s_stage2_col1_std_over_mean,0.02129760437675717,SI216_shuffled,49,90
speed_1s_stage2_col2_mean,0.010504043911916198,SI216_shuffled,49,90
speed_1s_stage2_col2_std_over_mean,0.007603794911822807,SI216_shuffled,49,90
speed_1s_stage3_rows,0.020158227119644254,SI216_shuffled,49,90
speed_1s_stage3_col1_mean,0.007091989671677383,SI216_shuffled,49,90
speed_1s_stage3_col1_std_over_mean,0.012769377319480408,SI216_shuffled,49,90
speed_1s_stage3_col2_mean,0.012607748874269407,SI216_shuffled,49,90
speed_1s_stage3_col2_std_over_mean,0.015028250134364981,SI216_shuffled,49,90
speed_1s_stage4_rows,0.012118443550424931,SI216_shuffled,49,90
speed_1s_stage4_col1_mean,0.030213649576931095,SI216_shuffled,49,90
speed_1s_stage4_col1_std_over_mean,0.02910263530743814,SI216_shuffled,49,90
speed_1s_stage4_col2_mean,0.02275213814350279,SI216_shuffled,49,90
speed_1s_stage4_col2_std_over_mean,0.05930796626765717,SI216_shuffled,49,90
speed_1s_stage5_rows,0.002281864289048136,SI216_shuffled,49,90
speed_1s_stage5_col1_mean,0.0078340448991002,SI216_shuffled,49,90
speed_1s_stage5_col1_std_over_mean,0.061998742498732134,SI216_shuffled,49,90
speed_1s_stage5_col2_mean,0.006138579841934503,SI216_shuffled,49,90
speed_1s_stage5_col2_std_over_mean,0.00816860737983813,SI216_shuffled,49,90
speed_10s_avg_rows,0.011164685028286162,SI216_shuffled,49,90
speed_10s_avg_stage2_rows,0.01468519910733522,SI216_shuffled,49,90
speed_10s_avg_stage2_col1_mean,0.015450994848545856,SI216_shuffled,49,90
speed_10s_avg_stage2_col1_std_over_mean,0.023223075574490902,SI216_shuffled,49,90
speed_10s_avg_stage2_col2_mean,0.009825415451462913,SI216_shuffled,49,90
speed_10s_avg_stage2_col2_std_over_mean,0.013126990165433988,SI216_shuffled,49,90
speed_10s_avg_stage3_rows,0.019760291043760588,SI216_shuffled,49,90
speed_10s_avg_stage3_col1_mean,0.0084662500072752,SI216_shuffled,49,90
speed_10s_avg_stage3_col1_std_over_mean,0.03634907718783916,SI216_shuffled,49,90
speed_10s_avg_stage3_col2_mean,0.010420344432947684,SI216_shuffled,49,90
speed_10s_avg_stage3_col2_std_over_mean,0.025520861350340488,SI216_shuffled,49,90
speed_10s_avg_stage4_rows,0.012727536962404681,SI216_shuffled,49,90
speed_10s_avg_stage4_col1_mean,0.015924103488639766,SI216_shuffled,49,90
speed_10s_avg_stage4_col1_std_over_mean,0.011940121415018918,SI216_shuffled,49,90
speed_10s_avg_stage4_col2_mean,0.027365726018641047,SI216_shuffled,49,90
speed_10s_avg_stage4_col2_std_over_mean,0.0249510539595286,SI216_shuffled,49,90
speed_10s_avg_stage5_rows,0.0018970959447436927,SI216_shuffled,49,90
speed_10s_avg_stage5_col1_mean,0.008503173291724248,SI216_shuffled,49,90
speed_10s_avg_stage5_col1_std_over_mean,0.041519445964847246,SI216_shuffled,49,90
speed_10s_avg_stage5_col2_mean,0.005656747631757111,SI216_shuffled,49,90
speed_10s_avg_stage5_col2_std_over_mean,0.022139821079224225,SI216_shuffled,49,90
stage_2_frames,0.021920046156416198,SI216_shuffled,50,91
stage_3_frames,0.009286451259854568,SI216_shuffled,50,91
stage_4_frames,0.01807700832151883,SI216_shuffled,50,91
stage_5_frames,0.01706969370463843,SI216_shuffled,50,91
roam_mean,0.01741167484110239,SI216_shuffled,50,91
roam_std_over_mean,0.013238535814182337,SI216_shuffled,50,91
roam_early_mean,0.009725524517379807,SI216_shuffled,50,91
roam_mid_mean,0.050783180320918615,SI216_shuffled,50,91
roam_late_mean,0.014864294328679977,SI216_shuffled,50,91
roam_slope,0.02127549487817632,SI216_shuffled,50,91
speed_1s_rows,0.018614803640779443,SI216_shuffled,50,91
speed_1s_stage2_rows,0.010037371501137978,SI216_shuffled,50,91
speed_1s_stage2_col1_mean,0.012383766507002666,SI216_shuffled,50,91
speed_1s_stage2_col1_std_over_mean,0.018416849220468687,SI216_shuffled,50,91
speed_1s_stage2_col2_mean,0.01997235894807988,SI216_shuffled,50,91
speed_1s_stage2_col2_std_over_mean,0.0069106087231081016,SI216_shuffled,50,91
speed_1s_stage3_rows,0.02082027459757863,SI216_shuffled,50,91
speed_1s_stage3_col1_mean,0.010618865409633704,SI216_shuffled,50,91
speed_1s_stage3_col1_std_over_mean,0.029263044400600423,SI216_shuffled,50,91
speed_1s_stage3_col2_mean,0.011677352995269499,SI216_shuffled,50,91
speed_1s_stage3_col2_std_over_mean,0.027984687294713016,SI216_shuffled,50,91
speed_1s_stage4_rows,0.020667405676121287,SI216_shuffled,50,91
speed_1s_stage4_col1_mean,0.01756423090802752,SI216_shuffled,50,91
speed_1s_stage4_col1_std_over_mean,0.030800353275975224,SI216_shuffled,50,91
speed_1s_stage4_col2_mean,0.011786919927534861,SI216_shuffled,50,91
speed_1s_stage4_col2_std_over_mean,0.014517166712387572,SI216_shuffled,50,91
speed_1s_stage5_rows,0.0010260988417128169,SI216_shuffled,50,91
speed_1s_stage5_col1_mean,0.03871547305339527,SI216_shuffled,50,91
speed_1s_stage5_col1_std_over_mean,0.034262070852717576,SI216_shuffled,50,91
speed_1s_stage5_col2_mean,0.012886393845869107,SI216_shuffled,50,91
speed_1s_stage5_col2_std_over_mean,0.03075059199247494,SI216_shuffled,50,91
speed_10s_avg_rows,0.023428692669752706,SI216_shuffled,50,91
speed_10s_avg_stage2_rows,0.00919770988672106,SI216_shuffled,50,91
speed_10s_avg_stage2_col1_mean,0.007932244855132999,SI216_shuffled,50,91
speed_10s_avg_stage2_col1_std_over_mean,0.015925345212775558,SI216_shuffled,50,91
speed_10s_avg_stage2_col2_mean,0.02141672135615842,SI216_shuffled,50,91
speed_10s_avg_stage2_col2_std_over_mean,0.014043492812700276,SI216_shuffled,50,91
speed_10s_avg_stage3_rows,0.0220019141580624,SI216_shuffled,50,91
speed_10s_avg_stage3_col1_mean,0.011731145071858105,SI216_shuffled,50,91
speed_10s_avg_stage3_col1_std_over_mean,0.02078961552527971,SI216_shuffled,50,91
speed_10s_avg_stage3_col2_mean,0.011312525406811665,SI216_shuffled,50,91
speed_10s_avg_stage3_col2_std_over_mean,0.035853842796089004,SI216_shuffled,50,91
speed_10s_avg_stage4_rows,0.01791088663503071,SI216_shuffled,50,91
speed_10s_avg_stage4_col1_mean,0.01562039312726488,SI216_shuffled,50,91
speed_10s_avg_stage4_col1_std_over_mean,0.027199123374918,SI216_shuffled,50,91
speed_10s_avg_stage4_col2_mean,0.012755217245327693,SI216_shuffled,50,91
speed_10s_avg_stage4_col2_std_over_mean,0.026540758103371653,SI216_shuffled,50,91
speed_10s_avg_stage5_rows,0.000845963474244429,SI216_shuffled,50,91
speed_10s_avg_stage5_col1_mean,0.0403779876906179,SI216_shuffled,50,91
speed_10s_avg_stage5_col1_std_over_mean,0.018800282438503537,SI216_shuffled,50,91
speed_10s_avg_stage5_col2_mean,0.02165459478266411,SI216_shuffled,50,91
speed_10s_avg_stage5_col2_std_over_mean,0.03133295090925955,SI216_shuffled,50,91
stage_2_frames,0.014262281710314679,SI216_shuffled,51,92
stage_3_frames,0.006313869330067257,SI216_shuffled,51,92
stage_4_frames,0.018944738582786176,SI216_shuffled,51,92
stage_5_frames,0.010400251087974724,SI216_shuffled,51,92
roam_mean,0.027842357300533683,SI216_shuffled,51,92
roam_std_over_mean,0.015979646083968787,SI216_shuffled,51,92
roam_early_mean,0.008528548718466129,SI216_shuffled,51,92
roam_mid_mean,0.09428757441001412,SI216_shuffled,51,92
roam_late_mean,0.008155115815337202,SI216_shuffled,51,92
roam_slope,0.015106775308740366,SI216_shuffled,51,92
speed_1s_rows,0.009212250711429216,SI216_shuffled,51,92
speed_1s_stage2_rows,0.006728499929702508,SI216_shuffled,51,92
speed_1s_stage2_col1_mean,0.011934973982931453,SI216_shuffled,51,92
speed_1s_stage2_col1_std_over_mean,0.015546050994037355,SI216_shuffled,51,92
speed_1s_stage2_col2_mean,0.018027971046781877,SI216_shuffled,51,92
speed_1s_stage2_col2_std_over_mean,0.01243351220861934,SI216_shuffled,51,92
speed_1s_stage3_rows,0.01939940229083443,SI216_shuffled,51,92
speed_1s_stage3_col1_mean,0.01505951474156626,SI216_shuffled,51,92
speed_1s_stage3_col1_std_over_mean,0.07713535002567758,SI216_shuffled,51,92
speed_1s_stage3_col2_mean,0.013598368376721818,SI216_shuffled,51,92
speed_1s_stage3_col2_std_over_mean,0.02943479486888716,SI216_shuffled,51,92
speed_1s_stage4_rows,0.011856999709625527,SI216_shuffled,51,92
speed_1s_stage4_col1_mean,0.015305772453477985,SI216_shuffled,51,92
speed_1s_stage4_col1_std_over_mean,0.02711714860179336,SI216_shuffled,51,92
speed_1s_stage4_col2_mean,0.017204888494246628,SI216_shuffled,51,92
speed_1s_stage4_col2_std_over_mean,0.02607981609343345,SI216_shuffled,51,92
speed_1s_stage5_rows,0.0004938353595159203,SI216_shuffled,51,92
speed_1s_stage5_col1_mean,0.021388775121367845,SI216_shuffled,51,92
speed_1s_stage5_col1_std_over_mean,0.05514623069312729,SI216_shuffled,51,92
speed_1s_stage5_col2_mean,0.013747679488403967,SI216_shuffled,51,92
speed_1s_stage5_col2_std_over_mean,0.016447971513358278,SI216_shuffled,51,92
speed_10s_avg_rows,0.006959086389071182,SI216_shuffled,51,92
speed_10s_avg_stage2_rows,0.007227744729550839,SI216_shuffled,51,92
speed_10s_avg_stage2_col1_mean,0.013866831186793289,SI216_shuffled,51,92
speed_10s_avg_stage2_col1_std_over_mean,0.016964371540744948,SI216_shuffled,51,92
speed_10s_avg_stage2_col2_mean,0.013210313338118262,SI216_shuffled,51,92
speed_10s_avg_stage2_col2_std_over_mean,0.01771657352869084,SI216_shuffled,51,92
speed_10s_avg_stage3_rows,0.02262478388100473,SI216_shuffled,51,92
speed_10s_avg_stage3_col1_mean,0.01650581098298596,SI216_shuffled,51,92
speed_10s_avg_stage3_col1_std_over_mean,0.017271575051914734,SI216_shuffled,51,92
speed_10s_avg_stage3_col2_mean,0.0160819076657038,SI216_shuffled,51,92
speed_10s_avg_stage3_col2_std_over_mean,0.023349564009770066,SI216_shuffled,51,92
speed_10s_avg_stage4_rows,0.01615009866741453,SI216_shuffled,51,92
speed_10s_avg_stage4_col1_mean,0.01285079569758901,SI216_shuffled,51,92
speed_10s_avg_stage4_col1_std_over_mean,0.01476315227116755,SI216_shuffled,51,92
speed_10s_avg_stage4_col2_mean,0.02000544908525407,SI216_shuffled,51,92
speed_10s_avg_stage4_col2_std_over_mean,0.02527560528995675,SI216_shuffled,51,92
speed_10s_avg_stage5_rows,0.0018147972730030004,SI216_shuffled,51,92
speed_10s_avg_stage5_col1_mean,0.01936391763846445,SI216_shuffled,51,92
speed_10s_avg_stage5_col1_std_over_mean,0.02552528249642717,SI216_shuffled,51,92
speed_10s_avg_stage5_col2_mean,0.011944116542485218,SI216_shuffled,51,92
speed_10s_avg_stage5_col2_std_over_mean,0.027407257680147273,SI216_shuffled,51,92
stage_2_frames,0.00815533037915363,SI216_shuffled,52,93
stage_3_frames,0.008812248066029213,SI216_shuffled,52,93
stage_4_frames,0.03013440126270867,SI216_shuffled,52,93
stage_5_frames,0.017553937817028478,SI216_shuffled,52,93
roam_mean,0.011780708860472696,SI216_shuffled,52,93
roam_std_over_mean,0.020654646900917704,SI216_shuffled,52,93
roam_early_mean,0.01937783504326299,SI216_shuffled,52,93
roam_mid_mean,0.0792467908750788,SI216_shuffled,52,93
roam_late_mean,0.012223171389799876,SI216_shuffled,52,93
roam_slope,0.02456066442407637,SI216_shuffled,52,93
speed_1s_rows,0.012877015523779784,SI216_shuffled,52,93
speed_1s_stage2_rows,0.009474726696943077,SI216_shuffled,52,93
speed_1s_stage2_col1_mean,0.013392375506348848,SI216_shuffled,52,93
speed_1s_stage2_col1_std_over_mean,0.021481860312959504,SI216_shuffled,52,93
speed_1s_stage2_col2_mean,0.01882899714000385,SI216_shuffled,52,93
speed_1s_stage2_col2_std_over_mean,0.011837144193258783,SI216_shuffled,52,93
speed_1s_stage3_rows,0.026011571157902896,SI216_shuffled,52,93
speed_1s_stage3_col1_mean,0.013199364162284708,SI216_shuffled,52,93
speed_1s_stage3_col1_std_over_mean,0.0236524021065095,SI216_shuffled,52,93
speed_1s_stage3_col2_mean,0.009104913539594032,SI216_shuffled,52,93
speed_1s_stage3_col2_std_over_mean,0.016961936829901467,SI216_shuffled,52,93
speed_1s_stage4_rows,0.014725460464981188,SI216_shuffled,52,93
speed_1s_stage4_col1_mean,0.020767665703950618,SI216_shuffled,52,93
speed_1s_stage4_col1_std_over_mean,0.017527295462993087,SI216_shuffled,52,93
speed_1s_stage4_col2_mean,0.02322708434867698,SI216_shuffled,52,93
speed_1s_stage4_col2_std_over_mean,0.02848576223097498,SI216_shuffled,52,93
speed_1s_stage5_rows,0.0026542677926804227,SI216_shuffled,52,93
speed_1s_stage5_col1_mean,0.014280422092859355,SI216_shuffled,52,93
speed_1s_stage5_col1_std_over_mean,0.030938302159631507,SI216_shuffled,52,93
speed_1s_stage5_col2_mean,0.022533299328268287,SI216_shuffled,52,93
speed_1s_stage5_col2_std_over_mean,0.011368794211828176,SI216_shuffled,52,93
speed_10s_avg_rows,0.010869745879089095,SI216_shuffled,52,93
speed_10s_avg_stage2_rows,0.008584678058170989,SI216_shuffled,52,93
speed_10s_avg_stage2_col1_mean,0.010641461781900998,SI216_shuffled,52,93
speed_10s_avg_stage2_col1_std_over_mean,0.02469696556138439,SI216_shuffled,52,93
speed_10s_avg_stage2_col2_mean,0.017744999945592498,SI216_shuffled,52,93
speed_10s_avg_stage2_col2_std_over_mean,0.02075924677486317,SI216_shuffled,52,93
speed_10s_avg_stage3_rows,0.021377519104985483,SI216_shuffled,52,93
speed_10s_avg_stage3_col1_mean,0.013255667381155443,SI216_shuffled,52,93
speed_10s_avg_stage3_col1_std_over_mean,0.023578309557961294,SI216_shuffled,52,93
speed_10s_avg_stage3_col2_mean,0.01741713793325779,SI216_shuffled,52,93
speed_10s_avg_stage3_col2_std_over_mean,0.048334701007197535,SI216_shuffled,52,93
speed_10s_avg_stage4_rows,0.014073073332108462,SI216_shuffled,52,93
speed_10s_avg_stage4_col1_mean,0.01860321606461401,SI216_shuffled,52,93
speed_10s_avg_stage4_col1_std_over_mean,0.020910445899282076,SI216_shuffled,52,93
speed_10s_avg_stage4_col2_mean,0.024325988240528573,SI216_shuffled,52,93
speed_10s_avg_stage4_col2_std_over_mean,0.020919174778422922,SI216_shuffled,52,93
speed_10s_avg_stage5_rows,0.0026326085719389847,SI216_shuffled,52,93
speed_10s_avg_stage5_col1_mean,0.011052124762841054,SI216_shuffled,52,93
speed_10s_avg_stage5_col1_std_over_mean,0.01965059565839351,SI216_shuffled,52,93
speed_10s_avg_stage5_col2_mean,0.02287221535705545,SI216_shuffled,52,93
speed_10s_avg_stage5_col2_std_over_mean,0.031869728364396846,SI216_shuffled,52,93
stage_2_frames,0.03026718478008289,SI216_shuffled,53,94
stage_3_frames,0.008947973429340284,SI216_shuffled,53,94
stage_4_frames,0.010780485505561418,SI216_shuffled,53,94
stage_5_frames,0.020419792264662333,SI216_shuffled,53,94
roam_mean,0.0124333716992494,SI216_shuffled,53,94
roam_std_over_mean,0.016176001727545283,SI216_shuffled,53,94
roam_early_mean,0.024515646647960524,SI216_shuffled,53,94
roam_mid_mean,0.05575336500459232,SI216_shuffled,53,94
roam_late_mean,0.018625006138136266,SI216_shuffled,53,94
roam_slope,0.037940598014540645,SI216_shuffled,53,94
speed_1s_rows,0.006325972546222867,SI216_shuffled,53,94
speed_1s_stage2_rows,0.017438413691362568,SI216_shuffled,53,94
speed_1s_stage2_col1_mean,0.01798937412156225,SI216_shuffled,53,94
speed_1s_stage2_col1_std_over_mean,0.021912239836363964,SI216_shuffled,53,94
speed_1s_stage2_col2_mean,0.022196175628524866,SI216_shuffled,53,94
speed_1s_stage2_col2_std_over_mean,0.016678194369043345,SI216_shuffled,53,94
speed_1s_stage3_rows,0.008178904156797976,SI216_shuffled,53,94
speed_1s_stage3_col1_mean,0.017104578224465303,SI216_shuffled,53,94
speed_1s_stage3_col1_std_over_mean,0.016520889596749598,SI216_shuffled,53,94
speed_1s_stage3_col2_mean,0.005508398464690589,SI216_shuffled,53,94
speed_1s_stage3_col2_std_over_mean,0.019978453705842333,SI216_shuffled,53,94
speed_1s_stage4_rows,0.012050826493026863,SI216_shuffled,53,94
speed_1s_stage4_col1_mean,0.010954085086946685,SI216_shuffled,53,94
speed_1s_stage4_col1_std_over_mean,0.03761828304983174,SI216_shuffled,53,94
speed_1s_stage4_col2_mean,0.015555788625645356,SI216_shuffled,53,94
speed_1s_stage4_col2_std_over_mean,0.04464243900933203,SI216_shuffled,53,94
speed_1s_stage5_rows,0.0012307558054897767,SI216_shuffled,53,94
speed_1s_stage5_col1_mean,0.024630641405627218,SI216_shuffled,53,94
speed_1s_stage5_col1_std_over_mean,0.02157023851754332,SI216_shuffled,53,94
speed_1s_stage5_col2_mean,0.007650853026339264,SI216_shuffled,53,94
speed_1s_stage5_col2_std_over_mean,0.010921559357016736,SI216_shuffled,53,94
speed_10s_avg_rows,0.011094419412769277,SI216_shuffled,53,94
speed_10s_avg_stage2_rows,0.01303642613911971,SI216_shuffled,53,94
speed_10s_avg_stage2_col1_mean,0.01650930009965958,SI216_shuffled,53,94
speed_10s_avg_stage2_col1_std_over_mean,0.01703350815344593,SI216_shuffled,53,94
speed_10s_avg_stage2_col2_mean,0.041906887611543785,SI216_shuffled,53,94
speed_10s_avg_stage2_col2_std_over_mean,0.03136122741444235,SI216_shuffled,53,94
speed_10s_avg_stage3_rows,0.010785083892833454,SI216_shuffled,53,94
speed_10s_avg_stage3_col1_mean,0.011692352297772142,SI216_shuffled,53,94
speed_10s_avg_stage3_col1_std_over_mean,0.05080577505616574,SI216_shuffled,53,94
speed_10s_avg_stage3_col2_mean,0.006764794808120236,SI216_shuffled,53,94
speed_10s_avg_stage3_col2_std_over_mean,0.01407524253569927,SI216_shuffled,53,94
speed_10s_avg_stage4_rows,0.0231721120611758,SI216_shuffled,53,94
speed_10s_avg_stage4_col1_mean,0.013207274869902719,SI216_shuffled,53,94
speed_10s_avg_stage4_col1_std_over_mean,0.01927469249509173,SI216_shuffled,53,94
speed_10s_avg_stage4_col2_mean,0.01900423172592924,SI216_shuffled,53,94
speed_10s_avg_stage4_col2_std_over_mean,0.02875506458467506,SI216_shuffled,53,94
speed_10s_avg_stage5_rows,0.004068932295979736,SI216_shuffled,53,94
speed_10s_avg_stage5_col1_mean,0.029482496088365284,SI216_shuffled,53,94
speed_10s_avg_stage5_col1_std_over_mean,0.020690555167079645,SI216_shuffled,53,94
speed_10s_avg_stage5_col2_mean,0.010405783269466805,SI216_shuffled,53,94
speed_10s_avg_stage5_col2_std_over_mean,0.014357350090666535,SI216_shuffled,53,94
stage_2_frames,0.023510427845898123,SI216_shuffled,54,95
stage_3_frames,0.004172122996626709,SI216_shuffled,54,95
stage_4_frames,0.024354506073757387,SI216_shuffled,54,95
stage_5_frames,0.02744181388609016,SI216_shuffled,54,95
roam_mean,0.011953541372500565,SI216_shuffled,54,95
roam_std_over_mean,0.021947141879342245,SI216_shuffled,54,95
roam_early_mean,0.007871850783607023,SI216_shuffled,54,95
roam_mid_mean,0.058261746272272256,SI216_shuffled,54,95
roam_late_mean,0.011950262010066603,SI216_shuffled,54,95
roam_slope,0.01963306515715669,SI216_shuffled,54,95
speed_1s_rows,0.00814296521410019,SI216_shuffled,54,95
speed_1s_stage2_rows,0.00727208207798955,SI216_shuffled,54,95
speed_1s_stage2_col1_mean,0.014203198663274417,SI216_shuffled,54,95
speed_1s_stage2_col1_std_over_mean,0.0199717255150265,SI216_shuffled,54,95
speed_1s_stage2_col2_mean,0.021436999691867728,SI216_shuffled,54,95
speed_1s_stage2_col2_std_over_mean,0.016540378249087058,SI216_shuffled,54,95
speed_1s_stage3_rows,0.028075164865277582,SI216_shuffled,54,95
speed_1s_stage3_col1_mean,0.009230388222944249,SI216_shuffled,54,95
speed_1s_stage3_col1_std_over_mean,0.017555980739915173,SI216_shuffled,54,95
speed_1s_stage3_col2_mean,0.006131371665683105,SI216_shuffled,54,95
speed_1s_stage3_col2_std_over_mean,0.031246985629404454,SI216_shuffled,54,95
speed_1s_stage4_rows,0.025411374104050363,SI216_shuffled,54,95
speed_1s_stage4_col1_mean,0.024647293809066405,SI216_shuffled,54,95
speed_1s_stage4_col1_std_over_mean,0.012080959199873995,SI216_shuffled,54,95
speed_1s_stage4_col2_mean,0.03135076498009397,SI216_shuffled,54,95
speed_1s_stage4_col2_std_over_mean,0.014585606728192708,SI216_shuffled,54,95
speed_1s_stage5_rows,0.004018557042730792,SI216_shuffled,54,95
speed_1s_stage5_col1_mean,0.026989255488619312,SI216_shuffled,54,95
speed_1s_stage5_col1_std_over_mean,0.0674497777845805,SI216_shuffled,54,95
speed_1s_stage5_col2_mean,0.007621666794132849,SI216_shuffled,54,95
speed_1s_stage5_col2_std_over_mean,0.007695576547488495,SI216_shuffled,54,95
speed_10s_avg_rows,0.009831272707385805,SI216_shuffled,54,95
speed_10s_avg_stage2_rows,0.007904102536031722,SI216_shuffled,54,95
speed_10s_avg_stage2_col1_mean,0.01923641333636491,SI216_shuffled,54,95
speed_10s_avg_stage2_col1_std_over_mean,0.017813837661777503,SI216_shuffled,54,95
speed_10s_avg_stage2_col2_mean,0.031664330302585864,SI216_shuffled,54,95
speed_10s_avg_stage2_col2_std_over_mean,0.02466789588775292,SI216_shuffled,54,95
speed_10s_avg_stage3_rows,0.028015507143257495,SI216_shuffled,54,95
speed_10s_avg_stage3_col1_mean,0.011156988313005737,SI216_shuffled,54,95
speed_10s_avg_stage3_col1_std_over_mean,0.028667486330447804,SI216_shuffled,54,95
speed_10s_avg_stage3_col2_mean,0.006097568500274479,SI216_shuffled,54,95
speed_10s_avg_stage3_col2_std_over_mean,0.024155416148598483,SI216_shuffled,54,95
speed_10s_avg_stage4_rows,0.0243159589372553,SI216_shuffled,54,95
speed_10s_avg_stage4_col1_mean,0.021532064090218368,SI216_shuffled,54,95
speed_10s_avg_stage4_col1_std_over_mean,0.012281277763107517,SI216_shuffled,54,95
speed_10s_avg_stage4_col2_mean,0.03472369363806573,SI216_shuffled,54,95
speed_10s_avg_stage4_col2_std_over_mean,0.013183837236138852,SI216_shuffled,54,95
speed_10s_avg_stage5_rows,0.008889470287441375,SI216_shuffled,54,95
speed_10s_avg_stage5_col1_mean,0.021599287310537153,SI216_shuffled,54,95
speed_10s_avg_stage5_col1_std_over_mean,0.012493194922060443,SI216_shuffled,54,95
speed_10s_avg_stage5_col2_mean,0.011283127202130358,SI216_shuffled,54,95
speed_10s_avg_stage5_col2_std_over_mean,0.01773271845484502,SI216_shuffled,54,95
stage_2_frames,0.016427346505957074,SI216_shuffled,55,96
stage_3_frames,0.0034195707794849872,SI216_shuffled,55,96
stage_4_frames,0.03554559391520086,SI216_shuffled,55,96
stage_5_frames,0.022813320797103735,SI216_shuffled,55,96
roam_mean,0.015726947821055073,SI216_shuffled,55,96
roam_std_over_mean,0.02870444180130358,SI216_shuffled,55,96
roam_early_mean,0.015192399607307528,SI216_shuffled,55,96
roam_mid_mean,0.077355043771262,SI216_shuffled,55,96
roam_late_mean,0.014747762775455867,SI216_shuffled,55,96
roam_slope,0.019837057428737318,SI216_shuffled,55,96
speed_1s_rows,0.01400654006259686,SI216_shuffled,55,96
speed_1s_stage2_rows,0.003776129159496041,SI216_shuffled,55,96
speed_1s_stage2_col1_mean,0.015077971306824917,SI216_shuffled,55,96
speed_1s_stage2_col1_std_over_mean,0.016354631487737706,SI216_shuffled,55,96
speed_1s_stage2_col2_mean,0.013517934698041347,SI216_shuffled,55,96
speed_1s_stage2_col2_std_over_mean,0.010808965359375882,SI216_shuffled,55,96
speed_1s_stage3_rows,0.040278848332392744,SI216_shuffled,55,96
speed_1s_stage3_col1_mean,0.009016544904245971,SI216_shuffled,55,96
speed_1s_stage3_col1_std_over_mean,0.04259900676177476,SI216_shuffled,55,96
speed_1s_stage3_col2_mean,0.005734674996754604,SI216_shuffled,55,96
speed_1s_stage3_col2_std_over_mean,0.05158481125764808,SI216_shuffled,55,96
speed_1s_stage4_rows,0.02056478175388919,SI216_shuffled,55,96
speed_1s_stage4_col1_mean,0.009033677644284782,SI216_shuffled,55,96
speed_1s_stage4_col1_std_over_mean,0.023350722038902302,SI216_shuffled,55,96
speed_1s_stage4_col2_mean,0.009501152113526864,SI216_shuffled,55,96
speed_1s_stage4_col2_std_over_mean,0.015413648143964776,SI216_shuffled,55,96
speed_1s_stage5_rows,0.0016643799653302913,SI216_shuffled,55,96
speed_1s_stage5_col1_mean,0.01722136355413463,SI216_shuffled,55,96
speed_1s_stage5_col1_std_over_mean,0.027424380547806465,SI216_shuffled,55,96
speed_1s_stage5_col2_mean,0.015434069821125388,SI216_shuffled,55,96
speed_1s_stage5_col2_std_over_mean,0.01896281077594105,SI216_shuffled,55,96
speed_10s_avg_rows,0.016949790408474042,SI216_shuffled,55,96
speed_10s_avg_stage2_rows,0.0034266845397253882,SI216_shuffled,55,96
speed_10s_avg_stage2_col1_mean,0.018052149040386857,SI216_shuffled,55,96
speed_10s_avg_stage2_col1_std_over_mean,0.02115434522442381,SI216_shuffled,55,96
speed_10s_avg_stage2_col2_mean,0.011607610949220271,SI216_shuffled,55,96
speed_10s_avg_stage2_col2_std_over_mean,0.021232500400219647,SI216_shuffled,55,96
speed_10s_avg_stage3_rows,0.04059499333515257,SI216_shuffled,55,96
speed_10s_avg_stage3_col1_mean,0.008919407333833767,SI216_shuffled,55,96
speed_10s_avg_stage3_col1_std_over_mean,0.018382745658506464,SI216_shuffled,55,96
speed_10s_avg_stage3_col2_mean,0.008961716921291133,SI216_shuffled,55,96
speed_10s_avg_stage3_col2_std_over_mean,0.021596832556595325,SI216_shuffled,55,96
speed_10s_avg_stage4_rows,0.018348608563180584,SI216_shuffled,55,96
speed_10s_avg_stage4_col1_mean,0.008255450275182765,SI216_shuffled,55,96
speed_10s_avg_stage4_col1_std_over_mean,0.010615664279899786,SI216_shuffled,55,96
speed_10s_avg_stage4_col2_mean,0.010928496061775346,SI216_shuffled,55,96
speed_10s_avg_stage4_col2_std_over_mean,0.05841271659131836,SI216_shuffled,55,96
speed_10s_avg_stage5_rows,2.8173974291248573e-05,SI216_shuffled,55,96
speed_10s_avg_stage5_col1_mean,0.008977480592745059,SI216_shuffled,55,96
speed_10s_avg_stage5_col1_std_over_mean,0.01833947964689642,SI216_shuffled,55,96
speed_10s_avg_stage5_col2_mean,0.01213240879810266,SI216_shuffled,55,96
speed_10s_avg_stage5_col2_std_over_mean,0.03198621496011598,SI216_shuffled,55,96
stage_2_frames,0.019689897323104655,SI216_shuffled,56,97
stage_3_frames,0.008710353081934966,SI216_shuffled,56,97
stage_4_frames,0.025610617987453153,SI216_shuffled,56,97
stage_5_frames,0.013148773342523566,SI216_shuffled,56,97
roam_mean,0.009918874596741548,SI216_shuffled,56,97
roam_std_over_mean,0.012517723298122648,SI216_shuffled,56,97
roam_early_mean,0.023756553053566973,SI216_shuffled,56,97
roam_mid_mean,0.10807566796974877,SI216_shuffled,56,97
roam_late_mean,0.014941122400359098,SI216_shuffled,56,97
roam_slope,0.04959549398124605,SI216_shuffled,56,97
speed_1s_rows,0.01000087968002396,SI216_shuffled,56,97
speed_1s_stage2_rows,0.007594337145444971,SI216_shuffled,56,97
speed_1s_stage2_col1_mean,0.009887735679531369,SI216_shuffled,56,97
speed_1s_stage2_col1_std_over_mean,0.01790330324672717,SI216_shuffled,56,97
speed_1s_stage2_col2_mean,0.02550599677781724,SI216_shuffled,56,97
speed_1s_stage2_col2_std_over_mean,0.013150080107581001,SI216_shuffled,56,97
speed_1s_stage3_rows,0.02672375307904028,SI216_shuffled,56,97
speed_1s_stage3_col1_mean,0.006828271752465218,SI216_shuffled,56,97
speed_1s_stage3_col1_std_over_mean,0.034359866529531956,SI216_shuffled,56,97
speed_1s_stage3_col2_mean,0.006476006759068269,SI216_shuffled,56,97
speed_1s_stage3_col2_std_over_mean,0.004341532263239858,SI216_shuffled,56,97
speed_1s_stage4_rows,0.016499993150219546,SI216_shuffled,56,97
speed_1s_stage4_col1_mean,0.010250279855971555,SI216_shuffled,56,97
speed_1s_stage4_col1_std_over_mean,0.013103544816597106,SI216_shuffled,56,97
speed_1s_stage4_col2_mean,0.0499016491780227,SI216_shuffled,56,97
speed_1s_stage4_col2_std_over_mean,0.036413108011264794,SI216_shuffled,56,97
speed_1s_stage5_rows,0.004462120365604589,SI216_shuffled,56,97
speed_1s_stage5_col1_mean,0.007079400778620495,SI216_shuffled,56,97
speed_1s_stage5_col1_std_over_mean,0.016652141018776233,SI216_shuffled,56,97
speed_1s_stage5_col2_mean,0.01460322236804445,SI216_shuffled,56,97
speed_1s_stage5_col2_std_over_mean,0.010156606636652243,SI216_shuffled,56,97
speed_10s_avg_rows,0.004994395435008155,SI216_shuffled,56,97
speed_10s_avg_stage2_rows,0.007576057532594668,SI216_shuffled,56,97
speed_10s_avg_stage2_col1_mean,0.010648159309290556,SI216_shuffled,56,97
speed_10s_avg_stage2_col1_std_over_mean,0.026524376125460766,SI216_shuffled,56,97
speed_10s_avg_stage2_col2_mean,0.03935148086357775,SI216_shuffled,56,97
speed_10s_avg_stage2_col2_std_over_mean,0.011956350664094449,SI216_shuffled,56,97
speed_10s_avg_stage3_rows,0.021188385616594193,SI216_shuffled,56,97
speed_10s_avg_stage3_col1_mean,0.006298438396048168,SI216_shuffled,56,97
speed_10s_avg_stage3_col1_std_over_mean,0.03229667441416495,SI216_shuffled,56,97
speed_10s_avg_stage3_col2_mean,0.009209862777189574,SI216_shuffled,56,97
speed_10s_avg_stage3_col2_std_over_mean,0.010055044397144075,SI216_shuffled,56,97
speed_10s_avg_stage4_rows,0.015694715278437202,SI216_shuffled,56,97
speed_10s_avg_stage4_col1_mean,0.00966854160226665,SI216_shuffled,56,97
speed_10s_avg_stage4_col1_std_over_mean,0.015577958989944825,SI216_shuffled,56,97
speed_10s_avg_stage4_col2_mean,0.04330906709526026,SI216_shuffled,56,97
speed_10s_avg_stage4_col2_std_over_mean,0.05224524453434992,SI216_shuffled,56,97
speed_10s_avg_stage5_rows,0.006096090529828516,SI216_shuffled,56,97
speed_10s_avg_stage5_col1_mean,0.0082220635175367,SI216_shuffled,56,97
speed_10s_avg_stage5_col1_std_over_mean,0.01056831397481112,SI216_shuffled,56,97
speed_10s_avg_stage5_col2_mean,0.013954340593604906,SI216_shuffled,56,97
speed_10s_avg_stage5_col2_std_over_mean,0.01670553211774615,SI216_shuffled,56,97
stage_2_frames,0.016121445692775065,SI216_shuffled,57,98
stage_3_frames,0.0038317421509035596,SI216_shuffled,57,98
stage_4_frames,0.018449479336725142,SI216_shuffled,57,98
stage_5_frames,0.012242927676471888,SI216_shuffled,57,98
roam_mean,0.01939450089449619,SI216_shuffled,57,98
roam_std_over_mean,0.018476265602172255,SI216_shuffled,57,98
roam_early_mean,0.032795742663379125,SI216_shuffled,57,98
roam_mid_mean,0.08409110798825249,SI216_shuffled,57,98
roam_late_mean,0.007541632043601818,SI216_shuffled,57,98
roam_slope,0.050212052757275735,SI216_shuffled,57,98
speed_1s_rows,0.011826593271797045,SI216_shuffled,57,98
speed_1s_stage2_rows,0.006184194192254445,SI216_shuffled,57,98
speed_1s_stage2_col1_mean,0.01580068557276998,SI216_shuffled,57,98
speed_1s_stage2_col1_std_over_mean,0.013572699615145574,SI216_shuffled,57,98
speed_1s_stage2_col2_mean,0.03120923823908519,SI216_shuffled,57,98
speed_1s_stage2_col2_std_over_mean,0.012322583846840434,SI216_shuffled,57,98
speed_1s_stage3_rows,0.013991313094738025,SI216_shuffled,57,98
speed_1s_stage3_col1_mean,0.00897343094816642,SI216_shuffled,57,98
speed_1s_stage3_col1_std_over_mean,0.046054912977539345,SI216_shuffled,57,98
speed_1s_stage3_col2_mean,0.007557910583796958,SI216_shuffled,57,98
speed_1s_stage3_col2_std_over_mean,0.017981185000385893,SI216_shuffled,57,98
speed_1s_stage4_rows,0.017303034846709132,SI216_shuffled,57,98
speed_1s_stage4_col1_mean,0.007207313367852,SI216_shuffled,57,98
speed_1s_stage4_col1_std_over_mean,0.016376708917630427,SI216_shuffled,57,98
speed_1s_stage4_col2_mean,0.0215304423481839,SI216_shuffled,57,98
speed_1s_stage4_col2_std_over_mean,0.05498194625766487,SI216_shuffled,57,98
speed_1s_stage5_rows,0.0021721444756230487,SI216_shuffled,57,98
speed_1s_stage5_col1_mean,0.011040001857433215,SI216_shuffled,57,98
speed_1s_stage5_col1_std_over_mean,0.029969093326604922,SI216_shuffled,57,98
speed_1s_stage5_col2_mean,0.012904982182235286,SI216_shuffled,57,98
speed_1s_stage5_col2_std_over_mean,0.02681341199620844,SI216_shuffled,57,98
speed_10s_avg_rows,0.008496620163134102,SI216_shuffled,57,98
speed_10s_avg_stage2_rows,0.006789013792081819,SI216_shuffled,57,98
speed_10s_avg_stage2_col1_mean,0.01592290019415302,SI216_shuffled,57,98
speed_10s_avg_stage2_col1_std_over_mean,0.04739620623176897,SI216_shuffled,57,98
speed_10s_avg_stage2_col2_mean,0.026487790399641362,SI216_shuffled,57,98
speed_10s_avg_stage2_col2_std_over_mean,0.019337032176212895,SI216_shuffled,57,98
speed_10s_avg_stage3_rows,0.015047538214075106,SI216_shuffled,57,98
speed_10s_avg_stage3_col1_mean,0.012286871471413652,SI216_shuffled,57,98
speed_10s_avg_stage3_col1_std_over_mean,0.026814574374006608,SI216_shuffled,57,98
speed_10s_avg_stage3_col2_mean,0.009302483647038314,SI216_shuffled,57,98
speed_10s_avg_stage3_col2_std_over_mean,0.021134958570204115,SI216_shuffled,57,98
speed_10s_avg_stage4_rows,0.009296869427530524,SI216_shuffled,57,98
speed_10s_avg_stage4_col1_mean,0.007454476139481351,SI216_shuffled,57,98
speed_10s_avg_stage4_col1_std_over_mean,0.013639421169461213,SI216_shuffled,57,98
speed_10s_avg_stage4_col2_mean,0.0255022997577003,SI216_shuffled,57,98
speed_10s_avg_stage4_col2_std_over_mean,0.027803613166531314,SI216_shuffled,57,98
speed_10s_avg_stage5_rows,0.00017467270029350343,SI216_shuffled,57,98
speed_10s_avg_stage5_col1_mean,0.01781970835771066,SI216_shuffled,57,98
speed_10s_avg_stage5_col1_std_over_mean,0.007299155052627093,SI216_shuffled,57,98
speed_10s_avg_stage5_col2_mean,0.01790762593237033,SI216_shuffled,57,98
speed_10s_avg_stage5_col2_std_over_mean,0.015155445337845908,SI216_shuffled,57,98
stage_2_frames,0.01833404135061173,SI216_shuffled,58,99
stage_3_frames,0.006080576983710388,SI216_shuffled,58,99
stage_4_frames,0.03831439726144896,SI216_shuffled,58,99
stage_5_frames,0.015394032628957922,SI216_shuffled,58,99
roam_mean,0.014575664512493624,SI216_shuffled,58,99
roam_std_over_mean,0.022230479875316223,SI216_shuffled,58,99
roam_early_mean,0.014603364742344653,SI216_shuffled,58,99
roam_mid_mean,0.09829648173909984,SI216_shuffled,58,99
roam_late_mean,0.009332747949898794,SI216_shuffled,58,99
roam_slope,0.032347528576726986,SI216_shuffled,58,99
speed_1s_rows,0.0109449399251144,SI216_shuffled,58,99
speed_1s_stage2_rows,0.008992412413148545,SI216_shuffled,58,99
speed_1s_stage2_col1_mean,0.014480730527199231,SI216_shuffled,58,99
speed_1s_stage2_col1_std_over_mean,0.01630409416724927,SI216_shuffled,58,99
speed_1s_stage2_col2_mean,0.01012250653421517,SI216_shuffled,58,99
speed_1s_stage2_col2_std_over_mean,0.006648523557875771,SI216_shuffled,58,99
speed_1s_stage3_rows,0.04164089044166473,SI216_shuffled,58,99
speed_1s_stage3_col1_mean,0.008896179038518012,SI216_shuffled,58,99
speed_1s_stage3_col1_std_over_mean,0.018988852251108978,SI216_shuffled,58,99
speed_1s_stage3_col2_mean,0.008200194352294975,SI216_shuffled,58,99
speed_1s_stage3_col2_std_over_mean,0.026866853380354876,SI216_shuffled,58,99
speed_1s_stage4_rows,0.014804087610781665,SI216_shuffled,58,99
speed_1s_stage4_col1_mean,0.015433510509781345,SI216_shuffled,58,99
speed_1s_stage4_col1_std_over_mean,0.016806064936970528,SI216_shuffled,58,99
speed_1s_stage4_col2_mean,0.04106865176069934,SI216_shuffled,58,99
speed_1s_stage4_col2_std_over_mean,0.07425869525220513,SI216_shuffled,58,99
speed_1s_stage5_rows,0.0010570956388023722,SI216_shuffled,58,99
speed_1s_stage5_col1_mean,0.01406081352116231,SI216_shuffled,58,99
speed_1s_stage5_col1_std_over_mean,0.033593697482503085,SI216_shuffled,58,99
speed_1s_stage5_col2_mean,0.011292951978115862,SI216_shuffled,58,99
speed_1s_stage5_col2_std_over_mean,0.017617377347354187,SI216_shuffled,58,99
speed_10s_avg_rows,0.008123011941171612,SI216_shuffled,58,99
speed_10s_avg_stage2_rows,0.005886814039590349,SI216_shuffled,58,99
speed_10s_avg_stage2_col1_mean,0.0116203409836562,SI216_shuffled,58,99
speed_10s_avg_stage2_col1_std_over_mean,0.02457767691981571,SI216_shuffled,58,99
speed_10s_avg_stage2_col2_mean,0.011328678404580654,SI216_shuffled,58,99
speed_10s_avg_stage2_col2_std_over_mean,0.011456100595666104,SI216_shuffled,58,99
speed_10s_avg_stage3_rows,0.03752370802479231,SI216_shuffled,58,99
speed_10s_avg_stage3_col1_mean,0.006558589112541588,SI216_shuffled,58,99
speed_10s_avg_stage3_col1_std_over_mean,0.013729509215242089,SI216_shuffled,58,99
speed_10s_avg_stage3_col2_mean,0.016241740852901424,SI216_shuffled,58,99
speed_10s_avg_stage3_col2_std_over_mean,0.025401431808129815,SI216_shuffled,58,99
speed_10s_avg_stage4_rows,0.018659522847353702,SI216_shuffled,58,99
speed_10s_avg_stage4_col1_mean,0.018071375976570277,SI216_shuffled,58,99
speed_10s_avg_stage4_col1_std_over_mean,0.006494234948863817,SI216_shuffled,58,99
speed_10s_avg_stage4_col2_mean,0.03790464637151366,SI216_shuffled,58,99
speed_10s_avg_stage4_col2_std_over_mean,0.019625331799528887,SI216_shuffled,58,99
speed_10s_avg_stage5_rows,0.0011663204113954767,SI216_shuffled,58,99
speed_10s_avg_stage5_col1_mean,0.010255704088869276,SI216_shuffled,58,99
speed_10s_avg_stage5_col1_std_over_mean,0.0057260367965962546,SI216_shuffled,58,99
speed_10s_avg_stage5_col2_mean,0.0072671441927476274,SI216_shuffled,58,99
speed_10s_avg_stage5_col2_std_over_mean,0.020793642420744354,SI216_shuffled,58,99
stage_2_frames,0.015385492462936775,SI216_shuffled,59,100
stage_3_frames,0.008302907657280286,SI216_shuffled,59,100
stage_4_frames,0.01764449835153841,SI216_shuffled,59,100
stage_5_frames,0.006241123426890998,SI216_shuffled,59,100
roam_mean,0.019259998643215058,SI216_shuffled,59,100
roam_std_over_mean,0.015024405551585098,SI216_shuffled,59,100
roam_early_mean,0.010312591823470265,SI216_shuffled,59,100
roam_mid_mean,0.13561941990917362,SI216_shuffled,59,100
roam_late_mean,0.013061300414142281,SI216_shuffled,59,100
roam_slope,0.028467701565876073,SI216_shuffled,59,100
speed_1s_rows,0.013815585659334405,SI216_shuffled,59,100
speed_1s_stage2_rows,0.01580606582323862,SI216_shuffled,59,100
speed_1s_stage2_col1_mean,0.01849309007760352,SI216_shuffled,59,100
speed_1s_stage2_col1_std_over_mean,0.008414327570621745,SI216_shuffled,59,100
speed_1s_stage2_col2_mean,0.018561480707350333,SI216_shuffled,59,100
speed_1s_stage2_col2_std_over_mean,0.017244629482733864,SI216_shuffled,59,100
speed_1s_stage3_rows,0.009022572781421132,SI216_shuffled,59,100
speed_1s_stage3_col1_mean,0.005724660127490013,SI216_shuffled,59,100
speed_1s_stage3_col1_std_over_mean,0.02188394590879796,SI216_shuffled,59,100
speed_1s_stage3_col2_mean,0.02374460483729342,SI216_shuffled,59,100
speed_1s_stage3_col2_std_over_mean,0.02441072366882391,SI216_shuffled,59,100
speed_1s_stage4_rows,0.008599171358274618,SI216_shuffled,59,100
speed_1s_stage4_col1_mean,0.012922560223180491,SI216_shuffled,59,100
speed_1s_stage4_col1_std_over_mean,0.021440081348966165,SI216_shuffled,59,100
speed_1s_stage4_col2_mean,0.021667936869335772,SI216_shuffled,59,100
speed_1s_stage4_col2_std_over_mean,0.029720242077360664,SI216_shuffled,59,100
speed_1s_stage5_rows,0.0006309351432937167,SI216_shuffled,59,100
speed_1s_stage5_col1_mean,0.028048425000360533,SI216_shuffled,59,100
speed_1s_stage5_col1_std_over_mean,0.025380168522921295,SI216_shuffled,59,100
speed_1s_stage5_col2_mean,0.015458266070339285,SI216_shuffled,59,100
speed_1s_stage5_col2_std_over_mean,0.02161610796697598,SI216_shuffled,59,100
speed_10s_avg_rows,0.019366064617405417,SI216_shuffled,59,100
speed_10s_avg_stage2_rows,0.008328682859714127,SI216_shuffled,59,100
speed_10s_avg_stage2_col1_mean,0.020705853009350846,SI216_shuffled,59,100
speed_10s_avg_stage2_col1_std_over_mean,0.01109818142273163,SI216_shuffled,59,100
speed_10s_avg_stage2_col2_mean,0.019760744813461253,SI216_shuffled,59,100
speed_10s_avg_stage2_col2_std_over_mean,0.015453226639422358,SI216_shuffled,59,100
speed_10s_avg_stage3_rows,0.017780131907197995,SI216_shuffled,59,100
speed_10s_avg_stage3_col1_mean,0.007993948648206989,SI216_shuffled,59,100
speed_10s_avg_stage3_col1_std_over_mean,0.011520176934942195,SI216_shuffled,59,100
speed_10s_avg_stage3_col2_mean,0.01710077043183355,SI216_shuffled,59,100
speed_10s_avg_stage3_col2_std_over_mean,0.01648413119723009,SI216_shuffled,59,100
speed_10s_avg_stage4_rows,0.006975525444008816,SI216_shuffled,59,100
speed_10s_avg_stage4_col1_mean,0.012757486904135177,SI216_shuffled,59,100
speed_10s_avg_stage4_col1_std_over_mean,0.015051668243649287,SI216_shuffled,59,100
speed_10s_avg_stage4_col2_mean,0.026560197465998376,SI216_shuffled,59,100
speed_10s_avg_stage4_col2_std_over_mean,0.017047120293024826,SI216_shuffled,59,100
speed_10s_avg_stage5_rows,2.904325322270178e-05,SI216_shuffled,59,100
speed_10s_avg_stage5_col1_mean,0.03000528199815089,SI216_shuffled,59,100
speed_10s_avg_stage5_col1_std_over_mean,0.02033203786878412,SI216_shuffled,59,100
speed_10s_avg_stage5_col2_mean,0.014677928044468422,SI216_shuffled,59,100
speed_10s_avg_stage5_col2_std_over_mean,0.05904677697123478,SI216_shuffled,59,100
stage_2_frames,0.020257295731664966,SI216_shuffled,60,101
stage_3_frames,0.006061940179260183,SI216_shuffled,60,101
stage_4_frames,0.03416368058267799,SI216_shuffled,60,101
stage_5_frames,0.007504233008790856,SI216_shuffled,60,101
roam_mean,0.006673566114178029,SI216_shuffled,60,101
roam_std_over_mean,0.031223311221875345,SI216_shuffled,60,101
roam_early_mean,0.017370668817253274,SI216_shuffled,60,101
roam_mid_mean,0.16863850810250428,SI216_shuffled,60,101
roam_late_mean,0.008697546008995421,SI216_shuffled,60,101
roam_slope,0.04491824641484991,SI216_shuffled,60,101
speed_1s_rows,0.010045218352572107,SI216_shuffled,60,101
speed_1s_stage2_rows,0.008427830857129023,SI216_shuffled,60,101
speed_1s_stage2_col1_mean,0.0116006599082551,SI216_shuffled,60,101
speed_1s_stage2_col1_std_over_mean,0.01199497868389067,SI216_shuffled,60,101
speed_1s_stage2_col2_mean,0.013314130869155333,SI216_shuffled,60,101
speed_1s_stage2_col2_std_over_mean,0.009407238871140769,SI216_shuffled,60,101
speed_1s_stage3_rows,0.03203908709551001,SI216_shuffled,60,101
speed_1s_stage3_col1_mean,0.010291698906157321,SI216_shuffled,60,101
speed_1s_stage3_col1_std_over_mean,0.021163105130715506,SI216_shuffled,60,101
speed_1s_stage3_col2_mean,0.007482531137845746,SI216_shuffled,60,101
speed_1s_stage3_col2_std_over_mean,0.03292529321787874,SI216_shuffled,60,101
speed_1s_stage4_rows,0.010974180522181262,SI216_shuffled,60,101
speed_1s_stage4_col1_mean,0.012005936097865176,SI216_shuffled,60,101
speed_1s_stage4_col1_std_over_mean,0.01133033476056974,SI216_shuffled,60,101
speed_1s_stage4_col2_mean,0.02719016304029361,SI216_shuffled,60,101
speed_1s_stage4_col2_std_over_mean,0.0384269226999897,SI216_shuffled,60,101
speed_1s_stage5_rows,0.0033580899808634303,SI216_shuffled,60,101
speed_1s_stage5_col1_mean,0.007683599513056772,SI216_shuffled,60,101
speed_1s_stage5_col1_std_over_mean,0.031020122421806975,SI216_shuffled,60,101
speed_1s_stage5_col2_mean,0.01312792346244976,SI216_shuffled,60,101
speed_1s_stage5_col2_std_over_mean,0.008831113322099453,SI216_shuffled,60,101
speed_10s_avg_rows,0.008383917954776972,SI216_shuffled,60,101
speed_10s_avg_stage2_rows,0.0047652566968510775,SI216_shuffled,60,101
speed_10s_avg_stage2_col1_mean,0.00868343007031533,SI216_shuffled,60,101
speed_10s_avg_stage2_col1_std_over_mean,0.01800492438742833,SI216_shuffled,60,101
speed_10s_avg_stage2_col2_mean,0.011337534221586204,SI216_shuffled,60,101
speed_10s_avg_stage2_col2_std_over_mean,0.014443246226665792,SI216_shuffled,60,101
speed_10s_avg_stage3_rows,0.02907173869461364,SI216_shuffled,60,101
speed_10s_avg_stage3_col1_mean,0.007360610750558062,SI216_shuffled,60,101
speed_10s_avg_stage3_col1_std_over_mean,0.02063693440943081,SI216_shuffled,60,101
speed_10s_avg_stage3_col2_mean,0.0072000115419611115,SI216_shuffled,60,101
speed_10s_avg_stage3_col2_std_over_mean,0.014824097896947764,SI216_shuffled,60,101
speed_10s_avg_stage4_rows,0.008781698202107308,SI216_shuffled,60,101
speed_10s_avg_stage4_col1_mean,0.010794474888319697,SI216_shuffled,60,101
speed_10s_avg_stage4_col1_std_over_mean,0.030222746485434313,SI216_shuffled,60,101
speed_10s_avg_stage4_col2_mean,0.03127333946693878,SI216_shuffled,60,101
speed_10s_avg_stage4_col2_std_over_mean,0.03136161173183791,SI216_shuffled,60,101
speed_10s_avg_stage5_rows,0.002877210661617718,SI216_shuffled,60,101
speed_10s_avg_stage5_col1_mean,0.010727226595624174,SI216_shuffled,60,101
speed_10s_avg_stage5_col1_std_over_mean,0.01642209561056889,SI216_shuffled,60,101
speed_10s_avg_stage5_col2_mean,0.016318669650230197,SI216_shuffled,60,101
speed_10s_avg_stage5_col2_std_over_mean,0.018360068822709442,SI216_shuffled,60,101
stage_2_frames,0.020598291489659307,SI216_shuffled,61,102
stage_3_frames,0.005844893288414417,SI216_shuffled,61,102
stage_4_frames,0.03226645986016108,SI216_shuffled,61,102
stage_5_frames,0.02289908922964108,SI216_shuffled,61,102
roam_mean,0.012466665705718373,SI216_shuffled,61,102
roam_std_over_mean,0.014203139937608663,SI216_shuffled,61,102
roam_early_mean,0.012176066252568299,SI216_shuffled,61,102
roam_mid_mean,0.06438081423594849,SI216_shuffled,61,102
roam_late_mean,0.014914142531030017,SI216_shuffled,61,102
roam_slope,0.020282990464351593,SI216_shuffled,61,102
speed_1s_rows,0.022119137505896617,SI216_shuffled,61,102
speed_1s_stage2_rows,0.015025506572278776,SI216_shuffled,61,102
speed_1s_stage2_col1_mean,0.008861999337465799,SI216_shuffled,61,102
speed_1s_stage2_col1_std_over_mean,0.013845932043867996,SI216_shuffled,61,102
speed_1s_stage2_col2_mean,0.02175834097897626,SI216_shuffled,61,102
speed_1s_stage2_col2_std_over_mean,0.011312913800882854,SI216_shuffled,61,102
speed_1s_stage3_rows,0.02935562326138478,SI216_shuffled,61,102
speed_1s_stage3_col1_mean,0.009526759827291216,SI216_shuffled,61,102
speed_1s_stage3_col1_std_over_mean,0.016924001256471793,SI216_shuffled,61,102
speed_1s_stage3_col2_mean,0.005317563697100183,SI216_shuffled,61,102
speed_1s_stage3_col2_std_over_mean,0.016337909792744344,SI216_shuffled,61,102
speed_1s_stage4_rows,0.024892941926688863,SI216_shuffled,61,102
speed_1s_stage4_col1_mean,0.014737204050771795,SI216_shuffled,61,102
speed_1s_stage4_col1_std_over_mean,0.036668934251516586,SI216_shuffled,61,102
speed_1s_stage4_col2_mean,0.03453087566829677,SI216_shuffled,61,102
speed_1s_stage4_col2_std_over_mean,0.02457726009158288,SI216_shuffled,61,102
speed_1s_stage5_rows,0.00456715242909301,SI216_shuffled,61,102
speed_1s_stage5_col1_mean,0.01998687411671379,SI216_shuffled,61,102
speed_1s_stage5_col1_std_over_mean,0.03142464241857491,SI216_shuffled,61,102
speed_1s_stage5_col2_mean,0.013175346716606195,SI216_shuffled,61,102
speed_1s_stage5_col2_std_over_mean,0.01149342146180334,SI216_shuffled,61,102
speed_10s_avg_rows,0.01458595951632592,SI216_shuffled,61,102
speed_10s_avg_stage2_rows,0.006593211430676072,SI216_shuffled,61,102
speed_10s_avg_stage2_col1_mean,0.008554608008884494,SI216_shuffled,61,102
speed_10s_avg_stage2_col1_std_over_mean,0.02798073473062695,SI216_shuffled,61,102
speed_10s_avg_stage2_col2_mean,0.020507247745984194,SI216_shuffled,61,102
speed_10s_avg_stage2_col2_std_over_mean,0.022227120029689556,SI216_shuffled,61,102
speed_10s_avg_stage3_rows,0.017496846890729723,SI216_shuffled,61,102
speed_10s_avg_stage3_col1_mean,0.008982541196900942,SI216_shuffled,61,102
speed_10s_avg_stage3_col1_std_over_mean,0.035345931288277996,SI216_shuffled,61,102
speed_10s_avg_stage3_col2_mean,0.007486140301757889,SI216_shuffled,61,102
speed_10s_avg_stage3_col2_std_over_mean,0.04890607695878775,SI216_shuffled,61,102
speed_10s_avg_stage4_rows,0.024080765952043132,SI216_shuffled,61,102
speed_10s_avg_stage4_col1_mean,0.016413876464047343,SI216_shuffled,61,102
speed_10s_avg_stage4_col1_std_over_mean,0.014921758795673411,SI216_shuffled,61,102
speed_10s_avg_stage4_col2_mean,0.028011531218449227,SI216_shuffled,61,102
speed_10s_avg_stage4_col2_std_over_mean,0.022148604246563258,SI216_shuffled,61,102
speed_10s_avg_stage5_rows,0.0016250677407789393,SI216_shuffled,61,102
speed_10s_avg_stage5_col1_mean,0.020162426461793836,SI216_shuffled,61,102
speed_10s_avg_stage5_col1_std_over_mean,0.019002486326940828,SI216_shuffled,61,102
speed_10s_avg_stage5_col2_mean,0.01220316744340389,SI216_shuffled,61,102
speed_10s_avg_stage5_col2_std_over_mean,0.016291003050554715,SI216_shuffled,61,102
stage_2_frames,0.014967507660803306,SI216_shuffled,62,103
stage_3_frames,0.003868134531310927,SI216_shuffled,62,103
stage_4_frames,0.029360935488296668,SI216_shuffled,62,103
stage_5_frames,0.008321798410946869,SI216_shuffled,62,103
roam_mean,0.01816557990929838,SI216_shuffled,62,103
roam_std_over_mean,0.013684007718709085,SI216_shuffled,62,103
roam_early_mean,0.013640043325398,SI216_shuffled,62,103
roam_mid_mean,0.10416721236975383,SI216_shuffled,62,103
roam_late_mean,0.0077593103583966155,SI216_shuffled,62,103
roam_slope,0.054808483513545996,SI216_shuffled,62,103
speed_1s_rows,0.009238519181035357,SI216_shuffled,62,103
speed_1s_stage2_rows,0.009813727066846323,SI216_shuffled,62,103
speed_1s_stage2_col1_mean,0.007236290097088158,SI216_shuffled,62,103
speed_1s_stage2_col1_std_over_mean,0.022355772429622698,SI216_shuffled,62,103
speed_1s_stage2_col2_mean,0.009367159589087796,SI216_shuffled,62,103
speed_1s_stage2_col2_std_over_mean,0.013535832437443152,SI216_shuffled,62,103
speed_1s_stage3_rows,0.02614667270288881,SI216_shuffled,62,103
speed_1s_stage3_col1_mean,0.005417098412526111,SI216_shuffled,62,103
speed_1s_stage3_col1_std_over_mean,0.010784962534002972,SI216_shuffled,62,103
speed_1s_stage3_col2_mean,0.02022854757204305,SI216_shuffled,62,103
speed_1s_stage3_col2_std_over_mean,0.0376481074998597,SI216_shuffled,62,103
speed_1s_stage4_rows,0.009871580096926362,SI216_shuffled,62,103
speed_1s_stage4_col1_mean,0.010908279257034019,SI216_shuffled,62,103
speed_1s_stage4_col1_std_over_mean,0.010914528467920917,SI216_shuffled,62,103
speed_1s_stage4_col2_mean,0.037128346071202675,SI216_shuffled,62,103
speed_1s_stage4_col2_std_over_mean,0.04092940402931393,SI216_shuffled,62,103
speed_1s_stage5_rows,0.0026299358862715196,SI216_shuffled,62,103
speed_1s_stage5_col1_mean,0.010991052391435286,SI216_shuffled,62,103
speed_1s_stage5_col1_std_over_mean,0.0218208815366994,SI216_shuffled,62,103
speed_1s_stage5_col2_mean,0.02952240328420622,SI216_shuffled,62,103
speed_1s_stage5_col2_std_over_mean,0.014054057329096509,SI216_shuffled,62,103
speed_10s_avg_rows,0.006092111142984886,SI216_shuffled,62,103
speed_10s_avg_stage2_rows,0.0085272979751889,SI216_shuffled,62,103
speed_10s_avg_stage2_col1_mean,0.006675041444869832,SI216_shuffled,62,103
speed_10s_avg_stage2_col1_std_over_mean,0.028286731855083402,SI216_shuffled,62,103
speed_10s_avg_stage2_col2_mean,0.011694290273047768,SI216_shuffled,62,103
speed_10s_avg_stage2_col2_std_over_mean,0.01798651513815597,SI216_shuffled,62,103
speed_10s_avg_stage3_rows,0.027237836645691824,SI216_shuffled,62,103
speed_10s_avg_stage3_col1_mean,0.0030893170421013322,SI216_shuffled,62,103
speed_10s_avg_stage3_col1_std_over_mean,0.03413385172330278,SI216_shuffled,62,103
speed_10s_avg_stage3_col2_mean,0.023071791676684463,SI216_shuffled,62,103
speed_10s_avg_stage3_col2_std_over_mean,0.029636482822570122,SI216_shuffled,62,103
speed_10s_avg_stage4_rows,0.009153100521850298,SI216_shuffled,62,103
speed_10s_avg_stage4_col1_mean,0.013379265452853681,SI216_shuffled,62,103
speed_10s_avg_stage4_col1_std_over_mean,0.017139086395753705,SI216_shuffled,62,103
speed_10s_avg_stage4_col2_mean,0.03440324331391314,SI216_shuffled,62,103
speed_10s_avg_stage4_col2_std_over_mean,0.024642639731180714,SI216_shuffled,62,103
speed_10s_avg_stage5_rows,0.0011373991931673798,SI216_shuffled,62,103
speed_10s_avg_stage5_col1_mean,0.012006353291247414,SI216_shuffled,62,103
speed_10s_avg_stage5_col1_std_over_mean,0.008929289071422885,SI216_shuffled,62,103
speed_10s_avg_stage5_col2_mean,0.02967333545828809,SI216_shuffled,62,103
speed_10s_avg_stage5_col2_std_over_mean,0.02381884867163086,SI216_shuffled,62,103
stage_2_frames,0.02000909985070865,SI216_shuffled,63,104
stage_3_frames,0.008955705889356954,SI216_shuffled,63,104
stage_4_frames,0.02890159455764975,SI216_shuffled,63,104
stage_5_frames,0.015712693152564346,SI216_shuffled,63,104
roam_mean,0.013705682880476407,SI216_shuffled,63,104
roam_std_over_mean,0.017168504556404836,SI216_shuffled,63,104
roam_early_mean,0.02254838109970083,SI216_shuffled,63,104
roam_mid_mean,0.08951027074595008,SI216_shuffled,63,104
roam_late_mean,0.01333247597811737,SI216_shuffled,63,104
roam_slope,0.029232691334250636,SI216_shuffled,63,104
speed_1s_rows,0.01703135473684197,SI216_shuffled,63,104
speed_1s_stage2_rows,0.0032457582603360774,SI216_shuffled,63,104
speed_1s_stage2_col1_mean,0.008265693567057688,SI216_shuffled,63,104
speed_1s_stage2_col1_std_over_mean,0.023418987452395585,SI216_shuffled,63,104
speed_1s_stage2_col2_mean,0.010984438143190516,SI216_shuffled,63,104
speed_1s_stage2_col2_std_over_mean,0.012635514131673213,SI216_shuffled,63,104
speed_1s_stage3_rows,0.03415370237301822,SI216_shuffled,63,104
speed_1s_stage3_col1_mean,0.021655747708822823,SI216_shuffled,63,104
speed_1s_stage3_col1_std_over_mean,0.027490378896046424,SI216_shuffled,63,104
speed_1s_stage3_col2_mean,0.004194333098900579,SI216_shuffled,63,104
speed_1s_stage3_col2_std_over_mean,0.01643790007074589,SI216_shuffled,63,104
speed_1s_stage4_rows,0.016121124457892214,SI216_shuffled,63,104
speed_1s_stage4_col1_mean,0.012008784552273322,SI216_shuffled,63,104
speed_1s_stage4_col1_std_over_mean,0.014558218863319879,SI216_shuffled,63,104
speed_1s_stage4_col2_mean,0.018819113227348513,SI216_shuffled,63,104
speed_1s_stage4_col2_std_over_mean,0.012449223977412315,SI216_shuffled,63,104
speed_1s_stage5_rows,0.002362581598810591,SI216_shuffled,63,104
speed_1s_stage5_col1_mean,0.0234684521021002,SI216_shuffled,63,104
speed_1s_stage5_col1_std_over_mean,0.04984473484947763,SI216_shuffled,63,104
speed_1s_stage5_col2_mean,0.009802416242584332,SI216_shuffled,63,104
speed_1s_stage5_col2_std_over_mean,0.013257592727071322,SI216_shuffled,63,104
speed_10s_avg_rows,0.011533469899936298,SI216_shuffled,63,104
speed_10s_avg_stage2_rows,0.007562130903619324,SI216_shuffled,63,104
speed_10s_avg_stage2_col1_mean,0.012993519523643422,SI216_shuffled,63,104
speed_10s_avg_stage2_col1_std_over_mean,0.05095306912048705,SI216_shuffled,63,104
speed_10s_avg_stage2_col2_mean,0.015288079578604374,SI216_shuffled,63,104
speed_10s_avg_stage2_col2_std_over_mean,0.02166525603678591,SI216_shuffled,63,104
speed_10s_avg_stage3_rows,0.02557487667630478,SI216_shuffled,63,104
speed_10s_avg_stage3_col1_mean,0.013163456382968529,SI216_shuffled,63,104
speed_10s_avg_stage3_col1_std_over_mean,0.037332942957184395,SI216_shuffled,63,104
speed_10s_avg_stage3_col2_mean,0.0033738853642504753,SI216_shuffled,63,104
speed_10s_avg_stage3_col2_std_over_mean,0.028910738615403057,SI216_shuffled,63,104
speed_10s_avg_stage4_rows,0.011079005507393287,SI216_shuffled,63,104
speed_10s_avg_stage4_col1_mean,0.01746319938222533,SI216_shuffled,63,104
speed_10s_avg_stage4_col1_std_over_mean,0.016325378203406814,SI216_shuffled,63,104
speed_10s_avg_stage4_col2_mean,0.018312924923532526,SI216_shuffled,63,104
speed_10s_avg_stage4_col2_std_over_mean,0.03488944725192483,SI216_shuffled,63,104
speed_10s_avg_stage5_rows,0.004333595479373117,SI216_shuffled,63,104
speed_10s_avg_stage5_col1_mean,0.014574417256824982,SI216_shuffled,63,104
speed_10s_avg_stage5_col1_std_over_mean,0.00923541606019366,SI216_shuffled,63,104
speed_10s_avg_stage5_col2_mean,0.011415406142904577,SI216_shuffled,63,104
speed_10s_avg_stage5_col2_std_over_mean,0.022736633650534094,SI216_shuffled,63,104
stage_2_frames,0.012941332717809851,SI216_shuffled,64,105
stage_3_frames,0.003942903656539351,SI216_shuffled,64,105
stage_4_frames,0.03130123626524318,SI216_shuffled,64,105
stage_5_frames,0.026530811118017052,SI216_shuffled,64,105
roam_mean,0.014767048645146922,SI216_shuffled,64,105
roam_std_over_mean,0.024154767376042927,SI216_shuffled,64,105
roam_early_mean,0.009002314469282414,SI216_shuffled,64,105
roam_mid_mean,0.07214446383028236,SI216_shuffled,64,105
roam_late_mean,0.011934687630147888,SI216_shuffled,64,105
roam_slope,0.021368908345518113,SI216_shuffled,64,105
speed_1s_rows,0.007933319870382066,SI216_shuffled,64,105
speed_1s_stage2_rows,0.004485705283443429,SI216_shuffled,64,105
speed_1s_stage2_col1_mean,0.009990300527728651,SI216_shuffled,64,105
speed_1s_stage2_col1_std_over_mean,0.025367360979199248,SI216_shuffled,64,105
speed_1s_stage2_col2_mean,0.009701049425251714,SI216_shuffled,64,105
speed_1s_stage2_col2_std_over_mean,0.008238387153498046,SI216_shuffled,64,105
speed_1s_stage3_rows,0.027170099941903413,SI216_shuffled,64,105
speed_1s_stage3_col1_mean,0.013916520623847056,SI216_shuffled,64,105
speed_1s_stage3_col1_std_over_mean,0.02173923705572787,SI216_shuffled,64,105
speed_1s_stage3_col2_mean,0.008250536125328278,SI216_shuffled,64,105
speed_1s_stage3_col2_std_over_mean,0.024486200579448645,SI216_shuffled,64,105
speed_1s_stage4_rows,0.02546052533062489,SI216_shuffled,64,105
speed_1s_stage4_col1_mean,0.018412272324015978,SI216_shuffled,64,105
speed_1s_stage4_col1_std_over_mean,0.01869299315403796,SI216_shuffled,64,105
speed_1s_stage4_col2_mean,0.033100366777601864,SI216_shuffled,64,105
speed_1s_stage4_col2_std_over_mean,0.017275896621944238,SI216_shuffled,64,105
speed_1s_stage5_rows,0.003218801870304785,SI216_shuffled,64,105
speed_1s_stage5_col1_mean,0.009412743044795717,SI216_shuffled,64,105
speed_1s_stage5_col1_std_over_mean,0.04891379213453607,SI216_shuffled,64,105
speed_1s_stage5_col2_mean,0.020815882434060344,SI216_shuffled,64,105
speed_1s_stage5_col2_std_over_mean,0.01402671457024275,SI216_shuffled,64,105
speed_10s_avg_rows,0.01091646153155163,SI216_shuffled,64,105
speed_10s_avg_stage2_rows,0.0047257465504932355,SI216_shuffled,64,105
speed_10s_avg_stage2_col1_mean,0.008518795205905911,SI216_shuffled,64,105
speed_10s_avg_stage2_col1_std_over_mean,0.04627857778243,SI216_shuffled,64,105
speed_10s_avg_stage2_col2_mean,0.004067770530788367,SI216_shuffled,64,105
speed_10s_avg_stage2_col2_std_over_mean,0.01751399411584328,SI216_shuffled,64,105
speed_10s_avg_stage3_rows,0.02800347633688563,SI216_shuffled,64,105
speed_10s_avg_stage3_col1_mean,0.01499451163701532,SI216_shuffled,64,105
speed_10s_avg_stage3_col1_std_over_mean,0.03885292453434359,SI216_shuffled,64,105
speed_10s_avg_stage3_col2_mean,0.007693899342354654,SI216_shuffled,64,105
speed_10s_avg_stage3_col2_std_over_mean,0.03642474121908097,SI216_shuffled,64,105
speed_10s_avg_stage4_rows,0.024178577698253625,SI216_shuffled,64,105
speed_10s_avg_stage4_col1_mean,0.020296659927640927,SI216_shuffled,64,105
speed_10s_avg_stage4_col1_std_over_mean,0.011899141149078132,SI216_shuffled,64,105
speed_10s_avg_stage4_col2_mean,0.026366524948856624,SI216_shuffled,64,105
speed_10s_avg_stage4_col2_std_over_mean,0.02231563671721703,SI216_shuffled,64,105
speed_10s_avg_stage5_rows,0.0020595022191583216,SI216_shuffled,64,105
speed_10s_avg_stage5_col1_mean,0.018321261207924367,SI216_shuffled,64,105
speed_10s_avg_stage5_col1_std_over_mean,0.010080084256455322,SI216_shuffled,64,105
speed_10s_avg_stage5_col2_mean,0.017818874521286852,SI216_shuffled,64,105
speed_10s_avg_stage5_col2_std_over_mean,0.029975658685483266,SI216_shuffled,64,105
stage_2_frames,0.012233725024374831,SI216_shuffled,65,106
stage_3_frames,0.009634696542727632,SI216_shuffled,65,106
stage_4_frames,0.024958957526859456,SI216_shuffled,65,106
stage_5_frames,0.014339449692503529,SI216_shuffled,65,106
roam_mean,0.008537985890932335,SI216_shuffled,65,106
roam_std_over_mean,0.024605474146827736,SI216_shuffled,65,106
roam_early_mean,0.017018419293346524,SI216_shuffled,65,106
roam_mid_mean,0.17001077917217944,SI216_shuffled,65,106
roam_late_mean,0.015928907478367088,SI216_shuffled,65,106
roam_slope,0.042745827492194716,SI216_shuffled,65,106
speed_1s_rows,0.010532750008994082,SI216_shuffled,65,106
speed_1s_stage2_rows,0.00718568996073137,SI216_shuffled,65,106
speed_1s_stage2_col1_mean,0.013409328148442349,SI216_shuffled,65,106
speed_1s_stage2_col1_std_over_mean,0.011364750778188427,SI216_shuffled,65,106
speed_1s_stage2_col2_mean,0.017734953824828786,SI216_shuffled,65,106
speed_1s_stage2_col2_std_over_mean,0.006507457600349735,SI216_shuffled,65,106
speed_1s_stage3_rows,0.020648482676464214,SI216_shuffled,65,106
speed_1s_stage3_col1_mean,0.009684023289578422,SI216_shuffled,65,106
speed_1s_stage3_col1_std_over_mean,0.025057062387610726,SI216_shuffled,65,106
speed_1s_stage3_col2_mean,0.00906200953159076,SI216_shuffled,65,106
speed_1s_stage3_col2_std_over_mean,0.007592905935494437,SI216_shuffled,65,106
speed_1s_stage4_rows,0.016648694198704815,SI216_shuffled,65,106
speed_1s_stage4_col1_mean,0.01923370873086676,SI216_shuffled,65,106
speed_1s_stage4_col1_std_over_mean,0.030231496550332793,SI216_shuffled,65,106
speed_1s_stage4_col2_mean,0.0388505490177407,SI216_shuffled,65,106
speed_1s_stage4_col2_std_over_mean,0.0219603355906647,SI216_shuffled,65,106
speed_1s_stage5_rows,0.009889574893807292,SI216_shuffled,65,106
speed_1s_stage5_col1_mean,0.008815872251016914,SI216_shuffled,65,106
speed_1s_stage5_col1_std_over_mean,0.03158158349197643,SI216_shuffled,65,106
speed_1s_stage5_col2_mean,0.010962545827179468,SI216_shuffled,65,106
speed_1s_stage5_col2_std_over_mean,0.009725428100654517,SI216_shuffled,65,106
speed_10s_avg_rows,0.00871221293717156,SI216_shuffled,65,106
speed_10s_avg_stage2_rows,0.002716893468704405,SI216_shuffled,65,106
speed_10s_avg_stage2_col1_mean,0.01370204227237416,SI216_shuffled,65,106
speed_10s_avg_stage2_col1_std_over_mean,0.013436216515011288,SI216_shuffled,65,106
speed_10s_avg_stage2_col2_mean,0.014052043879786261,SI216_shuffled,65,106
speed_10s_avg_stage2_col2_std_over_mean,0.016860124928564077,SI216_shuffled,65,106
speed_10s_avg_stage3_rows,0.020467060550534544,SI216_shuffled,65,106
speed_10s_avg_stage3_col1_mean,0.004827035395923779,SI216_shuffled,65,106
speed_10s_avg_stage3_col1_std_over_mean,0.02167492578033268,SI216_shuffled,65,106
speed_10s_avg_stage3_col2_mean,0.00978518766907756,SI216_shuffled,65,106
speed_10s_avg_stage3_col2_std_over_mean,0.01533986691438141,SI216_shuffled,65,106
speed_10s_avg_stage4_rows,0.015393320308498097,SI216_shuffled,65,106
speed_10s_avg_stage4_col1_mean,0.016913721680588464,SI216_shuffled,65,106
speed_10s_avg_stage4_col1_std_over_mean,0.01412660207595662,SI216_shuffled,65,106
speed_10s_avg_stage4_col2_mean,0.03666751675323614,SI216_shuffled,65,106
speed_10s_avg_stage4_col2_std_over_mean,0.024734845155864455,SI216_shuffled,65,106
speed_10s_avg_stage5_rows,0.013907016939206,SI216_shuffled,65,106
speed_10s_avg_stage5_col1_mean,0.012311650706304227,SI216_shuffled,65,106
speed_10s_avg_stage5_col1_std_over_mean,0.01215217939307439,SI216_shuffled,65,106
speed_10s_avg_stage5_col2_mean,0.0084567248623203,SI216_shuffled,65,106
speed_10s_avg_stage5_col2_std_over_mean,0.027069386757558492,SI216_shuffled,65,106
stage_2_frames,0.013688177691659054,SI216_shuffled,66,107
stage_3_frames,0.01494421880910803,SI216_shuffled,66,107
stage_4_frames,0.03087959454700729,SI216_shuffled,66,107
stage_5_frames,0.01855619722909541,SI216_shuffled,66,107
roam_mean,0.014214607117013785,SI216_shuffled,66,107
roam_std_over_mean,0.017921047947696517,SI216_shuffled,66,107
roam_early_mean,0.015342717086230286,SI216_shuffled,66,107
roam_mid_mean,0.08823061272496818,SI216_shuffled,66,107
roam_late_mean,0.022092624894758533,SI216_shuffled,66,107
roam_slope,0.017187159338483842,SI216_shuffled,66,107
speed_1s_rows,0.009110035227736377,SI216_shuffled,66,107
speed_1s_stage2_rows,0.014119611166939204,SI216_shuffled,66,107
speed_1s_stage2_col1_mean,0.017474952843635403,SI216_shuffled,66,107
speed_1s_stage2_col1_std_over_mean,0.02038262845304123,SI216_shuffled,66,107
speed_1s_stage2_col2_mean,0.021008683709550873,SI216_shuffled,66,107
speed_1s_stage2_col2_std_over_mean,0.0243532883013308,SI216_shuffled,66,107
speed_1s_stage3_rows,0.02924715124340473,SI216_shuffled,66,107
speed_1s_stage3_col1_mean,0.007922304521519112,SI216_shuffled,66,107
speed_1s_stage3_col1_std_over_mean,0.019142637921383616,SI216_shuffled,66,107
speed_1s_stage3_col2_mean,0.00386417462116838,SI216_shuffled,66,107
speed_1s_stage3_col2_std_over_mean,0.014804959209443946,SI216_shuffled,66,107
speed_1s_stage4_rows,0.020313729088010362,SI216_shuffled,66,107
speed_1s_stage4_col1_mean,0.012930339139965268,SI216_shuffled,66,107
speed_1s_stage4_col1_std_over_mean,0.03181735791845969,SI216_shuffled,66,107
speed_1s_stage4_col2_mean,0.025428167393652137,SI216_shuffled,66,107
speed_1s_stage4_col2_std_over_mean,0.03973317910402921,SI216_shuffled,66,107
speed_1s_stage5_rows,0.001328802394504648,SI216_shuffled,66,107
speed_1s_stage5_col1_mean,0.029282336004305118,SI216_shuffled,66,107
speed_1s_stage5_col1_std_over_mean,0.020047598876489933,SI216_shuffled,66,107
speed_1s_stage5_col2_mean,0.010198683079646761,SI216_shuffled,66,107
speed_1s_stage5_col2_std_over_mean,0.01923295893221203,SI216_shuffled,66,107
speed_10s_avg_rows,0.0092146352920873,SI216_shuffled,66,107
speed_10s_avg_stage2_rows,0.016702018474610645,SI216_shuffled,66,107
speed_10s_avg_stage2_col1_mean,0.012152906213592017,SI216_shuffled,66,107
speed_10s_avg_stage2_col1_std_over_mean,0.0311318134733185,SI216_shuffled,66,107
speed_10s_avg_stage2_col2_mean,0.01308427979038101,SI216_shuffled,66,107
speed_10s_avg_stage2_col2_std_over_mean,0.015277519752975609,SI216_shuffled,66,107
speed_10s_avg_stage3_rows,0.024072134503155446,SI216_shuffled,66,107
speed_10s_avg_stage3_col1_mean,0.006234765415238483,SI216_shuffled,66,107
speed_10s_avg_stage3_col1_std_over_mean,0.024706311170918607,SI216_shuffled,66,107
speed_10s_avg_stage3_col2_mean,0.01329923631622421,SI216_shuffled,66,107
speed_10s_avg_stage3_col2_std_over_mean,0.02516355257480409,SI216_shuffled,66,107
speed_10s_avg_stage4_rows,0.026379718979556432,SI216_shuffled,66,107
speed_10s_avg_stage4_col1_mean,0.008141177630785921,SI216_shuffled,66,107
speed_10s_avg_stage4_col1_std_over_mean,0.011571003989444042,SI216_shuffled,66,107
speed_10s_avg_stage4_col2_mean,0.02247949199553204,SI216_shuffled,66,107
speed_10s_avg_stage4_col2_std_over_mean,0.02114327220222736,SI216_shuffled,66,107
speed_10s_avg_stage5_rows,0.0011146908354355215,SI216_shuffled,66,107
speed_10s_avg_stage5_col1_mean,0.029786874079937208,SI216_shuffled,66,107
speed_10s_avg_stage5_col1_std_over_mean,0.007696265060749526,SI216_shuffled,66,107
speed_10s_avg_stage5_col2_mean,0.01835221303156631,SI216_shuffled,66,107
speed_10s_avg_stage5_col2_std_over_mean,0.017495582681010015,SI216_shuffled,66,107
stage_2_frames,0.013186998231752482,SI216_shuffled,67,108
stage_3_frames,0.008054196196641569,SI216_shuffled,67,108
stage_4_frames,0.022693707215651726,SI216_shuffled,67,108
stage_5_frames,0.023075071433701775,SI216_shuffled,67,108
roam_mean,0.010719316579824278,SI216_shuffled,67,108
roam_std_over_mean,0.022777306945255517,SI216_shuffled,67,108
roam_early_mean,0.013114430840165541,SI216_shuffled,67,108
roam_mid_mean,0.04952121265393858,SI216_shuffled,67,108
roam_late_mean,0.007750636072777985,SI216_shuffled,67,108
roam_slope,0.0091508476168998,SI216_shuffled,67,108
speed_1s_rows,0.011798593816325883,SI216_shuffled,67,108
speed_1s_stage2_rows,0.006267990060653181,SI216_shuffled,67,108
speed_1s_stage2_col1_mean,0.01452910732793634,SI216_shuffled,67,108
speed_1s_stage2_col1_std_over_mean,0.015390447150754402,SI216_shuffled,67,108
speed_1s_stage2_col2_mean,0.010980575219836296,SI216_shuffled,67,108
speed_1s_stage2_col2_std_over_mean,0.02271867963187363,SI216_shuffled,67,108
speed_1s_stage3_rows,0.030266799700562,SI216_shuffled,67,108
speed_1s_stage3_col1_mean,0.007946006075294578,SI216_shuffled,67,108
speed_1s_stage3_col1_std_over_mean,0.01067424838364131,SI216_shuffled,67,108
speed_1s_stage3_col2_mean,0.0062253692669186145,SI216_shuffled,67,108
speed_1s_stage3_col2_std_over_mean,0.013577876306495143,SI216_shuffled,67,108
speed_1s_stage4_rows,0.028236915952895576,SI216_shuffled,67,108
speed_1s_stage4_col1_mean,0.010872803721878096,SI216_shuffled,67,108
speed_1s_stage4_col1_std_over_mean,0.018696979629183846,SI216_shuffled,67,108
speed_1s_stage4_col2_mean,0.0597534101009618,SI216_shuffled,67,108
speed_1s_stage4_col2_std_over_mean,0.07291054432919183,SI216_shuffled,67,108
speed_1s_stage5_rows,0.00021422667215261217,SI216_shuffled,67,108
speed_1s_stage5_col1_mean,0.01255153007783866,SI216_shuffled,67,108
speed_1s_stage5_col1_std_over_mean,0.016118704599536172,SI216_shuffled,67,108
speed_1s_stage5_col2_mean,0.03468741888507171,SI216_shuffled,67,108
speed_1s_stage5_col2_std_over_mean,0.005277061654029623,SI216_shuffled,67,108
speed_10s_avg_rows,0.02006528858972858,SI216_shuffled,67,108
speed_10s_avg_stage2_rows,0.010392431967751572,SI216_shuffled,67,108
speed_10s_avg_stage2_col1_mean,0.016445784040999077,SI216_shuffled,67,108
speed_10s_avg_stage2_col1_std_over_mean,0.03617949556022921,SI216_shuffled,67,108
speed_10s_avg_stage2_col2_mean,0.012412744979054561,SI216_shuffled,67,108
speed_10s_avg_stage2_col2_std_over_mean,0.038791461744439495,SI216_shuffled,67,108
speed_10s_avg_stage3_rows,0.023302371941088352,SI216_shuffled,67,108
speed_10s_avg_stage3_col1_mean,0.008763113502629299,SI216_shuffled,67,108
speed_10s_avg_stage3_col1_std_over_mean,0.02326045164723298,SI216_shuffled,67,108
speed_10s_avg_stage3_col2_mean,0.009708577758077297,SI216_shuffled,67,108
speed_10s_avg_stage3_col2_std_over_mean,0.015329696514259557,SI216_shuffled,67,108
speed_10s_avg_stage4_rows,0.01970328460703063,SI216_shuffled,67,108
speed_10s_avg_stage4_col1_mean,0.008646809857241894,SI216_shuffled,67,108
speed_10s_avg_stage4_col1_std_over_mean,0.010148244007330746,SI216_shuffled,67,108
speed_10s_avg_stage4_col2_mean,0.04026990836592668,SI216_shuffled,67,108
speed_10s_avg_stage4_col2_std_over_mean,0.03390435740340759,SI216_shuffled,67,108
speed_10s_avg_stage5_rows,0.0007880532247916808,SI216_shuffled,67,108
speed_10s_avg_stage5_col1_mean,0.009583336735788862,SI216_shuffled,67,108
speed_10s_avg_stage5_col1_std_over_mean,0.011212824773955713,SI216_shuffled,67,108
speed_10s_avg_stage5_col2_mean,0.03796899979917293,SI216_shuffled,67,108
speed_10s_avg_stage5_col2_std_over_mean,0.023383750630223056,SI216_shuffled,67,108
stage_2_frames,0.024969865501428826,SI216_shuffled,68,109
stage_3_frames,0.005532050486730331,SI216_shuffled,68,109
stage_4_frames,0.026804651836635333,SI216_shuffled,68,109
stage_5_frames,0.015129767868463526,SI216_shuffled,68,109
roam_mean,0.02803547663259525,SI216_shuffled,68,109
roam_std_over_mean,0.020743199956965497,SI216_shuffled,68,109
roam_early_mean,0.00797342040190625,SI216_shuffled,68,109
roam_mid_mean,0.08556422181043798,SI216_shuffled,68,109
roam_late_mean,0.021596186043345518,SI216_shuffled,68,109
roam_slope,0.015102118713700404,SI216_shuffled,68,109
speed_1s_rows,0.01312942580088825,SI216_shuffled,68,109
speed_1s_stage2_rows,0.004832838798594286,SI216_shuffled,68,109
speed_1s_stage2_col1_mean,0.011878557234825445,SI216_shuffled,68,109
speed_1s_stage2_col1_std_over_mean,0.024106756096699742,SI216_shuffled,68,109
speed_1s_stage2_col2_mean,0.011521760650857466,SI216_shuffled,68,109
speed_1s_stage2_col2_std_over_mean,0.01012704452564742,SI216_shuffled,68,109
speed_1s_stage3_rows,0.013868111371762385,SI216_shuffled,68,109
speed_1s_stage3_col1_mean,0.010930781135760853,SI216_shuffled,68,109
speed_1s_stage3_col1_std_over_mean,0.019552205262915383,SI216_shuffled,68,109
speed_1s_stage3_col2_mean,0.01618373054145211,SI216_shuffled,68,109
speed_1s_stage3_col2_std_over_mean,0.052343443256892636,SI216_shuffled,68,109
speed_1s_stage4_rows,0.014703125890918054,SI216_shuffled,68,109
speed_1s_stage4_col1_mean,0.011718853650669795,SI216_shuffled,68,109
speed_1s_stage4_col1_std_over_mean,0.010917987829427128,SI216_shuffled,68,109
speed_1s_stage4_col2_mean,0.042890034414732776,SI216_shuffled,68,109
speed_1s_stage4_col2_std_over_mean,0.030022015455380635,SI216_shuffled,68,109
speed_1s_stage5_rows,0.001620196123058027,SI216_shuffled,68,109
speed_1s_stage5_col1_mean,0.014086996780110788,SI216_shuffled,68,109
speed_1s_stage5_col1_std_over_mean,0.03565038001408963,SI216_shuffled,68,109
speed_1s_stage5_col2_mean,0.01900566730739411,SI216_shuffled,68,109
speed_1s_stage5_col2_std_over_mean,0.009529013794680704,SI216_shuffled,68,109
speed_10s_avg_rows,0.010124662138726878,SI216_shuffled,68,109
speed_10s_avg_stage2_rows,0.005362859911736697,SI216_shuffled,68,109
speed_10s_avg_stage2_col1_mean,0.011184765687357774,SI216_shuffled,68,109
speed_10s_avg_stage2_col1_std_over_mean,0.03815682762415169,SI216_shuffled,68,109
speed_10s_avg_stage2_col2_mean,0.012124463825115308,SI216_shuffled,68,109
speed_10s_avg_stage2_col2_std_over_mean,0.012995551187745239,SI216_shuffled,68,109
speed_10s_avg_stage3_rows,0.022960090601455856,SI216_shuffled,68,109
speed_10s_avg_stage3_col1_mean,0.014276369301128628,SI216_shuffled,68,109
speed_10s_avg_stage3_col1_std_over_mean,0.042632892514461,SI216_shuffled,68,109
speed_10s_avg_stage3_col2_mean,0.015391196274679074,SI216_shuffled,68,109
speed_10s_avg_stage3_col2_std_over_mean,0.03213148975040553,SI216_shuffled,68,109
speed_10s_avg_stage4_rows,0.012727674794854604,SI216_shuffled,68,109
speed_10s_avg_stage4_col1_mean,0.009355750806548269,SI216_shuffled,68,109
speed_10s_avg_stage4_col1_std_over_mean,0.010628777328977202,SI216_shuffled,68,109
speed_10s_avg_stage4_col2_mean,0.03750371608676318,SI216_shuffled,68,109
speed_10s_avg_stage4_col2_std_over_mean,0.01655460684414662,SI216_shuffled,68,109
speed_10s_avg_stage5_rows,0.002861484549198719,SI216_shuffled,68,109
speed_10s_avg_stage5_col1_mean,0.011835137513958524,SI216_shuffled,68,109
speed_10s_avg_stage5_col1_std_over_mean,0.009617805725580771,SI216_shuffled,68,109
speed_10s_avg_stage5_col2_mean,0.024217414481737008,SI216_shuffled,68,109
speed_10s_avg_stage5_col2_std_over_mean,0.01728657786230487,SI216_shuffled,68,109
stage_2_frames,0.013338099986525735,SI216_shuffled,69,110
stage_3_frames,0.01000928898424551,SI216_shuffled,69,110
stage_4_frames,0.04090477730136887,SI216_shuffled,69,110
stage_5_frames,0.019651615072201496,SI216_shuffled,69,110
roam_mean,0.01074449205421242,SI216_shuffled,69,110
roam_std_over_mean,0.02067505782914941,SI216_shuffled,69,110
roam_early_mean,0.008975902171579826,SI216_shuffled,69,110
roam_mid_mean,0.019169284440005187,SI216_shuffled,69,110
roam_late_mean,0.008752205798985793,SI216_shuffled,69,110
roam_slope,0.023074303717103253,SI216_shuffled,69,110
speed_1s_rows,0.01383254186537467,SI216_shuffled,69,110
speed_1s_stage2_rows,0.016290654989533526,SI216_shuffled,69,110
speed_1s_stage2_col1_mean,0.059345181078809095,SI216_shuffled,69,110
speed_1s_stage2_col1_std_over_mean,0.013566048325476976,SI216_shuffled,69,110
speed_1s_stage2_col2_mean,0.01233650216764952,SI216_shuffled,69,110
speed_1s_stage2_col2_std_over_mean,0.013712043678403608,SI216_shuffled,69,110
speed_1s_stage3_rows,0.03946143297577906,SI216_shuffled,69,110
speed_1s_stage3_col1_mean,0.01368699123587145,SI216_shuffled,69,110
speed_1s_stage3_col1_std_over_mean,0.03541295302421806,SI216_shuffled,69,110
speed_1s_stage3_col2_mean,0.005327360384265692,SI216_shuffled,69,110
speed_1s_stage3_col2_std_over_mean,0.025785866449394994,SI216_shuffled,69,110
speed_1s_stage4_rows,0.012413414631999194,SI216_shuffled,69,110
speed_1s_stage4_col1_mean,0.008054153247604222,SI216_shuffled,69,110
speed_1s_stage4_col1_std_over_mean,0.00799121551801566,SI216_shuffled,69,110
speed_1s_stage4_col2_mean,0.01462184804445692,SI216_shuffled,69,110
speed_1s_stage4_col2_std_over_mean,0.04924094255453523,SI216_shuffled,69,110
speed_1s_stage5_rows,0.00029666136839887004,SI216_shuffled,69,110
speed_1s_stage5_col1_mean,0.014599802192936799,SI216_shuffled,69,110
speed_1s_stage5_col1_std_over_mean,0.016840368326152846,SI216_shuffled,69,110
speed_1s_stage5_col2_mean,0.009132903189232086,SI216_shuffled,69,110
speed_1s_stage5_col2_std_over_mean,0.01653464979148706,SI216_shuffled,69,110
speed_10s_avg_rows,0.008297531030461592,SI216_shuffled,69,110
speed_10s_avg_stage2_rows,0.010029590336936529,SI216_shuffled,69,110
speed_10s_avg_stage2_col1_mean,0.05080438909604574,SI216_shuffled,69,110
speed_10s_avg_stage2_col1_std_over_mean,0.027752344425504526,SI216_shuffled,69,110
speed_10s_avg_stage2_col2_mean,0.007518023501974867,SI216_shuffled,69,110
speed_10s_avg_stage2_col2_std_over_mean,0.02754732205603834,SI216_shuffled,69,110
speed_10s_avg_stage3_rows,0.04630225959767232,SI216_shuffled,69,110
speed_10s_avg_stage3_col1_mean,0.01123708482938157,SI216_shuffled,69,110
speed_10s_avg_stage3_col1_std_over_mean,0.01773483272176792,SI216_shuffled,69,110
speed_10s_avg_stage3_col2_mean,0.006904511693179828,SI216_shuffled,69,110
speed_10s_avg_stage3_col2_std_over_mean,0.07237221247093832,SI216_shuffled,69,110
speed_10s_avg_stage4_rows,0.01869814737689345,SI216_shuffled,69,110
speed_10s_avg_stage4_col1_mean,0.005665586757071679,SI216_shuffled,69,110
speed_10s_avg_stage4_col1_std_over_mean,0.012114793040785252,SI216_shuffled,69,110
speed_10s_avg_stage4_col2_mean,0.016372668390605884,SI216_shuffled,69,110
speed_10s_avg_stage4_col2_std_over_mean,0.03111452400773758,SI216_shuffled,69,110
speed_10s_avg_stage5_rows,0.0023462464745127374,SI216_shuffled,69,110
speed_10s_avg_stage5_col1_mean,0.014313538987766572,SI216_shuffled,69,110
speed_10s_avg_stage5_col1_std_over_mean,0.00838785276150737,SI216_shuffled,69,110
speed_10s_avg_stage5_col2_mean,0.005310111249600482,SI216_shuffled,69,110
speed_10s_avg_stage5_col2_std_over_mean,0.025397866798644458,SI216_shuffled,69,110
stage_2_frames,0.024449534091390095,SI216_shuffled,70,111
stage_3_frames,0.010355400098283922,SI216_shuffled,70,111
stage_4_frames,0.014952563246155348,SI216_shuffled,70,111
stage_5_frames,0.009332509528068631,SI216_shuffled,70,111
roam_mean,0.014305158027924376,SI216_shuffled,70,111
roam_std_over_mean,0.03248597146075642,SI216_shuffled,70,111
roam_early_mean,0.015923677122474857,SI216_shuffled,70,111
roam_mid_mean,0.0842923357080364,SI216_shuffled,70,111
roam_late_mean,0.017459002277904513,SI216_shuffled,70,111
roam_slope,0.033287107324592564,SI216_shuffled,70,111
speed_1s_rows,0.011517417897639857,SI216_shuffled,70,111
speed_1s_stage2_rows,0.006297852684079622,SI216_shuffled,70,111
speed_1s_stage2_col1_mean,0.013170198599390488,SI216_shuffled,70,111
speed_1s_stage2_col1_std_over_mean,0.02427734113447583,SI216_shuffled,70,111
speed_1s_stage2_col2_mean,0.01473318432276277,SI216_shuffled,70,111
speed_1s_stage2_col2_std_over_mean,0.013429372895440063,SI216_shuffled,70,111
speed_1s_stage3_rows,0.010726800700624069,SI216_shuffled,70,111
speed_1s_stage3_col1_mean,0.0050268855856785396,SI216_shuffled,70,111
speed_1s_stage3_col1_std_over_mean,0.02721983254126112,SI216_shuffled,70,111
speed_1s_stage3_col2_mean,0.007991121482855496,SI216_shuffled,70,111
speed_1s_stage3_col2_std_over_mean,0.03318365341864368,SI216_shuffled,70,111
speed_1s_stage4_rows,0.01258037478933925,SI216_shuffled,70,111
speed_1s_stage4_col1_mean,0.033739016609620455,SI216_shuffled,70,111
speed_1s_stage4_col1_std_over_mean,0.03590614748568612,SI216_shuffled,70,111
speed_1s_stage4_col2_mean,0.010230819344255087,SI216_shuffled,70,111
speed_1s_stage4_col2_std_over_mean,0.025666575532448676,SI216_shuffled,70,111
speed_1s_stage5_rows,0.002431058012989329,SI216_shuffled,70,111
speed_1s_stage5_col1_mean,0.021516660372088003,SI216_shuffled,70,111
speed_1s_stage5_col1_std_over_mean,0.05439554985573531,SI216_shuffled,70,111
speed_1s_stage5_col2_mean,0.005404252312586261,SI216_shuffled,70,111
speed_1s_stage5_col2_std_over_mean,0.013442805763810777,SI216_shuffled,70,111
speed_10s_avg_rows,0.0072560272652440905,SI216_shuffled,70,111
speed_10s_avg_stage2_rows,0.005513273759141055,SI216_shuffled,70,111
speed_10s_avg_stage2_col1_mean,0.017777584904845836,SI216_shuffled,70,111
speed_10s_avg_stage2_col1_std_over_mean,0.019174577191606774,SI216_shuffled,70,111
speed_10s_avg_stage2_col2_mean,0.008347504227930068,SI216_shuffled,70,111
speed_10s_avg_stage2_col2_std_over_mean,0.02650659556125801,SI216_shuffled,70,111
speed_10s_avg_stage3_rows,0.019158590888565818,SI216_shuffled,70,111
speed_10s_avg_stage3_col1_mean,0.010594751761992864,SI216_shuffled,70,111
speed_10s_avg_stage3_col1_std_over_mean,0.022777637741131253,SI216_shuffled,70,111
speed_10s_avg_stage3_col2_mean,0.013159886001773187,SI216_shuffled,70,111
speed_10s_avg_stage3_col2_std_over_mean,0.019840156897279956,SI216_shuffled,70,111
speed_10s_avg_stage4_rows,0.012867277120074029,SI216_shuffled,70,111
speed_10s_avg_stage4_col1_mean,0.03452059603022638,SI216_shuffled,70,111
speed_10s_avg_stage4_col1_std_over_mean,0.01440046758631101,SI216_shuffled,70,111
speed_10s_avg_stage4_col2_mean,0.024836714049336114,SI216_shuffled,70,111
speed_10s_avg_stage4_col2_std_over_mean,0.031521417443739215,SI216_shuffled,70,111
speed_10s_avg_stage5_rows,0.0005985091235868316,SI216_shuffled,70,111
speed_10s_avg_stage5_col1_mean,0.022663033158819967,SI216_shuffled,70,111
speed_10s_avg_stage5_col1_std_over_mean,0.011421324580531958,SI216_shuffled,70,111
speed_10s_avg_stage5_col2_mean,0.006825545233251821,SI216_shuffled,70,111
speed_10s_avg_stage5_col2_std_over_mean,0.03050834924635586,SI216_shuffled,70,111
stage_2_frames,0.015600711075626087,SI216_shuffled,71,112
stage_3_frames,0.012278508883689341,SI216_shuffled,71,112
stage_4_frames,0.015898432651304705,SI216_shuffled,71,112
stage_5_frames,0.012026630575723396,SI216_shuffled,71,112
roam_mean,0.024195194422309205,SI216_shuffled,71,112
roam_std_over_mean,0.018797609578189208,SI216_shuffled,71,112
roam_early_mean,0.012762138593287281,SI216_shuffled,71,112
roam_mid_mean,0.07074011687344063,SI216_shuffled,71,112
roam_late_mean,0.014585521547405673,SI216_shuffled,71,112
roam_slope,0.04197463451505064,SI216_shuffled,71,112
speed_1s_rows,0.013502252233520685,SI216_shuffled,71,112
speed_1s_stage2_rows,0.011641820060054653,SI216_shuffled,71,112
speed_1s_stage2_col1_mean,0.013372607941097823,SI216_shuffled,71,112
speed_1s_stage2_col1_std_over_mean,0.01981697370905015,SI216_shuffled,71,112
speed_1s_stage2_col2_mean,0.019827320810358293,SI216_shuffled,71,112
speed_1s_stage2_col2_std_over_mean,0.010873506111165308,SI216_shuffled,71,112
speed_1s_stage3_rows,0.02144558372579202,SI216_shuffled,71,112
speed_1s_stage3_col1_mean,0.007004740305370515,SI216_shuffled,71,112
speed_1s_stage3_col1_std_over_mean,0.012786768497436969,SI216_shuffled,71,112
speed_1s_stage3_col2_mean,0.01455550966977038,SI216_shuffled,71,112
speed_1s_stage3_col2_std_over_mean,0.0367316205611772,SI216_shuffled,71,112
speed_1s_stage4_rows,0.008133552938304265,SI216_shuffled,71,112
speed_1s_stage4_col1_mean,0.014762125855943452,SI216_shuffled,71,112
speed_1s_stage4_col1_std_over_mean,0.014225138231849446,SI216_shuffled,71,112
speed_1s_stage4_col2_mean,0.028819169889974468,SI216_shuffled,71,112
speed_1s_stage4_col2_std_over_mean,0.016707278766168544,SI216_shuffled,71,112
speed_1s_stage5_rows,0.0021304388093188716,SI216_shuffled,71,112
speed_1s_stage5_col1_mean,0.02583265670791679,SI216_shuffled,71,112
speed_1s_stage5_col1_std_over_mean,0.05829886284845626,SI216_shuffled,71,112
speed_1s_stage5_col2_mean,0.013493165440019942,SI216_shuffled,71,112
speed_1s_stage5_col2_std_over_mean,0.0251145318790568,SI216_shuffled,71,112
speed_10s_avg_rows,0.010310295158700038,SI216_shuffled,71,112
speed_10s_avg_stage2_rows,0.009575321356880013,SI216_shuffled,71,112
speed_10s_avg_stage2_col1_mean,0.014584647221059243,SI216_shuffled,71,112
speed_10s_avg_stage2_col1_std_over_mean,0.012457757560410742,SI216_shuffled,71,112
speed_10s_avg_stage2_col2_mean,0.019992212004494254,SI216_shuffled,71,112
speed_10s_avg_stage2_col2_std_over_mean,0.012519832319533707,SI216_shuffled,71,112
speed_10s_avg_stage3_rows,0.021766749082446704,SI216_shuffled,71,112
speed_10s_avg_stage3_col1_mean,0.004372905736950843,SI216_shuffled,71,112
speed_10s_avg_stage3_col1_std_over_mean,0.019839219208743368,SI216_shuffled,71,112
speed_10s_avg_stage3_col2_mean,0.008242198687762417,SI216_shuffled,71,112
speed_10s_avg_stage3_col2_std_over_mean,0.03682119565887484,SI216_shuffled,71,112
speed_10s_avg_stage4_rows,0.012326645827397101,SI216_shuffled,71,112
speed_10s_avg_stage4_col1_mean,0.018909174807022033,SI216_shuffled,71,112
speed_10s_avg_stage4_col1_std_over_mean,0.025844594346274292,SI216_shuffled,71,112
speed_10s_avg_stage4_col2_mean,0.02014591146171542,SI216_shuffled,71,112
speed_10s_avg_stage4_col2_std_over_mean,0.017101392383155476,SI216_shuffled,71,112
speed_10s_avg_stage5_rows,0.002458641666093108,SI216_shuffled,71,112
speed_10s_avg_stage5_col1_mean,0.02196231082962538,SI216_shuffled,71,112
speed_10s_avg_stage5_col1_std_over_mean,0.03388992387340979,SI216_shuffled,71,112
speed_10s_avg_stage5_col2_mean,0.01646944177563021,SI216_shuffled,71,112
speed_10s_avg_stage5_col2_std_over_mean,0.03247450532599201,SI216_shuffled,71,112
stage_2_frames,0.014709560350821362,SI216_shuffled,72,113
stage_3_frames,0.013190460163704757,SI216_shuffled,72,113
stage_4_frames,0.017330240898429772,SI216_shuffled,72,113
stage_5_frames,0.009782880901616291,SI216_shuffled,72,113
roam_mean,0.018961629012920596,SI216_shuffled,72,113
roam_std_over_mean,0.022628450615434077,SI216_shuffled,72,113
roam_early_mean,0.022403969017279673,SI216_shuffled,72,113
roam_mid_mean,0.09527804081849245,SI216_shuffled,72,113
roam_late_mean,0.016198702589676338,SI216_shuffled,72,113
roam_slope,0.057961832488656134,SI216_shuffled,72,113
speed_1s_rows,0.011775879823173218,SI216_shuffled,72,113
speed_1s_stage2_rows,0.005695730880262919,SI216_shuffled,72,113
speed_1s_stage2_col1_mean,0.015759999986238126,SI216_shuffled,72,113
speed_1s_stage2_col1_std_over_mean,0.013711982751532762,SI216_shuffled,72,113
speed_1s_stage2_col2_mean,0.009280781713422715,SI216_shuffled,72,113
speed_1s_stage2_col2_std_over_mean,0.006918515813625804,SI216_shuffled,72,113
speed_1s_stage3_rows,0.01743556060643459,SI216_shuffled,72,113
speed_1s_stage3_col1_mean,0.0084507812543076,SI216_shuffled,72,113
speed_1s_stage3_col1_std_over_mean,0.028323587192661842,SI216_shuffled,72,113
speed_1s_stage3_col2_mean,0.010691315382805312,SI216_shuffled,72,113
speed_1s_stage3_col2_std_over_mean,0.022703714241127416,SI216_shuffled,72,113
speed_1s_stage4_rows,0.014359395405749951,SI216_shuffled,72,113
speed_1s_stage4_col1_mean,0.009492300633898722,SI216_shuffled,72,113
speed_1s_stage4_col1_std_over_mean,0.04764046347667245,SI216_shuffled,72,113
speed_1s_stage4_col2_mean,0.016312303929092352,SI216_shuffled,72,113
speed_1s_stage4_col2_std_over_mean,0.028036288631363433,SI216_shuffled,72,113
speed_1s_stage5_rows,0.006508694761530226,SI216_shuffled,72,113
speed_1s_stage5_col1_mean,0.00881402130117524,SI216_shuffled,72,113
speed_1s_stage5_col1_std_over_mean,0.04120023536643083,SI216_shuffled,72,113
speed_1s_stage5_col2_mean,0.018888026416721358,SI216_shuffled,72,113
speed_1s_stage5_col2_std_over_mean,0.018325426863200944,SI216_shuffled,72,113
speed_10s_avg_rows,0.01321539554291696,SI216_shuffled,72,113
speed_10s_avg_stage2_rows,0.008962725904686882,SI216_shuffled,72,113
speed_10s_avg_stage2_col1_mean,0.014782378459251306,SI216_shuffled,72,113
speed_10s_avg_stage2_col1_std_over_mean,0.021145355751236963,SI216_shuffled,72,113
speed_10s_avg_stage2_col2_mean,0.010328181481988288,SI216_shuffled,72,113
speed_10s_avg_stage2_col2_std_over_mean,0.033049193595175275,SI216_shuffled,72,113
speed_10s_avg_stage3_rows,0.022148052312139496,SI216_shuffled,72,113
speed_10s_avg_stage3_col1_mean,0.00981766503039767,SI216_shuffled,72,113
speed_10s_avg_stage3_col1_std_over_mean,0.03513096764990223,SI216_shuffled,72,113
speed_10s_avg_stage3_col2_mean,0.010733000133481515,SI216_shuffled,72,113
speed_10s_avg_stage3_col2_std_over_mean,0.027353102768442092,SI216_shuffled,72,113
speed_10s_avg_stage4_rows,0.014436232195341337,SI216_shuffled,72,113
speed_10s_avg_stage4_col1_mean,0.01144644676842258,SI216_shuffled,72,113
speed_10s_avg_stage4_col1_std_over_mean,0.01386760185913638,SI216_shuffled,72,113
speed_10s_avg_stage4_col2_mean,0.016679536208823145,SI216_shuffled,72,113
speed_10s_avg_stage4_col2_std_over_mean,0.02644583605700752,SI216_shuffled,72,113
speed_10s_avg_stage5_rows,0.0015088494525150062,SI216_shuffled,72,113
speed_10s_avg_stage5_col1_mean,0.010817313538171407,SI216_shuffled,72,113
speed_10s_avg_stage5_col1_std_over_mean,0.019771526857151184,SI216_shuffled,72,113
speed_10s_avg_stage5_col2_mean,0.008064095973105832,SI216_shuffled,72,113
speed_10s_avg_stage5_col2_std_over_mean,0.021525769172247695,SI216_shuffled,72,113
stage_2_frames,0.011363504647457659,SI216_shuffled,73,114
stage_3_frames,0.011014427258532243,SI216_shuffled,73,114
stage_4_frames,0.03470106832510934,SI216_shuffled,73,114
stage_5_frames,0.022740849615118942,SI216_shuffled,73,114
roam_mean,0.008492483673960268,SI216_shuffled,73,114
roam_std_over_mean,0.01042634493961622,SI216_shuffled,73,114
roam_early_mean,0.012462306406221606,SI216_shuffled,73,114
roam_mid_mean,0.13275531762379872,SI216_shuffled,73,114
roam_late_mean,0.009760054702306849,SI216_shuffled,73,114
roam_slope,0.023926851298781866,SI216_shuffled,73,114
speed_1s_rows,0.009945865069262356,SI216_shuffled,73,114
speed_1s_stage2_rows,0.012408173709239429,SI216_shuffled,73,114
speed_1s_stage2_col1_mean,0.013378394589776308,SI216_shuffled,73,114
speed_1s_stage2_col1_std_over_mean,0.01967646619380962,SI216_shuffled,73,114
speed_1s_stage2_col2_mean,0.00953379803811616,SI216_shuffled,73,114
speed_1s_stage2_col2_std_over_mean,0.00982830981167198,SI216_shuffled,73,114
speed_1s_stage3_rows,0.019084156461685597,SI216_shuffled,73,114
speed_1s_stage3_col1_mean,0.013714994866509005,SI216_shuffled,73,114
speed_1s_stage3_col1_std_over_mean,0.02806090923964778,SI216_shuffled,73,114
speed_1s_stage3_col2_mean,0.007524836443653868,SI216_shuffled,73,114
speed_1s_stage3_col2_std_over_mean,0.024811792801568675,SI216_shuffled,73,114
speed_1s_stage4_rows,0.017523284622305867,SI216_shuffled,73,114
speed_1s_stage4_col1_mean,0.032604749270680695,SI216_shuffled,73,114
speed_1s_stage4_col1_std_over_mean,0.018598865641495363,SI216_shuffled,73,114
speed_1s_stage4_col2_mean,0.029617847065924408,SI216_shuffled,73,114
speed_1s_stage4_col2_std_over_mean,0.023213941734959477,SI216_shuffled,73,114
speed_1s_stage5_rows,0.0028946423413154982,SI216_shuffled,73,114
speed_1s_stage5_col1_mean,0.00452483442069157,SI216_shuffled,73,114
speed_1s_stage5_col1_std_over_mean,0.029104926529275554,SI216_shuffled,73,114
speed_1s_stage5_col2_mean,0.006770059201825556,SI216_shuffled,73,114
speed_1s_stage5_col2_std_over_mean,0.008427211653620504,SI216_shuffled,73,114
speed_10s_avg_rows,0.013553375740501476,SI216_shuffled,73,114
speed_10s_avg_stage2_rows,0.016195067849143326,SI216_shuffled,73,114
speed_10s_avg_stage2_col1_mean,0.011700948275871656,SI216_shuffled,73,114
speed_10s_avg_stage2_col1_std_over_mean,0.014234107557725322,SI216_shuffled,73,114
speed_10s_avg_stage2_col2_mean,0.013750203226865486,SI216_shuffled,73,114
speed_10s_avg_stage2_col2_std_over_mean,0.024033032867325402,SI216_shuffled,73,114
speed_10s_avg_stage3_rows,0.025280862211492935,SI216_shuffled,73,114
speed_10s_avg_stage3_col1_mean,0.013077805214557916,SI216_shuffled,73,114
speed_10s_avg_stage3_col1_std_over_mean,0.01857893915498966,SI216_shuffled,73,114
speed_10s_avg_stage3_col2_mean,0.005296876115253423,SI216_shuffled,73,114
speed_10s_avg_stage3_col2_std_over_mean,0.027450474773458883,SI216_shuffled,73,114
speed_10s_avg_stage4_rows,0.014984112627184713,SI216_shuffled,73,114
speed_10s_avg_stage4_col1_mean,0.04083660144621537,SI216_shuffled,73,114
speed_10s_avg_stage4_col1_std_over_mean,0.01194049712887424,SI216_shuffled,73,114
speed_10s_avg_stage4_col2_mean,0.029149900094054087,SI216_shuffled,73,114
speed_10s_avg_stage4_col2_std_over_mean,0.02835727050943291,SI216_shuffled,73,114
speed_10s_avg_stage5_rows,0.0024291298619671833,SI216_shuffled,73,114
speed_10s_avg_stage5_col1_mean,0.010224631874588492,SI216_shuffled,73,114
speed_10s_avg_stage5_col1_std_over_mean,0.021585150999422046,SI216_shuffled,73,114
speed_10s_avg_stage5_col2_mean,0.005979187921989312,SI216_shuffled,73,114
speed_10s_avg_stage5_col2_std_over_mean,0.032470556351147435,SI216_shuffled,73,114
stage_2_frames,0.01962662849651736,SI216_shuffled,74,115
stage_3_frames,0.008679334391606522,SI216_shuffled,74,115
stage_4_frames,0.022730494645749912,SI216_shuffled,74,115
stage_5_frames,0.008334967501464051,SI216_shuffled,74,115
roam_mean,0.020312071991260817,SI216_shuffled,74,115
roam_std_over_mean,0.04704382621399682,SI216_shuffled,74,115
roam_early_mean,0.012223836997829014,SI216_shuffled,74,115
roam_mid_mean,0.05216407079523957,SI216_shuffled,74,115
roam_late_mean,0.01240228743007503,SI216_shuffled,74,115
roam_slope,0.020616295813953422,SI216_shuffled,74,115
speed_1s_rows,0.015595712612217327,SI216_shuffled,74,115
speed_1s_stage2_rows,0.00973809197756501,SI216_shuffled,74,115
speed_1s_stage2_col1_mean,0.007479538020410228,SI216_shuffled,74,115
speed_1s_stage2_col1_std_over_mean,0.01677696181815849,SI216_shuffled,74,115
speed_1s_stage2_col2_mean,0.017657718169555997,SI216_shuffled,74,115
speed_1s_stage2_col2_std_over_mean,0.012534826957651604,SI216_shuffled,74,115
speed_1s_stage3_rows,0.020035431795365318,SI216_shuffled,74,115
speed_1s_stage3_col1_mean,0.01839283521235757,SI216_shuffled,74,115
speed_1s_stage3_col1_std_over_mean,0.03876408045535731,SI216_shuffled,74,115
speed_1s_stage3_col2_mean,0.012149200934060897,SI216_shuffled,74,115
speed_1s_stage3_col2_std_over_mean,0.017316871116255735,SI216_shuffled,74,115
speed_1s_stage4_rows,0.012233472845380936,SI216_shuffled,74,115
speed_1s_stage4_col1_mean,0.0209072290907069,SI216_shuffled,74,115
speed_1s_stage4_col1_std_over_mean,0.011970269290235024,SI216_shuffled,74,115
speed_1s_stage4_col2_mean,0.02848100596792622,SI216_shuffled,74,115
speed_1s_stage4_col2_std_over_mean,0.06122269737852573,SI216_shuffled,74,115
speed_1s_stage5_rows,0.0025668223252171113,SI216_shuffled,74,115
speed_1s_stage5_col1_mean,0.028014455315645132,SI216_shuffled,74,115
speed_1s_stage5_col1_std_over_mean,0.054597832061188796,SI216_shuffled,74,115
speed_1s_stage5_col2_mean,0.013716447428088424,SI216_shuffled,74,115
speed_1s_stage5_col2_std_over_mean,0.018592654823157116,SI216_shuffled,74,115
speed_10s_avg_rows,0.007973503807821056,SI216_shuffled,74,115
speed_10s_avg_stage2_rows,0.007977350313543363,SI216_shuffled,74,115
speed_10s_avg_stage2_col1_mean,0.01018239112866285,SI216_shuffled,74,115
speed_10s_avg_stage2_col1_std_over_mean,0.03068134756660094,SI216_shuffled,74,115
speed_10s_avg_stage2_col2_mean,0.01681960769122424,SI216_shuffled,74,115
speed_10s_avg_stage2_col2_std_over_mean,0.019575681331258723,SI216_shuffled,74,115
speed_10s_avg_stage3_rows,0.021755646468786253,SI216_shuffled,74,115
speed_10s_avg_stage3_col1_mean,0.014179256797951088,SI216_shuffled,74,115
speed_10s_avg_stage3_col1_std_over_mean,0.02189386969951077,SI216_shuffled,74,115
speed_10s_avg_stage3_col2_mean,0.01158901490903159,SI216_shuffled,74,115
speed_10s_avg_stage3_col2_std_over_mean,0.02338435687885274,SI216_shuffled,74,115
speed_10s_avg_stage4_rows,0.012714932289351636,SI216_shuffled,74,115
speed_10s_avg_stage4_col1_mean,0.01150220653876733,SI216_shuffled,74,115
speed_10s_avg_stage4_col1_std_over_mean,0.019368302091141362,SI216_shuffled,74,115
speed_10s_avg_stage4_col2_mean,0.0272789676387981,SI216_shuffled,74,115
speed_10s_avg_stage4_col2_std_over_mean,0.014271793885246953,SI216_shuffled,74,115
speed_10s_avg_stage5_rows,0.0027338370162647177,SI216_shuffled,74,115
speed_10s_avg_stage5_col1_mean,0.0268200066065831,SI216_shuffled,74,115
speed_10s_avg_stage5_col1_std_over_mean,0.011888051236145135,SI216_shuffled,74,115
speed_10s_avg_stage5_col2_mean,0.010602595320437965,SI216_shuffled,74,115
speed_10s_avg_stage5_col2_std_over_mean,0.013929310911300648,SI216_shuffled,74,115
stage_2_frames,0.01426004715566175,SI216_shuffled,75,116
stage_3_frames,0.01024220649575998,SI216_shuffled,75,116
stage_4_frames,0.02664623511656484,SI216_shuffled,75,116
stage_5_frames,0.013019827649918712,SI216_shuffled,75,116
roam_mean,0.02820882917895762,SI216_shuffled,75,116
roam_std_over_mean,0.028084974114327203,SI216_shuffled,75,116
roam_early_mean,0.016707205308682926,SI216_shuffled,75,116
roam_mid_mean,0.03877457648550925,SI216_shuffled,75,116
roam_late_mean,0.013713444226775664,SI216_shuffled,75,116
roam_slope,0.05261141213065308,SI216_shuffled,75,116
speed_1s_rows,0.014398687824534595,SI216_shuffled,75,116
speed_1s_stage2_rows,0.007281534683194834,SI216_shuffled,75,116
speed_1s_stage2_col1_mean,0.011568520511565058,SI216_shuffled,75,116
speed_1s_stage2_col1_std_over_mean,0.014586321614009095,SI216_shuffled,75,116
speed_1s_stage2_col2_mean,0.03211604040911204,SI216_shuffled,75,116
speed_1s_stage2_col2_std_over_mean,0.010874546131816975,SI216_shuffled,75,116
speed_1s_stage3_rows,0.028814849217337728,SI216_shuffled,75,116
speed_1s_stage3_col1_mean,0.009753529330980216,SI216_shuffled,75,116
speed_1s_stage3_col1_std_over_mean,0.026085306614051233,SI216_shuffled,75,116
speed_1s_stage3_col2_mean,0.009790590417950678,SI216_shuffled,75,116
speed_1s_stage3_col2_std_over_mean,0.01873886960599075,SI216_shuffled,75,116
speed_1s_stage4_rows,0.017388549689556203,SI216_shuffled,75,116
speed_1s_stage4_col1_mean,0.012259069505822801,SI216_shuffled,75,116
speed_1s_stage4_col1_std_over_mean,0.014849951613498847,SI216_shuffled,75,116
speed_1s_stage4_col2_mean,0.04974963419864607,SI216_shuffled,75,116
speed_1s_stage4_col2_std_over_mean,0.05938440221989277,SI216_shuffled,75,116
speed_1s_stage5_rows,0.0023406408075617564,SI216_shuffled,75,116
speed_1s_stage5_col1_mean,0.013412257151630748,SI216_shuffled,75,116
speed_1s_stage5_col1_std_over_mean,0.022875594893235526,SI216_shuffled,75,116
speed_1s_stage5_col2_mean,0.0086441802910255,SI216_shuffled,75,116
speed_1s_stage5_col2_std_over_mean,0.012493365048772727,SI216_shuffled,75,116
speed_10s_avg_rows,0.00966873112281358,SI216_shuffled,75,116
speed_10s_avg_stage2_rows,0.009419015356184302,SI216_shuffled,75,116
speed_10s_avg_stage2_col1_mean,0.011985508571262472,SI216_shuffled,75,116
speed_10s_avg_stage2_col1_std_over_mean,0.026926705003733772,SI216_shuffled,75,116
speed_10s_avg_stage2_col2_mean,0.01746930166360445,SI216_shuffled,75,116
speed_10s_avg_stage2_col2_std_over_mean,0.020565103882110577,SI216_shuffled,75,116
speed_10s_avg_stage3_rows,0.02180553886059968,SI216_shuffled,75,116
speed_10s_avg_stage3_col1_mean,0.007892248754293696,SI216_shuffled,75,116
speed_10s_avg_stage3_col1_std_over_mean,0.011657578203521205,SI216_shuffled,75,116
speed_10s_avg_stage3_col2_mean,0.012186653641981961,SI216_shuffled,75,116
speed_10s_avg_stage3_col2_std_over_mean,0.019049186798366508,SI216_shuffled,75,116
speed_10s_avg_stage4_rows,0.014635686883319258,SI216_shuffled,75,116
speed_10s_avg_stage4_col1_mean,0.009119950416793305,SI216_shuffled,75,116
speed_10s_avg_stage4_col1_std_over_mean,0.023881862865796535,SI216_shuffled,75,116
speed_10s_avg_stage4_col2_mean,0.04508868931820764,SI216_shuffled,75,116
speed_10s_avg_stage4_col2_std_over_mean,0.0433213811256547,SI216_shuffled,75,116
speed_10s_avg_stage5_rows,0.0005541481823074312,SI216_shuffled,75,116
speed_10s_avg_stage5_col1_mean,0.008886135649987166,SI216_shuffled,75,116
speed_10s_avg_stage5_col1_std_over_mean,0.016607661979194898,SI216_shuffled,75,116
speed_10s_avg_stage5_col2_mean,0.00884098339614136,SI216_shuffled,75,116
speed_10s_avg_stage5_col2_std_over_mean,0.0207627286811281,SI216_shuffled,75,116
stage_2_frames,0.0178350832026325,SI216_shuffled,76,117
stage_3_frames,0.003704660440785304,SI216_shuffled,76,117
stage_4_frames,0.02827511530962465,SI216_shuffled,76,117
stage_5_frames,0.012709894854774853,SI216_shuffled,76,117
roam_mean,0.011267096726395686,SI216_shuffled,76,117
roam_std_over_mean,0.029786143470726882,SI216_shuffled,76,117
roam_early_mean,0.009343743784822863,SI216_shuffled,76,117
roam_mid_mean,0.03790897285182669,SI216_shuffled,76,117
roam_late_mean,0.018643006569702837,SI216_shuffled,76,117
roam_slope,0.027591970218326847,SI216_shuffled,76,117
speed_1s_rows,0.012699592362265115,SI216_shuffled,76,117
speed_1s_stage2_rows,0.007134541622603915,SI216_shuffled,76,117
speed_1s_stage2_col1_mean,0.010009548393292975,SI216_shuffled,76,117
speed_1s_stage2_col1_std_over_mean,0.018029144042116665,SI216_shuffled,76,117
speed_1s_stage2_col2_mean,0.02767716908727883,SI216_shuffled,76,117
speed_1s_stage2_col2_std_over_mean,0.01614732867975807,SI216_shuffled,76,117
speed_1s_stage3_rows,0.02913160806260661,SI216_shuffled,76,117
speed_1s_stage3_col1_mean,0.009562792059573784,SI216_shuffled,76,117
speed_1s_stage3_col1_std_over_mean,0.029962182879323018,SI216_shuffled,76,117
speed_1s_stage3_col2_mean,0.009822857513407144,SI216_shuffled,76,117
speed_1s_stage3_col2_std_over_mean,0.04939807822609655,SI216_shuffled,76,117
speed_1s_stage4_rows,0.020363239802842294,SI216_shuffled,76,117
speed_1s_stage4_col1_mean,0.01783825143867238,SI216_shuffled,76,117
speed_1s_stage4_col1_std_over_mean,0.012823014564473633,SI216_shuffled,76,117
speed_1s_stage4_col2_mean,0.03453947664368475,SI216_shuffled,76,117
speed_1s_stage4_col2_std_over_mean,0.032255506525874125,SI216_shuffled,76,117
speed_1s_stage5_rows,0.01445845353229403,SI216_shuffled,76,117
speed_1s_stage5_col1_mean,0.007791623060288347,SI216_shuffled,76,117
speed_1s_stage5_col1_std_over_mean,0.015536422940315337,SI216_shuffled,76,117
speed_1s_stage5_col2_mean,0.015775578615048042,SI216_shuffled,76,117
speed_1s_stage5_col2_std_over_mean,0.015389038792798489,SI216_shuffled,76,117
speed_10s_avg_rows,0.008790400023980287,SI216_shuffled,76,117
speed_10s_avg_stage2_rows,0.004550173376189093,SI216_shuffled,76,117
speed_10s_avg_stage2_col1_mean,0.013779712457610133,SI216_shuffled,76,117
speed_10s_avg_stage2_col1_std_over_mean,0.05911156116945703,SI216_shuffled,76,117
speed_10s_avg_stage2_col2_mean,0.025731278755593105,SI216_shuffled,76,117
speed_10s_avg_stage2_col2_std_over_mean,0.016479548204156383,SI216_shuffled,76,117
speed_10s_avg_stage3_rows,0.022544228754178802,SI216_shuffled,76,117
speed_10s_avg_stage3_col1_mean,0.008406868819581052,SI216_shuffled,76,117
speed_10s_avg_stage3_col1_std_over_mean,0.03292685989293923,SI216_shuffled,76,117
speed_10s_avg_stage3_col2_mean,0.008152466695455702,SI216_shuffled,76,117
speed_10s_avg_stage3_col2_std_over_mean,0.04425273423493891,SI216_shuffled,76,117
speed_10s_avg_stage4_rows,0.00912047868296101,SI216_shuffled,76,117
speed_10s_avg_stage4_col1_mean,0.013171571353966788,SI216_shuffled,76,117
speed_10s_avg_stage4_col1_std_over_mean,0.009906126665173785,SI216_shuffled,76,117
speed_10s_avg_stage4_col2_mean,0.0383578350663712,SI216_shuffled,76,117
speed_10s_avg_stage4_col2_std_over_mean,0.021384475321612438,SI216_shuffled,76,117
speed_10s_avg_stage5_rows,0.00987443847043424,SI216_shuffled,76,117
speed_10s_avg_stage5_col1_mean,0.00844424669226892,SI216_shuffled,76,117
speed_10s_avg_stage5_col1_std_over_mean,0.010685752264381225,SI216_shuffled,76,117
speed_10s_avg_stage5_col2_mean,0.016871872106315824,SI216_shuffled,76,117
speed_10s_avg_stage5_col2_std_over_mean,0.014046234718201774,SI216_shuffled,76,117
stage_2_frames,0.013692614319690847,SI216_shuffled,77,118
stage_3_frames,0.015138715252948168,SI216_shuffled,77,118
stage_4_frames,0.025058012511531065,SI216_shuffled,77,118
stage_5_frames,0.015497380647057678,SI216_shuffled,77,118
roam_mean,0.01797272611657213,SI216_shuffled,77,118
roam_std_over_mean,0.015969081640119242,SI216_shuffled,77,118
roam_early_mean,0.02128805520939964,SI216_shuffled,77,118
roam_mid_mean,0.054228022182938235,SI216_shuffled,77,118
roam_late_mean,0.01873584991831231,SI216_shuffled,77,118
roam_slope,0.029560019900503186,SI216_shuffled,77,118
speed_1s_rows,0.009955679450596985,SI216_shuffled,77,118
speed_1s_stage2_rows,0.00685904544590866,SI216_shuffled,77,118
speed_1s_stage2_col1_mean,0.011261957681915036,SI216_shuffled,77,118
speed_1s_stage2_col1_std_over_mean,0.011912178966592408,SI216_shuffled,77,118
speed_1s_stage2_col2_mean,0.017688179319656147,SI216_shuffled,77,118
speed_1s_stage2_col2_std_over_mean,0.011168656050510232,SI216_shuffled,77,118
speed_1s_stage3_rows,0.027597896111116238,SI216_shuffled,77,118
speed_1s_stage3_col1_mean,0.008239062266026588,SI216_shuffled,77,118
speed_1s_stage3_col1_std_over_mean,0.0411018934230993,SI216_shuffled,77,118
speed_1s_stage3_col2_mean,0.008237842621319009,SI216_shuffled,77,118
speed_1s_stage3_col2_std_over_mean,0.014263800875609967,SI216_shuffled,77,118
speed_1s_stage4_rows,0.012728276526848952,SI216_shuffled,77,118
speed_1s_stage4_col1_mean,0.010609681886375844,SI216_shuffled,77,118
speed_1s_stage4_col1_std_over_mean,0.00888516115343103,SI216_shuffled,77,118
speed_1s_stage4_col2_mean,0.03385166613543072,SI216_shuffled,77,118
speed_1s_stage4_col2_std_over_mean,0.05351732770046689,SI216_shuffled,77,118
speed_1s_stage5_rows,0.004480421455899508,SI216_shuffled,77,118
speed_1s_stage5_col1_mean,0.023655530159277474,SI216_shuffled,77,118
speed_1s_stage5_col1_std_over_mean,0.0466923780826909,SI216_shuffled,77,118
speed_1s_stage5_col2_mean,0.017983450089674242,SI216_shuffled,77,118
speed_1s_stage5_col2_std_over_mean,0.021723743807101337,SI216_shuffled,77,118
speed_10s_avg_rows,0.010703106198311545,SI216_shuffled,77,118
speed_10s_avg_stage2_rows,0.007356138087718796,SI216_shuffled,77,118
speed_10s_avg_stage2_col1_mean,0.017054382018185692,SI216_shuffled,77,118
speed_10s_avg_stage2_col1_std_over_mean,0.020140538375639158,SI216_shuffled,77,118
speed_10s_avg_stage2_col2_mean,0.024808500394852596,SI216_shuffled,77,118
speed_10s_avg_stage2_col2_std_over_mean,0.02684480256043002,SI216_shuffled,77,118
speed_10s_avg_stage3_rows,0.02536532244611537,SI216_shuffled,77,118
speed_10s_avg_stage3_col1_mean,0.01080353640578775,SI216_shuffled,77,118
speed_10s_avg_stage3_col1_std_over_mean,0.028271091681757402,SI216_shuffled,77,118
speed_10s_avg_stage3_col2_mean,0.011460682175893607,SI216_shuffled,77,118
speed_10s_avg_stage3_col2_std_over_mean,0.0307272490691046,SI216_shuffled,77,118
speed_10s_avg_stage4_rows,0.01492514523550931,SI216_shuffled,77,118
speed_10s_avg_stage4_col1_mean,0.009897913269187472,SI216_shuffled,77,118
speed_10s_avg_stage4_col1_std_over_mean,0.014337116603292323,SI216_shuffled,77,118
speed_10s_avg_stage4_col2_mean,0.01872686543596516,SI216_shuffled,77,118
speed_10s_avg_stage4_col2_std_over_mean,0.028753837057891373,SI216_shuffled,77,118
speed_10s_avg_stage5_rows,0.006765615710458581,SI216_shuffled,77,118
speed_10s_avg_stage5_col1_mean,0.022218396036759357,SI216_shuffled,77,118
speed_10s_avg_stage5_col1_std_over_mean,0.01339030059714172,SI216_shuffled,77,118
speed_10s_avg_stage5_col2_mean,0.012462343852567743,SI216_shuffled,77,118
speed_10s_avg_stage5_col2_std_over_mean,0.015432809878810483,SI216_shuffled,77,118
stage_2_frames,0.0215177835379937,SI216_shuffled,78,119
stage_3_frames,0.010219615231708579,SI216_shuffled,78,119
stage_4_frames,0.04750362474944434,SI216_shuffled,78,119
stage_5_frames,0.012320606946583539,SI216_shuffled,78,119
roam_mean,0.01865402732083351,SI216_shuffled,78,119
roam_std_over_mean,0.009420065797120552,SI216_shuffled,78,119
roam_early_mean,0.00856236361010275,SI216_shuffled,78,119
roam_mid_mean,0.04959803771608977,SI216_shuffled,78,119
roam_late_mean,0.010428318109207914,SI216_shuffled,78,119
roam_slope,0.07439072277746225,SI216_shuffled,78,119
speed_1s_rows,0.01021000824493747,SI216_shuffled,78,119
speed_1s_stage2_rows,0.005884769876082889,SI216_shuffled,78,119
speed_1s_stage2_col1_mean,0.011773600073030126,SI216_shuffled,78,119
speed_1s_stage2_col1_std_over_mean,0.026531020310335923,SI216_shuffled,78,119
speed_1s_stage2_col2_mean,0.027645046025462743,SI216_shuffled,78,119
speed_1s_stage2_col2_std_over_mean,0.01186088838140576,SI216_shuffled,78,119
speed_1s_stage3_rows,0.04894079230252875,SI216_shuffled,78,119
speed_1s_stage3_col1_mean,0.005460775967970264,SI216_shuffled,78,119
speed_1s_stage3_col1_std_over_mean,0.006263359519894933,SI216_shuffled,78,119
speed_1s_stage3_col2_mean,0.007802463543168079,SI216_shuffled,78,119
speed_1s_stage3_col2_std_over_mean,0.0408353851563427,SI216_shuffled,78,119
speed_1s_stage4_rows,0.013877810021483356,SI216_shuffled,78,119
speed_1s_stage4_col1_mean,0.006542081604440237,SI216_shuffled,78,119
speed_1s_stage4_col1_std_over_mean,0.016071419706002194,SI216_shuffled,78,119
speed_1s_stage4_col2_mean,0.010387571954485966,SI216_shuffled,78,119
speed_1s_stage4_col2_std_over_mean,0.00784586024229659,SI216_shuffled,78,119
speed_1s_stage5_rows,0.0004549523845464765,SI216_shuffled,78,119
speed_1s_stage5_col1_mean,0.014763712812218305,SI216_shuffled,78,119
speed_1s_stage5_col1_std_over_mean,0.02508410973886983,SI216_shuffled,78,119
speed_1s_stage5_col2_mean,0.03170099189050677,SI216_shuffled,78,119
speed_1s_stage5_col2_std_over_mean,0.023213859505464465,SI216_shuffled,78,119
speed_10s_avg_rows,0.016804938210991466,SI216_shuffled,78,119
speed_10s_avg_stage2_rows,0.006375959275304983,SI216_shuffled,78,119
speed_10s_avg_stage2_col1_mean,0.012000582181924473,SI216_shuffled,78,119
speed_10s_avg_stage2_col1_std_over_mean,0.020461952229718125,SI216_shuffled,78,119
speed_10s_avg_stage2_col2_mean,0.031320789389397495,SI216_shuffled,78,119
speed_10s_avg_stage2_col2_std_over_mean,0.013492498831176827,SI216_shuffled,78,119
speed_10s_avg_stage3_rows,0.059059680605125564,SI216_shuffled,78,119
speed_10s_avg_stage3_col1_mean,0.004332278595811332,SI216_shuffled,78,119
speed_10s_avg_stage3_col1_std_over_mean,0.0415524207089037,SI216_shuffled,78,119
speed_10s_avg_stage3_col2_mean,0.013160869202107477,SI216_shuffled,78,119
speed_10s_avg_stage3_col2_std_over_mean,0.02123584427842954,SI216_shuffled,78,119
speed_10s_avg_stage4_rows,0.00935410563357472,SI216_shuffled,78,119
speed_10s_avg_stage4_col1_mean,0.00767796001232379,SI216_shuffled,78,119
speed_10s_avg_stage4_col1_std_over_mean,0.019134364973050447,SI216_shuffled,78,119
speed_10s_avg_stage4_col2_mean,0.011338053749739448,SI216_shuffled,78,119
speed_10s_avg_stage4_col2_std_over_mean,0.016935509095851845,SI216_shuffled,78,119
speed_10s_avg_stage5_rows,0.00042593055158071235,SI216_shuffled,78,119
speed_10s_avg_stage5_col1_mean,0.012295733753752187,SI216_shuffled,78,119
speed_10s_avg_stage5_col1_std_over_mean,0.015173713108642909,SI216_shuffled,78,119
speed_10s_avg_stage5_col2_mean,0.026512228082947557,SI216_shuffled,78,119
speed_10s_avg_stage5_col2_std_over_mean,0.025588942471624937,SI216_shuffled,78,119
stage_2_frames,0.021387432549153575,SI216_shuffled,79,120
stage_3_frames,0.01263648673860634,SI216_shuffled,79,120
stage_4_frames,0.037545621556612514,SI216_shuffled,79,120
stage_5_frames,0.013987250747397045,SI216_shuffled,79,120
roam_mean,0.008519569985065737,SI216_shuffled,79,120
roam_std_over_mean,0.01106871903721836,SI216_shuffled,79,120
roam_early_mean,0.026351373266561992,SI216_shuffled,79,120
roam_mid_mean,0.05174571044747326,SI216_shuffled,79,120
roam_late_mean,0.01595317456604095,SI216_shuffled,79,120
roam_slope,0.08830769063260856,SI216_shuffled,79,120
speed_1s_rows,0.014057701613376331,SI216_shuffled,79,120
speed_1s_stage2_rows,0.01052224523409733,SI216_shuffled,79,120
speed_1s_stage2_col1_mean,0.007587362566613561,SI216_shuffled,79,120
speed_1s_stage2_col1_std_over_mean,0.03743235922623204,SI216_shuffled,79,120
speed_1s_stage2_col2_mean,0.030148913722645894,SI216_shuffled,79,120
speed_1s_stage2_col2_std_over_mean,0.00959443199303701,SI216_shuffled,79,120
speed_1s_stage3_rows,0.030919944193581655,SI216_shuffled,79,120
speed_1s_stage3_col1_mean,0.005747098466428518,SI216_shuffled,79,120
speed_1s_stage3_col1_std_over_mean,0.019013282866387357,SI216_shuffled,79,120
speed_1s_stage3_col2_mean,0.014615353445717849,SI216_shuffled,79,120
speed_1s_stage3_col2_std_over_mean,0.01813288029458059,SI216_shuffled,79,120
speed_1s_stage4_rows,0.012646056199367258,SI216_shuffled,79,120
speed_1s_stage4_col1_mean,0.00645584767231708,SI216_shuffled,79,120
speed_1s_stage4_col1_std_over_mean,0.01592499087162149,SI216_shuffled,79,120
speed_1s_stage4_col2_mean,0.014792683982517053,SI216_shuffled,79,120
speed_1s_stage4_col2_std_over_mean,0.011808479263557962,SI216_shuffled,79,120
speed_1s_stage5_rows,0.00017454430473962882,SI216_shuffled,79,120
speed_1s_stage5_col1_mean,0.028224932138413927,SI216_shuffled,79,120
speed_1s_stage5_col1_std_over_mean,0.028729633652235357,SI216_shuffled,79,120
speed_1s_stage5_col2_mean,0.029305544944612086,SI216_shuffled,79,120
speed_1s_stage5_col2_std_over_mean,0.012254380011073028,SI216_shuffled,79,120
speed_10s_avg_rows,0.013428946524272366,SI216_shuffled,79,120
speed_10s_avg_stage2_rows,0.014143300339205024,SI216_shuffled,79,120
speed_10s_avg_stage2_col1_mean,0.007505259960795564,SI216_shuffled,79,120
speed_10s_avg_stage2_col1_std_over_mean,0.03207171892727331,SI216_shuffled,79,120
speed_10s_avg_stage2_col2_mean,0.019701912406323387,SI216_shuffled,79,120
speed_10s_avg_stage2_col2_std_over_mean,0.013313610693430686,SI216_shuffled,79,120
speed_10s_avg_stage3_rows,0.02616829874064579,SI216_shuffled,79,120
speed_10s_avg_stage3_col1_mean,0.008065811271283984,SI216_shuffled,79,120
speed_10s_avg_stage3_col1_std_over_mean,0.02838717739874331,SI216_shuffled,79,120
speed_10s_avg_stage3_col2_mean,0.013756231211155214,SI216_shuffled,79,120
speed_10s_avg_stage3_col2_std_over_mean,0.023055421645534358,SI216_shuffled,79,120
speed_10s_avg_stage4_rows,0.01043599106825127,SI216_shuffled,79,120
speed_10s_avg_stage4_col1_mean,0.010306646128105928,SI216_shuffled,79,120
speed_10s_avg_stage4_col1_std_over_mean,0.013639583564409226,SI216_shuffled,79,120
speed_10s_avg_stage4_col2_mean,0.01370490155895055,SI216_shuffled,79,120
speed_10s_avg_stage4_col2_std_over_mean,0.014314138656056784,SI216_shuffled,79,120
speed_10s_avg_stage5_rows,0.0014175984625365784,SI216_shuffled,79,120
speed_10s_avg_stage5_col1_mean,0.02228311063992522,SI216_shuffled,79,120
speed_10s_avg_stage5_col1_std_over_mean,0.015712564946797743,SI216_shuffled,79,120
speed_10s_avg_stage5_col2_mean,0.027346337168290095,SI216_shuffled,79,120
speed_10s_avg_stage5_col2_std_over_mean,0.025649742498122033,SI216_shuffled,79,120
stage_2_frames,0.018082917143067756,SI216_shuffled,80,121
stage_3_frames,0.004321792529554535,SI216_shuffled,80,121
stage_4_frames,0.016510317665261242,SI216_shuffled,80,121
stage_5_frames,0.020890570865428296,SI216_shuffled,80,121
roam_mean,0.01611135731449672,SI216_shuffled,80,121
roam_std_over_mean,0.02101767912484114,SI216_shuffled,80,121
roam_early_mean,0.011614613062775137,SI216_shuffled,80,121
roam_mid_mean,0.06596347234393717,SI216_shuffled,80,121
roam_late_mean,0.0177038674832174,SI216_shuffled,80,121
roam_slope,0.017647168445403136,SI216_shuffled,80,121
speed_1s_rows,0.022439021833872377,SI216_shuffled,80,121
speed_1s_stage2_rows,0.01026425276403163,SI216_shuffled,80,121
speed_1s_stage2_col1_mean,0.011267205788012677,SI216_shuffled,80,121
speed_1s_stage2_col1_std_over_mean,0.015245850055288812,SI216_shuffled,80,121
speed_1s_stage2_col2_mean,0.03658554621607106,SI216_shuffled,80,121
speed_1s_stage2_col2_std_over_mean,0.02992884548155672,SI216_shuffled,80,121
speed_1s_stage3_rows,0.014255867244341316,SI216_shuffled,80,121
speed_1s_stage3_col1_mean,0.014769942483958652,SI216_shuffled,80,121
speed_1s_stage3_col1_std_over_mean,0.04715578727382497,SI216_shuffled,80,121
speed_1s_stage3_col2_mean,0.012396854231491882,SI216_shuffled,80,121
speed_1s_stage3_col2_std_over_mean,0.0185322356258021,SI216_shuffled,80,121
speed_1s_stage4_rows,0.020765112264844714,SI216_shuffled,80,121
speed_1s_stage4_col1_mean,0.018751460934013323,SI216_shuffled,80,121
speed_1s_stage4_col1_std_over_mean,0.01071514428220332,SI216_shuffled,80,121
speed_1s_stage4_col2_mean,0.024934255102444618,SI216_shuffled,80,121
speed_1s_stage4_col2_std_over_mean,0.04976796176757589,SI216_shuffled,80,121
speed_1s_stage5_rows,0.0019170663103758197,SI216_shuffled,80,121
speed_1s_stage5_col1_mean,0.009506527725171698,SI216_shuffled,80,121
speed_1s_stage5_col1_std_over_mean,0.020628921584086767,SI216_shuffled,80,121
speed_1s_stage5_col2_mean,0.011550778977781541,SI216_shuffled,80,121
speed_1s_stage5_col2_std_over_mean,0.024646791548077918,SI216_shuffled,80,121
speed_10s_avg_rows,0.017430064971815692,SI216_shuffled,80,121
speed_10s_avg_stage2_rows,0.008351715940520118,SI216_shuffled,80,121
speed_10s_avg_stage2_col1_mean,0.012835296201764197,SI216_shuffled,80,121
speed_10s_avg_stage2_col1_std_over_mean,0.01133580019812647,SI216_shuffled,80,121
speed_10s_avg_stage2_col2_mean,0.03725142996538971,SI216_shuffled,80,121
speed_10s_avg_stage2_col2_std_over_mean,0.03976262791595404,SI216_shuffled,80,121
speed_10s_avg_stage3_rows,0.017081657415698708,SI216_shuffled,80,121
speed_10s_avg_stage3_col1_mean,0.011499229509581405,SI216_shuffled,80,121
speed_10s_avg_stage3_col1_std_over_mean,0.020781397357956234,SI216_shuffled,80,121
speed_10s_avg_stage3_col2_mean,0.015892954274445054,SI216_shuffled,80,121
speed_10s_avg_stage3_col2_std_over_mean,0.032264281492925075,SI216_shuffled,80,121
speed_10s_avg_stage4_rows,0.013155337559212246,SI216_shuffled,80,121
speed_10s_avg_stage4_col1_mean,0.009938299650479569,SI216_shuffled,80,121
speed_10s_avg_stage4_col1_std_over_mean,0.011011215977391695,SI216_shuffled,80,121
speed_10s_avg_stage4_col2_mean,0.023872476602107208,SI216_shuffled,80,121
speed_10s_avg_stage4_col2_std_over_mean,0.02516871852324298,SI216_shuffled,80,121
speed_10s_avg_stage5_rows,0.000473605279190142,SI216_shuffled,80,121
speed_10s_avg_stage5_col1_mean,0.010202840486581594,SI216_shuffled,80,121
speed_10s_avg_stage5_col1_std_over_mean,0.02177605604032981,SI216_shuffled,80,121
speed_10s_avg_stage5_col2_mean,0.012136273921827562,SI216_shuffled,80,121
speed_10s_avg_stage5_col2_std_over_mean,0.011889535242650196,SI216_shuffled,80,121
stage_2_frames,0.010543482525527273,SI216_shuffled,81,122
stage_3_frames,0.00782599584403071,SI216_shuffled,81,122
stage_4_frames,0.023750820043309206,SI216_shuffled,81,122
stage_5_frames,0.018638714590319082,SI216_shuffled,81,122
roam_mean,0.01853191528951843,SI216_shuffled,81,122
roam_std_over_mean,0.020359341667214485,SI216_shuffled,81,122
roam_early_mean,0.009677849191004296,SI216_shuffled,81,122
roam_mid_mean,0.16815986557074697,SI216_shuffled,81,122
roam_late_mean,0.0202779500230111,SI216_shuffled,81,122
roam_slope,0.01420911006623385,SI216_shuffled,81,122
speed_1s_rows,0.009214177590997841,SI216_shuffled,81,122
speed_1s_stage2_rows,0.0036939411665056075,SI216_shuffled,81,122
speed_1s_stage2_col1_mean,0.01131267765658574,SI216_shuffled,81,122
speed_1s_stage2_col1_std_over_mean,0.010823777194699683,SI216_shuffled,81,122
speed_1s_stage2_col2_mean,0.021283074556170695,SI216_shuffled,81,122
speed_1s_stage2_col2_std_over_mean,0.02224220357988932,SI216_shuffled,81,122
speed_1s_stage3_rows,0.019679171753122445,SI216_shuffled,81,122
speed_1s_stage3_col1_mean,0.009692300838878334,SI216_shuffled,81,122
speed_1s_stage3_col1_std_over_mean,0.03436845996914287,SI216_shuffled,81,122
speed_1s_stage3_col2_mean,0.008131415919511435,SI216_shuffled,81,122
speed_1s_stage3_col2_std_over_mean,0.023260758595646126,SI216_shuffled,81,122
speed_1s_stage4_rows,0.017969609427417103,SI216_shuffled,81,122
speed_1s_stage4_col1_mean,0.020910974709557384,SI216_shuffled,81,122
speed_1s_stage4_col1_std_over_mean,0.04584607681099359,SI216_shuffled,81,122
speed_1s_stage4_col2_mean,0.020720562694981043,SI216_shuffled,81,122
speed_1s_stage4_col2_std_over_mean,0.010299867529385295,SI216_shuffled,81,122
speed_1s_stage5_rows,0.004249100145501421,SI216_shuffled,81,122
speed_1s_stage5_col1_mean,0.013738707418289694,SI216_shuffled,81,122
speed_1s_stage5_col1_std_over_mean,0.04121186207687981,SI216_shuffled,81,122
speed_1s_stage5_col2_mean,0.010491594349300264,SI216_shuffled,81,122
speed_1s_stage5_col2_std_over_mean,0.009538103186036703,SI216_shuffled,81,122
speed_10s_avg_rows,0.010744270687647859,SI216_shuffled,81,122
speed_10s_avg_stage2_rows,0.006046837372363091,SI216_shuffled,81,122
speed_10s_avg_stage2_col1_mean,0.013232486690309731,SI216_shuffled,81,122
speed_10s_avg_stage2_col1_std_over_mean,0.03267291229545419,SI216_shuffled,81,122
speed_10s_avg_stage2_col2_mean,0.01669464135714045,SI216_shuffled,81,122
speed_10s_avg_stage2_col2_std_over_mean,0.01714982346688784,SI216_shuffled,81,122
speed_10s_avg_stage3_rows,0.027915237262799444,SI216_shuffled,81,122
speed_10s_avg_stage3_col1_mean,0.007576637794155448,SI216_shuffled,81,122
speed_10s_avg_stage3_col1_std_over_mean,0.01724628652224833,SI216_shuffled,81,122
speed_10s_avg_stage3_col2_mean,0.0052677318653285695,SI216_shuffled,81,122
speed_10s_avg_stage3_col2_std_over_mean,0.03161219270714144,SI216_shuffled,81,122
speed_10s_avg_stage4_rows,0.01699804056738909,SI216_shuffled,81,122
speed_10s_avg_stage4_col1_mean,0.009265950725107467,SI216_shuffled,81,122
speed_10s_avg_stage4_col1_std_over_mean,0.010716452192649162,SI216_shuffled,81,122
speed_10s_avg_stage4_col2_mean,0.023845716899587248,SI216_shuffled,81,122
speed_10s_avg_stage4_col2_std_over_mean,0.01485651685778184,SI216_shuffled,81,122
speed_10s_avg_stage5_rows,0.0032603121614309164,SI216_shuffled,81,122
speed_10s_avg_stage5_col1_mean,0.01544962740781338,SI216_shuffled,81,122
speed_10s_avg_stage5_col1_std_over_mean,0.011182426067544663,SI216_shuffled,81,122
speed_10s_avg_stage5_col2_mean,0.010441015696029989,SI216_shuffled,81,122
speed_10s_avg_stage5_col2_std_over_mean,0.017171421422782027,SI216_shuffled,81,122
stage_2_frames,0.02166269733787975,SI216_shuffled,82,123
stage_3_frames,0.008967994110147575,SI216_shuffled,82,123
stage_4_frames,0.03121246697889204,SI216_shuffled,82,123
stage_5_frames,0.01434007096883868,SI216_shuffled,82,123
roam_mean,0.021010985855128447,SI216_shuffled,82,123
roam_std_over_mean,0.028112449038450886,SI216_shuffled,82,123
roam_early_mean,0.010673702960412361,SI216_shuffled,82,123
roam_mid_mean,0.06104953188006013,SI216_shuffled,82,123
roam_late_mean,0.01755380446257452,SI216_shuffled,82,123
roam_slope,0.02108648268135384,SI216_shuffled,82,123
speed_1s_rows,0.008651651193639403,SI216_shuffled,82,123
speed_1s_stage2_rows,0.011823419479037518,SI216_shuffled,82,123
speed_1s_stage2_col1_mean,0.013860401410741444,SI216_shuffled,82,123
speed_1s_stage2_col1_std_over_mean,0.020810658160363836,SI216_shuffled,82,123
speed_1s_stage2_col2_mean,0.013640441271493678,SI216_shuffled,82,123
speed_1s_stage2_col2_std_over_mean,0.009306353452503368,SI216_shuffled,82,123
speed_1s_stage3_rows,0.018838164174376257,SI216_shuffled,82,123
speed_1s_stage3_col1_mean,0.008493164639897115,SI216_shuffled,82,123
speed_1s_stage3_col1_std_over_mean,0.03805537194653362,SI216_shuffled,82,123
speed_1s_stage3_col2_mean,0.014331464748952305,SI216_shuffled,82,123
speed_1s_stage3_col2_std_over_mean,0.04926393184824191,SI216_shuffled,82,123
speed_1s_stage4_rows,0.010451193918127122,SI216_shuffled,82,123
speed_1s_stage4_col1_mean,0.011981574859565906,SI216_shuffled,82,123
speed_1s_stage4_col1_std_over_mean,0.034853034762631,SI216_shuffled,82,123
speed_1s_stage4_col2_mean,0.019091533652098144,SI216_shuffled,82,123
speed_1s_stage4_col2_std_over_mean,0.028310702953361695,SI216_shuffled,82,123
speed_1s_stage5_rows,0.0020899710008597675,SI216_shuffled,82,123
speed_1s_stage5_col1_mean,0.033965601525834235,SI216_shuffled,82,123
speed_1s_stage5_col1_std_over_mean,0.03193992350595147,SI216_shuffled,82,123
speed_1s_stage5_col2_mean,0.021695566863649086,SI216_shuffled,82,123
speed_1s_stage5_col2_std_over_mean,0.011298419696535106,SI216_shuffled,82,123
speed_10s_avg_rows,0.01326781396722936,SI216_shuffled,82,123
speed_10s_avg_stage2_rows,0.013183188423110025,SI216_shuffled,82,123
speed_10s_avg_stage2_col1_mean,0.010956848479305994,SI216_shuffled,82,123
speed_10s_avg_stage2_col1_std_over_mean,0.04063321547452581,SI216_shuffled,82,123
speed_10s_avg_stage2_col2_mean,0.00769076529177906,SI216_shuffled,82,123
speed_10s_avg_stage2_col2_std_over_mean,0.022366247337156343,SI216_shuffled,82,123
speed_10s_avg_stage3_rows,0.029538036636430114,SI216_shuffled,82,123
speed_10s_avg_stage3_col1_mean,0.005536849768357316,SI216_shuffled,82,123
speed_10s_avg_stage3_col1_std_over_mean,0.014427989252578162,SI216_shuffled,82,123
speed_10s_avg_stage3_col2_mean,0.01881394678973767,SI216_shuffled,82,123
speed_10s_avg_stage3_col2_std_over_mean,0.028768831049810803,SI216_shuffled,82,123
speed_10s_avg_stage4_rows,0.010498748479855286,SI216_shuffled,82,123
speed_10s_avg_stage4_col1_mean,0.005001564027655283,SI216_shuffled,82,123
speed_10s_avg_stage4_col1_std_over_mean,0.015839987170445304,SI216_shuffled,82,123
speed_10s_avg_stage4_col2_mean,0.017647760063634853,SI216_shuffled,82,123
speed_10s_avg_stage4_col2_std_over_mean,0.024782022013161643,SI216_shuffled,82,123
speed_10s_avg_stage5_rows,0.0013281954695688594,SI216_shuffled,82,123
speed_10s_avg_stage5_col1_mean,0.023793880713219945,SI216_shuffled,82,123
speed_10s_avg_stage5_col1_std_over_mean,0.008907620297051153,SI216_shuffled,82,123
speed_10s_avg_stage5_col2_mean,0.019340338833499688,SI216_shuffled,82,123
speed_10s_avg_stage5_col2_std_over_mean,0.019253419123754906,SI216_shuffled,82,123
stage_2_frames,0.01886430347475638,SI216_shuffled,83,124
stage_3_frames,0.011672966362180005,SI216_shuffled,83,124
stage_4_frames,0.036106249560253975,SI216_shuffled,83,124
stage_5_frames,0.010862540830404749,SI216_shuffled,83,124
roam_mean,0.013595037218675617,SI216_shuffled,83,124
roam_std_over_mean,0.017053435485939933,SI216_shuffled,83,124
roam_early_mean,0.01937407246289894,SI216_shuffled,83,124
roam_mid_mean,0.05965532349256329,SI216_shuffled,83,124
roam_late_mean,0.014586307275434304,SI216_shuffled,83,124
roam_slope,0.09307435946697086,SI216_shuffled,83,124
speed_1s_rows,0.012873891706682726,SI216_shuffled,83,124
speed_1s_stage2_rows,0.009370540631238433,SI216_shuffled,83,124
speed_1s_stage2_col1_mean,0.014966479313514797,SI216_shuffled,83,124
speed_1s_stage2_col1_std_over_mean,0.015844055292575328,SI216_shuffled,83,124
speed_1s_stage2_col2_mean,0.013684674559645766,SI216_shuffled,83,124
speed_1s_stage2_col2_std_over_mean,0.009166333204188554,SI216_shuffled,83,124
speed_1s_stage3_rows,0.04038973525136881,SI216_shuffled,83,124
speed_1s_stage3_col1_mean,0.010929802297662975,SI216_shuffled,83,124
speed_1s_stage3_col1_std_over_mean,0.014901104934235394,SI216_shuffled,83,124
speed_1s_stage3_col2_mean,0.008636970938787526,SI216_shuffled,83,124
speed_1s_stage3_col2_std_over_mean,0.03922380636591004,SI216_shuffled,83,124
speed_1s_stage4_rows,0.012153754055396449,SI216_shuffled,83,124
speed_1s_stage4_col1_mean,0.019990659977550014,SI216_shuffled,83,124
speed_1s_stage4_col1_std_over_mean,0.024407186942317742,SI216_shuffled,83,124
speed_1s_stage4_col2_mean,0.022827453057529822,SI216_shuffled,83,124
speed_1s_stage4_col2_std_over_mean,0.047007409193950724,SI216_shuffled,83,124
speed_1s_stage5_rows,0.003909497574234062,SI216_shuffled,83,124
speed_1s_stage5_col1_mean,0.012658491579815908,SI216_shuffled,83,124
speed_1s_stage5_col1_std_over_mean,0.017195775226171144,SI216_shuffled,83,124
speed_1s_stage5_col2_mean,0.015205258261036953,SI216_shuffled,83,124
speed_1s_stage5_col2_std_over_mean,0.01349426351496242,SI216_shuffled,83,124
speed_10s_avg_rows,0.009594774424808434,SI216_shuffled,83,124
speed_10s_avg_stage2_rows,0.008567290472657127,SI216_shuffled,83,124
speed_10s_avg_stage2_col1_mean,0.011261102833511453,SI216_shuffled,83,124
speed_10s_avg_stage2_col1_std_over_mean,0.03046667703943186,SI216_shuffled,83,124
speed_10s_avg_stage2_col2_mean,0.008241042180105964,SI216_shuffled,83,124
speed_10s_avg_stage2_col2_std_over_mean,0.014203649058411266,SI216_shuffled,83,124
speed_10s_avg_stage3_rows,0.030822076999375704,SI216_shuffled,83,124
speed_10s_avg_stage3_col1_mean,0.011306276665399764,SI216_shuffled,83,124
speed_10s_avg_stage3_col1_std_over_mean,0.011629134262613507,SI216_shuffled,83,124
speed_10s_avg_stage3_col2_mean,0.010381479211914131,SI216_shuffled,83,124
speed_10s_avg_stage3_col2_std_over_mean,0.027047009866254593,SI216_shuffled,83,124
speed_10s_avg_stage4_rows,0.015112906591804549,SI216_shuffled,83,124
speed_10s_avg_stage4_col1_mean,0.024899674498649254,SI216_shuffled,83,124
speed_10s_avg_stage4_col1_std_over_mean,0.012558389589716104,SI216_shuffled,83,124
speed_10s_avg_stage4_col2_mean,0.023033057449511563,SI216_shuffled,83,124
speed_10s_avg_stage4_col2_std_over_mean,0.025505374845628877,SI216_shuffled,83,124
speed_10s_avg_stage5_rows,9.255359286471937e-05,SI216_shuffled,83,124
speed_10s_avg_stage5_col1_mean,0.009603156052796769,SI216_shuffled,83,124
speed_10s_avg_stage5_col1_std_over_mean,0.013319957079756292,SI216_shuffled,83,124
speed_10s_avg_stage5_col2_mean,0.009153137531776143,SI216_shuffled,83,124
speed_10s_avg_stage5_col2_std_over_mean,0.019519540244158418,SI216_shuffled,83,124
stage_2_frames,0.010974971380198172,SI216_shuffled,84,125
stage_3_frames,0.0051402418930044744,SI216_shuffled,84,125
stage_4_frames,0.04427249117705717,SI216_shuffled,84,125
stage_5_frames,0.010892678874961164,SI216_shuffled,84,125
roam_mean,0.01898899419007348,SI216_shuffled,84,125
roam_std_over_mean,0.0220397444070877,SI216_shuffled,84,125
roam_early_mean,0.006132813608481363,SI216_shuffled,84,125
roam_mid_mean,0.018806603244165825,SI216_shuffled,84,125
roam_late_mean,0.01282643003130509,SI216_shuffled,84,125
roam_slope,0.014111290876421032,SI216_shuffled,84,125
speed_1s_rows,0.009453499253304451,SI216_shuffled,84,125
speed_1s_stage2_rows,0.008697924243469067,SI216_shuffled,84,125
speed_1s_stage2_col1_mean,0.018055671234862423,SI216_shuffled,84,125
speed_1s_stage2_col1_std_over_mean,0.02005266176290726,SI216_shuffled,84,125
speed_1s_stage2_col2_mean,0.01985431695106644,SI216_shuffled,84,125
speed_1s_stage2_col2_std_over_mean,0.02192864979843484,SI216_shuffled,84,125
speed_1s_stage3_rows,0.02335370444249182,SI216_shuffled,84,125
speed_1s_stage3_col1_mean,0.020347008408975877,SI216_shuffled,84,125
speed_1s_stage3_col1_std_over_mean,0.029202008225342132,SI216_shuffled,84,125
speed_1s_stage3_col2_mean,0.011074339100036482,SI216_shuffled,84,125
speed_1s_stage3_col2_std_over_mean,0.032559611125330255,SI216_shuffled,84,125
speed_1s_stage4_rows,0.012380874899916542,SI216_shuffled,84,125
speed_1s_stage4_col1_mean,0.004794119448329069,SI216_shuffled,84,125
speed_1s_stage4_col1_std_over_mean,0.014740423670485064,SI216_shuffled,84,125
speed_1s_stage4_col2_mean,0.0202686474090744,SI216_shuffled,84,125
speed_1s_stage4_col2_std_over_mean,0.09283949373829029,SI216_shuffled,84,125
speed_1s_stage5_rows,0.0030837185138904858,SI216_shuffled,84,125
speed_1s_stage5_col1_mean,0.014498693934819017,SI216_shuffled,84,125
speed_1s_stage5_col1_std_over_mean,0.04174736395720353,SI216_shuffled,84,125
speed_1s_stage5_col2_mean,0.02022556014832146,SI216_shuffled,84,125
speed_1s_stage5_col2_std_over_mean,0.025142563265423898,SI216_shuffled,84,125
speed_10s_avg_rows,0.011836070632200445,SI216_shuffled,84,125
speed_10s_avg_stage2_rows,0.005651253287992386,SI216_shuffled,84,125
speed_10s_avg_stage2_col1_mean,0.01950324639525126,SI216_shuffled,84,125
speed_10s_avg_stage2_col1_std_over_mean,0.03750165829501992,SI216_shuffled,84,125
speed_10s_avg_stage2_col2_mean,0.010598491726827903,SI216_shuffled,84,125
speed_10s_avg_stage2_col2_std_over_mean,0.015979658760363915,SI216_shuffled,84,125
speed_10s_avg_stage3_rows,0.02956854045054508,SI216_shuffled,84,125
speed_10s_avg_stage3_col1_mean,0.01867376837425837,SI216_shuffled,84,125
speed_10s_avg_stage3_col1_std_over_mean,0.02266692793746042,SI216_shuffled,84,125
speed_10s_avg_stage3_col2_mean,0.01239047199228142,SI216_shuffled,84,125
speed_10s_avg_stage3_col2_std_over_mean,0.02566193888717822,SI216_shuffled,84,125
speed_10s_avg_stage4_rows,0.012964862528359454,SI216_shuffled,84,125
speed_10s_avg_stage4_col1_mean,0.00771200274879531,SI216_shuffled,84,125
speed_10s_avg_stage4_col1_std_over_mean,0.014280395489552204,SI216_shuffled,84,125
speed_10s_avg_stage4_col2_mean,0.029351105041180343,SI216_shuffled,84,125
speed_10s_avg_stage4_col2_std_over_mean,0.018187562458110394,SI216_shuffled,84,125
speed_10s_avg_stage5_rows,0.0012734200671971293,SI216_shuffled,84,125
speed_10s_avg_stage5_col1_mean,0.026016418706392617,SI216_shuffled,84,125
speed_10s_avg_stage5_col1_std_over_mean,0.012297539347592555,SI216_shuffled,84,125
speed_10s_avg_stage5_col2_mean,0.023273133090865206,SI216_shuffled,84,125
speed_10s_avg_stage5_col2_std_over_mean,0.016124420567845233,SI216_shuffled,84,125
stage_2_frames,0.01663611646689232,SI216_shuffled,85,126
stage_3_frames,0.009887360792130035,SI216_shuffled,85,126
stage_4_frames,0.018527491236880356,SI216_shuffled,85,126
stage_5_frames,0.0170187556165474,SI216_shuffled,85,126
roam_mean,0.0195677777256722,SI216_shuffled,85,126
roam_std_over_mean,0.00875762831903398,SI216_shuffled,85,126
roam_early_mean,0.0072010114363733535,SI216_shuffled,85,126
roam_mid_mean,0.15476271619993226,SI216_shuffled,85,126
roam_late_mean,0.007108904367900952,SI216_shuffled,85,126
roam_slope,0.012144267455585056,SI216_shuffled,85,126
speed_1s_rows,0.01634272535307204,SI216_shuffled,85,126
speed_1s_stage2_rows,0.009753729515712782,SI216_shuffled,85,126
speed_1s_stage2_col1_mean,0.015530254932933377,SI216_shuffled,85,126
speed_1s_stage2_col1_std_over_mean,0.01889217827666439,SI216_shuffled,85,126
speed_1s_stage2_col2_mean,0.008735711967046908,SI216_shuffled,85,126
speed_1s_stage2_col2_std_over_mean,0.017151616014485026,SI216_shuffled,85,126
speed_1s_stage3_rows,0.02859453822511412,SI216_shuffled,85,126
speed_1s_stage3_col1_mean,0.012143649385935968,SI216_shuffled,85,126
speed_1s_stage3_col1_std_over_mean,0.021612379554153117,SI216_shuffled,85,126
speed_1s_stage3_col2_mean,0.014238257761725418,SI216_shuffled,85,126
speed_1s_stage3_col2_std_over_mean,0.023120462606641377,SI216_shuffled,85,126
speed_1s_stage4_rows,0.014497598662714599,SI216_shuffled,85,126
speed_1s_stage4_col1_mean,0.028870088840720433,SI216_shuffled,85,126
speed_1s_stage4_col1_std_over_mean,0.01400540021050712,SI216_shuffled,85,126
speed_1s_stage4_col2_mean,0.027270288853139372,SI216_shuffled,85,126
speed_1s_stage4_col2_std_over_mean,0.0415095034801249,SI216_shuffled,85,126
speed_1s_stage5_rows,0.0001051468601314165,SI216_shuffled,85,126
speed_1s_stage5_col1_mean,0.017676830135991892,SI216_shuffled,85,126
speed_1s_stage5_col1_std_over_mean,0.02752664573596693,SI216_shuffled,85,126
speed_1s_stage5_col2_mean,0.01199943820038936,SI216_shuffled,85,126
speed_1s_stage5_col2_std_over_mean,0.0107807211436354,SI216_shuffled,85,126
speed_10s_avg_rows,0.014536842861483979,SI216_shuffled,85,126
speed_10s_avg_stage2_rows,0.011582524030121541,SI216_shuffled,85,126
speed_10s_avg_stage2_col1_mean,0.01898696569481684,SI216_shuffled,85,126
speed_10s_avg_stage2_col1_std_over_mean,0.014607064732635585,SI216_shuffled,85,126
speed_10s_avg_stage2_col2_mean,0.010358976038971164,SI216_shuffled,85,126
speed_10s_avg_stage2_col2_std_over_mean,0.019456831459868883,SI216_shuffled,85,126
speed_10s_avg_stage3_rows,0.025755906380435137,SI216_shuffled,85,126
speed_10s_avg_stage3_col1_mean,0.006899999580444334,SI216_shuffled,85,126
speed_10s_avg_stage3_col1_std_over_mean,0.016659413571744466,SI216_shuffled,85,126
speed_10s_avg_stage3_col2_mean,0.014851747251177772,SI216_shuffled,85,126
speed_10s_avg_stage3_col2_std_over_mean,0.026573833387320243,SI216_shuffled,85,126
speed_10s_avg_stage4_rows,0.015576406087022198,SI216_shuffled,85,126
speed_10s_avg_stage4_col1_mean,0.024295195904023847,SI216_shuffled,85,126
speed_10s_avg_stage4_col1_std_over_mean,0.02067794913608595,SI216_shuffled,85,126
speed_10s_avg_stage4_col2_mean,0.02470940479959921,SI216_shuffled,85,126
speed_10s_avg_stage4_col2_std_over_mean,0.026537284924394083,SI216_shuffled,85,126
speed_10s_avg_stage5_rows,0.0,SI216_shuffled,85,126
speed_10s_avg_stage5_col1_mean,0.011195905397220863,SI216_shuffled,85,126
speed_10s_avg_stage5_col1_std_over_mean,0.012072180138208528,SI216_shuffled,85,126
speed_10s_avg_stage5_col2_mean,0.014486434052494479,SI216_shuffled,85,126
speed_10s_avg_stage5_col2_std_over_mean,0.01820993923817695,SI216_shuffled,85,126
stage_2_frames,0.021648298898481258,SI216_shuffled,86,127
stage_3_frames,0.022775432532588378,SI216_shuffled,86,127
stage_4_frames,0.026113894166366267,SI216_shuffled,86,127
stage_5_frames,0.030210631700153687,SI216_shuffled,86,127
roam_mean,0.01458302698250485,SI216_shuffled,86,127
roam_std_over_mean,0.012809218794263283,SI216_shuffled,86,127
roam_early_mean,0.015208660717981175,SI216_shuffled,86,127
roam_mid_mean,0.07704092688294506,SI216_shuffled,86,127
roam_late_mean,0.009707173935367257,SI216_shuffled,86,127
roam_slope,0.0292381235575575,SI216_shuffled,86,127
speed_1s_rows,0.015417232791081674,SI216_shuffled,86,127
speed_1s_stage2_rows,0.015097003619862989,SI216_shuffled,86,127
speed_1s_stage2_col1_mean,0.01583672206534527,SI216_shuffled,86,127
speed_1s_stage2_col1_std_over_mean,0.015062334330117414,SI216_shuffled,86,127
speed_1s_stage2_col2_mean,0.01812610872004442,SI216_shuffled,86,127
speed_1s_stage2_col2_std_over_mean,0.011869994915429267,SI216_shuffled,86,127
speed_1s_stage3_rows,0.03270325889336726,SI216_shuffled,86,127
speed_1s_stage3_col1_mean,0.015097300635153053,SI216_shuffled,86,127
speed_1s_stage3_col1_std_over_mean,0.02359026048085099,SI216_shuffled,86,127
speed_1s_stage3_col2_mean,0.012408223654643032,SI216_shuffled,86,127
speed_1s_stage3_col2_std_over_mean,0.009334502450620723,SI216_shuffled,86,127
speed_1s_stage4_rows,0.018443747724597004,SI216_shuffled,86,127
speed_1s_stage4_col1_mean,0.01267459784863884,SI216_shuffled,86,127
speed_1s_stage4_col1_std_over_mean,0.019070228140504384,SI216_shuffled,86,127
speed_1s_stage4_col2_mean,0.014695336242673945,SI216_shuffled,86,127
speed_1s_stage4_col2_std_over_mean,0.025274895837419036,SI216_shuffled,86,127
speed_1s_stage5_rows,0.001044381139653277,SI216_shuffled,86,127
speed_1s_stage5_col1_mean,0.01254337540445237,SI216_shuffled,86,127
speed_1s_stage5_col1_std_over_mean,0.025941517966775348,SI216_shuffled,86,127
speed_1s_stage5_col2_mean,0.01578232204966093,SI216_shuffled,86,127
speed_1s_stage5_col2_std_over_mean,0.011859361376785043,SI216_shuffled,86,127
speed_10s_avg_rows,0.015704052958674514,SI216_shuffled,86,127
speed_10s_avg_stage2_rows,0.01755632445709352,SI216_shuffled,86,127
speed_10s_avg_stage2_col1_mean,0.013073947636235197,SI216_shuffled,86,127
speed_10s_avg_stage2_col1_std_over_mean,0.015273835935143518,SI216_shuffled,86,127
speed_10s_avg_stage2_col2_mean,0.014010178967427556,SI216_shuffled,86,127
speed_10s_avg_stage2_col2_std_over_mean,0.02616070746127597,SI216_shuffled,86,127
speed_10s_avg_stage3_rows,0.023986132317957848,SI216_shuffled,86,127
speed_10s_avg_stage3_col1_mean,0.013103215364526294,SI216_shuffled,86,127
speed_10s_avg_stage3_col1_std_over_mean,0.01892636845656145,SI216_shuffled,86,127
speed_10s_avg_stage3_col2_mean,0.01512366611599698,SI216_shuffled,86,127
speed_10s_avg_stage3_col2_std_over_mean,0.051527348366648025,SI216_shuffled,86,127
speed_10s_avg_stage4_rows,0.015690034636813486,SI216_shuffled,86,127
speed_10s_avg_stage4_col1_mean,0.018364428700681844,SI216_shuffled,86,127
speed_10s_avg_stage4_col1_std_over_mean,0.024880071360979302,SI216_shuffled,86,127
speed_10s_avg_stage4_col2_mean,0.030953800768394966,SI216_shuffled,86,127
speed_10s_avg_stage4_col2_std_over_mean,0.025403024562785637,SI216_shuffled,86,127
speed_10s_avg_stage5_rows,0.0008263891893688302,SI216_shuffled,86,127
speed_10s_avg_stage5_col1_mean,0.01565750128804639,SI216_shuffled,86,127
speed_10s_avg_stage5_col1_std_over_mean,0.016155812603520465,SI216_shuffled,86,127
speed_10s_avg_stage5_col2_mean,0.013489457838919765,SI216_shuffled,86,127
speed_10s_avg_stage5_col2_std_over_mean,0.012925606557063518,SI216_shuffled,86,127
stage_2_frames,0.014974587854866524,SI216_shuffled,87,128
stage_3_frames,0.007994204441236273,SI216_shuffled,87,128
stage_4_frames,0.03535266961304985,SI216_shuffled,87,128
stage_5_frames,0.009135512456566776,SI216_shuffled,87,128
roam_mean,0.008511973655993115,SI216_shuffled,87,128
roam_std_over_mean,0.013489417313773166,SI216_shuffled,87,128
roam_early_mean,0.010915703636992017,SI216_shuffled,87,128
roam_mid_mean,0.07268369249629088,SI216_shuffled,87,128
roam_late_mean,0.035273495910324915,SI216_shuffled,87,128
roam_slope,0.04659229863946293,SI216_shuffled,87,128
speed_1s_rows,0.010003831048490605,SI216_shuffled,87,128
speed_1s_stage2_rows,0.008437894237747575,SI216_shuffled,87,128
speed_1s_stage2_col1_mean,0.022174862249904437,SI216_shuffled,87,128
speed_1s_stage2_col1_std_over_mean,0.027731646609632406,SI216_shuffled,87,128
speed_1s_stage2_col2_mean,0.01207408336011757,SI216_shuffled,87,128
speed_1s_stage2_col2_std_over_mean,0.014212208596663271,SI216_shuffled,87,128
speed_1s_stage3_rows,0.043875142829051327,SI216_shuffled,87,128
speed_1s_stage3_col1_mean,0.013760930052405506,SI216_shuffled,87,128
speed_1s_stage3_col1_std_over_mean,0.03392972982177741,SI216_shuffled,87,128
speed_1s_stage3_col2_mean,0.01645984376223326,SI216_shuffled,87,128
speed_1s_stage3_col2_std_over_mean,0.02153279494719784,SI216_shuffled,87,128
speed_1s_stage4_rows,0.009217963151117683,SI216_shuffled,87,128
speed_1s_stage4_col1_mean,0.00963463840332109,SI216_shuffled,87,128
speed_1s_stage4_col1_std_over_mean,0.016179066840033025,SI216_shuffled,87,128
speed_1s_stage4_col2_mean,0.016037382435898563,SI216_shuffled,87,128
speed_1s_stage4_col2_std_over_mean,0.03995362440756217,SI216_shuffled,87,128
speed_1s_stage5_rows,0.004131057012384247,SI216_shuffled,87,128
speed_1s_stage5_col1_mean,0.012077051932825543,SI216_shuffled,87,128
speed_1s_stage5_col1_std_over_mean,0.02337513381726906,SI216_shuffled,87,128
speed_1s_stage5_col2_mean,0.017986956363450102,SI216_shuffled,87,128
speed_1s_stage5_col2_std_over_mean,0.01246457352308354,SI216_shuffled,87,128
speed_10s_avg_rows,0.005870835548739262,SI216_shuffled,87,128
speed_10s_avg_stage2_rows,0.005859086495655891,SI216_shuffled,87,128
speed_10s_avg_stage2_col1_mean,0.01092197743135477,SI216_shuffled,87,128
speed_10s_avg_stage2_col1_std_over_mean,0.04707025286221027,SI216_shuffled,87,128
speed_10s_avg_stage2_col2_mean,0.008521661923594067,SI216_shuffled,87,128
speed_10s_avg_stage2_col2_std_over_mean,0.01668309124409226,SI216_shuffled,87,128
speed_10s_avg_stage3_rows,0.03678095308522735,SI216_shuffled,87,128
speed_10s_avg_stage3_col1_mean,0.012936792546365667,SI216_shuffled,87,128
speed_10s_avg_stage3_col1_std_over_mean,0.016636851392502042,SI216_shuffled,87,128
speed_10s_avg_stage3_col2_mean,0.011574364118471177,SI216_shuffled,87,128
speed_10s_avg_stage3_col2_std_over_mean,0.024962051150417882,SI216_shuffled,87,128
speed_10s_avg_stage4_rows,0.006321856014172858,SI216_shuffled,87,128
speed_10s_avg_stage4_col1_mean,0.011403640617379845,SI216_shuffled,87,128
speed_10s_avg_stage4_col1_std_over_mean,0.009991841967905408,SI216_shuffled,87,128
speed_10s_avg_stage4_col2_mean,0.018167564129821963,SI216_shuffled,87,128
speed_10s_avg_stage4_col2_std_over_mean,0.016099944957264453,SI216_shuffled,87,128
speed_10s_avg_stage5_rows,0.002477937740823916,SI216_shuffled,87,128
speed_10s_avg_stage5_col1_mean,0.012474705017762397,SI216_shuffled,87,128
speed_10s_avg_stage5_col1_std_over_mean,0.008927779174915296,SI216_shuffled,87,128
speed_10s_avg_stage5_col2_mean,0.02260280599799373,SI216_shuffled,87,128
speed_10s_avg_stage5_col2_std_over_mean,0.05354003516260703,SI216_shuffled,87,128
stage_2_frames,0.01779737781630696,SI216_shuffled,88,129
stage_3_frames,0.008536718498629596,SI216_shuffled,88,129
stage_4_frames,0.025768700077188973,SI216_shuffled,88,129
stage_5_frames,0.018557674328595144,SI216_shuffled,88,129
roam_mean,0.0447342724318061,SI216_shuffled,88,129
roam_std_over_mean,0.02767316868436979,SI216_shuffled,88,129
roam_early_mean,0.012028646085298174,SI216_shuffled,88,129
roam_mid_mean,0.11506329820013429,SI216_shuffled,88,129
roam_late_mean,0.01914496620172241,SI216_shuffled,88,129
roam_slope,0.020246977088666813,SI216_shuffled,88,129
speed_1s_rows,0.01057376116323043,SI216_shuffled,88,129
speed_1s_stage2_rows,0.006630551896175498,SI216_shuffled,88,129
speed_1s_stage2_col1_mean,0.015614562987766095,SI216_shuffled,88,129
speed_1s_stage2_col1_std_over_mean,0.013876873132265545,SI216_shuffled,88,129
speed_1s_stage2_col2_mean,0.01878970598050614,SI216_shuffled,88,129
speed_1s_stage2_col2_std_over_mean,0.008044688691256966,SI216_shuffled,88,129
speed_1s_stage3_rows,0.0204446219465368,SI216_shuffled,88,129
speed_1s_stage3_col1_mean,0.006516270023134028,SI216_shuffled,88,129
speed_1s_stage3_col1_std_over_mean,0.011282190436326696,SI216_shuffled,88,129
speed_1s_stage3_col2_mean,0.010350624588936597,SI216_shuffled,88,129
speed_1s_stage3_col2_std_over_mean,0.025785869345732036,SI216_shuffled,88,129
speed_1s_stage4_rows,0.018921530389163884,SI216_shuffled,88,129
speed_1s_stage4_col1_mean,0.010303044593841446,SI216_shuffled,88,129
speed_1s_stage4_col1_std_over_mean,0.02121972059868756,SI216_shuffled,88,129
speed_1s_stage4_col2_mean,0.02988979683069012,SI216_shuffled,88,129
speed_1s_stage4_col2_std_over_mean,0.037109039364358075,SI216_shuffled,88,129
speed_1s_stage5_rows,0.003888084912160934,SI216_shuffled,88,129
speed_1s_stage5_col1_mean,0.02053651155913021,SI216_shuffled,88,129
speed_1s_stage5_col1_std_over_mean,0.04041704264781168,SI216_shuffled,88,129
speed_1s_stage5_col2_mean,0.022686020362948058,SI216_shuffled,88,129
speed_1s_stage5_col2_std_over_mean,0.01079542501004985,SI216_shuffled,88,129
speed_10s_avg_rows,0.005333107574625382,SI216_shuffled,88,129
speed_10s_avg_stage2_rows,0.007528504614874267,SI216_shuffled,88,129
speed_10s_avg_stage2_col1_mean,0.012237303645717526,SI216_shuffled,88,129
speed_10s_avg_stage2_col1_std_over_mean,0.01650096389314444,SI216_shuffled,88,129
speed_10s_avg_stage2_col2_mean,0.017741376473481712,SI216_shuffled,88,129
speed_10s_avg_stage2_col2_std_over_mean,0.013370386138056477,SI216_shuffled,88,129
speed_10s_avg_stage3_rows,0.0202630825493619,SI216_shuffled,88,129
speed_10s_avg_stage3_col1_mean,0.005107928814185059,SI216_shuffled,88,129
speed_10s_avg_stage3_col1_std_over_mean,0.02188192935764483,SI216_shuffled,88,129
speed_10s_avg_stage3_col2_mean,0.010891119309286108,SI216_shuffled,88,129
speed_10s_avg_stage3_col2_std_over_mean,0.026329383407913548,SI216_shuffled,88,129
speed_10s_avg_stage4_rows,0.013641271884108307,SI216_shuffled,88,129
speed_10s_avg_stage4_col1_mean,0.01970234109661999,SI216_shuffled,88,129
speed_10s_avg_stage4_col1_std_over_mean,0.009709753812633538,SI216_shuffled,88,129
speed_10s_avg_stage4_col2_mean,0.02502326064584055,SI216_shuffled,88,129
speed_10s_avg_stage4_col2_std_over_mean,0.022502298472475996,SI216_shuffled,88,129
speed_10s_avg_stage5_rows,0.006443871422315414,SI216_shuffled,88,129
speed_10s_avg_stage5_col1_mean,0.02568427829290823,SI216_shuffled,88,129
speed_10s_avg_stage5_col1_std_over_mean,0.007548702569156968,SI216_shuffled,88,129
speed_10s_avg_stage5_col2_mean,0.01417703239074855,SI216_shuffled,88,129
speed_10s_avg_stage5_col2_std_over_mean,0.02515436776147424,SI216_shuffled,88,129
stage_2_frames,0.035204587518265135,SI216_shuffled,89,130
stage_3_frames,0.020122872401212858,SI216_shuffled,89,130
stage_4_frames,0.02872038671922784,SI216_shuffled,89,130
stage_5_frames,0.013538899653931678,SI216_shuffled,89,130
roam_mean,0.01028768566400432,SI216_shuffled,89,130
roam_std_over_mean,0.023564836833036302,SI216_shuffled,89,130
roam_early_mean,0.015437422380438845,SI216_shuffled,89,130
roam_mid_mean,0.07328241925259213,SI216_shuffled,89,130
roam_late_mean,0.02702009986602689,SI216_shuffled,89,130
roam_slope,0.021986948058902108,SI216_shuffled,89,130
speed_1s_rows,0.01562036808914768,SI216_shuffled,89,130
speed_1s_stage2_rows,0.022466122461239656,SI216_shuffled,89,130
speed_1s_stage2_col1_mean,0.011603541035259408,SI216_shuffled,89,130
speed_1s_stage2_col1_std_over_mean,0.012661399155512192,SI216_shuffled,89,130
speed_1s_stage2_col2_mean,0.016114836221795357,SI216_shuffled,89,130
speed_1s_stage2_col2_std_over_mean,0.013314216494518962,SI216_shuffled,89,130
speed_1s_stage3_rows,0.036797128190257954,SI216_shuffled,89,130
speed_1s_stage3_col1_mean,0.00796280004656228,SI216_shuffled,89,130
speed_1s_stage3_col1_std_over_mean,0.00897234714313651,SI216_shuffled,89,130
speed_1s_stage3_col2_mean,0.010757815111635795,SI216_shuffled,89,130
speed_1s_stage3_col2_std_over_mean,0.01851992082065202,SI216_shuffled,89,130
speed_1s_stage4_rows,0.01861895608925666,SI216_shuffled,89,130
speed_1s_stage4_col1_mean,0.01317558344795487,SI216_shuffled,89,130
speed_1s_stage4_col1_std_over_mean,0.017896038027555784,SI216_shuffled,89,130
speed_1s_stage4_col2_mean,0.007820426982405907,SI216_shuffled,89,130
speed_1s_stage4_col2_std_over_mean,0.01660736183884345,SI216_shuffled,89,130
speed_1s_stage5_rows,0.0021240500276571805,SI216_shuffled,89,130
speed_1s_stage5_col1_mean,0.025466426586331532,SI216_shuffled,89,130
speed_1s_stage5_col1_std_over_mean,0.03894217921505221,SI216_shuffled,89,130
speed_1s_stage5_col2_mean,0.00839300458085704,SI216_shuffled,89,130
speed_1s_stage5_col2_std_over_mean,0.016325078361098973,SI216_shuffled,89,130
speed_10s_avg_rows,0.02596544551102734,SI216_shuffled,89,130
speed_10s_avg_stage2_rows,0.023953177522380013,SI216_shuffled,89,130
speed_10s_avg_stage2_col1_mean,0.00921946144030582,SI216_shuffled,89,130
speed_10s_avg_stage2_col1_std_over_mean,0.021524910674350712,SI216_shuffled,89,130
speed_10s_avg_stage2_col2_mean,0.010414835362969957,SI216_shuffled,89,130
speed_10s_avg_stage2_col2_std_over_mean,0.01960827758413351,SI216_shuffled,89,130
speed_10s_avg_stage3_rows,0.035854475828428524,SI216_shuffled,89,130
speed_10s_avg_stage3_col1_mean,0.01001531254779074,SI216_shuffled,89,130
speed_10s_avg_stage3_col1_std_over_mean,0.05332921631134698,SI216_shuffled,89,130
speed_10s_avg_stage3_col2_mean,0.009027707383120058,SI216_shuffled,89,130
speed_10s_avg_stage3_col2_std_over_mean,0.013426715616540718,SI216_shuffled,89,130
speed_10s_avg_stage4_rows,0.01338851097109175,SI216_shuffled,89,130
speed_10s_avg_stage4_col1_mean,0.0069837810461299615,SI216_shuffled,89,130
speed_10s_avg_stage4_col1_std_over_mean,0.014849602540941446,SI216_shuffled,89,130
speed_10s_avg_stage4_col2_mean,0.0055574382126319455,SI216_shuffled,89,130
speed_10s_avg_stage4_col2_std_over_mean,0.038953669045751496,SI216_shuffled,89,130
speed_10s_avg_stage5_rows,1.8642803877703213e-05,SI216_shuffled,89,130
speed_10s_avg_stage5_col1_mean,0.017772519508767327,SI216_shuffled,89,130
speed_10s_avg_stage5_col1_std_over_mean,0.025017736972239073,SI216_shuffled,89,130
speed_10s_avg_stage5_col2_mean,0.009171602481615955,SI216_shuffled,89,130
speed_10s_avg_stage5_col2_std_over_mean,0.026621202360189385,SI216_shuffled,89,130
stage_2_frames,0.013074023296471551,SI216_shuffled,90,131
stage_3_frames,0.022476653420872017,SI216_shuffled,90,131
stage_4_frames,0.027967567927073424,SI216_shuffled,90,131
stage_5_frames,0.02203547265370105,SI216_shuffled,90,131
roam_mean,0.013468139843677132,SI216_shuffled,90,131
roam_std_over_mean,0.020492209347636587,SI216_shuffled,90,131
roam_early_mean,0.021472541590339313,SI216_shuffled,90,131
roam_mid_mean,0.07558342526845332,SI216_shuffled,90,131
roam_late_mean,0.015670413535558023,SI216_shuffled,90,131
roam_slope,0.028596527218236082,SI216_shuffled,90,131
speed_1s_rows,0.016925319115624133,SI216_shuffled,90,131
speed_1s_stage2_rows,0.02117012354846027,SI216_shuffled,90,131
speed_1s_stage2_col1_mean,0.013957263912199196,SI216_shuffled,90,131
speed_1s_stage2_col1_std_over_mean,0.0198533927305739,SI216_shuffled,90,131
speed_1s_stage2_col2_mean,0.020739037013423396,SI216_shuffled,90,131
speed_1s_stage2_col2_std_over_mean,0.011975841046544948,SI216_shuffled,90,131
speed_1s_stage3_rows,0.023832603935496438,SI216_shuffled,90,131
speed_1s_stage3_col1_mean,0.003839439580976119,SI216_shuffled,90,131
speed_1s_stage3_col1_std_over_mean,0.00804781312608212,SI216_shuffled,90,131
speed_1s_stage3_col2_mean,0.00869871208894073,SI216_shuffled,90,131
speed_1s_stage3_col2_std_over_mean,0.02756582565721482,SI216_shuffled,90,131
speed_1s_stage4_rows,0.017489212121661844,SI216_shuffled,90,131
speed_1s_stage4_col1_mean,0.020761904493708905,SI216_shuffled,90,131
speed_1s_stage4_col1_std_over_mean,0.010336138829200172,SI216_shuffled,90,131
speed_1s_stage4_col2_mean,0.03469018802586685,SI216_shuffled,90,131
speed_1s_stage4_col2_std_over_mean,0.04473515361279382,SI216_shuffled,90,131
speed_1s_stage5_rows,0.0002700027068382657,SI216_shuffled,90,131
speed_1s_stage5_col1_mean,0.021799839411065405,SI216_shuffled,90,131
speed_1s_stage5_col1_std_over_mean,0.036292472511375407,SI216_shuffled,90,131
speed_1s_stage5_col2_mean,0.00482066348727573,SI216_shuffled,90,131
speed_1s_stage5_col2_std_over_mean,0.008274258448704103,SI216_shuffled,90,131
speed_10s_avg_rows,0.01310012305177643,SI216_shuffled,90,131
speed_10s_avg_stage2_rows,0.016776484164058542,SI216_shuffled,90,131
speed_10s_avg_stage2_col1_mean,0.012911340222270544,SI216_shuffled,90,131
speed_10s_avg_stage2_col1_std_over_mean,0.010774034808821668,SI216_shuffled,90,131
speed_10s_avg_stage2_col2_mean,0.019920288429021583,SI216_shuffled,90,131
speed_10s_avg_stage2_col2_std_over_mean,0.025787322464716933,SI216_shuffled,90,131
speed_10s_avg_stage3_rows,0.03254477188539117,SI216_shuffled,90,131
speed_10s_avg_stage3_col1_mean,0.005425528975710557,SI216_shuffled,90,131
speed_10s_avg_stage3_col1_std_over_mean,0.02865303283938458,SI216_shuffled,90,131
speed_10s_avg_stage3_col2_mean,0.005678828424511705,SI216_shuffled,90,131
speed_10s_avg_stage3_col2_std_over_mean,0.017819438189763816,SI216_shuffled,90,131
speed_10s_avg_stage4_rows,0.029393130749342113,SI216_shuffled,90,131
speed_10s_avg_stage4_col1_mean,0.016699170864651187,SI216_shuffled,90,131
speed_10s_avg_stage4_col1_std_over_mean,0.009165162542971025,SI216_shuffled,90,131
speed_10s_avg_stage4_col2_mean,0.02778040147222717,SI216_shuffled,90,131
speed_10s_avg_stage4_col2_std_over_mean,0.014054650979628098,SI216_shuffled,90,131
speed_10s_avg_stage5_rows,0.001549219828902976,SI216_shuffled,90,131
speed_10s_avg_stage5_col1_mean,0.01597629748641996,SI216_shuffled,90,131
speed_10s_avg_stage5_col1_std_over_mean,0.029270441586761155,SI216_shuffled,90,131
speed_10s_avg_stage5_col2_mean,0.006469001491612077,SI216_shuffled,90,131
speed_10s_avg_stage5_col2_std_over_mean,0.023339150036011492,SI216_shuffled,90,131
stage_2_frames,0.023743517855707184,SI216_shuffled,91,132
stage_3_frames,0.005151037251866873,SI216_shuffled,91,132
stage_4_frames,0.019707007064131882,SI216_shuffled,91,132
stage_5_frames,0.014672510334359186,SI216_shuffled,91,132
roam_mean,0.03951627274507037,SI216_shuffled,91,132
roam_std_over_mean,0.016307201831423732,SI216_shuffled,91,132
roam_early_mean,0.014235355287810685,SI216_shuffled,91,132
roam_mid_mean,0.16950870868022483,SI216_shuffled,91,132
roam_late_mean,0.012448780341731622,SI216_shuffled,91,132
roam_slope,0.032646975413118264,SI216_shuffled,91,132
speed_1s_rows,0.009712950394158492,SI216_shuffled,91,132
speed_1s_stage2_rows,0.00767152491634989,SI216_shuffled,91,132
speed_1s_stage2_col1_mean,0.013724340345907197,SI216_shuffled,91,132
speed_1s_stage2_col1_std_over_mean,0.013208345121421187,SI216_shuffled,91,132
speed_1s_stage2_col2_mean,0.013653247615060066,SI216_shuffled,91,132
speed_1s_stage2_col2_std_over_mean,0.012192198805051985,SI216_shuffled,91,132
speed_1s_stage3_rows,0.018575103928843376,SI216_shuffled,91,132
speed_1s_stage3_col1_mean,0.007930077422650242,SI216_shuffled,91,132
speed_1s_stage3_col1_std_over_mean,0.016378208984998727,SI216_shuffled,91,132
speed_1s_stage3_col2_mean,0.012160654127916162,SI216_shuffled,91,132
speed_1s_stage3_col2_std_over_mean,0.021844928047575606,SI216_shuffled,91,132
speed_1s_stage4_rows,0.012818849199642298,SI216_shuffled,91,132
speed_1s_stage4_col1_mean,0.012572119329460016,SI216_shuffled,91,132
speed_1s_stage4_col1_std_over_mean,0.020545767003197976,SI216_shuffled,91,132
speed_1s_stage4_col2_mean,0.014992756724351056,SI216_shuffled,91,132
speed_1s_stage4_col2_std_over_mean,0.030832467185813717,SI216_shuffled,91,132
speed_1s_stage5_rows,0.005640538039298515,SI216_shuffled,91,132
speed_1s_stage5_col1_mean,0.019630446807771908,SI216_shuffled,91,132
speed_1s_stage5_col1_std_over_mean,0.03472369018344215,SI216_shuffled,91,132
speed_1s_stage5_col2_mean,0.01226907287666054,SI216_shuffled,91,132
speed_1s_stage5_col2_std_over_mean,0.016147656922694185,SI216_shuffled,91,132
speed_10s_avg_rows,0.00974896870373375,SI216_shuffled,91,132
speed_10s_avg_stage2_rows,0.007383875406259557,SI216_shuffled,91,132
speed_10s_avg_stage2_col1_mean,0.008749024100781084,SI216_shuffled,91,132
speed_10s_avg_stage2_col1_std_over_mean,0.025946199752700218,SI216_shuffled,91,132
speed_10s_avg_stage2_col2_mean,0.00784338552448097,SI216_shuffled,91,132
speed_10s_avg_stage2_col2_std_over_mean,0.023819605963045935,SI216_shuffled,91,132
speed_10s_avg_stage3_rows,0.015355675126936578,SI216_shuffled,91,132
speed_10s_avg_stage3_col1_mean,0.007833582896077112,SI216_shuffled,91,132
speed_10s_avg_stage3_col1_std_over_mean,0.018503716210591575,SI216_shuffled,91,132
speed_10s_avg_stage3_col2_mean,0.007637463095098457,SI216_shuffled,91,132
speed_10s_avg_stage3_col2_std_over_mean,0.020369904565500984,SI216_shuffled,91,132
speed_10s_avg_stage4_rows,0.014585431340184635,SI216_shuffled,91,132
speed_10s_avg_stage4_col1_mean,0.012982039883422931,SI216_shuffled,91,132
speed_10s_avg_stage4_col1_std_over_mean,0.016429529960085273,SI216_shuffled,91,132
speed_10s_avg_stage4_col2_mean,0.02066914488758341,SI216_shuffled,91,132
speed_10s_avg_stage4_col2_std_over_mean,0.03522702164120409,SI216_shuffled,91,132
speed_10s_avg_stage5_rows,0.00823494288650804,SI216_shuffled,91,132
speed_10s_avg_stage5_col1_mean,0.013360868823151241,SI216_shuffled,91,132
speed_10s_avg_stage5_col1_std_over_mean,0.024978069710406538,SI216_shuffled,91,132
speed_10s_avg_stage5_col2_mean,0.011072995837441226,SI216_shuffled,91,132
speed_10s_avg_stage5_col2_std_over_mean,0.014106242897096615,SI216_shuffled,91,132
stage_2_frames,0.015886209004776265,SI216_shuffled,92,133
stage_3_frames,0.007609071280470888,SI216_shuffled,92,133
stage_4_frames,0.02417357504573991,SI216_shuffled,92,133
stage_5_frames,0.008075784677735322,SI216_shuffled,92,133
roam_mean,0.01349445465861347,SI216_shuffled,92,133
roam_std_over_mean,0.025605250801888007,SI216_shuffled,92,133
roam_early_mean,0.010380678207054107,SI216_shuffled,92,133
roam_mid_mean,0.0839011070619894,SI216_shuffled,92,133
roam_late_mean,0.009427536279948932,SI216_shuffled,92,133
roam_slope,0.05875568985933751,SI216_shuffled,92,133
speed_1s_rows,0.008670439561148952,SI216_shuffled,92,133
speed_1s_stage2_rows,0.008094336993308393,SI216_shuffled,92,133
speed_1s_stage2_col1_mean,0.014981871922634976,SI216_shuffled,92,133
speed_1s_stage2_col1_std_over_mean,0.025491233922621762,SI216_shuffled,92,133
speed_1s_stage2_col2_mean,0.019606357499809945,SI216_shuffled,92,133
speed_1s_stage2_col2_std_over_mean,0.008051378930200677,SI216_shuffled,92,133
speed_1s_stage3_rows,0.027881208695472223,SI216_shuffled,92,133
speed_1s_stage3_col1_mean,0.01043577433450938,SI216_shuffled,92,133
speed_1s_stage3_col1_std_over_mean,0.019473550481656866,SI216_shuffled,92,133
speed_1s_stage3_col2_mean,0.011789341803839185,SI216_shuffled,92,133
speed_1s_stage3_col2_std_over_mean,0.03719545465645121,SI216_shuffled,92,133
speed_1s_stage4_rows,0.010693947707198654,SI216_shuffled,92,133
speed_1s_stage4_col1_mean,0.014096192580195037,SI216_shuffled,92,133
speed_1s_stage4_col1_std_over_mean,0.016056699866830018,SI216_shuffled,92,133
speed_1s_stage4_col2_mean,0.01618355873550021,SI216_shuffled,92,133
speed_1s_stage4_col2_std_over_mean,0.021520163958980165,SI216_shuffled,92,133
speed_1s_stage5_rows,0.0006630918969554323,SI216_shuffled,92,133
speed_1s_stage5_col1_mean,0.01675147281202427,SI216_shuffled,92,133
speed_1s_stage5_col1_std_over_mean,0.04697830072637848,SI216_shuffled,92,133
speed_1s_stage5_col2_mean,0.026539210942433437,SI216_shuffled,92,133
speed_1s_stage5_col2_std_over_mean,0.014015519524670473,SI216_shuffled,92,133
speed_10s_avg_rows,0.011458497906467552,SI216_shuffled,92,133
speed_10s_avg_stage2_rows,0.008426277356275016,SI216_shuffled,92,133
speed_10s_avg_stage2_col1_mean,0.01654597138402777,SI216_shuffled,92,133
speed_10s_avg_stage2_col1_std_over_mean,0.019221605119056684,SI216_shuffled,92,133
speed_10s_avg_stage2_col2_mean,0.02150320763558016,SI216_shuffled,92,133
speed_10s_avg_stage2_col2_std_over_mean,0.014998096641679953,SI216_shuffled,92,133
speed_10s_avg_stage3_rows,0.03070716424200447,SI216_shuffled,92,133
speed_10s_avg_stage3_col1_mean,0.006112249540703702,SI216_shuffled,92,133
speed_10s_avg_stage3_col1_std_over_mean,0.030866732019981045,SI216_shuffled,92,133
speed_10s_avg_stage3_col2_mean,0.009727160190649418,SI216_shuffled,92,133
speed_10s_avg_stage3_col2_std_over_mean,0.020515295431968353,SI216_shuffled,92,133
speed_10s_avg_stage4_rows,0.010568824259158111,SI216_shuffled,92,133
speed_10s_avg_stage4_col1_mean,0.01719070609141269,SI216_shuffled,92,133
speed_10s_avg_stage4_col1_std_over_mean,0.014160019768086993,SI216_shuffled,92,133
speed_10s_avg_stage4_col2_mean,0.0321094741098088,SI216_shuffled,92,133
speed_10s_avg_stage4_col2_std_over_mean,0.01658079863598276,SI216_shuffled,92,133
speed_10s_avg_stage5_rows,0.0004717937989126777,SI216_shuffled,92,133
speed_10s_avg_stage5_col1_mean,0.019265557266039263,SI216_shuffled,92,133
speed_10s_avg_stage5_col1_std_over_mean,0.009031392535116893,SI216_shuffled,92,133
speed_10s_avg_stage5_col2_mean,0.024480797617256876,SI216_shuffled,92,133
speed_10s_avg_stage5_col2_std_over_mean,0.03357991401945726,SI216_shuffled,92,133
stage_2_frames,0.014645587551176101,SI216_shuffled,93,134
stage_3_frames,0.012661881026838047,SI216_shuffled,93,134
stage_4_frames,0.028436109726127215,SI216_shuffled,93,134
stage_5_frames,0.011202032999806839,SI216_shuffled,93,134
roam_mean,0.01969960922096359,SI216_shuffled,93,134
roam_std_over_mean,0.02511625037919274,SI216_shuffled,93,134
roam_early_mean,0.011382990026526957,SI216_shuffled,93,134
roam_mid_mean,0.1055324032179173,SI216_shuffled,93,134
roam_late_mean,0.011730951096279502,SI216_shuffled,93,134
roam_slope,0.014989309496203872,SI216_shuffled,93,134
speed_1s_rows,0.006776913250968426,SI216_shuffled,93,134
speed_1s_stage2_rows,0.016039856084720562,SI216_shuffled,93,134
speed_1s_stage2_col1_mean,0.007339344429641285,SI216_shuffled,93,134
speed_1s_stage2_col1_std_over_mean,0.02257122516000379,SI216_shuffled,93,134
speed_1s_stage2_col2_mean,0.015489410098961437,SI216_shuffled,93,134
speed_1s_stage2_col2_std_over_mean,0.013057708301693054,SI216_shuffled,93,134
speed_1s_stage3_rows,0.027261142241262307,SI216_shuffled,93,134
speed_1s_stage3_col1_mean,0.018367824683856088,SI216_shuffled,93,134
speed_1s_stage3_col1_std_over_mean,0.030265535286342456,SI216_shuffled,93,134
speed_1s_stage3_col2_mean,0.005263102124409911,SI216_shuffled,93,134
speed_1s_stage3_col2_std_over_mean,0.017922404204302307,SI216_shuffled,93,134
speed_1s_stage4_rows,0.01136248729828235,SI216_shuffled,93,134
speed_1s_stage4_col1_mean,0.015110894478158035,SI216_shuffled,93,134
speed_1s_stage4_col1_std_over_mean,0.02927750406781893,SI216_shuffled,93,134
speed_1s_stage4_col2_mean,0.019736204962043,SI216_shuffled,93,134
speed_1s_stage4_col2_std_over_mean,0.025853804476673594,SI216_shuffled,93,134
speed_1s_stage5_rows,0.004813165434414781,SI216_shuffled,93,134
speed_1s_stage5_col1_mean,0.02452781526877077,SI216_shuffled,93,134
speed_1s_stage5_col1_std_over_mean,0.04063447811040465,SI216_shuffled,93,134
speed_1s_stage5_col2_mean,0.016203179978409893,SI216_shuffled,93,134
speed_1s_stage5_col2_std_over_mean,0.009340818995083718,SI216_shuffled,93,134
speed_10s_avg_rows,0.006394728210248807,SI216_shuffled,93,134
speed_10s_avg_stage2_rows,0.014418871244697515,SI216_shuffled,93,134
speed_10s_avg_stage2_col1_mean,0.0057953561982684015,SI216_shuffled,93,134
speed_10s_avg_stage2_col1_std_over_mean,0.02359733119442549,SI216_shuffled,93,134
speed_10s_avg_stage2_col2_mean,0.02275187030343061,SI216_shuffled,93,134
speed_10s_avg_stage2_col2_std_over_mean,0.019246915205399916,SI216_shuffled,93,134
speed_10s_avg_stage3_rows,0.0354365693580327,SI216_shuffled,93,134
speed_10s_avg_stage3_col1_mean,0.01539998652579051,SI216_shuffled,93,134
speed_10s_avg_stage3_col1_std_over_mean,0.039425020004296124,SI216_shuffled,93,134
speed_10s_avg_stage3_col2_mean,0.00846949907445542,SI216_shuffled,93,134
speed_10s_avg_stage3_col2_std_over_mean,0.018908016555499507,SI216_shuffled,93,134
speed_10s_avg_stage4_rows,0.008795797023127288,SI216_shuffled,93,134
speed_10s_avg_stage4_col1_mean,0.014319283639130782,SI216_shuffled,93,134
speed_10s_avg_stage4_col1_std_over_mean,0.01450410003079285,SI216_shuffled,93,134
speed_10s_avg_stage4_col2_mean,0.024543064920757987,SI216_shuffled,93,134
speed_10s_avg_stage4_col2_std_over_mean,0.02559159665937591,SI216_shuffled,93,134
speed_10s_avg_stage5_rows,0.003224427877677954,SI216_shuffled,93,134
speed_10s_avg_stage5_col1_mean,0.00973517994942381,SI216_shuffled,93,134
speed_10s_avg_stage5_col1_std_over_mean,0.011215664093528806,SI216_shuffled,93,134
speed_10s_avg_stage5_col2_mean,0.017316513073617326,SI216_shuffled,93,134
speed_10s_avg_stage5_col2_std_over_mean,0.02829826518076878,SI216_shuffled,93,134
stage_2_frames,0.017520057330242932,SI216_shuffled,94,135
stage_3_frames,0.008444869121995964,SI216_shuffled,94,135
stage_4_frames,0.02819459845263141,SI216_shuffled,94,135
stage_5_frames,0.014683164514220382,SI216_shuffled,94,135
roam_mean,0.017556751910753243,SI216_shuffled,94,135
roam_std_over_mean,0.02013568087122469,SI216_shuffled,94,135
roam_early_mean,0.018751077891636474,SI216_shuffled,94,135
roam_mid_mean,0.10511069405117328,SI216_shuffled,94,135
roam_late_mean,0.015337205655966815,SI216_shuffled,94,135
roam_slope,0.056894727023218364,SI216_shuffled,94,135
speed_1s_rows,0.01461288272148257,SI216_shuffled,94,135
speed_1s_stage2_rows,0.008361261257640371,SI216_shuffled,94,135
speed_1s_stage2_col1_mean,0.00678109831522808,SI216_shuffled,94,135
speed_1s_stage2_col1_std_over_mean,0.01873013572336398,SI216_shuffled,94,135
speed_1s_stage2_col2_mean,0.020391450021488736,SI216_shuffled,94,135
speed_1s_stage2_col2_std_over_mean,0.012222595577748872,SI216_shuffled,94,135
speed_1s_stage3_rows,0.030449232893712496,SI216_shuffled,94,135
speed_1s_stage3_col1_mean,0.005852783412959084,SI216_shuffled,94,135
speed_1s_stage3_col1_std_over_mean,0.02176675933474014,SI216_shuffled,94,135
speed_1s_stage3_col2_mean,0.010858239464724282,SI216_shuffled,94,135
speed_1s_stage3_col2_std_over_mean,0.02528626201182409,SI216_shuffled,94,135
speed_1s_stage4_rows,0.015249740373735644,SI216_shuffled,94,135
speed_1s_stage4_col1_mean,0.0067972938280629865,SI216_shuffled,94,135
speed_1s_stage4_col1_std_over_mean,0.010636400657501042,SI216_shuffled,94,135
speed_1s_stage4_col2_mean,0.02941330868551433,SI216_shuffled,94,135
speed_1s_stage4_col2_std_over_mean,0.0407788457769138,SI216_shuffled,94,135
speed_1s_stage5_rows,0.0009163403367953013,SI216_shuffled,94,135
speed_1s_stage5_col1_mean,0.008270020701964888,SI216_shuffled,94,135
speed_1s_stage5_col1_std_over_mean,0.02313430220110411,SI216_shuffled,94,135
speed_1s_stage5_col2_mean,0.02283341176558859,SI216_shuffled,94,135
speed_1s_stage5_col2_std_over_mean,0.015557286282753652,SI216_shuffled,94,135
speed_10s_avg_rows,0.012591451913627299,SI216_shuffled,94,135
speed_10s_avg_stage2_rows,0.010793625150291945,SI216_shuffled,94,135
speed_10s_avg_stage2_col1_mean,0.008315424845094623,SI216_shuffled,94,135
speed_10s_avg_stage2_col1_std_over_mean,0.03064273981463117,SI216_shuffled,94,135
speed_10s_avg_stage2_col2_mean,0.015223191390717478,SI216_shuffled,94,135
speed_10s_avg_stage2_col2_std_over_mean,0.015833758516900026,SI216_shuffled,94,135
speed_10s_avg_stage3_rows,0.04416184646606587,SI216_shuffled,94,135
speed_10s_avg_stage3_col1_mean,0.0041975895635403765,SI216_shuffled,94,135
speed_10s_avg_stage3_col1_std_over_mean,0.015311558207782785,SI216_shuffled,94,135
speed_10s_avg_stage3_col2_mean,0.014303753747059635,SI216_shuffled,94,135
speed_10s_avg_stage3_col2_std_over_mean,0.02348547063600591,SI216_shuffled,94,135
speed_10s_avg_stage4_rows,0.006479524080764646,SI216_shuffled,94,135
speed_10s_avg_stage4_col1_mean,0.009577499566888623,SI216_shuffled,94,135
speed_10s_avg_stage4_col1_std_over_mean,0.010841467503431212,SI216_shuffled,94,135
speed_10s_avg_stage4_col2_mean,0.02469880635578202,SI216_shuffled,94,135
speed_10s_avg_stage4_col2_std_over_mean,0.01576331892202028,SI216_shuffled,94,135
speed_10s_avg_stage5_rows,0.0013667408002673129,SI216_shuffled,94,135
speed_10s_avg_stage5_col1_mean,0.010229593044754466,SI216_shuffled,94,135
speed_10s_avg_stage5_col1_std_over_mean,0.02532886510072502,SI216_shuffled,94,135
speed_10s_avg_stage5_col2_mean,0.02137479796140583,SI216_shuffled,94,135
speed_10s_avg_stage5_col2_std_over_mean,0.027950498244332878,SI216_shuffled,94,135
stage_2_frames,0.01663524336361911,SI216_shuffled,95,136
stage_3_frames,0.004227150381015164,SI216_shuffled,95,136
stage_4_frames,0.016298028100563747,SI216_shuffled,95,136
stage_5_frames,0.016196185007601612,SI216_shuffled,95,136
roam_mean,0.013937285422185362,SI216_shuffled,95,136
roam_std_over_mean,0.024802708558323505,SI216_shuffled,95,136
roam_early_mean,0.01284666860962256,SI216_shuffled,95,136
roam_mid_mean,0.07123486544236222,SI216_shuffled,95,136
roam_late_mean,0.013127788207608265,SI216_shuffled,95,136
roam_slope,0.01919907804744135,SI216_shuffled,95,136
speed_1s_rows,0.007222962174158997,SI216_shuffled,95,136
speed_1s_stage2_rows,0.005494053796271345,SI216_shuffled,95,136
speed_1s_stage2_col1_mean,0.012044107876810048,SI216_shuffled,95,136
speed_1s_stage2_col1_std_over_mean,0.022501862412130428,SI216_shuffled,95,136
speed_1s_stage2_col2_mean,0.013372295922141038,SI216_shuffled,95,136
speed_1s_stage2_col2_std_over_mean,0.01518892810806713,SI216_shuffled,95,136
speed_1s_stage3_rows,0.022883832187845798,SI216_shuffled,95,136
speed_1s_stage3_col1_mean,0.006872082209050984,SI216_shuffled,95,136
speed_1s_stage3_col1_std_over_mean,0.024882545644125,SI216_shuffled,95,136
speed_1s_stage3_col2_mean,0.00956494786380304,SI216_shuffled,95,136
speed_1s_stage3_col2_std_over_mean,0.025351517098421997,SI216_shuffled,95,136
speed_1s_stage4_rows,0.016409319951597345,SI216_shuffled,95,136
speed_1s_stage4_col1_mean,0.021850558204957213,SI216_shuffled,95,136
speed_1s_stage4_col1_std_over_mean,0.04464114620678723,SI216_shuffled,95,136
speed_1s_stage4_col2_mean,0.04151882296113978,SI216_shuffled,95,136
speed_1s_stage4_col2_std_over_mean,0.04448872982158814,SI216_shuffled,95,136
speed_1s_stage5_rows,0.0052965946777706096,SI216_shuffled,95,136
speed_1s_stage5_col1_mean,0.006681621030505932,SI216_shuffled,95,136
speed_1s_stage5_col1_std_over_mean,0.06119983840749633,SI216_shuffled,95,136
speed_1s_stage5_col2_mean,0.010853363539121641,SI216_shuffled,95,136
speed_1s_stage5_col2_std_over_mean,0.011652158209598534,SI216_shuffled,95,136
speed_10s_avg_rows,0.010665245468376463,SI216_shuffled,95,136
speed_10s_avg_stage2_rows,0.004783811224446323,SI216_shuffled,95,136
speed_10s_avg_stage2_col1_mean,0.01626670906970336,SI216_shuffled,95,136
speed_10s_avg_stage2_col1_std_over_mean,0.02696265564631998,SI216_shuffled,95,136
speed_10s_avg_stage2_col2_mean,0.014557811174344782,SI216_shuffled,95,136
speed_10s_avg_stage2_col2_std_over_mean,0.018964608716084762,SI216_shuffled,95,136
speed_10s_avg_stage3_rows,0.020969702157471928,SI216_shuffled,95,136
speed_10s_avg_stage3_col1_mean,0.014013248551285263,SI216_shuffled,95,136
speed_10s_avg_stage3_col1_std_over_mean,0.03866116521309213,SI216_shuffled,95,136
speed_10s_avg_stage3_col2_mean,0.0077780284149070985,SI216_shuffled,95,136
speed_10s_avg_stage3_col2_std_over_mean,0.023358627702285785,SI216_shuffled,95,136
speed_10s_avg_stage4_rows,0.013088178050052827,SI216_shuffled,95,136
speed_10s_avg_stage4_col1_mean,0.02827104430700049,SI216_shuffled,95,136
speed_10s_avg_stage4_col1_std_over_mean,0.00829143335651271,SI216_shuffled,95,136
speed_10s_avg_stage4_col2_mean,0.03448008325517444,SI216_shuffled,95,136
speed_10s_avg_stage4_col2_std_over_mean,0.026610755693803563,SI216_shuffled,95,136
speed_10s_avg_stage5_rows,0.0020085928561201817,SI216_shuffled,95,136
speed_10s_avg_stage5_col1_mean,0.00875798960488877,SI216_shuffled,95,136
speed_10s_avg_stage5_col1_std_over_mean,0.014737596910674751,SI216_shuffled,95,136
speed_10s_avg_stage5_col2_mean,0.010521801757462269,SI216_shuffled,95,136
speed_10s_avg_stage5_col2_std_over_mean,0.01777462142626066,SI216_shuffled,95,136
stage_2_frames,0.014901774344175738,SI216_shuffled,96,137
stage_3_frames,0.005681202706451169,SI216_shuffled,96,137
stage_4_frames,0.036406598216463006,SI216_shuffled,96,137
stage_5_frames,0.013068559229996203,SI216_shuffled,96,137
roam_mean,0.017064834076740462,SI216_shuffled,96,137
roam_std_over_mean,0.011506857868912996,SI216_shuffled,96,137
roam_early_mean,0.010505698082438885,SI216_shuffled,96,137
roam_mid_mean,0.11487334303039776,SI216_shuffled,96,137
roam_late_mean,0.013963498985771119,SI216_shuffled,96,137
roam_slope,0.052390548604109716,SI216_shuffled,96,137
speed_1s_rows,0.009057905611002112,SI216_shuffled,96,137
speed_1s_stage2_rows,0.004594691744953167,SI216_shuffled,96,137
speed_1s_stage2_col1_mean,0.008690035603600025,SI216_shuffled,96,137
speed_1s_stage2_col1_std_over_mean,0.018182965195335233,SI216_shuffled,96,137
speed_1s_stage2_col2_mean,0.01333517881297953,SI216_shuffled,96,137
speed_1s_stage2_col2_std_over_mean,0.00692375540747963,SI216_shuffled,96,137
speed_1s_stage3_rows,0.05189828070922199,SI216_shuffled,96,137
speed_1s_stage3_col1_mean,0.007206278153938603,SI216_shuffled,96,137
speed_1s_stage3_col1_std_over_mean,0.004933731026762484,SI216_shuffled,96,137
speed_1s_stage3_col2_mean,0.01152646967815148,SI216_shuffled,96,137
speed_1s_stage3_col2_std_over_mean,0.028332799917060066,SI216_shuffled,96,137
speed_1s_stage4_rows,0.0115891177318217,SI216_shuffled,96,137
speed_1s_stage4_col1_mean,0.008356973049919857,SI216_shuffled,96,137
speed_1s_stage4_col1_std_over_mean,0.01410484501032822,SI216_shuffled,96,137
speed_1s_stage4_col2_mean,0.03222321577962117,SI216_shuffled,96,137
speed_1s_stage4_col2_std_over_mean,0.027842418358819277,SI216_shuffled,96,137
speed_1s_stage5_rows,0.00029916838810104977,SI216_shuffled,96,137
speed_1s_stage5_col1_mean,0.005842713002320494,SI216_shuffled,96,137
speed_1s_stage5_col1_std_over_mean,0.031092734331271535,SI216_shuffled,96,137
speed_1s_stage5_col2_mean,0.03594700307170278,SI216_shuffled,96,137
speed_1s_stage5_col2_std_over_mean,0.007679624727623479,SI216_shuffled,96,137
speed_10s_avg_rows,0.010611183687081981,SI216_shuffled,96,137
speed_10s_avg_stage2_rows,0.004031325513387397,SI216_shuffled,96,137
speed_10s_avg_stage2_col1_mean,0.00727378403790754,SI216_shuffled,96,137
speed_10s_avg_stage2_col1_std_over_mean,0.030843151209825455,SI216_shuffled,96,137
speed_10s_avg_stage2_col2_mean,0.008155814885198578,SI216_shuffled,96,137
speed_10s_avg_stage2_col2_std_over_mean,0.015711273502038457,SI216_shuffled,96,137
speed_10s_avg_stage3_rows,0.04284618489257729,SI216_shuffled,96,137
speed_10s_avg_stage3_col1_mean,0.0065228300964834,SI216_shuffled,96,137
speed_10s_avg_stage3_col1_std_over_mean,0.05411414234212463,SI216_shuffled,96,137
speed_10s_avg_stage3_col2_mean,0.01367792853793981,SI216_shuffled,96,137
speed_10s_avg_stage3_col2_std_over_mean,0.026068535101907958,SI216_shuffled,96,137
speed_10s_avg_stage4_rows,0.01227761361106828,SI216_shuffled,96,137
speed_10s_avg_stage4_col1_mean,0.005343728612412732,SI216_shuffled,96,137
speed_10s_avg_stage4_col1_std_over_mean,0.012978150286641925,SI216_shuffled,96,137
speed_10s_avg_stage4_col2_mean,0.020780216615949015,SI216_shuffled,96,137
speed_10s_avg_stage4_col2_std_over_mean,0.017063760985752945,SI216_shuffled,96,137
speed_10s_avg_stage5_rows,1.1459963527344533e-05,SI216_shuffled,96,137
speed_10s_avg_stage5_col1_mean,0.006758496490970313,SI216_shuffled,96,137
speed_10s_avg_stage5_col1_std_over_mean,0.012466384631011983,SI216_shuffled,96,137
speed_10s_avg_stage5_col2_mean,0.038609684201813335,SI216_shuffled,96,137
speed_10s_avg_stage5_col2_std_over_mean,0.02383153033690863,SI216_shuffled,96,137
stage_2_frames,0.011899363218870248,SI216_shuffled,97,138
stage_3_frames,0.01093914011683875,SI216_shuffled,97,138
stage_4_frames,0.024217083026116127,SI216_shuffled,97,138
stage_5_frames,0.006592355829641015,SI216_shuffled,97,138
roam_mean,0.004933689980656118,SI216_shuffled,97,138
roam_std_over_mean,0.016010015833041322,SI216_shuffled,97,138
roam_early_mean,0.02083701087153425,SI216_shuffled,97,138
roam_mid_mean,0.061738917639068705,SI216_shuffled,97,138
roam_late_mean,0.011953858923958399,SI216_shuffled,97,138
roam_slope,0.039802811051789205,SI216_shuffled,97,138
speed_1s_rows,0.006682744104364885,SI216_shuffled,97,138
speed_1s_stage2_rows,0.009671900039143205,SI216_shuffled,97,138
speed_1s_stage2_col1_mean,0.006159951952869152,SI216_shuffled,97,138
speed_1s_stage2_col1_std_over_mean,0.017258678779568916,SI216_shuffled,97,138
speed_1s_stage2_col2_mean,0.012495732562419603,SI216_shuffled,97,138
speed_1s_stage2_col2_std_over_mean,0.0125738238416309,SI216_shuffled,97,138
speed_1s_stage3_rows,0.021319212516661742,SI216_shuffled,97,138
speed_1s_stage3_col1_mean,0.018185142972679383,SI216_shuffled,97,138
speed_1s_stage3_col1_std_over_mean,0.02138200720702623,SI216_shuffled,97,138
speed_1s_stage3_col2_mean,0.0075796394345319885,SI216_shuffled,97,138
speed_1s_stage3_col2_std_over_mean,0.03356420272154904,SI216_shuffled,97,138
speed_1s_stage4_rows,0.010854745965882116,SI216_shuffled,97,138
speed_1s_stage4_col1_mean,0.011770438435998837,SI216_shuffled,97,138
speed_1s_stage4_col1_std_over_mean,0.017117972884477143,SI216_shuffled,97,138
speed_1s_stage4_col2_mean,0.01274452188205555,SI216_shuffled,97,138
speed_1s_stage4_col2_std_over_mean,0.06112930141293702,SI216_shuffled,97,138
speed_1s_stage5_rows,0.003942710180522315,SI216_shuffled,97,138
speed_1s_stage5_col1_mean,0.05085775915760701,SI216_shuffled,97,138
speed_1s_stage5_col1_std_over_mean,0.051866355651816666,SI216_shuffled,97,138
speed_1s_stage5_col2_mean,0.019012985444883883,SI216_shuffled,97,138
speed_1s_stage5_col2_std_over_mean,0.01657564587000481,SI216_shuffled,97,138
speed_10s_avg_rows,0.007904356481469562,SI216_shuffled,97,138
speed_10s_avg_stage2_rows,0.0057526072100298935,SI216_shuffled,97,138
speed_10s_avg_stage2_col1_mean,0.01147923564905008,SI216_shuffled,97,138
speed_10s_avg_stage2_col1_std_over_mean,0.019285789642178756,SI216_shuffled,97,138
speed_10s_avg_stage2_col2_mean,0.011547353724033992,SI216_shuffled,97,138
speed_10s_avg_stage2_col2_std_over_mean,0.0220580853372908,SI216_shuffled,97,138
speed_10s_avg_stage3_rows,0.024869238152118767,SI216_shuffled,97,138
speed_10s_avg_stage3_col1_mean,0.018604946958382423,SI216_shuffled,97,138
speed_10s_avg_stage3_col1_std_over_mean,0.027855260552535357,SI216_shuffled,97,138
speed_10s_avg_stage3_col2_mean,0.009493545434705649,SI216_shuffled,97,138
speed_10s_avg_stage3_col2_std_over_mean,0.02798694571923909,SI216_shuffled,97,138
speed_10s_avg_stage4_rows,0.009861423047272732,SI216_shuffled,97,138
speed_10s_avg_stage4_col1_mean,0.010407655978777419,SI216_shuffled,97,138
speed_10s_avg_stage4_col1_std_over_mean,0.013843675559393403,SI216_shuffled,97,138
speed_10s_avg_stage4_col2_mean,0.01588545973822879,SI216_shuffled,97,138
speed_10s_avg_stage4_col2_std_over_mean,0.019710241888449918,SI216_shuffled,97,138
speed_10s_avg_stage5_rows,0.004857989118359323,SI216_shuffled,97,138
speed_10s_avg_stage5_col1_mean,0.05662109251383747,SI216_shuffled,97,138
speed_10s_avg_stage5_col1_std_over_mean,0.01655800041119397,SI216_shuffled,97,138
speed_10s_avg_stage5_col2_mean,0.011832407280179176,SI216_shuffled,97,138
speed_10s_avg_stage5_col2_std_over_mean,0.021914970093128924,SI216_shuffled,97,138
stage_2_frames,0.014645617882164376,SI216_shuffled,98,139
stage_3_frames,0.00546233107272645,SI216_shuffled,98,139
stage_4_frames,0.037152828468037434,SI216_shuffled,98,139
stage_5_frames,0.01555136183075912,SI216_shuffled,98,139
roam_mean,0.012591760938362232,SI216_shuffled,98,139
roam_std_over_mean,0.01336631452042057,SI216_shuffled,98,139
roam_early_mean,0.009040592675417215,SI216_shuffled,98,139
roam_mid_mean,0.06859288662048502,SI216_shuffled,98,139
roam_late_mean,0.008624504394749564,SI216_shuffled,98,139
roam_slope,0.009999079144646665,SI216_shuffled,98,139
speed_1s_rows,0.0086594678385645,SI216_shuffled,98,139
speed_1s_stage2_rows,0.006694296620341819,SI216_shuffled,98,139
speed_1s_stage2_col1_mean,0.007652973655490989,SI216_shuffled,98,139
speed_1s_stage2_col1_std_over_mean,0.03746045178502849,SI216_shuffled,98,139
speed_1s_stage2_col2_mean,0.020396699775740643,SI216_shuffled,98,139
speed_1s_stage2_col2_std_over_mean,0.007662253510360508,SI216_shuffled,98,139
speed_1s_stage3_rows,0.04978941482709068,SI216_shuffled,98,139
speed_1s_stage3_col1_mean,0.00866980701750509,SI216_shuffled,98,139
speed_1s_stage3_col1_std_over_mean,0.039288499417273935,SI216_shuffled,98,139
speed_1s_stage3_col2_mean,0.008404896618344116,SI216_shuffled,98,139
speed_1s_stage3_col2_std_over_mean,0.022518421633043347,SI216_shuffled,98,139
speed_1s_stage4_rows,0.014591313486329633,SI216_shuffled,98,139
speed_1s_stage4_col1_mean,0.01875623494842998,SI216_shuffled,98,139
speed_1s_stage4_col1_std_over_mean,0.010183587609648636,SI216_shuffled,98,139
speed_1s_stage4_col2_mean,0.0312085705603381,SI216_shuffled,98,139
speed_1s_stage4_col2_std_over_mean,0.05812075351522516,SI216_shuffled,98,139
speed_1s_stage5_rows,0.00030603978127045163,SI216_shuffled,98,139
speed_1s_stage5_col1_mean,0.008055628504110356,SI216_shuffled,98,139
speed_1s_stage5_col1_std_over_mean,0.03809041060607397,SI216_shuffled,98,139
speed_1s_stage5_col2_mean,0.007632841262322329,SI216_shuffled,98,139
speed_1s_stage5_col2_std_over_mean,0.010361447355772987,SI216_shuffled,98,139
speed_10s_avg_rows,0.008670091068611142,SI216_shuffled,98,139
speed_10s_avg_stage2_rows,0.007857128822338147,SI216_shuffled,98,139
speed_10s_avg_stage2_col1_mean,0.008147820531359068,SI216_shuffled,98,139
speed_10s_avg_stage2_col1_std_over_mean,0.0650719715215618,SI216_shuffled,98,139
speed_10s_avg_stage2_col2_mean,0.019932297684549363,SI216_shuffled,98,139
speed_10s_avg_stage2_col2_std_over_mean,0.009063473684644835,SI216_shuffled,98,139
speed_10s_avg_stage3_rows,0.04132629778545012,SI216_shuffled,98,139
speed_10s_avg_stage3_col1_mean,0.007210866613273159,SI216_shuffled,98,139
speed_10s_avg_stage3_col1_std_over_mean,0.019421253641704207,SI216_shuffled,98,139
speed_10s_avg_stage3_col2_mean,0.009419309797674356,SI216_shuffled,98,139
speed_10s_avg_stage3_col2_std_over_mean,0.025594199873124588,SI216_shuffled,98,139
speed_10s_avg_stage4_rows,0.017338435562302783,SI216_shuffled,98,139
speed_10s_avg_stage4_col1_mean,0.017375883107820143,SI216_shuffled,98,139
speed_10s_avg_stage4_col1_std_over_mean,0.014701169082232,SI216_shuffled,98,139
speed_10s_avg_stage4_col2_mean,0.03414979059947881,SI216_shuffled,98,139
speed_10s_avg_stage4_col2_std_over_mean,0.026708217967232772,SI216_shuffled,98,139
speed_10s_avg_stage5_rows,0.0008514504931736772,SI216_shuffled,98,139
speed_10s_avg_stage5_col1_mean,0.009035436535704867,SI216_shuffled,98,139
speed_10s_avg_stage5_col1_std_over_mean,0.009186088456917178,SI216_shuffled,98,139
speed_10s_avg_stage5_col2_mean,0.01338578763024774,SI216_shuffled,98,139
speed_10s_avg_stage5_col2_std_over_mean,0.02602174166452494,SI216_shuffled,98,139
stage_2_frames,0.01224527682115934,SI216_shuffled,99,140
stage_3_frames,0.0310553573273554,SI216_shuffled,99,140
stage_4_frames,0.017857282129120293,SI216_shuffled,99,140
stage_5_frames,0.01858261870558608,SI216_shuffled,99,140
roam_mean,0.008373297142967693,SI216_shuffled,99,140
roam_std_over_mean,0.014210799564134744,SI216_shuffled,99,140
roam_early_mean,0.007192122347232674,SI216_shuffled,99,140
roam_mid_mean,0.1317842256691406,SI216_shuffled,99,140
roam_late_mean,0.0067447402054664615,SI216_shuffled,99,140
roam_slope,0.018225406201033044,SI216_shuffled,99,140
speed_1s_rows,0.005760534349645013,SI216_shuffled,99,140
speed_1s_stage2_rows,0.03505799804027938,SI216_shuffled,99,140
speed_1s_stage2_col1_mean,0.017094665710891698,SI216_shuffled,99,140
speed_1s_stage2_col1_std_over_mean,0.021586345849401316,SI216_shuffled,99,140
speed_1s_stage2_col2_mean,0.019363908733288845,SI216_shuffled,99,140
speed_1s_stage2_col2_std_over_mean,0.011179339860981125,SI216_shuffled,99,140
speed_1s_stage3_rows,0.021054356295072275,SI216_shuffled,99,140
speed_1s_stage3_col1_mean,0.005694747086058124,SI216_shuffled,99,140
speed_1s_stage3_col1_std_over_mean,0.01101767312757249,SI216_shuffled,99,140
speed_1s_stage3_col2_mean,0.014253948113889995,SI216_shuffled,99,140
speed_1s_stage3_col2_std_over_mean,0.028186515345400374,SI216_shuffled,99,140
speed_1s_stage4_rows,0.018836343152522486,SI216_shuffled,99,140
speed_1s_stage4_col1_mean,0.006801990782442044,SI216_shuffled,99,140
speed_1s_stage4_col1_std_over_mean,0.010780642064140204,SI216_shuffled,99,140
speed_1s_stage4_col2_mean,0.04302206574044881,SI216_shuffled,99,140
speed_1s_stage4_col2_std_over_mean,0.027984506081452,SI216_shuffled,99,140
speed_1s_stage5_rows,0.0013502283108767453,SI216_shuffled,99,140
speed_1s_stage5_col1_mean,0.021044630779014056,SI216_shuffled,99,140
speed_1s_stage5_col1_std_over_mean,0.03930256106254718,SI216_shuffled,99,140
speed_1s_stage5_col2_mean,0.018077190821164515,SI216_shuffled,99,140
speed_1s_stage5_col2_std_over_mean,0.01138548785602443,SI216_shuffled,99,140
speed_10s_avg_rows,0.004935665822092001,SI216_shuffled,99,140
speed_10s_avg_stage2_rows,0.03005389006570286,SI216_shuffled,99,140
speed_10s_avg_stage2_col1_mean,0.012980780763748248,SI216_shuffled,99,140
speed_10s_avg_stage2_col1_std_over_mean,0.019844080133329292,SI216_shuffled,99,140
speed_10s_avg_stage2_col2_mean,0.01370754368790482,SI216_shuffled,99,140
speed_10s_avg_stage2_col2_std_over_mean,0.015420329303618578,SI216_shuffled,99,140
speed_10s_avg_stage3_rows,0.01904544574185608,SI216_shuffled,99,140
speed_10s_avg_stage3_col1_mean,0.008674590430692958,SI216_shuffled,99,140
speed_10s_avg_stage3_col1_std_over_mean,0.033536853539341396,SI216_shuffled,99,140
speed_10s_avg_stage3_col2_mean,0.009768487935170236,SI216_shuffled,99,140
speed_10s_avg_stage3_col2_std_over_mean,0.01692590150158257,SI216_shuffled,99,140
speed_10s_avg_stage4_rows,0.021977402520521345,SI216_shuffled,99,140
speed_10s_avg_stage4_col1_mean,0.00695147789901253,SI216_shuffled,99,140
speed_10s_avg_stage4_col1_std_over_mean,0.012790487090305423,SI216_shuffled,99,140
speed_10s_avg_stage4_col2_mean,0.03596599310072177,SI216_shuffled,99,140
speed_10s_avg_stage4_col2_std_over_mean,0.019283757015749275,SI216_shuffled,99,140
speed_10s_avg_stage5_rows,0.0001766018303634723,SI216_shuffled,99,140
speed_10s_avg_stage5_col1_mean,0.025785905921045096,SI216_shuffled,99,140
speed_10s_avg_stage5_col1_std_over_mean,0.010394488838884913,SI216_shuffled,99,140
speed_10s_avg_stage5_col2_mean,0.014659153077525857,SI216_shuffled,99,140
speed_10s_avg_stage5_col2_std_over_mean,0.012014358504521705,SI216_shuffled,99,140
stage_2_frames,0.018579636714050406,SI216_shuffled,100,141
stage_3_frames,0.009724666240170307,SI216_shuffled,100,141
stage_4_frames,0.019771058464818473,SI216_shuffled,100,141
stage_5_frames,0.014797924909522161,SI216_shuffled,100,141
roam_mean,0.018042992091798434,SI216_shuffled,100,141
roam_std_over_mean,0.016131730681459015,SI216_shuffled,100,141
roam_early_mean,0.013258195317962861,SI216_shuffled,100,141
roam_mid_mean,0.08422677465456138,SI216_shuffled,100,141
roam_late_mean,0.013106213574970988,SI216_shuffled,100,141
roam_slope,0.016009222106430257,SI216_shuffled,100,141
speed_1s_rows,0.009156034409099829,SI216_shuffled,100,141
speed_1s_stage2_rows,0.013064088773814316,SI216_shuffled,100,141
speed_1s_stage2_col1_mean,0.02426927189054786,SI216_shuffled,100,141
speed_1s_stage2_col1_std_over_mean,0.020669020368275764,SI216_shuffled,100,141
speed_1s_stage2_col2_mean,0.009585481366044257,SI216_shuffled,100,141
speed_1s_stage2_col2_std_over_mean,0.012904189367281141,SI216_shuffled,100,141
speed_1s_stage3_rows,0.014719795045759421,SI216_shuffled,100,141
speed_1s_stage3_col1_mean,0.008162854236134548,SI216_shuffled,100,141
speed_1s_stage3_col1_std_over_mean,0.01649599486908929,SI216_shuffled,100,141
speed_1s_stage3_col2_mean,0.012826397953857593,SI216_shuffled,100,141
speed_1s_stage3_col2_std_over_mean,0.026125443671693678,SI216_shuffled,100,141
speed_1s_stage4_rows,0.013243151028220188,SI216_shuffled,100,141
speed_1s_stage4_col1_mean,0.00831306687268129,SI216_shuffled,100,141
speed_1s_stage4_col1_std_over_mean,0.043518469200117676,SI216_shuffled,100,141
speed_1s_stage4_col2_mean,0.02596390811042323,SI216_shuffled,100,141
speed_1s_stage4_col2_std_over_mean,0.021314812756358083,SI216_shuffled,100,141
speed_1s_stage5_rows,0.002791677093721641,SI216_shuffled,100,141
speed_1s_stage5_col1_mean,0.031914653611423954,SI216_shuffled,100,141
speed_1s_stage5_col1_std_over_mean,0.04839047222800171,SI216_shuffled,100,141
speed_1s_stage5_col2_mean,0.018940360587471436,SI216_shuffled,100,141
speed_1s_stage5_col2_std_over_mean,0.010206493794034436,SI216_shuffled,100,141
speed_10s_avg_rows,0.018247441815695188,SI216_shuffled,100,141
speed_10s_avg_stage2_rows,0.011613464469691505,SI216_shuffled,100,141
speed_10s_avg_stage2_col1_mean,0.02144010119764691,SI216_shuffled,100,141
speed_10s_avg_stage2_col1_std_over_mean,0.031927958096364645,SI216_shuffled,100,141
speed_10s_avg_stage2_col2_mean,0.01608109304637374,SI216_shuffled,100,141
speed_10s_avg_stage2_col2_std_over_mean,0.023488461016866604,SI216_shuffled,100,141
speed_10s_avg_stage3_rows,0.016634417211427634,SI216_shuffled,100,141
speed_10s_avg_stage3_col1_mean,0.011944927656729096,SI216_shuffled,100,141
speed_10s_avg_stage3_col1_std_over_mean,0.03251168765898867,SI216_shuffled,100,141
speed_10s_avg_stage3_col2_mean,0.017890735930273346,SI216_shuffled,100,141
speed_10s_avg_stage3_col2_std_over_mean,0.015425666891490539,SI216_shuffled,100,141
speed_10s_avg_stage4_rows,0.012334815150051933,SI216_shuffled,100,141
speed_10s_avg_stage4_col1_mean,0.006281567487779497,SI216_shuffled,100,141
speed_10s_avg_stage4_col1_std_over_mean,0.014268600104218671,SI216_shuffled,100,141
speed_10s_avg_stage4_col2_mean,0.018381166237485758,SI216_shuffled,100,141
speed_10s_avg_stage4_col2_std_over_mean,0.03473448256638722,SI216_shuffled,100,141
speed_10s_avg_stage5_rows,0.0021036031168209365,SI216_shuffled,100,141
speed_10s_avg_stage5_col1_mean,0.025045125434812732,SI216_shuffled,100,141
speed_10s_avg_stage5_col1_std_over_mean,0.016526209622330586,SI216_shuffled,100,141
speed_10s_avg_stage5_col2_mean,0.01401990934588044,SI216_shuffled,100,141
speed_10s_avg_stage5_col2_std_over_mean,0.022874513952888736,SI216_shuffled,100,141
