worm_id,bin_idx,roaming_fraction
cam034_w1,1,0.0
cam034_w1,2,0.0026472534745201853
cam034_w1,3,0.0
cam034_w1,4,0.0
cam034_w1,5,0.0
cam034_w1,6,0.0
cam034_w1,7,0.0066181336863004635
cam034_w1,8,0.005294506949040371
cam034_w1,9,0.0
cam034_w1,10,0.053606882859033755
cam034_w1,11,0.12772998014559894
cam034_w1,12,0.16479152878888154
cam034_w1,13,0.2812706816677697
cam034_w1,14,0.443414956982131
cam034_w1,15,0.17935142289874256
cam034_w1,16,0.686962276637988
cam034_w1,17,0.35340833884844475
cam034_w1,18,0.6333553937789543
cam034_w1,19,0.33951025810721375
cam034_w1,20,0.5320979483785573
cam034_w1,21,0.07015221707478492
cam034_w1,22,0.10258107213765719
cam034_w1,23,0.3871608206485771
cam034_w1,24,0.7650562541363336
cam034_w1,25,0.07743216412971542
cam034_w1,26,0.4109861019192588
cam034_w1,27,0.36532097948378556
cam034_w1,28,0.8603573792190602
cam034_w1,29,0.0
cam034_w1,30,0.004632693580410324
cam034_w1,31,0.02911978821972204
cam034_w1,32,0.0
cam034_w1,33,0.0
cam034_w1,34,0.0006618133686300463
cam034_w1,35,0.0814030443414957
cam034_w1,36,0.32892124420913305
cam034_w1,37,0.13302448709463932
cam034_w1,38,0.021178027796161483
cam034_w1,39,0.08669755129053607
cam034_w1,40,0.18596955658504302
cam034_w1,41,0.0006618133686300463
cam034_w1,42,0.039046988749172735
cam034_w1,43,0.01455989410986102
cam034_w1,44,0.15949702183984116
cam034_w1,45,0.02183984116479153
cam034_w1,46,0.008603573792190603
cam034_w1,47,0.01588352084712111
cam034_w1,48,0.011250827266710787
cam034_w1,49,0.13302448709463932
cam034_w1,50,0.08868299139642621
cam034_w1,51,0.11250827266710788
cam034_w1,52,0.039046988749172735
cam034_w1,53,0.11118464592984778
cam034_w1,54,0.1270681667769689
cam034_w1,55,0.10258107213765719
cam034_w1,56,0.042356055592322965
cam034_w1,57,0.048312375909993384
cam034_w1,58,0.10853739245532759
cam034_w1,59,0.16082064857710127
cam034_w1,60,0.1912640635340834
cam034_w1,61,0.09133024487094639
cam034_w1,62,0.2885506287227002
cam034_w1,63,0.24090006618133686
cam034_w1,64,0.18663136995367308
cam034_w1,65,0.04698874917273329
cam034_w1,66,0.01455989410986102
cam034_w1,67,0.037061548643282594
cam034_w1,68,0.14361350099272005
cam034_w1,69,0.1813368630046327
cam034_w1,70,0.039046988749172735
cam034_w1,71,0.01786896095301125
cam034_w1,72,0.02911978821972204
cam034_w1,73,0.001985440105890139
cam034_w1,74,0.011912640635340834
cam034_w1,75,0.005956320317670417
cam034_w1,76,0.0
cam034_w1,77,0.0
cam034_w1,78,0.0
cam034_w1,79,0.0
cam034_w1,80,0.0
cam034_w1,81,0.0
cam034_w1,82,0.00993676603432701
cam034_w1,83,0.0
cam034_w1,84,0.0
cam034_w1,85,0.051490514905149054
cam034_w1,86,0.0
cam034_w1,87,0.00993676603432701
cam034_w1,88,0.0
cam034_w1,89,0.0
cam034_w1,90,0.031616982836495035
cam034_w1,91,0.0009033423667570009
cam034_w1,92,0.06142728093947606
cam034_w1,93,0.005420054200542005
cam034_w1,94,0.0009033423667570009
cam034_w1,95,0.18066847335140018
cam034_w1,96,0.06684733514001806
cam034_w1,97,0.3134598012646793
cam034_w1,98,0.34236675700090335
cam034_w1,99,0.5691056910569106
cam034_w1,100,0.0939476061427281
cam034_w1,101,0.03432700993676603
cam034_w1,102,0.2041553748870822
cam034_w1,103,0.07859078590785908
cam034_w1,104,0.3884372177055104
cam034_w1,105,0.17795844625112917
cam034_w1,106,0.17705510388437218
cam034_w1,107,0.5501355013550135
cam034_w1,108,0.31255645889792233
cam034_w1,109,0.23938572719060525
cam034_w1,110,0.6757000903342367
cam034_w1,111,0.42005420054200543
cam034_w1,112,0.032520325203252036
cam034_w1,113,0.11472448057813911
cam034_w1,114,0.08039747064137308
cam034_w1,115,0.0930442637759711
cam034_w1,116,0.3902439024390244
cam034_w1,117,0.6910569105691057
cam034_w1,118,0.7055103884372177
cam034_w1,119,0.15808491418247517
cam034_w1,120,0.13821138211382114
cam034_w1,121,0.11743450767841011
cam034_w1,122,0.46070460704607047
cam034_w1,123,0.21138211382113822
cam034_w1,124,0.26738934056007224
cam034_w1,125,0.007226738934056007
cam034_w1,126,0.34236675700090335
cam034_w1,127,0.0
cam034_w1,128,0.006323396567299007
cam034_w1,129,0.03342366757000903
cam034_w1,130,0.031616982836495035
cam034_w1,131,0.0
cam034_w1,132,0.0
cam034_w1,133,0.0
cam034_w1,134,0.0018066847335140017
cam034_w1,135,0.006323396567299007
cam034_w1,136,0.011743450767841012
cam034_w1,137,0.0036133694670280035
cam034_w1,138,0.004516711833785004
cam034_w1,139,0.011743450767841012
cam034_w1,140,0.007226738934056007
cam034_w1,141,0.03523035230352303
cam034_w1,142,0.07136404697380307
cam034_w1,143,0.0027100271002710027
cam034_w1,144,0.0
cam034_w1,145,0.007226738934056007
cam034_w1,146,0.0
cam034_w1,147,0.0
cam034_w1,148,0.0
cam034_w1,149,0.0
cam034_w1,150,0.0
cam034_w1,151,0.003663003663003663
cam034_w1,152,0.0
cam034_w1,153,0.0
cam034_w1,154,0.0
cam034_w1,155,0.0018315018315018315
cam034_w1,156,0.0
cam034_w1,157,0.0
cam034_w1,158,0.0
cam034_w1,159,0.0
cam034_w1,160,0.0027472527472527475
cam034_w1,161,0.0
cam034_w1,162,0.05036630036630037
cam034_w1,163,0.0
cam034_w1,164,0.005494505494505495
cam034_w1,165,0.0
cam034_w1,166,0.039377289377289376
cam034_w1,167,0.015567765567765568
cam034_w1,168,0.06776556776556776
cam034_w1,169,0.013736263736263736
cam034_w1,170,0.0695970695970696
cam034_w1,171,0.1043956043956044
cam034_w1,172,0.18406593406593408
cam034_w1,173,0.674908424908425
cam034_w1,174,0.3891941391941392
cam034_w1,175,0.2573260073260073
cam034_w1,176,0.11263736263736264
cam034_w1,177,0.13095238095238096
cam034_w1,178,0.05402930402930403
cam034_w1,179,0.023809523809523808
cam034_w1,180,0.08516483516483517
cam034_w1,181,0.3232600732600733
cam034_w1,182,0.010073260073260074
cam034_w1,183,0.007326007326007326
cam034_w1,184,0.045787545787545784
cam034_w1,185,0.039377289377289376
cam034_w1,186,0.13736263736263737
cam034_w1,187,0.23351648351648352
cam034_w1,188,0.0
cam034_w1,189,0.009157509157509158
cam034_w1,190,0.0
cam034_w1,191,0.02197802197802198
cam034_w1,192,0.06043956043956044
cam034_w1,193,0.004578754578754579
cam034_w1,194,0.08516483516483517
cam034_w1,195,0.11263736263736264
cam034_w1,196,0.0018315018315018315
cam034_w1,197,0.01282051282051282
cam034_w1,198,0.0
cam034_w1,199,0.040293040293040296
cam034_w1,200,0.013736263736263736
cam034_w1,201,0.04120879120879121
cam034_w1,202,0.004578754578754579
cam034_w1,203,0.048534798534798536
cam034_w1,204,0.008241758241758242
cam034_w1,205,0.007326007326007326
cam034_w1,206,0.029304029304029304
cam034_w1,207,0.026556776556776556
cam034_w1,208,0.0
cam034_w1,209,0.0
cam034_w1,210,0.0
cam034_w1,211,0.0027472527472527475
cam034_w1,212,0.0
cam034_w1,213,0.0027472527472527475
cam034_w1,214,0.0018315018315018315
cam034_w1,215,0.010073260073260074
cam034_w1,216,0.008241758241758242
cam034_w1,217,0.037545787545787544
cam034_w1,218,0.05402930402930403
cam034_w1,219,0.015567765567765568
cam034_w1,220,0.016483516483516484
cam034_w1,221,0.0
cam034_w1,222,0.0
cam034_w1,223,0.0
cam034_w1,224,0.0
cam034_w1,225,0.0
cam034_w1,226,0.0
cam034_w1,227,0.0
cam034_w1,228,0.005788712011577424
cam034_w1,229,0.004341534008683068
cam034_w1,230,0.00361794500723589
cam034_w1,231,0.007959479015918957
cam034_w1,232,0.0
cam034_w1,233,0.0
cam034_w1,234,0.0
cam034_w1,235,0.002894356005788712
cam034_w1,236,0.023878437047756874
cam034_w1,237,0.010130246020260492
cam034_w1,238,0.049927641099855286
cam034_w1,239,0.07670043415340087
cam034_w1,240,0.2199710564399421
cam034_w1,241,0.11432706222865413
cam034_w1,242,0.191027496382055
cam034_w1,243,0.12445730824891461
cam034_w1,244,0.2301013024602026
cam034_w1,245,0.18162083936324167
cam034_w1,246,0.11432706222865413
cam034_w1,247,0.1410998552821997
cam034_w1,248,0.15629522431259044
cam034_w1,249,0.28002894356005786
cam034_w1,250,0.29739507959479017
cam034_w1,251,0.4992764109985528
cam034_w1,252,0.23299565846599132
cam034_w1,253,0.447178002894356
cam034_w1,254,0.6085383502170767
cam034_w1,255,0.1410998552821997
cam034_w1,256,0.24891461649782923
cam034_w1,257,0.09768451519536903
cam034_w1,258,0.04703328509406657
cam034_w1,259,0.21562952243125905
cam034_w1,260,0.22575976845151954
cam034_w1,261,0.03762662807525326
cam034_w1,262,0.2539797395079595
cam034_w1,263,0.002894356005788712
cam034_w1,264,0.03183791606367583
cam034_w1,265,0.026772793053545588
cam034_w1,266,0.023878437047756874
cam034_w1,267,0.09623733719247468
cam034_w1,268,0.004341534008683068
cam034_w1,269,0.0
cam034_w1,270,0.001447178002894356
cam034_w1,271,0.009406657018813314
cam034_w1,272,0.02243125904486252
cam034_w1,273,0.001447178002894356
cam034_w1,274,0.00723589001447178
cam034_w1,275,0.05426917510853835
cam034_w1,276,0.06222865412445731
cam034_w1,277,0.013748191027496382
cam034_w1,278,0.016642547033285094
cam034_w1,279,0.002170767004341534
cam034_w1,280,0.03979739507959479
cam034_w1,281,0.1736613603473227
cam034_w1,282,0.09768451519536903
cam034_w1,283,0.06367583212735166
cam034_w1,284,0.060781476121562955
cam034_w1,285,0.07670043415340087
cam034_w1,286,0.07814761215629522
cam034_w1,287,0.024602026049204053
cam034_w1,288,0.0
cam034_w1,289,0.04486251808972504
cam034_w1,290,0.02532561505065123
cam034_w1,291,0.010130246020260492
cam034_w1,292,0.08755426917510854
cam034_w1,293,0.055716353111432707
cam034_w1,294,0.015918958031837915
cam034_w1,295,0.0
cam034_w1,296,0.004341534008683068
cam034_w1,297,0.0
cam034_w1,298,0.01808972503617945
cam034_w1,299,0.0
cam034_w1,300,0.005788712011577424
cam034_w1,301,0.0
cam034_w1,302,0.0021729682746631897
cam034_w1,303,0.0
cam034_w1,304,0.000434593654932638
cam034_w1,305,0.005215123859191656
cam034_w1,306,0.0
cam034_w1,307,0.000434593654932638
cam034_w1,308,0.0
cam034_w1,309,0.048239895697522815
cam034_w1,310,0.1295089091699261
cam034_w1,311,0.017383746197305518
cam034_w1,312,0.009561060408518035
cam034_w1,313,0.018687527162103434
cam034_w1,314,0.06040851803563668
cam034_w1,315,0.08648413733159496
cam034_w1,316,0.07996523250760539
cam034_w1,317,0.15036940460669274
cam034_w1,318,0.018252933507170794
cam034_w1,319,0.08039982616253803
cam034_w1,320,0.17209908735332463
cam034_w1,321,0.17296827466318992
cam034_w1,322,0.1016949152542373
cam034_w1,323,0.1577574967405476
cam034_w1,324,0.23989569752281617
cam034_w1,325,0.3533246414602347
cam034_w1,326,0.10821382007822686
cam034_w1,327,0.10691003911342895
cam034_w1,328,0.1360278139939157
cam034_w1,329,0.18339852238157323
cam034_w1,330,0.14341590612777053
cam034_w1,331,0.21077792264232942
cam034_w1,332,0.04432855280312908
cam034_w1,333,0.31594958713602783
cam034_w1,334,0.14950021729682747
cam034_w1,335,0.17340286831812254
cam034_w1,336,0.13906996957844414
cam034_w1,337,0.32420686657974795
cam034_w1,338,0.20512820512820512
cam034_w1,339,0.3020425901781834
cam034_w1,340,0.1099521946979574
cam034_w1,341,0.06823120382442416
cam034_w1,342,0.05823554976097349
cam034_w1,343,0.14471968709256844
cam034_w1,344,0.06605823554976098
cam034_w1,345,0.06431986093003042
cam034_w1,346,0.018252933507170794
cam034_w1,347,0.02216427640156454
cam034_w1,348,0.1760104302477184
cam034_w1,349,0.15601912212081703
cam034_w1,350,0.32159930465015213
cam034_w1,351,0.24337244676227726
cam034_w1,352,0.39113428943937417
cam034_w1,353,0.5302042590178183
cam034_w1,354,0.11647109952194698
cam034_w1,355,0.14732724902216426
cam034_w1,356,0.021295089091699262
cam034_w1,357,0.0469361147327249
cam034_w1,358,0.03694046066927423
cam034_w1,359,0.1156019122120817
cam034_w1,360,0.061712299000434595
cam034_w1,361,0.0651890482398957
cam034_w1,362,0.018687527162103434
cam034_w1,363,0.02824858757062147
cam034_w1,364,0.20078226857887874
cam034_w1,365,0.03911342894393742
cam034_w1,366,0.041720990873533245
cam034_w1,367,0.000434593654932638
cam034_w1,368,0.008257279443720122
cam034_w1,369,0.04563233376792699
cam034_w1,370,0.02824858757062147
cam034_w1,371,0.0995219469795741
cam034_w1,372,0.15993046501521077
cam034_w1,373,0.49934810951760106
cam034_w1,374,0.07344632768361582
cam034_w1,375,0.07040417209908735
cam034_w2,1,0.0
cam034_w2,2,0.009560229445506692
cam034_w2,3,0.0
cam034_w2,4,0.0
cam034_w2,5,0.0
cam034_w2,6,0.0
cam034_w2,7,0.055449330783938815
cam034_w2,8,0.10388782664117271
cam034_w2,9,0.008922880815806247
cam034_w2,10,0.21414913957934992
cam034_w2,11,0.21351179094964945
cam034_w2,12,0.023581899298916506
cam034_w2,13,0.42638623326959846
cam034_w2,14,0.028680688336520075
cam034_w2,15,0.038878266411727216
cam034_w2,16,0.5156150414276609
cam034_w2,17,0.2249840662842575
cam034_w2,18,0.2084130019120459
cam034_w2,19,0.035691523263224986
cam034_w2,20,0.3862332695984704
cam034_w2,21,0.25430210325047803
cam034_w2,22,0.22562141491395793
cam034_w2,23,0.5825366475462078
cam034_w2,24,0.39260675589547483
cam034_w2,25,0.22434671765455705
cam034_w2,26,0.21223709369024857
cam034_w2,27,0.0
cam034_w2,28,0.7578075207138305
cam034_w2,29,0.5003186743148502
cam034_w2,30,0.5678776290630975
cam034_w2,31,0.43148502230720204
cam034_w2,32,0.502868068833652
cam034_w2,33,0.09241555130656469
cam034_w2,34,0.04525175270873168
cam034_w2,35,0.049075844486934354
cam034_w2,36,0.3326959847036329
cam034_w2,37,0.0
cam034_w2,38,0.032504780114722756
cam034_w2,39,0.01338432122370937
cam034_w2,40,0.014021669853409816
cam034_w2,41,0.09369024856596558
cam034_w2,42,0.08922880815806246
cam034_w2,43,0.05927342256214149
cam034_w2,44,0.038878266411727216
cam034_w2,45,0.09751434034416825
cam034_w2,46,0.11089866156787763
cam034_w2,47,0.014021669853409816
cam034_w2,48,0.029318036966220522
cam034_w2,49,0.11089866156787763
cam034_w2,50,0.03123008285532186
cam034_w2,51,0.3352453792224347
cam034_w2,52,0.26896112173358827
cam034_w2,53,0.2555768005098789
cam034_w2,54,0.5952836201402167
cam034_w2,55,0.4079031230082855
cam034_w2,56,0.03441682600382409
cam034_w2,57,0.08604206500956023
cam034_w2,58,0.004461440407903123
cam034_w2,59,0.2766093052899936
cam034_w2,60,0.042702358189929894
cam034_w2,61,0.08795411089866156
cam034_w2,62,0.06118546845124283
cam034_w2,63,0.10707456978967496
cam034_w2,64,0.08859145952836202
cam034_w2,65,0.10070108349267048
cam034_w2,66,0.06309751434034416
cam034_w2,67,0.0662842574888464
cam034_w2,68,0.08604206500956023
cam034_w2,69,0.028680688336520075
cam034_w2,70,0.005098789037603569
cam034_w2,71,0.035691523263224986
cam034_w2,72,0.0
cam034_w2,73,0.0
cam034_w2,74,0.0
cam034_w2,75,0.0082855321861058
cam034_w2,76,0.0
cam034_w2,77,0.0
cam034_w2,78,0.0
cam034_w2,79,0.0
cam034_w2,80,0.0
cam034_w2,81,0.0
cam034_w2,82,0.3473491773308958
cam034_w2,83,0.180073126142596
cam034_w2,84,0.007312614259597806
cam034_w2,85,0.33455210237659966
cam034_w2,86,0.4579524680073126
cam034_w2,87,0.6590493601462523
cam034_w2,88,0.8043875685557587
cam034_w2,89,0.16453382084095064
cam034_w2,90,0.0
cam034_w2,91,0.0
cam034_w2,92,0.0
cam034_w2,93,0.027422303473491772
cam034_w2,94,0.029250457038391225
cam034_w2,95,0.3263254113345521
cam034_w2,96,0.8436928702010968
cam034_w2,97,0.6343692870201096
cam034_w2,98,0.8994515539305301
cam034_w2,99,0.5822669104204753
cam034_w2,100,0.8354661791590493
cam034_w2,101,0.3007312614259598
cam034_w2,102,0.0
cam034_w2,103,0.20658135283363802
cam034_w2,104,0.926873857404022
cam034_w2,105,0.40950639853747717
cam034_w2,106,0.5292504570383912
cam034_w2,107,0.010968921389396709
cam034_w2,108,0.007312614259597806
cam034_w2,109,0.005484460694698354
cam034_w2,110,0.0
cam034_w2,111,0.05210237659963437
cam034_w2,112,0.4606946983546618
cam034_w2,113,0.07952468007312614
cam034_w2,114,0.0
cam034_w2,115,0.0886654478976234
cam034_w2,116,0.005484460694698354
cam034_w2,117,0.0
cam034_w2,118,0.0018281535648994515
cam034_w2,119,0.05850091407678245
cam034_w2,120,0.5978062157221207
cam034_w2,121,0.24588665447897623
cam034_w2,122,0.044789762340036565
cam034_w2,123,0.7550274223034735
cam034_w2,124,0.3793418647166362
cam034_w2,125,0.7669104204753199
cam034_w2,126,0.007312614259597806
cam034_w2,127,0.002742230347349177
cam034_w2,128,0.2595978062157221
cam034_w2,129,0.0
cam034_w2,130,0.018281535648994516
cam034_w2,131,0.0
cam034_w2,132,0.0
cam034_w2,133,0.0
cam034_w2,134,0.0
cam034_w2,135,0.005484460694698354
cam034_w2,136,0.0
cam034_w2,137,0.0
cam034_w2,138,0.0
cam034_w2,139,0.0
cam034_w2,140,0.0
cam034_w2,141,0.0
cam034_w2,142,0.0009140767824497258
cam034_w2,143,0.02376599634369287
cam034_w2,144,0.038391224862888484
cam034_w2,145,0.010054844606946984
cam034_w2,146,0.0
cam034_w2,147,0.0
cam034_w2,148,0.0
cam034_w2,149,0.0
cam034_w2,150,0.0
cam034_w2,151,0.0
cam034_w2,152,0.0
cam034_w2,153,0.0
cam034_w2,154,0.0
cam034_w2,155,0.007036059806508356
cam034_w2,156,0.0
cam034_w2,157,0.002638522427440633
cam034_w2,158,0.0
cam034_w2,159,0.0
cam034_w2,160,0.0
cam034_w2,161,0.0
cam034_w2,162,0.0
cam034_w2,163,0.0
cam034_w2,164,0.001759014951627089
cam034_w2,165,0.052770448548812667
cam034_w2,166,0.051011433597185574
cam034_w2,167,0.032541776605101144
cam034_w2,168,0.21899736147757257
cam034_w2,169,0.33421284080914687
cam034_w2,170,0.44239226033421286
cam034_w2,171,0.6253298153034301
cam034_w2,172,0.16534740545294635
cam034_w2,173,0.0
cam034_w2,174,0.0
cam034_w2,175,0.002638522427440633
cam034_w2,176,0.10290237467018469
cam034_w2,177,0.001759014951627089
cam034_w2,178,0.021108179419525065
cam034_w2,179,0.1565523306948109
cam034_w2,180,0.22867194371152155
cam034_w2,181,0.5435356200527705
cam034_w2,182,0.4212840809146878
cam034_w2,183,0.21723834652594548
cam034_w2,184,0.5285839929639402
cam034_w2,185,0.6578715919085312
cam034_w2,186,0.6323658751099385
cam034_w2,187,0.16182937554969218
cam034_w2,188,0.06508355321020229
cam034_w2,189,0.014072119613016711
cam034_w2,190,0.0712401055408971
cam034_w2,191,0.0
cam034_w2,192,0.016710642040457344
cam034_w2,193,0.002638522427440633
cam034_w2,194,0.0008795074758135445
cam034_w2,195,0.009674582233948988
cam034_w2,196,0.08619173262972735
cam034_w2,197,0.09146877748460862
cam034_w2,198,0.4019349164467898
cam034_w2,199,0.0079155672823219
cam034_w2,200,0.022867194371152155
cam034_w2,201,0.025505716798592787
cam034_w2,202,0.010554089709762533
cam034_w2,203,0.008795074758135445
cam034_w2,204,0.008795074758135445
cam034_w2,205,0.0
cam034_w2,206,0.007036059806508356
cam034_w2,207,0.0
cam034_w2,208,0.008795074758135445
cam034_w2,209,0.010554089709762533
cam034_w2,210,0.0008795074758135445
cam034_w2,211,0.009674582233948988
cam034_w2,212,0.02198768689533861
cam034_w2,213,0.003518029903254178
cam034_w2,214,0.008795074758135445
cam034_w2,215,0.0079155672823219
cam034_w2,216,0.05364995602462621
cam034_w2,217,0.0008795074758135445
cam034_w2,218,0.01759014951627089
cam034_w2,219,0.027264731750219876
cam034_w2,220,0.0
cam034_w2,221,0.0
cam034_w2,222,0.019349164467897976
cam034_w2,223,0.0
cam034_w2,224,0.018469656992084433
cam034_w2,225,0.0
cam034_w2,226,0.0
cam034_w2,227,0.027936962750716332
cam034_w2,228,0.0
cam034_w2,229,0.004297994269340974
cam034_w2,230,0.0
cam034_w2,231,0.0
cam034_w2,232,0.0
cam034_w2,233,0.0
cam034_w2,234,0.0
cam034_w2,235,0.0
cam034_w2,236,0.0
cam034_w2,237,0.0336676217765043
cam034_w2,238,0.015759312320916905
cam034_w2,239,0.1654727793696275
cam034_w2,240,0.3159025787965616
cam034_w2,241,0.38968481375358166
cam034_w2,242,0.21203438395415472
cam034_w2,243,0.3538681948424069
cam034_w2,244,0.012893982808022923
cam034_w2,245,0.13753581661891118
cam034_w2,246,0.08595988538681948
cam034_w2,247,0.1017191977077364
cam034_w2,248,0.0666189111747851
cam034_w2,249,0.06017191977077364
cam034_w2,250,0.03796561604584527
cam034_w2,251,0.10028653295128939
cam034_w2,252,0.40186246418338106
cam034_w2,253,0.09670487106017192
cam034_w2,254,0.04083094555873926
cam034_w2,255,0.12893982808022922
cam034_w2,256,0.06088825214899714
cam034_w2,257,0.08094555873925502
cam034_w2,258,0.04369627507163324
cam034_w2,259,0.07951289398280802
cam034_w2,260,0.01002865329512894
cam034_w2,261,0.03151862464183381
cam034_w2,262,0.0007163323782234957
cam034_w2,263,0.03008595988538682
cam034_w2,264,0.027936962750716332
cam034_w2,265,0.08452722063037249
cam034_w2,266,0.0
cam034_w2,267,0.011461318051575931
cam034_w2,268,0.0
cam034_w2,269,0.0
cam034_w2,270,0.004297994269340974
cam034_w2,271,0.0035816618911174787
cam034_w2,272,0.024355300859598854
cam034_w2,273,0.01790830945558739
cam034_w2,274,0.03581661891117478
cam034_w2,275,0.10816618911174786
cam034_w2,276,0.09025787965616046
cam034_w2,277,0.1998567335243553
cam034_w2,278,0.15329512893982808
cam034_w2,279,0.11532951289398281
cam034_w2,280,0.09312320916905444
cam034_w2,281,0.22922636103151864
cam034_w2,282,0.083810888252149
cam034_w2,283,0.10816618911174786
cam034_w2,284,0.04727793696275072
cam034_w2,285,0.08810888252148998
cam034_w2,286,0.09312320916905444
cam034_w2,287,0.08739255014326648
cam034_w2,288,0.12464183381088825
cam034_w2,289,0.02865329512893983
cam034_w2,290,0.0
cam034_w2,291,0.02005730659025788
cam034_w2,292,0.042263610315186245
cam034_w2,293,0.02650429799426934
cam034_w2,294,0.010744985673352435
cam034_w2,295,0.01504297994269341
cam034_w2,296,0.05659025787965616
cam034_w2,297,0.07378223495702006
cam034_w2,298,0.0
cam034_w2,299,0.01862464183381089
cam034_w2,300,0.0
cam034_w2,301,0.004345936549326379
cam034_w2,302,0.0
cam034_w2,303,0.0
cam034_w2,304,0.0
cam034_w2,305,0.0
cam034_w2,306,0.0021729682746631897
cam034_w2,307,0.003911342894393742
cam034_w2,308,0.01477618426770969
cam034_w2,309,0.0
cam034_w2,310,0.0
cam034_w2,311,0.01086484137331595
cam034_w2,312,0.007822685788787484
cam034_w2,313,0.006084311169056932
cam034_w2,314,0.04432855280312908
cam034_w2,315,0.05649717514124294
cam034_w2,316,0.0903954802259887
cam034_w2,317,0.02607561929595828
cam034_w2,318,0.2481529769665363
cam034_w2,319,0.121251629726206
cam034_w2,320,0.055193394176445025
cam034_w2,321,0.1282051282051282
cam034_w2,322,0.17905258583224684
cam034_w2,323,0.36592785745328116
cam034_w2,324,0.31681877444589307
cam034_w2,325,0.04302477183833116
cam034_w2,326,0.26379834854411127
cam034_w2,327,0.2742285962624946
cam034_w2,328,0.09474141677531508
cam034_w2,329,0.16297262059973924
cam034_w2,330,0.001738374619730552
cam034_w2,331,0.2333767926988266
cam034_w2,332,0.409387222946545
cam034_w2,333,0.27292481529769663
cam034_w2,334,0.1295089091699261
cam034_w2,335,0.15645371577574968
cam034_w2,336,0.2585832246849196
cam034_w2,337,0.3381138635375924
cam034_w2,338,0.19252498913515861
cam034_w2,339,0.19469795740982182
cam034_w2,340,0.2033898305084746
cam034_w2,341,0.20512820512820512
cam034_w2,342,0.32290308561495
cam034_w2,343,0.10777922642329422
cam034_w2,344,0.14254671881790526
cam034_w2,345,0.13428943937418514
cam034_w2,346,0.43068231203824425
cam034_w2,347,0.4997827031725337
cam034_w2,348,0.42503259452411996
cam034_w2,349,0.28552803129074317
cam034_w2,350,0.24554541503694047
cam034_w2,351,0.4819643633202955
cam034_w2,352,0.49282920469361147
cam034_w2,353,0.31508039982616254
cam034_w2,354,0.12777053455019557
cam034_w2,355,0.1912212081703607
cam034_w2,356,0.13689700130378096
cam034_w2,357,0.1590612777053455
cam034_w2,358,0.016514558887440245
cam034_w2,359,0.020860495436766623
cam034_w2,360,0.02346805736636245
cam034_w2,361,0.000434593654932638
cam034_w2,362,0.18948283355063017
cam034_w2,363,0.03694046066927423
cam034_w2,364,0.08344198174706649
cam034_w2,365,0.042590178183398525
cam034_w2,366,0.02564102564102564
cam034_w2,367,0.030856149500217298
cam034_w2,368,0.01694915254237288
cam034_w2,369,0.017383746197305518
cam034_w2,370,0.016079965232507605
cam034_w2,371,0.019991308126901346
cam034_w2,372,0.06779661016949153
cam034_w2,373,0.05823554976097349
cam034_w2,374,0.222077357670578
cam034_w2,375,0.343328987396784
cam034_w4,1,0.0
cam034_w4,2,0.0
cam034_w4,3,0.0
cam034_w4,4,0.0
cam034_w4,5,0.0
cam034_w4,6,0.0
cam034_w4,7,0.015792798483891344
cam034_w4,8,0.012002526847757423
cam034_w4,9,0.01958307012002527
cam034_w4,10,0.3139608338597599
cam034_w4,11,0.490840176879343
cam034_w4,12,0.4554643082754264
cam034_w4,13,0.6563487049905243
cam034_w4,14,0.5761212886923562
cam034_w4,15,0.30006317119393555
cam034_w4,16,0.3063802905874921
cam034_w4,17,0.0018951358180669614
cam034_w4,18,0.03979785217940619
cam034_w4,19,0.02337334175615919
cam034_w4,20,0.15413771320277952
cam034_w4,21,0.01010739102969046
cam034_w4,22,0.08528111181301326
cam034_w4,23,0.14276689829437778
cam034_w4,24,0.1326595072646873
cam034_w4,25,0.2653190145293746
cam034_w4,26,0.008843967150979154
cam034_w4,27,0.12255211623499684
cam034_w4,28,0.6456096020214782
cam034_w4,29,0.6727732154137713
cam034_w4,30,0.5489576753000631
cam034_w4,31,0.36197094125078966
cam034_w4,32,0.39292482627921665
cam034_w4,33,0.26721415034744156
cam034_w4,34,0.5161086544535691
cam034_w4,35,0.6493998736576121
cam034_w4,36,0.37650031585596966
cam034_w4,37,0.07327858496525584
cam034_w4,38,0.2710044219835755
cam034_w4,39,0.14655716993051168
cam034_w4,40,0.01958307012002527
cam034_w4,41,0.006317119393556538
cam034_w4,42,0.0082122552116235
cam034_w4,43,0.0
cam034_w4,44,0.0006317119393556538
cam034_w4,45,0.0
cam034_w4,46,0.007580543272267846
cam034_w4,47,0.053063802905874924
cam034_w4,48,0.08970309538850284
cam034_w4,49,0.006317119393556538
cam034_w4,50,0.035375868603916616
cam034_w4,51,0.015161086544535692
cam034_w4,52,0.01010739102969046
cam034_w4,53,0.003158559696778269
cam034_w4,54,0.025900189513581806
cam034_w4,55,0.1945672773215414
cam034_w4,56,0.10739102969046115
cam034_w4,57,0.04042956411876184
cam034_w4,58,0.24320909665192672
cam034_w4,59,0.041692987997473153
cam034_w4,60,0.012002526847757423
cam034_w4,61,0.013265950726468731
cam034_w4,62,0.030322173089071383
cam034_w4,63,0.06506632975363234
cam034_w4,64,0.15855969677826912
cam034_w4,65,0.015792798483891344
cam034_w4,66,0.06759317751105495
cam034_w4,67,0.003158559696778269
cam034_w4,68,0.02147820593809223
cam034_w4,69,0.03979785217940619
cam034_w4,70,0.23436512950094757
cam034_w4,71,0.0
cam034_w4,72,0.0
cam034_w4,73,0.003158559696778269
cam034_w4,74,0.0
cam034_w4,75,0.0
cam034_w4,76,0.0
cam034_w4,77,0.0
cam034_w4,78,0.0
cam034_w4,79,0.0
cam034_w4,80,0.0
cam034_w4,81,0.0
cam034_w4,82,0.0
cam034_w4,83,0.0
cam034_w4,84,0.0
cam034_w4,85,0.0
cam034_w4,86,0.0
cam034_w4,87,0.0
cam034_w4,88,0.15430520034100598
cam034_w4,89,0.0
cam034_w4,90,0.24381926683716965
cam034_w4,91,0.0
cam034_w4,92,0.08780903665814152
cam034_w4,93,0.09803921568627451
cam034_w4,94,0.13043478260869565
cam034_w4,95,0.6086956521739131
cam034_w4,96,0.1636828644501279
cam034_w4,97,0.011935208866155157
cam034_w4,98,0.03324808184143223
cam034_w4,99,0.17306052855924978
cam034_w4,100,0.5490196078431373
cam034_w4,101,0.5583972719522592
cam034_w4,102,0.2617220801364024
cam034_w4,103,0.0
cam034_w4,104,0.01619778346121057
cam034_w4,105,0.0
cam034_w4,106,0.0
cam034_w4,107,0.004262574595055414
cam034_w4,108,0.06308610400682012
cam034_w4,109,0.10230179028132992
cam034_w4,110,0.3316283034953112
cam034_w4,111,0.029838022165387893
cam034_w4,112,0.546462063086104
cam034_w4,113,0.2514919011082694
cam034_w4,114,0.21142369991474852
cam034_w4,115,0.1577152600170503
cam034_w4,116,0.5268542199488491
cam034_w4,117,0.319693094629156
cam034_w4,118,0.01278772378516624
cam034_w4,119,0.059676044330775786
cam034_w4,120,0.4194373401534527
cam034_w4,121,0.0
cam034_w4,122,0.04603580562659847
cam034_w4,123,0.18840579710144928
cam034_w4,124,0.2421142369991475
cam034_w4,125,0.17050298380221654
cam034_w4,126,0.29241261722080136
cam034_w4,127,0.289002557544757
cam034_w4,128,0.0
cam034_w4,129,0.020460358056265986
cam034_w4,130,0.05285592497868713
cam034_w4,131,0.09548167092924126
cam034_w4,132,0.11167945439045183
cam034_w4,133,0.005967604433077579
cam034_w4,134,0.004262574595055414
cam034_w4,135,0.0
cam034_w4,136,0.0017050298380221654
cam034_w4,137,0.0
cam034_w4,138,0.0
cam034_w4,139,0.0
cam034_w4,140,0.0
cam034_w4,141,0.0
cam034_w4,142,0.02216538789428815
cam034_w4,143,0.026427962489343565
cam034_w4,144,0.029838022165387893
cam034_w4,145,0.0068201193520886615
cam034_w4,146,0.0017050298380221654
cam034_w4,147,0.0
cam034_w4,148,0.0
cam034_w4,149,0.0
cam034_w4,150,0.0
cam034_w4,151,0.0
cam034_w4,152,0.0
cam034_w4,153,0.0
cam034_w4,154,0.0
cam034_w4,155,0.0
cam034_w4,156,0.003389830508474576
cam034_w4,157,0.0
cam034_w4,158,0.0
cam034_w4,159,0.0
cam034_w4,160,0.0
cam034_w4,161,0.0
cam034_w4,162,0.01440677966101695
cam034_w4,163,0.0
cam034_w4,164,0.0
cam034_w4,165,0.001694915254237288
cam034_w4,166,0.023728813559322035
cam034_w4,167,0.07966101694915254
cam034_w4,168,0.16101694915254236
cam034_w4,169,0.20847457627118643
cam034_w4,170,0.23983050847457626
cam034_w4,171,0.13559322033898305
cam034_w4,172,0.5245762711864407
cam034_w4,173,0.14491525423728813
cam034_w4,174,0.31186440677966104
cam034_w4,175,0.2076271186440678
cam034_w4,176,0.5050847457627119
cam034_w4,177,0.6059322033898306
cam034_w4,178,0.07627118644067797
cam034_w4,179,0.20254237288135593
cam034_w4,180,0.7533898305084745
cam034_w4,181,0.6305084745762712
cam034_w4,182,0.6796610169491526
cam034_w4,183,0.1016949152542373
cam034_w4,184,0.06779661016949153
cam034_w4,185,0.18898305084745762
cam034_w4,186,0.027966101694915254
cam034_w4,187,0.2059322033898305
cam034_w4,188,0.03559322033898305
cam034_w4,189,0.02288135593220339
cam034_w4,190,0.019491525423728815
cam034_w4,191,0.007627118644067797
cam034_w4,192,0.09576271186440678
cam034_w4,193,0.0
cam034_w4,194,0.0
cam034_w4,195,0.0
cam034_w4,196,0.011016949152542373
cam034_w4,197,0.06949152542372881
cam034_w4,198,0.19576271186440677
cam034_w4,199,0.001694915254237288
cam034_w4,200,0.01694915254237288
cam034_w4,201,0.007627118644067797
cam034_w4,202,0.02288135593220339
cam034_w4,203,0.01440677966101695
cam034_w4,204,0.013559322033898305
cam034_w4,205,0.0
cam034_w4,206,0.02288135593220339
cam034_w4,207,0.002542372881355932
cam034_w4,208,0.21101694915254238
cam034_w4,209,0.0
cam034_w4,210,0.10254237288135593
cam034_w4,211,0.0
cam034_w4,212,0.002542372881355932
cam034_w4,213,0.0
cam034_w4,214,0.05508474576271186
cam034_w4,215,0.06016949152542373
cam034_w4,216,0.04406779661016949
cam034_w4,217,0.007627118644067797
cam034_w4,218,0.0
cam034_w4,219,0.026271186440677965
cam034_w4,220,0.0
cam034_w4,221,0.0
cam034_w4,222,0.0
cam034_w4,223,0.0
cam034_w4,224,0.0
cam034_w4,225,0.0
cam034_w4,226,0.014992503748125937
cam034_w4,227,0.004497751124437781
cam034_w4,228,0.004497751124437781
cam034_w4,229,0.03073463268365817
cam034_w4,230,0.022488755622188907
cam034_w4,231,0.0
cam034_w4,232,0.0
cam034_w4,233,0.008245877061469266
cam034_w4,234,0.0734632683658171
cam034_w4,235,0.050974512743628186
cam034_w4,236,0.0
cam034_w4,237,0.0
cam034_w4,238,0.021739130434782608
cam034_w4,239,0.03373313343328336
cam034_w4,240,0.05697151424287856
cam034_w4,241,0.1619190404797601
cam034_w4,242,0.0014992503748125937
cam034_w4,243,0.2181409295352324
cam034_w4,244,0.2353823088455772
cam034_w4,245,0.18140929535232383
cam034_w4,246,0.25412293853073464
cam034_w4,247,0.2908545727136432
cam034_w4,248,0.13118440779610194
cam034_w4,249,0.017241379310344827
cam034_w4,250,0.08020989505247376
cam034_w4,251,0.06746626686656672
cam034_w4,252,0.04872563718140929
cam034_w4,253,0.018740629685157422
cam034_w4,254,0.03673163418290855
cam034_w4,255,0.0
cam034_w4,256,0.10119940029985007
cam034_w4,257,0.047976011994003
cam034_w4,258,0.0944527736131934
cam034_w4,259,0.05472263868065967
cam034_w4,260,0.2368815592203898
cam034_w4,261,0.01199400299850075
cam034_w4,262,0.10419790104947527
cam034_w4,263,0.12518740629685157
cam034_w4,264,0.1191904047976012
cam034_w4,265,0.2871064467766117
cam034_w4,266,0.3313343328335832
cam034_w4,267,0.12968515742128936
cam034_w4,268,0.43553223388305845
cam034_w4,269,0.2158920539730135
cam034_w4,270,0.06296851574212893
cam034_w4,271,0.05472263868065967
cam034_w4,272,0.02848575712143928
cam034_w4,273,0.047976011994003
cam034_w4,274,0.02848575712143928
cam034_w4,275,0.13043478260869565
cam034_w4,276,0.005997001499250375
cam034_w4,277,0.008995502248875561
cam034_w4,278,0.0
cam034_w4,279,0.0074962518740629685
cam034_w4,280,0.0712143928035982
cam034_w4,281,0.10869565217391304
cam034_w4,282,0.35907046476761617
cam034_w4,283,0.07496251874062969
cam034_w4,284,0.04572713643178411
cam034_w4,285,0.2128935532233883
cam034_w4,286,0.11319340329835083
cam034_w4,287,0.05847076461769116
cam034_w4,288,0.015742128935532233
cam034_w4,289,0.01649175412293853
cam034_w4,290,0.022488755622188907
cam034_w4,291,0.03823088455772114
cam034_w4,292,0.212143928035982
cam034_w4,293,0.004497751124437781
cam034_w4,294,0.022488755622188907
cam034_w4,295,0.0
cam034_w4,296,0.0037481259370314842
cam034_w4,297,0.008995502248875561
cam034_w4,298,0.03823088455772114
cam034_w4,299,0.027736131934032984
cam034_w4,300,0.0
cam034_w4,301,0.0021767522855899
cam034_w4,302,0.0008707009142359599
cam034_w4,303,0.01828471919895516
cam034_w4,304,0.00261210274270788
cam034_w4,305,0.013060513713539399
cam034_w4,306,0.05964301262516326
cam034_w4,307,0.011319111885067479
cam034_w4,308,0.022638223770134958
cam034_w4,309,0.16499782324771442
cam034_w4,310,0.012625163256421419
cam034_w4,311,0.029603831084022637
cam034_w4,312,0.0195907705703091
cam034_w4,313,0.01784936874183718
cam034_w4,314,0.013495864170657379
cam034_w4,315,0.12538093164997824
cam034_w4,316,0.08402263822377014
cam034_w4,317,0.18763604701784936
cam034_w4,318,0.09838920330866348
cam034_w4,319,0.1802350892468437
cam034_w4,320,0.10404875925119722
cam034_w4,321,0.25032651284283847
cam034_w4,322,0.2942969090117545
cam034_w4,323,0.18328254244666956
cam034_w4,324,0.15716151501959078
cam034_w4,325,0.19634305616020897
cam034_w4,326,0.26208097518502393
cam034_w4,327,0.40356987374836745
cam034_w4,328,0.348280365694384
cam034_w4,329,0.24510230735742272
cam034_w4,330,0.29647366129734437
cam034_w4,331,0.1889420983892033
cam034_w4,332,0.07009142359599478
cam034_w4,333,0.07226817588158467
cam034_w4,334,0.14845450587723116
cam034_w4,335,0.07270352633870265
cam034_w4,336,0.108837614279495
cam034_w4,337,0.04179364388332608
cam034_w4,338,0.06356116673922507
cam034_w4,339,0.021767522855899
cam034_w4,340,0.03744013931214628
cam034_w4,341,0.23987810187200698
cam034_w4,342,0.1454070526774053
cam034_w4,343,0.326948193295603
cam034_w4,344,0.04745319982585982
cam034_w4,345,0.16456247279059644
cam034_w4,346,0.2002612102742708
cam034_w4,347,0.11797997387897258
cam034_w4,348,0.22638223770134958
cam034_w4,349,0.3173704832390074
cam034_w4,350,0.23117109272964736
cam034_w4,351,0.3090988245537658
cam034_w4,352,0.10535481062255116
cam034_w4,353,0.3330430996952547
cam034_w4,354,0.03744013931214628
cam034_w4,355,0.0892468437091859
cam034_w4,356,0.04919460165433174
cam034_w4,357,0.030474531998258596
cam034_w4,358,0.05964301262516326
cam034_w4,359,0.038746190683500215
cam034_w4,360,0.07096212451023073
cam034_w4,361,0.34218545929473226
cam034_w4,362,0.2934262080975185
cam034_w4,363,0.16369177187636047
cam034_w4,364,0.04745319982585982
cam034_w4,365,0.06878537222464083
cam034_w4,366,0.0914235959947758
cam034_w4,367,0.028733130169786677
cam034_w4,368,0.051371353939921635
cam034_w4,369,0.028297779712668697
cam034_w4,370,0.0034828036569438396
cam034_w4,371,0.013931214627775359
cam034_w4,372,0.0348280365694384
cam034_w4,373,0.14148889856334348
cam034_w4,374,0.06878537222464083
cam034_w4,375,0.26817588158467565
cam034_w5,1,0.0
cam034_w5,2,0.0
cam034_w5,3,0.0
cam034_w5,4,0.0
cam034_w5,5,0.0
cam034_w5,6,0.0
cam034_w5,7,0.0
cam034_w5,8,0.0
cam034_w5,9,0.0
cam034_w5,10,0.0
cam034_w5,11,0.0
cam034_w5,12,0.026282853566958697
cam034_w5,13,0.0
cam034_w5,14,0.0018773466833541927
cam034_w5,15,0.0
cam034_w5,16,0.0018773466833541927
cam034_w5,17,0.0012515644555694619
cam034_w5,18,0.0625782227784731
cam034_w5,19,0.02690863579474343
cam034_w5,20,0.0
cam034_w5,21,0.15644555694618273
cam034_w5,22,0.04818523153942428
cam034_w5,23,0.0025031289111389237
cam034_w5,24,0.02252816020025031
cam034_w5,25,0.0037546933667083854
cam034_w5,26,0.015018773466833541
cam034_w5,27,0.004380475594493116
cam034_w5,28,0.015018773466833541
cam034_w5,29,0.07133917396745933
cam034_w5,30,0.07759699624530664
cam034_w5,31,0.2596996245306633
cam034_w5,32,0.17521902377972465
cam034_w5,33,0.04943679599499374
cam034_w5,34,0.03754693366708386
cam034_w5,35,0.03504380475594493
cam034_w5,36,0.0
cam034_w5,37,0.0
cam034_w5,38,0.008135168961201502
cam034_w5,39,0.07446808510638298
cam034_w5,40,0.2309136420525657
cam034_w5,41,0.2146433041301627
cam034_w5,42,0.08322903629536921
cam034_w5,43,0.03504380475594493
cam034_w5,44,0.15894868585732166
cam034_w5,45,0.18961201501877348
cam034_w5,46,0.17897371714643304
cam034_w5,47,0.1095118898623279
cam034_w5,48,0.04505632040050062
cam034_w5,49,0.18272841051314143
cam034_w5,50,0.14267834793491865
cam034_w5,51,0.08635794743429287
cam034_w5,52,0.07759699624530664
cam034_w5,53,0.4405506883604506
cam034_w5,54,0.285982478097622
cam034_w5,55,0.4499374217772215
cam034_w5,56,0.3685857321652065
cam034_w5,57,0.2327909887359199
cam034_w5,58,0.40425531914893614
cam034_w5,59,0.0969962453066333
cam034_w5,60,0.010012515644555695
cam034_w5,61,0.0031289111389236545
cam034_w5,62,0.016896120150187734
cam034_w5,63,0.09824780976220275
cam034_w5,64,0.06570713391739674
cam034_w5,65,0.04505632040050062
cam034_w5,66,0.057571964956195244
cam034_w5,67,0.041927409261576974
cam034_w5,68,0.007509386733416771
cam034_w5,69,0.0851063829787234
cam034_w5,70,0.041927409261576974
cam034_w5,71,0.0
cam034_w5,72,0.0018773466833541927
cam034_w5,73,0.007509386733416771
cam034_w5,74,0.0
cam034_w5,75,0.0
cam034_w5,76,0.0
cam034_w5,77,0.0
cam034_w5,78,0.0
cam034_w5,79,0.0
cam034_w5,80,0.0
cam034_w5,81,0.0
cam034_w5,82,0.0
cam034_w5,83,0.0
cam034_w5,84,0.0
cam034_w5,85,0.0
cam034_w5,86,0.0
cam034_w5,87,0.0
cam034_w5,88,0.0
cam034_w5,89,0.11499148211243612
cam034_w5,90,0.5059625212947189
cam034_w5,91,0.17546848381601363
cam034_w5,92,0.0
cam034_w5,93,0.027257240204429302
cam034_w5,94,0.030664395229982964
cam034_w5,95,0.0
cam034_w5,96,0.05536626916524702
cam034_w5,97,0.49148211243611584
cam034_w5,98,0.454855195911414
cam034_w5,99,0.2666098807495741
cam034_w5,100,0.6873935264054515
cam034_w5,101,0.5059625212947189
cam034_w5,102,0.38245315161839866
cam034_w5,103,0.8373083475298126
cam034_w5,104,0.33475298126064734
cam034_w5,105,0.7189097103918228
cam034_w5,106,0.9880749574105622
cam034_w5,107,0.9301533219761499
cam034_w5,108,0.8126064735945485
cam034_w5,109,0.434412265758092
cam034_w5,110,0.3321976149914821
cam034_w5,111,0.09454855195911414
cam034_w5,112,0.23253833049403747
cam034_w5,113,0.2342419080068143
cam034_w5,114,0.2879045996592845
cam034_w5,115,0.47700170357751276
cam034_w5,116,0.5894378194207837
cam034_w5,117,0.7589437819420783
cam034_w5,118,0.6490630323679727
cam034_w5,119,0.3364565587734242
cam034_w5,120,0.7836456558773425
cam034_w5,121,0.25298126064735943
cam034_w5,122,0.2972742759795571
cam034_w5,123,1.0
cam034_w5,124,0.11243611584327087
cam034_w5,125,0.3228279386712095
cam034_w5,126,0.8739352640545145
cam034_w5,127,0.782793867120954
cam034_w5,128,0.14480408858603067
cam034_w5,129,0.14821124361158433
cam034_w5,130,0.3270868824531516
cam034_w5,131,0.5051107325383305
cam034_w5,132,0.0
cam034_w5,133,0.0
cam034_w5,134,0.0
cam034_w5,135,0.005110732538330494
cam034_w5,136,0.0
cam034_w5,137,0.0008517887563884157
cam034_w5,138,0.0
cam034_w5,139,0.0
cam034_w5,140,0.0
cam034_w5,141,0.06047700170357751
cam034_w5,142,0.009369676320272573
cam034_w5,143,0.059625212947189095
cam034_w5,144,0.0068143100511073255
cam034_w5,145,0.0
cam034_w5,146,0.0
cam034_w5,147,0.0
cam034_w5,148,0.0
cam034_w5,149,0.0
cam034_w5,150,0.0
cam034_w5,151,0.0
cam034_w5,152,0.0
cam034_w5,153,0.0
cam034_w5,154,0.0
cam034_w5,155,0.0
cam034_w5,156,0.012006861063464836
cam034_w5,157,0.0
cam034_w5,158,0.0
cam034_w5,159,0.006003430531732418
cam034_w5,160,0.02144082332761578
cam034_w5,161,0.030017152658662092
cam034_w5,162,0.003430531732418525
cam034_w5,163,0.0
cam034_w5,164,0.026586620926243566
cam034_w5,165,0.005145797598627788
cam034_w5,166,0.032590051457975985
cam034_w5,167,0.10463121783876501
cam034_w5,168,0.024871355060034305
cam034_w5,169,0.0548885077186964
cam034_w5,170,0.06946826758147513
cam034_w5,171,0.2358490566037736
cam034_w5,172,0.12950257289879932
cam034_w5,173,0.2195540308747856
cam034_w5,174,0.010291595197255575
cam034_w5,175,0.19382504288164665
cam034_w5,176,0.12178387650085763
cam034_w5,177,0.08490566037735849
cam034_w5,178,0.27958833619210977
cam034_w5,179,0.40308747855917665
cam034_w5,180,0.4716981132075472
cam034_w5,181,0.07804459691252144
cam034_w5,182,0.06174957118353345
cam034_w5,183,0.17667238421955403
cam034_w5,184,0.060034305317324184
cam034_w5,185,0.1260720411663808
cam034_w5,186,0.11406518010291596
cam034_w5,187,0.25900514579759865
cam034_w5,188,0.15523156089193826
cam034_w5,189,0.20411663807890223
cam034_w5,190,0.08662092624356775
cam034_w5,191,0.0548885077186964
cam034_w5,192,0.057461406518010294
cam034_w5,193,0.5343053173241853
cam034_w5,194,0.008576329331046312
cam034_w5,195,0.09005145797598628
cam034_w5,196,0.1260720411663808
cam034_w5,197,0.45969125214408235
cam034_w5,198,0.22984562607204118
cam034_w5,199,0.38250428816466553
cam034_w5,200,0.4288164665523156
cam034_w5,201,0.0
cam034_w5,202,0.0
cam034_w5,203,0.0
cam034_w5,204,0.0
cam034_w5,205,0.0
cam034_w5,206,0.010291595197255575
cam034_w5,207,0.0
cam034_w5,208,0.006003430531732418
cam034_w5,209,0.024871355060034305
cam034_w5,210,0.010291595197255575
cam034_w5,211,0.015437392795883362
cam034_w5,212,0.006003430531732418
cam034_w5,213,0.01972555746140652
cam034_w5,214,0.0008576329331046312
cam034_w5,215,0.016295025728987993
cam034_w5,216,0.018867924528301886
cam034_w5,217,0.06432246998284734
cam034_w5,218,0.12864493996569468
cam034_w5,219,0.018867924528301886
cam034_w5,220,0.03687821612349914
cam034_w5,221,0.0
cam034_w5,222,0.025728987993138937
cam034_w5,223,0.0
cam034_w5,224,0.003430531732418525
cam034_w5,225,0.0
cam034_w5,226,0.0
cam034_w5,227,0.0
cam034_w5,228,0.0
cam034_w5,229,0.0
cam034_w5,230,0.002148997134670487
cam034_w5,231,0.0007163323782234957
cam034_w5,232,0.0
cam034_w5,233,0.0
cam034_w5,234,0.0
cam034_w5,235,0.004297994269340974
cam034_w5,236,0.007879656160458453
cam034_w5,237,0.002148997134670487
cam034_w5,238,0.15902578796561603
cam034_w5,239,0.11532951289398281
cam034_w5,240,0.0028653295128939827
cam034_w5,241,0.12822349570200572
cam034_w5,242,0.03796561604584527
cam034_w5,243,0.09312320916905444
cam034_w5,244,0.04727793696275072
cam034_w5,245,0.34169054441260743
cam034_w5,246,0.31017191977077363
cam034_w5,247,0.15759312320916904
cam034_w5,248,0.5308022922636103
cam034_w5,249,0.08667621776504297
cam034_w5,250,0.029369627507163324
cam034_w5,251,0.00501432664756447
cam034_w5,252,0.2170487106017192
cam034_w5,253,0.28796561604584525
cam034_w5,254,0.4713467048710602
cam034_w5,255,0.18051575931232092
cam034_w5,256,0.07163323782234957
cam034_w5,257,0.08166189111747851
cam034_w5,258,0.11389684813753581
cam034_w5,259,0.2328080229226361
cam034_w5,260,0.04083094555873926
cam034_w5,261,0.11962750716332378
cam034_w5,262,0.1296561604584527
cam034_w5,263,0.0494269340974212
cam034_w5,264,0.0164756446991404
cam034_w5,265,0.0014326647564469914
cam034_w5,266,0.022206303724928367
cam034_w5,267,0.05157593123209169
cam034_w5,268,0.07449856733524356
cam034_w5,269,0.12392550143266476
cam034_w5,270,0.030802292263610316
cam034_w5,271,0.034383954154727794
cam034_w5,272,0.07593123209169055
cam034_w5,273,0.10028653295128939
cam034_w5,274,0.04799426934097421
cam034_w5,275,0.0494269340974212
cam034_w5,276,0.009312320916905445
cam034_w5,277,0.022206303724928367
cam034_w5,278,0.02650429799426934
cam034_w5,279,0.0028653295128939827
cam034_w5,280,0.034383954154727794
cam034_w5,281,0.036532951289398284
cam034_w5,282,0.02650429799426934
cam034_w5,283,0.11389684813753581
cam034_w5,284,0.13681948424068768
cam034_w5,285,0.19340974212034384
cam034_w5,286,0.12464183381088825
cam034_w5,287,0.04871060171919771
cam034_w5,288,0.0028653295128939827
cam034_w5,289,0.06303724928366762
cam034_w5,290,0.04512893982808023
cam034_w5,291,0.034383954154727794
cam034_w5,292,0.03939828080229226
cam034_w5,293,0.03510028653295129
cam034_w5,294,0.055873925501432664
cam034_w5,295,0.055873925501432664
cam034_w5,296,0.058022922636103154
cam034_w5,297,0.04297994269340974
cam034_w5,298,0.002148997134670487
cam034_w5,299,0.0
cam034_w5,300,0.0
cam034_w5,301,0.0017391304347826088
cam034_w5,302,0.0
cam034_w5,303,0.0017391304347826088
cam034_w5,304,0.0017391304347826088
cam034_w5,305,0.0004347826086956522
cam034_w5,306,0.0013043478260869566
cam034_w5,307,0.0
cam034_w5,308,0.01565217391304348
cam034_w5,309,0.02217391304347826
cam034_w5,310,0.058260869565217394
cam034_w5,311,0.041304347826086954
cam034_w5,312,0.03782608695652174
cam034_w5,313,0.06956521739130435
cam034_w5,314,0.023478260869565216
cam034_w5,315,0.06608695652173913
cam034_w5,316,0.05304347826086957
cam034_w5,317,0.09391304347826086
cam034_w5,318,0.21695652173913044
cam034_w5,319,0.0808695652173913
cam034_w5,320,0.15782608695652173
cam034_w5,321,0.24869565217391304
cam034_w5,322,0.2604347826086956
cam034_w5,323,0.32869565217391306
cam034_w5,324,0.18521739130434783
cam034_w5,325,0.2917391304347826
cam034_w5,326,0.2647826086956522
cam034_w5,327,0.31217391304347825
cam034_w5,328,0.12
cam034_w5,329,0.034782608695652174
cam034_w5,330,0.15043478260869564
cam034_w5,331,0.03
cam034_w5,332,0.07782608695652174
cam034_w5,333,0.006956521739130435
cam034_w5,334,0.1126086956521739
cam034_w5,335,0.21695652173913044
cam034_w5,336,0.19260869565217392
cam034_w5,337,0.052608695652173916
cam034_w5,338,0.25043478260869567
cam034_w5,339,0.2530434782608696
cam034_w5,340,0.14478260869565218
cam034_w5,341,0.007391304347826087
cam034_w5,342,0.3091304347826087
cam034_w5,343,0.15304347826086956
cam034_w5,344,0.021304347826086957
cam034_w5,345,0.003043478260869565
cam034_w5,346,0.04652173913043478
cam034_w5,347,0.028695652173913042
cam034_w5,348,0.011304347826086957
cam034_w5,349,0.033478260869565214
cam034_w5,350,0.008695652173913044
cam034_w5,351,0.036521739130434785
cam034_w5,352,0.11956521739130435
cam034_w5,353,0.03304347826086956
cam034_w5,354,0.13391304347826086
cam034_w5,355,0.049565217391304345
cam034_w5,356,0.06652173913043478
cam034_w5,357,0.461304347826087
cam034_w5,358,0.22260869565217392
cam034_w5,359,0.3773913043478261
cam034_w5,360,0.17565217391304347
cam034_w5,361,0.16
cam034_w5,362,0.2091304347826087
cam034_w5,363,0.09434782608695652
cam034_w5,364,0.03826086956521739
cam034_w5,365,0.03391304347826087
cam034_w5,366,0.036521739130434785
cam034_w5,367,0.0
cam034_w5,368,0.0
cam034_w5,369,0.03173913043478261
cam034_w5,370,0.01956521739130435
cam034_w5,371,0.05521739130434783
cam034_w5,372,0.023043478260869565
cam034_w5,373,0.003043478260869565
cam034_w5,374,0.01608695652173913
cam034_w5,375,0.1
cam035_w1,1,0.0
cam035_w1,2,0.0
cam035_w1,3,0.0
cam035_w1,4,0.0
cam035_w1,5,0.0
cam035_w1,6,0.0
cam035_w1,7,0.0
cam035_w1,8,0.03722084367245657
cam035_w1,9,0.0
cam035_w1,10,0.0
cam035_w1,11,0.0
cam035_w1,12,0.0037220843672456576
cam035_w1,13,0.0
cam035_w1,14,0.0
cam035_w1,15,0.0
cam035_w1,16,0.0
cam035_w1,17,0.0
cam035_w1,18,0.0
cam035_w1,19,0.0
cam035_w1,20,0.0
cam035_w1,21,0.052109181141439205
cam035_w1,22,0.0
cam035_w1,23,0.02109181141439206
cam035_w1,24,0.1358560794044665
cam035_w1,25,0.6296526054590571
cam035_w1,26,0.37779156327543423
cam035_w1,27,0.0
cam035_w1,28,0.030397022332506202
cam035_w1,29,0.019851116625310174
cam035_w1,30,0.021712158808933003
cam035_w1,31,0.0037220843672456576
cam035_w1,32,0.0
cam035_w1,33,0.0
cam035_w1,34,0.0
cam035_w1,35,0.0012406947890818859
cam035_w1,36,0.003101736972704715
cam035_w1,37,0.0006203473945409429
cam035_w1,38,0.0024813895781637717
cam035_w1,39,0.0
cam035_w1,40,0.013647642679900745
cam035_w1,41,0.0
cam035_w1,42,0.0
cam035_w1,43,0.0
cam035_w1,44,0.015508684863523574
cam035_w1,45,0.0
cam035_w1,46,0.018610421836228287
cam035_w1,47,0.0024813895781637717
cam035_w1,48,0.028535980148883373
cam035_w1,49,0.08622828784119106
cam035_w1,50,0.3548387096774194
cam035_w1,51,0.1978908188585608
cam035_w1,52,0.31389578163771714
cam035_w1,53,0.026054590570719603
cam035_w1,54,0.07754342431761786
cam035_w1,55,0.38213399503722084
cam035_w1,56,0.06017369727047146
cam035_w1,57,0.151985111662531
cam035_w1,58,0.0006203473945409429
cam035_w1,59,0.03598014888337469
cam035_w1,60,0.02109181141439206
cam035_w1,61,0.02729528535980149
cam035_w1,62,0.14392059553349876
cam035_w1,63,0.021712158808933003
cam035_w1,64,0.1513647642679901
cam035_w1,65,0.28225806451612906
cam035_w1,66,0.10794044665012408
cam035_w1,67,0.02481389578163772
cam035_w1,68,0.12406947890818859
cam035_w1,69,0.08622828784119106
cam035_w1,70,0.014267990074441687
cam035_w1,71,0.0012406947890818859
cam035_w1,72,0.0
cam035_w1,73,0.0
cam035_w1,74,0.0
cam035_w1,75,0.0
cam035_w1,76,0.0
cam035_w1,77,0.0
cam035_w1,78,0.0
cam035_w1,79,0.0
cam035_w1,80,0.0
cam035_w1,81,0.0
cam035_w1,82,0.0
cam035_w1,83,0.0
cam035_w1,84,0.0026155187445510027
cam035_w1,85,0.0
cam035_w1,86,0.0
cam035_w1,87,0.0
cam035_w1,88,0.0
cam035_w1,89,0.004359197907585004
cam035_w1,90,0.0967741935483871
cam035_w1,91,0.04010462074978204
cam035_w1,92,0.11508282476024412
cam035_w1,93,0.0
cam035_w1,94,0.13426329555361813
cam035_w1,95,0.24934612031386225
cam035_w1,96,0.09328683522231909
cam035_w1,97,0.13687881429816914
cam035_w1,98,0.7393199651264167
cam035_w1,99,0.2083696599825632
cam035_w1,100,0.011333914559721011
cam035_w1,101,0.11159546643417612
cam035_w1,102,0.5100261551874455
cam035_w1,103,0.8151700087183958
cam035_w1,104,0.041848299912816043
cam035_w1,105,0.7637314734088928
cam035_w1,106,0.5510026155187445
cam035_w1,107,0.24847428073234526
cam035_w1,108,0.7393199651264167
cam035_w1,109,0.7323452484742807
cam035_w1,110,0.45858761987794244
cam035_w1,111,0.3077593722755013
cam035_w1,112,0.02964254577157803
cam035_w1,113,0.34437663469921537
cam035_w1,114,0.5727986050566696
cam035_w1,115,0.26852659110723626
cam035_w1,116,0.6660854402789886
cam035_w1,117,0.9407149084568439
cam035_w1,118,0.07933740191804708
cam035_w1,119,0.36355710549258935
cam035_w1,120,0.15431560592850915
cam035_w1,121,0.043591979075850044
cam035_w1,122,0.06102877070619006
cam035_w1,123,0.24847428073234526
cam035_w1,124,0.6434176111595467
cam035_w1,125,0.1020052310374891
cam035_w1,126,0.29642545771578027
cam035_w1,127,0.5727986050566696
cam035_w1,128,0.0
cam035_w1,129,0.0
cam035_w1,130,0.014821272885789015
cam035_w1,131,0.010462074978204011
cam035_w1,132,0.0
cam035_w1,133,0.0
cam035_w1,134,0.0
cam035_w1,135,0.0017436791630340018
cam035_w1,136,0.007846556233653008
cam035_w1,137,0.0
cam035_w1,138,0.0
cam035_w1,139,0.0
cam035_w1,140,0.0
cam035_w1,141,0.0
cam035_w1,142,0.0
cam035_w1,143,0.016564952048823016
cam035_w1,144,0.05143853530950305
cam035_w1,145,0.014821272885789015
cam035_w1,146,0.010462074978204011
cam035_w1,147,0.0
cam035_w1,148,0.0008718395815170009
cam035_w1,149,0.0
cam035_w1,150,0.0
cam035_w1,151,0.0
cam035_w1,152,0.0
cam035_w1,153,0.003389830508474576
cam035_w1,154,0.0
cam035_w1,155,0.007627118644067797
cam035_w1,156,0.0
cam035_w1,157,0.0
cam035_w1,158,0.0
cam035_w1,159,0.0
cam035_w1,160,0.0
cam035_w1,161,0.0
cam035_w1,162,0.0
cam035_w1,163,0.0
cam035_w1,164,0.027966101694915254
cam035_w1,165,0.0
cam035_w1,166,0.0288135593220339
cam035_w1,167,0.029661016949152543
cam035_w1,168,0.04745762711864407
cam035_w1,169,0.001694915254237288
cam035_w1,170,0.14152542372881355
cam035_w1,171,0.0576271186440678
cam035_w1,172,0.04915254237288136
cam035_w1,173,0.07542372881355933
cam035_w1,174,0.22033898305084745
cam035_w1,175,0.46271186440677964
cam035_w1,176,0.09915254237288136
cam035_w1,177,0.05677966101694915
cam035_w1,178,0.4406779661016949
cam035_w1,179,0.6135593220338983
cam035_w1,180,0.6228813559322034
cam035_w1,181,0.6915254237288135
cam035_w1,182,0.45
cam035_w1,183,0.5203389830508475
cam035_w1,184,0.33305084745762714
cam035_w1,185,0.012711864406779662
cam035_w1,186,0.04915254237288136
cam035_w1,187,0.11271186440677966
cam035_w1,188,0.25254237288135595
cam035_w1,189,0.010169491525423728
cam035_w1,190,0.03135593220338983
cam035_w1,191,0.00423728813559322
cam035_w1,192,0.14067796610169492
cam035_w1,193,0.0
cam035_w1,194,0.0
cam035_w1,195,0.06610169491525424
cam035_w1,196,0.0788135593220339
cam035_w1,197,0.059322033898305086
cam035_w1,198,0.1423728813559322
cam035_w1,199,0.03220338983050847
cam035_w1,200,0.0288135593220339
cam035_w1,201,0.007627118644067797
cam035_w1,202,0.02457627118644068
cam035_w1,203,0.002542372881355932
cam035_w1,204,0.005932203389830509
cam035_w1,205,0.005084745762711864
cam035_w1,206,0.00423728813559322
cam035_w1,207,0.0
cam035_w1,208,0.005084745762711864
cam035_w1,209,0.006779661016949152
cam035_w1,210,0.00423728813559322
cam035_w1,211,0.0
cam035_w1,212,0.005084745762711864
cam035_w1,213,0.061016949152542375
cam035_w1,214,0.02457627118644068
cam035_w1,215,0.005932203389830509
cam035_w1,216,0.04915254237288136
cam035_w1,217,0.04152542372881356
cam035_w1,218,0.022033898305084745
cam035_w1,219,0.001694915254237288
cam035_w1,220,0.005932203389830509
cam035_w1,221,0.0
cam035_w1,222,0.0
cam035_w1,223,0.0
cam035_w1,224,0.0
cam035_w1,225,0.0
cam035_w1,226,0.0
cam035_w1,227,0.0
cam035_w1,228,0.0
cam035_w1,229,0.0
cam035_w1,230,0.0014326647564469914
cam035_w1,231,0.0
cam035_w1,232,0.0
cam035_w1,233,0.0
cam035_w1,234,0.0
cam035_w1,235,0.0
cam035_w1,236,0.0
cam035_w1,237,0.0830945558739255
cam035_w1,238,0.35888252148997135
cam035_w1,239,0.036532951289398284
cam035_w1,240,0.04369627507163324
cam035_w1,241,0.05945558739255014
cam035_w1,242,0.17191977077363896
cam035_w1,243,0.21060171919770773
cam035_w1,244,0.01790830945558739
cam035_w1,245,0.09598853868194843
cam035_w1,246,0.22206303724928367
cam035_w1,247,0.23853868194842406
cam035_w1,248,0.34885386819484243
cam035_w1,249,0.25716332378223494
cam035_w1,250,0.062320916905444126
cam035_w1,251,0.17621776504297995
cam035_w1,252,0.0659025787965616
cam035_w1,253,0.44269340974212035
cam035_w1,254,0.0014326647564469914
cam035_w1,255,0.009312320916905445
cam035_w1,256,0.1017191977077364
cam035_w1,257,0.248567335243553
cam035_w1,258,0.3438395415472779
cam035_w1,259,0.19412607449856734
cam035_w1,260,0.15616045845272206
cam035_w1,261,0.06160458452722063
cam035_w1,262,0.332378223495702
cam035_w1,263,0.23638968481375358
cam035_w1,264,0.4061604584527221
cam035_w1,265,0.30515759312320917
cam035_w1,266,0.05730659025787966
cam035_w1,267,0.029369627507163324
cam035_w1,268,0.02005730659025788
cam035_w1,269,0.06303724928366762
cam035_w1,270,0.019340974212034383
cam035_w1,271,0.058022922636103154
cam035_w1,272,0.0007163323782234957
cam035_w1,273,0.027220630372492838
cam035_w1,274,0.015759312320916905
cam035_w1,275,0.0028653295128939827
cam035_w1,276,0.0071633237822349575
cam035_w1,277,0.0164756446991404
cam035_w1,278,0.01504297994269341
cam035_w1,279,0.013610315186246419
cam035_w1,280,0.022922636103151862
cam035_w1,281,0.0071633237822349575
cam035_w1,282,0.020773638968481375
cam035_w1,283,0.02865329512893983
cam035_w1,284,0.08810888252148998
cam035_w1,285,0.013610315186246419
cam035_w1,286,0.050143266475644696
cam035_w1,287,0.008595988538681949
cam035_w1,288,0.0164756446991404
cam035_w1,289,0.034383954154727794
cam035_w1,290,0.008595988538681949
cam035_w1,291,0.030802292263610316
cam035_w1,292,0.013610315186246419
cam035_w1,293,0.03868194842406877
cam035_w1,294,0.14684813753581663
cam035_w1,295,0.009312320916905445
cam035_w1,296,0.02148997134670487
cam035_w1,297,0.013610315186246419
cam035_w1,298,0.00501432664756447
cam035_w1,299,0.0071633237822349575
cam035_w1,300,0.0
cam035_w1,301,0.0
cam035_w1,302,0.0
cam035_w1,303,0.0
cam035_w1,304,0.0017368649587494573
cam035_w1,305,0.0
cam035_w1,306,0.0021710811984368217
cam035_w1,307,0.0
cam035_w1,308,0.0
cam035_w1,309,0.0039079461571862786
cam035_w1,310,0.004342162396873643
cam035_w1,311,0.0021710811984368217
cam035_w1,312,0.04125054277029961
cam035_w1,313,0.03734259661311333
cam035_w1,314,0.08250108554059922
cam035_w1,315,0.08293530178028659
cam035_w1,316,0.05123751628310899
cam035_w1,317,0.1532783326096396
cam035_w1,318,0.22666087711680416
cam035_w1,319,0.06382978723404255
cam035_w1,320,0.08554059921841077
cam035_w1,321,0.07511940946591403
cam035_w1,322,0.06773773339122884
cam035_w1,323,0.04125054277029961
cam035_w1,324,0.0039079461571862786
cam035_w1,325,0.08467216673903603
cam035_w1,326,0.05167173252279635
cam035_w1,327,0.10160660008684325
cam035_w1,328,0.09769865392965697
cam035_w1,329,0.1107251411202779
cam035_w1,330,0.35692574902301344
cam035_w1,331,0.5036908380373426
cam035_w1,332,0.5722970039079461
cam035_w1,333,0.4915327833260964
cam035_w1,334,0.5084672166739036
cam035_w1,335,0.19973947025618757
cam035_w1,336,0.09031697785497178
cam035_w1,337,0.013460703430308293
cam035_w1,338,0.04819800260529744
cam035_w1,339,0.06556665219279201
cam035_w1,340,0.09465914025184542
cam035_w1,341,0.15631784628745116
cam035_w1,342,0.15979157620495008
cam035_w1,343,0.1471993052540165
cam035_w1,344,0.23187147199305255
cam035_w1,345,0.057316543638732086
cam035_w1,346,0.1389491966999566
cam035_w1,347,0.07164567954841511
cam035_w1,348,0.06556665219279201
cam035_w1,349,0.07077724706904039
cam035_w1,350,0.07511940946591403
cam035_w1,351,0.04993486756404689
cam035_w1,352,0.05557967867998263
cam035_w1,353,0.41641337386018235
cam035_w1,354,0.13808076422058185
cam035_w1,355,0.20234476769431176
cam035_w1,356,0.182370820668693
cam035_w1,357,0.5275727312201476
cam035_w1,358,0.5002171081198437
cam035_w1,359,0.17238384715588362
cam035_w1,360,0.05036908380373426
cam035_w1,361,0.03690838037342597
cam035_w1,362,0.01997394702561876
cam035_w1,363,0.11550151975683891
cam035_w1,364,0.03994789405123752
cam035_w1,365,0.07946157186278767
cam035_w1,366,0.07859313938341293
cam035_w1,367,0.05167173252279635
cam035_w1,368,0.0243161094224924
cam035_w1,369,0.08250108554059922
cam035_w1,370,0.08858011289622232
cam035_w1,371,0.07207989578810248
cam035_w1,372,0.07859313938341293
cam035_w1,373,0.22839774207555363
cam035_w1,374,0.3017802865827182
cam035_w1,375,0.006947459834997829
cam035_w5,1,0.0
cam035_w5,2,0.0
cam035_w5,3,0.0
cam035_w5,4,0.11641791044776119
cam035_w5,5,0.0764179104477612
cam035_w5,6,0.0
cam035_w5,7,0.0
cam035_w5,8,0.0
cam035_w5,9,0.0
cam035_w5,10,0.15641791044776118
cam035_w5,11,0.1391044776119403
cam035_w5,12,0.0
cam035_w5,13,0.2591044776119403
cam035_w5,14,0.011940298507462687
cam035_w5,15,0.0
cam035_w5,16,0.0
cam035_w5,17,0.13432835820895522
cam035_w5,18,0.1582089552238806
cam035_w5,19,0.5617910447761194
cam035_w5,20,0.02447761194029851
cam035_w5,21,0.6626865671641791
cam035_w5,22,0.15223880597014924
cam035_w5,23,0.8632835820895522
cam035_w5,24,0.8119402985074626
cam035_w5,25,0.5964179104477612
cam035_w5,26,0.49074626865671644
cam035_w5,27,0.11761194029850747
cam035_w5,28,0.004776119402985075
cam035_w5,29,0.42268656716417913
cam035_w5,30,0.0
cam035_w5,31,0.0
cam035_w5,32,0.0
cam035_w5,33,0.0023880597014925373
cam035_w5,34,0.0
cam035_w5,35,0.005970149253731343
cam035_w5,36,0.005373134328358209
cam035_w5,37,0.0382089552238806
cam035_w5,38,0.0029850746268656717
cam035_w5,39,0.023880597014925373
cam035_w5,40,0.001791044776119403
cam035_w5,41,0.003582089552238806
cam035_w5,42,0.056716417910447764
cam035_w5,43,0.0
cam035_w5,44,0.006567164179104477
cam035_w5,45,0.02447761194029851
cam035_w5,46,0.041791044776119404
cam035_w5,47,0.014925373134328358
cam035_w5,48,0.03582089552238806
cam035_w5,49,0.15522388059701492
cam035_w5,50,0.051940298507462686
cam035_w5,51,0.32477611940298506
cam035_w5,52,0.2859701492537313
cam035_w5,53,0.462089552238806
cam035_w5,54,0.0
cam035_w5,55,0.0
cam035_w5,56,0.0
cam035_w5,57,0.0
cam035_w5,58,0.0
cam035_w5,59,0.0
cam035_w5,60,0.0011940298507462687
cam035_w5,61,0.006567164179104477
cam035_w5,62,0.001791044776119403
cam035_w5,63,0.0
cam035_w5,64,0.0
cam035_w5,65,0.0
cam035_w5,66,0.0
cam035_w5,67,0.00417910447761194
cam035_w5,68,0.023283582089552238
cam035_w5,69,0.042388059701492536
cam035_w5,70,0.037014925373134326
cam035_w5,71,0.01671641791044776
cam035_w5,72,0.0
cam035_w5,73,0.0
cam035_w5,74,0.0
cam035_w5,75,0.0
cam035_w5,76,0.0
cam035_w5,77,0.0
cam035_w5,78,0.0
cam035_w5,79,0.0
cam035_w5,80,0.0
cam035_w5,81,0.0
cam035_w5,82,0.0
cam035_w5,83,0.0
cam035_w5,84,0.0
cam035_w5,85,0.0
cam035_w5,86,0.0
cam035_w5,87,0.013733905579399141
cam035_w5,88,0.004291845493562232
cam035_w5,89,0.026609442060085836
cam035_w5,90,0.0
cam035_w5,91,0.0
cam035_w5,92,0.054935622317596564
cam035_w5,93,0.0034334763948497852
cam035_w5,94,0.01201716738197425
cam035_w5,95,0.017167381974248927
cam035_w5,96,0.18283261802575107
cam035_w5,97,0.1648068669527897
cam035_w5,98,0.3622317596566524
cam035_w5,99,0.3201716738197425
cam035_w5,100,0.4309012875536481
cam035_w5,101,0.0927038626609442
cam035_w5,102,0.13047210300429185
cam035_w5,103,0.39141630901287555
cam035_w5,104,0.08755364806866953
cam035_w5,105,0.1682403433476395
cam035_w5,106,0.5553648068669528
cam035_w5,107,0.4223175965665236
cam035_w5,108,0.026609442060085836
cam035_w5,109,0.18283261802575107
cam035_w5,110,0.30815450643776826
cam035_w5,111,0.22746781115879827
cam035_w5,112,0.22918454935622318
cam035_w5,113,0.4128755364806867
cam035_w5,114,0.5133047210300429
cam035_w5,115,0.582832618025751
cam035_w5,116,0.26180257510729615
cam035_w5,117,0.4918454935622318
cam035_w5,118,0.2497854077253219
cam035_w5,119,0.534763948497854
cam035_w5,120,0.6798283261802575
cam035_w5,121,0.5072961373390558
cam035_w5,122,0.688412017167382
cam035_w5,123,0.7278969957081545
cam035_w5,124,0.32274678111587984
cam035_w5,125,0.26609442060085836
cam035_w5,126,0.23433476394849787
cam035_w5,127,0.1536480686695279
cam035_w5,128,0.5236051502145923
cam035_w5,129,0.1424892703862661
cam035_w5,130,0.04206008583690987
cam035_w5,131,0.14163090128755365
cam035_w5,132,0.2223175965665236
cam035_w5,133,0.04978540772532189
cam035_w5,134,0.1811158798283262
cam035_w5,135,0.004291845493562232
cam035_w5,136,0.06609442060085836
cam035_w5,137,0.1630901287553648
cam035_w5,138,0.011158798283261802
cam035_w5,139,0.1648068669527897
cam035_w5,140,0.08326180257510729
cam035_w5,141,0.0
cam035_w5,142,0.0463519313304721
cam035_w5,143,0.07811158798283262
cam035_w5,144,0.2506437768240343
cam035_w5,145,0.19570815450643778
cam035_w5,146,0.02575107296137339
cam035_w5,147,0.008583690987124463
cam035_w5,148,0.0017167381974248926
cam035_w5,149,0.03690987124463519
cam035_w5,150,0.0
cam035_w5,151,0.0
cam035_w5,152,0.0
cam035_w5,153,0.0
cam035_w5,154,0.0
cam035_w5,155,0.0
cam035_w5,156,0.0
cam035_w5,157,0.01488833746898263
cam035_w5,158,0.008271298593879239
cam035_w5,159,0.0
cam035_w5,160,0.03391232423490488
cam035_w5,161,0.0033085194375516956
cam035_w5,162,0.0041356492969396195
cam035_w5,163,0.0
cam035_w5,164,0.0
cam035_w5,165,0.0
cam035_w5,166,0.0
cam035_w5,167,0.0033085194375516956
cam035_w5,168,0.016542597187758478
cam035_w5,169,0.0033085194375516956
cam035_w5,170,0.028949545078577336
cam035_w5,171,0.2787427626137304
cam035_w5,172,0.2944582299421009
cam035_w5,173,0.38875103391232424
cam035_w5,174,0.5947063688999172
cam035_w5,175,0.3110008271298594
cam035_w5,176,0.030603804797353185
cam035_w5,177,0.10173697270471464
cam035_w5,178,0.3763440860215054
cam035_w5,179,0.8072787427626137
cam035_w5,180,0.6782464846980976
cam035_w5,181,0.8138957816377171
cam035_w5,182,0.7005789909015715
cam035_w5,183,0.3416046319272126
cam035_w5,184,0.08023159636062861
cam035_w5,185,0.23325062034739455
cam035_w5,186,0.5293631100082713
cam035_w5,187,0.1968569065343259
cam035_w5,188,0.03722084367245657
cam035_w5,189,0.04052936311000827
cam035_w5,190,0.05707196029776675
cam035_w5,191,0.0794044665012407
cam035_w5,192,0.0
cam035_w5,193,0.03143093465674111
cam035_w5,194,0.06368899917287014
cam035_w5,195,0.04714640198511166
cam035_w5,196,0.12406947890818859
cam035_w5,197,0.02564102564102564
cam035_w5,198,0.004962779156327543
cam035_w5,199,0.06865177832919768
cam035_w5,200,0.14557485525227462
cam035_w5,201,0.005789909015715467
cam035_w5,202,0.06865177832919768
cam035_w5,203,0.008271298593879239
cam035_w5,204,0.15384615384615385
cam035_w5,205,0.016542597187758478
cam035_w5,206,0.0
cam035_w5,207,0.03391232423490488
cam035_w5,208,0.0041356492969396195
cam035_w5,209,0.08023159636062861
cam035_w5,210,0.09263854425144748
cam035_w5,211,0.076095947063689
cam035_w5,212,0.010752688172043012
cam035_w5,213,0.026468155500413565
cam035_w5,214,0.06286186931348221
cam035_w5,215,0.015715467328370553
cam035_w5,216,0.08519437551695616
cam035_w5,217,0.4400330851943755
cam035_w5,218,0.0380479735318445
cam035_w5,219,0.065343258891646
cam035_w5,220,0.04880066170388751
cam035_w5,221,0.01240694789081886
cam035_w5,222,0.010752688172043012
cam035_w5,223,0.0
cam035_w5,224,0.004962779156327543
cam035_w5,225,0.0
cam035_w5,226,0.0
cam035_w5,227,0.0
cam035_w5,228,0.0
cam035_w5,229,0.01226158038147139
cam035_w5,230,0.013623978201634877
cam035_w5,231,0.0170299727520436
cam035_w5,232,0.0
cam035_w5,233,0.0
cam035_w5,234,0.021798365122615803
cam035_w5,235,0.10013623978201634
cam035_w5,236,0.19005449591280654
cam035_w5,237,0.042915531335149866
cam035_w5,238,0.35013623978201636
cam035_w5,239,0.2970027247956403
cam035_w5,240,0.3412806539509537
cam035_w5,241,0.3801089918256131
cam035_w5,242,0.4904632152588556
cam035_w5,243,0.30926430517711173
cam035_w5,244,0.17302452316076294
cam035_w5,245,0.4359673024523161
cam035_w5,246,0.20027247956403268
cam035_w5,247,0.07356948228882834
cam035_w5,248,0.043596730245231606
cam035_w5,249,0.21321525885558584
cam035_w5,250,0.23365122615803816
cam035_w5,251,0.20367847411444143
cam035_w5,252,0.05108991825613079
cam035_w5,253,0.10831062670299728
cam035_w5,254,0.23228882833787465
cam035_w5,255,0.4768392370572207
cam035_w5,256,0.3930517711171662
cam035_w5,257,0.3991825613079019
cam035_w5,258,0.33446866485013627
cam035_w5,259,0.04087193460490463
cam035_w5,260,0.04155313351498638
cam035_w5,261,0.025885558583106268
cam035_w5,262,0.10762942779291552
cam035_w5,263,0.04564032697547684
cam035_w5,264,0.007493188010899182
cam035_w5,265,0.0027247956403269754
cam035_w5,266,0.010217983651226158
cam035_w5,267,0.02656675749318801
cam035_w5,268,0.020435967302452316
cam035_w5,269,0.031335149863760216
cam035_w5,270,0.2186648501362398
cam035_w5,271,0.14305177111716622
cam035_w5,272,0.14032697547683923
cam035_w5,273,0.20095367847411444
cam035_w5,274,0.20027247956403268
cam035_w5,275,0.020435967302452316
cam035_w5,276,0.008855585831062671
cam035_w5,277,0.011580381471389645
cam035_w5,278,0.06267029972752043
cam035_w5,279,0.08651226158038147
cam035_w5,280,0.0170299727520436
cam035_w5,281,0.019754768392370572
cam035_w5,282,0.07084468664850137
cam035_w5,283,0.08923705722070845
cam035_w5,284,0.13283378746594005
cam035_w5,285,0.33242506811989103
cam035_w5,286,0.23841961852861035
cam035_w5,287,0.05858310626702997
cam035_w5,288,0.029291553133514985
cam035_w5,289,0.030653950953678476
cam035_w5,290,0.08514986376021798
cam035_w5,291,0.0020435967302452314
cam035_w5,292,0.018392370572207085
cam035_w5,293,0.08923705722070845
cam035_w5,294,0.0776566757493188
cam035_w5,295,0.04427792915531335
cam035_w5,296,0.05653950953678474
cam035_w5,297,0.0027247956403269754
cam035_w5,298,0.01907356948228883
cam035_w5,299,0.010899182561307902
cam035_w5,300,0.0
cam035_w5,301,0.0
cam035_w5,302,0.0
cam035_w5,303,0.0
cam035_w5,304,0.0
cam035_w5,305,0.0
cam035_w5,306,0.0030742204655248135
cam035_w5,307,0.000878348704435661
cam035_w5,308,0.0
cam035_w5,309,0.007905138339920948
cam035_w5,310,0.006587615283267457
cam035_w5,311,0.0
cam035_w5,312,0.028985507246376812
cam035_w5,313,0.029863855950812472
cam035_w5,314,0.004830917874396135
cam035_w5,315,0.024593763724198508
cam035_w5,316,0.048748353096179184
cam035_w5,317,0.03557312252964427
cam035_w5,318,0.04040404040404041
cam035_w5,319,0.1225296442687747
cam035_w5,320,0.152832674571805
cam035_w5,321,0.17918313570487485
cam035_w5,322,0.26745718050065875
cam035_w5,323,0.2867808519982433
cam035_w5,324,0.02766798418972332
cam035_w5,325,0.056214317083882304
cam035_w5,326,0.13482652613087395
cam035_w5,327,0.05577514273166447
cam035_w5,328,0.07861220904699165
cam035_w5,329,0.061484409310496264
cam035_w5,330,0.014931927975406236
cam035_w5,331,0.07378129117259552
cam035_w5,332,0.1080368906455863
cam035_w5,333,0.2393500219587176
cam035_w5,334,0.14448836187966624
cam035_w5,335,0.19060166886253843
cam035_w5,336,0.10847606499780413
cam035_w5,337,0.2437417654808959
cam035_w5,338,0.24022837066315328
cam035_w5,339,0.3100570926657883
cam035_w5,340,0.5862977602108037
cam035_w5,341,0.09749670619235837
cam035_w5,342,0.14448836187966624
cam035_w5,343,0.1857707509881423
cam035_w5,344,0.328941589811155
cam035_w5,345,0.24286341677646026
cam035_w5,346,0.2577953447518665
cam035_w5,347,0.23144488361879667
cam035_w5,348,0.27887571365832237
cam035_w5,349,0.45147123407992973
cam035_w5,350,0.178743961352657
cam035_w5,351,0.07246376811594203
cam035_w5,352,0.08256477821695213
cam035_w5,353,0.14756258234519104
cam035_w5,354,0.21387790953008345
cam035_w5,355,0.2450592885375494
cam035_w5,356,0.3184014053579271
cam035_w5,357,0.20685111989459815
cam035_w5,358,0.3069828722002635
cam035_w5,359,0.5243741765480896
cam035_w5,360,0.4268774703557312
cam035_w5,361,0.4440052700922266
cam035_w5,362,0.21958717610891523
cam035_w5,363,0.33377250768555117
cam035_w5,364,0.0764163372859025
cam035_w5,365,0.1717171717171717
cam035_w5,366,0.05665349143610013
cam035_w5,367,0.032059727711901624
cam035_w5,368,0.021080368906455864
cam035_w5,369,0.03864734299516908
cam035_w5,370,0.05753184014053579
cam035_w5,371,0.006148440931049627
cam035_w5,372,0.033816425120772944
cam035_w5,373,0.1712779973649539
cam035_w5,374,0.31225296442687744
cam035_w5,375,0.44224857268335527
cam036_w1,1,0.0
cam036_w1,2,0.0
cam036_w1,3,0.0
cam036_w1,4,0.004833836858006042
cam036_w1,5,0.06042296072507553
cam036_w1,6,0.006646525679758308
cam036_w1,7,0.2229607250755287
cam036_w1,8,0.012084592145015106
cam036_w1,9,0.0006042296072507553
cam036_w1,10,0.0
cam036_w1,11,0.02175226586102719
cam036_w1,12,0.02175226586102719
cam036_w1,13,0.07371601208459215
cam036_w1,14,0.08821752265861027
cam036_w1,15,0.0688821752265861
cam036_w1,16,0.21691842900302113
cam036_w1,17,0.18731117824773413
cam036_w1,18,0.0
cam036_w1,19,0.0
cam036_w1,20,0.0006042296072507553
cam036_w1,21,0.10332326283987915
cam036_w1,22,0.34078549848942596
cam036_w1,23,0.28036253776435044
cam036_w1,24,0.6229607250755287
cam036_w1,25,0.3619335347432024
cam036_w1,26,0.5450151057401813
cam036_w1,27,0.045317220543806644
cam036_w1,28,0.01812688821752266
cam036_w1,29,0.07190332326283988
cam036_w1,30,0.01027190332326284
cam036_w1,31,0.004833836858006042
cam036_w1,32,0.016918429003021148
cam036_w1,33,0.06948640483383686
cam036_w1,34,0.04471299093655589
cam036_w1,35,0.022960725075528703
cam036_w1,36,0.002416918429003021
cam036_w1,37,0.04229607250755287
cam036_w1,38,0.14924471299093656
cam036_w1,39,0.07069486404833837
cam036_w1,40,0.20060422960725074
cam036_w1,41,0.03987915407854985
cam036_w1,42,0.09184290030211481
cam036_w1,43,0.06163141993957704
cam036_w1,44,0.2459214501510574
cam036_w1,45,0.4610271903323263
cam036_w1,46,0.056797583081571
cam036_w1,47,0.16132930513595167
cam036_w1,48,0.07854984894259819
cam036_w1,49,0.08277945619335347
cam036_w1,50,0.5764350453172206
cam036_w1,51,0.2791540785498489
cam036_w1,52,0.2326283987915408
cam036_w1,53,0.22779456193353476
cam036_w1,54,0.2084592145015106
cam036_w1,55,0.2525679758308157
cam036_w1,56,0.3341389728096677
cam036_w1,57,0.3057401812688822
cam036_w1,58,0.30634441087613296
cam036_w1,59,0.30996978851963747
cam036_w1,60,0.37643504531722055
cam036_w1,61,0.42658610271903324
cam036_w1,62,0.6749244712990936
cam036_w1,63,0.5993957703927493
cam036_w1,64,0.15347432024169183
cam036_w1,65,0.47311178247734137
cam036_w1,66,0.25317220543806646
cam036_w1,67,0.3003021148036254
cam036_w1,68,0.1256797583081571
cam036_w1,69,0.2930513595166163
cam036_w1,70,0.042900302114803626
cam036_w1,71,0.0036253776435045317
cam036_w1,72,0.01570996978851964
cam036_w1,73,0.0
cam036_w1,74,0.0006042296072507553
cam036_w1,75,0.006646525679758308
cam036_w1,76,0.0
cam036_w1,77,0.0
cam036_w1,78,0.0
cam036_w1,79,0.0
cam036_w1,80,0.0
cam036_w1,81,0.0
cam036_w1,82,0.0
cam036_w1,83,0.0
cam036_w1,84,0.0
cam036_w1,85,0.007819287576020852
cam036_w1,86,0.0
cam036_w1,87,0.0
cam036_w1,88,0.0
cam036_w1,89,0.3110338835794961
cam036_w1,90,0.7002606429192006
cam036_w1,91,0.10078192875760209
cam036_w1,92,0.013900955690703735
cam036_w1,93,0.008688097306689836
cam036_w1,94,0.0
cam036_w1,95,0.0
cam036_w1,96,0.0
cam036_w1,97,0.0069504778453518675
cam036_w1,98,0.005212858384013901
cam036_w1,99,0.09730668983492616
cam036_w1,100,0.26672458731537796
cam036_w1,101,0.0738488271068636
cam036_w1,102,0.22675933970460468
cam036_w1,103,0.17723718505647262
cam036_w1,104,0.35708079930495223
cam036_w1,105,0.4622067767158992
cam036_w1,106,0.48740225890529976
cam036_w1,107,0.34317984361424847
cam036_w1,108,0.8635968722849696
cam036_w1,109,0.947871416159861
cam036_w1,110,0.7106863596872285
cam036_w1,111,0.8192875760208514
cam036_w1,112,0.3796698523023458
cam036_w1,113,0.2371850564726325
cam036_w1,114,0.2050390964378801
cam036_w1,115,0.474370112945265
cam036_w1,116,0.0017376194613379669
cam036_w1,117,0.016507384882710686
cam036_w1,118,0.036490008688097306
cam036_w1,119,0.16594265855777585
cam036_w1,120,0.05039096437880104
cam036_w1,121,0.004344048653344918
cam036_w1,122,0.19200695047784536
cam036_w1,123,0.5169417897480452
cam036_w1,124,0.008688097306689836
cam036_w1,125,0.04865334491746308
cam036_w1,126,0.16159860990443092
cam036_w1,127,0.21720243266724587
cam036_w1,128,0.011294526498696786
cam036_w1,129,0.046046915725456126
cam036_w1,130,0.09643788010425716
cam036_w1,131,0.05647263249348393
cam036_w1,132,0.04691572545612511
cam036_w1,133,0.04170286707211121
cam036_w1,134,0.38748913987836664
cam036_w1,135,0.046046915725456126
cam036_w1,136,0.014769765421372719
cam036_w1,137,0.0
cam036_w1,138,0.0
cam036_w1,139,0.01216333622936577
cam036_w1,140,0.0008688097306689834
cam036_w1,141,0.0017376194613379669
cam036_w1,142,0.007819287576020852
cam036_w1,143,0.0
cam036_w1,144,0.05821025195482189
cam036_w1,145,0.02519548218940052
cam036_w1,146,0.016507384882710686
cam036_w1,147,0.030408340573414423
cam036_w1,148,0.023457862728062554
cam036_w1,149,0.0034752389226759338
cam036_w1,150,0.004344048653344918
cam036_w1,151,0.0
cam036_w1,152,0.0018050541516245488
cam036_w1,153,0.0
cam036_w1,154,0.0
cam036_w1,155,0.015342960288808664
cam036_w1,156,0.009025270758122744
cam036_w1,157,0.0
cam036_w1,158,0.004512635379061372
cam036_w1,159,0.015342960288808664
cam036_w1,160,0.0
cam036_w1,161,0.0
cam036_w1,162,0.0
cam036_w1,163,0.0009025270758122744
cam036_w1,164,0.0
cam036_w1,165,0.0
cam036_w1,166,0.008122743682310469
cam036_w1,167,0.029783393501805054
cam036_w1,168,0.0018050541516245488
cam036_w1,169,0.032490974729241874
cam036_w1,170,0.0
cam036_w1,171,0.01895306859205776
cam036_w1,172,0.055054151624548735
cam036_w1,173,0.06949458483754513
cam036_w1,174,0.018050541516245487
cam036_w1,175,0.14350180505415164
cam036_w1,176,0.33844765342960287
cam036_w1,177,0.06768953068592058
cam036_w1,178,0.05956678700361011
cam036_w1,179,0.24368231046931407
cam036_w1,180,0.20667870036101083
cam036_w1,181,0.042418772563176894
cam036_w1,182,0.18411552346570398
cam036_w1,183,0.0351985559566787
cam036_w1,184,0.018050541516245487
cam036_w1,185,0.0388086642599278
cam036_w1,186,0.5938628158844765
cam036_w1,187,0.11462093862815885
cam036_w1,188,0.16335740072202165
cam036_w1,189,0.018050541516245487
cam036_w1,190,0.030685920577617327
cam036_w1,191,0.008122743682310469
cam036_w1,192,0.06227436823104693
cam036_w1,193,0.02256317689530686
cam036_w1,194,0.027978339350180504
cam036_w1,195,0.06768953068592058
cam036_w1,196,0.06859205776173286
cam036_w1,197,0.12184115523465704
cam036_w1,198,0.04332129963898917
cam036_w1,199,0.039711191335740074
cam036_w1,200,0.0351985559566787
cam036_w1,201,0.0388086642599278
cam036_w1,202,0.032490974729241874
cam036_w1,203,0.02075812274368231
cam036_w1,204,0.04963898916967509
cam036_w1,205,0.02527075812274368
cam036_w1,206,0.007220216606498195
cam036_w1,207,0.015342960288808664
cam036_w1,208,0.024368231046931407
cam036_w1,209,0.01895306859205776
cam036_w1,210,0.0
cam036_w1,211,0.011732851985559567
cam036_w1,212,0.009025270758122744
cam036_w1,213,0.0009025270758122744
cam036_w1,214,0.03429602888086643
cam036_w1,215,0.02075812274368231
cam036_w1,216,0.04332129963898917
cam036_w1,217,0.2184115523465704
cam036_w1,218,0.05776173285198556
cam036_w1,219,0.0009025270758122744
cam036_w1,220,0.015342960288808664
cam036_w1,221,0.0
cam036_w1,222,0.0
cam036_w1,223,0.019855595667870037
cam036_w1,224,0.0
cam036_w1,225,0.0
cam036_w1,226,0.0
cam036_w1,227,0.0
cam036_w1,228,0.0
cam036_w1,229,0.013303769401330377
cam036_w1,230,0.015521064301552107
cam036_w1,231,0.0
cam036_w1,232,0.0
cam036_w1,233,0.0
cam036_w1,234,0.022172949002217297
cam036_w1,235,0.010347376201034738
cam036_w1,236,0.008130081300813009
cam036_w1,237,0.0
cam036_w1,238,0.008130081300813009
cam036_w1,239,0.016999260901699925
cam036_w1,240,0.020694752402069475
cam036_w1,241,0.16851441241685144
cam036_w1,242,0.11012564671101256
cam036_w1,243,0.2180339985218034
cam036_w1,244,0.2394678492239468
cam036_w1,245,0.11825572801182557
cam036_w1,246,0.2756836659275684
cam036_w1,247,0.1581670362158167
cam036_w1,248,0.0679970436067997
cam036_w1,249,0.1973392461197339
cam036_w1,250,0.38063562453806354
cam036_w1,251,0.2032520325203252
cam036_w1,252,0.04582409460458241
cam036_w1,253,0.06356245380635625
cam036_w1,254,0.05395417590539542
cam036_w1,255,0.06134515890613452
cam036_w1,256,0.024390243902439025
cam036_w1,257,0.0029563932002956393
cam036_w1,258,0.04656319290465632
cam036_w1,259,0.011825572801182557
cam036_w1,260,0.0
cam036_w1,261,0.0
cam036_w1,262,0.03621581670362158
cam036_w1,263,0.0022172949002217295
cam036_w1,264,0.0022172949002217295
cam036_w1,265,0.03547671840354767
cam036_w1,266,0.019955654101995565
cam036_w1,267,0.008130081300813009
cam036_w1,268,0.031042128603104215
cam036_w1,269,0.014042867701404288
cam036_w1,270,0.0066518847006651885
cam036_w1,271,0.031042128603104215
cam036_w1,272,0.07243163340724317
cam036_w1,273,0.014042867701404288
cam036_w1,274,0.010347376201034738
cam036_w1,275,0.03621581670362158
cam036_w1,276,0.003695491500369549
cam036_w1,277,0.023651145602365115
cam036_w1,278,0.1123429416112343
cam036_w1,279,0.058388765705838876
cam036_w1,280,0.018477457501847747
cam036_w1,281,0.021433850702143386
cam036_w1,282,0.07390983000739099
cam036_w1,283,0.03917220990391722
cam036_w1,284,0.19290465631929046
cam036_w1,285,0.031781226903178125
cam036_w1,286,0.12121212121212122
cam036_w1,287,0.42572062084257206
cam036_w1,288,0.04360679970436068
cam036_w1,289,0.025129342202512936
cam036_w1,290,0.005173688100517369
cam036_w1,291,0.003695491500369549
cam036_w1,292,0.014042867701404288
cam036_w1,293,0.028085735402808575
cam036_w1,294,0.04951958610495196
cam036_w1,295,0.31337767923133775
cam036_w1,296,0.10125646711012565
cam036_w1,297,0.04878048780487805
cam036_w1,298,0.0
cam036_w1,299,0.012564671101256468
cam036_w1,300,0.0014781966001478197
cam036_w1,301,0.0017368649587494573
cam036_w1,302,0.0
cam036_w1,303,0.0
cam036_w1,304,0.0021710811984368217
cam036_w1,305,0.0026052974381241857
cam036_w1,306,0.0
cam036_w1,307,0.005210594876248371
cam036_w1,308,0.0
cam036_w1,309,0.010855405992184108
cam036_w1,310,0.00303951367781155
cam036_w1,311,0.008250108554059922
cam036_w1,312,0.00303951367781155
cam036_w1,313,0.0
cam036_w1,314,0.0486322188449848
cam036_w1,315,0.00911854103343465
cam036_w1,316,0.057316543638732086
cam036_w1,317,0.12158054711246201
cam036_w1,318,0.1862787668258793
cam036_w1,319,0.2275293095961789
cam036_w1,320,0.14676508901432914
cam036_w1,321,0.16456795484151107
cam036_w1,322,0.22926617455492834
cam036_w1,323,0.3347807207989579
cam036_w1,324,0.3369518019973947
cam036_w1,325,0.411202778983934
cam036_w1,326,0.20798957881024752
cam036_w1,327,0.22231871471993053
cam036_w1,328,0.17542336083369517
cam036_w1,329,0.009552757273122015
cam036_w1,330,0.0425531914893617
cam036_w1,331,0.04950065132435953
cam036_w1,332,0.055145462440295265
cam036_w1,333,0.05340859748154581
cam036_w1,334,0.02040816326530612
cam036_w1,335,0.12114633087277464
cam036_w1,336,0.11376465479808945
cam036_w1,337,0.17194963091619628
cam036_w1,338,0.1971341728180634
cam036_w1,339,0.5288753799392097
cam036_w1,340,0.3712548849326965
cam036_w1,341,0.10551454624402953
cam036_w1,342,0.3347807207989579
cam036_w1,343,0.270516717325228
cam036_w1,344,0.2349109856708641
cam036_w1,345,0.022579244463742945
cam036_w1,346,0.02301346070343031
cam036_w1,347,0.10638297872340426
cam036_w1,348,0.1389491966999566
cam036_w1,349,0.22492401215805471
cam036_w1,350,0.2166739036039948
cam036_w1,351,0.1511072514112028
cam036_w1,352,0.16239687364307426
cam036_w1,353,0.02518454190186713
cam036_w1,354,0.057750759878419454
cam036_w1,355,0.03300043421623969
cam036_w1,356,0.03994789405123752
cam036_w1,357,0.13330438558402083
cam036_w1,358,0.07121146330872774
cam036_w1,359,0.12505427702996091
cam036_w1,360,0.2214502822405558
cam036_w1,361,0.026921406860616587
cam036_w1,362,0.2857142857142857
cam036_w1,363,0.12201476335214936
cam036_w1,364,0.6213634389926184
cam036_w1,365,0.16152844116369952
cam036_w1,366,0.03517151541467651
cam036_w1,367,0.015197568389057751
cam036_w1,368,0.015197568389057751
cam036_w1,369,0.03473729917498915
cam036_w1,370,0.058184976118106815
cam036_w1,371,0.1276595744680851
cam036_w1,372,0.03430308293530178
cam036_w1,373,0.19669995657837602
cam036_w1,374,0.08380373425966131
cam036_w1,375,0.08250108554059922
cam036_w2,1,0.039081885856079406
cam036_w2,2,0.0
cam036_w2,3,0.0
cam036_w2,4,0.0
cam036_w2,5,0.02977667493796526
cam036_w2,6,0.09181141439205956
cam036_w2,7,0.05459057071960298
cam036_w2,8,0.0
cam036_w2,9,0.0024813895781637717
cam036_w2,10,0.0
cam036_w2,11,0.18300248138957817
cam036_w2,12,0.36042183622828783
cam036_w2,13,0.391439205955335
cam036_w2,14,0.3467741935483871
cam036_w2,15,0.27543424317617865
cam036_w2,16,0.2841191066997519
cam036_w2,17,0.29156327543424315
cam036_w2,18,0.005583126550868486
cam036_w2,19,0.011786600496277916
cam036_w2,20,0.0707196029776675
cam036_w2,21,0.02729528535980149
cam036_w2,22,0.05521091811414392
cam036_w2,23,0.17866004962779156
cam036_w2,24,0.37965260545905705
cam036_w2,25,0.2903225806451613
cam036_w2,26,0.01240694789081886
cam036_w2,27,0.034739454094292806
cam036_w2,28,0.6098014888337469
cam036_w2,29,0.2679900744416873
cam036_w2,30,0.47456575682382135
cam036_w2,31,0.48945409429280395
cam036_w2,32,0.4174937965260546
cam036_w2,33,0.0024813895781637717
cam036_w2,34,0.0024813895781637717
cam036_w2,35,0.0037220843672456576
cam036_w2,36,0.004342431761786601
cam036_w2,37,0.008684863523573201
cam036_w2,38,0.0012406947890818859
cam036_w2,39,0.0
cam036_w2,40,0.0018610421836228288
cam036_w2,41,0.004342431761786601
cam036_w2,42,0.019230769230769232
cam036_w2,43,0.034119106699751864
cam036_w2,44,0.015508684863523574
cam036_w2,45,0.004342431761786601
cam036_w2,46,0.05521091811414392
cam036_w2,47,0.021712158808933003
cam036_w2,48,0.03722084367245657
cam036_w2,49,0.017990074441687345
cam036_w2,50,0.02481389578163772
cam036_w2,51,0.14640198511166252
cam036_w2,52,0.05397022332506204
cam036_w2,53,0.12034739454094293
cam036_w2,54,0.05148883374689826
cam036_w2,55,0.056451612903225805
cam036_w2,56,0.16439205955334987
cam036_w2,57,0.052109181141439205
cam036_w2,58,0.03660049627791563
cam036_w2,59,0.00620347394540943
cam036_w2,60,0.02295285359801489
cam036_w2,61,0.004962779156327543
cam036_w2,62,0.017990074441687345
cam036_w2,63,0.0012406947890818859
cam036_w2,64,0.016129032258064516
cam036_w2,65,0.05521091811414392
cam036_w2,66,0.05583126550868486
cam036_w2,67,0.09553349875930521
cam036_w2,68,0.23573200992555832
cam036_w2,69,0.3393300248138958
cam036_w2,70,0.04466501240694789
cam036_w2,71,0.04590570719602978
cam036_w2,72,0.02295285359801489
cam036_w2,73,0.0
cam036_w2,74,0.0
cam036_w2,75,0.0
cam036_w2,76,0.0
cam036_w2,77,0.0
cam036_w2,78,0.0
cam036_w2,79,0.0
cam036_w2,80,0.0
cam036_w2,81,0.0
cam036_w2,82,0.0
cam036_w2,83,0.13936651583710408
cam036_w2,84,0.0
cam036_w2,85,0.1158371040723982
cam036_w2,86,0.26334841628959277
cam036_w2,87,0.18190045248868777
cam036_w2,88,0.43800904977375565
cam036_w2,89,0.058823529411764705
cam036_w2,90,0.7104072398190046
cam036_w2,91,0.4117647058823529
cam036_w2,92,0.5927601809954751
cam036_w2,93,0.04796380090497738
cam036_w2,94,0.15294117647058825
cam036_w2,95,0.7755656108597285
cam036_w2,96,0.19728506787330316
cam036_w2,97,0.3990950226244344
cam036_w2,98,0.15475113122171946
cam036_w2,99,0.05429864253393665
cam036_w2,100,0.11221719457013575
cam036_w2,101,0.1085972850678733
cam036_w2,102,0.36923076923076925
cam036_w2,103,0.571945701357466
cam036_w2,104,0.3918552036199095
cam036_w2,105,0.2742081447963801
cam036_w2,106,0.4687782805429864
cam036_w2,107,0.05067873303167421
cam036_w2,108,0.023529411764705882
cam036_w2,109,0.21357466063348415
cam036_w2,110,0.34479638009049773
cam036_w2,111,0.5122171945701357
cam036_w2,112,0.6226244343891403
cam036_w2,113,0.18552036199095023
cam036_w2,114,0.12669683257918551
cam036_w2,115,0.47692307692307695
cam036_w2,116,0.2742081447963801
cam036_w2,117,0.3764705882352941
cam036_w2,118,0.19276018099547512
cam036_w2,119,0.7891402714932126
cam036_w2,120,0.7457013574660634
cam036_w2,121,0.56289592760181
cam036_w2,122,0.7963800904977375
cam036_w2,123,0.6932126696832579
cam036_w2,124,0.5402714932126697
cam036_w2,125,0.2642533936651584
cam036_w2,126,0.4669683257918552
cam036_w2,127,0.046153846153846156
cam036_w2,128,0.02081447963800905
cam036_w2,129,0.012669683257918552
cam036_w2,130,0.00904977375565611
cam036_w2,131,0.0
cam036_w2,132,0.0
cam036_w2,133,0.0
cam036_w2,134,0.0
cam036_w2,135,0.0
cam036_w2,136,0.0
cam036_w2,137,0.006334841628959276
cam036_w2,138,0.0
cam036_w2,139,0.0036199095022624436
cam036_w2,140,0.0
cam036_w2,141,0.0
cam036_w2,142,0.08506787330316742
cam036_w2,143,0.06968325791855204
cam036_w2,144,0.008144796380090498
cam036_w2,145,0.0009049773755656109
cam036_w2,146,0.006334841628959276
cam036_w2,147,0.0
cam036_w2,148,0.0009049773755656109
cam036_w2,149,0.0
cam036_w2,150,0.0
cam036_w2,151,0.0
cam036_w2,152,0.0
cam036_w2,153,0.0
cam036_w2,154,0.0
cam036_w2,155,0.0
cam036_w2,156,0.014072119613016711
cam036_w2,157,0.0008795074758135445
cam036_w2,158,0.006156552330694811
cam036_w2,159,0.0043975373790677225
cam036_w2,160,0.001759014951627089
cam036_w2,161,0.0
cam036_w2,162,0.007036059806508356
cam036_w2,163,0.0
cam036_w2,164,0.0043975373790677225
cam036_w2,165,0.0
cam036_w2,166,0.0
cam036_w2,167,0.0
cam036_w2,168,0.02990325417766051
cam036_w2,169,0.0158311345646438
cam036_w2,170,0.0
cam036_w2,171,0.03518029903254178
cam036_w2,172,0.07563764291996482
cam036_w2,173,0.08883025505716799
cam036_w2,174,0.13984168865435356
cam036_w2,175,0.1882145998240985
cam036_w2,176,0.158311345646438
cam036_w2,177,0.41424802110817943
cam036_w2,178,0.14511873350923482
cam036_w2,179,0.6710642040457344
cam036_w2,180,0.6481970096745823
cam036_w2,181,0.6059806508355321
cam036_w2,182,0.6745822339489885
cam036_w2,183,0.4160070360598065
cam036_w2,184,0.6710642040457344
cam036_w2,185,0.5963060686015831
cam036_w2,186,0.4098504837291117
cam036_w2,187,0.46701846965699206
cam036_w2,188,0.39841688654353563
cam036_w2,189,0.06596306068601583
cam036_w2,190,0.1363236587510994
cam036_w2,191,0.02198768689533861
cam036_w2,192,0.04221635883905013
cam036_w2,193,0.0
cam036_w2,194,0.0
cam036_w2,195,0.0
cam036_w2,196,0.010554089709762533
cam036_w2,197,0.20316622691292877
cam036_w2,198,0.12401055408970976
cam036_w2,199,0.06508355321020229
cam036_w2,200,0.0079155672823219
cam036_w2,201,0.006156552330694811
cam036_w2,202,0.011433597185576077
cam036_w2,203,0.005277044854881266
cam036_w2,204,0.006156552330694811
cam036_w2,205,0.027264731750219876
cam036_w2,206,0.11873350923482849
cam036_w2,207,0.011433597185576077
cam036_w2,208,0.08970976253298153
cam036_w2,209,0.030782761653474055
cam036_w2,210,0.0158311345646438
cam036_w2,211,0.007036059806508356
cam036_w2,212,0.0043975373790677225
cam036_w2,213,0.0079155672823219
cam036_w2,214,0.0008795074758135445
cam036_w2,215,0.023746701846965697
cam036_w2,216,0.008795074758135445
cam036_w2,217,0.013192612137203167
cam036_w2,218,0.013192612137203167
cam036_w2,219,0.02198768689533861
cam036_w2,220,0.0
cam036_w2,221,0.0
cam036_w2,222,0.0
cam036_w2,223,0.0
cam036_w2,224,0.0
cam036_w2,225,0.0
cam036_w2,226,0.0
cam036_w2,227,0.0
cam036_w2,228,0.012048192771084338
cam036_w2,229,0.0
cam036_w2,230,0.0
cam036_w2,231,0.0
cam036_w2,232,0.0
cam036_w2,233,0.0
cam036_w2,234,0.0
cam036_w2,235,0.009213323883770375
cam036_w2,236,0.059532246633593196
cam036_w2,237,0.05669737774627923
cam036_w2,238,0.10630758327427356
cam036_w2,239,0.12260807937632884
cam036_w2,240,0.09922041105598867
cam036_w2,241,0.0744153082919915
cam036_w2,242,0.11693834160170093
cam036_w2,243,0.15450035435861093
cam036_w2,244,0.4578313253012048
cam036_w2,245,0.293408929836995
cam036_w2,246,0.29128277817150955
cam036_w2,247,0.3104181431608788
cam036_w2,248,0.33947554925584694
cam036_w2,249,0.41105598866052445
cam036_w2,250,0.37916371367824236
cam036_w2,251,0.6435152374202693
cam036_w2,252,0.1566265060240964
cam036_w2,253,0.10134656272147413
cam036_w2,254,0.14953933380581147
cam036_w2,255,0.14528703047484054
cam036_w2,256,0.3111268603827073
cam036_w2,257,0.6158752657689582
cam036_w2,258,0.24946846208362863
cam036_w2,259,0.009213323883770375
cam036_w2,260,0.026222537207654145
cam036_w2,261,0.0
cam036_w2,262,0.019844082211197732
cam036_w2,263,0.014174344436569808
cam036_w2,264,0.012756909992912827
cam036_w2,265,0.0517363571934798
cam036_w2,266,0.10134656272147413
cam036_w2,267,0.10985116938341602
cam036_w2,268,0.15875265768958186
cam036_w2,269,0.27143869596031184
cam036_w2,270,0.32459248759744863
cam036_w2,271,0.10134656272147413
cam036_w2,272,0.21615875265768958
cam036_w2,273,0.2218284904323175
cam036_w2,274,0.01771793054571226
cam036_w2,275,0.12189936215450035
cam036_w2,276,0.1261516654854713
cam036_w2,277,0.07016300496102056
cam036_w2,278,0.01630049610205528
cam036_w2,279,0.014883061658398299
cam036_w2,280,0.0446491849751949
cam036_w2,281,0.2898653437278526
cam036_w2,282,0.12473423104181432
cam036_w2,283,0.08788093550673282
cam036_w2,284,0.0673281360737066
cam036_w2,285,0.023387668320340185
cam036_w2,286,0.0
cam036_w2,287,0.0
cam036_w2,288,0.06945428773919206
cam036_w2,289,0.0007087172218284905
cam036_w2,290,0.003543586109142452
cam036_w2,291,0.050318922749822824
cam036_w2,292,0.06449326718639263
cam036_w2,293,0.06803685329553508
cam036_w2,294,0.05386250885896527
cam036_w2,295,0.011339475549255847
cam036_w2,296,0.0
cam036_w2,297,0.011339475549255847
cam036_w2,298,0.0
cam036_w2,299,0.0
cam036_w2,300,0.0
cam036_w2,301,0.0
cam036_w2,302,0.0
cam036_w2,303,0.0004344048653344917
cam036_w2,304,0.0
cam036_w2,305,0.0
cam036_w2,306,0.0013032145960034753
cam036_w2,307,0.0
cam036_w2,308,0.0
cam036_w2,309,0.006516072980017376
cam036_w2,310,0.014335360556038228
cam036_w2,311,0.0013032145960034753
cam036_w2,312,0.007819287576020852
cam036_w2,313,0.0008688097306689834
cam036_w2,314,0.023892267593397045
cam036_w2,315,0.009122502172024326
cam036_w2,316,0.02736750651607298
cam036_w2,317,0.011728931364031277
cam036_w2,318,0.029105125977410946
cam036_w2,319,0.06646394439617724
cam036_w2,320,0.002172024326672459
cam036_w2,321,0.02519548218940052
cam036_w2,322,0.08297132927888792
cam036_w2,323,0.08992180712423979
cam036_w2,324,0.10599478714161599
cam036_w2,325,0.2371850564726325
cam036_w2,326,0.13336229365768898
cam036_w2,327,0.263249348392702
cam036_w2,328,0.3071242397914857
cam036_w2,329,0.33970460469157254
cam036_w2,330,0.1264118158123371
cam036_w2,331,0.022589052997393572
cam036_w2,332,0.0951346655082537
cam036_w2,333,0.008688097306689836
cam036_w2,334,0.018245004344048653
cam036_w2,335,0.04821894005212858
cam036_w2,336,0.02519548218940052
cam036_w2,337,0.01216333622936577
cam036_w2,338,0.018679409209383144
cam036_w2,339,0.04257167680278019
cam036_w2,340,0.023892267593397045
cam036_w2,341,0.12510860121633363
cam036_w2,342,0.12206776715899217
cam036_w2,343,0.0
cam036_w2,344,0.008253692441355343
cam036_w2,345,0.010425716768027803
cam036_w2,346,0.03475238922675934
cam036_w2,347,0.05690703735881842
cam036_w2,348,0.02780191138140747
cam036_w2,349,0.021720243266724587
cam036_w2,350,0.08861859252823631
cam036_w2,351,0.08818418766290183
cam036_w2,352,0.18027801911381408
cam036_w2,353,0.0317115551694179
cam036_w2,354,0.05386620330147698
cam036_w2,355,0.1429192006950478
cam036_w2,356,0.04170286707211121
cam036_w2,357,0.009556907037358819
cam036_w2,358,0.11685490877497828
cam036_w2,359,0.060382276281494354
cam036_w2,360,0.08905299739357081
cam036_w2,361,0.2002606429192007
cam036_w2,362,0.1255430060816681
cam036_w2,363,0.04865334491746308
cam036_w2,364,0.03258036490008688
cam036_w2,365,0.0634231103388358
cam036_w2,366,0.07602085143353605
cam036_w2,367,0.02519548218940052
cam036_w2,368,0.023457862728062554
cam036_w2,369,0.04039965247610773
cam036_w2,370,0.053431798436142486
cam036_w2,371,0.025629887054735012
cam036_w2,372,0.058644656820156384
cam036_w2,373,0.026064291920069503
cam036_w2,374,0.0951346655082537
cam036_w2,375,0.11642050390964379
cam036_w3,1,0.045921450151057405
cam036_w3,2,0.013897280966767372
cam036_w3,3,0.0
cam036_w3,4,0.0
cam036_w3,5,0.016314199395770394
cam036_w3,6,0.19214501510574017
cam036_w3,7,0.01812688821752266
cam036_w3,8,0.12084592145015106
cam036_w3,9,0.00906344410876133
cam036_w3,10,0.0018126888217522659
cam036_w3,11,0.014501510574018127
cam036_w3,12,0.3969788519637462
cam036_w3,13,0.03444108761329305
cam036_w3,14,0.0012084592145015106
cam036_w3,15,0.34924471299093657
cam036_w3,16,0.2948640483383686
cam036_w3,17,0.659214501510574
cam036_w3,18,0.3202416918429003
cam036_w3,19,0.3848942598187311
cam036_w3,20,0.21933534743202418
cam036_w3,21,0.016918429003021148
cam036_w3,22,0.3595166163141994
cam036_w3,23,0.0012084592145015106
cam036_w3,24,0.311178247734139
cam036_w3,25,0.41812688821752264
cam036_w3,26,0.12205438066465257
cam036_w3,27,0.14018126888217522
cam036_w3,28,0.09063444108761329
cam036_w3,29,0.014501510574018127
cam036_w3,30,0.08036253776435046
cam036_w3,31,0.113595166163142
cam036_w3,32,0.09244712990936556
cam036_w3,33,0.009667673716012085
cam036_w3,34,0.1148036253776435
cam036_w3,35,0.008459214501510574
cam036_w3,36,0.03987915407854985
cam036_w3,37,0.04894259818731118
cam036_w3,38,0.3377643504531722
cam036_w3,39,0.12507552870090635
cam036_w3,40,0.28580060422960724
cam036_w3,41,0.09607250755287008
cam036_w3,42,0.08157099697885196
cam036_w3,43,0.12265861027190332
cam036_w3,44,0.01933534743202417
cam036_w3,45,0.17462235649546828
cam036_w3,46,0.09003021148036254
cam036_w3,47,0.26525679758308157
cam036_w3,48,0.056193353474320244
cam036_w3,49,0.08519637462235649
cam036_w3,50,0.07129909365558912
cam036_w3,51,0.23323262839879155
cam036_w3,52,0.4066465256797583
cam036_w3,53,0.086404833836858
cam036_w3,54,0.09123867069486405
cam036_w3,55,0.11661631419939578
cam036_w3,56,0.14622356495468278
cam036_w3,57,0.2743202416918429
cam036_w3,58,0.07854984894259819
cam036_w3,59,0.013897280966767372
cam036_w3,60,0.02054380664652568
cam036_w3,61,0.03746223564954683
cam036_w3,62,0.0283987915407855
cam036_w3,63,0.09667673716012085
cam036_w3,64,0.13353474320241693
cam036_w3,65,0.09546827794561934
cam036_w3,66,0.024773413897280966
cam036_w3,67,0.1190332326283988
cam036_w3,68,0.31540785498489426
cam036_w3,69,0.07190332326283988
cam036_w3,70,0.15709969788519637
cam036_w3,71,0.09909365558912386
cam036_w3,72,0.03202416918429003
cam036_w3,73,0.014501510574018127
cam036_w3,74,0.0
cam036_w3,75,0.0006042296072507553
cam036_w3,76,0.0
cam036_w3,77,0.0
cam036_w3,78,0.0
cam036_w3,79,0.0
cam036_w3,80,0.0
cam036_w3,81,0.0
cam036_w3,82,0.0017376194613379669
cam036_w3,83,0.0
cam036_w3,84,0.0738488271068636
cam036_w3,85,0.5933970460469157
cam036_w3,86,0.5899218071242398
cam036_w3,87,0.48566463944396177
cam036_w3,88,0.685490877497828
cam036_w3,89,0.6185925282363163
cam036_w3,90,0.05994787141615986
cam036_w3,91,0.5760208514335361
cam036_w3,92,0.1476976542137272
cam036_w3,93,0.5673327541268463
cam036_w3,94,0.6403127715030409
cam036_w3,95,0.16159860990443092
cam036_w3,96,0.6246741963509991
cam036_w3,97,0.6203301476976543
cam036_w3,98,0.3788010425716768
cam036_w3,99,0.735881841876629
cam036_w3,100,0.6959165942658557
cam036_w3,101,0.6915725456125109
cam036_w3,102,0.8045178105994787
cam036_w3,103,0.18505647263249347
cam036_w3,104,0.02432667245873154
cam036_w3,105,0.05386620330147698
cam036_w3,106,0.17549956559513466
cam036_w3,107,0.17549956559513466
cam036_w3,108,0.014769765421372719
cam036_w3,109,0.026064291920069503
cam036_w3,110,0.1789748045178106
cam036_w3,111,0.0677671589921807
cam036_w3,112,0.3214596003475239
cam036_w3,113,0.4578627280625543
cam036_w3,114,0.29192006950477845
cam036_w3,115,0.5925282363162467
cam036_w3,116,0.5212858384013901
cam036_w3,117,0.4291920069504778
cam036_w3,118,0.15638575152041703
cam036_w3,119,0.2675933970460469
cam036_w3,120,0.5551694178974804
cam036_w3,121,0.6689834926151172
cam036_w3,122,0.24500434404865334
cam036_w3,123,0.4109470026064292
cam036_w3,124,0.529105125977411
cam036_w3,125,0.4613379669852302
cam036_w3,126,0.42137271937445697
cam036_w3,127,0.19635099913119028
cam036_w3,128,0.04257167680278019
cam036_w3,129,0.15986099044309296
cam036_w3,130,0.01216333622936577
cam036_w3,131,0.007819287576020852
cam036_w3,132,0.0034752389226759338
cam036_w3,133,0.004344048653344918
cam036_w3,134,0.0
cam036_w3,135,0.0
cam036_w3,136,0.0
cam036_w3,137,0.0
cam036_w3,138,0.0008688097306689834
cam036_w3,139,0.0034752389226759338
cam036_w3,140,0.0
cam036_w3,141,0.04170286707211121
cam036_w3,142,0.02519548218940052
cam036_w3,143,0.026064291920069503
cam036_w3,144,0.009556907037358819
cam036_w3,145,0.0
cam036_w3,146,0.0
cam036_w3,147,0.0
cam036_w3,148,0.0
cam036_w3,149,0.0
cam036_w3,150,0.0
cam036_w3,151,0.0
cam036_w3,152,0.0
cam036_w3,153,0.0
cam036_w3,154,0.0
cam036_w3,155,0.0
cam036_w3,156,0.0
cam036_w3,157,0.0
cam036_w3,158,0.0
cam036_w3,159,0.0
cam036_w3,160,0.0
cam036_w3,161,0.0
cam036_w3,162,0.001037344398340249
cam036_w3,163,0.01867219917012448
cam036_w3,164,0.03734439834024896
cam036_w3,165,0.056016597510373446
cam036_w3,166,0.0
cam036_w3,167,0.06535269709543569
cam036_w3,168,0.013485477178423237
cam036_w3,169,0.06950207468879668
cam036_w3,170,0.08713692946058091
cam036_w3,171,0.5446058091286307
cam036_w3,172,0.6877593360995851
cam036_w3,173,0.30186721991701243
cam036_w3,174,0.4699170124481328
cam036_w3,175,0.9253112033195021
cam036_w3,176,0.5373443983402489
cam036_w3,177,0.4450207468879668
cam036_w3,178,0.8278008298755186
cam036_w3,179,0.4553941908713693
cam036_w3,180,0.21887966804979253
cam036_w3,181,0.7593360995850622
cam036_w3,182,0.470954356846473
cam036_w3,183,0.8267634854771784
cam036_w3,184,0.7261410788381742
cam036_w3,185,0.1483402489626556
cam036_w3,186,0.13174273858921162
cam036_w3,187,0.022821576763485476
cam036_w3,188,0.0
cam036_w3,189,0.008298755186721992
cam036_w3,190,0.008298755186721992
cam036_w3,191,0.005186721991701245
cam036_w3,192,0.038381742738589214
cam036_w3,193,0.0
cam036_w3,194,0.0
cam036_w3,195,0.0
cam036_w3,196,0.0
cam036_w3,197,0.007261410788381743
cam036_w3,198,0.0
cam036_w3,199,0.0
cam036_w3,200,0.0
cam036_w3,201,0.002074688796680498
cam036_w3,202,0.026970954356846474
cam036_w3,203,0.007261410788381743
cam036_w3,204,0.03008298755186722
cam036_w3,205,0.01037344398340249
cam036_w3,206,0.0
cam036_w3,207,0.0
cam036_w3,208,0.1037344398340249
cam036_w3,209,0.0
cam036_w3,210,0.01867219917012448
cam036_w3,211,0.006224066390041493
cam036_w3,212,0.0
cam036_w3,213,0.007261410788381743
cam036_w3,214,0.013485477178423237
cam036_w3,215,0.0
cam036_w3,216,0.12344398340248963
cam036_w3,217,0.0031120331950207467
cam036_w3,218,0.006224066390041493
cam036_w3,219,0.0
cam036_w3,220,0.01970954356846473
cam036_w3,221,0.0
cam036_w3,222,0.012448132780082987
cam036_w3,223,0.0031120331950207467
cam036_w3,224,0.0
cam036_w3,225,0.0
cam036_w3,226,0.004864489228630994
cam036_w3,227,0.0
cam036_w3,228,0.0
cam036_w3,229,0.0
cam036_w3,230,0.0
cam036_w3,231,0.0020847810979847115
cam036_w3,232,0.0
cam036_w3,233,0.0
cam036_w3,234,0.0
cam036_w3,235,0.0
cam036_w3,236,0.0
cam036_w3,237,0.0
cam036_w3,238,0.0
cam036_w3,239,0.031966643502432245
cam036_w3,240,0.01389854065323141
cam036_w3,241,0.009034051424600417
cam036_w3,242,0.0
cam036_w3,243,0.005559416261292564
cam036_w3,244,0.054204308547602505
cam036_w3,245,0.010423905489923557
cam036_w3,246,0.03891591382904795
cam036_w3,247,0.0847810979847116
cam036_w3,248,0.07922168172341904
cam036_w3,249,0.0660180681028492
cam036_w3,250,0.1744266851980542
cam036_w3,251,0.05559416261292564
cam036_w3,252,0.25781792911744267
cam036_w3,253,0.08617095205003475
cam036_w3,254,0.26546212647671996
cam036_w3,255,0.41139680333564976
cam036_w3,256,0.14176511466296038
cam036_w3,257,0.1320361362056984
cam036_w3,258,0.12369701181375956
cam036_w3,259,0.23627519110493397
cam036_w3,260,0.4642112578179291
cam036_w3,261,0.40027797081306465
cam036_w3,262,0.0236275191104934
cam036_w3,263,0.07018763029881862
cam036_w3,264,0.14037526059763725
cam036_w3,265,0.030576789437109102
cam036_w3,266,0.02779708130646282
cam036_w3,267,0.04100069492703266
cam036_w3,268,0.0
cam036_w3,269,0.011118832522585128
cam036_w3,270,0.01389854065323141
cam036_w3,271,0.015288394718554551
cam036_w3,272,0.030576789437109102
cam036_w3,273,0.046560111188325225
cam036_w3,274,0.043085476025017375
cam036_w3,275,0.019457956914523976
cam036_w3,276,0.043085476025017375
cam036_w3,277,0.08895066018068103
cam036_w3,278,0.019457956914523976
cam036_w3,279,0.10215427380125087
cam036_w3,280,0.08895066018068103
cam036_w3,281,0.4030576789437109
cam036_w3,282,0.35649756775538566
cam036_w3,283,0.2077831827658096
cam036_w3,284,0.08964558721334259
cam036_w3,285,0.14315496872828354
cam036_w3,286,0.02571230020847811
cam036_w3,287,0.02501737317581654
cam036_w3,288,0.03474635163307853
cam036_w3,289,0.048644892286309936
cam036_w3,290,0.020847810979847115
cam036_w3,291,0.13620569840166782
cam036_w3,292,0.1911049339819319
cam036_w3,293,0.05211952744961779
cam036_w3,294,0.03474635163307853
cam036_w3,295,0.015983321751216122
cam036_w3,296,0.020152883947185545
cam036_w3,297,0.002779708130646282
cam036_w3,298,0.01320361362056984
cam036_w3,299,0.022237665045170257
cam036_w3,300,0.01320361362056984
cam036_w3,301,0.0039079461571862786
cam036_w3,302,0.0013026487190620929
cam036_w3,303,0.0
cam036_w3,304,0.0021710811984368217
cam036_w3,305,0.005210594876248371
cam036_w3,306,0.0
cam036_w3,307,0.0
cam036_w3,308,0.004342162396873643
cam036_w3,309,0.04776378636561007
cam036_w3,310,0.017802865827181935
cam036_w3,311,0.0021710811984368217
cam036_w3,312,0.017802865827181935
cam036_w3,313,0.021710811984368215
cam036_w3,314,0.04950065132435953
cam036_w3,315,0.013894919669995658
cam036_w3,316,0.02127659574468085
cam036_w3,317,0.03603994789405124
cam036_w3,318,0.0790273556231003
cam036_w3,319,0.07729049066435084
cam036_w3,320,0.1094224924012158
cam036_w3,321,0.10681719496309162
cam036_w3,322,0.06296135475466783
cam036_w3,323,0.005210594876248371
cam036_w3,324,0.05948762483716891
cam036_w3,325,0.11940946591402518
cam036_w3,326,0.15501519756838905
cam036_w3,327,0.04689535388623534
cam036_w3,328,0.23100303951367782
cam036_w3,329,0.07642205818497612
cam036_w3,330,0.21710811984368214
cam036_w3,331,0.2531480677377334
cam036_w3,332,0.10073816760746852
cam036_w3,333,0.07511940946591403
cam036_w3,334,0.08336951801997394
cam036_w3,335,0.10551454624402953
cam036_w3,336,0.25835866261398177
cam036_w3,337,0.1350412505427703
cam036_w3,338,0.20972644376899696
cam036_w3,339,0.21320017368649588
cam036_w3,340,0.2857142857142857
cam036_w3,341,0.10811984368215372
cam036_w3,342,0.14893617021276595
cam036_w3,343,0.20885801128962223
cam036_w3,344,0.10290924880590534
cam036_w3,345,0.16977854971775944
cam036_w3,346,0.24663482414242294
cam036_w3,347,0.611376465479809
cam036_w3,348,0.24880590534085975
cam036_w3,349,0.3148067737733391
cam036_w3,350,0.26183239253148066
cam036_w3,351,0.331306990881459
cam036_w3,352,0.476769431176726
cam036_w3,353,0.340859748154581
cam036_w3,354,0.14329135909683022
cam036_w3,355,0.08901432913590969
cam036_w3,356,0.11463308727746417
cam036_w3,357,0.16630481980026052
cam036_w3,358,0.11593573599652628
cam036_w3,359,0.04211897524967434
cam036_w3,360,0.09422492401215805
cam036_w3,361,0.04168475900998697
cam036_w3,362,0.04646113764654798
cam036_w3,363,0.23925314806773773
cam036_w3,364,0.10725141120277898
cam036_w3,365,0.09813287016934433
cam036_w3,366,0.008684324793747287
cam036_w3,367,0.10855405992184107
cam036_w3,368,0.015197568389057751
cam036_w3,369,0.026921406860616587
cam036_w3,370,0.016500217108119844
cam036_w3,371,0.08771168041684758
cam036_w3,372,0.18454190186712982
cam036_w3,373,0.0243161094224924
cam036_w3,374,0.025618758141554496
cam036_w3,375,0.11029092488059053
cam036_w6,1,0.045871559633027525
cam036_w6,2,0.000655307994757536
cam036_w6,3,0.0
cam036_w6,4,0.0
cam036_w6,5,0.002621231979030144
cam036_w6,6,0.0
cam036_w6,7,0.00655307994757536
cam036_w6,8,0.0
cam036_w6,9,0.0
cam036_w6,10,0.0
cam036_w6,11,0.0
cam036_w6,12,0.0
cam036_w6,13,0.0
cam036_w6,14,0.0
cam036_w6,15,0.0
cam036_w6,16,0.06487549148099607
cam036_w6,17,0.05111402359108781
cam036_w6,18,0.04849279161205767
cam036_w6,19,0.014416775884665793
cam036_w6,20,0.0
cam036_w6,21,0.017693315858453473
cam036_w6,22,0.23197903014416776
cam036_w6,23,0.16448230668414154
cam036_w6,24,0.14089121887287026
cam036_w6,25,0.05832241153342071
cam036_w6,26,0.1965923984272608
cam036_w6,27,0.43119266055045874
cam036_w6,28,0.01834862385321101
cam036_w6,29,0.3309305373525557
cam036_w6,30,0.04652686762778506
cam036_w6,31,0.12778505897771952
cam036_w6,32,0.04193971166448231
cam036_w6,33,0.015727391874180863
cam036_w6,34,0.03145478374836173
cam036_w6,35,0.017693315858453473
cam036_w6,36,0.00327653997378768
cam036_w6,37,0.037352555701179554
cam036_w6,38,0.04456094364351245
cam036_w6,39,0.010484927916120577
cam036_w6,40,0.01507208387942333
cam036_w6,41,0.04193971166448231
cam036_w6,42,0.1127129750982962
cam036_w6,43,0.019659239842726082
cam036_w6,44,0.08060288335517693
cam036_w6,45,0.028833551769331587
cam036_w6,46,0.12778505897771952
cam036_w6,47,0.08322411533420708
cam036_w6,48,0.01703800786369594
cam036_w6,49,0.10943643512450851
cam036_w6,50,0.22083879423328964
cam036_w6,51,0.02948885976408912
cam036_w6,52,0.03407601572739188
cam036_w6,53,0.08519003931847968
cam036_w6,54,0.014416775884665793
cam036_w6,55,0.003931847968545216
cam036_w6,56,0.0
cam036_w6,57,0.03866317169069463
cam036_w6,58,0.05242463958060288
cam036_w6,59,0.10157273918741809
cam036_w6,60,0.015727391874180863
cam036_w6,61,0.025557011795543906
cam036_w6,62,0.04980340760157274
cam036_w6,63,0.10288335517693316
cam036_w6,64,0.38204456094364353
cam036_w6,65,0.20052424639580602
cam036_w6,66,0.372870249017038
cam036_w6,67,0.2490170380078637
cam036_w6,68,0.15465268676277852
cam036_w6,69,0.11402359108781127
cam036_w6,70,0.1349934469200524
cam036_w6,71,0.03145478374836173
cam036_w6,72,0.007208387942332897
cam036_w6,73,0.007863695937090432
cam036_w6,74,0.0
cam036_w6,75,0.0
cam036_w6,76,0.0
cam036_w6,77,0.0
cam036_w6,78,0.0
cam036_w6,79,0.0
cam036_w6,80,0.0
cam036_w6,81,0.0
cam036_w6,82,0.0
cam036_w6,83,0.003561887800534283
cam036_w6,84,0.0
cam036_w6,85,0.0
cam036_w6,86,0.0
cam036_w6,87,0.0
cam036_w6,88,0.09260908281389137
cam036_w6,89,0.0
cam036_w6,90,0.17898486197684774
cam036_w6,91,0.26892252894033836
cam036_w6,92,0.2288512911843277
cam036_w6,93,0.37666963490650046
cam036_w6,94,0.04986642920747997
cam036_w6,95,0.5040071237756011
cam036_w6,96,0.28762243989314334
cam036_w6,97,0.0
cam036_w6,98,0.003561887800534283
cam036_w6,99,0.07390917186108638
cam036_w6,100,0.025823686553873553
cam036_w6,101,0.003561887800534283
cam036_w6,102,0.06767586821015138
cam036_w6,103,0.028495102404274265
cam036_w6,104,0.02315227070347284
cam036_w6,105,0.19056099732858414
cam036_w6,106,0.15405164737310775
cam036_w6,107,0.20926090828138913
cam036_w6,108,0.08370436331255565
cam036_w6,109,0.30632235084594833
cam036_w6,110,0.365093499554764
cam036_w6,111,0.5048975957257347
cam036_w6,112,0.22796081923419412
cam036_w6,113,0.02315227070347284
cam036_w6,114,0.0854853072128228
cam036_w6,115,0.08459483526268922
cam036_w6,116,0.008904719501335707
cam036_w6,117,0.3268032056990205
cam036_w6,118,0.2778272484416741
cam036_w6,119,0.20926090828138913
cam036_w6,120,0.13535173642030277
cam036_w6,121,0.06144256455921639
cam036_w6,122,0.5494211932324132
cam036_w6,123,0.19412288512911843
cam036_w6,124,0.10774710596616206
cam036_w6,125,0.40338379341050756
cam036_w6,126,0.017809439002671415
cam036_w6,127,0.10151380231522707
cam036_w6,128,0.004452359750667854
cam036_w6,129,0.0
cam036_w6,130,0.02404274265360641
cam036_w6,131,0.0
cam036_w6,132,0.0
cam036_w6,133,0.0
cam036_w6,134,0.0
cam036_w6,135,0.0
cam036_w6,136,0.01157613535173642
cam036_w6,137,0.006233303650934996
cam036_w6,138,0.0026714158504007124
cam036_w6,139,0.0
cam036_w6,140,0.0
cam036_w6,141,0.0
cam036_w6,142,0.0
cam036_w6,143,0.02226179875333927
cam036_w6,144,0.13535173642030277
cam036_w6,145,0.05966162065894924
cam036_w6,146,0.048975957257346395
cam036_w6,147,0.008904719501335707
cam036_w6,148,0.0
cam036_w6,149,0.0
cam036_w6,150,0.0
cam036_w6,151,0.0
cam036_w6,152,0.0
cam036_w6,153,0.0
cam036_w6,154,0.0
cam036_w6,155,0.0
cam036_w6,156,0.0
cam036_w6,157,0.0
cam036_w6,158,0.03518029903254178
cam036_w6,159,0.0
cam036_w6,160,0.0
cam036_w6,161,0.0
cam036_w6,162,0.0
cam036_w6,163,0.0
cam036_w6,164,0.0
cam036_w6,165,0.0
cam036_w6,166,0.0008795074758135445
cam036_w6,167,0.06596306068601583
cam036_w6,168,0.1266490765171504
cam036_w6,169,0.2700087950747581
cam036_w6,170,0.29199648197009676
cam036_w6,171,0.6710642040457344
cam036_w6,172,0.5259454705364995
cam036_w6,173,0.635004397537379
cam036_w6,174,0.49604221635883905
cam036_w6,175,0.4019349164467898
cam036_w6,176,0.3412489006156552
cam036_w6,177,0.6912928759894459
cam036_w6,178,0.6640281442392261
cam036_w6,179,0.10554089709762533
cam036_w6,180,0.5514511873350924
cam036_w6,181,0.24626209322779244
cam036_w6,182,0.287598944591029
cam036_w6,183,0.635004397537379
cam036_w6,184,0.3403693931398417
cam036_w6,185,0.0
cam036_w6,186,0.014072119613016711
cam036_w6,187,0.0
cam036_w6,188,0.005277044854881266
cam036_w6,189,0.0
cam036_w6,190,0.0
cam036_w6,191,0.0079155672823219
cam036_w6,192,0.0
cam036_w6,193,0.001759014951627089
cam036_w6,194,0.0
cam036_w6,195,0.002638522427440633
cam036_w6,196,0.055408970976253295
cam036_w6,197,0.03605980650835532
cam036_w6,198,0.10642040457343888
cam036_w6,199,0.0
cam036_w6,200,0.002638522427440633
cam036_w6,201,0.0
cam036_w6,202,0.013192612137203167
cam036_w6,203,0.002638522427440633
cam036_w6,204,0.008795074758135445
cam036_w6,205,0.036939313984168866
cam036_w6,206,0.0079155672823219
cam036_w6,207,0.0
cam036_w6,208,0.002638522427440633
cam036_w6,209,0.0
cam036_w6,210,0.0079155672823219
cam036_w6,211,0.0
cam036_w6,212,0.003518029903254178
cam036_w6,213,0.0
cam036_w6,214,0.011433597185576077
cam036_w6,215,0.0
cam036_w6,216,0.005277044854881266
cam036_w6,217,0.040457343887423045
cam036_w6,218,0.09586631486367635
cam036_w6,219,0.025505716798592787
cam036_w6,220,0.018469656992084433
cam036_w6,221,0.0
cam036_w6,222,0.003518029903254178
cam036_w6,223,0.0
cam036_w6,224,0.0
cam036_w6,225,0.02198768689533861
cam036_w6,226,0.0
cam036_w6,227,0.0
cam036_w6,228,0.000723589001447178
cam036_w6,229,0.0
cam036_w6,230,0.0
cam036_w6,231,0.0
cam036_w6,232,0.0
cam036_w6,233,0.0
cam036_w6,234,0.0
cam036_w6,235,0.005065123010130246
cam036_w6,236,0.00723589001447178
cam036_w6,237,0.01447178002894356
cam036_w6,238,0.0
cam036_w6,239,0.028219971056439943
cam036_w6,240,0.02604920405209841
cam036_w6,241,0.020984081041968163
cam036_w6,242,0.03256150506512301
cam036_w6,243,0.05209840810419682
cam036_w6,244,0.012301013024602027
cam036_w6,245,0.07670043415340087
cam036_w6,246,0.12662807525325614
cam036_w6,247,0.04775687409551375
cam036_w6,248,0.28509406657018815
cam036_w6,249,0.0723589001447178
cam036_w6,250,0.007959479015918957
cam036_w6,251,0.04341534008683068
cam036_w6,252,0.01447178002894356
cam036_w6,253,0.35021707670043417
cam036_w6,254,0.002170767004341534
cam036_w6,255,0.08972503617945007
cam036_w6,256,0.11143270622286541
cam036_w6,257,0.19681620839363242
cam036_w6,258,0.031114327062228653
cam036_w6,259,0.002170767004341534
cam036_w6,260,0.1309696092619392
cam036_w6,261,0.004341534008683068
cam036_w6,262,0.0918958031837916
cam036_w6,263,0.02170767004341534
cam036_w6,264,0.023154848046309694
cam036_w6,265,0.001447178002894356
cam036_w6,266,0.00361794500723589
cam036_w6,267,0.0
cam036_w6,268,0.04052098408104197
cam036_w6,269,0.023878437047756874
cam036_w6,270,0.02170767004341534
cam036_w6,271,0.06295224312590449
cam036_w6,272,0.016642547033285094
cam036_w6,273,0.030390738060781478
cam036_w6,274,0.02604920405209841
cam036_w6,275,0.012301013024602027
cam036_w6,276,0.02243125904486252
cam036_w6,277,0.10564399421128799
cam036_w6,278,0.0
cam036_w6,279,0.06439942112879884
cam036_w6,280,0.0
cam036_w6,281,0.005788712011577424
cam036_w6,282,0.006512301013024602
cam036_w6,283,0.02243125904486252
cam036_w6,284,0.02532561505065123
cam036_w6,285,0.06367583212735166
cam036_w6,286,0.028219971056439943
cam036_w6,287,0.016642547033285094
cam036_w6,288,0.01808972503617945
cam036_w6,289,0.020984081041968163
cam036_w6,290,0.0
cam036_w6,291,0.013024602026049204
cam036_w6,292,0.04703328509406657
cam036_w6,293,0.01808972503617945
cam036_w6,294,0.008683068017366137
cam036_w6,295,0.04703328509406657
cam036_w6,296,0.007959479015918957
cam036_w6,297,0.004341534008683068
cam036_w6,298,0.011577424023154847
cam036_w6,299,0.045586107091172216
cam036_w6,300,0.0
cam036_w6,301,0.0
cam036_w6,302,0.0
cam036_w6,303,0.013026487190620929
cam036_w6,304,0.0
cam036_w6,305,0.0
cam036_w6,306,0.0026052974381241857
cam036_w6,307,0.0026052974381241857
cam036_w6,308,0.0316977854971776
cam036_w6,309,0.0
cam036_w6,310,0.0
cam036_w6,311,0.0039079461571862786
cam036_w6,312,0.0021710811984368217
cam036_w6,313,0.006513243595310464
cam036_w6,314,0.06513243595310464
cam036_w6,315,0.07511940946591403
cam036_w6,316,0.03213200173686496
cam036_w6,317,0.15848892748588797
cam036_w6,318,0.09509335649153278
cam036_w6,319,0.16456795484151107
cam036_w6,320,0.12939643942683457
cam036_w6,321,0.17368649587494572
cam036_w6,322,0.1532783326096396
cam036_w6,323,0.08988276161528441
cam036_w6,324,0.24055579678679984
cam036_w6,325,0.16456795484151107
cam036_w6,326,0.006947459834997829
cam036_w6,327,0.03994789405123752
cam036_w6,328,0.06556665219279201
cam036_w6,329,0.25401650021710814
cam036_w6,330,0.059921841076856275
cam036_w6,331,0.03864524533217542
cam036_w6,332,0.1836734693877551
cam036_w6,333,0.2579244463742944
cam036_w6,334,0.3517151541467651
cam036_w6,335,0.28614850195397307
cam036_w6,336,0.23664785062961355
cam036_w6,337,0.233608336951802
cam036_w6,338,0.11767260095527572
cam036_w6,339,0.16760746851932262
cam036_w6,340,0.1450282240555797
cam036_w6,341,0.02040816326530612
cam036_w6,342,0.11723838471558837
cam036_w6,343,0.4181502388189318
cam036_w6,344,0.19366044290056447
cam036_w6,345,0.187147199305254
cam036_w6,346,0.20712114633087278
cam036_w6,347,0.2175423360833695
cam036_w6,348,0.17716022579244464
cam036_w6,349,0.23621363438992618
cam036_w6,350,0.2653061224489796
cam036_w6,351,0.11202778983933999
cam036_w6,352,0.15371254884932697
cam036_w6,353,0.1398176291793313
cam036_w6,354,0.34389926183239256
cam036_w6,355,0.17368649587494572
cam036_w6,356,0.18454190186712982
cam036_w6,357,0.07425097698653929
cam036_w6,358,0.16369952236213633
cam036_w6,359,0.21233174120712114
cam036_w6,360,0.08163265306122448
cam036_w6,361,0.057750759878419454
cam036_w6,362,0.20364741641337386
cam036_w6,363,0.0729483282674772
cam036_w6,364,0.1228831958315241
cam036_w6,365,0.09986973512809379
cam036_w6,366,0.23534520191055144
cam036_w6,367,0.12852800694745983
cam036_w6,368,0.15848892748588797
cam036_w6,369,0.31350412505427705
cam036_w6,370,0.19800260529743813
cam036_w6,371,0.3603994789405124
cam036_w6,372,0.09509335649153278
cam036_w6,373,0.1884498480243161
cam036_w6,374,0.21189752496743378
cam036_w6,375,0.22448979591836735
cam037_w1,1,0.15584415584415584
cam037_w1,2,0.0
cam037_w1,3,0.0
cam037_w1,4,0.0
cam037_w1,5,0.0
cam037_w1,6,0.0
cam037_w1,7,0.0
cam037_w1,8,0.0
cam037_w1,9,0.0
cam037_w1,10,0.0
cam037_w1,11,0.04220779220779221
cam037_w1,12,0.05064935064935065
cam037_w1,13,0.14805194805194805
cam037_w1,14,0.18766233766233767
cam037_w1,15,0.13246753246753246
cam037_w1,16,0.0
cam037_w1,17,0.0
cam037_w1,18,0.003246753246753247
cam037_w1,19,0.047402597402597405
cam037_w1,20,0.06623376623376623
cam037_w1,21,0.2603896103896104
cam037_w1,22,0.0
cam037_w1,23,0.35844155844155845
cam037_w1,24,0.3383116883116883
cam037_w1,25,0.1974025974025974
cam037_w1,26,0.02922077922077922
cam037_w1,27,0.2545454545454545
cam037_w1,28,0.0012987012987012987
cam037_w1,29,0.011688311688311689
cam037_w1,30,0.003246753246753247
cam037_w1,31,0.02792207792207792
cam037_w1,32,0.0
cam037_w1,33,0.03506493506493506
cam037_w1,34,0.014935064935064935
cam037_w1,35,0.0
cam037_w1,36,0.0
cam037_w1,37,0.003896103896103896
cam037_w1,38,0.01038961038961039
cam037_w1,39,0.0
cam037_w1,40,0.02987012987012987
cam037_w1,41,0.0006493506493506494
cam037_w1,42,0.03051948051948052
cam037_w1,43,0.07272727272727272
cam037_w1,44,0.20454545454545456
cam037_w1,45,0.12987012987012986
cam037_w1,46,0.00909090909090909
cam037_w1,47,0.0006493506493506494
cam037_w1,48,0.01948051948051948
cam037_w1,49,0.2
cam037_w1,50,0.03051948051948052
cam037_w1,51,0.21233766233766233
cam037_w1,52,0.0
cam037_w1,53,0.022727272727272728
cam037_w1,54,0.024675324675324677
cam037_w1,55,0.06948051948051948
cam037_w1,56,0.2292207792207792
cam037_w1,57,0.05779220779220779
cam037_w1,58,0.2519480519480519
cam037_w1,59,0.048701298701298704
cam037_w1,60,0.00974025974025974
cam037_w1,61,0.004545454545454545
cam037_w1,62,0.3357142857142857
cam037_w1,63,0.1292207792207792
cam037_w1,64,0.4525974025974026
cam037_w1,65,0.712987012987013
cam037_w1,66,0.5584415584415584
cam037_w1,67,0.4675324675324675
cam037_w1,68,0.4792207792207792
cam037_w1,69,0.20909090909090908
cam037_w1,70,0.003246753246753247
cam037_w1,71,0.06818181818181818
cam037_w1,72,0.0025974025974025974
cam037_w1,73,0.03896103896103896
cam037_w1,74,0.001948051948051948
cam037_w1,75,0.0
cam037_w1,76,0.0
cam037_w1,77,0.0
cam037_w1,78,0.0
cam037_w1,79,0.0
cam037_w1,80,0.0
cam037_w1,81,0.0
cam037_w1,82,0.0008291873963515755
cam037_w1,83,0.0
cam037_w1,84,0.0
cam037_w1,85,0.007462686567164179
cam037_w1,86,0.10033167495854063
cam037_w1,87,0.0
cam037_w1,88,0.001658374792703151
cam037_w1,89,0.07545605306799337
cam037_w1,90,0.0
cam037_w1,91,0.01658374792703151
cam037_w1,92,0.0008291873963515755
cam037_w1,93,0.014925373134328358
cam037_w1,94,0.0
cam037_w1,95,0.007462686567164179
cam037_w1,96,0.0
cam037_w1,97,0.3714759535655058
cam037_w1,98,0.6475953565505804
cam037_w1,99,0.5
cam037_w1,100,0.9295190713101161
cam037_w1,101,0.4759535655058043
cam037_w1,102,0.44527363184079605
cam037_w1,103,0.8291873963515755
cam037_w1,104,0.6393034825870647
cam037_w1,105,0.9535655058043118
cam037_w1,106,0.494195688225539
cam037_w1,107,0.11691542288557213
cam037_w1,108,0.02321724709784411
cam037_w1,109,0.08955223880597014
cam037_w1,110,0.24875621890547264
cam037_w1,111,0.36318407960199006
cam037_w1,112,0.5671641791044776
cam037_w1,113,0.5538971807628524
cam037_w1,114,0.05970149253731343
cam037_w1,115,0.017412935323383085
cam037_w1,116,0.0024875621890547263
cam037_w1,117,0.03233830845771144
cam037_w1,118,0.3913764510779436
cam037_w1,119,0.11194029850746269
cam037_w1,120,0.2620232172470978
cam037_w1,121,0.009950248756218905
cam037_w1,122,0.20149253731343283
cam037_w1,123,0.13764510779436154
cam037_w1,124,0.34577114427860695
cam037_w1,125,0.5240464344941956
cam037_w1,126,0.24212271973466004
cam037_w1,127,0.1451077943615257
cam037_w1,128,0.2744610281923715
cam037_w1,129,0.09369817578772803
cam037_w1,130,0.05223880597014925
cam037_w1,131,0.148424543946932
cam037_w1,132,0.11194029850746269
cam037_w1,133,0.0
cam037_w1,134,0.41044776119402987
cam037_w1,135,0.02155887230514096
cam037_w1,136,0.007462686567164179
cam037_w1,137,0.0
cam037_w1,138,0.0
cam037_w1,139,0.0
cam037_w1,140,0.0008291873963515755
cam037_w1,141,0.03648424543946932
cam037_w1,142,0.11608623548922056
cam037_w1,143,0.04311774461028192
cam037_w1,144,0.012437810945273632
cam037_w1,145,0.0
cam037_w1,146,0.0
cam037_w1,147,0.0
cam037_w1,148,0.0
cam037_w1,149,0.0
cam037_w1,150,0.0
cam037_w1,151,0.0
cam037_w1,152,0.0
cam037_w1,153,0.0
cam037_w1,154,0.0
cam037_w1,155,0.0
cam037_w1,156,0.0
cam037_w1,157,0.0
cam037_w1,158,0.0
cam037_w1,159,0.0018796992481203006
cam037_w1,160,0.0
cam037_w1,161,0.0
cam037_w1,162,0.0
cam037_w1,163,0.041353383458646614
cam037_w1,164,0.0
cam037_w1,165,0.022556390977443608
cam037_w1,166,0.02913533834586466
cam037_w1,167,0.03477443609022556
cam037_w1,168,0.06954887218045112
cam037_w1,169,0.0
cam037_w1,170,0.007518796992481203
cam037_w1,171,0.015977443609022556
cam037_w1,172,0.05639097744360902
cam037_w1,173,0.09774436090225563
cam037_w1,174,0.07706766917293233
cam037_w1,175,0.5
cam037_w1,176,0.518796992481203
cam037_w1,177,0.32612781954887216
cam037_w1,178,0.6766917293233082
cam037_w1,179,0.35902255639097747
cam037_w1,180,0.37781954887218044
cam037_w1,181,0.1080827067669173
cam037_w1,182,0.12406015037593984
cam037_w1,183,0.008458646616541353
cam037_w1,184,0.07894736842105263
cam037_w1,185,0.19266917293233082
cam037_w1,186,0.03665413533834586
cam037_w1,187,0.09962406015037593
cam037_w1,188,0.06860902255639098
cam037_w1,189,0.009398496240601503
cam037_w1,190,0.018796992481203006
cam037_w1,191,0.05733082706766917
cam037_w1,192,0.11090225563909774
cam037_w1,193,0.13533834586466165
cam037_w1,194,0.1287593984962406
cam037_w1,195,0.1212406015037594
cam037_w1,196,0.4633458646616541
cam037_w1,197,0.09586466165413533
cam037_w1,198,0.06109022556390977
cam037_w1,199,0.009398496240601503
cam037_w1,200,0.023496240601503758
cam037_w1,201,0.010338345864661654
cam037_w1,202,0.005639097744360902
cam037_w1,203,0.0
cam037_w1,204,0.0
cam037_w1,205,0.009398496240601503
cam037_w1,206,0.0
cam037_w1,207,0.009398496240601503
cam037_w1,208,0.005639097744360902
cam037_w1,209,0.023496240601503758
cam037_w1,210,0.013157894736842105
cam037_w1,211,0.007518796992481203
cam037_w1,212,0.0
cam037_w1,213,0.0
cam037_w1,214,0.0
cam037_w1,215,0.009398496240601503
cam037_w1,216,0.06015037593984962
cam037_w1,217,0.022556390977443608
cam037_w1,218,0.08458646616541353
cam037_w1,219,0.0
cam037_w1,220,0.013157894736842105
cam037_w1,221,0.0
cam037_w1,222,0.0
cam037_w1,223,0.0009398496240601503
cam037_w1,224,0.0
cam037_w1,225,0.0
cam037_w1,226,0.004961020552799433
cam037_w1,227,0.0
cam037_w1,228,0.0
cam037_w1,229,0.0
cam037_w1,230,0.002126151665485471
cam037_w1,231,0.0
cam037_w1,232,0.0
cam037_w1,233,0.0
cam037_w1,234,0.005669737774627924
cam037_w1,235,0.0
cam037_w1,236,0.0
cam037_w1,237,0.04961020552799433
cam037_w1,238,0.05102763997165131
cam037_w1,239,0.23812898653437278
cam037_w1,240,0.0
cam037_w1,241,0.0007087172218284905
cam037_w1,242,0.004252303330970942
cam037_w1,243,0.06378454996456413
cam037_w1,244,0.029766123316796598
cam037_w1,245,0.0446491849751949
cam037_w1,246,0.0063784549964564135
cam037_w1,247,0.004252303330970942
cam037_w1,248,0.06236711552090716
cam037_w1,249,0.09142452161587526
cam037_w1,250,0.13253012048192772
cam037_w1,251,0.2870304748405386
cam037_w1,252,0.19631467044649184
cam037_w1,253,0.2763997165131113
cam037_w1,254,0.07512402551381998
cam037_w1,255,0.05315379163713678
cam037_w1,256,0.010630758327427357
cam037_w1,257,0.011339475549255847
cam037_w1,258,0.012048192771084338
cam037_w1,259,0.020552799433026223
cam037_w1,260,0.0368532955350815
cam037_w1,261,0.01913536498936924
cam037_w1,262,0.03827072997873848
cam037_w1,263,0.004252303330970942
cam037_w1,264,0.002834868887313962
cam037_w1,265,0.012756909992912827
cam037_w1,266,0.0063784549964564135
cam037_w1,267,0.021261516654854713
cam037_w1,268,0.0
cam037_w1,269,0.012048192771084338
cam037_w1,270,0.007795889440113395
cam037_w1,271,0.07725017717930546
cam037_w1,272,0.002834868887313962
cam037_w1,273,0.0
cam037_w1,274,0.11622962437987243
cam037_w1,275,0.0
cam037_w1,276,0.012048192771084338
cam037_w1,277,0.0
cam037_w1,278,0.019844082211197732
cam037_w1,279,0.0
cam037_w1,280,0.008504606661941885
cam037_w1,281,0.01559177888022679
cam037_w1,282,0.019844082211197732
cam037_w1,283,0.04323175053153792
cam037_w1,284,0.020552799433026223
cam037_w1,285,0.11764705882352941
cam037_w1,286,0.029057406094968107
cam037_w1,287,0.021970233876683204
cam037_w1,288,0.009922041105598866
cam037_w1,289,0.010630758327427357
cam037_w1,290,0.007795889440113395
cam037_w1,291,0.014174344436569808
cam037_w1,292,0.07158043940467754
cam037_w1,293,0.04748405386250886
cam037_w1,294,0.03756201275690999
cam037_w1,295,0.0666194188518781
cam037_w1,296,0.01559177888022679
cam037_w1,297,0.011339475549255847
cam037_w1,298,0.05315379163713678
cam037_w1,299,0.01559177888022679
cam037_w1,300,0.003543586109142452
cam037_w1,301,0.0
cam037_w1,302,0.0
cam037_w1,303,0.002607561929595828
cam037_w1,304,0.001738374619730552
cam037_w1,305,0.003042155584528466
cam037_w1,306,0.0
cam037_w1,307,0.0
cam037_w1,308,0.012603215993046502
cam037_w1,309,0.012168622338113864
cam037_w1,310,0.0
cam037_w1,311,0.013472403302911778
cam037_w1,312,0.06692742285962625
cam037_w1,313,0.03780964797913951
cam037_w1,314,0.03911342894393742
cam037_w1,315,0.025206431986093004
cam037_w1,316,0.06953498478922207
cam037_w1,317,0.10126032159930465
cam037_w1,318,0.11734028683181226
cam037_w1,319,0.10430247718383312
cam037_w1,320,0.16601477618426771
cam037_w1,321,0.13906996957844414
cam037_w1,322,0.19252498913515861
cam037_w1,323,0.11429813124728379
cam037_w1,324,0.1016949152542373
cam037_w1,325,0.11473272490221642
cam037_w1,326,0.12863972186006084
cam037_w1,327,0.10864841373315949
cam037_w1,328,0.09517601043024772
cam037_w1,329,0.2842242503259452
cam037_w1,330,0.21295089091699262
cam037_w1,331,0.15254237288135594
cam037_w1,332,0.1681877444589309
cam037_w1,333,0.13428943937418514
cam037_w1,334,0.1338548457192525
cam037_w1,335,0.3494132985658409
cam037_w1,336,0.12516297262059975
cam037_w1,337,0.2850934376358105
cam037_w1,338,0.07822685788787484
cam037_w1,339,0.10691003911342895
cam037_w1,340,0.1877444589308996
cam037_w1,341,0.08213820078226858
cam037_w1,342,0.30073880921338547
cam037_w1,343,0.01564537157757497
cam037_w1,344,0.04476314645806171
cam037_w1,345,0.09083007388092133
cam037_w1,346,0.07083876575402
cam037_w1,347,0.11951325510647545
cam037_w1,348,0.14385049978270317
cam037_w1,349,0.22511951325510648
cam037_w1,350,0.11169056931768796
cam037_w1,351,0.11299435028248588
cam037_w1,352,0.19426336375488917
cam037_w1,353,0.09517601043024772
cam037_w1,354,0.18296392872664058
cam037_w1,355,0.062146892655367235
cam037_w1,356,0.10212950890916993
cam037_w1,357,0.04606692742285962
cam037_w1,358,0.02607561929595828
cam037_w1,359,0.05867014341590613
cam037_w1,360,0.13863537592351152
cam037_w1,361,0.30943068231203824
cam037_w1,362,0.3993915688830943
cam037_w1,363,0.3055193394176445
cam037_w1,364,0.2551064754454585
cam037_w1,365,0.267709691438505
cam037_w1,366,0.28292046936114734
cam037_w1,367,0.16992611907866145
cam037_w1,368,0.1477618426770969
cam037_w1,369,0.0686657974793568
cam037_w1,370,0.03824424163407214
cam037_w1,371,0.13255106475445458
cam037_w1,372,0.005649717514124294
cam037_w1,373,0.042590178183398525
cam037_w1,374,0.02346805736636245
cam037_w1,375,0.01694915254237288
cam037_w2,1,0.005194805194805195
cam037_w2,2,0.05974025974025974
cam037_w2,3,0.048701298701298704
cam037_w2,4,0.02142857142857143
cam037_w2,5,0.03701298701298701
cam037_w2,6,0.03051948051948052
cam037_w2,7,0.006493506493506494
cam037_w2,8,0.001948051948051948
cam037_w2,9,0.0
cam037_w2,10,0.00909090909090909
cam037_w2,11,0.025974025974025976
cam037_w2,12,0.003896103896103896
cam037_w2,13,0.17532467532467533
cam037_w2,14,0.0
cam037_w2,15,0.003246753246753247
cam037_w2,16,0.005194805194805195
cam037_w2,17,0.004545454545454545
cam037_w2,18,0.04415584415584416
cam037_w2,19,0.03506493506493506
cam037_w2,20,0.0
cam037_w2,21,0.0
cam037_w2,22,0.07207792207792207
cam037_w2,23,0.0006493506493506494
cam037_w2,24,0.0
cam037_w2,25,0.0
cam037_w2,26,0.0
cam037_w2,27,0.01753246753246753
cam037_w2,28,0.11428571428571428
cam037_w2,29,0.1422077922077922
cam037_w2,30,0.01818181818181818
cam037_w2,31,0.03831168831168831
cam037_w2,32,0.001948051948051948
cam037_w2,33,0.01948051948051948
cam037_w2,34,0.1422077922077922
cam037_w2,35,0.16103896103896104
cam037_w2,36,0.30194805194805197
cam037_w2,37,0.02142857142857143
cam037_w2,38,0.024675324675324677
cam037_w2,39,0.008441558441558441
cam037_w2,40,0.008441558441558441
cam037_w2,41,0.033116883116883114
cam037_w2,42,0.004545454545454545
cam037_w2,43,0.07077922077922078
cam037_w2,44,0.09545454545454546
cam037_w2,45,0.2038961038961039
cam037_w2,46,0.12207792207792208
cam037_w2,47,0.275974025974026
cam037_w2,48,0.024025974025974027
cam037_w2,49,0.00974025974025974
cam037_w2,50,0.01753246753246753
cam037_w2,51,0.04220779220779221
cam037_w2,52,0.18441558441558442
cam037_w2,53,0.5766233766233766
cam037_w2,54,0.4980519480519481
cam037_w2,55,0.488961038961039
cam037_w2,56,0.044805194805194806
cam037_w2,57,0.09740259740259741
cam037_w2,58,0.02922077922077922
cam037_w2,59,0.4292207792207792
cam037_w2,60,0.42077922077922075
cam037_w2,61,0.013636363636363636
cam037_w2,62,0.03571428571428571
cam037_w2,63,0.09610389610389611
cam037_w2,64,0.052597402597402594
cam037_w2,65,0.08376623376623377
cam037_w2,66,0.044805194805194806
cam037_w2,67,0.025974025974025976
cam037_w2,68,0.024675324675324677
cam037_w2,69,0.09285714285714286
cam037_w2,70,0.02207792207792208
cam037_w2,71,0.016233766233766232
cam037_w2,72,0.0
cam037_w2,73,0.0
cam037_w2,74,0.0
cam037_w2,75,0.0
cam037_w2,76,0.0
cam037_w2,77,0.0
cam037_w2,78,0.0
cam037_w2,79,0.0
cam037_w2,80,0.0
cam037_w2,81,0.0
cam037_w2,82,0.0
cam037_w2,83,0.23076923076923078
cam037_w2,84,0.020389249304911955
cam037_w2,85,0.0685820203892493
cam037_w2,86,0.056533827618164965
cam037_w2,87,0.1010194624652456
cam037_w2,88,0.33178869323447635
cam037_w2,89,0.2965708989805375
cam037_w2,90,0.5088044485634847
cam037_w2,91,0.6607970342910102
cam037_w2,92,0.4198331788693234
cam037_w2,93,0.35032437442076
cam037_w2,94,0.0
cam037_w2,95,0.0037071362372567192
cam037_w2,96,0.021316033364226137
cam037_w2,97,0.012048192771084338
cam037_w2,98,0.0
cam037_w2,99,0.008341056533827619
cam037_w2,100,0.03521779425393883
cam037_w2,101,0.019462465245597776
cam037_w2,102,0.11770157553290084
cam037_w2,103,0.060240963855421686
cam037_w2,104,0.025023169601482854
cam037_w2,105,0.13253012048192772
cam037_w2,106,0.19833178869323448
cam037_w2,107,0.12604263206672844
cam037_w2,108,0.4939759036144578
cam037_w2,109,0.3540315106580167
cam037_w2,110,0.14457831325301204
cam037_w2,111,0.18257645968489342
cam037_w2,112,0.12696941612604262
cam037_w2,113,0.3948100092678406
cam037_w2,114,0.2845227062094532
cam037_w2,115,0.08619091751621873
cam037_w2,116,0.5634847080630213
cam037_w2,117,0.768303985171455
cam037_w2,118,0.742354031510658
cam037_w2,119,0.6913809082483782
cam037_w2,120,0.7479147358665431
cam037_w2,121,0.41334569045412417
cam037_w2,122,0.8628359592215014
cam037_w2,123,0.8424467099165894
cam037_w2,124,0.7164040778498609
cam037_w2,125,0.6468952734012975
cam037_w2,126,0.5996292863762743
cam037_w2,127,0.030583873957367932
cam037_w2,128,0.022242817423540315
cam037_w2,129,0.012048192771084338
cam037_w2,130,0.0
cam037_w2,131,0.015755329008341055
cam037_w2,132,0.033364226135310475
cam037_w2,133,0.0
cam037_w2,134,0.015755329008341055
cam037_w2,135,0.060240963855421686
cam037_w2,136,0.008341056533827619
cam037_w2,137,0.0
cam037_w2,138,0.012048192771084338
cam037_w2,139,0.11214087117701575
cam037_w2,140,0.05468025949953661
cam037_w2,141,0.05468025949953661
cam037_w2,142,0.18906394810009267
cam037_w2,143,0.03707136237256719
cam037_w2,144,0.037998146431881374
cam037_w2,145,0.0
cam037_w2,146,0.014828544949026877
cam037_w2,147,0.0
cam037_w2,148,0.0
cam037_w2,149,0.0
cam037_w2,150,0.0
cam037_w2,151,0.0017152658662092624
cam037_w2,152,0.004288164665523156
cam037_w2,153,0.0
cam037_w2,154,0.002572898799313894
cam037_w2,155,0.0
cam037_w2,156,0.004288164665523156
cam037_w2,157,0.0
cam037_w2,158,0.0
cam037_w2,159,0.0
cam037_w2,160,0.0
cam037_w2,161,0.002572898799313894
cam037_w2,162,0.0
cam037_w2,163,0.0
cam037_w2,164,0.0
cam037_w2,165,0.003430531732418525
cam037_w2,166,0.10548885077186965
cam037_w2,167,0.04202401372212693
cam037_w2,168,0.051457975986277875
cam037_w2,169,0.04373927958833619
cam037_w2,170,0.1234991423670669
cam037_w2,171,0.20154373927958832
cam037_w2,172,0.24013722126929674
cam037_w2,173,0.5660377358490566
cam037_w2,174,0.5308747855917667
cam037_w2,175,0.4073756432246998
cam037_w2,176,0.19039451114922812
cam037_w2,177,0.4159519725557461
cam037_w2,178,0.08147512864493997
cam037_w2,179,0.05574614065180103
cam037_w2,180,0.07890222984562607
cam037_w2,181,0.0017152658662092624
cam037_w2,182,0.0
cam037_w2,183,0.0
cam037_w2,184,0.018867924528301886
cam037_w2,185,0.005145797598627788
cam037_w2,186,0.10891938250428816
cam037_w2,187,0.0
cam037_w2,188,0.006003430531732418
cam037_w2,189,0.030017152658662092
cam037_w2,190,0.0
cam037_w2,191,0.0
cam037_w2,192,0.008576329331046312
cam037_w2,193,0.09348198970840481
cam037_w2,194,0.02830188679245283
cam037_w2,195,0.09176672384219554
cam037_w2,196,0.11921097770154374
cam037_w2,197,0.08919382504288165
cam037_w2,198,0.016295025728987993
cam037_w2,199,0.0711835334476844
cam037_w2,200,0.0
cam037_w2,201,0.014579759862778732
cam037_w2,202,0.011149228130360206
cam037_w2,203,0.0
cam037_w2,204,0.0008576329331046312
cam037_w2,205,0.009433962264150943
cam037_w2,206,0.004288164665523156
cam037_w2,207,0.004288164665523156
cam037_w2,208,0.006003430531732418
cam037_w2,209,0.012006861063464836
cam037_w2,210,0.0
cam037_w2,211,0.0
cam037_w2,212,0.0
cam037_w2,213,0.0017152658662092624
cam037_w2,214,0.009433962264150943
cam037_w2,215,0.009433962264150943
cam037_w2,216,0.05660377358490566
cam037_w2,217,0.0686106346483705
cam037_w2,218,0.014579759862778732
cam037_w2,219,0.005145797598627788
cam037_w2,220,0.0
cam037_w2,221,0.0
cam037_w2,222,0.00686106346483705
cam037_w2,223,0.0
cam037_w2,224,0.0
cam037_w2,225,0.0
cam037_w2,226,0.0
cam037_w2,227,0.0
cam037_w2,228,0.0
cam037_w2,229,0.001447178002894356
cam037_w2,230,0.0
cam037_w2,231,0.0
cam037_w2,232,0.0
cam037_w2,233,0.006512301013024602
cam037_w2,234,0.00361794500723589
cam037_w2,235,0.008683068017366137
cam037_w2,236,0.04486251808972504
cam037_w2,237,0.002170767004341534
cam037_w2,238,0.0
cam037_w2,239,0.0
cam037_w2,240,0.004341534008683068
cam037_w2,241,0.03400868306801737
cam037_w2,242,0.009406657018813314
cam037_w2,243,0.005788712011577424
cam037_w2,244,0.005065123010130246
cam037_w2,245,0.006512301013024602
cam037_w2,246,0.049927641099855286
cam037_w2,247,0.12228654124457308
cam037_w2,248,0.2366136034732272
cam037_w2,249,0.10636758321273516
cam037_w2,250,0.04486251808972504
cam037_w2,251,0.08610709117221418
cam037_w2,252,0.17510853835021709
cam037_w2,253,0.3125904486251809
cam037_w2,254,0.26410998552821996
cam037_w2,255,0.09913169319826338
cam037_w2,256,0.08900144717800289
cam037_w2,257,0.1476121562952243
cam037_w2,258,0.28002894356005786
cam037_w2,259,0.12228654124457308
cam037_w2,260,0.011577424023154847
cam037_w2,261,0.16931982633863965
cam037_w2,262,0.07959479015918958
cam037_w2,263,0.015918958031837915
cam037_w2,264,0.057163531114327065
cam037_w2,265,0.15340086830680175
cam037_w2,266,0.06729377713458755
cam037_w2,267,0.008683068017366137
cam037_w2,268,0.01085383502170767
cam037_w2,269,0.013024602026049204
cam037_w2,270,0.015918958031837915
cam037_w2,271,0.002170767004341534
cam037_w2,272,0.138205499276411
cam037_w2,273,0.004341534008683068
cam037_w2,274,0.015918958031837915
cam037_w2,275,0.020260492040520984
cam037_w2,276,0.0
cam037_w2,277,0.029667149059334298
cam037_w2,278,0.02170767004341534
cam037_w2,279,0.0
cam037_w2,280,0.008683068017366137
cam037_w2,281,0.013024602026049204
cam037_w2,282,0.060057887120115776
cam037_w2,283,0.02170767004341534
cam037_w2,284,0.01881331403762663
cam037_w2,285,0.026772793053545588
cam037_w2,286,0.09623733719247468
cam037_w2,287,0.031114327062228653
cam037_w2,288,0.07091172214182344
cam037_w2,289,0.013748191027496382
cam037_w2,290,0.024602026049204053
cam037_w2,291,0.005788712011577424
cam037_w2,292,0.060781476121562955
cam037_w2,293,0.013748191027496382
cam037_w2,294,0.09406657018813314
cam037_w2,295,0.07018813314037627
cam037_w2,296,0.01881331403762663
cam037_w2,297,0.030390738060781478
cam037_w2,298,0.020260492040520984
cam037_w2,299,0.029667149059334298
cam037_w2,300,0.01808972503617945
cam037_w2,301,0.0026064291920069507
cam037_w2,302,0.0
cam037_w2,303,0.010860121633362294
cam037_w2,304,0.0
cam037_w2,305,0.0
cam037_w2,306,0.0
cam037_w2,307,0.0
cam037_w2,308,0.0
cam037_w2,309,0.002172024326672459
cam037_w2,310,0.015204170286707211
cam037_w2,311,0.02476107732406603
cam037_w2,312,0.008688097306689836
cam037_w2,313,0.014335360556038228
cam037_w2,314,0.03909643788010426
cam037_w2,315,0.07732406602953953
cam037_w2,316,0.03518679409209383
cam037_w2,317,0.14031277150304083
cam037_w2,318,0.10860121633362294
cam037_w2,319,0.036490008688097306
cam037_w2,320,0.11946133796698523
cam037_w2,321,0.20373588184187663
cam037_w2,322,0.12814943527367506
cam037_w2,323,0.10686359687228497
cam037_w2,324,0.0369244135534318
cam037_w2,325,0.24500434404865334
cam037_w2,326,0.23979148566463945
cam037_w2,327,0.05430060816681147
cam037_w2,328,0.10078192875760209
cam037_w2,329,0.13987836663770634
cam037_w2,330,0.1520417028670721
cam037_w2,331,0.052562988705473504
cam037_w2,332,0.22545612510860122
cam037_w2,333,0.018245004344048653
cam037_w2,334,0.17028670721112077
cam037_w2,335,0.2046046915725456
cam037_w2,336,0.008253692441355343
cam037_w2,337,0.2050390964378801
cam037_w2,338,0.24370112945264988
cam037_w2,339,0.2849695916594266
cam037_w2,340,0.21329278887923545
cam037_w2,341,0.052128583840139006
cam037_w2,342,0.16072980017376196
cam037_w2,343,0.2988705473501303
cam037_w2,344,0.24587315377932234
cam037_w2,345,0.2046046915725456
cam037_w2,346,0.46611642050390967
cam037_w2,347,0.23848827106863596
cam037_w2,348,0.05430060816681147
cam037_w2,349,0.15377932232841007
cam037_w2,350,0.12293657688966117
cam037_w2,351,0.31407471763683753
cam037_w2,352,0.09079061685490877
cam037_w2,353,0.2054735013032146
cam037_w2,354,0.21416159860990444
cam037_w2,355,0.32493483927019984
cam037_w2,356,0.3631624674196351
cam037_w2,357,0.04952215464813206
cam037_w2,358,0.13466550825369245
cam037_w2,359,0.365768896611642
cam037_w2,360,0.045612510860121636
cam037_w2,361,0.22371850564726325
cam037_w2,362,0.03996524761077324
cam037_w2,363,0.35968722849695917
cam037_w2,364,0.08470894874022589
cam037_w2,365,0.1520417028670721
cam037_w2,366,0.08340573414422242
cam037_w2,367,0.25152041702867073
cam037_w2,368,0.10425716768027801
cam037_w2,369,0.06602953953084274
cam037_w2,370,0.16029539530842746
cam037_w2,371,0.09296264118158123
cam037_w2,372,0.015204170286707211
cam037_w2,373,0.07558644656820157
cam037_w2,374,0.022589052997393572
cam037_w2,375,0.04865334491746308
cam037_w3,1,0.002574002574002574
cam037_w3,2,0.0
cam037_w3,3,0.08558558558558559
cam037_w3,4,0.16988416988416988
cam037_w3,5,0.04633204633204633
cam037_w3,6,0.005148005148005148
cam037_w3,7,0.0341055341055341
cam037_w3,8,0.5842985842985843
cam037_w3,9,0.04504504504504504
cam037_w3,10,0.043758043758043756
cam037_w3,11,0.42277992277992277
cam037_w3,12,0.5978120978120978
cam037_w3,13,0.797940797940798
cam037_w3,14,0.16473616473616473
cam037_w3,15,0.005791505791505791
cam037_w3,16,0.04247104247104247
cam037_w3,17,0.5579150579150579
cam037_w3,18,0.5752895752895753
cam037_w3,19,0.9214929214929215
cam037_w3,20,0.879021879021879
cam037_w3,21,0.0978120978120978
cam037_w3,22,0.010939510939510939
cam037_w3,23,0.007078507078507079
cam037_w3,24,0.06241956241956242
cam037_w3,25,0.05791505791505792
cam037_w3,26,0.277992277992278
cam037_w3,27,0.02252252252252252
cam037_w3,28,0.0945945945945946
cam037_w3,29,0.07722007722007722
cam037_w3,30,0.5353925353925354
cam037_w3,31,0.32882882882882886
cam037_w3,32,0.0
cam037_w3,33,0.03796653796653797
cam037_w3,34,0.11840411840411841
cam037_w3,35,0.0
cam037_w3,36,0.07722007722007722
cam037_w3,37,0.0
cam037_w3,38,0.0032175032175032173
cam037_w3,39,0.010939510939510939
cam037_w3,40,0.04568854568854569
cam037_w3,41,0.05276705276705277
cam037_w3,42,0.07593307593307594
cam037_w3,43,0.05405405405405406
cam037_w3,44,0.0045045045045045045
cam037_w3,45,0.0
cam037_w3,46,0.03796653796653797
cam037_w3,47,0.1956241956241956
cam037_w3,48,0.09266409266409266
cam037_w3,49,0.035392535392535396
cam037_w3,50,0.023809523809523808
cam037_w3,51,0.0341055341055341
cam037_w3,52,0.0
cam037_w3,53,0.02059202059202059
cam037_w3,54,0.0006435006435006435
cam037_w3,55,0.06048906048906049
cam037_w3,56,0.0
cam037_w3,57,0.05405405405405406
cam037_w3,58,0.017374517374517374
cam037_w3,59,0.059845559845559844
cam037_w3,60,0.046975546975546977
cam037_w3,61,0.19433719433719435
cam037_w3,62,0.02445302445302445
cam037_w3,63,0.1492921492921493
cam037_w3,64,0.21428571428571427
cam037_w3,65,0.1640926640926641
cam037_w3,66,0.16988416988416988
cam037_w3,67,0.047619047619047616
cam037_w3,68,0.06306306306306306
cam037_w3,69,0.055984555984555984
cam037_w3,70,0.05276705276705277
cam037_w3,71,0.0
cam037_w3,72,0.01287001287001287
cam037_w3,73,0.0019305019305019305
cam037_w3,74,0.0
cam037_w3,75,0.0
cam037_w3,76,0.0
cam037_w3,77,0.0
cam037_w3,78,0.0
cam037_w3,79,0.0
cam037_w3,80,0.0
cam037_w3,81,0.0
cam037_w3,82,0.0
cam037_w3,83,0.0
cam037_w3,84,0.020104895104895104
cam037_w3,85,0.004370629370629371
cam037_w3,86,0.0
cam037_w3,87,0.006993006993006993
cam037_w3,88,0.13986013986013987
cam037_w3,89,0.32167832167832167
cam037_w3,90,0.11713286713286714
cam037_w3,91,0.25961538461538464
cam037_w3,92,0.0
cam037_w3,93,0.0
cam037_w3,94,0.01048951048951049
cam037_w3,95,0.10139860139860139
cam037_w3,96,0.13286713286713286
cam037_w3,97,0.541958041958042
cam037_w3,98,0.7246503496503497
cam037_w3,99,0.8033216783216783
cam037_w3,100,0.631993006993007
cam037_w3,101,0.6791958041958042
cam037_w3,102,0.3513986013986014
cam037_w3,103,0.23251748251748253
cam037_w3,104,0.8715034965034965
cam037_w3,105,0.40559440559440557
cam037_w3,106,0.2770979020979021
cam037_w3,107,0.8793706293706294
cam037_w3,108,0.1354895104895105
cam037_w3,109,0.07867132867132867
cam037_w3,110,0.027972027972027972
cam037_w3,111,0.14947552447552448
cam037_w3,112,0.22465034965034966
cam037_w3,113,0.1791958041958042
cam037_w3,114,0.3548951048951049
cam037_w3,115,0.7062937062937062
cam037_w3,116,0.9938811188811189
cam037_w3,117,0.2945804195804196
cam037_w3,118,0.5699300699300699
cam037_w3,119,0.04895104895104895
cam037_w3,120,0.007867132867132868
cam037_w3,121,0.012237762237762238
cam037_w3,122,0.050699300699300696
cam037_w3,123,0.026223776223776224
cam037_w3,124,0.15996503496503497
cam037_w3,125,0.6984265734265734
cam037_w3,126,0.09965034965034965
cam037_w3,127,0.4807692307692308
cam037_w3,128,0.0
cam037_w3,129,0.0
cam037_w3,130,0.0
cam037_w3,131,0.0
cam037_w3,132,0.0034965034965034965
cam037_w3,133,0.0017482517482517483
cam037_w3,134,0.0
cam037_w3,135,0.0
cam037_w3,136,0.0
cam037_w3,137,0.0
cam037_w3,138,0.0
cam037_w3,139,0.0
cam037_w3,140,0.0
cam037_w3,141,0.006118881118881119
cam037_w3,142,0.017482517482517484
cam037_w3,143,0.018356643356643356
cam037_w3,144,0.005244755244755245
cam037_w3,145,0.008741258741258742
cam037_w3,146,0.011363636363636364
cam037_w3,147,0.0
cam037_w3,148,0.0
cam037_w3,149,0.0
cam037_w3,150,0.0
cam037_w3,151,0.0
cam037_w3,152,0.0
cam037_w3,153,0.0
cam037_w3,154,0.0
cam037_w3,155,0.0
cam037_w3,156,0.001759014951627089
cam037_w3,157,0.006156552330694811
cam037_w3,158,0.0
cam037_w3,159,0.0
cam037_w3,160,0.002638522427440633
cam037_w3,161,0.0
cam037_w3,162,0.0
cam037_w3,163,0.0
cam037_w3,164,0.0
cam037_w3,165,0.0
cam037_w3,166,0.0
cam037_w3,167,0.0
cam037_w3,168,0.002638522427440633
cam037_w3,169,0.0
cam037_w3,170,0.0
cam037_w3,171,0.022867194371152155
cam037_w3,172,0.023746701846965697
cam037_w3,173,0.027264731750219876
cam037_w3,174,0.055408970976253295
cam037_w3,175,0.06684256816182937
cam037_w3,176,0.024626209322779244
cam037_w3,177,0.032541776605101144
cam037_w3,178,0.013192612137203167
cam037_w3,179,0.08970976253298153
cam037_w3,180,0.158311345646438
cam037_w3,181,0.28935795954265614
cam037_w3,182,0.021108179419525065
cam037_w3,183,0.001759014951627089
cam037_w3,184,0.12137203166226913
cam037_w3,185,0.3227792436235708
cam037_w3,186,0.01759014951627089
cam037_w3,187,0.002638522427440633
cam037_w3,188,0.0043975373790677225
cam037_w3,189,0.03430079155672823
cam037_w3,190,0.04133685136323659
cam037_w3,191,0.001759014951627089
cam037_w3,192,0.03518029903254178
cam037_w3,193,0.048372911169744945
cam037_w3,194,0.028144239226033423
cam037_w3,195,0.027264731750219876
cam037_w3,196,0.022867194371152155
cam037_w3,197,0.0
cam037_w3,198,0.0
cam037_w3,199,0.011433597185576077
cam037_w3,200,0.0008795074758135445
cam037_w3,201,0.0
cam037_w3,202,0.005277044854881266
cam037_w3,203,0.007036059806508356
cam037_w3,204,0.0
cam037_w3,205,0.007036059806508356
cam037_w3,206,0.016710642040457344
cam037_w3,207,0.0633245382585752
cam037_w3,208,0.04221635883905013
cam037_w3,209,0.0158311345646438
cam037_w3,210,0.012313104661389622
cam037_w3,211,0.05804749340369393
cam037_w3,212,0.028144239226033423
cam037_w3,213,0.02990325417766051
cam037_w3,214,0.027264731750219876
cam037_w3,215,0.012313104661389622
cam037_w3,216,0.016710642040457344
cam037_w3,217,0.027264731750219876
cam037_w3,218,0.055408970976253295
cam037_w3,219,0.22691292875989447
cam037_w3,220,0.005277044854881266
cam037_w3,221,0.0
cam037_w3,222,0.011433597185576077
cam037_w3,223,0.0
cam037_w3,224,0.001759014951627089
cam037_w3,225,0.0
cam037_w3,226,0.0
cam037_w3,227,0.0
cam037_w3,228,0.0
cam037_w3,229,0.013486176668914362
cam037_w3,230,0.0
cam037_w3,231,0.0
cam037_w3,232,0.0
cam037_w3,233,0.0
cam037_w3,234,0.0
cam037_w3,235,0.005394470667565745
cam037_w3,236,0.0
cam037_w3,237,0.023600809170600135
cam037_w3,238,0.019554956169925825
cam037_w3,239,0.05799055967633176
cam037_w3,240,0.06136210384356035
cam037_w3,241,0.0782198246797033
cam037_w3,242,0.12137559002022927
cam037_w3,243,0.23465947403910992
cam037_w3,244,0.16250842886041808
cam037_w3,245,0.08631153068105192
cam037_w3,246,0.07484828051247472
cam037_w3,247,0.045853000674308836
cam037_w3,248,0.24072825354012137
cam037_w3,249,0.11935266351989211
cam037_w3,250,0.03438975050573163
cam037_w3,251,0.03169251517194875
cam037_w3,252,0.07619689817936615
cam037_w3,253,0.06203641267700607
cam037_w3,254,0.11260957518543493
cam037_w3,255,0.39649359406608226
cam037_w3,256,0.0930546190155091
cam037_w3,257,0.11867835468644639
cam037_w3,258,0.0633850303438975
cam037_w3,259,0.012137559002022926
cam037_w3,260,0.012811867835468645
cam037_w3,261,0.015509103169251517
cam037_w3,262,0.02157788267026298
cam037_w3,263,0.03910991233985165
cam037_w3,264,0.027646662171274445
cam037_w3,265,0.02157788267026298
cam037_w3,266,0.0013486176668914363
cam037_w3,267,0.044504383007417395
cam037_w3,268,0.04383007417397168
cam037_w3,269,0.05866486850977748
cam037_w3,270,0.041132838840188805
cam037_w3,271,0.0020229265003371545
cam037_w3,272,0.016857720836142953
cam037_w3,273,0.023600809170600135
cam037_w3,274,0.0006743088334457181
cam037_w3,275,0.008766014834794335
cam037_w3,276,0.052596089008766014
cam037_w3,277,0.0006743088334457181
cam037_w3,278,0.026298044504383007
cam037_w3,279,0.018880647336480108
cam037_w3,280,0.020903573836817263
cam037_w3,281,0.12070128118678354
cam037_w3,282,0.04315576534052596
cam037_w3,283,0.07282535401213756
cam037_w3,284,0.05866486850977748
cam037_w3,285,0.07080242751180041
cam037_w3,286,0.049224544841537425
cam037_w3,287,0.010114632501685773
cam037_w3,288,0.022252191503708697
cam037_w3,289,0.04045853000674309
cam037_w3,290,0.2602832097100472
cam037_w3,291,0.20701281186783546
cam037_w3,292,0.1341874578556979
cam037_w3,293,0.10451786918408631
cam037_w3,294,0.03843560350640594
cam037_w3,295,0.005394470667565745
cam037_w3,296,0.04383007417397168
cam037_w3,297,0.0
cam037_w3,298,0.006743088334457181
cam037_w3,299,0.0
cam037_w3,300,0.0
cam037_w3,301,0.0
cam037_w3,302,0.0
cam037_w3,303,0.0
cam037_w3,304,0.0
cam037_w3,305,0.0
cam037_w3,306,0.0
cam037_w3,307,0.0
cam037_w3,308,0.012592270950933565
cam037_w3,309,0.022579244463742945
cam037_w3,310,0.005210594876248371
cam037_w3,311,0.012592270950933565
cam037_w3,312,0.08423795049934868
cam037_w3,313,0.06513243595310464
cam037_w3,314,0.10638297872340426
cam037_w3,315,0.18801563178462874
cam037_w3,316,0.2957012592270951
cam037_w3,317,0.08423795049934868
cam037_w3,318,0.052105948762483714
cam037_w3,319,0.04776378636561007
cam037_w3,320,0.12939643942683457
cam037_w3,321,0.021710811984368215
cam037_w3,322,0.03864524533217542
cam037_w3,323,0.17108119843682154
cam037_w3,324,0.06773773339122884
cam037_w3,325,0.07121146330872774
cam037_w3,326,0.24012158054711247
cam037_w3,327,0.2700825010855406
cam037_w3,328,0.09986973512809379
cam037_w3,329,0.25010855405992183
cam037_w3,330,0.13156752062527138
cam037_w3,331,0.19583152409900131
cam037_w3,332,0.13417281806339557
cam037_w3,333,0.14893617021276595
cam037_w3,334,0.16326530612244897
cam037_w3,335,0.05123751628310899
cam037_w3,336,0.3347807207989579
cam037_w3,337,0.2957012592270951
cam037_w3,338,0.14372557533651759
cam037_w3,339,0.22709509335649153
cam037_w3,340,0.3078593139383413
cam037_w3,341,0.3942683456361268
cam037_w3,342,0.1033434650455927
cam037_w3,343,0.0316977854971776
cam037_w3,344,0.0790273556231003
cam037_w3,345,0.07251411202778985
cam037_w3,346,0.1654363873208858
cam037_w3,347,0.20495006513243597
cam037_w3,348,0.29135909683022143
cam037_w3,349,0.1532783326096396
cam037_w3,350,0.11593573599652628
cam037_w3,351,0.026487190620929222
cam037_w3,352,0.19062092922275292
cam037_w3,353,0.3677811550151976
cam037_w3,354,0.5154146765089014
cam037_w3,355,0.10811984368215372
cam037_w3,356,0.13156752062527138
cam037_w3,357,0.05123751628310899
cam037_w3,358,0.12852800694745983
cam037_w3,359,0.02518454190186713
cam037_w3,360,0.15414676508901434
cam037_w3,361,0.1328701693443335
cam037_w3,362,0.3773339122883196
cam037_w3,363,0.19496309161962658
cam037_w3,364,0.4294398610508033
cam037_w3,365,0.10594876248371689
cam037_w3,366,0.1519756838905775
cam037_w3,367,0.32739904472427267
cam037_w3,368,0.07381676074685194
cam037_w3,369,0.10551454624402953
cam037_w3,370,0.04732957012592271
cam037_w3,371,0.03517151541467651
cam037_w3,372,0.04689535388623534
cam037_w3,373,0.13330438558402083
cam037_w3,374,0.08771168041684758
cam037_w3,375,0.01606600086843248
cam037_w5,1,0.0
cam037_w5,2,0.0
cam037_w5,3,0.0
cam037_w5,4,0.0030211480362537764
cam037_w5,5,0.0
cam037_w5,6,0.23987915407854984
cam037_w5,7,0.027190332326283987
cam037_w5,8,0.31963746223564954
cam037_w5,9,0.5045317220543807
cam037_w5,10,0.0
cam037_w5,11,0.0006042296072507553
cam037_w5,12,0.0
cam037_w5,13,0.10211480362537764
cam037_w5,14,0.19093655589123867
cam037_w5,15,0.051963746223564956
cam037_w5,16,0.1770392749244713
cam037_w5,17,0.005438066465256798
cam037_w5,18,0.0012084592145015106
cam037_w5,19,0.004229607250755287
cam037_w5,20,0.004833836858006042
cam037_w5,21,0.254380664652568
cam037_w5,22,0.7268882175226586
cam037_w5,23,0.5740181268882175
cam037_w5,24,0.0
cam037_w5,25,0.0
cam037_w5,26,0.004833836858006042
cam037_w5,27,0.00906344410876133
cam037_w5,28,0.015105740181268883
cam037_w5,29,0.0006042296072507553
cam037_w5,30,0.016918429003021148
cam037_w5,31,0.05256797583081571
cam037_w5,32,0.1190332326283988
cam037_w5,33,0.010876132930513595
cam037_w5,34,0.01570996978851964
cam037_w5,35,0.006042296072507553
cam037_w5,36,0.0018126888217522659
cam037_w5,37,0.20785498489425983
cam037_w5,38,0.3987915407854985
cam037_w5,39,0.0
cam037_w5,40,0.0
cam037_w5,41,0.0
cam037_w5,42,0.01027190332326284
cam037_w5,43,0.0
cam037_w5,44,0.0036253776435045317
cam037_w5,45,0.01027190332326284
cam037_w5,46,0.005438066465256798
cam037_w5,47,0.0
cam037_w5,48,0.0030211480362537764
cam037_w5,49,0.02175226586102719
cam037_w5,50,0.0634441087613293
cam037_w5,51,0.0
cam037_w5,52,0.00785498489425982
cam037_w5,53,0.0283987915407855
cam037_w5,54,0.017522658610271902
cam037_w5,55,0.029607250755287008
cam037_w5,56,0.056797583081571
cam037_w5,57,0.01933534743202417
cam037_w5,58,0.01027190332326284
cam037_w5,59,0.002416918429003021
cam037_w5,60,0.004229607250755287
cam037_w5,61,0.045317220543806644
cam037_w5,62,0.03262839879154079
cam037_w5,63,0.013293051359516616
cam037_w5,64,0.0006042296072507553
cam037_w5,65,0.023564954682779457
cam037_w5,66,0.03987915407854985
cam037_w5,67,0.008459214501510574
cam037_w5,68,0.15347432024169183
cam037_w5,69,0.0012084592145015106
cam037_w5,70,0.029607250755287008
cam037_w5,71,0.056193353474320244
cam037_w5,72,0.04894259818731118
cam037_w5,73,0.02054380664652568
cam037_w5,74,0.022356495468277945
cam037_w5,75,0.012084592145015106
cam037_w5,76,0.0
cam037_w5,77,0.002707581227436823
cam037_w5,78,0.0
cam037_w5,79,0.0
cam037_w5,80,0.0
cam037_w5,81,0.0
cam037_w5,82,0.0
cam037_w5,83,0.0
cam037_w5,84,0.0
cam037_w5,85,0.0
cam037_w5,86,0.4259927797833935
cam037_w5,87,0.07220216606498195
cam037_w5,88,0.7635379061371841
cam037_w5,89,0.4927797833935018
cam037_w5,90,0.1272563176895307
cam037_w5,91,0.0036101083032490976
cam037_w5,92,0.3862815884476534
cam037_w5,93,0.7842960288808665
cam037_w5,94,0.48736462093862815
cam037_w5,95,0.15252707581227437
cam037_w5,96,0.2752707581227437
cam037_w5,97,0.008122743682310469
cam037_w5,98,0.07129963898916968
cam037_w5,99,0.3583032490974729
cam037_w5,100,0.06588447653429604
cam037_w5,101,0.10288808664259928
cam037_w5,102,0.058664259927797835
cam037_w5,103,0.7084837545126353
cam037_w5,104,0.17057761732851986
cam037_w5,105,0.08754512635379061
cam037_w5,106,0.024368231046931407
cam037_w5,107,0.05956678700361011
cam037_w5,108,0.023465703971119134
cam037_w5,109,0.3528880866425993
cam037_w5,110,0.07490974729241877
cam037_w5,111,0.0
cam037_w5,112,0.0
cam037_w5,113,0.0
cam037_w5,114,0.0
cam037_w5,115,0.0703971119133574
cam037_w5,116,0.004512635379061372
cam037_w5,117,0.00631768953068592
cam037_w5,118,0.06407942238267147
cam037_w5,119,0.1272563176895307
cam037_w5,120,0.5072202166064982
cam037_w5,121,0.07942238267148015
cam037_w5,122,0.1832129963898917
cam037_w5,123,0.024368231046931407
cam037_w5,124,0.213898916967509
cam037_w5,125,0.44675090252707583
cam037_w5,126,0.046028880866425995
cam037_w5,127,0.23375451263537905
cam037_w5,128,0.09657039711191336
cam037_w5,129,0.009025270758122744
cam037_w5,130,0.12815884476534295
cam037_w5,131,0.0
cam037_w5,132,0.004512635379061372
cam037_w5,133,0.0
cam037_w5,134,0.0
cam037_w5,135,0.0
cam037_w5,136,0.009025270758122744
cam037_w5,137,0.005415162454873646
cam037_w5,138,0.009927797833935019
cam037_w5,139,0.00631768953068592
cam037_w5,140,0.0
cam037_w5,141,0.0036101083032490976
cam037_w5,142,0.05415162454873646
cam037_w5,143,0.0983754512635379
cam037_w5,144,0.036101083032490974
cam037_w5,145,0.007220216606498195
cam037_w5,146,0.00631768953068592
cam037_w5,147,0.02888086642599278
cam037_w5,148,0.0
cam037_w5,149,0.0
cam037_w5,150,0.0
cam037_w5,151,0.0
cam037_w5,152,0.0
cam037_w5,153,0.0
cam037_w5,154,0.0
cam037_w5,155,0.0395778364116095
cam037_w5,156,0.0
cam037_w5,157,0.0
cam037_w5,158,0.0
cam037_w5,159,0.0
cam037_w5,160,0.0
cam037_w5,161,0.0
cam037_w5,162,0.0
cam037_w5,163,0.006156552330694811
cam037_w5,164,0.030782761653474055
cam037_w5,165,0.0
cam037_w5,166,0.016710642040457344
cam037_w5,167,0.1442392260334213
cam037_w5,168,0.16182937554969218
cam037_w5,169,0.51363236587511
cam037_w5,170,0.6772207563764292
cam037_w5,171,0.5716798592788038
cam037_w5,172,0.7739665787159191
cam037_w5,173,0.4635004397537379
cam037_w5,174,0.6209322779243623
cam037_w5,175,0.7695690413368513
cam037_w5,176,0.7440633245382586
cam037_w5,177,0.2726473175021988
cam037_w5,178,0.06860158311345646
cam037_w5,179,0.2532981530343008
cam037_w5,180,0.21372031662269128
cam037_w5,181,0.8786279683377308
cam037_w5,182,0.9313984168865436
cam037_w5,183,0.6965699208443272
cam037_w5,184,0.018469656992084433
cam037_w5,185,0.026385224274406333
cam037_w5,186,0.032541776605101144
cam037_w5,187,0.028144239226033423
cam037_w5,188,0.030782761653474055
cam037_w5,189,0.007036059806508356
cam037_w5,190,0.06596306068601583
cam037_w5,191,0.006156552330694811
cam037_w5,192,0.001759014951627089
cam037_w5,193,0.03430079155672823
cam037_w5,194,0.08619173262972735
cam037_w5,195,0.20580474934036938
cam037_w5,196,0.2339489885664028
cam037_w5,197,0.044854881266490766
cam037_w5,198,0.0043975373790677225
cam037_w5,199,0.01759014951627089
cam037_w5,200,0.021108179419525065
cam037_w5,201,0.014072119613016711
cam037_w5,202,0.0395778364116095
cam037_w5,203,0.0773966578715919
cam037_w5,204,0.03518029903254178
cam037_w5,205,0.056288478452066845
cam037_w5,206,0.021108179419525065
cam037_w5,207,0.10202286719437115
cam037_w5,208,0.09498680738786279
cam037_w5,209,0.044854881266490766
cam037_w5,210,0.05364995602462621
cam037_w5,211,0.006156552330694811
cam037_w5,212,0.008795074758135445
cam037_w5,213,0.027264731750219876
cam037_w5,214,0.0
cam037_w5,215,0.055408970976253295
cam037_w5,216,0.06860158311345646
cam037_w5,217,0.04309586631486367
cam037_w5,218,0.013192612137203167
cam037_w5,219,0.12225153913808268
cam037_w5,220,0.002638522427440633
cam037_w5,221,0.0
cam037_w5,222,0.0008795074758135445
cam037_w5,223,0.0
cam037_w5,224,0.0
cam037_w5,225,0.0
cam037_w5,226,0.0
cam037_w5,227,0.0
cam037_w5,228,0.0
cam037_w5,229,0.0
cam037_w5,230,0.0
cam037_w5,231,0.0
cam037_w5,232,0.002894356005788712
cam037_w5,233,0.0
cam037_w5,234,0.0
cam037_w5,235,0.010130246020260492
cam037_w5,236,0.0
cam037_w5,237,0.007959479015918957
cam037_w5,238,0.0
cam037_w5,239,0.013748191027496382
cam037_w5,240,0.03835021707670044
cam037_w5,241,0.0
cam037_w5,242,0.011577424023154847
cam037_w5,243,0.00361794500723589
cam037_w5,244,0.011577424023154847
cam037_w5,245,0.06222865412445731
cam037_w5,246,0.21852387843704776
cam037_w5,247,0.38133140376266283
cam037_w5,248,0.24167872648335745
cam037_w5,249,0.016642547033285094
cam037_w5,250,0.276410998552822
cam037_w5,251,0.4196816208393632
cam037_w5,252,0.402315484804631
cam037_w5,253,0.2105643994211288
cam037_w5,254,0.6128798842257598
cam037_w5,255,0.1389290882778582
cam037_w5,256,0.1020260492040521
cam037_w5,257,0.012301013024602027
cam037_w5,258,0.0
cam037_w5,259,0.045586107091172216
cam037_w5,260,0.07742402315484805
cam037_w5,261,0.005065123010130246
cam037_w5,262,0.0955137481910275
cam037_w5,263,0.009406657018813314
cam037_w5,264,0.026772793053545588
cam037_w5,265,0.1085383502170767
cam037_w5,266,0.07308248914616498
cam037_w5,267,0.34081041968162085
cam037_w5,268,0.15412445730824892
cam037_w5,269,0.2945007235890014
cam037_w5,270,0.12228654124457308
cam037_w5,271,0.11360347322720694
cam037_w5,272,0.30752532561505064
cam037_w5,273,0.8140376266280752
cam037_w5,274,0.8248914616497829
cam037_w5,275,0.24240231548480462
cam037_w5,276,0.28002894356005786
cam037_w5,277,0.2460202604920405
cam037_w5,278,0.3835021707670043
cam037_w5,279,0.023878437047756874
cam037_w5,280,0.013748191027496382
cam037_w5,281,0.060057887120115776
cam037_w5,282,0.10926193921852388
cam037_w5,283,0.015195369030390739
cam037_w5,284,0.07452966714905933
cam037_w5,285,0.19464544138929088
cam037_w5,286,0.1772793053545586
cam037_w5,287,0.2076700434153401
cam037_w5,288,0.13965267727930536
cam037_w5,289,0.17945007235890015
cam037_w5,290,0.011577424023154847
cam037_w5,291,0.02894356005788712
cam037_w5,292,0.030390738060781478
cam037_w5,293,0.06222865412445731
cam037_w5,294,0.03328509406657019
cam037_w5,295,0.0694645441389291
cam037_w5,296,0.1512301013024602
cam037_w5,297,0.09044862518089725
cam037_w5,298,0.05426917510853835
cam037_w5,299,0.023154848046309694
cam037_w5,300,0.0
cam037_w5,301,0.0013026487190620929
cam037_w5,302,0.0
cam037_w5,303,0.0
cam037_w5,304,0.0
cam037_w5,305,0.0060790273556231
cam037_w5,306,0.005210594876248371
cam037_w5,307,0.007381676074685193
cam037_w5,308,0.0
cam037_w5,309,0.03300043421623969
cam037_w5,310,0.02214502822405558
cam037_w5,311,0.02518454190186713
cam037_w5,312,0.06513243595310464
cam037_w5,313,0.0
cam037_w5,314,0.03300043421623969
cam037_w5,315,0.0017368649587494573
cam037_w5,316,0.056882327399044724
cam037_w5,317,0.08467216673903603
cam037_w5,318,0.1910551454624403
cam037_w5,319,0.08206686930091185
cam037_w5,320,0.30742509769865395
cam037_w5,321,0.16891011723838473
cam037_w5,322,0.18584455058619193
cam037_w5,323,0.2900564481111594
cam037_w5,324,0.5488493269648285
cam037_w5,325,0.4072948328267477
cam037_w5,326,0.23447676943117673
cam037_w5,327,0.11593573599652628
cam037_w5,328,0.5401650021710812
cam037_w5,329,0.2765957446808511
cam037_w5,330,0.45592705167173253
cam037_w5,331,0.2032132001736865
cam037_w5,332,0.1762917933130699
cam037_w5,333,0.6925749023013461
cam037_w5,334,0.09465914025184542
cam037_w5,335,0.26313504125054277
cam037_w5,336,0.2822405557967868
cam037_w5,337,0.1593573599652627
cam037_w5,338,0.41641337386018235
cam037_w5,339,0.12722535822839776
cam037_w5,340,0.08380373425966131
cam037_w5,341,0.08597481545809814
cam037_w5,342,0.02127659574468085
cam037_w5,343,0.11810681719496309
cam037_w5,344,0.16977854971775944
cam037_w5,345,0.26660877116804166
cam037_w5,346,0.07598784194528875
cam037_w5,347,0.26226660877116803
cam037_w5,348,0.052974381241858444
cam037_w5,349,0.13243595310464612
cam037_w5,350,0.07034303082935302
cam037_w5,351,0.08858011289622232
cam037_w5,352,0.029960920538428137
cam037_w5,353,0.015197568389057751
cam037_w5,354,0.07468519322622666
cam037_w5,355,0.20017368649587494
cam037_w5,356,0.5853234910985671
cam037_w5,357,0.2579244463742944
cam037_w5,358,0.3017802865827182
cam037_w5,359,0.18931828050369084
cam037_w5,360,0.05123751628310899
cam037_w5,361,0.0316977854971776
cam037_w5,362,0.07034303082935302
cam037_w5,363,0.013894919669995658
cam037_w5,364,0.03473729917498915
cam037_w5,365,0.05080330004342162
cam037_w5,366,0.02822405557967868
cam037_w5,367,0.04819800260529744
cam037_w5,368,0.05036908380373426
cam037_w5,369,0.07077724706904039
cam037_w5,370,0.02127659574468085
cam037_w5,371,0.10725141120277898
cam037_w5,372,0.06513243595310464
cam037_w5,373,0.12462006079027356
cam037_w5,374,0.0755536257056014
cam037_w5,375,0.12027789839339992
cam037_w6,1,0.0
cam037_w6,2,0.0
cam037_w6,3,0.33636363636363636
cam037_w6,4,0.3422077922077922
cam037_w6,5,0.026623376623376622
cam037_w6,6,0.16948051948051948
cam037_w6,7,0.4688311688311688
cam037_w6,8,0.09610389610389611
cam037_w6,9,0.007792207792207792
cam037_w6,10,0.012337662337662338
cam037_w6,11,0.5168831168831168
cam037_w6,12,0.6006493506493507
cam037_w6,13,0.15844155844155844
cam037_w6,14,0.6272727272727273
cam037_w6,15,0.5246753246753246
cam037_w6,16,0.24805194805194805
cam037_w6,17,0.07142857142857142
cam037_w6,18,0.05584415584415584
cam037_w6,19,0.9558441558441558
cam037_w6,20,0.8467532467532467
cam037_w6,21,0.6149350649350649
cam037_w6,22,0.35584415584415585
cam037_w6,23,0.20064935064935066
cam037_w6,24,0.4616883116883117
cam037_w6,25,0.8668831168831169
cam037_w6,26,0.37402597402597404
cam037_w6,27,0.7922077922077922
cam037_w6,28,0.9798701298701299
cam037_w6,29,0.8409090909090909
cam037_w6,30,0.08116883116883117
cam037_w6,31,0.17727272727272728
cam037_w6,32,0.07727272727272727
cam037_w6,33,0.07077922077922078
cam037_w6,34,0.013636363636363636
cam037_w6,35,0.537012987012987
cam037_w6,36,0.1603896103896104
cam037_w6,37,0.1279220779220779
cam037_w6,38,0.045454545454545456
cam037_w6,39,0.01883116883116883
cam037_w6,40,0.06753246753246753
cam037_w6,41,0.007792207792207792
cam037_w6,42,0.003246753246753247
cam037_w6,43,0.07987012987012987
cam037_w6,44,0.10974025974025974
cam037_w6,45,0.24155844155844156
cam037_w6,46,0.0
cam037_w6,47,0.07012987012987013
cam037_w6,48,0.0
cam037_w6,49,0.046103896103896105
cam037_w6,50,0.005194805194805195
cam037_w6,51,0.01818181818181818
cam037_w6,52,0.025974025974025976
cam037_w6,53,0.052597402597402594
cam037_w6,54,0.18961038961038962
cam037_w6,55,0.0
cam037_w6,56,0.24675324675324675
cam037_w6,57,0.02727272727272727
cam037_w6,58,0.06233766233766234
cam037_w6,59,0.11688311688311688
cam037_w6,60,0.004545454545454545
cam037_w6,61,0.014935064935064935
cam037_w6,62,0.01038961038961039
cam037_w6,63,0.006493506493506494
cam037_w6,64,0.00974025974025974
cam037_w6,65,0.08701298701298701
cam037_w6,66,0.17337662337662338
cam037_w6,67,0.13116883116883116
cam037_w6,68,0.2961038961038961
cam037_w6,69,0.2474025974025974
cam037_w6,70,0.02922077922077922
cam037_w6,71,0.008441558441558441
cam037_w6,72,0.0
cam037_w6,73,0.04025974025974026
cam037_w6,74,0.0
cam037_w6,75,0.0
cam037_w6,76,0.0
cam037_w6,77,0.0
cam037_w6,78,0.0
cam037_w6,79,0.0
cam037_w6,80,0.0
cam037_w6,81,0.0
cam037_w6,82,0.0
cam037_w6,83,0.0
cam037_w6,84,0.016979445933869526
cam037_w6,85,0.0
cam037_w6,86,0.0
cam037_w6,87,0.021447721179624665
cam037_w6,88,0.18498659517426275
cam037_w6,89,0.0580875781948168
cam037_w6,90,0.016979445933869526
cam037_w6,91,0.0420017873100983
cam037_w6,92,0.4155495978552279
cam037_w6,93,0.0
cam037_w6,94,0.0017873100983020554
cam037_w6,95,0.12779267202859695
cam037_w6,96,0.050044682752457555
cam037_w6,97,0.022341376228775692
cam037_w6,98,0.04289544235924933
cam037_w6,99,0.46112600536193027
cam037_w6,100,0.09919571045576407
cam037_w6,101,0.09740840035746202
cam037_w6,102,0.09830205540661305
cam037_w6,103,0.22788203753351208
cam037_w6,104,0.0
cam037_w6,105,0.02323503127792672
cam037_w6,106,0.020554066130473638
cam037_w6,107,0.00804289544235925
cam037_w6,108,0.14924039320822163
cam037_w6,109,0.020554066130473638
cam037_w6,110,0.01966041108132261
cam037_w6,111,0.34584450402144773
cam037_w6,112,0.23771224307417338
cam037_w6,113,0.7256478999106345
cam037_w6,114,0.10723860589812333
cam037_w6,115,0.0008936550491510277
cam037_w6,116,0.6747095621090259
cam037_w6,117,0.5049151027703307
cam037_w6,118,0.5781948168007149
cam037_w6,119,0.484361036639857
cam037_w6,120,0.7453083109919572
cam037_w6,121,0.258266309204647
cam037_w6,122,0.23771224307417338
cam037_w6,123,0.32171581769436997
cam037_w6,124,0.08221626452189455
cam037_w6,125,0.1742627345844504
cam037_w6,126,0.004468275245755138
cam037_w6,127,0.0071492403932082215
cam037_w6,128,0.012511170688114389
cam037_w6,129,0.0
cam037_w6,130,0.025022341376228777
cam037_w6,131,0.00804289544235925
cam037_w6,132,0.0017873100983020554
cam037_w6,133,0.0
cam037_w6,134,0.0
cam037_w6,135,0.006255585344057194
cam037_w6,136,0.0
cam037_w6,137,0.0
cam037_w6,138,0.0
cam037_w6,139,0.0
cam037_w6,140,0.01876675603217158
cam037_w6,141,0.04736371760500447
cam037_w6,142,0.07149240393208221
cam037_w6,143,0.0017873100983020554
cam037_w6,144,0.009830205540661306
cam037_w6,145,0.03038427167113494
cam037_w6,146,0.0
cam037_w6,147,0.0
cam037_w6,148,0.0
cam037_w6,149,0.0
cam037_w6,150,0.0
cam037_w6,151,0.0
cam037_w6,152,0.0
cam037_w6,153,0.0
cam037_w6,154,0.0
cam037_w6,155,0.012313104661389622
cam037_w6,156,0.0
cam037_w6,157,0.0
cam037_w6,158,0.0
cam037_w6,159,0.0
cam037_w6,160,0.008795074758135445
cam037_w6,161,0.0
cam037_w6,162,0.0
cam037_w6,163,0.0
cam037_w6,164,0.04925241864555849
cam037_w6,165,0.030782761653474055
cam037_w6,166,0.0
cam037_w6,167,0.04133685136323659
cam037_w6,168,0.19085312225153914
cam037_w6,169,0.1864555848724714
cam037_w6,170,0.158311345646438
cam037_w6,171,0.19085312225153914
cam037_w6,172,0.7080035180299032
cam037_w6,173,0.9498680738786279
cam037_w6,174,0.940193491644679
cam037_w6,175,0.4547053649956025
cam037_w6,176,0.7941952506596306
cam037_w6,177,0.8496042216358839
cam037_w6,178,0.03518029903254178
cam037_w6,179,0.1424802110817942
cam037_w6,180,0.09762532981530343
cam037_w6,181,0.19349164467897978
cam037_w6,182,0.0008795074758135445
cam037_w6,183,0.04397537379067722
cam037_w6,184,0.2911169744942832
cam037_w6,185,0.014951627088830254
cam037_w6,186,0.0008795074758135445
cam037_w6,187,0.13192612137203166
cam037_w6,188,0.044854881266490766
cam037_w6,189,0.06948109058927
cam037_w6,190,0.14335971855760773
cam037_w6,191,0.0
cam037_w6,192,0.023746701846965697
cam037_w6,193,0.024626209322779244
cam037_w6,194,0.021108179419525065
cam037_w6,195,0.10817941952506596
cam037_w6,196,0.03518029903254178
cam037_w6,197,0.0043975373790677225
cam037_w6,198,0.008795074758135445
cam037_w6,199,0.0
cam037_w6,200,0.03869832893579595
cam037_w6,201,0.0
cam037_w6,202,0.0
cam037_w6,203,0.0
cam037_w6,204,0.0043975373790677225
cam037_w6,205,0.0079155672823219
cam037_w6,206,0.0
cam037_w6,207,0.0008795074758135445
cam037_w6,208,0.003518029903254178
cam037_w6,209,0.0043975373790677225
cam037_w6,210,0.006156552330694811
cam037_w6,211,0.0043975373790677225
cam037_w6,212,0.0
cam037_w6,213,0.006156552330694811
cam037_w6,214,0.0
cam037_w6,215,0.02990325417766051
cam037_w6,216,0.04925241864555849
cam037_w6,217,0.023746701846965697
cam037_w6,218,0.022867194371152155
cam037_w6,219,0.006156552330694811
cam037_w6,220,0.002638522427440633
cam037_w6,221,0.009674582233948988
cam037_w6,222,0.002638522427440633
cam037_w6,223,0.002638522427440633
cam037_w6,224,0.003518029903254178
cam037_w6,225,0.020228671943711522
cam037_w6,226,0.0015444015444015444
cam037_w6,227,0.019305019305019305
cam037_w6,228,0.0
cam037_w6,229,0.0
cam037_w6,230,0.0
cam037_w6,231,0.0
cam037_w6,232,0.0
cam037_w6,233,0.0
cam037_w6,234,0.003861003861003861
cam037_w6,235,0.0
cam037_w6,236,0.0
cam037_w6,237,0.0
cam037_w6,238,0.0007722007722007722
cam037_w6,239,0.0
cam037_w6,240,0.11428571428571428
cam037_w6,241,0.019305019305019305
cam037_w6,242,0.06023166023166023
cam037_w6,243,0.14594594594594595
cam037_w6,244,0.023938223938223938
cam037_w6,245,0.1861003861003861
cam037_w6,246,0.05019305019305019
cam037_w6,247,0.11274131274131274
cam037_w6,248,0.044015444015444015
cam037_w6,249,0.20617760617760617
cam037_w6,250,0.11737451737451737
cam037_w6,251,0.23783783783783785
cam037_w6,252,0.34054054054054056
cam037_w6,253,0.19613899613899613
cam037_w6,254,0.044787644787644784
cam037_w6,255,0.015444015444015444
cam037_w6,256,0.14826254826254825
cam037_w6,257,0.04247104247104247
cam037_w6,258,0.0749034749034749
cam037_w6,259,0.34054054054054056
cam037_w6,260,0.24478764478764478
cam037_w6,261,0.030115830115830116
cam037_w6,262,0.05868725868725869
cam037_w6,263,0.03552123552123552
cam037_w6,264,0.1305019305019305
cam037_w6,265,0.021621621621621623
cam037_w6,266,0.17142857142857143
cam037_w6,267,0.03861003861003861
cam037_w6,268,0.0
cam037_w6,269,0.0
cam037_w6,270,0.03166023166023166
cam037_w6,271,0.21621621621621623
cam037_w6,272,0.013127413127413128
cam037_w6,273,0.005405405405405406
cam037_w6,274,0.0
cam037_w6,275,0.0
cam037_w6,276,0.02702702702702703
cam037_w6,277,0.003861003861003861
cam037_w6,278,0.004633204633204633
cam037_w6,279,0.03088803088803089
cam037_w6,280,0.0416988416988417
cam037_w6,281,0.07258687258687259
cam037_w6,282,0.010810810810810811
cam037_w6,283,0.022393822393822392
cam037_w6,284,0.016216216216216217
cam037_w6,285,0.008494208494208495
cam037_w6,286,0.04942084942084942
cam037_w6,287,0.054826254826254826
cam037_w6,288,0.040926640926640924
cam037_w6,289,0.010810810810810811
cam037_w6,290,0.04633204633204633
cam037_w6,291,0.06486486486486487
cam037_w6,292,0.0015444015444015444
cam037_w6,293,0.07335907335907337
cam037_w6,294,0.033204633204633204
cam037_w6,295,0.122007722007722
cam037_w6,296,0.17606177606177606
cam037_w6,297,0.012355212355212355
cam037_w6,298,0.010038610038610039
cam037_w6,299,0.0
cam037_w6,300,0.0
cam037_w6,301,0.06657088122605365
cam037_w6,302,0.10584291187739464
cam037_w6,303,0.0004789272030651341
cam037_w6,304,0.0
cam037_w6,305,0.022509578544061302
cam037_w6,306,0.011015325670498084
cam037_w6,307,0.020114942528735632
cam037_w6,308,0.025383141762452106
cam037_w6,309,0.0
cam037_w6,310,0.0
cam037_w6,311,0.07710727969348659
cam037_w6,312,0.044061302681992334
cam037_w6,313,0.041666666666666664
cam037_w6,314,0.02586206896551724
cam037_w6,315,0.12308429118773946
cam037_w6,316,0.022988505747126436
cam037_w6,317,0.14511494252873564
cam037_w6,318,0.07183908045977011
cam037_w6,319,0.1206896551724138
cam037_w6,320,0.04597701149425287
cam037_w6,321,0.11063218390804598
cam037_w6,322,0.11685823754789272
cam037_w6,323,0.20450191570881227
cam037_w6,324,0.09339080459770115
cam037_w6,325,0.02825670498084291
cam037_w6,326,0.10153256704980843
cam037_w6,327,0.07519157088122605
cam037_w6,328,0.11542145593869732
cam037_w6,329,0.15134099616858238
cam037_w6,330,0.20593869731800765
cam037_w6,331,0.05651340996168582
cam037_w6,332,0.23467432950191572
cam037_w6,333,0.28975095785440613
cam037_w6,334,0.28160919540229884
cam037_w6,335,0.23754789272030652
cam037_w6,336,0.23419540229885058
cam037_w6,337,0.11159003831417624
cam037_w6,338,0.12452107279693486
cam037_w6,339,0.1307471264367816
cam037_w6,340,0.13170498084291188
cam037_w6,341,0.08764367816091954
cam037_w6,342,0.08908045977011494
cam037_w6,343,0.09482758620689655
cam037_w6,344,0.24377394636015326
cam037_w6,345,0.05699233716475096
cam037_w6,346,0.0617816091954023
cam037_w6,347,0.044061302681992334
cam037_w6,348,0.1882183908045977
cam037_w6,349,0.20306513409961685
cam037_w6,350,0.2217432950191571
cam037_w6,351,0.009578544061302681
cam037_w6,352,0.16666666666666666
cam037_w6,353,0.2600574712643678
cam037_w6,354,0.2164750957854406
cam037_w6,355,0.3184865900383142
cam037_w6,356,0.1053639846743295
cam037_w6,357,0.05986590038314176
cam037_w6,358,0.1585249042145594
cam037_w6,359,0.26053639846743293
cam037_w6,360,0.06944444444444445
cam037_w6,361,0.04980842911877394
cam037_w6,362,0.11877394636015326
cam037_w6,363,0.05507662835249042
cam037_w6,364,0.07519157088122605
cam037_w6,365,0.01293103448275862
cam037_w6,366,0.006704980842911878
cam037_w6,367,0.06226053639846743
cam037_w6,368,0.05890804597701149
cam037_w6,369,0.016762452107279693
cam037_w6,370,0.006704980842911878
cam037_w6,371,0.004310344827586207
cam037_w6,372,0.05124521072796935
cam037_w6,373,0.07231800766283525
cam037_w6,374,0.06130268199233716
cam037_w6,375,0.1503831417624521
cam228_w1,1,0.0
cam228_w1,2,0.0
cam228_w1,3,0.0
cam228_w1,4,0.0
cam228_w1,5,0.34023854362837413
cam228_w1,6,0.47206528562460764
cam228_w1,7,0.26051475204017577
cam228_w1,8,0.224105461393597
cam228_w1,9,0.20652856246076584
cam228_w1,10,0.10106716886377903
cam228_w1,11,0.2222222222222222
cam228_w1,12,0.192090395480226
cam228_w1,13,0.2642812303829253
cam228_w1,14,0.15630885122410546
cam228_w1,15,0.050219711236660386
cam228_w1,16,0.07972379158819837
cam228_w1,17,0.003138731952291274
cam228_w1,18,0.0
cam228_w1,19,0.0
cam228_w1,20,0.01820464532328939
cam228_w1,21,0.03515379786566227
cam228_w1,22,0.007532956685499058
cam228_w1,23,0.096045197740113
cam228_w1,24,0.025109855618330193
cam228_w1,25,0.0194601381042059
cam228_w1,26,0.03452605147520402
cam228_w1,27,0.010043942247332079
cam228_w1,28,0.0
cam228_w1,29,0.0
cam228_w1,30,0.22849968612680477
cam228_w1,31,0.5806654111738857
cam228_w1,32,0.9259259259259259
cam228_w1,33,0.7263025737602009
cam228_w1,34,0.0
cam228_w1,35,0.0
cam228_w1,36,0.0
cam228_w1,37,0.004394224733207784
cam228_w1,38,0.0
cam228_w1,39,0.0
cam228_w1,40,0.0
cam228_w1,41,0.0
cam228_w1,42,0.003138731952291274
cam228_w1,43,0.0
cam228_w1,44,0.0
cam228_w1,45,0.0
cam228_w1,46,0.0
cam228_w1,47,0.0
cam228_w1,48,0.0
cam228_w1,49,0.0
cam228_w1,50,0.0
cam228_w1,51,0.0
cam228_w1,52,0.0
cam228_w1,53,0.0
cam228_w1,54,0.013182674199623353
cam228_w1,55,0.0
cam228_w1,56,0.0
cam228_w1,57,0.0
cam228_w1,58,0.0
cam228_w1,59,0.0
cam228_w1,60,0.0
cam228_w1,61,0.008160703075957313
cam228_w1,62,0.0
cam228_w1,63,0.0
cam228_w1,64,0.0
cam228_w1,65,0.0006277463904582549
cam228_w1,66,0.020087884494664157
cam228_w1,67,0.0
cam228_w1,68,0.0
cam228_w1,69,0.0
cam228_w1,70,0.0025109855618330196
cam228_w1,71,0.008788449466415568
cam228_w1,72,0.0
cam228_w1,73,0.0
cam228_w1,74,0.0
cam228_w1,75,0.0
cam228_w1,76,0.0
cam228_w1,77,0.0
cam228_w1,78,0.0
cam228_w1,79,0.0
cam228_w1,80,0.0
cam228_w1,81,0.0
cam228_w1,82,0.0
cam228_w1,83,0.0
cam228_w1,84,0.0
cam228_w1,85,0.0
cam228_w1,86,0.0
cam228_w1,87,0.0
cam228_w1,88,0.0
cam228_w1,89,0.0
cam228_w1,90,0.0
cam228_w1,91,0.06498194945848375
cam228_w1,92,0.18231046931407943
cam228_w1,93,0.06498194945848375
cam228_w1,94,0.13176895306859207
cam228_w1,95,0.08212996389891697
cam228_w1,96,0.25902527075812276
cam228_w1,97,0.01444043321299639
cam228_w1,98,0.15342960288808663
cam228_w1,99,0.14530685920577618
cam228_w1,100,0.48736462093862815
cam228_w1,101,0.04332129963898917
cam228_w1,102,0.3935018050541516
cam228_w1,103,0.12003610108303249
cam228_w1,104,0.5866425992779783
cam228_w1,105,0.27346570397111913
cam228_w1,106,0.1931407942238267
cam228_w1,107,0.0
cam228_w1,108,0.026173285198555957
cam228_w1,109,0.0
cam228_w1,110,0.08483754512635379
cam228_w1,111,0.0
cam228_w1,112,0.0
cam228_w1,113,0.007220216606498195
cam228_w1,114,0.0
cam228_w1,115,0.03790613718411552
cam228_w1,116,0.1615523465703971
cam228_w1,117,0.010830324909747292
cam228_w1,118,0.0
cam228_w1,119,0.0
cam228_w1,120,0.013537906137184115
cam228_w1,121,0.18411552346570398
cam228_w1,122,0.2518050541516246
cam228_w1,123,0.3871841155234657
cam228_w1,124,0.5333935018050542
cam228_w1,125,0.4693140794223827
cam228_w1,126,0.046028880866425995
cam228_w1,127,0.1164259927797834
cam228_w1,128,0.0
cam228_w1,129,0.01263537906137184
cam228_w1,130,0.0009025270758122744
cam228_w1,131,0.0
cam228_w1,132,0.0
cam228_w1,133,0.0
cam228_w1,134,0.0
cam228_w1,135,0.0
cam228_w1,136,0.0
cam228_w1,137,0.0
cam228_w1,138,0.0
cam228_w1,139,0.0
cam228_w1,140,0.0
cam228_w1,141,0.0
cam228_w1,142,0.0
cam228_w1,143,0.04061371841155235
cam228_w1,144,0.0
cam228_w1,145,0.0
cam228_w1,146,0.0
cam228_w1,147,0.0
cam228_w1,148,0.0
cam228_w1,149,0.0
cam228_w1,150,0.0
cam228_w1,151,0.0
cam228_w1,152,0.0
cam228_w1,153,0.0
cam228_w1,154,0.0
cam228_w1,155,0.0
cam228_w1,156,0.0
cam228_w1,157,0.0
cam228_w1,158,0.0
cam228_w1,159,0.0
cam228_w1,160,0.0
cam228_w1,161,0.0
cam228_w1,162,0.0
cam228_w1,163,0.0
cam228_w1,164,0.0
cam228_w1,165,0.0
cam228_w1,166,0.0
cam228_w1,167,0.0
cam228_w1,168,0.0012106537530266344
cam228_w1,169,0.03268765133171913
cam228_w1,170,0.0
cam228_w1,171,0.0036319612590799033
cam228_w1,172,0.0
cam228_w1,173,0.04963680387409201
cam228_w1,174,0.11138014527845036
cam228_w1,175,0.211864406779661
cam228_w1,176,0.05569007263922518
cam228_w1,177,0.0
cam228_w1,178,0.0
cam228_w1,179,0.004842615012106538
cam228_w1,180,0.49515738498789347
cam228_w1,181,0.08716707021791767
cam228_w1,182,0.03753026634382567
cam228_w1,183,0.0
cam228_w1,184,0.42736077481840196
cam228_w1,185,0.17796610169491525
cam228_w1,186,0.3159806295399516
cam228_w1,187,0.32566585956416466
cam228_w1,188,0.01937046004842615
cam228_w1,189,0.01694915254237288
cam228_w1,190,0.048426150121065374
cam228_w1,191,0.0774818401937046
cam228_w1,192,0.07142857142857142
cam228_w1,193,0.05690072639225181
cam228_w1,194,0.0
cam228_w1,195,0.0
cam228_w1,196,0.0
cam228_w1,197,0.0
cam228_w1,198,0.0
cam228_w1,199,0.0
cam228_w1,200,0.0
cam228_w1,201,0.0
cam228_w1,202,0.0
cam228_w1,203,0.0
cam228_w1,204,0.0
cam228_w1,205,0.0
cam228_w1,206,0.0
cam228_w1,207,0.0
cam228_w1,208,0.0
cam228_w1,209,0.0
cam228_w1,210,0.0
cam228_w1,211,0.01694915254237288
cam228_w1,212,0.0
cam228_w1,213,0.00847457627118644
cam228_w1,214,0.02784503631961259
cam228_w1,215,0.0
cam228_w1,216,0.002421307506053269
cam228_w1,217,0.0
cam228_w1,218,0.0
cam228_w1,219,0.0
cam228_w1,220,0.0012106537530266344
cam228_w1,221,0.0
cam228_w1,222,0.0
cam228_w1,223,0.0
cam228_w1,224,0.0
cam228_w1,225,0.0
cam228_w1,226,0.0
cam228_w1,227,0.000744047619047619
cam228_w1,228,0.0
cam228_w1,229,0.0
cam228_w1,230,0.0
cam228_w1,231,0.0
cam228_w1,232,0.031994047619047616
cam228_w1,233,0.0
cam228_w1,234,0.0
cam228_w1,235,0.03571428571428571
cam228_w1,236,0.09970238095238096
cam228_w1,237,0.18601190476190477
cam228_w1,238,0.21800595238095238
cam228_w1,239,0.109375
cam228_w1,240,0.13095238095238096
cam228_w1,241,0.17708333333333334
cam228_w1,242,0.008928571428571428
cam228_w1,243,0.002976190476190476
cam228_w1,244,0.02976190476190476
cam228_w1,245,0.109375
cam228_w1,246,0.046875
cam228_w1,247,0.6584821428571429
cam228_w1,248,0.4642857142857143
cam228_w1,249,0.6450892857142857
cam228_w1,250,0.06324404761904762
cam228_w1,251,0.15252976190476192
cam228_w1,252,0.013392857142857142
cam228_w1,253,0.047619047619047616
cam228_w1,254,0.04538690476190476
cam228_w1,255,0.03422619047619048
cam228_w1,256,0.012648809523809524
cam228_w1,257,0.004464285714285714
cam228_w1,258,0.0
cam228_w1,259,0.020089285714285716
cam228_w1,260,0.0
cam228_w1,261,0.001488095238095238
cam228_w1,262,0.0
cam228_w1,263,0.003720238095238095
cam228_w1,264,0.002976190476190476
cam228_w1,265,0.00744047619047619
cam228_w1,266,0.001488095238095238
cam228_w1,267,0.058779761904761904
cam228_w1,268,0.026041666666666668
cam228_w1,269,0.0
cam228_w1,270,0.0
cam228_w1,271,0.0
cam228_w1,272,0.013392857142857142
cam228_w1,273,0.033482142857142856
cam228_w1,274,0.04017857142857143
cam228_w1,275,0.043154761904761904
cam228_w1,276,0.023809523809523808
cam228_w1,277,0.01711309523809524
cam228_w1,278,0.00744047619047619
cam228_w1,279,0.08779761904761904
cam228_w1,280,0.005952380952380952
cam228_w1,281,0.00818452380952381
cam228_w1,282,0.000744047619047619
cam228_w1,283,0.023065476190476192
cam228_w1,284,0.03794642857142857
cam228_w1,285,0.28720238095238093
cam228_w1,286,0.10714285714285714
cam228_w1,287,0.005208333333333333
cam228_w1,288,0.02976190476190476
cam228_w1,289,0.0
cam228_w1,290,0.002976190476190476
cam228_w1,291,0.1793154761904762
cam228_w1,292,0.017857142857142856
cam228_w1,293,0.16220238095238096
cam228_w1,294,0.0
cam228_w1,295,0.0
cam228_w1,296,0.008928571428571428
cam228_w1,297,0.0
cam228_w1,298,0.0
cam228_w1,299,0.006696428571428571
cam228_w1,300,0.0
cam228_w1,301,0.0
cam228_w1,302,0.0
cam228_w1,303,0.0
cam228_w1,304,0.0
cam228_w1,305,0.0
cam228_w1,306,0.0
cam228_w1,307,0.0
cam228_w1,308,0.0
cam228_w1,309,0.0
cam228_w1,310,0.0
cam228_w1,311,0.00914235959947758
cam228_w1,312,0.0
cam228_w1,313,0.011754462342185459
cam228_w1,314,0.07879843273835438
cam228_w1,315,0.0
cam228_w1,316,0.012625163256421419
cam228_w1,317,0.01915542011319112
cam228_w1,318,0.08489333913800609
cam228_w1,319,0.026556377884196777
cam228_w1,320,0.07575097953852851
cam228_w1,321,0.006965607313887679
cam228_w1,322,0.06007836308228123
cam228_w1,323,0.14410100130605139
cam228_w1,324,0.14888985633434915
cam228_w1,325,0.01654331737048324
cam228_w1,326,0.1110143665650849
cam228_w1,327,0.09011754462342185
cam228_w1,328,0.00261210274270788
cam228_w1,329,0.0108837614279495
cam228_w1,330,0.00130605137135394
cam228_w1,331,0.0174140182847192
cam228_w1,332,0.00043535045711797995
cam228_w1,333,0.048759251197213756
cam228_w1,334,0.035263387026556375
cam228_w1,335,0.12929908576404006
cam228_w1,336,0.04440574662603396
cam228_w1,337,0.1345232912494558
cam228_w1,338,0.17675228558989986
cam228_w1,339,0.23813670004353504
cam228_w1,340,0.07357422725293862
cam228_w1,341,0.23987810187200698
cam228_w1,342,0.16456247279059644
cam228_w1,343,0.21506312581628212
cam228_w1,344,0.10404875925119722
cam228_w1,345,0.17457553330430997
cam228_w1,346,0.09490639965171964
cam228_w1,347,0.03134523291249456
cam228_w1,348,0.0
cam228_w1,349,0.03090988245537658
cam228_w1,350,0.0060949063996517195
cam228_w1,351,0.2194166303874619
cam228_w1,352,0.19286025250326513
cam228_w1,353,0.07792773182411841
cam228_w1,354,0.29516760992599045
cam228_w1,355,0.17022202873313017
cam228_w1,356,0.1719634305616021
cam228_w1,357,0.08750544188071398
cam228_w1,358,0.026121027427078797
cam228_w1,359,0.14192424902046147
cam228_w1,360,0.01044841097083152
cam228_w1,361,0.0
cam228_w1,362,0.11928602525032651
cam228_w1,363,0.00261210274270788
cam228_w1,364,0.022638223770134958
cam228_w1,365,0.00957771005659556
cam228_w1,366,0.09838920330866348
cam228_w1,367,0.014801915542011318
cam228_w1,368,0.026991728341314757
cam228_w1,369,0.030474531998258596
cam228_w1,370,0.00914235959947758
cam228_w1,371,0.030039181541140617
cam228_w1,372,0.07270352633870265
cam228_w1,373,0.0030474531998258597
cam228_w1,374,0.09229429690901175
cam228_w1,375,0.0034828036569438396
cam228_w2,1,0.20218931101094656
cam228_w2,2,0.10688989053444946
cam228_w2,3,0.08435286542176433
cam228_w2,4,0.2343850611719253
cam228_w2,5,0.17578879587894397
cam228_w2,6,0.037990985189954925
cam228_w2,7,0.10946555054732775
cam228_w2,8,0.005795235028976175
cam228_w2,9,0.03734707018673535
cam228_w2,10,0.07405022537025113
cam228_w2,11,0.003219575016097875
cam228_w2,12,0.038634900193174504
cam228_w2,13,0.018673535093367676
cam228_w2,14,0.0824211204121056
cam228_w2,15,0.06761107533805538
cam228_w2,16,0.10173857050869285
cam228_w2,17,0.0
cam228_w2,18,0.0
cam228_w2,19,0.3071474565357373
cam228_w2,20,0.0103026400515132
cam228_w2,21,0.2517707662588538
cam228_w2,22,0.14101738570508693
cam228_w2,23,0.06889890534449453
cam228_w2,24,0.12298776561493883
cam228_w2,25,0.38570508692852545
cam228_w2,26,0.10109465550547328
cam228_w2,27,0.6709594333547971
cam228_w2,28,0.7430779137153896
cam228_w2,29,0.2904056664520283
cam228_w2,30,0.0540888602704443
cam228_w2,31,0.0
cam228_w2,32,0.0
cam228_w2,33,0.0
cam228_w2,34,0.061171925305859624
cam228_w2,35,0.0
cam228_w2,36,0.0
cam228_w2,37,0.0
cam228_w2,38,0.0
cam228_w2,39,0.0
cam228_w2,40,0.0
cam228_w2,41,0.0
cam228_w2,42,0.0
cam228_w2,43,0.0
cam228_w2,44,0.0
cam228_w2,45,0.021249195106245976
cam228_w2,46,0.0
cam228_w2,47,0.0
cam228_w2,48,0.0
cam228_w2,49,0.0
cam228_w2,50,0.0
cam228_w2,51,0.03670315518351577
cam228_w2,52,0.07533805537669028
cam228_w2,53,0.0231809401159047
cam228_w2,54,0.022537025112685124
cam228_w2,55,0.0
cam228_w2,56,0.009658725048293626
cam228_w2,57,0.0051513200257566
cam228_w2,58,0.0
cam228_w2,59,0.0025756600128783
cam228_w2,60,0.0
cam228_w2,61,0.0128783000643915
cam228_w2,62,0.0
cam228_w2,63,0.0
cam228_w2,64,0.0
cam228_w2,65,0.0019317450096587251
cam228_w2,66,0.0
cam228_w2,67,0.009658725048293626
cam228_w2,68,0.0070830650354153256
cam228_w2,69,0.0
cam228_w2,70,0.0
cam228_w2,71,0.0
cam228_w2,72,0.0
cam228_w2,73,0.0
cam228_w2,74,0.0
cam228_w2,75,0.0
cam228_w2,76,0.0
cam228_w2,77,0.0
cam228_w2,78,0.0
cam228_w2,79,0.0
cam228_w2,80,0.0
cam228_w2,81,0.0
cam228_w2,82,0.0
cam228_w2,83,0.0
cam228_w2,84,0.019980970504281638
cam228_w2,85,0.0
cam228_w2,86,0.0
cam228_w2,87,0.0
cam228_w2,88,0.0
cam228_w2,89,0.010466222645099905
cam228_w2,90,0.0019029495718363464
cam228_w2,91,0.024738344433872503
cam228_w2,92,0.0532825880114177
cam228_w2,93,0.06184586108468126
cam228_w2,94,0.0
cam228_w2,95,0.03425309229305423
cam228_w2,96,0.04567078972407231
cam228_w2,97,0.1636536631779258
cam228_w2,98,0.0
cam228_w2,99,0.016175071360608945
cam228_w2,100,0.08087535680304472
cam228_w2,101,0.31303520456707895
cam228_w2,102,0.3206470028544244
cam228_w2,103,0.37012369172216936
cam228_w2,104,0.3939105613701237
cam228_w2,105,0.15889628924833493
cam228_w2,106,0.07611798287345385
cam228_w2,107,0.02093244529019981
cam228_w2,108,0.17221693625118933
cam228_w2,109,0.08943862987630828
cam228_w2,110,0.0019029495718363464
cam228_w2,111,0.0
cam228_w2,112,0.10466222645099905
cam228_w2,113,0.0
cam228_w2,114,0.09800190294957184
cam228_w2,115,0.08943862987630828
cam228_w2,116,0.06279733587059944
cam228_w2,117,0.09134157944814462
cam228_w2,118,0.0
cam228_w2,119,0.05994291151284491
cam228_w2,120,0.029495718363463368
cam228_w2,121,0.11037107516650808
cam228_w2,122,0.06184586108468126
cam228_w2,123,0.013320647002854425
cam228_w2,124,0.0
cam228_w2,125,0.010466222645099905
cam228_w2,126,0.0
cam228_w2,127,0.0
cam228_w2,128,0.0
cam228_w2,129,0.0
cam228_w2,130,0.0
cam228_w2,131,0.0
cam228_w2,132,0.0
cam228_w2,133,0.0
cam228_w2,134,0.0
cam228_w2,135,0.0
cam228_w2,136,0.0
cam228_w2,137,0.0
cam228_w2,138,0.0
cam228_w2,139,0.0
cam228_w2,140,0.0
cam228_w2,141,0.0
cam228_w2,142,0.0
cam228_w2,143,0.0019029495718363464
cam228_w2,144,0.0
cam228_w2,145,0.0
cam228_w2,146,0.0
cam228_w2,147,0.0
cam228_w2,148,0.0
cam228_w2,149,0.0
cam228_w2,150,0.0
cam228_w2,151,0.0
cam228_w2,152,0.0
cam228_w2,153,0.0
cam228_w2,154,0.0
cam228_w2,155,0.0
cam228_w2,156,0.0
cam228_w2,157,0.0
cam228_w2,158,0.0
cam228_w2,159,0.0
cam228_w2,160,0.0
cam228_w2,161,0.0
cam228_w2,162,0.0
cam228_w2,163,0.0
cam228_w2,164,0.0
cam228_w2,165,0.0
cam228_w2,166,0.0
cam228_w2,167,0.0
cam228_w2,168,0.00684931506849315
cam228_w2,169,0.0
cam228_w2,170,0.0
cam228_w2,171,0.0
cam228_w2,172,0.0
cam228_w2,173,0.00684931506849315
cam228_w2,174,0.03228962818003914
cam228_w2,175,0.011741682974559686
cam228_w2,176,0.046966731898238745
cam228_w2,177,0.17906066536203522
cam228_w2,178,0.003913894324853229
cam228_w2,179,0.16536203522504891
cam228_w2,180,0.003913894324853229
cam228_w2,181,0.0410958904109589
cam228_w2,182,0.040117416829745595
cam228_w2,183,0.0958904109589041
cam228_w2,184,0.5606653620352251
cam228_w2,185,0.38747553816046965
cam228_w2,186,0.2573385518590998
cam228_w2,187,0.6565557729941291
cam228_w2,188,0.0958904109589041
cam228_w2,189,0.25244618395303325
cam228_w2,190,0.06653620352250489
cam228_w2,191,0.040117416829745595
cam228_w2,192,0.0
cam228_w2,193,0.0
cam228_w2,194,0.0
cam228_w2,195,0.0
cam228_w2,196,0.0
cam228_w2,197,0.0
cam228_w2,198,0.0
cam228_w2,199,0.0
cam228_w2,200,0.0
cam228_w2,201,0.0
cam228_w2,202,0.0
cam228_w2,203,0.0
cam228_w2,204,0.0
cam228_w2,205,0.0
cam228_w2,206,0.0
cam228_w2,207,0.0
cam228_w2,208,0.0
cam228_w2,209,0.0
cam228_w2,210,0.0
cam228_w2,211,0.005870841487279843
cam228_w2,212,0.0
cam228_w2,213,0.0
cam228_w2,214,0.0
cam228_w2,215,0.0
cam228_w2,216,0.0
cam228_w2,217,0.0
cam228_w2,218,0.0
cam228_w2,219,0.0
cam228_w2,220,0.01761252446183953
cam228_w2,221,0.008806262230919765
cam228_w2,222,0.0009784735812133072
cam228_w2,223,0.0
cam228_w2,224,0.0
cam228_w2,225,0.0
cam228_w2,226,0.0
cam228_w2,227,0.0
cam228_w2,228,0.0
cam228_w2,229,0.0
cam228_w2,230,0.0
cam228_w2,231,0.0
cam228_w2,232,0.0
cam228_w2,233,0.0
cam228_w2,234,0.0
cam228_w2,235,0.0
cam228_w2,236,0.0
cam228_w2,237,0.0
cam228_w2,238,0.05267008046817849
cam228_w2,239,0.0
cam228_w2,240,0.005852231163130944
cam228_w2,241,0.0
cam228_w2,242,0.0043891733723482075
cam228_w2,243,0.021945866861741038
cam228_w2,244,0.0
cam228_w2,245,0.0
cam228_w2,246,0.0
cam228_w2,247,0.0
cam228_w2,248,0.0
cam228_w2,249,0.029992684711046085
cam228_w2,250,0.07022677395757132
cam228_w2,251,0.000731528895391368
cam228_w2,252,0.04169714703730797
cam228_w2,253,0.0980248719824433
cam228_w2,254,0.10095098756400878
cam228_w2,255,0.01755669348939283
cam228_w2,256,0.07607900512070227
cam228_w2,257,0.12728602779809803
cam228_w2,258,0.14630577907827358
cam228_w2,259,0.0043891733723482075
cam228_w2,260,0.023408924652523776
cam228_w2,261,0.036576444769568395
cam228_w2,262,0.13752743233357717
cam228_w2,263,0.026335040234089245
cam228_w2,264,0.07827359180687637
cam228_w2,265,0.06071689831748354
cam228_w2,266,0.07315288953913679
cam228_w2,267,0.0
cam228_w2,268,0.0
cam228_w2,269,0.0
cam228_w2,270,0.0
cam228_w2,271,0.0
cam228_w2,272,0.000731528895391368
cam228_w2,273,0.0
cam228_w2,274,0.001463057790782736
cam228_w2,275,0.0021945866861741038
cam228_w2,276,0.009509875640087784
cam228_w2,277,0.0
cam228_w2,278,0.026335040234089245
cam228_w2,279,0.0
cam228_w2,280,0.0
cam228_w2,281,0.027066569129480616
cam228_w2,282,0.009509875640087784
cam228_w2,283,0.2779809802487198
cam228_w2,284,0.24359912216532553
cam228_w2,285,0.0936356986100951
cam228_w2,286,0.0021945866861741038
cam228_w2,287,0.16825164594001463
cam228_w2,288,0.005120702267739576
cam228_w2,289,0.12435991221653256
cam228_w2,290,0.0
cam228_w2,291,0.0
cam228_w2,292,0.0
cam228_w2,293,0.0
cam228_w2,294,0.0
cam228_w2,295,0.0
cam228_w2,296,0.023408924652523776
cam228_w2,297,0.1733723482077542
cam228_w2,298,0.024140453547915143
cam228_w2,299,0.0
cam228_w2,300,0.0
cam228_w2,301,0.0
cam228_w2,302,0.0
cam228_w2,303,0.0
cam228_w2,304,0.0
cam228_w2,305,0.0
cam228_w2,306,0.0
cam228_w2,307,0.0
cam228_w2,308,0.0
cam228_w2,309,0.0
cam228_w2,310,0.0
cam228_w2,311,0.0
cam228_w2,312,0.0
cam228_w2,313,0.0
cam228_w2,314,0.0021710811984368217
cam228_w2,315,0.016500217108119844
cam228_w2,316,0.0
cam228_w2,317,0.004342162396873643
cam228_w2,318,0.0182370820668693
cam228_w2,319,0.05948762483716891
cam228_w2,320,0.0
cam228_w2,321,0.0013026487190620929
cam228_w2,322,0.0
cam228_w2,323,0.0
cam228_w2,324,0.021710811984368215
cam228_w2,325,0.0013026487190620929
cam228_w2,326,0.025618758141554496
cam228_w2,327,0.0
cam228_w2,328,0.0
cam228_w2,329,0.08467216673903603
cam228_w2,330,0.016500217108119844
cam228_w2,331,0.0
cam228_w2,332,0.0004342162396873643
cam228_w2,333,0.01693443334780721
cam228_w2,334,0.030829353017802867
cam228_w2,335,0.09683022145028224
cam228_w2,336,0.06773773339122884
cam228_w2,337,0.11723838471558837
cam228_w2,338,0.0
cam228_w2,339,0.0547112462006079
cam228_w2,340,0.06773773339122884
cam228_w2,341,0.1337386018237082
cam228_w2,342,0.12027789839339992
cam228_w2,343,0.17542336083369517
cam228_w2,344,0.04081632653061224
cam228_w2,345,0.03690838037342597
cam228_w2,346,0.12244897959183673
cam228_w2,347,0.14806773773339124
cam228_w2,348,0.06730351715154147
cam228_w2,349,0.0
cam228_w2,350,0.08858011289622232
cam228_w2,351,0.0911854103343465
cam228_w2,352,0.02214502822405558
cam228_w2,353,0.0013026487190620929
cam228_w2,354,0.02344767694311767
cam228_w2,355,0.028658271819366043
cam228_w2,356,0.0694745983499783
cam228_w2,357,0.08858011289622232
cam228_w2,358,0.007815892314372557
cam228_w2,359,0.01693443334780721
cam228_w2,360,0.008684324793747287
cam228_w2,361,0.0377768128528007
cam228_w2,362,0.15414676508901434
cam228_w2,363,0.058184976118106815
cam228_w2,364,0.057316543638732086
cam228_w2,365,0.0972644376899696
cam228_w2,366,0.1033434650455927
cam228_w2,367,0.04732957012592271
cam228_w2,368,0.0
cam228_w2,369,0.0425531914893617
cam228_w2,370,0.02040816326530612
cam228_w2,371,0.00303951367781155
cam228_w2,372,0.03864524533217542
cam228_w2,373,0.0
cam228_w2,374,0.0
cam228_w2,375,0.0
cam228_w3,1,0.0
cam228_w3,2,0.0
cam228_w3,3,0.0
cam228_w3,4,0.0
cam228_w3,5,0.0
cam228_w3,6,0.0
cam228_w3,7,0.0
cam228_w3,8,0.0
cam228_w3,9,0.0
cam228_w3,10,0.0
cam228_w3,11,0.0
cam228_w3,12,0.0
cam228_w3,13,0.0
cam228_w3,14,0.4466975666280417
cam228_w3,15,0.15063731170336037
cam228_w3,16,0.3088064889918888
cam228_w3,17,0.30648899188876016
cam228_w3,18,0.04866743916570104
cam228_w3,19,0.25028968713789107
cam228_w3,20,0.2850521436848204
cam228_w3,21,0.10254924681344148
cam228_w3,22,0.06025492468134415
cam228_w3,23,0.0028968713789107765
cam228_w3,24,0.0028968713789107765
cam228_w3,25,0.020278099652375436
cam228_w3,26,0.17786790266512167
cam228_w3,27,0.0
cam228_w3,28,0.14831981460023175
cam228_w3,29,0.030127462340672075
cam228_w3,30,0.1581691772885284
cam228_w3,31,0.18076477404403243
cam228_w3,32,0.12108922363847045
cam228_w3,33,0.08690614136732329
cam228_w3,34,0.38354577056778677
cam228_w3,35,0.08748551564310544
cam228_w3,36,0.0
cam228_w3,37,0.23348783314020857
cam228_w3,38,0.06720741599073002
cam228_w3,39,0.0
cam228_w3,40,0.0
cam228_w3,41,0.0
cam228_w3,42,0.007531865585168019
cam228_w3,43,0.00869061413673233
cam228_w3,44,0.0
cam228_w3,45,0.0
cam228_w3,46,0.0
cam228_w3,47,0.0
cam228_w3,48,0.0
cam228_w3,49,0.0
cam228_w3,50,0.0
cam228_w3,51,0.0
cam228_w3,52,0.0
cam228_w3,53,0.009849362688296639
cam228_w3,54,0.0
cam228_w3,55,0.0011587485515643105
cam228_w3,56,0.0
cam228_w3,57,0.012746234067207415
cam228_w3,58,0.0
cam228_w3,59,0.02085747392815759
cam228_w3,60,0.008111239860950173
cam228_w3,61,0.0
cam228_w3,62,0.0
cam228_w3,63,0.0
cam228_w3,64,0.0
cam228_w3,65,0.0
cam228_w3,66,0.007531865585168019
cam228_w3,67,0.008111239860950173
cam228_w3,68,0.01100811123986095
cam228_w3,69,0.03186558516801854
cam228_w3,70,0.051564310544611816
cam228_w3,71,0.0
cam228_w3,72,0.0
cam228_w3,73,0.0
cam228_w3,74,0.0
cam228_w3,75,0.0
cam228_w3,76,0.0
cam228_w3,77,0.0
cam228_w3,78,0.0
cam228_w3,79,0.0
cam228_w3,80,0.0
cam228_w3,81,0.0
cam228_w3,82,0.0
cam228_w3,83,0.0
cam228_w3,84,0.0
cam228_w3,85,0.0
cam228_w3,86,0.0
cam228_w3,87,0.0036596523330283625
cam228_w3,88,0.0
cam228_w3,89,0.011893870082342177
cam228_w3,90,0.0
cam228_w3,91,0.024702653247941447
cam228_w3,92,0.0
cam228_w3,93,0.1848124428179323
cam228_w3,94,0.12717291857273558
cam228_w3,95,0.2735590118938701
cam228_w3,96,0.35224153705397987
cam228_w3,97,0.0
cam228_w3,98,0.07502287282708142
cam228_w3,99,0.2442817932296432
cam228_w3,100,0.0
cam228_w3,101,0.0054894784995425435
cam228_w3,102,0.0
cam228_w3,103,0.0
cam228_w3,104,0.16285452881976212
cam228_w3,105,0.4693504117108875
cam228_w3,106,0.6303751143641354
cam228_w3,107,0.3394327538883806
cam228_w3,108,0.11527904849039342
cam228_w3,109,0.0036596523330283625
cam228_w3,110,0.0
cam228_w3,111,0.3394327538883806
cam228_w3,112,0.0
cam228_w3,113,0.023787740164684355
cam228_w3,114,0.0
cam228_w3,115,0.0
cam228_w3,116,0.0
cam228_w3,117,0.0
cam228_w3,118,0.0
cam228_w3,119,0.0
cam228_w3,120,0.0
cam228_w3,121,0.0
cam228_w3,122,0.0
cam228_w3,123,0.0
cam228_w3,124,0.0
cam228_w3,125,0.0
cam228_w3,126,0.0
cam228_w3,127,0.0
cam228_w3,128,0.0
cam228_w3,129,0.0
cam228_w3,130,0.0
cam228_w3,131,0.0
cam228_w3,132,0.0
cam228_w3,133,0.0
cam228_w3,134,0.0
cam228_w3,135,0.0
cam228_w3,136,0.0
cam228_w3,137,0.0
cam228_w3,138,0.0
cam228_w3,139,0.0
cam228_w3,140,0.0
cam228_w3,141,0.0
cam228_w3,142,0.0
cam228_w3,143,0.0
cam228_w3,144,0.007319304666056725
cam228_w3,145,0.012808783165599268
cam228_w3,146,0.0
cam228_w3,147,0.0
cam228_w3,148,0.0
cam228_w3,149,0.0
cam228_w3,150,0.0
cam228_w3,151,0.0
cam228_w3,152,0.0
cam228_w3,153,0.0
cam228_w3,154,0.0
cam228_w3,155,0.0
cam228_w3,156,0.0
cam228_w3,157,0.0009267840593141798
cam228_w3,158,0.0
cam228_w3,159,0.0
cam228_w3,160,0.0
cam228_w3,161,0.0
cam228_w3,162,0.0
cam228_w3,163,0.0
cam228_w3,164,0.0
cam228_w3,165,0.0
cam228_w3,166,0.029657089898053754
cam228_w3,167,0.0027803521779425394
cam228_w3,168,0.12233549582947173
cam228_w3,169,0.03521779425393883
cam228_w3,170,0.2882298424467099
cam228_w3,171,0.029657089898053754
cam228_w3,172,0.033364226135310475
cam228_w3,173,0.05097312326227989
cam228_w3,174,0.0685820203892493
cam228_w3,175,0.33178869323447635
cam228_w3,176,0.060240963855421686
cam228_w3,177,0.04911955514365153
cam228_w3,178,0.0
cam228_w3,179,0.04541241890639481
cam228_w3,180,0.1788693234476367
cam228_w3,181,0.04541241890639481
cam228_w3,182,0.03707136237256719
cam228_w3,183,0.0037071362372567192
cam228_w3,184,0.0685820203892493
cam228_w3,185,0.3818350324374421
cam228_w3,186,0.0
cam228_w3,187,0.0
cam228_w3,188,0.029657089898053754
cam228_w3,189,0.06580166821130677
cam228_w3,190,0.0
cam228_w3,191,0.0009267840593141798
cam228_w3,192,0.03707136237256719
cam228_w3,193,0.0
cam228_w3,194,0.0
cam228_w3,195,0.0
cam228_w3,196,0.0
cam228_w3,197,0.0
cam228_w3,198,0.0
cam228_w3,199,0.0
cam228_w3,200,0.0
cam228_w3,201,0.0
cam228_w3,202,0.0018535681186283596
cam228_w3,203,0.0
cam228_w3,204,0.0018535681186283596
cam228_w3,205,0.0
cam228_w3,206,0.0074142724745134385
cam228_w3,207,0.0
cam228_w3,208,0.0
cam228_w3,209,0.0
cam228_w3,210,0.0
cam228_w3,211,0.019462465245597776
cam228_w3,212,0.0
cam228_w3,213,0.0074142724745134385
cam228_w3,214,0.0
cam228_w3,215,0.0
cam228_w3,216,0.0
cam228_w3,217,0.0
cam228_w3,218,0.005560704355885079
cam228_w3,219,0.0
cam228_w3,220,0.0
cam228_w3,221,0.0
cam228_w3,222,0.0
cam228_w3,223,0.0
cam228_w3,224,0.0
cam228_w3,225,0.0
cam228_w3,226,0.0
cam228_w3,227,0.0
cam228_w3,228,0.0
cam228_w3,229,0.0
cam228_w3,230,0.0
cam228_w3,231,0.0
cam228_w3,232,0.0
cam228_w3,233,0.0
cam228_w3,234,0.0
cam228_w3,235,0.0
cam228_w3,236,0.0
cam228_w3,237,0.0
cam228_w3,238,0.0
cam228_w3,239,0.0
cam228_w3,240,0.0007087172218284905
cam228_w3,241,0.0
cam228_w3,242,0.0
cam228_w3,243,0.0
cam228_w3,244,0.027639971651311126
cam228_w3,245,0.024805102763997167
cam228_w3,246,0.0
cam228_w3,247,0.021970233876683204
cam228_w3,248,0.07512402551381998
cam228_w3,249,0.03401842664776754
cam228_w3,250,0.06236711552090716
cam228_w3,251,0.029057406094968107
cam228_w3,252,0.07158043940467754
cam228_w3,253,0.0
cam228_w3,254,0.03614457831325301
cam228_w3,255,0.08717221828490432
cam228_w3,256,0.15237420269312543
cam228_w3,257,0.06520198440822111
cam228_w3,258,0.004252303330970942
cam228_w3,259,0.0
cam228_w3,260,0.004252303330970942
cam228_w3,261,0.09780297661233169
cam228_w3,262,0.15875265768958186
cam228_w3,263,0.08433734939759036
cam228_w3,264,0.002834868887313962
cam228_w3,265,0.004252303330970942
cam228_w3,266,0.041814316087880936
cam228_w3,267,0.0
cam228_w3,268,0.0
cam228_w3,269,0.1041814316087881
cam228_w3,270,0.0
cam228_w3,271,0.0
cam228_w3,272,0.001417434443656981
cam228_w3,273,0.027639971651311126
cam228_w3,274,0.0
cam228_w3,275,0.025513819985825654
cam228_w3,276,0.0
cam228_w3,277,0.0
cam228_w3,278,0.039688164422395464
cam228_w3,279,0.08646350106307583
cam228_w3,280,0.0666194188518781
cam228_w3,281,0.01913536498936924
cam228_w3,282,0.0963855421686747
cam228_w3,283,0.20198440822111977
cam228_w3,284,0.3919206236711552
cam228_w3,285,0.5513819985825655
cam228_w3,286,0.5726435152374203
cam228_w3,287,0.08291991495393337
cam228_w3,288,0.012756909992912827
cam228_w3,289,0.0
cam228_w3,290,0.0
cam228_w3,291,0.002834868887313962
cam228_w3,292,0.0
cam228_w3,293,0.0
cam228_w3,294,0.0
cam228_w3,295,0.01771793054571226
cam228_w3,296,0.0
cam228_w3,297,0.0
cam228_w3,298,0.0
cam228_w3,299,0.0
cam228_w3,300,0.0
cam228_w3,301,0.0
cam228_w3,302,0.0
cam228_w3,303,0.0
cam228_w3,304,0.0
cam228_w3,305,0.0
cam228_w3,306,0.0
cam228_w3,307,0.0
cam228_w3,308,0.0
cam228_w3,309,0.0013026487190620929
cam228_w3,310,0.0021710811984368217
cam228_w3,311,0.0
cam228_w3,312,0.00911854103343465
cam228_w3,313,0.007815892314372557
cam228_w3,314,0.0
cam228_w3,315,0.006513243595310464
cam228_w3,316,0.006513243595310464
cam228_w3,317,0.0182370820668693
cam228_w3,318,0.027789839339991317
cam228_w3,319,0.13026487190620928
cam228_w3,320,0.31958315240990015
cam228_w3,321,0.32435953104646115
cam228_w3,322,0.0911854103343465
cam228_w3,323,0.07425097698653929
cam228_w3,324,0.07207989578810248
cam228_w3,325,0.0
cam228_w3,326,0.029092488059053408
cam228_w3,327,0.0026052974381241857
cam228_w3,328,0.1350412505427703
cam228_w3,329,0.16977854971775944
cam228_w3,330,0.0864090316977855
cam228_w3,331,0.07381676074685194
cam228_w3,332,0.21493703864524533
cam228_w3,333,0.1945288753799392
cam228_w3,334,0.20364741641337386
cam228_w3,335,0.30351715154146763
cam228_w3,336,0.0
cam228_w3,337,0.0
cam228_w3,338,0.005644811115935736
cam228_w3,339,0.015631784628745114
cam228_w3,340,0.006947459834997829
cam228_w3,341,0.02344767694311767
cam228_w3,342,0.007815892314372557
cam228_w3,343,0.026487190620929222
cam228_w3,344,0.049066435084672164
cam228_w3,345,0.0004342162396873643
cam228_w3,346,0.04646113764654798
cam228_w3,347,0.09465914025184542
cam228_w3,348,0.0
cam228_w3,349,0.23100303951367782
cam228_w3,350,0.057750759878419454
cam228_w3,351,0.10811984368215372
cam228_w3,352,0.2066869300911854
cam228_w3,353,0.41901867129830656
cam228_w3,354,0.004776378636561007
cam228_w3,355,0.18888406426400348
cam228_w3,356,0.018671298306556665
cam228_w3,357,0.026921406860616587
cam228_w3,358,0.06904038211029093
cam228_w3,359,0.057316543638732086
cam228_w3,360,0.08293530178028659
cam228_w3,361,0.12939643942683457
cam228_w3,362,0.0
cam228_w3,363,0.05254016500217108
cam228_w3,364,0.0
cam228_w3,365,0.0
cam228_w3,366,0.03603994789405124
cam228_w3,367,0.08684324793747286
cam228_w3,368,0.0
cam228_w3,369,0.04646113764654798
cam228_w3,370,0.10377768128528007
cam228_w3,371,0.16717325227963525
cam228_w3,372,0.011289622231871473
cam228_w3,373,0.017368649587494574
cam228_w3,374,0.011289622231871473
cam228_w3,375,0.0377768128528007
cam228_w6,1,0.0
cam228_w6,2,0.0
cam228_w6,3,0.0
cam228_w6,4,0.0
cam228_w6,5,0.0
cam228_w6,6,0.0
cam228_w6,7,0.0
cam228_w6,8,0.0
cam228_w6,9,0.0
cam228_w6,10,0.0
cam228_w6,11,0.0
cam228_w6,12,0.0
cam228_w6,13,0.6346265199768385
cam228_w6,14,0.5755645628257093
cam228_w6,15,0.09727851766068327
cam228_w6,16,0.07353792704111176
cam228_w6,17,0.008685581933989578
cam228_w6,18,0.06543138390272148
cam228_w6,19,0.055587724377533294
cam228_w6,20,0.1117544875506659
cam228_w6,21,0.021424435437174292
cam228_w6,22,0.1239143022582513
cam228_w6,23,0.2611464968152866
cam228_w6,24,0.11638679791546033
cam228_w6,25,0.03821656050955414
cam228_w6,26,0.2032426172553561
cam228_w6,27,0.026635784597568036
cam228_w6,28,0.008685581933989578
cam228_w6,29,0.011580775911986103
cam228_w6,30,0.0
cam228_w6,31,0.04748118123914302
cam228_w6,32,0.012738853503184714
cam228_w6,33,0.14128546612623047
cam228_w6,34,0.17197452229299362
cam228_w6,35,0.09843659525188188
cam228_w6,36,0.0
cam228_w6,37,0.0
cam228_w6,38,0.0
cam228_w6,39,0.0
cam228_w6,40,0.005790387955993051
cam228_w6,41,0.0
cam228_w6,42,0.0
cam228_w6,43,0.01679212507237985
cam228_w6,44,0.0
cam228_w6,45,0.03647944412275622
cam228_w6,46,0.0
cam228_w6,47,0.0
cam228_w6,48,0.0
cam228_w6,49,0.0
cam228_w6,50,0.0
cam228_w6,51,0.04632310364794441
cam228_w6,52,0.0
cam228_w6,53,0.009843659525188187
cam228_w6,54,0.0
cam228_w6,55,0.0
cam228_w6,56,0.020845396641574986
cam228_w6,57,0.0
cam228_w6,58,0.0
cam228_w6,59,0.0017371163867979154
cam228_w6,60,0.021424435437174292
cam228_w6,61,0.003474232773595831
cam228_w6,62,0.04226983207874928
cam228_w6,63,0.0
cam228_w6,64,0.0
cam228_w6,65,0.0
cam228_w6,66,0.008685581933989578
cam228_w6,67,0.0
cam228_w6,68,0.01563404748118124
cam228_w6,69,0.04169079328314997
cam228_w6,70,0.06601042269832079
cam228_w6,71,0.0
cam228_w6,72,0.0
cam228_w6,73,0.0
cam228_w6,74,0.0
cam228_w6,75,0.0
cam228_w6,76,0.0
cam228_w6,77,0.0
cam228_w6,78,0.0
cam228_w6,79,0.0
cam228_w6,80,0.0
cam228_w6,81,0.0
cam228_w6,82,0.0
cam228_w6,83,0.0
cam228_w6,84,0.0
cam228_w6,85,0.0
cam228_w6,86,0.0
cam228_w6,87,0.0
cam228_w6,88,0.0
cam228_w6,89,0.0
cam228_w6,90,0.0213713268032057
cam228_w6,91,0.0819234194122885
cam228_w6,92,0.039180765805877114
cam228_w6,93,0.015138023152270703
cam228_w6,94,0.04808548530721282
cam228_w6,95,0.09617097061442564
cam228_w6,96,0.12377560106856635
cam228_w6,97,0.06411398040961709
cam228_w6,98,0.0
cam228_w6,99,0.15672306322350846
cam228_w6,100,0.649154051647373
cam228_w6,101,0.3018699910952805
cam228_w6,102,0.11932324131789848
cam228_w6,103,0.15316117542297417
cam228_w6,104,0.0
cam228_w6,105,0.05699020480854853
cam228_w6,106,0.6144256455921638
cam228_w6,107,0.20926090828138913
cam228_w6,108,0.4666073018699911
cam228_w6,109,0.18788958147818344
cam228_w6,110,0.01068566340160285
cam228_w6,111,0.0
cam228_w6,112,0.0
cam228_w6,113,0.009795191451469279
cam228_w6,114,0.09706144256455922
cam228_w6,115,0.2653606411398041
cam228_w6,116,0.38646482635796975
cam228_w6,117,0.2341941228851291
cam228_w6,118,0.1495992876224399
cam228_w6,119,0.0
cam228_w6,120,0.0
cam228_w6,121,0.0
cam228_w6,122,0.0
cam228_w6,123,0.0
cam228_w6,124,0.0
cam228_w6,125,0.028495102404274265
cam228_w6,126,0.016028495102404273
cam228_w6,127,0.0
cam228_w6,128,0.0
cam228_w6,129,0.0
cam228_w6,130,0.0
cam228_w6,131,0.0
cam228_w6,132,0.0
cam228_w6,133,0.0
cam228_w6,134,0.0
cam228_w6,135,0.0
cam228_w6,136,0.0
cam228_w6,137,0.0
cam228_w6,138,0.0
cam228_w6,139,0.0
cam228_w6,140,0.0
cam228_w6,141,0.0
cam228_w6,142,0.0
cam228_w6,143,0.0
cam228_w6,144,0.0
cam228_w6,145,0.0
cam228_w6,146,0.007123775601068566
cam228_w6,147,0.0
cam228_w6,148,0.0
cam228_w6,149,0.0
cam228_w6,150,0.0
cam228_w6,151,0.0
cam228_w6,152,0.0
cam228_w6,153,0.0
cam228_w6,154,0.0
cam228_w6,155,0.0
cam228_w6,156,0.0
cam228_w6,157,0.0
cam228_w6,158,0.0
cam228_w6,159,0.0
cam228_w6,160,0.0
cam228_w6,161,0.0
cam228_w6,162,0.0
cam228_w6,163,0.0
cam228_w6,164,0.0
cam228_w6,165,0.0
cam228_w6,166,0.0
cam228_w6,167,0.014625228519195612
cam228_w6,168,0.0
cam228_w6,169,0.0
cam228_w6,170,0.0
cam228_w6,171,0.02376599634369287
cam228_w6,172,0.0
cam228_w6,173,0.015539305301645339
cam228_w6,174,0.05393053016453382
cam228_w6,175,0.04936014625228519
cam228_w6,176,0.06946983546617916
cam228_w6,177,0.027422303473491772
cam228_w6,178,0.0
cam228_w6,179,0.0603290676416819
cam228_w6,180,0.17915904936014626
cam228_w6,181,0.05758683729433273
cam228_w6,182,0.25685557586837293
cam228_w6,183,0.283363802559415
cam228_w6,184,0.043875685557586835
cam228_w6,185,0.26142595978062155
cam228_w6,186,0.4149908592321755
cam228_w6,187,0.1590493601462523
cam228_w6,188,0.16819012797074953
cam228_w6,189,0.02102376599634369
cam228_w6,190,0.0
cam228_w6,191,0.0
cam228_w6,192,0.003656307129798903
cam228_w6,193,0.0
cam228_w6,194,0.006398537477148081
cam228_w6,195,0.013711151736745886
cam228_w6,196,0.0
cam228_w6,197,0.0
cam228_w6,198,0.004570383912248629
cam228_w6,199,0.009140767824497258
cam228_w6,200,0.0
cam228_w6,201,0.0
cam228_w6,202,0.0
cam228_w6,203,0.0
cam228_w6,204,0.0
cam228_w6,205,0.0
cam228_w6,206,0.0
cam228_w6,207,0.002742230347349177
cam228_w6,208,0.03016453382084095
cam228_w6,209,0.0
cam228_w6,210,0.0
cam228_w6,211,0.006398537477148081
cam228_w6,212,0.0
cam228_w6,213,0.0
cam228_w6,214,0.0
cam228_w6,215,0.027422303473491772
cam228_w6,216,0.05850091407678245
cam228_w6,217,0.033820840950639856
cam228_w6,218,0.007312614259597806
cam228_w6,219,0.0
cam228_w6,220,0.012797074954296161
cam228_w6,221,0.0
cam228_w6,222,0.0
cam228_w6,223,0.0
cam228_w6,224,0.0
cam228_w6,225,0.0
cam228_w6,226,0.0
cam228_w6,227,0.0
cam228_w6,228,0.0
cam228_w6,229,0.0
cam228_w6,230,0.0
cam228_w6,231,0.0
cam228_w6,232,0.0
cam228_w6,233,0.0
cam228_w6,234,0.0
cam228_w6,235,0.0
cam228_w6,236,0.0014936519790888724
cam228_w6,237,0.008961911874533234
cam228_w6,238,0.012696041822255415
cam228_w6,239,0.1179985063480209
cam228_w6,240,0.017923823749066467
cam228_w6,241,0.0537714712471994
cam228_w6,242,0.10007468259895444
cam228_w6,243,0.03211351755041075
cam228_w6,244,0.016430171769977596
cam228_w6,245,0.02315160567587752
cam228_w6,246,0.0888722927557879
cam228_w6,247,0.07393577296489919
cam228_w6,248,0.14563106796116504
cam228_w6,249,0.04480955937266617
cam228_w6,250,0.13666915608663183
cam228_w6,251,0.05451829723674384
cam228_w6,252,0.140403286034354
cam228_w6,253,0.07841672890216579
cam228_w6,254,0.01717699775952203
cam228_w6,255,0.009708737864077669
cam228_w6,256,0.020164301717699777
cam228_w6,257,0.008961911874533234
cam228_w6,258,0.0
cam228_w6,259,0.061239731142643763
cam228_w6,260,0.016430171769977596
cam228_w6,261,0.0
cam228_w6,262,0.030619865571321882
cam228_w6,263,0.0
cam228_w6,264,0.0
cam228_w6,265,0.026138909634055265
cam228_w6,266,0.0
cam228_w6,267,0.004480955937266617
cam228_w6,268,0.0
cam228_w6,269,0.0
cam228_w6,270,0.0
cam228_w6,271,0.004480955937266617
cam228_w6,272,0.0
cam228_w6,273,0.0
cam228_w6,274,0.01344286781179985
cam228_w6,275,0.0
cam228_w6,276,0.01194921583271098
cam228_w6,277,0.0
cam228_w6,278,0.0
cam228_w6,279,0.0
cam228_w6,280,0.0
cam228_w6,281,0.0
cam228_w6,282,0.0014936519790888724
cam228_w6,283,0.0037341299477221808
cam228_w6,284,0.004480955937266617
cam228_w6,285,0.0
cam228_w6,286,0.03286034353995519
cam228_w6,287,0.0007468259895444362
cam228_w6,288,0.07916355489171023
cam228_w6,289,0.0
cam228_w6,290,0.0
cam228_w6,291,0.0
cam228_w6,292,0.0
cam228_w6,293,0.0
cam228_w6,294,0.0
cam228_w6,295,0.021657953696788648
cam228_w6,296,0.0
cam228_w6,297,0.0268857356235997
cam228_w6,298,0.0
cam228_w6,299,0.0
cam228_w6,300,0.0
cam228_w6,301,0.0
cam228_w6,302,0.0
cam228_w6,303,0.0
cam228_w6,304,0.0
cam228_w6,305,0.0
cam228_w6,306,0.0
cam228_w6,307,0.0
cam228_w6,308,0.0
cam228_w6,309,0.0
cam228_w6,310,0.0
cam228_w6,311,0.0
cam228_w6,312,0.004776378636561007
cam228_w6,313,0.011289622231871473
cam228_w6,314,0.021710811984368215
cam228_w6,315,0.03300043421623969
cam228_w6,316,0.06643508467216674
cam228_w6,317,0.004342162396873643
cam228_w6,318,0.02214502822405558
cam228_w6,319,0.0121580547112462
cam228_w6,320,0.02735562310030395
cam228_w6,321,0.04211897524967434
cam228_w6,322,0.05123751628310899
cam228_w6,323,0.02040816326530612
cam228_w6,324,0.1228831958315241
cam228_w6,325,0.022579244463742945
cam228_w6,326,0.0
cam228_w6,327,0.010421189752496743
cam228_w6,328,0.059053408597481545
cam228_w6,329,0.09379070777247069
cam228_w6,330,0.0
cam228_w6,331,0.0
cam228_w6,332,0.00911854103343465
cam228_w6,333,0.07251411202778985
cam228_w6,334,0.0182370820668693
cam228_w6,335,0.03126356925749023
cam228_w6,336,0.04732957012592271
cam228_w6,337,0.03256621797655232
cam228_w6,338,0.006513243595310464
cam228_w6,339,0.08554059921841077
cam228_w6,340,0.05340859748154581
cam228_w6,341,0.028658271819366043
cam228_w6,342,0.055145462440295265
cam228_w6,343,0.14242292661745548
cam228_w6,344,0.08250108554059922
cam228_w6,345,0.12548849326964828
cam228_w6,346,0.04646113764654798
cam228_w6,347,0.0755536257056014
cam228_w6,348,0.13200173686495875
cam228_w6,349,0.02518454190186713
cam228_w6,350,0.008250108554059922
cam228_w6,351,0.005210594876248371
cam228_w6,352,0.012592270950933565
cam228_w6,353,0.02040816326530612
cam228_w6,354,0.013894919669995658
cam228_w6,355,0.0039079461571862786
cam228_w6,356,0.06252713851498046
cam228_w6,357,0.007815892314372557
cam228_w6,358,0.015197568389057751
cam228_w6,359,0.03603994789405124
cam228_w6,360,0.07121146330872774
cam228_w6,361,0.017368649587494574
cam228_w6,362,0.015631784628745114
cam228_w6,363,0.024750325662179766
cam228_w6,364,0.0021710811984368217
cam228_w6,365,0.060356057316543636
cam228_w6,366,0.059053408597481545
cam228_w6,367,0.04515848892748589
cam228_w6,368,0.13808076422058185
cam228_w6,369,0.09031697785497178
cam228_w6,370,0.00303951367781155
cam228_w6,371,0.1593573599652627
cam228_w6,372,0.06990881458966565
cam228_w6,373,0.0243161094224924
cam228_w6,374,0.02735562310030395
cam228_w6,375,0.14806773773339124
cam229_w1,1,0.04275534441805225
cam229_w1,2,0.0
cam229_w1,3,0.0
cam229_w1,4,0.0
cam229_w1,5,0.05641330166270784
cam229_w1,6,0.06294536817102138
cam229_w1,7,0.0
cam229_w1,8,0.0
cam229_w1,9,0.0
cam229_w1,10,0.024346793349168647
cam229_w1,11,0.03681710213776722
cam229_w1,12,0.07660332541567696
cam229_w1,13,0.010095011876484561
cam229_w1,14,0.0
cam229_w1,15,0.0
cam229_w1,16,0.0
cam229_w1,17,0.0
cam229_w1,18,0.34560570071258906
cam229_w1,19,0.055819477434679333
cam229_w1,20,0.009501187648456057
cam229_w1,21,0.0017814726840855108
cam229_w1,22,0.4192399049881235
cam229_w1,23,0.012470308788598575
cam229_w1,24,0.0
cam229_w1,25,0.0
cam229_w1,26,0.011876484560570071
cam229_w1,27,0.16211401425178149
cam229_w1,28,0.0005938242280285036
cam229_w1,29,0.2179334916864608
cam229_w1,30,0.767814726840855
cam229_w1,31,0.24762470308788598
cam229_w1,32,0.14192399049881235
cam229_w1,33,0.005344418052256532
cam229_w1,34,0.0
cam229_w1,35,0.0
cam229_w1,36,0.0
cam229_w1,37,0.14014251781472684
cam229_w1,38,0.7743467933491687
cam229_w1,39,0.14311163895486936
cam229_w1,40,0.0017814726840855108
cam229_w1,41,0.0
cam229_w1,42,0.0
cam229_w1,43,0.0
cam229_w1,44,0.010688836104513063
cam229_w1,45,0.0011876484560570072
cam229_w1,46,0.014251781472684086
cam229_w1,47,0.026128266033254157
cam229_w1,48,0.03681710213776722
cam229_w1,49,0.08729216152019002
cam229_w1,50,0.17992874109263657
cam229_w1,51,0.10570071258907364
cam229_w1,52,0.07719714964370546
cam229_w1,53,0.0029691211401425177
cam229_w1,54,0.09560570071258907
cam229_w1,55,0.05938242280285035
cam229_w1,56,0.14311163895486936
cam229_w1,57,0.04334916864608076
cam229_w1,58,0.07600950118764846
cam229_w1,59,0.0
cam229_w1,60,0.0
cam229_w1,61,0.0
cam229_w1,62,0.0
cam229_w1,63,0.0
cam229_w1,64,0.0
cam229_w1,65,0.0
cam229_w1,66,0.0
cam229_w1,67,0.0
cam229_w1,68,0.0
cam229_w1,69,0.0172209026128266
cam229_w1,70,0.010688836104513063
cam229_w1,71,0.0
cam229_w1,72,0.0
cam229_w1,73,0.0
cam229_w1,74,0.00831353919239905
cam229_w1,75,0.0
cam229_w1,76,0.0
cam229_w1,77,0.0
cam229_w1,78,0.0
cam229_w1,79,0.0
cam229_w1,80,0.0
cam229_w1,81,0.0
cam229_w1,82,0.0
cam229_w1,83,0.0
cam229_w1,84,0.058664259927797835
cam229_w1,85,0.0
cam229_w1,86,0.02075812274368231
cam229_w1,87,0.06498194945848375
cam229_w1,88,0.15433212996389892
cam229_w1,89,0.3348375451263538
cam229_w1,90,0.29422382671480146
cam229_w1,91,0.2833935018050541
cam229_w1,92,0.18411552346570398
cam229_w1,93,0.6624548736462094
cam229_w1,94,0.0776173285198556
cam229_w1,95,0.5848375451263538
cam229_w1,96,0.27617328519855594
cam229_w1,97,0.4007220216606498
cam229_w1,98,0.5216606498194946
cam229_w1,99,0.010830324909747292
cam229_w1,100,0.024368231046931407
cam229_w1,101,0.0
cam229_w1,102,0.0
cam229_w1,103,0.0
cam229_w1,104,0.0
cam229_w1,105,0.0
cam229_w1,106,0.0036101083032490976
cam229_w1,107,0.0
cam229_w1,108,0.0
cam229_w1,109,0.04422382671480144
cam229_w1,110,0.0
cam229_w1,111,0.16877256317689532
cam229_w1,112,0.0812274368231047
cam229_w1,113,0.2545126353790614
cam229_w1,114,0.16064981949458484
cam229_w1,115,0.3095667870036101
cam229_w1,116,0.38267148014440433
cam229_w1,117,0.04422382671480144
cam229_w1,118,0.14891696750902528
cam229_w1,119,0.27978339350180503
cam229_w1,120,0.4548736462093863
cam229_w1,121,0.315884476534296
cam229_w1,122,0.2427797833935018
cam229_w1,123,0.2788808664259928
cam229_w1,124,0.5406137184115524
cam229_w1,125,0.004512635379061372
cam229_w1,126,0.0
cam229_w1,127,0.0
cam229_w1,128,0.0
cam229_w1,129,0.0
cam229_w1,130,0.0
cam229_w1,131,0.0
cam229_w1,132,0.0
cam229_w1,133,0.0
cam229_w1,134,0.0
cam229_w1,135,0.0
cam229_w1,136,0.0
cam229_w1,137,0.0
cam229_w1,138,0.0
cam229_w1,139,0.0
cam229_w1,140,0.0
cam229_w1,141,0.0036101083032490976
cam229_w1,142,0.061371841155234655
cam229_w1,143,0.002707581227436823
cam229_w1,144,0.036101083032490974
cam229_w1,145,0.008122743682310469
cam229_w1,146,0.0
cam229_w1,147,0.0
cam229_w1,148,0.0
cam229_w1,149,0.0
cam229_w1,150,0.0
cam229_w1,151,0.0
cam229_w1,152,0.0
cam229_w1,153,0.0
cam229_w1,154,0.0
cam229_w1,155,0.0036101083032490976
cam229_w1,156,0.0
cam229_w1,157,0.0
cam229_w1,158,0.0
cam229_w1,159,0.0
cam229_w1,160,0.0
cam229_w1,161,0.0
cam229_w1,162,0.0
cam229_w1,163,0.009025270758122744
cam229_w1,164,0.0
cam229_w1,165,0.12003610108303249
cam229_w1,166,0.13808664259927797
cam229_w1,167,0.3203971119133574
cam229_w1,168,0.7382671480144405
cam229_w1,169,0.5135379061371841
cam229_w1,170,0.5018050541516246
cam229_w1,171,0.3898916967509025
cam229_w1,172,0.3574007220216607
cam229_w1,173,0.7391696750902527
cam229_w1,174,0.19223826714801445
cam229_w1,175,0.18592057761732853
cam229_w1,176,0.5649819494584838
cam229_w1,177,0.6543321299638989
cam229_w1,178,0.6913357400722022
cam229_w1,179,0.21209386281588447
cam229_w1,180,0.15433212996389892
cam229_w1,181,0.09927797833935018
cam229_w1,182,0.17689530685920576
cam229_w1,183,0.09927797833935018
cam229_w1,184,0.058664259927797835
cam229_w1,185,0.03790613718411552
cam229_w1,186,0.0388086642599278
cam229_w1,187,0.10198555956678701
cam229_w1,188,0.007220216606498195
cam229_w1,189,0.005415162454873646
cam229_w1,190,0.0
cam229_w1,191,0.036101083032490974
cam229_w1,192,0.011732851985559567
cam229_w1,193,0.019855595667870037
cam229_w1,194,0.0
cam229_w1,195,0.0
cam229_w1,196,0.0
cam229_w1,197,0.0
cam229_w1,198,0.0
cam229_w1,199,0.0
cam229_w1,200,0.0
cam229_w1,201,0.0
cam229_w1,202,0.0
cam229_w1,203,0.0
cam229_w1,204,0.0036101083032490976
cam229_w1,205,0.0
cam229_w1,206,0.0
cam229_w1,207,0.0
cam229_w1,208,0.011732851985559567
cam229_w1,209,0.0
cam229_w1,210,0.005415162454873646
cam229_w1,211,0.030685920577617327
cam229_w1,212,0.0
cam229_w1,213,0.0
cam229_w1,214,0.010830324909747292
cam229_w1,215,0.039711191335740074
cam229_w1,216,0.032490974729241874
cam229_w1,217,0.0
cam229_w1,218,0.0
cam229_w1,219,0.0
cam229_w1,220,0.0
cam229_w1,221,0.0009025270758122744
cam229_w1,222,0.0
cam229_w1,223,0.0
cam229_w1,224,0.0
cam229_w1,225,0.0
cam229_w1,226,0.0
cam229_w1,227,0.0
cam229_w1,228,0.012327773749093546
cam229_w1,229,0.0
cam229_w1,230,0.0
cam229_w1,231,0.0
cam229_w1,232,0.0
cam229_w1,233,0.0
cam229_w1,234,0.0
cam229_w1,235,0.005076142131979695
cam229_w1,236,0.0
cam229_w1,237,0.019579405366207395
cam229_w1,238,0.03698332124728064
cam229_w1,239,0.044960116026105876
cam229_w1,240,0.007251631617113851
cam229_w1,241,0.09717186366932559
cam229_w1,242,0.0775924583031182
cam229_w1,243,0.15953589557650472
cam229_w1,244,0.17403915881073242
cam229_w1,245,0.24945612762871647
cam229_w1,246,0.369108049311095
cam229_w1,247,0.2661348803480783
cam229_w1,248,0.3937635968092821
cam229_w1,249,0.3995649021029732
cam229_w1,250,0.34445250181290793
cam229_w1,251,0.4249456127628716
cam229_w1,252,0.27483683828861494
cam229_w1,253,0.126178390137781
cam229_w1,254,0.06598984771573604
cam229_w1,255,0.025380710659898477
cam229_w1,256,0.0007251631617113851
cam229_w1,257,0.0
cam229_w1,258,0.0
cam229_w1,259,0.0
cam229_w1,260,0.0
cam229_w1,261,0.005801305293691081
cam229_w1,262,0.0
cam229_w1,263,0.00870195794053662
cam229_w1,264,0.0
cam229_w1,265,0.0036258158085569255
cam229_w1,266,0.0
cam229_w1,267,0.01885424220449601
cam229_w1,268,0.01595358955765047
cam229_w1,269,0.0
cam229_w1,270,0.0
cam229_w1,271,0.02610587382160986
cam229_w1,272,0.009427121102248005
cam229_w1,273,0.03988397389412618
cam229_w1,274,0.02030456852791878
cam229_w1,275,0.06163886874546773
cam229_w1,276,0.08919506889050036
cam229_w1,277,0.14793328498912256
cam229_w1,278,0.0007251631617113851
cam229_w1,279,0.10732414793328499
cam229_w1,280,0.011602610587382161
cam229_w1,281,0.00870195794053662
cam229_w1,282,0.032632342277012324
cam229_w1,283,0.3589557650471356
cam229_w1,284,0.35242929659173317
cam229_w1,285,0.07324147933284988
cam229_w1,286,0.47715736040609136
cam229_w1,287,0.3364757070340827
cam229_w1,288,0.2661348803480783
cam229_w1,289,0.07396664249456128
cam229_w1,290,0.012327773749093546
cam229_w1,291,0.0014503263234227702
cam229_w1,292,0.010877447425670777
cam229_w1,293,0.014503263234227702
cam229_w1,294,0.02610587382160986
cam229_w1,295,0.05293691080493111
cam229_w1,296,0.0
cam229_w1,297,0.00435097897026831
cam229_w1,298,0.00435097897026831
cam229_w1,299,0.00870195794053662
cam229_w1,300,0.0
cam229_w1,301,0.0
cam229_w1,302,0.0004344048653344917
cam229_w1,303,0.0
cam229_w1,304,0.0
cam229_w1,305,0.002172024326672459
cam229_w1,306,0.0
cam229_w1,307,0.0
cam229_w1,308,0.0004344048653344917
cam229_w1,309,0.0
cam229_w1,310,0.0
cam229_w1,311,0.0
cam229_w1,312,0.006081668114682885
cam229_w1,313,0.0047784535186794095
cam229_w1,314,0.0
cam229_w1,315,0.0026064291920069507
cam229_w1,316,0.006081668114682885
cam229_w1,317,0.002172024326672459
cam229_w1,318,0.03866203301476977
cam229_w1,319,0.11859252823631625
cam229_w1,320,0.3097306689834926
cam229_w1,321,0.21112076455256298
cam229_w1,322,0.41398783666377065
cam229_w1,323,0.3788010425716768
cam229_w1,324,0.028670721112076455
cam229_w1,325,0.08601216333622937
cam229_w1,326,0.05603822762814944
cam229_w1,327,0.01259774109470026
cam229_w1,328,0.022589052997393572
cam229_w1,329,0.01259774109470026
cam229_w1,330,0.18722849695916594
cam229_w1,331,0.1746307558644657
cam229_w1,332,0.08774978279756733
cam229_w1,333,0.10947002606429192
cam229_w1,334,0.237619461337967
cam229_w1,335,0.19157254561251086
cam229_w1,336,0.2063423110338836
cam229_w1,337,0.09687228496959166
cam229_w1,338,0.10990443092962641
cam229_w1,339,0.12337098175499565
cam229_w1,340,0.157254561251086
cam229_w1,341,0.15595134665508253
cam229_w1,342,0.12510860121633363
cam229_w1,343,0.18809730668983493
cam229_w1,344,0.07515204170286707
cam229_w1,345,0.11207645525629888
cam229_w1,346,0.20764552562988706
cam229_w1,347,0.05734144222415291
cam229_w1,348,0.4413553431798436
cam229_w1,349,0.46568201563857514
cam229_w1,350,0.04300608166811468
cam229_w1,351,0.018245004344048653
cam229_w1,352,0.07428323197219809
cam229_w1,353,0.01737619461337967
cam229_w1,354,0.02736750651607298
cam229_w1,355,0.09035621198957429
cam229_w1,356,0.1159860990443093
cam229_w1,357,0.31754995655951346
cam229_w1,358,0.13379669852302345
cam229_w1,359,0.3014769765421373
cam229_w1,360,0.41963509991311904
cam229_w1,361,0.14813205907906168
cam229_w1,362,0.17940920938314509
cam229_w1,363,0.24587315377932234
cam229_w1,364,0.19461337966985232
cam229_w1,365,0.23414422241529106
cam229_w1,366,0.2710686359687228
cam229_w1,367,0.24283231972198088
cam229_w1,368,0.40573414422241527
cam229_w1,369,0.46481320590790615
cam229_w1,370,0.16116420503909643
cam229_w1,371,0.15421372719374457
cam229_w1,372,0.04995655951346655
cam229_w1,373,0.07167680278019113
cam229_w1,374,0.022589052997393572
cam229_w1,375,0.060382276281494354
cam231_w1,1,0.8209959623149394
cam231_w1,2,0.5995962314939435
cam231_w1,3,0.5390309555854643
cam231_w1,4,0.7886944818304172
cam231_w1,5,0.7321668909825033
cam231_w1,6,0.0955585464333782
cam231_w1,7,0.4535666218034993
cam231_w1,8,0.2388963660834455
cam231_w1,9,0.10767160161507403
cam231_w1,10,0.22005383580080753
cam231_w1,11,0.13728129205921938
cam231_w1,12,0.14468371467025573
cam231_w1,13,0.1756393001345895
cam231_w1,14,0.026917900403768506
cam231_w1,15,0.009421265141318977
cam231_w1,16,0.020188425302826378
cam231_w1,17,0.008075370121130552
cam231_w1,18,0.005383580080753701
cam231_w1,19,0.0
cam231_w1,20,0.0
cam231_w1,21,0.03633916554508748
cam231_w1,22,0.034993270524899055
cam231_w1,23,0.0
cam231_w1,24,0.02288021534320323
cam231_w1,25,0.09286675639300135
cam231_w1,26,0.0
cam231_w1,27,0.0
cam231_w1,28,0.02288021534320323
cam231_w1,29,0.02288021534320323
cam231_w1,30,0.02288021534320323
cam231_w1,31,0.02288021534320323
cam231_w1,32,0.02288021534320323
cam231_w1,33,0.0
cam231_w1,34,0.0
cam231_w1,35,0.0
cam231_w1,36,0.008075370121130552
cam231_w1,37,0.0
cam231_w1,38,0.0
cam231_w1,39,0.0
cam231_w1,40,0.0
cam231_w1,41,0.0
cam231_w1,42,0.0
cam231_w1,43,0.0
cam231_w1,44,0.0
cam231_w1,45,0.0
cam231_w1,46,0.0
cam231_w1,47,0.0
cam231_w1,48,0.0
cam231_w1,49,0.0
cam231_w1,50,0.0
cam231_w1,51,0.0
cam231_w1,52,0.0
cam231_w1,53,0.0
cam231_w1,54,0.010767160161507403
cam231_w1,55,0.0
cam231_w1,56,0.0
cam231_w1,57,0.026244952893674293
cam231_w1,58,0.0
cam231_w1,59,0.0
cam231_w1,60,0.0
cam231_w1,61,0.19986541049798115
cam231_w1,62,0.0
cam231_w1,63,0.0
cam231_w1,64,0.0
cam231_w1,65,0.018842530282637954
cam231_w1,66,0.0
cam231_w1,67,0.0
cam231_w1,68,0.0
cam231_w1,69,0.0
cam231_w1,70,0.0026917900403768506
cam231_w1,71,0.0
cam231_w1,72,0.0
cam231_w1,73,0.0
cam231_w1,74,0.0
cam231_w1,75,0.0
cam231_w1,76,0.0
cam231_w1,77,0.0
cam231_w1,78,0.0
cam231_w1,79,0.0
cam231_w1,80,0.0
cam231_w1,81,0.0
cam231_w1,82,0.0
cam231_w1,83,0.0
cam231_w1,84,0.0
cam231_w1,85,0.0
cam231_w1,86,0.0
cam231_w1,87,0.0
cam231_w1,88,0.0
cam231_w1,89,0.0
cam231_w1,90,0.0
cam231_w1,91,0.0
cam231_w1,92,0.0
cam231_w1,93,0.0
cam231_w1,94,0.0
cam231_w1,95,0.005415162454873646
cam231_w1,96,0.1967509025270758
cam231_w1,97,0.0
cam231_w1,98,0.0
cam231_w1,99,0.009025270758122744
cam231_w1,100,0.029783393501805054
cam231_w1,101,0.30234657039711194
cam231_w1,102,0.021660649819494584
cam231_w1,103,0.0
cam231_w1,104,0.06768953068592058
cam231_w1,105,0.26985559566787004
cam231_w1,106,0.0
cam231_w1,107,0.33574007220216606
cam231_w1,108,0.0
cam231_w1,109,0.0
cam231_w1,110,0.0
cam231_w1,111,0.0
cam231_w1,112,0.0
cam231_w1,113,0.0
cam231_w1,114,0.0
cam231_w1,115,0.0
cam231_w1,116,0.0
cam231_w1,117,0.0
cam231_w1,118,0.0
cam231_w1,119,0.0
cam231_w1,120,0.0
cam231_w1,121,0.0
cam231_w1,122,0.0
cam231_w1,123,0.0
cam231_w1,124,0.0
cam231_w1,125,0.0
cam231_w1,126,0.0
cam231_w1,127,0.0
cam231_w1,128,0.0
cam231_w1,129,0.0
cam231_w1,130,0.0
cam231_w1,131,0.0
cam231_w1,132,0.0
cam231_w1,133,0.0
cam231_w1,134,0.0
cam231_w1,135,0.015342960288808664
cam231_w1,136,0.00631768953068592
cam231_w1,137,0.0
cam231_w1,138,0.0
cam231_w1,139,0.0
cam231_w1,140,0.0
cam231_w1,141,0.0
cam231_w1,142,0.0
cam231_w1,143,0.0
cam231_w1,144,0.0
cam231_w1,145,0.0
cam231_w1,146,0.0
cam231_w1,147,0.0
cam231_w1,148,0.0
cam231_w1,149,0.0
cam231_w1,150,0.0
cam231_w1,151,0.0
cam231_w1,152,0.0
cam231_w1,153,0.0
cam231_w1,154,0.0
cam231_w1,155,0.0
cam231_w1,156,0.0
cam231_w1,157,0.0
cam231_w1,158,0.0
cam231_w1,159,0.0
cam231_w1,160,0.0
cam231_w1,161,0.0
cam231_w1,162,0.003755868544600939
cam231_w1,163,0.02910798122065728
cam231_w1,164,0.013145539906103286
cam231_w1,165,0.0
cam231_w1,166,0.0028169014084507044
cam231_w1,167,0.11267605633802817
cam231_w1,168,0.022535211267605635
cam231_w1,169,0.046009389671361506
cam231_w1,170,0.0
cam231_w1,171,0.04976525821596244
cam231_w1,172,0.011267605633802818
cam231_w1,173,0.0
cam231_w1,174,0.011267605633802818
cam231_w1,175,0.015023474178403756
cam231_w1,176,0.1624413145539906
cam231_w1,177,0.2084507042253521
cam231_w1,178,0.3089201877934272
cam231_w1,179,0.14741784037558686
cam231_w1,180,0.30422535211267604
cam231_w1,181,0.18028169014084508
cam231_w1,182,0.1539906103286385
cam231_w1,183,0.23098591549295774
cam231_w1,184,0.22065727699530516
cam231_w1,185,0.08826291079812207
cam231_w1,186,0.059154929577464786
cam231_w1,187,0.007511737089201878
cam231_w1,188,0.0
cam231_w1,189,0.14460093896713616
cam231_w1,190,0.03380281690140845
cam231_w1,191,0.010328638497652582
cam231_w1,192,0.0
cam231_w1,193,0.0
cam231_w1,194,0.0
cam231_w1,195,0.0
cam231_w1,196,0.009389671361502348
cam231_w1,197,0.0
cam231_w1,198,0.0
cam231_w1,199,0.0
cam231_w1,200,0.0
cam231_w1,201,0.0
cam231_w1,202,0.0
cam231_w1,203,0.0
cam231_w1,204,0.0
cam231_w1,205,0.0
cam231_w1,206,0.0
cam231_w1,207,0.0
cam231_w1,208,0.0
cam231_w1,209,0.0
cam231_w1,210,0.0
cam231_w1,211,0.012206572769953052
cam231_w1,212,0.004694835680751174
cam231_w1,213,0.0
cam231_w1,214,0.0
cam231_w1,215,0.0
cam231_w1,216,0.0
cam231_w1,217,0.0
cam231_w1,218,0.0
cam231_w1,219,0.005633802816901409
cam231_w1,220,0.0
cam231_w1,221,0.0
cam231_w1,222,0.0
cam231_w1,223,0.0
cam231_w1,224,0.0
cam231_w1,225,0.0
cam231_w1,226,0.0
cam231_w1,227,0.0
cam231_w1,228,0.0
cam231_w1,229,0.0
cam231_w1,230,0.0
cam231_w1,231,0.0
cam231_w1,232,0.0
cam231_w1,233,0.0
cam231_w1,234,0.0
cam231_w1,235,0.0
cam231_w1,236,0.0
cam231_w1,237,0.0
cam231_w1,238,0.0
cam231_w1,239,0.0
cam231_w1,240,0.0
cam231_w1,241,0.0
cam231_w1,242,0.0
cam231_w1,243,0.0
cam231_w1,244,0.05761641673243883
cam231_w1,245,0.06708760852407261
cam231_w1,246,0.13259668508287292
cam231_w1,247,0.14601420678768745
cam231_w1,248,0.06945540647198106
cam231_w1,249,0.07655880031570639
cam231_w1,250,0.06156274664561957
cam231_w1,251,0.004735595895816891
cam231_w1,252,0.1286503551696922
cam231_w1,253,0.041831097079715863
cam231_w1,254,0.2557221783741121
cam231_w1,255,0.15785319652722968
cam231_w1,256,0.15627466456195738
cam231_w1,257,0.05998421468034728
cam231_w1,258,0.056827150749802685
cam231_w1,259,0.0244672454617206
cam231_w1,260,0.13891081294396213
cam231_w1,261,0.006314127861089187
cam231_w1,262,0.004735595895816891
cam231_w1,263,0.19889502762430938
cam231_w1,264,0.018153117600631413
cam231_w1,265,0.07576953433307025
cam231_w1,266,0.025256511444356748
cam231_w1,267,0.18468823993685873
cam231_w1,268,0.08129439621152329
cam231_w1,269,0.0
cam231_w1,270,0.0
cam231_w1,271,0.0
cam231_w1,272,0.0
cam231_w1,273,0.0
cam231_w1,274,0.0015785319652722968
cam231_w1,275,0.0
cam231_w1,276,0.0
cam231_w1,277,0.0
cam231_w1,278,0.0
cam231_w1,279,0.0
cam231_w1,280,0.0023677979479084454
cam231_w1,281,0.0
cam231_w1,282,0.0031570639305445935
cam231_w1,283,0.0
cam231_w1,284,0.06077348066298342
cam231_w1,285,0.0015785319652722968
cam231_w1,286,0.05761641673243883
cam231_w1,287,0.06708760852407261
cam231_w1,288,0.018153117600631413
cam231_w1,289,0.055248618784530384
cam231_w1,290,0.01499605367008682
cam231_w1,291,0.007103393843725336
cam231_w1,292,0.042620363062352014
cam231_w1,293,0.0031570639305445935
cam231_w1,294,0.0
cam231_w1,295,0.0
cam231_w1,296,0.0
cam231_w1,297,0.0
cam231_w1,298,0.0
cam231_w1,299,0.018153117600631413
cam231_w1,300,0.026045777426992895
cam231_w1,301,0.010427010923535254
cam231_w1,302,0.006951340615690168
cam231_w1,303,0.0
cam231_w1,304,0.0
cam231_w1,305,0.0
cam231_w1,306,0.0
cam231_w1,307,0.0
cam231_w1,308,0.0
cam231_w1,309,0.0009930486593843098
cam231_w1,310,0.005958291956305859
cam231_w1,311,0.0
cam231_w1,312,0.0
cam231_w1,313,0.0
cam231_w1,314,0.0
cam231_w1,315,0.01638530287984111
cam231_w1,316,0.03128103277060576
cam231_w1,317,0.030784508440913606
cam231_w1,318,0.010427010923535254
cam231_w1,319,0.06752730883813307
cam231_w1,320,0.013406156901688183
cam231_w1,321,0.038728897715988087
cam231_w1,322,0.10427010923535253
cam231_w1,323,0.0029791459781529296
cam231_w1,324,0.0009930486593843098
cam231_w1,325,0.011916583912611719
cam231_w1,326,0.0804369414101291
cam231_w1,327,0.016881827209533268
cam231_w1,328,0.0
cam231_w1,329,0.0
cam231_w1,330,0.006454816285998014
cam231_w1,331,0.0
cam231_w1,332,0.03426017874875869
cam231_w1,333,0.02333664349553128
cam231_w1,334,0.010923535253227408
cam231_w1,335,0.019364448857994043
cam231_w1,336,0.0029791459781529296
cam231_w1,337,0.1067527308838133
cam231_w1,338,0.06653426017874876
cam231_w1,339,0.010427010923535254
cam231_w1,340,0.0
cam231_w1,341,0.0004965243296921549
cam231_w1,342,0.0
cam231_w1,343,0.09980139026812314
cam231_w1,344,0.009930486593843098
cam231_w1,345,0.07298907646474677
cam231_w1,346,0.0
cam231_w1,347,0.009930486593843098
cam231_w1,348,0.11916583912611718
cam231_w1,349,0.0
cam231_w1,350,0.0
cam231_w1,351,0.005461767626613704
cam231_w1,352,0.04270109235352532
cam231_w1,353,0.03773584905660377
cam231_w1,354,0.0
cam231_w1,355,0.0
cam231_w1,356,0.19116186693147963
cam231_w1,357,0.11171797418073486
cam231_w1,358,0.004965243296921549
cam231_w1,359,0.0
cam231_w1,360,0.05312810327706058
cam231_w1,361,0.0
cam231_w1,362,0.0
cam231_w1,363,0.010923535253227408
cam231_w1,364,0.0
cam231_w1,365,0.04667328699106256
cam231_w1,366,0.05014895729890765
cam231_w1,367,0.12363455809334657
cam231_w1,368,0.0024826216484607746
cam231_w1,369,0.0
cam231_w1,370,0.010427010923535254
cam231_w1,371,0.0
cam231_w1,372,0.0
cam231_w1,373,0.015392254220456803
cam231_w1,374,0.005461767626613704
cam231_w1,375,0.016881827209533268
cam231_w5,1,0.0
cam231_w5,2,0.0
cam231_w5,3,0.0
cam231_w5,4,0.0
cam231_w5,5,0.0
cam231_w5,6,0.0
cam231_w5,7,0.0
cam231_w5,8,0.0
cam231_w5,9,0.0
cam231_w5,10,0.0
cam231_w5,11,0.0
cam231_w5,12,0.0
cam231_w5,13,0.0
cam231_w5,14,0.0
cam231_w5,15,0.0
cam231_w5,16,0.008962868117797696
cam231_w5,17,0.013444302176696543
cam231_w5,18,0.10115236875800256
cam231_w5,19,0.058898847631242
cam231_w5,20,0.5262483994878361
cam231_w5,21,0.03329065300896287
cam231_w5,22,0.010243277848911651
cam231_w5,23,0.0
cam231_w5,24,0.0
cam231_w5,25,0.0
cam231_w5,26,0.010243277848911651
cam231_w5,27,0.006402048655569782
cam231_w5,28,0.0
cam231_w5,29,0.0646606914212548
cam231_w5,30,0.2906530089628681
cam231_w5,31,0.13060179257362356
cam231_w5,32,0.1997439180537772
cam231_w5,33,0.0076824583866837385
cam231_w5,34,0.013444302176696543
cam231_w5,35,0.0
cam231_w5,36,0.0
cam231_w5,37,0.0
cam231_w5,38,0.030729833546734954
cam231_w5,39,0.0
cam231_w5,40,0.0
cam231_w5,41,0.009603072983354673
cam231_w5,42,0.024327784891165175
cam231_w5,43,0.0
cam231_w5,44,0.007042253521126761
cam231_w5,45,0.0
cam231_w5,46,0.0
cam231_w5,47,0.003201024327784891
cam231_w5,48,0.0
cam231_w5,49,0.007042253521126761
cam231_w5,50,0.014084507042253521
cam231_w5,51,0.01792573623559539
cam231_w5,52,0.0
cam231_w5,53,0.0006402048655569782
cam231_w5,54,0.004481434058898848
cam231_w5,55,0.0
cam231_w5,56,0.0
cam231_w5,57,0.0
cam231_w5,58,0.0
cam231_w5,59,0.005121638924455826
cam231_w5,60,0.0
cam231_w5,61,0.0
cam231_w5,62,0.0
cam231_w5,63,0.0
cam231_w5,64,0.0
cam231_w5,65,0.0
cam231_w5,66,0.0
cam231_w5,67,0.0
cam231_w5,68,0.0
cam231_w5,69,0.008322663252240717
cam231_w5,70,0.0
cam231_w5,71,0.0
cam231_w5,72,0.0
cam231_w5,73,0.0
cam231_w5,74,0.0
cam231_w5,75,0.0
cam231_w5,76,0.0
cam231_w5,77,0.0
cam231_w5,78,0.0
cam231_w5,79,0.0
cam231_w5,80,0.0
cam231_w5,81,0.0
cam231_w5,82,0.0
cam231_w5,83,0.0
cam231_w5,84,0.0
cam231_w5,85,0.0
cam231_w5,86,0.0
cam231_w5,87,0.0
cam231_w5,88,0.16795366795366795
cam231_w5,89,0.055984555984555984
cam231_w5,90,0.33783783783783783
cam231_w5,91,0.6283783783783784
cam231_w5,92,0.23938223938223938
cam231_w5,93,0.09749034749034749
cam231_w5,94,0.1138996138996139
cam231_w5,95,0.08108108108108109
cam231_w5,96,0.4333976833976834
cam231_w5,97,0.0222007722007722
cam231_w5,98,0.2750965250965251
cam231_w5,99,0.6187258687258688
cam231_w5,100,0.3474903474903475
cam231_w5,101,0.5405405405405406
cam231_w5,102,0.45366795366795365
cam231_w5,103,0.2306949806949807
cam231_w5,104,0.12837837837837837
cam231_w5,105,0.46332046332046334
cam231_w5,106,0.6303088803088803
cam231_w5,107,0.2625482625482625
cam231_w5,108,0.0
cam231_w5,109,0.0
cam231_w5,110,0.07528957528957529
cam231_w5,111,0.019305019305019305
cam231_w5,112,0.0
cam231_w5,113,0.14961389961389962
cam231_w5,114,0.010617760617760617
cam231_w5,115,0.13803088803088803
cam231_w5,116,0.13706563706563707
cam231_w5,117,0.3861003861003861
cam231_w5,118,0.3388030888030888
cam231_w5,119,0.41216216216216217
cam231_w5,120,0.36776061776061775
cam231_w5,121,0.16312741312741313
cam231_w5,122,0.0222007722007722
cam231_w5,123,0.11583011583011583
cam231_w5,124,0.12451737451737452
cam231_w5,125,0.0
cam231_w5,126,0.0
cam231_w5,127,0.0
cam231_w5,128,0.0
cam231_w5,129,0.0
cam231_w5,130,0.0
cam231_w5,131,0.0
cam231_w5,132,0.0
cam231_w5,133,0.0
cam231_w5,134,0.0
cam231_w5,135,0.0
cam231_w5,136,0.0
cam231_w5,137,0.0
cam231_w5,138,0.0
cam231_w5,139,0.0
cam231_w5,140,0.0
cam231_w5,141,0.0
cam231_w5,142,0.0
cam231_w5,143,0.0
cam231_w5,144,0.003861003861003861
cam231_w5,145,0.0
cam231_w5,146,0.0
cam231_w5,147,0.0
cam231_w5,148,0.0
cam231_w5,149,0.0
cam231_w5,150,0.0
cam231_w5,151,0.0
cam231_w5,152,0.0
cam231_w5,153,0.0
cam231_w5,154,0.0
cam231_w5,155,0.0
cam231_w5,156,0.0
cam231_w5,157,0.0
cam231_w5,158,0.0
cam231_w5,159,0.0
cam231_w5,160,0.0
cam231_w5,161,0.0
cam231_w5,162,0.0
cam231_w5,163,0.0
cam231_w5,164,0.0
cam231_w5,165,0.0
cam231_w5,166,0.02857142857142857
cam231_w5,167,0.049523809523809526
cam231_w5,168,0.1180952380952381
cam231_w5,169,0.35904761904761906
cam231_w5,170,0.03428571428571429
cam231_w5,171,0.04380952380952381
cam231_w5,172,0.0
cam231_w5,173,0.2704761904761905
cam231_w5,174,0.21714285714285714
cam231_w5,175,0.06761904761904762
cam231_w5,176,0.10952380952380952
cam231_w5,177,0.25333333333333335
cam231_w5,178,0.8580952380952381
cam231_w5,179,0.45904761904761904
cam231_w5,180,0.2561904761904762
cam231_w5,181,0.045714285714285714
cam231_w5,182,0.14476190476190476
cam231_w5,183,0.0380952380952381
cam231_w5,184,0.1742857142857143
cam231_w5,185,0.24952380952380954
cam231_w5,186,0.07238095238095238
cam231_w5,187,0.10285714285714286
cam231_w5,188,0.21428571428571427
cam231_w5,189,0.0
cam231_w5,190,0.29714285714285715
cam231_w5,191,0.16095238095238096
cam231_w5,192,0.0
cam231_w5,193,0.04857142857142857
cam231_w5,194,0.0
cam231_w5,195,0.0
cam231_w5,196,0.004761904761904762
cam231_w5,197,0.05619047619047619
cam231_w5,198,0.0
cam231_w5,199,0.0
cam231_w5,200,0.0
cam231_w5,201,0.0
cam231_w5,202,0.0
cam231_w5,203,0.0
cam231_w5,204,0.0
cam231_w5,205,0.0
cam231_w5,206,0.0
cam231_w5,207,0.0
cam231_w5,208,0.0
cam231_w5,209,0.0
cam231_w5,210,0.0
cam231_w5,211,0.0
cam231_w5,212,0.0
cam231_w5,213,0.0
cam231_w5,214,0.0
cam231_w5,215,0.0
cam231_w5,216,0.0
cam231_w5,217,0.0
cam231_w5,218,0.0
cam231_w5,219,0.0
cam231_w5,220,0.0
cam231_w5,221,0.005714285714285714
cam231_w5,222,0.0
cam231_w5,223,0.0
cam231_w5,224,0.0
cam231_w5,225,0.0
cam231_w5,226,0.0
cam231_w5,227,0.0
cam231_w5,228,0.0
cam231_w5,229,0.0
cam231_w5,230,0.0
cam231_w5,231,0.0
cam231_w5,232,0.0
cam231_w5,233,0.0
cam231_w5,234,0.0
cam231_w5,235,0.0
cam231_w5,236,0.0
cam231_w5,237,0.042263610315186245
cam231_w5,238,0.0007163323782234957
cam231_w5,239,0.0
cam231_w5,240,0.0
cam231_w5,241,0.0
cam231_w5,242,0.0
cam231_w5,243,0.0
cam231_w5,244,0.02005730659025788
cam231_w5,245,0.08739255014326648
cam231_w5,246,0.0
cam231_w5,247,0.009312320916905445
cam231_w5,248,0.0
cam231_w5,249,0.07306590257879657
cam231_w5,250,0.012177650429799427
cam231_w5,251,0.0007163323782234957
cam231_w5,252,0.030802292263610316
cam231_w5,253,0.3037249283667622
cam231_w5,254,0.0
cam231_w5,255,0.0
cam231_w5,256,0.03724928366762178
cam231_w5,257,0.062320916905444126
cam231_w5,258,0.020773638968481375
cam231_w5,259,0.0
cam231_w5,260,0.007879656160458453
cam231_w5,261,0.0329512893982808
cam231_w5,262,0.0
cam231_w5,263,0.0
cam231_w5,264,0.0014326647564469914
cam231_w5,265,0.0
cam231_w5,266,0.0
cam231_w5,267,0.004297994269340974
cam231_w5,268,0.0064469914040114614
cam231_w5,269,0.012893982808022923
cam231_w5,270,0.0680515759312321
cam231_w5,271,0.002148997134670487
cam231_w5,272,0.0035816618911174787
cam231_w5,273,0.0057306590257879654
cam231_w5,274,0.012177650429799427
cam231_w5,275,0.0
cam231_w5,276,0.0
cam231_w5,277,0.0
cam231_w5,278,0.02363896848137536
cam231_w5,279,0.0007163323782234957
cam231_w5,280,0.0
cam231_w5,281,0.03581661891117478
cam231_w5,282,0.0
cam231_w5,283,0.045845272206303724
cam231_w5,284,0.0
cam231_w5,285,0.030802292263610316
cam231_w5,286,0.004297994269340974
cam231_w5,287,0.012177650429799427
cam231_w5,288,0.0064469914040114614
cam231_w5,289,0.00501432664756447
cam231_w5,290,0.0
cam231_w5,291,0.0
cam231_w5,292,0.0
cam231_w5,293,0.0
cam231_w5,294,0.0
cam231_w5,295,0.01002865329512894
cam231_w5,296,0.008595988538681949
cam231_w5,297,0.010744985673352435
cam231_w5,298,0.0
cam231_w5,299,0.0
cam231_w5,300,0.0
cam231_w5,301,0.0
cam231_w5,302,0.0
cam231_w5,303,0.0
cam231_w5,304,0.0
cam231_w5,305,0.0
cam231_w5,306,0.0
cam231_w5,307,0.0
cam231_w5,308,0.0
cam231_w5,309,0.0
cam231_w5,310,0.0034737299174989146
cam231_w5,311,0.0039079461571862786
cam231_w5,312,0.056013894919669995
cam231_w5,313,0.16066000868432478
cam231_w5,314,0.0
cam231_w5,315,0.005644811115935736
cam231_w5,316,0.0034737299174989146
cam231_w5,317,0.008684324793747287
cam231_w5,318,0.06382978723404255
cam231_w5,319,0.03517151541467651
cam231_w5,320,0.11550151975683891
cam231_w5,321,0.013894919669995658
cam231_w5,322,0.053842813721233174
cam231_w5,323,0.05080330004342162
cam231_w5,324,0.04993486756404689
cam231_w5,325,0.1532783326096396
cam231_w5,326,0.011289622231871473
cam231_w5,327,0.02040816326530612
cam231_w5,328,0.19583152409900131
cam231_w5,329,0.15892314372557534
cam231_w5,330,0.060356057316543636
cam231_w5,331,0.010421189752496743
cam231_w5,332,0.07772470690403821
cam231_w5,333,0.0486322188449848
cam231_w5,334,0.06990881458966565
cam231_w5,335,0.0
cam231_w5,336,0.04298740772904907
cam231_w5,337,0.03951367781155015
cam231_w5,338,0.04342162396873643
cam231_w5,339,0.0
cam231_w5,340,0.03473729917498915
cam231_w5,341,0.0243161094224924
cam231_w5,342,0.061224489795918366
cam231_w5,343,0.03126356925749023
cam231_w5,344,0.0
cam231_w5,345,0.0004342162396873643
cam231_w5,346,0.0
cam231_w5,347,0.04342162396873643
cam231_w5,348,0.04211897524967434
cam231_w5,349,0.02344767694311767
cam231_w5,350,0.1702127659574468
cam231_w5,351,0.16934433347807207
cam231_w5,352,0.2323056882327399
cam231_w5,353,0.23621363438992618
cam231_w5,354,0.3881893182805037
cam231_w5,355,0.3881893182805037
cam231_w5,356,0.43986105080330007
cam231_w5,357,0.008250108554059922
cam231_w5,358,0.23143725575336518
cam231_w5,359,0.056882327399044724
cam231_w5,360,0.1923577941815024
cam231_w5,361,0.09379070777247069
cam231_w5,362,0.09379070777247069
cam231_w5,363,0.03343465045592705
cam231_w5,364,0.02822405557967868
cam231_w5,365,0.024750325662179766
cam231_w5,366,0.09509335649153278
cam231_w5,367,0.009552757273122015
cam231_w5,368,0.13026487190620928
cam231_w5,369,0.0
cam231_w5,370,0.0
cam231_w5,371,0.08336951801997394
cam231_w5,372,0.030395136778115502
cam231_w5,373,0.01910551454624403
cam231_w5,374,0.2045158488927486
cam231_w5,375,0.024750325662179766
cam236_w1,1,0.0057405281285878304
cam236_w1,2,0.012055109070034443
cam236_w1,3,0.0269804822043628
cam236_w1,4,0.030998851894374284
cam236_w1,5,0.04362801377726751
cam236_w1,6,0.006888633754305396
cam236_w1,7,0.0
cam236_w1,8,0.0
cam236_w1,9,0.001722158438576349
cam236_w1,10,0.032721010332950634
cam236_w1,11,0.09529276693455797
cam236_w1,12,0.16016073478760046
cam236_w1,13,0.06831228473019518
cam236_w1,14,0.22502870264064295
cam236_w1,15,0.03501722158438576
cam236_w1,16,0.1377726750861079
cam236_w1,17,0.19862227324913892
cam236_w1,18,0.0028702640642939152
cam236_w1,19,0.05855338691159587
cam236_w1,20,0.013777267508610792
cam236_w1,21,0.0
cam236_w1,22,0.09931113662456946
cam236_w1,23,0.002296211251435132
cam236_w1,24,0.2629161882893226
cam236_w1,25,0.4121699196326062
cam236_w1,26,0.2755453501722158
cam236_w1,27,0.36452353616532723
cam236_w1,28,0.2835820895522388
cam236_w1,29,0.03444316877152698
cam236_w1,30,0.012629161882893225
cam236_w1,31,0.022962112514351322
cam236_w1,32,0.001722158438576349
cam236_w1,33,0.022388059701492536
cam236_w1,34,0.014351320321469576
cam236_w1,35,0.024110218140068886
cam236_w1,36,0.22560275545350172
cam236_w1,37,0.0338691159586682
cam236_w1,38,0.12227324913892078
cam236_w1,39,0.018369690011481057
cam236_w1,40,0.014351320321469576
cam236_w1,41,0.0338691159586682
cam236_w1,42,0.07290470723306544
cam236_w1,43,0.04420206659012629
cam236_w1,44,0.2359357060849598
cam236_w1,45,0.2330654420206659
cam236_w1,46,0.2468427095292767
cam236_w1,47,0.2726750861079219
cam236_w1,48,0.02066590126291619
cam236_w1,49,0.21526980482204364
cam236_w1,50,0.09012629161882893
cam236_w1,51,0.10677382319173363
cam236_w1,52,0.12686567164179105
cam236_w1,53,0.06544202066590127
cam236_w1,54,0.03673938002296211
cam236_w1,55,0.14810562571756603
cam236_w1,56,0.3455797933409874
cam236_w1,57,0.2944890929965557
cam236_w1,58,0.21412169919632607
cam236_w1,59,0.1423650975889782
cam236_w1,60,0.04707233065442021
cam236_w1,61,0.009184845005740528
cam236_w1,62,0.02066590126291619
cam236_w1,63,0.012055109070034443
cam236_w1,64,0.001148105625717566
cam236_w1,65,0.0
cam236_w1,66,0.010907003444316877
cam236_w1,67,0.060849598163030996
cam236_w1,68,0.03616532721010333
cam236_w1,69,0.030424799081515498
cam236_w1,70,0.04535017221584386
cam236_w1,71,0.004018369690011481
cam236_w1,72,0.004018369690011481
cam236_w1,73,0.0
cam236_w1,74,0.0
cam236_w1,75,0.0
cam236_w1,76,0.0
cam236_w1,77,0.0
cam236_w1,78,0.0
cam236_w1,79,0.0
cam236_w1,80,0.0
cam236_w1,81,0.0
cam236_w1,82,0.0
cam236_w1,83,0.0
cam236_w1,84,0.0274442538593482
cam236_w1,85,0.04202401372212693
cam236_w1,86,0.07890222984562607
cam236_w1,87,0.0
cam236_w1,88,0.09262435677530018
cam236_w1,89,0.10034305317324185
cam236_w1,90,0.41680960548885077
cam236_w1,91,0.44339622641509435
cam236_w1,92,0.4485420240137221
cam236_w1,93,0.5506003430531733
cam236_w1,94,0.8825042881646655
cam236_w1,95,0.18696397941680962
cam236_w1,96,0.0
cam236_w1,97,0.010291595197255575
cam236_w1,98,0.2864493996569468
cam236_w1,99,0.1483704974271012
cam236_w1,100,0.4322469982847341
cam236_w1,101,0.8550600343053173
cam236_w1,102,0.4236706689536878
cam236_w1,103,0.31989708404802747
cam236_w1,104,0.0017152658662092624
cam236_w1,105,0.30017152658662094
cam236_w1,106,0.3404802744425386
cam236_w1,107,0.29416809605488853
cam236_w1,108,0.434819897084048
cam236_w1,109,0.34734133790737565
cam236_w1,110,0.7024013722126929
cam236_w1,111,0.0411663807890223
cam236_w1,112,0.03687821612349914
cam236_w1,113,0.0
cam236_w1,114,0.0
cam236_w1,115,0.0
cam236_w1,116,0.010291595197255575
cam236_w1,117,0.0008576329331046312
cam236_w1,118,0.009433962264150943
cam236_w1,119,0.002572898799313894
cam236_w1,120,0.0
cam236_w1,121,0.0
cam236_w1,122,0.002572898799313894
cam236_w1,123,0.0
cam236_w1,124,0.005145797598627788
cam236_w1,125,0.0274442538593482
cam236_w1,126,0.016295025728987993
cam236_w1,127,0.016295025728987993
cam236_w1,128,0.004288164665523156
cam236_w1,129,0.0008576329331046312
cam236_w1,130,0.007718696397941681
cam236_w1,131,0.0
cam236_w1,132,0.004288164665523156
cam236_w1,133,0.0017152658662092624
cam236_w1,134,0.01972555746140652
cam236_w1,135,0.024013722126929673
cam236_w1,136,0.009433962264150943
cam236_w1,137,0.0
cam236_w1,138,0.0
cam236_w1,139,0.0
cam236_w1,140,0.0
cam236_w1,141,0.0008576329331046312
cam236_w1,142,0.02058319039451115
cam236_w1,143,0.025728987993138937
cam236_w1,144,0.02830188679245283
cam236_w1,145,0.0
cam236_w1,146,0.003430531732418525
cam236_w1,147,0.0017152658662092624
cam236_w1,148,0.0017152658662092624
cam236_w1,149,0.0
cam236_w1,150,0.00686106346483705
cam236_w1,151,0.0
cam236_w1,152,0.0
cam236_w1,153,0.0008583690987124463
cam236_w1,154,0.0
cam236_w1,155,0.0
cam236_w1,156,0.0
cam236_w1,157,0.0
cam236_w1,158,0.0
cam236_w1,159,0.0
cam236_w1,160,0.0
cam236_w1,161,0.0
cam236_w1,162,0.0
cam236_w1,163,0.0
cam236_w1,164,0.0
cam236_w1,165,0.0008583690987124463
cam236_w1,166,0.030901287553648068
cam236_w1,167,0.006008583690987125
cam236_w1,168,0.011158798283261802
cam236_w1,169,0.011158798283261802
cam236_w1,170,0.07381974248927038
cam236_w1,171,0.12103004291845494
cam236_w1,172,0.2686695278969957
cam236_w1,173,0.32274678111587984
cam236_w1,174,0.06952789699570816
cam236_w1,175,0.31244635193133047
cam236_w1,176,0.19570815450643778
cam236_w1,177,0.07124463519313305
cam236_w1,178,0.08583690987124463
cam236_w1,179,0.06866952789699571
cam236_w1,180,0.3072961373390558
cam236_w1,181,0.2223175965665236
cam236_w1,182,0.34678111587982835
cam236_w1,183,0.0
cam236_w1,184,0.007725321888412017
cam236_w1,185,0.004291845493562232
cam236_w1,186,0.02317596566523605
cam236_w1,187,0.0017167381974248926
cam236_w1,188,0.002575107296137339
cam236_w1,189,0.0
cam236_w1,190,0.01201716738197425
cam236_w1,191,0.015450643776824034
cam236_w1,192,0.0
cam236_w1,193,0.014592274678111588
cam236_w1,194,0.0
cam236_w1,195,0.0
cam236_w1,196,0.01888412017167382
cam236_w1,197,0.01201716738197425
cam236_w1,198,0.0
cam236_w1,199,0.0008583690987124463
cam236_w1,200,0.0008583690987124463
cam236_w1,201,0.0
cam236_w1,202,0.0
cam236_w1,203,0.02317596566523605
cam236_w1,204,0.006008583690987125
cam236_w1,205,0.013733905579399141
cam236_w1,206,0.0
cam236_w1,207,0.01201716738197425
cam236_w1,208,0.002575107296137339
cam236_w1,209,0.004291845493562232
cam236_w1,210,0.002575107296137339
cam236_w1,211,0.0
cam236_w1,212,0.0
cam236_w1,213,0.008583690987124463
cam236_w1,214,0.0
cam236_w1,215,0.04291845493562232
cam236_w1,216,0.036051502145922745
cam236_w1,217,0.03175965665236052
cam236_w1,218,0.0017167381974248926
cam236_w1,219,0.0034334763948497852
cam236_w1,220,0.017167381974248927
cam236_w1,221,0.0
cam236_w1,222,0.0
cam236_w1,223,0.0034334763948497852
cam236_w1,224,0.002575107296137339
cam236_w1,225,0.0008583690987124463
cam236_w1,226,0.0
cam236_w1,227,0.0
cam236_w1,228,0.0
cam236_w1,229,0.0
cam236_w1,230,0.01263157894736842
cam236_w1,231,0.0
cam236_w1,232,0.0
cam236_w1,233,0.0
cam236_w1,234,0.0
cam236_w1,235,0.0
cam236_w1,236,0.00631578947368421
cam236_w1,237,0.007017543859649123
cam236_w1,238,0.0007017543859649122
cam236_w1,239,0.03859649122807018
cam236_w1,240,0.10736842105263159
cam236_w1,241,0.04070175438596491
cam236_w1,242,0.02245614035087719
cam236_w1,243,0.029473684210526315
cam236_w1,244,0.008421052631578947
cam236_w1,245,0.07789473684210527
cam236_w1,246,0.11368421052631579
cam236_w1,247,0.08070175438596491
cam236_w1,248,0.2231578947368421
cam236_w1,249,0.23157894736842105
cam236_w1,250,0.09543859649122807
cam236_w1,251,0.16421052631578947
cam236_w1,252,0.13052631578947368
cam236_w1,253,0.1312280701754386
cam236_w1,254,0.32070175438596493
cam236_w1,255,0.051228070175438595
cam236_w1,256,0.19228070175438597
cam236_w1,257,0.14035087719298245
cam236_w1,258,0.16140350877192983
cam236_w1,259,0.03859649122807018
cam236_w1,260,0.09052631578947369
cam236_w1,261,0.00631578947368421
cam236_w1,262,0.019649122807017545
cam236_w1,263,0.028771929824561403
cam236_w1,264,0.011228070175438596
cam236_w1,265,0.002105263157894737
cam236_w1,266,0.0
cam236_w1,267,0.03298245614035088
cam236_w1,268,0.020350877192982456
cam236_w1,269,0.04491228070175438
cam236_w1,270,0.05964912280701754
cam236_w1,271,0.009122807017543859
cam236_w1,272,0.0
cam236_w1,273,0.03368421052631579
cam236_w1,274,0.0007017543859649122
cam236_w1,275,0.009824561403508772
cam236_w1,276,0.005614035087719298
cam236_w1,277,0.08350877192982456
cam236_w1,278,0.04631578947368421
cam236_w1,279,0.0077192982456140355
cam236_w1,280,0.0077192982456140355
cam236_w1,281,0.005614035087719298
cam236_w1,282,0.04421052631578947
cam236_w1,283,0.061052631578947365
cam236_w1,284,0.016140350877192983
cam236_w1,285,0.023859649122807018
cam236_w1,286,0.20842105263157895
cam236_w1,287,0.020350877192982456
cam236_w1,288,0.025964912280701753
cam236_w1,289,0.002807017543859649
cam236_w1,290,0.00631578947368421
cam236_w1,291,0.008421052631578947
cam236_w1,292,0.035789473684210524
cam236_w1,293,0.041403508771929824
cam236_w1,294,0.05824561403508772
cam236_w1,295,0.014035087719298246
cam236_w1,296,0.047017543859649125
cam236_w1,297,0.018947368421052633
cam236_w1,298,0.002105263157894737
cam236_w1,299,0.0077192982456140355
cam236_w1,300,0.0014035087719298245
cam236_w1,301,0.0017444395987788923
cam236_w1,302,0.0
cam236_w1,303,0.0
cam236_w1,304,0.0026166593981683385
cam236_w1,305,0.0
cam236_w1,306,0.0034888791975577847
cam236_w1,307,0.0017444395987788923
cam236_w1,308,0.0034888791975577847
cam236_w1,309,0.00436109899694723
cam236_w1,310,0.0
cam236_w1,311,0.013955516790231139
cam236_w1,312,0.0026166593981683385
cam236_w1,313,0.0008722197993894462
cam236_w1,314,0.027911033580462277
cam236_w1,315,0.0
cam236_w1,316,0.006105538595726123
cam236_w1,317,0.007413868294810292
cam236_w1,318,0.06149149585695595
cam236_w1,319,0.14086349760139555
cam236_w1,320,0.15045791539467945
cam236_w1,321,0.20279110335804623
cam236_w1,322,0.25556040122110774
cam236_w1,323,0.1792411687745312
cam236_w1,324,0.13693850850414305
cam236_w1,325,0.0396860008722198
cam236_w1,326,0.12778020061055387
cam236_w1,327,0.29393807239424335
cam236_w1,328,0.206279982555604
cam236_w1,329,0.19581334496293065
cam236_w1,330,0.303968600087222
cam236_w1,331,0.22721325774095072
cam236_w1,332,0.05843872655909289
cam236_w1,333,0.12211077191452246
cam236_w1,334,0.26733536851286527
cam236_w1,335,0.2250327082424771
cam236_w1,336,0.2023549934583515
cam236_w1,337,0.16310510248582644
cam236_w1,338,0.16005233318796336
cam236_w1,339,0.07675534234627127
cam236_w1,340,0.12080244221543829
cam236_w1,341,0.14391626689925863
cam236_w1,342,0.1814217182730048
cam236_w1,343,0.06149149585695595
cam236_w1,344,0.1927605756650676
cam236_w1,345,0.607937200174444
cam236_w1,346,0.5590928914086349
cam236_w1,347,0.7780200610553859
cam236_w1,348,0.4108155255124291
cam236_w1,349,0.28129088530309637
cam236_w1,350,0.4308765808983864
cam236_w1,351,0.05538595726122983
cam236_w1,352,0.19319668556476233
cam236_w1,353,0.1360662887047536
cam236_w1,354,0.2363715656345399
cam236_w1,355,0.1757522895769734
cam236_w1,356,0.579590056694287
cam236_w1,357,0.4313126907980811
cam236_w1,358,0.14391626689925863
cam236_w1,359,0.1434801569995639
cam236_w1,360,0.10510248582642825
cam236_w1,361,0.02442215438290449
cam236_w1,362,0.03706934147405146
cam236_w1,363,0.03794156127344091
cam236_w1,364,0.029219363279546447
cam236_w1,365,0.02311382468382032
cam236_w1,366,0.05233318796336677
cam236_w1,367,0.03924989097252508
cam236_w1,368,0.040558220671609246
cam236_w1,369,0.040558220671609246
cam236_w1,370,0.09725250763192324
cam236_w1,371,0.012211077191452245
cam236_w1,372,0.01003052769297863
cam236_w1,373,0.0113388573920628
cam236_w1,374,0.041866550370693416
cam236_w1,375,0.02573048408198866
cam236_w2,1,0.0
cam236_w2,2,0.15498154981549817
cam236_w2,3,0.0
cam236_w2,4,0.0
cam236_w2,5,0.0
cam236_w2,6,0.0
cam236_w2,7,0.033210332103321034
cam236_w2,8,0.0
cam236_w2,9,0.06396063960639606
cam236_w2,10,0.025830258302583026
cam236_w2,11,0.006765067650676507
cam236_w2,12,0.0
cam236_w2,13,0.007995079950799507
cam236_w2,14,0.23493234932349324
cam236_w2,15,0.6685116851168512
cam236_w2,16,0.24969249692496925
cam236_w2,17,0.055965559655596554
cam236_w2,18,0.014145141451414513
cam236_w2,19,0.0
cam236_w2,20,0.0
cam236_w2,21,0.006150061500615006
cam236_w2,22,0.15129151291512916
cam236_w2,23,0.15559655596555966
cam236_w2,24,0.6002460024600246
cam236_w2,25,0.5627306273062731
cam236_w2,26,0.6371463714637147
cam236_w2,27,0.0
cam236_w2,28,0.1795817958179582
cam236_w2,29,0.02152521525215252
cam236_w2,30,0.0
cam236_w2,31,0.012300123001230012
cam236_w2,32,0.14883148831488316
cam236_w2,33,0.008610086100861008
cam236_w2,34,0.003075030750307503
cam236_w2,35,0.0012300123001230013
cam236_w2,36,0.0
cam236_w2,37,0.02890528905289053
cam236_w2,38,0.26260762607626076
cam236_w2,39,0.1931119311193112
cam236_w2,40,0.019065190651906518
cam236_w2,41,0.10639606396063961
cam236_w2,42,0.16359163591635917
cam236_w2,43,0.0940959409594096
cam236_w2,44,0.2773677736777368
cam236_w2,45,0.2822878228782288
cam236_w2,46,0.008610086100861008
cam236_w2,47,0.06396063960639606
cam236_w2,48,0.8259532595325954
cam236_w2,49,0.7693726937269373
cam236_w2,50,0.36531365313653136
cam236_w2,51,0.32718327183271834
cam236_w2,52,0.6525215252152522
cam236_w2,53,0.2521525215252153
cam236_w2,54,0.00922509225092251
cam236_w2,55,0.012915129151291513
cam236_w2,56,0.027675276752767528
cam236_w2,57,0.010455104551045511
cam236_w2,58,0.44095940959409596
cam236_w2,59,0.017220172201722016
cam236_w2,60,0.04120541205412054
cam236_w2,61,0.05289052890528905
cam236_w2,62,0.03628536285362854
cam236_w2,63,0.014760147601476014
cam236_w2,64,0.007380073800738007
cam236_w2,65,0.02214022140221402
cam236_w2,66,0.07626076260762607
cam236_w2,67,0.12054120541205413
cam236_w2,68,0.1057810578105781
cam236_w2,69,0.09778597785977859
cam236_w2,70,0.04551045510455105
cam236_w2,71,0.023370233702337023
cam236_w2,72,0.012300123001230012
cam236_w2,73,0.003075030750307503
cam236_w2,74,0.0
cam236_w2,75,0.0
cam236_w2,76,0.0
cam236_w2,77,0.0
cam236_w2,78,0.0
cam236_w2,79,0.0
cam236_w2,80,0.0
cam236_w2,81,0.0
cam236_w2,82,0.0
cam236_w2,83,0.0
cam236_w2,84,0.0
cam236_w2,85,0.09023789991796555
cam236_w2,86,0.0
cam236_w2,87,0.0
cam236_w2,88,0.0
cam236_w2,89,0.0
cam236_w2,90,0.04675963904840033
cam236_w2,91,0.07957342083675144
cam236_w2,92,0.3158326497128794
cam236_w2,93,0.12633305988515175
cam236_w2,94,0.06972928630024611
cam236_w2,95,0.3831009023789992
cam236_w2,96,0.21739130434782608
cam236_w2,97,0.29860541427399506
cam236_w2,98,0.682526661197703
cam236_w2,99,0.019688269073010665
cam236_w2,100,0.0
cam236_w2,101,0.0016406890894175555
cam236_w2,102,0.013125512715340444
cam236_w2,103,0.009023789991796555
cam236_w2,104,0.004101722723543888
cam236_w2,105,0.07547169811320754
cam236_w2,106,0.19278096800656275
cam236_w2,107,0.09680065627563576
cam236_w2,108,0.006562756357670222
cam236_w2,109,0.004922067268252666
cam236_w2,110,0.0
cam236_w2,111,0.03609515996718622
cam236_w2,112,0.1616078753076292
cam236_w2,113,0.162428219852338
cam236_w2,114,0.014766201804757998
cam236_w2,115,0.06070549630844955
cam236_w2,116,0.08941755537325677
cam236_w2,117,0.03609515996718622
cam236_w2,118,0.13043478260869565
cam236_w2,119,0.11484823625922888
cam236_w2,120,0.03527481542247744
cam236_w2,121,0.029532403609515995
cam236_w2,122,0.05660377358490566
cam236_w2,123,0.06398687448728466
cam236_w2,124,0.06808859721082855
cam236_w2,125,0.022149302707136997
cam236_w2,126,0.027071369975389663
cam236_w2,127,0.0
cam236_w2,128,0.0016406890894175555
cam236_w2,129,0.0
cam236_w2,130,0.007383100902378999
cam236_w2,131,0.013125512715340444
cam236_w2,132,0.008203445447087777
cam236_w2,133,0.003281378178835111
cam236_w2,134,0.031173092698933553
cam236_w2,135,0.011484823625922888
cam236_w2,136,0.0
cam236_w2,137,0.0
cam236_w2,138,0.0
cam236_w2,139,0.01394585726004922
cam236_w2,140,0.015586546349466776
cam236_w2,141,0.016406890894175553
cam236_w2,142,0.003281378178835111
cam236_w2,143,0.03199343724364233
cam236_w2,144,0.003281378178835111
cam236_w2,145,0.011484823625922888
cam236_w2,146,0.0016406890894175555
cam236_w2,147,0.0
cam236_w2,148,0.003281378178835111
cam236_w2,149,0.0
cam236_w2,150,0.0
cam236_w2,151,0.0
cam236_w2,152,0.0
cam236_w2,153,0.0
cam236_w2,154,0.0
cam236_w2,155,0.010830324909747292
cam236_w2,156,0.0
cam236_w2,157,0.0
cam236_w2,158,0.0018050541516245488
cam236_w2,159,0.0
cam236_w2,160,0.0
cam236_w2,161,0.0
cam236_w2,162,0.007220216606498195
cam236_w2,163,0.009927797833935019
cam236_w2,164,0.0
cam236_w2,165,0.019855595667870037
cam236_w2,166,0.021660649819494584
cam236_w2,167,0.10649819494584838
cam236_w2,168,0.01263537906137184
cam236_w2,169,0.01444043321299639
cam236_w2,170,0.008122743682310469
cam236_w2,171,0.11462093862815885
cam236_w2,172,0.052346570397111915
cam236_w2,173,0.042418772563176894
cam236_w2,174,0.1552346570397112
cam236_w2,175,0.10198555956678701
cam236_w2,176,0.14620938628158844
cam236_w2,177,0.16335740072202165
cam236_w2,178,0.388086642599278
cam236_w2,179,0.11010830324909747
cam236_w2,180,0.35379061371841153
cam236_w2,181,0.29422382671480146
cam236_w2,182,0.2851985559566787
cam236_w2,183,0.36823104693140796
cam236_w2,184,0.2608303249097473
cam236_w2,185,0.40884476534296027
cam236_w2,186,0.25
cam236_w2,187,0.007220216606498195
cam236_w2,188,0.02527075812274368
cam236_w2,189,0.0
cam236_w2,190,0.0
cam236_w2,191,0.008122743682310469
cam236_w2,192,0.0
cam236_w2,193,0.0036101083032490976
cam236_w2,194,0.026173285198555957
cam236_w2,195,0.0
cam236_w2,196,0.1164259927797834
cam236_w2,197,0.05595667870036101
cam236_w2,198,0.0
cam236_w2,199,0.004512635379061372
cam236_w2,200,0.019855595667870037
cam236_w2,201,0.013537906137184115
cam236_w2,202,0.02075812274368231
cam236_w2,203,0.0018050541516245488
cam236_w2,204,0.055054151624548735
cam236_w2,205,0.017148014440433214
cam236_w2,206,0.01895306859205776
cam236_w2,207,0.07310469314079422
cam236_w2,208,0.011732851985559567
cam236_w2,209,0.009025270758122744
cam236_w2,210,0.0
cam236_w2,211,0.0
cam236_w2,212,0.009025270758122744
cam236_w2,213,0.01895306859205776
cam236_w2,214,0.002707581227436823
cam236_w2,215,0.018050541516245487
cam236_w2,216,0.042418772563176894
cam236_w2,217,0.042418772563176894
cam236_w2,218,0.015342960288808664
cam236_w2,219,0.005415162454873646
cam236_w2,220,0.004512635379061372
cam236_w2,221,0.007220216606498195
cam236_w2,222,0.01263537906137184
cam236_w2,223,0.0
cam236_w2,224,0.005415162454873646
cam236_w2,225,0.0
cam236_w2,226,0.0
cam236_w2,227,0.0
cam236_w2,228,0.0
cam236_w2,229,0.0
cam236_w2,230,0.0037341299477221808
cam236_w2,231,0.016430171769977596
cam236_w2,232,0.0
cam236_w2,233,0.0
cam236_w2,234,0.002987303958177745
cam236_w2,235,0.0
cam236_w2,236,0.0
cam236_w2,237,0.018670649738610903
cam236_w2,238,0.011202389843166542
cam236_w2,239,0.0
cam236_w2,240,0.020911127707244213
cam236_w2,241,0.0007468259895444362
cam236_w2,242,0.01568334578043316
cam236_w2,243,0.018670649738610903
cam236_w2,244,0.029873039581777446
cam236_w2,245,0.021657953696788648
cam236_w2,246,0.020911127707244213
cam236_w2,247,0.038088125466766244
cam236_w2,248,0.002987303958177745
cam236_w2,249,0.08588498879761015
cam236_w2,250,0.07991038088125467
cam236_w2,251,0.010455563853622106
cam236_w2,252,0.07169529499626587
cam236_w2,253,0.17923823749066467
cam236_w2,254,0.2419716206123973
cam236_w2,255,0.33980582524271846
cam236_w2,256,0.0007468259895444362
cam236_w2,257,0.06572068707991038
cam236_w2,258,0.15384615384615385
cam236_w2,259,0.022404779686333084
cam236_w2,260,0.03136669156086632
cam236_w2,261,0.02912621359223301
cam236_w2,262,0.0537714712471994
cam236_w2,263,0.0022404779686333084
cam236_w2,264,0.0
cam236_w2,265,0.04256908140403286
cam236_w2,266,0.10306198655713218
cam236_w2,267,0.04630321135175504
cam236_w2,268,0.0022404779686333084
cam236_w2,269,0.01194921583271098
cam236_w2,270,0.09858103061986558
cam236_w2,271,0.02912621359223301
cam236_w2,272,0.04929051530993279
cam236_w2,273,0.1441374159820762
cam236_w2,274,0.12696041822255413
cam236_w2,275,0.08215085884988797
cam236_w2,276,0.15384615384615385
cam236_w2,277,0.05601194921583271
cam236_w2,278,0.019417475728155338
cam236_w2,279,0.1508588498879761
cam236_w2,280,0.04480955937266617
cam236_w2,281,0.037341299477221805
cam236_w2,282,0.002987303958177745
cam236_w2,283,0.25392083644510827
cam236_w2,284,0.024645257654966394
cam236_w2,285,0.128454070201643
cam236_w2,286,0.035847647498132934
cam236_w2,287,0.10156833457804332
cam236_w2,288,0.05601194921583271
cam236_w2,289,0.06945481702763256
cam236_w2,290,0.0268857356235997
cam236_w2,291,0.14787154592979837
cam236_w2,292,0.05526512322628827
cam236_w2,293,0.04555638536221061
cam236_w2,294,0.0022404779686333084
cam236_w2,295,0.03659447348767737
cam236_w2,296,0.030619865571321882
cam236_w2,297,0.017923823749066467
cam236_w2,298,0.037341299477221805
cam236_w2,299,0.02315160567587752
cam236_w2,300,0.009708737864077669
cam236_w2,301,0.029078363725973385
cam236_w2,302,0.025628388368654508
cam236_w2,303,0.0
cam236_w2,304,0.0004928536224741252
cam236_w2,305,0.0
cam236_w2,306,0.0
cam236_w2,307,0.0049285362247412515
cam236_w2,308,0.06998521439132578
cam236_w2,309,0.002957121734844751
cam236_w2,310,0.003942828979793002
cam236_w2,311,0.07934943321833415
cam236_w2,312,0.17151306062099556
cam236_w2,313,0.09167077378018729
cam236_w2,314,0.2148841793987186
cam236_w2,315,0.15229176934450467
cam236_w2,316,0.2109413504189256
cam236_w2,317,0.09462789551503203
cam236_w2,318,0.07195662888122227
cam236_w2,319,0.2720551996057171
cam236_w2,320,0.23016264169541645
cam236_w2,321,0.09857072449482504
cam236_w2,322,0.0941350418925579
cam236_w2,323,0.06752094627895515
cam236_w2,324,0.08871365204534254
cam236_w2,325,0.2410054213898472
cam236_w2,326,0.2528339083292262
cam236_w2,327,0.3016264169541646
cam236_w2,328,0.07097092163627403
cam236_w2,329,0.2656481025135535
cam236_w2,330,0.16954164613109907
cam236_w2,331,0.22966978807294233
cam236_w2,332,0.11483489403647117
cam236_w2,333,0.29029078363725974
cam236_w2,334,0.09462789551503203
cam236_w2,335,0.05372104484967965
cam236_w2,336,0.17742730409068508
cam236_w2,337,0.12863479546574666
cam236_w2,338,0.18925579103006407
cam236_w2,339,0.1582060128141942
cam236_w2,340,0.12764908822079843
cam236_w2,341,0.1483489403647117
cam236_w2,342,0.09167077378018729
cam236_w2,343,0.14736323311976343
cam236_w2,344,0.21882700837851157
cam236_w2,345,0.3208477082306555
cam236_w2,346,0.037456875308033516
cam236_w2,347,0.10152784622966979
cam236_w2,348,0.21685559388861508
cam236_w2,349,0.17693445046821094
cam236_w2,350,0.03942828979793001
cam236_w2,351,0.003942828979793002
cam236_w2,352,0.04337111877772302
cam236_w2,353,0.06407097092163627
cam236_w2,354,0.16510596352883194
cam236_w2,355,0.035978314440611135
cam236_w2,356,0.1582060128141942
cam236_w2,357,0.42336126170527355
cam236_w2,358,0.4149827501232134
cam236_w2,359,0.26515524889107933
cam236_w2,360,0.3223262690980779
cam236_w2,361,0.23410547067520945
cam236_w2,362,0.3292262198127156
cam236_w2,363,0.3440118284869394
cam236_w2,364,0.15426318383440119
cam236_w2,365,0.16904879250862495
cam236_w2,366,0.07146377525874816
cam236_w2,367,0.08871365204534254
cam236_w2,368,0.23755544603252834
cam236_w2,369,0.10349926071956629
cam236_w2,370,0.12419911286347955
cam236_w2,371,0.06998521439132578
cam236_w2,372,0.006899950714637753
cam236_w2,373,0.02365697387875801
cam236_w2,374,0.009364218827008379
cam236_w2,375,0.041399704287826515
cam236_w3,1,0.02112676056338028
cam236_w3,2,0.0
cam236_w3,3,0.07170294494238157
cam236_w3,4,0.013444302176696543
cam236_w3,5,0.12227912932138284
cam236_w3,6,0.003201024327784891
cam236_w3,7,0.3412291933418694
cam236_w3,8,0.1997439180537772
cam236_w3,9,0.674775928297055
cam236_w3,10,0.11395646606914213
cam236_w3,11,0.0
cam236_w3,12,0.0
cam236_w3,13,0.0
cam236_w3,14,0.0
cam236_w3,15,0.002560819462227913
cam236_w3,16,0.0019206145966709346
cam236_w3,17,0.005121638924455826
cam236_w3,18,0.0
cam236_w3,19,0.010243277848911651
cam236_w3,20,0.024327784891165175
cam236_w3,21,0.22919334186939821
cam236_w3,22,0.17797695262483995
cam236_w3,23,0.19270166453265045
cam236_w3,24,0.019206145966709345
cam236_w3,25,0.06274007682458387
cam236_w3,26,0.0
cam236_w3,27,0.0
cam236_w3,28,0.010243277848911651
cam236_w3,29,0.011523687580025609
cam236_w3,30,0.14980793854033292
cam236_w3,31,0.10819462227912932
cam236_w3,32,0.3873239436619718
cam236_w3,33,0.13060179257362356
cam236_w3,34,0.3847631241997439
cam236_w3,35,0.885403329065301
cam236_w3,36,0.5627400768245838
cam236_w3,37,0.3559539052496799
cam236_w3,38,0.13124199743918052
cam236_w3,39,0.0006402048655569782
cam236_w3,40,0.2727272727272727
cam236_w3,41,0.677336747759283
cam236_w3,42,0.5627400768245838
cam236_w3,43,0.1357234314980794
cam236_w3,44,0.0
cam236_w3,45,0.0
cam236_w3,46,0.002560819462227913
cam236_w3,47,0.02880921895006402
cam236_w3,48,0.0
cam236_w3,49,0.0
cam236_w3,50,0.011523687580025609
cam236_w3,51,0.004481434058898848
cam236_w3,52,0.0
cam236_w3,53,0.0
cam236_w3,54,0.005761843790012804
cam236_w3,55,0.0147247119078105
cam236_w3,56,0.03265044814340589
cam236_w3,57,0.010243277848911651
cam236_w3,58,0.026248399487836107
cam236_w3,59,0.02560819462227913
cam236_w3,60,0.0
cam236_w3,61,0.0
cam236_w3,62,0.024327784891165175
cam236_w3,63,0.03649167733674776
cam236_w3,64,0.005761843790012804
cam236_w3,65,0.030089628681177975
cam236_w3,66,0.03265044814340589
cam236_w3,67,0.003201024327784891
cam236_w3,68,0.005121638924455826
cam236_w3,69,0.026888604353393086
cam236_w3,70,0.0076824583866837385
cam236_w3,71,0.006402048655569782
cam236_w3,72,0.0
cam236_w3,73,0.0
cam236_w3,74,0.0
cam236_w3,75,0.0
cam236_w3,76,0.0
cam236_w3,77,0.0
cam236_w3,78,0.0
cam236_w3,79,0.0
cam236_w3,80,0.0
cam236_w3,81,0.005145797598627788
cam236_w3,82,0.0
cam236_w3,83,0.0
cam236_w3,84,0.0
cam236_w3,85,0.0
cam236_w3,86,0.0
cam236_w3,87,0.0
cam236_w3,88,0.024013722126929673
cam236_w3,89,0.0
cam236_w3,90,0.002572898799313894
cam236_w3,91,0.11234991423670669
cam236_w3,92,0.13550600343053174
cam236_w3,93,0.14150943396226415
cam236_w3,94,0.09005145797598628
cam236_w3,95,0.19210977701543738
cam236_w3,96,0.3276157804459691
cam236_w3,97,0.0
cam236_w3,98,0.1423670668953688
cam236_w3,99,0.4562607204116638
cam236_w3,100,0.14665523156089194
cam236_w3,101,0.39451114922813035
cam236_w3,102,0.0
cam236_w3,103,0.15523156089193826
cam236_w3,104,0.15008576329331047
cam236_w3,105,0.0
cam236_w3,106,0.0008576329331046312
cam236_w3,107,0.003430531732418525
cam236_w3,108,0.0
cam236_w3,109,0.0
cam236_w3,110,0.0
cam236_w3,111,0.044596912521440824
cam236_w3,112,0.0
cam236_w3,113,0.0
cam236_w3,114,0.014579759862778732
cam236_w3,115,0.0017152658662092624
cam236_w3,116,0.0
cam236_w3,117,0.0
cam236_w3,118,0.0
cam236_w3,119,0.003430531732418525
cam236_w3,120,0.08662092624356775
cam236_w3,121,0.024013722126929673
cam236_w3,122,0.09862778730703259
cam236_w3,123,0.014579759862778732
cam236_w3,124,0.12178387650085763
cam236_w3,125,0.1946826758147513
cam236_w3,126,0.06689536878216124
cam236_w3,127,0.029159519725557463
cam236_w3,128,0.008576329331046312
cam236_w3,129,0.0
cam236_w3,130,0.04974271012006861
cam236_w3,131,0.008576329331046312
cam236_w3,132,0.011149228130360206
cam236_w3,133,0.0
cam236_w3,134,0.0
cam236_w3,135,0.0008576329331046312
cam236_w3,136,0.0
cam236_w3,137,0.0
cam236_w3,138,0.0
cam236_w3,139,0.0
cam236_w3,140,0.0
cam236_w3,141,0.02830188679245283
cam236_w3,142,0.03173241852487135
cam236_w3,143,0.003430531732418525
cam236_w3,144,0.0
cam236_w3,145,0.006003430531732418
cam236_w3,146,0.015437392795883362
cam236_w3,147,0.0008576329331046312
cam236_w3,148,0.00686106346483705
cam236_w3,149,0.0
cam236_w3,150,0.0
cam236_w3,151,0.0
cam236_w3,152,0.0
cam236_w3,153,0.0
cam236_w3,154,0.0
cam236_w3,155,0.0
cam236_w3,156,0.008688097306689836
cam236_w3,157,0.0
cam236_w3,158,0.0
cam236_w3,159,0.0
cam236_w3,160,0.0
cam236_w3,161,0.013900955690703735
cam236_w3,162,0.0
cam236_w3,163,0.0
cam236_w3,164,0.0
cam236_w3,165,0.0
cam236_w3,166,0.11902693310165074
cam236_w3,167,0.16507384882710685
cam236_w3,168,0.3848827106863597
cam236_w3,169,0.4934839270199826
cam236_w3,170,0.34491746307558646
cam236_w3,171,0.7523892267593397
cam236_w3,172,0.2371850564726325
cam236_w3,173,0.01216333622936577
cam236_w3,174,0.01216333622936577
cam236_w3,175,0.01216333622936577
cam236_w3,176,0.03214596003475239
cam236_w3,177,0.01737619461337967
cam236_w3,178,0.014769765421372719
cam236_w3,179,0.263249348392702
cam236_w3,180,0.5986099044309297
cam236_w3,181,0.6516072980017377
cam236_w3,182,0.8019113814074718
cam236_w3,183,0.8357949609035621
cam236_w3,184,0.2728062554300608
cam236_w3,185,0.10425716768027801
cam236_w3,186,0.1998262380538662
cam236_w3,187,0.2380538662033015
cam236_w3,188,0.13205907906168549
cam236_w3,189,0.3518679409209383
cam236_w3,190,0.23892267593397046
cam236_w3,191,0.26238053866203304
cam236_w3,192,0.03214596003475239
cam236_w3,193,0.03909643788010426
cam236_w3,194,0.013032145960034752
cam236_w3,195,0.0
cam236_w3,196,0.006081668114682885
cam236_w3,197,0.018245004344048653
cam236_w3,198,0.006081668114682885
cam236_w3,199,0.0
cam236_w3,200,0.0
cam236_w3,201,0.0
cam236_w3,202,0.004344048653344918
cam236_w3,203,0.0
cam236_w3,204,0.02780191138140747
cam236_w3,205,0.0
cam236_w3,206,0.01216333622936577
cam236_w3,207,0.008688097306689836
cam236_w3,208,0.0008688097306689834
cam236_w3,209,0.0
cam236_w3,210,0.0
cam236_w3,211,0.006081668114682885
cam236_w3,212,0.004344048653344918
cam236_w3,213,0.015638575152041704
cam236_w3,214,0.026064291920069503
cam236_w3,215,0.022589052997393572
cam236_w3,216,0.11120764552562988
cam236_w3,217,0.08253692441355343
cam236_w3,218,0.0
cam236_w3,219,0.0008688097306689834
cam236_w3,220,0.0026064291920069507
cam236_w3,221,0.0
cam236_w3,222,0.0
cam236_w3,223,0.0
cam236_w3,224,0.0008688097306689834
cam236_w3,225,0.008688097306689836
cam236_w3,226,0.0
cam236_w3,227,0.0
cam236_w3,228,0.0
cam236_w3,229,0.0015105740181268882
cam236_w3,230,0.0
cam236_w3,231,0.0022658610271903325
cam236_w3,232,0.0
cam236_w3,233,0.0
cam236_w3,234,0.0
cam236_w3,235,0.0
cam236_w3,236,0.0
cam236_w3,237,0.01283987915407855
cam236_w3,238,0.0
cam236_w3,239,0.045317220543806644
cam236_w3,240,0.01661631419939577
cam236_w3,241,0.030211480362537766
cam236_w3,242,0.01661631419939577
cam236_w3,243,0.006797583081570997
cam236_w3,244,0.045317220543806644
cam236_w3,245,0.14652567975830816
cam236_w3,246,0.054380664652567974
cam236_w3,247,0.09592145015105741
cam236_w3,248,0.16314199395770393
cam236_w3,249,0.012084592145015106
cam236_w3,250,0.22356495468277945
cam236_w3,251,0.3202416918429003
cam236_w3,252,0.5430513595166163
cam236_w3,253,0.27341389728096677
cam236_w3,254,0.16163141993957703
cam236_w3,255,0.14274924471299094
cam236_w3,256,0.004531722054380665
cam236_w3,257,0.011329305135951661
cam236_w3,258,0.011329305135951661
cam236_w3,259,0.02416918429003021
cam236_w3,260,0.00906344410876133
cam236_w3,261,0.006042296072507553
cam236_w3,262,0.0030211480362537764
cam236_w3,263,0.006042296072507553
cam236_w3,264,0.02039274924471299
cam236_w3,265,0.011329305135951661
cam236_w3,266,0.0
cam236_w3,267,0.0
cam236_w3,268,0.07930513595166164
cam236_w3,269,0.01812688821752266
cam236_w3,270,0.04380664652567976
cam236_w3,271,0.11027190332326284
cam236_w3,272,0.09365558912386707
cam236_w3,273,0.06646525679758308
cam236_w3,274,0.3391238670694864
cam236_w3,275,0.06873111782477341
cam236_w3,276,0.0022658610271903325
cam236_w3,277,0.05513595166163142
cam236_w3,278,0.1472809667673716
cam236_w3,279,0.1351963746223565
cam236_w3,280,0.4509063444108761
cam236_w3,281,0.3919939577039275
cam236_w3,282,0.1971299093655589
cam236_w3,283,0.5906344410876133
cam236_w3,284,0.12462235649546828
cam236_w3,285,0.3021148036253776
cam236_w3,286,0.1729607250755287
cam236_w3,287,0.05664652567975831
cam236_w3,288,0.014350453172205438
cam236_w3,289,0.027190332326283987
cam236_w3,290,0.006797583081570997
cam236_w3,291,0.0324773413897281
cam236_w3,292,0.0030211480362537764
cam236_w3,293,0.005287009063444109
cam236_w3,294,0.03927492447129909
cam236_w3,295,0.05740181268882175
cam236_w3,296,0.0324773413897281
cam236_w3,297,0.0015105740181268882
cam236_w3,298,0.0
cam236_w3,299,0.006797583081570997
cam236_w3,300,0.0
cam236_w3,301,0.0017368649587494573
cam236_w3,302,0.0039079461571862786
cam236_w3,303,0.0
cam236_w3,304,0.0039079461571862786
cam236_w3,305,0.0
cam236_w3,306,0.0
cam236_w3,307,0.0008684324793747286
cam236_w3,308,0.0017368649587494573
cam236_w3,309,0.0
cam236_w3,310,0.0026052974381241857
cam236_w3,311,0.0004342162396873643
cam236_w3,312,0.0
cam236_w3,313,0.00911854103343465
cam236_w3,314,0.01606600086843248
cam236_w3,315,0.004776378636561007
cam236_w3,316,0.008684324793747287
cam236_w3,317,0.00998697351280938
cam236_w3,318,0.007381676074685193
cam236_w3,319,0.056013894919669995
cam236_w3,320,0.014329135909683021
cam236_w3,321,0.07164567954841511
cam236_w3,322,0.08554059921841077
cam236_w3,323,0.13590968302214504
cam236_w3,324,0.053842813721233174
cam236_w3,325,0.08336951801997394
cam236_w3,326,0.03907946157186279
cam236_w3,327,0.02518454190186713
cam236_w3,328,0.04472427268779852
cam236_w3,329,0.061224489795918366
cam236_w3,330,0.25749023013460703
cam236_w3,331,0.09379070777247069
cam236_w3,332,0.03907946157186279
cam236_w3,333,0.06513243595310464
cam236_w3,334,0.03430308293530178
cam236_w3,335,0.15458098132870168
cam236_w3,336,0.01606600086843248
cam236_w3,337,0.3373860182370821
cam236_w3,338,0.004776378636561007
cam236_w3,339,0.030395136778115502
cam236_w3,340,0.013460703430308293
cam236_w3,341,0.03690838037342597
cam236_w3,342,0.02127659574468085
cam236_w3,343,0.1511072514112028
cam236_w3,344,0.057750759878419454
cam236_w3,345,0.015197568389057751
cam236_w3,346,0.0013026487190620929
cam236_w3,347,0.04515848892748589
cam236_w3,348,0.018671298306556665
cam236_w3,349,0.0
cam236_w3,350,0.029960920538428137
cam236_w3,351,0.029526704298740773
cam236_w3,352,0.006947459834997829
cam236_w3,353,0.03907946157186279
cam236_w3,354,0.014329135909683021
cam236_w3,355,0.005210594876248371
cam236_w3,356,0.0060790273556231
cam236_w3,357,0.08684324793747286
cam236_w3,358,0.08163265306122448
cam236_w3,359,0.2718193660442901
cam236_w3,360,0.10638297872340426
cam236_w3,361,0.1411202778983934
cam236_w3,362,0.3990447242726878
cam236_w3,363,0.10594876248371689
cam236_w3,364,0.029092488059053408
cam236_w3,365,0.08554059921841077
cam236_w3,366,0.015197568389057751
cam236_w3,367,0.013894919669995658
cam236_w3,368,0.01910551454624403
cam236_w3,369,0.14763352149370387
cam236_w3,370,0.20972644376899696
cam236_w3,371,0.20277898393399912
cam236_w3,372,0.12548849326964828
cam236_w3,373,0.16283108988276163
cam236_w3,374,0.21623968736430743
cam236_w3,375,0.09509335649153278
cam236_w6,1,0.0
cam236_w6,2,0.0
cam236_w6,3,0.0
cam236_w6,4,0.0
cam236_w6,5,0.0013236267372600927
cam236_w6,6,0.0
cam236_w6,7,0.03772336201191264
cam236_w6,8,0.0
cam236_w6,9,0.0
cam236_w6,10,0.048312375909993384
cam236_w6,11,0.011250827266710787
cam236_w6,12,0.02382528127068167
cam236_w6,13,0.13302448709463932
cam236_w6,14,0.2898742554599603
cam236_w6,15,0.2739907346128392
cam236_w6,16,0.10191925876902713
cam236_w6,17,0.1872931833223031
cam236_w6,18,0.04632693580410324
cam236_w6,19,0.08338848444738584
cam236_w6,20,0.4109861019192588
cam236_w6,21,0.5069490403706155
cam236_w6,22,0.02183984116479153
cam236_w6,23,0.0
cam236_w6,24,0.027796161482461945
cam236_w6,25,0.003970880211780278
cam236_w6,26,0.15949702183984116
cam236_w6,27,0.03309066843150232
cam236_w6,28,0.12905360688285902
cam236_w6,29,0.2243547319655857
cam236_w6,30,0.008603573792190603
cam236_w6,31,0.01588352084712111
cam236_w6,32,0.0
cam236_w6,33,0.003970880211780278
cam236_w6,34,0.0
cam236_w6,35,0.0
cam236_w6,36,0.0
cam236_w6,37,0.004632693580410324
cam236_w6,38,0.0
cam236_w6,39,0.04367968232958306
cam236_w6,40,0.11250827266710788
cam236_w6,41,0.0026472534745201853
cam236_w6,42,0.0
cam236_w6,43,0.0006618133686300463
cam236_w6,44,0.004632693580410324
cam236_w6,45,0.001985440105890139
cam236_w6,46,0.0357379219060225
cam236_w6,47,0.003970880211780278
cam236_w6,48,0.020516214427531435
cam236_w6,49,0.042356055592322965
cam236_w6,50,0.01455989410986102
cam236_w6,51,0.036399735274652546
cam236_w6,52,0.04103242885506287
cam236_w6,53,0.0013236267372600927
cam236_w6,54,0.0013236267372600927
cam236_w6,55,0.01985440105890139
cam236_w6,56,0.01588352084712111
cam236_w6,57,0.0066181336863004635
cam236_w6,58,0.003970880211780278
cam236_w6,59,0.003970880211780278
cam236_w6,60,0.011912640635340834
cam236_w6,61,0.0
cam236_w6,62,0.024487094639311716
cam236_w6,63,0.02911978821972204
cam236_w6,64,0.07081403044341496
cam236_w6,65,0.00727994705493051
cam236_w6,66,0.05625413633355394
cam236_w6,67,0.007941760423560556
cam236_w6,68,0.00727994705493051
cam236_w6,69,0.03970880211780278
cam236_w6,70,0.06154864328259431
cam236_w6,71,0.031105228325612178
cam236_w6,72,0.02911978821972204
cam236_w6,73,0.045665122435473195
cam236_w6,74,0.0
cam236_w6,75,0.008603573792190603
cam236_w6,76,0.0
cam236_w6,77,0.0
cam236_w6,78,0.0
cam236_w6,79,0.0
cam236_w6,80,0.0
cam236_w6,81,0.0
cam236_w6,82,0.0
cam236_w6,83,0.0
cam236_w6,84,0.0
cam236_w6,85,0.0
cam236_w6,86,0.0
cam236_w6,87,0.0
cam236_w6,88,0.0
cam236_w6,89,0.0
cam236_w6,90,0.0
cam236_w6,91,0.0
cam236_w6,92,0.09065934065934066
cam236_w6,93,0.3058608058608059
cam236_w6,94,0.33974358974358976
cam236_w6,95,0.021062271062271064
cam236_w6,96,0.0
cam236_w6,97,0.2445054945054945
cam236_w6,98,0.08333333333333333
cam236_w6,99,0.0
cam236_w6,100,0.16117216117216118
cam236_w6,101,0.07783882783882784
cam236_w6,102,0.07234432234432235
cam236_w6,103,0.023809523809523808
cam236_w6,104,0.11446886446886446
cam236_w6,105,0.00641025641025641
cam236_w6,106,0.21794871794871795
cam236_w6,107,0.6089743589743589
cam236_w6,108,0.2216117216117216
cam236_w6,109,0.5586080586080586
cam236_w6,110,0.7921245421245421
cam236_w6,111,0.6703296703296703
cam236_w6,112,0.6804029304029304
cam236_w6,113,0.6932234432234432
cam236_w6,114,0.6437728937728938
cam236_w6,115,0.10714285714285714
cam236_w6,116,0.37362637362637363
cam236_w6,117,0.3031135531135531
cam236_w6,118,0.003663003663003663
cam236_w6,119,0.014652014652014652
cam236_w6,120,0.027472527472527472
cam236_w6,121,0.07051282051282051
cam236_w6,122,0.007326007326007326
cam236_w6,123,0.0
cam236_w6,124,0.15842490842490842
cam236_w6,125,0.009157509157509158
cam236_w6,126,0.024725274725274724
cam236_w6,127,0.0347985347985348
cam236_w6,128,0.018315018315018316
cam236_w6,129,0.004578754578754579
cam236_w6,130,0.008241758241758242
cam236_w6,131,0.0
cam236_w6,132,0.0
cam236_w6,133,0.0
cam236_w6,134,0.01282051282051282
cam236_w6,135,0.0
cam236_w6,136,0.0
cam236_w6,137,0.0
cam236_w6,138,0.0
cam236_w6,139,0.0
cam236_w6,140,0.009157509157509158
cam236_w6,141,0.0
cam236_w6,142,0.0
cam236_w6,143,0.06776556776556776
cam236_w6,144,0.003663003663003663
cam236_w6,145,0.016483516483516484
cam236_w6,146,0.018315018315018316
cam236_w6,147,0.005494505494505495
cam236_w6,148,0.0027472527472527475
cam236_w6,149,0.0
cam236_w6,150,0.0
cam236_w6,151,0.0
cam236_w6,152,0.004570383912248629
cam236_w6,153,0.0
cam236_w6,154,0.0
cam236_w6,155,0.0
cam236_w6,156,0.0
cam236_w6,157,0.008226691042047532
cam236_w6,158,0.0
cam236_w6,159,0.0
cam236_w6,160,0.0
cam236_w6,161,0.0
cam236_w6,162,0.0
cam236_w6,163,0.0
cam236_w6,164,0.0
cam236_w6,165,0.0
cam236_w6,166,0.022851919561243144
cam236_w6,167,0.008226691042047532
cam236_w6,168,0.015539305301645339
cam236_w6,169,0.12431444241316271
cam236_w6,170,0.14442413162705667
cam236_w6,171,0.10237659963436929
cam236_w6,172,0.09872029250457039
cam236_w6,173,0.010968921389396709
cam236_w6,174,0.022851919561243144
cam236_w6,175,0.16453382084095064
cam236_w6,176,0.062157221206581355
cam236_w6,177,0.006398537477148081
cam236_w6,178,0.056672760511883
cam236_w6,179,0.024680073126142597
cam236_w6,180,0.12157221206581353
cam236_w6,181,0.09597806215722121
cam236_w6,182,0.07769652650822668
cam236_w6,183,0.007312614259597806
cam236_w6,184,0.002742230347349177
cam236_w6,185,0.02010968921389397
cam236_w6,186,0.033820840950639856
cam236_w6,187,0.02102376599634369
cam236_w6,188,0.08775137111517367
cam236_w6,189,0.048446069469835464
cam236_w6,190,0.01736745886654479
cam236_w6,191,0.07952468007312614
cam236_w6,192,0.11151736745886655
cam236_w6,193,0.16087751371115175
cam236_w6,194,0.031992687385740404
cam236_w6,195,0.051188299817184646
cam236_w6,196,0.007312614259597806
cam236_w6,197,0.05210237659963437
cam236_w6,198,0.004570383912248629
cam236_w6,199,0.021937842778793418
cam236_w6,200,0.009140767824497258
cam236_w6,201,0.004570383912248629
cam236_w6,202,0.0
cam236_w6,203,0.006398537477148081
cam236_w6,204,0.005484460694698354
cam236_w6,205,0.05393053016453382
cam236_w6,206,0.11243144424131626
cam236_w6,207,0.23583180987202926
cam236_w6,208,0.3327239488117002
cam236_w6,209,0.2897623400365631
cam236_w6,210,0.04021937842778794
cam236_w6,211,0.006398537477148081
cam236_w6,212,0.010054844606946984
cam236_w6,213,0.0
cam236_w6,214,0.0
cam236_w6,215,0.0
cam236_w6,216,0.0
cam236_w6,217,0.06764168190127971
cam236_w6,218,0.024680073126142597
cam236_w6,219,0.04570383912248629
cam236_w6,220,0.010054844606946984
cam236_w6,221,0.0
cam236_w6,222,0.0
cam236_w6,223,0.008226691042047532
cam236_w6,224,0.0
cam236_w6,225,0.0
cam236_w6,226,0.0
cam236_w6,227,0.0
cam236_w6,228,0.0
cam236_w6,229,0.002779708130646282
cam236_w6,230,0.002779708130646282
cam236_w6,231,0.01320361362056984
cam236_w6,232,0.0
cam236_w6,233,0.0
cam236_w6,234,0.0
cam236_w6,235,0.008339124391938846
cam236_w6,236,0.0
cam236_w6,237,0.015983321751216122
cam236_w6,238,0.10840861709520501
cam236_w6,239,0.05350938151494093
cam236_w6,240,0.07366226546212648
cam236_w6,241,0.029881862404447533
cam236_w6,242,0.0034746351633078527
cam236_w6,243,0.018068102849200834
cam236_w6,244,0.02640722724113968
cam236_w6,245,0.035441278665740095
cam236_w6,246,0.027102154273801252
cam236_w6,247,0.0006949270326615705
cam236_w6,248,0.011118832522585128
cam236_w6,249,0.037526059763724806
cam236_w6,250,0.1202223766504517
cam236_w6,251,0.0020847810979847115
cam236_w6,252,0.04378040305767894
cam236_w6,253,0.018763029881862403
cam236_w6,254,0.1271716469770674
cam236_w6,255,0.08269631688672689
cam236_w6,256,0.15774843641417652
cam236_w6,257,0.21195274496177902
cam236_w6,258,0.13968033356497567
cam236_w6,259,0.19874913134120917
cam236_w6,260,0.26268241834607364
cam236_w6,261,0.17095205003474634
cam236_w6,262,0.4266851980542043
cam236_w6,263,0.18971507991660877
cam236_w6,264,0.12300208478109799
cam236_w6,265,0.12647671994440585
cam236_w6,266,0.08964558721334259
cam236_w6,267,0.20083391243919388
cam236_w6,268,0.10840861709520501
cam236_w6,269,0.14246004169562196
cam236_w6,270,0.28700486448922863
cam236_w6,271,0.05350938151494093
cam236_w6,272,0.05142460041695622
cam236_w6,273,0.09728978457261987
cam236_w6,274,0.08269631688672689
cam236_w6,275,0.09520500347463516
cam236_w6,276,0.1348158443363447
cam236_w6,277,0.10215427380125087
cam236_w6,278,0.006949270326615705
cam236_w6,279,0.002779708130646282
cam236_w6,280,0.0729673384294649
cam236_w6,281,0.21890201528839473
cam236_w6,282,0.16678248783877692
cam236_w6,283,0.09103544127866574
cam236_w6,284,0.09312022237665045
cam236_w6,285,0.06671299513551077
cam236_w6,286,0.007644197359277276
cam236_w6,287,0.0020847810979847115
cam236_w6,288,0.05003474635163308
cam236_w6,289,0.05350938151494093
cam236_w6,290,0.008339124391938846
cam236_w6,291,0.06254343293954134
cam236_w6,292,0.10006949270326616
cam236_w6,293,0.021542738012508687
cam236_w6,294,0.10701876302988186
cam236_w6,295,0.14176511466296038
cam236_w6,296,0.014593467685892982
cam236_w6,297,0.06949270326615706
cam236_w6,298,0.020152883947185545
cam236_w6,299,0.004169562195969423
cam236_w6,300,0.0
cam236_w6,301,0.0
cam236_w6,302,0.004776378636561007
cam236_w6,303,0.008684324793747287
cam236_w6,304,0.0017368649587494573
cam236_w6,305,0.0
cam236_w6,306,0.0
cam236_w6,307,0.0017368649587494573
cam236_w6,308,0.020842379504993486
cam236_w6,309,0.0182370820668693
cam236_w6,310,0.011289622231871473
cam236_w6,311,0.06860616587060356
cam236_w6,312,0.011723838471558836
cam236_w6,313,0.0
cam236_w6,314,0.0
cam236_w6,315,0.01693443334780721
cam236_w6,316,0.04081632653061224
cam236_w6,317,0.024750325662179766
cam236_w6,318,0.025618758141554496
cam236_w6,319,0.04993486756404689
cam236_w6,320,0.06252713851498046
cam236_w6,321,0.04429005644811116
cam236_w6,322,0.06860616587060356
cam236_w6,323,0.0013026487190620929
cam236_w6,324,0.011289622231871473
cam236_w6,325,0.02735562310030395
cam236_w6,326,0.08076422058184976
cam236_w6,327,0.0755536257056014
cam236_w6,328,0.17498914459400783
cam236_w6,329,0.05948762483716891
cam236_w6,330,0.058184976118106815
cam236_w6,331,0.21189752496743378
cam236_w6,332,0.11984368215371255
cam236_w6,333,0.17542336083369517
cam236_w6,334,0.10204081632653061
cam236_w6,335,0.0364741641337386
cam236_w6,336,0.13417281806339557
cam236_w6,337,0.026921406860616587
cam236_w6,338,0.04689535388623534
cam236_w6,339,0.07251411202778985
cam236_w6,340,0.26443768996960487
cam236_w6,341,0.0547112462006079
cam236_w6,342,0.32175423360833694
cam236_w6,343,0.057316543638732086
cam236_w6,344,0.13156752062527138
cam236_w6,345,0.14372557533651759
cam236_w6,346,0.182370820668693
cam236_w6,347,0.0182370820668693
cam236_w6,348,0.021710811984368215
cam236_w6,349,0.02822405557967868
cam236_w6,350,0.05254016500217108
cam236_w6,351,0.017802865827181935
cam236_w6,352,0.3252279635258359
cam236_w6,353,0.04515848892748589
cam236_w6,354,0.07121146330872774
cam236_w6,355,0.0924880590534086
cam236_w6,356,0.18106817194963093
cam236_w6,357,0.17933130699088146
cam236_w6,358,0.23013460703430308
cam236_w6,359,0.4897959183673469
cam236_w6,360,0.08423795049934868
cam236_w6,361,0.1411202778983934
cam236_w6,362,0.1289622231871472
cam236_w6,363,0.008250108554059922
cam236_w6,364,0.07338254450716457
cam236_w6,365,0.14806773773339124
cam236_w6,366,0.20191055145462442
cam236_w6,367,0.0668693009118541
cam236_w6,368,0.01693443334780721
cam236_w6,369,0.0364741641337386
cam236_w6,370,0.08858011289622232
cam236_w6,371,0.01693443334780721
cam236_w6,372,0.012592270950933565
cam236_w6,373,0.01997394702561876
cam236_w6,374,0.04646113764654798
cam236_w6,375,0.007815892314372557
cam241_w1,1,0.0
cam241_w1,2,0.0
cam241_w1,3,0.0
cam241_w1,4,0.0
cam241_w1,5,0.0
cam241_w1,6,0.0
cam241_w1,7,0.0
cam241_w1,8,0.0
cam241_w1,9,0.0
cam241_w1,10,0.0
cam241_w1,11,0.0
cam241_w1,12,0.2055393586005831
cam241_w1,13,0.026239067055393587
cam241_w1,14,0.0
cam241_w1,15,0.0
cam241_w1,16,0.0
cam241_w1,17,0.0
cam241_w1,18,0.13411078717201166
cam241_w1,19,0.0
cam241_w1,20,0.0
cam241_w1,21,0.0
cam241_w1,22,0.0
cam241_w1,23,0.08746355685131195
cam241_w1,24,0.0
cam241_w1,25,0.0009718172983479105
cam241_w1,26,0.0
cam241_w1,27,0.0
cam241_w1,28,0.0
cam241_w1,29,0.11710398445092322
cam241_w1,30,0.29397473275024294
cam241_w1,31,0.08794946550048591
cam241_w1,32,0.24538386783284744
cam241_w1,33,0.001943634596695821
cam241_w1,34,0.0
cam241_w1,35,0.0
cam241_w1,36,0.0
cam241_w1,37,0.0
cam241_w1,38,0.10349854227405247
cam241_w1,39,0.3226433430515063
cam241_w1,40,0.0
cam241_w1,41,0.001943634596695821
cam241_w1,42,0.0
cam241_w1,43,0.0
cam241_w1,44,0.0
cam241_w1,45,0.0
cam241_w1,46,0.06365403304178814
cam241_w1,47,0.0
cam241_w1,48,0.0
cam241_w1,49,0.0
cam241_w1,50,0.0
cam241_w1,51,0.0
cam241_w1,52,0.0
cam241_w1,53,0.0
cam241_w1,54,0.0
cam241_w1,55,0.0
cam241_w1,56,0.0
cam241_w1,57,0.0
cam241_w1,58,0.022351797862001945
cam241_w1,59,0.0029154518950437317
cam241_w1,60,0.015549076773566569
cam241_w1,61,0.08843537414965986
cam241_w1,62,0.006316812439261419
cam241_w1,63,0.011661807580174927
cam241_w1,64,0.0
cam241_w1,65,0.001943634596695821
cam241_w1,66,0.0014577259475218659
cam241_w1,67,0.0
cam241_w1,68,0.0
cam241_w1,69,0.04227405247813411
cam241_w1,70,0.0
cam241_w1,71,0.00048590864917395527
cam241_w1,72,0.0024295432458697765
cam241_w1,73,0.0
cam241_w1,74,0.0
cam241_w1,75,0.0
cam241_w1,76,0.0
cam241_w1,77,0.0
cam241_w1,78,0.0
cam241_w1,79,0.0
cam241_w1,80,0.0
cam241_w1,81,0.0
cam241_w1,82,0.0
cam241_w1,83,0.0
cam241_w1,84,0.0
cam241_w1,85,0.0
cam241_w1,86,0.0
cam241_w1,87,0.0
cam241_w1,88,0.05147679324894515
cam241_w1,89,0.0
cam241_w1,90,0.02109704641350211
cam241_w1,91,0.04135021097046414
cam241_w1,92,0.150210970464135
cam241_w1,93,0.06751054852320675
cam241_w1,94,0.0
cam241_w1,95,0.1451476793248945
cam241_w1,96,0.4540084388185654
cam241_w1,97,0.1341772151898734
cam241_w1,98,0.5746835443037974
cam241_w1,99,0.10970464135021098
cam241_w1,100,0.39324894514767933
cam241_w1,101,0.2936708860759494
cam241_w1,102,0.1881856540084388
cam241_w1,103,0.3957805907172996
cam241_w1,104,0.23544303797468355
cam241_w1,105,0.04556962025316456
cam241_w1,106,0.0
cam241_w1,107,0.016033755274261603
cam241_w1,108,0.0759493670886076
cam241_w1,109,0.2852320675105485
cam241_w1,110,0.2109704641350211
cam241_w1,111,0.6059071729957806
cam241_w1,112,0.1257383966244726
cam241_w1,113,0.44978902953586497
cam241_w1,114,0.4751054852320675
cam241_w1,115,0.0
cam241_w1,116,0.014345991561181435
cam241_w1,117,0.0
cam241_w1,118,0.0
cam241_w1,119,0.031223628691983123
cam241_w1,120,0.0008438818565400844
cam241_w1,121,0.002531645569620253
cam241_w1,122,0.0
cam241_w1,123,0.0
cam241_w1,124,0.0
cam241_w1,125,0.03375527426160337
cam241_w1,126,0.0
cam241_w1,127,0.0
cam241_w1,128,0.0
cam241_w1,129,0.0
cam241_w1,130,0.0
cam241_w1,131,0.0
cam241_w1,132,0.0
cam241_w1,133,0.0
cam241_w1,134,0.0
cam241_w1,135,0.0
cam241_w1,136,0.0
cam241_w1,137,0.0
cam241_w1,138,0.0
cam241_w1,139,0.0
cam241_w1,140,0.0
cam241_w1,141,0.0
cam241_w1,142,0.0
cam241_w1,143,0.0
cam241_w1,144,0.0919831223628692
cam241_w1,145,0.0
cam241_w1,146,0.0
cam241_w1,147,0.0
cam241_w1,148,0.0
cam241_w1,149,0.0
cam241_w1,150,0.0
cam241_w1,151,0.0
cam241_w1,152,0.0
cam241_w1,153,0.0
cam241_w1,154,0.0
cam241_w1,155,0.0
cam241_w1,156,0.0
cam241_w1,157,0.0
cam241_w1,158,0.0
cam241_w1,159,0.0
cam241_w1,160,0.0
cam241_w1,161,0.0
cam241_w1,162,0.0
cam241_w1,163,0.0
cam241_w1,164,0.0
cam241_w1,165,0.0
cam241_w1,166,0.0
cam241_w1,167,0.06398537477148081
cam241_w1,168,0.007312614259597806
cam241_w1,169,0.0
cam241_w1,170,0.019195612431444242
cam241_w1,171,0.0
cam241_w1,172,0.170018281535649
cam241_w1,173,0.1663619744058501
cam241_w1,174,0.012797074954296161
cam241_w1,175,0.016453382084095063
cam241_w1,176,0.027422303473491772
cam241_w1,177,0.044789762340036565
cam241_w1,178,0.016453382084095063
cam241_w1,179,0.0
cam241_w1,180,0.0
cam241_w1,181,0.0
cam241_w1,182,0.0
cam241_w1,183,0.0
cam241_w1,184,0.0
cam241_w1,185,0.0
cam241_w1,186,0.014625228519195612
cam241_w1,187,0.0
cam241_w1,188,0.02376599634369287
cam241_w1,189,0.0
cam241_w1,190,0.0
cam241_w1,191,0.02102376599634369
cam241_w1,192,0.005484460694698354
cam241_w1,193,0.0
cam241_w1,194,0.0
cam241_w1,195,0.0
cam241_w1,196,0.006398537477148081
cam241_w1,197,0.0
cam241_w1,198,0.002742230347349177
cam241_w1,199,0.0
cam241_w1,200,0.0
cam241_w1,201,0.0
cam241_w1,202,0.0
cam241_w1,203,0.0
cam241_w1,204,0.0
cam241_w1,205,0.0
cam241_w1,206,0.0
cam241_w1,207,0.0
cam241_w1,208,0.0
cam241_w1,209,0.0
cam241_w1,210,0.0
cam241_w1,211,0.0
cam241_w1,212,0.0
cam241_w1,213,0.0
cam241_w1,214,0.0
cam241_w1,215,0.0
cam241_w1,216,0.0
cam241_w1,217,0.0
cam241_w1,218,0.007312614259597806
cam241_w1,219,0.08775137111517367
cam241_w1,220,0.0
cam241_w1,221,0.0
cam241_w1,222,0.0
cam241_w1,223,0.0
cam241_w1,224,0.0
cam241_w1,225,0.0
cam241_w1,226,0.0
cam241_w1,227,0.0
cam241_w1,228,0.0
cam241_w1,229,0.0
cam241_w1,230,0.0
cam241_w1,231,0.0
cam241_w1,232,0.0
cam241_w1,233,0.0
cam241_w1,234,0.0
cam241_w1,235,0.0
cam241_w1,236,0.0
cam241_w1,237,0.055716353111432707
cam241_w1,238,0.03256150506512301
cam241_w1,239,0.2076700434153401
cam241_w1,240,0.011577424023154847
cam241_w1,241,0.02532561505065123
cam241_w1,242,0.0
cam241_w1,243,0.0
cam241_w1,244,0.0
cam241_w1,245,0.10709117221418235
cam241_w1,246,0.002894356005788712
cam241_w1,247,0.013024602026049204
cam241_w1,248,0.019536903039073805
cam241_w1,249,0.31693198263386396
cam241_w1,250,0.20911722141823444
cam241_w1,251,0.06874095513748191
cam241_w1,252,0.24891461649782923
cam241_w1,253,0.36396526772793053
cam241_w1,254,0.10998552821997105
cam241_w1,255,0.002894356005788712
cam241_w1,256,0.0
cam241_w1,257,0.013024602026049204
cam241_w1,258,0.05861070911722142
cam241_w1,259,0.0
cam241_w1,260,0.0
cam241_w1,261,0.0
cam241_w1,262,0.008683068017366137
cam241_w1,263,0.0
cam241_w1,264,0.0
cam241_w1,265,0.0
cam241_w1,266,0.0
cam241_w1,267,0.0
cam241_w1,268,0.0
cam241_w1,269,0.005788712011577424
cam241_w1,270,0.0
cam241_w1,271,0.0
cam241_w1,272,0.005788712011577424
cam241_w1,273,0.00361794500723589
cam241_w1,274,0.001447178002894356
cam241_w1,275,0.0
cam241_w1,276,0.019536903039073805
cam241_w1,277,0.04341534008683068
cam241_w1,278,0.0
cam241_w1,279,0.002894356005788712
cam241_w1,280,0.0
cam241_w1,281,0.009406657018813314
cam241_w1,282,0.04124457308248915
cam241_w1,283,0.008683068017366137
cam241_w1,284,0.04413892908827786
cam241_w1,285,0.03835021707670044
cam241_w1,286,0.03473227206946455
cam241_w1,287,0.09623733719247468
cam241_w1,288,0.03762662807525326
cam241_w1,289,0.057163531114327065
cam241_w1,290,0.0
cam241_w1,291,0.0
cam241_w1,292,0.0
cam241_w1,293,0.0
cam241_w1,294,0.0
cam241_w1,295,0.01085383502170767
cam241_w1,296,0.00361794500723589
cam241_w1,297,0.001447178002894356
cam241_w1,298,0.0
cam241_w1,299,0.0
cam241_w1,300,0.0
cam241_w1,301,0.0
cam241_w1,302,0.0
cam241_w1,303,0.0
cam241_w1,304,0.0
cam241_w1,305,0.0
cam241_w1,306,0.0
cam241_w1,307,0.0
cam241_w1,308,0.0
cam241_w1,309,0.0008684324793747286
cam241_w1,310,0.0
cam241_w1,311,0.0
cam241_w1,312,0.0
cam241_w1,313,0.0
cam241_w1,314,0.0
cam241_w1,315,0.0004342162396873643
cam241_w1,316,0.0008684324793747286
cam241_w1,317,0.0
cam241_w1,318,0.006947459834997829
cam241_w1,319,0.005644811115935736
cam241_w1,320,0.0026052974381241857
cam241_w1,321,0.013026487190620929
cam241_w1,322,0.019539730785931395
cam241_w1,323,0.0924880590534086
cam241_w1,324,0.03821102909248806
cam241_w1,325,0.01997394702561876
cam241_w1,326,0.11593573599652628
cam241_w1,327,0.04515848892748589
cam241_w1,328,0.029960920538428137
cam241_w1,329,0.04950065132435953
cam241_w1,330,0.1519756838905775
cam241_w1,331,0.11550151975683891
cam241_w1,332,0.08944854537559704
cam241_w1,333,0.18931828050369084
cam241_w1,334,0.06773773339122884
cam241_w1,335,0.1276595744680851
cam241_w1,336,0.06469821971341728
cam241_w1,337,0.05036908380373426
cam241_w1,338,0.13243595310464612
cam241_w1,339,0.14025184541901867
cam241_w1,340,0.04472427268779852
cam241_w1,341,0.2553191489361702
cam241_w1,342,0.09161962657403387
cam241_w1,343,0.04211897524967434
cam241_w1,344,0.016500217108119844
cam241_w1,345,0.0017368649587494573
cam241_w1,346,0.03994789405123752
cam241_w1,347,0.0121580547112462
cam241_w1,348,0.04472427268779852
cam241_w1,349,0.03994789405123752
cam241_w1,350,0.029526704298740773
cam241_w1,351,0.0017368649587494573
cam241_w1,352,0.007381676074685193
cam241_w1,353,0.04602692140686062
cam241_w1,354,0.017368649587494574
cam241_w1,355,0.07685627442466349
cam241_w1,356,0.0316977854971776
cam241_w1,357,0.02214502822405558
cam241_w1,358,0.03473729917498915
cam241_w1,359,0.04385584020842379
cam241_w1,360,0.00998697351280938
cam241_w1,361,0.04559270516717325
cam241_w1,362,0.0364741641337386
cam241_w1,363,0.04776378636561007
cam241_w1,364,0.006947459834997829
cam241_w1,365,0.0017368649587494573
cam241_w1,366,0.0060790273556231
cam241_w1,367,0.025618758141554496
cam241_w1,368,0.0729483282674772
cam241_w1,369,0.010421189752496743
cam241_w1,370,0.13547546678245767
cam241_w1,371,0.04125054277029961
cam241_w1,372,0.03603994789405124
cam241_w1,373,0.017368649587494574
cam241_w1,374,0.027789839339991317
cam241_w1,375,0.023881893182805036
cam241_w2,1,0.0
cam241_w2,2,0.0
cam241_w2,3,0.0
cam241_w2,4,0.0
cam241_w2,5,0.0
cam241_w2,6,0.0
cam241_w2,7,0.0
cam241_w2,8,0.0
cam241_w2,9,0.0
cam241_w2,10,0.0
cam241_w2,11,0.0
cam241_w2,12,0.0
cam241_w2,13,0.0
cam241_w2,14,0.03573200992555831
cam241_w2,15,0.016377171215880892
cam241_w2,16,0.003970223325062035
cam241_w2,17,0.0
cam241_w2,18,0.0
cam241_w2,19,0.0
cam241_w2,20,0.0
cam241_w2,21,0.0
cam241_w2,22,0.005459057071960298
cam241_w2,23,0.0
cam241_w2,24,0.0
cam241_w2,25,0.18014888337468982
cam241_w2,26,0.028784119106699754
cam241_w2,27,0.5101736972704715
cam241_w2,28,0.0
cam241_w2,29,0.0
cam241_w2,30,0.0
cam241_w2,31,0.03573200992555831
cam241_w2,32,0.0
cam241_w2,33,0.7409429280397022
cam241_w2,34,0.20992555831265508
cam241_w2,35,0.0
cam241_w2,36,0.0
cam241_w2,37,0.5548387096774193
cam241_w2,38,0.6263027295285359
cam241_w2,39,0.0
cam241_w2,40,0.0
cam241_w2,41,0.008436724565756825
cam241_w2,42,0.013895781637717122
cam241_w2,43,0.0
cam241_w2,44,0.0
cam241_w2,45,0.0
cam241_w2,46,0.008436724565756825
cam241_w2,47,0.0
cam241_w2,48,0.0004962779156327543
cam241_w2,49,0.011910669975186104
cam241_w2,50,0.0
cam241_w2,51,0.052109181141439205
cam241_w2,52,0.013399503722084368
cam241_w2,53,0.0
cam241_w2,54,0.0
cam241_w2,55,0.0
cam241_w2,56,0.008933002481389578
cam241_w2,57,0.0
cam241_w2,58,0.0
cam241_w2,59,0.005955334987593052
cam241_w2,60,0.0
cam241_w2,61,0.024317617866004962
cam241_w2,62,0.0
cam241_w2,63,0.0
cam241_w2,64,0.01935483870967742
cam241_w2,65,0.0
cam241_w2,66,0.0511166253101737
cam241_w2,67,0.01240694789081886
cam241_w2,68,0.021339950372208438
cam241_w2,69,0.054094292803970226
cam241_w2,70,0.01588089330024814
cam241_w2,71,0.02977667493796526
cam241_w2,72,0.01935483870967742
cam241_w2,73,0.0
cam241_w2,74,0.0
cam241_w2,75,0.0
cam241_w2,76,0.0
cam241_w2,77,0.0
cam241_w2,78,0.0
cam241_w2,79,0.0
cam241_w2,80,0.0
cam241_w2,81,0.0
cam241_w2,82,0.0
cam241_w2,83,0.0
cam241_w2,84,0.0
cam241_w2,85,0.0
cam241_w2,86,0.0
cam241_w2,87,0.0
cam241_w2,88,0.017766497461928935
cam241_w2,89,0.0
cam241_w2,90,0.0
cam241_w2,91,0.14382402707275804
cam241_w2,92,0.06852791878172589
cam241_w2,93,0.07868020304568528
cam241_w2,94,0.0532994923857868
cam241_w2,95,0.26988155668358715
cam241_w2,96,0.3316412859560068
cam241_w2,97,0.5786802030456852
cam241_w2,98,0.1260575296108291
cam241_w2,99,0.4373942470389171
cam241_w2,100,0.5093062605752962
cam241_w2,101,0.3663282571912014
cam241_w2,102,0.7165820642978004
cam241_w2,103,0.5812182741116751
cam241_w2,104,0.0
cam241_w2,105,0.0
cam241_w2,106,0.0025380710659898475
cam241_w2,107,0.07698815566835872
cam241_w2,108,0.25380710659898476
cam241_w2,109,0.0
cam241_w2,110,0.1353637901861252
cam241_w2,111,0.1895093062605753
cam241_w2,112,0.16412859560067683
cam241_w2,113,0.25972927241962773
cam241_w2,114,0.0
cam241_w2,115,0.06260575296108291
cam241_w2,116,0.11844331641285956
cam241_w2,117,0.28510998307952623
cam241_w2,118,0.10575296108291032
cam241_w2,119,0.21912013536379019
cam241_w2,120,0.02707275803722504
cam241_w2,121,0.22081218274111675
cam241_w2,122,0.06175972927241963
cam241_w2,123,0.0
cam241_w2,124,0.0
cam241_w2,125,0.0
cam241_w2,126,0.0
cam241_w2,127,0.015228426395939087
cam241_w2,128,0.0
cam241_w2,129,0.0
cam241_w2,130,0.009306260575296108
cam241_w2,131,0.0
cam241_w2,132,0.0
cam241_w2,133,0.0
cam241_w2,134,0.005922165820642978
cam241_w2,135,0.0
cam241_w2,136,0.0
cam241_w2,137,0.0
cam241_w2,138,0.0
cam241_w2,139,0.0
cam241_w2,140,0.0
cam241_w2,141,0.0
cam241_w2,142,0.09898477157360407
cam241_w2,143,0.10236886632825719
cam241_w2,144,0.0
cam241_w2,145,0.0
cam241_w2,146,0.0
cam241_w2,147,0.0
cam241_w2,148,0.0
cam241_w2,149,0.0
cam241_w2,150,0.0
cam241_w2,151,0.0
cam241_w2,152,0.0
cam241_w2,153,0.0
cam241_w2,154,0.0
cam241_w2,155,0.0
cam241_w2,156,0.0
cam241_w2,157,0.0
cam241_w2,158,0.0
cam241_w2,159,0.0
cam241_w2,160,0.0
cam241_w2,161,0.0
cam241_w2,162,0.0
cam241_w2,163,0.0
cam241_w2,164,0.016713091922005572
cam241_w2,165,0.012070566388115135
cam241_w2,166,0.0018570102135561746
cam241_w2,167,0.0
cam241_w2,168,0.0
cam241_w2,169,0.005571030640668524
cam241_w2,170,0.06778087279480037
cam241_w2,171,0.18570102135561745
cam241_w2,172,0.2711234911792015
cam241_w2,173,0.3286908077994429
cam241_w2,174,0.4688950789229341
cam241_w2,175,0.20798514391829154
cam241_w2,176,0.11142061281337047
cam241_w2,177,0.12627669452181986
cam241_w2,178,0.20148560817084493
cam241_w2,179,0.23491179201485607
cam241_w2,180,0.44846796657381616
cam241_w2,181,0.0
cam241_w2,182,0.0
cam241_w2,183,0.0
cam241_w2,184,0.0
cam241_w2,185,0.0
cam241_w2,186,0.0009285051067780873
cam241_w2,187,0.0
cam241_w2,188,0.0
cam241_w2,189,0.0
cam241_w2,190,0.0
cam241_w2,191,0.0
cam241_w2,192,0.0
cam241_w2,193,0.0
cam241_w2,194,0.0
cam241_w2,195,0.0018570102135561746
cam241_w2,196,0.009285051067780872
cam241_w2,197,0.0
cam241_w2,198,0.0
cam241_w2,199,0.0
cam241_w2,200,0.0
cam241_w2,201,0.0
cam241_w2,202,0.0
cam241_w2,203,0.0
cam241_w2,204,0.0
cam241_w2,205,0.0
cam241_w2,206,0.0
cam241_w2,207,0.0
cam241_w2,208,0.0
cam241_w2,209,0.0
cam241_w2,210,0.0
cam241_w2,211,0.0
cam241_w2,212,0.0
cam241_w2,213,0.0
cam241_w2,214,0.0
cam241_w2,215,0.0
cam241_w2,216,0.004642525533890436
cam241_w2,217,0.022284122562674095
cam241_w2,218,0.0
cam241_w2,219,0.02321262766945218
cam241_w2,220,0.0
cam241_w2,221,0.0
cam241_w2,222,0.0
cam241_w2,223,0.0
cam241_w2,224,0.0
cam241_w2,225,0.0
cam241_w2,226,0.0
cam241_w2,227,0.0
cam241_w2,228,0.0
cam241_w2,229,0.0
cam241_w2,230,0.0
cam241_w2,231,0.0
cam241_w2,232,0.0
cam241_w2,233,0.0
cam241_w2,234,0.0
cam241_w2,235,0.019955654101995565
cam241_w2,236,0.0
cam241_w2,237,0.0
cam241_w2,238,0.04065040650406504
cam241_w2,239,0.0
cam241_w2,240,0.03917220990391722
cam241_w2,241,0.03621581670362158
cam241_w2,242,0.021433850702143386
cam241_w2,243,0.032520325203252036
cam241_w2,244,0.0
cam241_w2,245,0.0
cam241_w2,246,0.17738359201773837
cam241_w2,247,0.2779009608277901
cam241_w2,248,0.3252032520325203
cam241_w2,249,0.2712490761271249
cam241_w2,250,0.8226164079822617
cam241_w2,251,0.3355506282335551
cam241_w2,252,0.10347376201034737
cam241_w2,253,0.43976348854397634
cam241_w2,254,0.1130820399113082
cam241_w2,255,0.06430155210643015
cam241_w2,256,0.1736881005173688
cam241_w2,257,0.3858093126385809
cam241_w2,258,0.029563932002956393
cam241_w2,259,0.008869179600886918
cam241_w2,260,0.06430155210643015
cam241_w2,261,0.10125646711012565
cam241_w2,262,0.008130081300813009
cam241_w2,263,0.004434589800443459
cam241_w2,264,0.0
cam241_w2,265,0.0014781966001478197
cam241_w2,266,0.0
cam241_w2,267,0.0
cam241_w2,268,0.015521064301552107
cam241_w2,269,0.008869179600886918
cam241_w2,270,0.0
cam241_w2,271,0.011825572801182557
cam241_w2,272,0.0
cam241_w2,273,0.0
cam241_w2,274,0.04360679970436068
cam241_w2,275,0.026607538802660754
cam241_w2,276,0.014042867701404288
cam241_w2,277,0.0
cam241_w2,278,0.08943089430894309
cam241_w2,279,0.06947524020694752
cam241_w2,280,0.18699186991869918
cam241_w2,281,0.09238728750923873
cam241_w2,282,0.12638580931263857
cam241_w2,283,0.051736881005173686
cam241_w2,284,0.11160384331116038
cam241_w2,285,0.18994826311899482
cam241_w2,286,0.3754619364375462
cam241_w2,287,0.11825572801182557
cam241_w2,288,0.038433111603843315
cam241_w2,289,0.0014781966001478197
cam241_w2,290,0.0014781966001478197
cam241_w2,291,0.0
cam241_w2,292,0.0029563932002956393
cam241_w2,293,0.0022172949002217295
cam241_w2,294,0.0
cam241_w2,295,0.0022172949002217295
cam241_w2,296,0.007390983000739098
cam241_w2,297,0.020694752402069475
cam241_w2,298,0.0007390983000739098
cam241_w2,299,0.0
cam241_w2,300,0.0
cam241_w2,301,0.0
cam241_w2,302,0.0
cam241_w2,303,0.0
cam241_w2,304,0.0
cam241_w2,305,0.0
cam241_w2,306,0.0
cam241_w2,307,0.0
cam241_w2,308,0.0
cam241_w2,309,0.0
cam241_w2,310,0.0013026487190620929
cam241_w2,311,0.0
cam241_w2,312,0.0
cam241_w2,313,0.0
cam241_w2,314,0.0
cam241_w2,315,0.0
cam241_w2,316,0.0
cam241_w2,317,0.0034737299174989146
cam241_w2,318,0.007815892314372557
cam241_w2,319,0.03994789405123752
cam241_w2,320,0.053842813721233174
cam241_w2,321,0.03126356925749023
cam241_w2,322,0.10421189752496743
cam241_w2,323,0.027789839339991317
cam241_w2,324,0.15979157620495008
cam241_w2,325,0.01606600086843248
cam241_w2,326,0.016500217108119844
cam241_w2,327,0.02344767694311767
cam241_w2,328,0.0377768128528007
cam241_w2,329,0.16934433347807207
cam241_w2,330,0.0026052974381241857
cam241_w2,331,0.010421189752496743
cam241_w2,332,0.05557967867998263
cam241_w2,333,0.14198871037776814
cam241_w2,334,0.10377768128528007
cam241_w2,335,0.12852800694745983
cam241_w2,336,0.06643508467216674
cam241_w2,337,0.13243595310464612
cam241_w2,338,0.03473729917498915
cam241_w2,339,0.1107251411202779
cam241_w2,340,0.11289622231871473
cam241_w2,341,0.20017368649587494
cam241_w2,342,0.0364741641337386
cam241_w2,343,0.01606600086843248
cam241_w2,344,0.014329135909683021
cam241_w2,345,0.026052974381241857
cam241_w2,346,0.03907946157186279
cam241_w2,347,0.0
cam241_w2,348,0.010421189752496743
cam241_w2,349,0.011723838471558836
cam241_w2,350,0.0
cam241_w2,351,0.09335649153278333
cam241_w2,352,0.027789839339991317
cam241_w2,353,0.014329135909683021
cam241_w2,354,0.11897524967433783
cam241_w2,355,0.03603994789405124
cam241_w2,356,0.023881893182805036
cam241_w2,357,0.02127659574468085
cam241_w2,358,0.2796352583586626
cam241_w2,359,0.0
cam241_w2,360,0.011723838471558836
cam241_w2,361,0.00303951367781155
cam241_w2,362,0.01606600086843248
cam241_w2,363,0.020842379504993486
cam241_w2,364,0.0026052974381241857
cam241_w2,365,0.007815892314372557
cam241_w2,366,0.010421189752496743
cam241_w2,367,0.03300043421623969
cam241_w2,368,0.03907946157186279
cam241_w2,369,0.0
cam241_w2,370,0.0013026487190620929
cam241_w2,371,0.0755536257056014
cam241_w2,372,0.0
cam241_w2,373,0.029526704298740773
cam241_w2,374,0.03560573165436387
cam241_w2,375,0.0
cam241_w3,1,0.07214854111405836
cam241_w3,2,0.05411140583554377
cam241_w3,3,0.06896551724137931
cam241_w3,4,0.07214854111405836
cam241_w3,5,0.13793103448275862
cam241_w3,6,0.10557029177718832
cam241_w3,7,0.07214854111405836
cam241_w3,8,0.03607427055702918
cam241_w3,9,0.07214854111405836
cam241_w3,10,0.01803713527851459
cam241_w3,11,0.04827586206896552
cam241_w3,12,0.10503978779840849
cam241_w3,13,0.03607427055702918
cam241_w3,14,0.05411140583554377
cam241_w3,15,0.03607427055702918
cam241_w3,16,0.01803713527851459
cam241_w3,17,0.01803713527851459
cam241_w3,18,0.19416445623342174
cam241_w3,19,0.03660477453580902
cam241_w3,20,0.02493368700265252
cam241_w3,21,0.03607427055702918
cam241_w3,22,0.0610079575596817
cam241_w3,23,0.0493368700265252
cam241_w3,24,0.04350132625994695
cam241_w3,25,0.042440318302387266
cam241_w3,26,0.04190981432360743
cam241_w3,27,0.21220159151193635
cam241_w3,28,0.09336870026525199
cam241_w3,29,0.022811671087533156
cam241_w3,30,0.05411140583554377
cam241_w3,31,0.0
cam241_w3,32,0.04297082228116711
cam241_w3,33,0.050397877984084884
cam241_w3,34,0.09496021220159151
cam241_w3,35,0.01803713527851459
cam241_w3,36,0.01803713527851459
cam241_w3,37,0.1453580901856764
cam241_w3,38,0.007427055702917772
cam241_w3,39,0.0005305039787798408
cam241_w3,40,0.07055702917771883
cam241_w3,41,0.0005305039787798408
cam241_w3,42,0.003183023872679045
cam241_w3,43,0.0
cam241_w3,44,0.0
cam241_w3,45,0.0
cam241_w3,46,0.006896551724137931
cam241_w3,47,0.0
cam241_w3,48,0.0
cam241_w3,49,0.0
cam241_w3,50,0.0
cam241_w3,51,0.0
cam241_w3,52,0.0
cam241_w3,53,0.0015915119363395225
cam241_w3,54,0.0
cam241_w3,55,0.0
cam241_w3,56,0.0
cam241_w3,57,0.01750663129973475
cam241_w3,58,0.0
cam241_w3,59,0.023872679045092837
cam241_w3,60,0.0
cam241_w3,61,0.06843501326259947
cam241_w3,62,0.0
cam241_w3,63,0.0
cam241_w3,64,0.0
cam241_w3,65,0.0
cam241_w3,66,0.0
cam241_w3,67,0.0
cam241_w3,68,0.007957559681697613
cam241_w3,69,0.0
cam241_w3,70,0.0005305039787798408
cam241_w3,71,0.003183023872679045
cam241_w3,72,0.0
cam241_w3,73,0.0
cam241_w3,74,0.0
cam241_w3,75,0.0
cam241_w3,76,0.0
cam241_w3,77,0.0
cam241_w3,78,0.0
cam241_w3,79,0.0
cam241_w3,80,0.0
cam241_w3,81,0.0
cam241_w3,82,0.0
cam241_w3,83,0.0
cam241_w3,84,0.0
cam241_w3,85,0.0
cam241_w3,86,0.1174934725848564
cam241_w3,87,0.0
cam241_w3,88,0.0
cam241_w3,89,0.0
cam241_w3,90,0.008703220191470844
cam241_w3,91,0.006962576153176675
cam241_w3,92,0.06179286335944299
cam241_w3,93,0.14273281114012185
cam241_w3,94,0.40382941688424717
cam241_w3,95,0.14360313315926893
cam241_w3,96,0.0
cam241_w3,97,0.009573542210617928
cam241_w3,98,0.033942558746736295
cam241_w3,99,0.18798955613577023
cam241_w3,100,0.022628372497824196
cam241_w3,101,0.0
cam241_w3,102,0.05134899912967798
cam241_w3,103,0.3777197563098346
cam241_w3,104,0.5030461270670148
cam241_w3,105,0.61792863359443
cam241_w3,106,0.5909486510008704
cam241_w3,107,0.5274151436031331
cam241_w3,108,0.1784160139251523
cam241_w3,109,0.005221932114882507
cam241_w3,110,0.20887728459530025
cam241_w3,111,0.0026109660574412533
cam241_w3,112,0.0
cam241_w3,113,0.01392515230635335
cam241_w3,114,0.515230635335074
cam241_w3,115,0.1888598781549173
cam241_w3,116,0.0
cam241_w3,117,0.0
cam241_w3,118,0.0
cam241_w3,119,0.0
cam241_w3,120,0.0
cam241_w3,121,0.0
cam241_w3,122,0.0
cam241_w3,123,0.0
cam241_w3,124,0.012184508268059183
cam241_w3,125,0.0
cam241_w3,126,0.0
cam241_w3,127,0.0
cam241_w3,128,0.0
cam241_w3,129,0.0
cam241_w3,130,0.0
cam241_w3,131,0.0
cam241_w3,132,0.0
cam241_w3,133,0.0
cam241_w3,134,0.0
cam241_w3,135,0.0
cam241_w3,136,0.0
cam241_w3,137,0.0
cam241_w3,138,0.0
cam241_w3,139,0.0
cam241_w3,140,0.0
cam241_w3,141,0.0
cam241_w3,142,0.0
cam241_w3,143,0.0
cam241_w3,144,0.0
cam241_w3,145,0.0
cam241_w3,146,0.0
cam241_w3,147,0.0
cam241_w3,148,0.0
cam241_w3,149,0.0
cam241_w3,150,0.0
cam241_w3,151,0.0
cam241_w3,152,0.0
cam241_w3,153,0.0
cam241_w3,154,0.0
cam241_w3,155,0.0
cam241_w3,156,0.0
cam241_w3,157,0.0
cam241_w3,158,0.0
cam241_w3,159,0.0
cam241_w3,160,0.0
cam241_w3,161,0.0
cam241_w3,162,0.0
cam241_w3,163,0.0
cam241_w3,164,0.0
cam241_w3,165,0.0
cam241_w3,166,0.0
cam241_w3,167,0.0
cam241_w3,168,0.0
cam241_w3,169,0.0
cam241_w3,170,0.0
cam241_w3,171,0.0
cam241_w3,172,0.0
cam241_w3,173,0.0
cam241_w3,174,0.0
cam241_w3,175,0.0
cam241_w3,176,0.0
cam241_w3,177,0.0
cam241_w3,178,0.0431924882629108
cam241_w3,179,0.04507042253521127
cam241_w3,180,0.007511737089201878
cam241_w3,181,0.0215962441314554
cam241_w3,182,0.06291079812206572
cam241_w3,183,0.0
cam241_w3,184,0.023474178403755867
cam241_w3,185,0.0009389671361502347
cam241_w3,186,0.18873239436619718
cam241_w3,187,0.005633802816901409
cam241_w3,188,0.0
cam241_w3,189,0.0
cam241_w3,190,0.07136150234741784
cam241_w3,191,0.007511737089201878
cam241_w3,192,0.04976525821596244
cam241_w3,193,0.010328638497652582
cam241_w3,194,0.0
cam241_w3,195,0.014084507042253521
cam241_w3,196,0.0
cam241_w3,197,0.02910798122065728
cam241_w3,198,0.11549295774647887
cam241_w3,199,0.0
cam241_w3,200,0.0
cam241_w3,201,0.0
cam241_w3,202,0.0
cam241_w3,203,0.0
cam241_w3,204,0.0
cam241_w3,205,0.0
cam241_w3,206,0.0
cam241_w3,207,0.0
cam241_w3,208,0.0
cam241_w3,209,0.0
cam241_w3,210,0.0
cam241_w3,211,0.0
cam241_w3,212,0.0
cam241_w3,213,0.0
cam241_w3,214,0.0
cam241_w3,215,0.0
cam241_w3,216,0.0
cam241_w3,217,0.007511737089201878
cam241_w3,218,0.0
cam241_w3,219,0.0
cam241_w3,220,0.0
cam241_w3,221,0.0
cam241_w3,222,0.0
cam241_w3,223,0.0
cam241_w3,224,0.0
cam241_w3,225,0.0
cam241_w3,226,0.0
cam241_w3,227,0.0
cam241_w3,228,0.0
cam241_w3,229,0.0
cam241_w3,230,0.0
cam241_w3,231,0.0
cam241_w3,232,0.0
cam241_w3,233,0.0
cam241_w3,234,0.0
cam241_w3,235,0.0
cam241_w3,236,0.0
cam241_w3,237,0.002170767004341534
cam241_w3,238,0.024602026049204053
cam241_w3,239,0.002170767004341534
cam241_w3,240,0.015195369030390739
cam241_w3,241,0.0
cam241_w3,242,0.000723589001447178
cam241_w3,243,0.0426917510853835
cam241_w3,244,0.03473227206946455
cam241_w3,245,0.031114327062228653
cam241_w3,246,0.07959479015918958
cam241_w3,247,0.0
cam241_w3,248,0.02170767004341534
cam241_w3,249,0.023878437047756874
cam241_w3,250,0.03907380607814761
cam241_w3,251,0.00361794500723589
cam241_w3,252,0.06874095513748191
cam241_w3,253,0.1020260492040521
cam241_w3,254,0.25253256150506515
cam241_w3,255,0.11432706222865413
cam241_w3,256,0.4507959479015919
cam241_w3,257,0.15991316931982633
cam241_w3,258,0.07597684515195369
cam241_w3,259,0.1476121562952243
cam241_w3,260,0.049204052098408106
cam241_w3,261,0.000723589001447178
cam241_w3,262,0.00361794500723589
cam241_w3,263,0.0
cam241_w3,264,0.0
cam241_w3,265,0.0
cam241_w3,266,0.0
cam241_w3,267,0.013748191027496382
cam241_w3,268,0.0
cam241_w3,269,0.029667149059334298
cam241_w3,270,0.000723589001447178
cam241_w3,271,0.0
cam241_w3,272,0.002170767004341534
cam241_w3,273,0.004341534008683068
cam241_w3,274,0.0
cam241_w3,275,0.02532561505065123
cam241_w3,276,0.01881331403762663
cam241_w3,277,0.04341534008683068
cam241_w3,278,0.02532561505065123
cam241_w3,279,0.0
cam241_w3,280,0.05137481910274964
cam241_w3,281,0.055716353111432707
cam241_w3,282,0.07670043415340087
cam241_w3,283,0.09840810419681621
cam241_w3,284,0.29088277858176553
cam241_w3,285,0.14182344428364688
cam241_w3,286,0.1837916063675832
cam241_w3,287,0.013748191027496382
cam241_w3,288,0.02170767004341534
cam241_w3,289,0.0
cam241_w3,290,0.0
cam241_w3,291,0.0
cam241_w3,292,0.03400868306801737
cam241_w3,293,0.07670043415340087
cam241_w3,294,0.049927641099855286
cam241_w3,295,0.0
cam241_w3,296,0.0
cam241_w3,297,0.0
cam241_w3,298,0.0
cam241_w3,299,0.0
cam241_w3,300,0.0
cam241_w3,301,0.0
cam241_w3,302,0.0
cam241_w3,303,0.0
cam241_w3,304,0.0
cam241_w3,305,0.0
cam241_w3,306,0.0
cam241_w3,307,0.0
cam241_w3,308,0.0
cam241_w3,309,0.0
cam241_w3,310,0.0
cam241_w3,311,0.0
cam241_w3,312,0.0
cam241_w3,313,0.006590509666080844
cam241_w3,314,0.0
cam241_w3,315,0.011423550087873463
cam241_w3,316,0.0
cam241_w3,317,0.0004393673110720562
cam241_w3,318,0.006590509666080844
cam241_w3,319,0.0210896309314587
cam241_w3,320,0.17618629173989456
cam241_w3,321,0.02680140597539543
cam241_w3,322,0.0004393673110720562
cam241_w3,323,0.008347978910369069
cam241_w3,324,0.07557117750439367
cam241_w3,325,0.06107205623901582
cam241_w3,326,0.09929701230228472
cam241_w3,327,0.014499121265377855
cam241_w3,328,0.0
cam241_w3,329,0.013620386643233744
cam241_w3,330,0.03471001757469244
cam241_w3,331,0.032952548330404216
cam241_w3,332,0.031195079086115993
cam241_w3,333,0.12038664323374342
cam241_w3,334,0.11818980667838312
cam241_w3,335,0.059314586994727594
cam241_w3,336,0.23945518453427064
cam241_w3,337,0.03690685413005272
cam241_w3,338,0.07557117750439367
cam241_w3,339,0.2117750439367311
cam241_w3,340,0.27680140597539543
cam241_w3,341,0.0984182776801406
cam241_w3,342,0.01845342706502636
cam241_w3,343,0.008347978910369069
cam241_w3,344,0.014059753954305799
cam241_w3,345,0.02899824253075571
cam241_w3,346,0.0852372583479789
cam241_w3,347,0.0320738137082601
cam241_w3,348,0.023725834797891036
cam241_w3,349,0.29657293497363796
cam241_w3,350,0.08260105448154657
cam241_w3,351,0.03646748681898067
cam241_w3,352,0.13971880492091387
cam241_w3,353,0.18014059753954306
cam241_w3,354,0.12478031634446397
cam241_w3,355,0.07557117750439367
cam241_w3,356,0.0026362038664323375
cam241_w3,357,0.0030755711775043936
cam241_w3,358,0.0
cam241_w3,359,0.0035149384885764497
cam241_w3,360,0.0
cam241_w3,361,0.010105448154657293
cam241_w3,362,0.006151142355008787
cam241_w3,363,0.1023725834797891
cam241_w3,364,0.04481546572934974
cam241_w3,365,0.2992091388400703
cam241_w3,366,0.01845342706502636
cam241_w3,367,0.0
cam241_w3,368,0.03646748681898067
cam241_w3,369,0.0
cam241_w3,370,0.0035149384885764497
cam241_w3,371,0.0
cam241_w3,372,0.0
cam241_w3,373,0.0
cam241_w3,374,0.006151142355008787
cam241_w3,375,0.0021968365553602814
cam241_w4,1,0.015468607825295723
cam241_w4,2,0.0
cam241_w4,3,0.015468607825295723
cam241_w4,4,0.0
cam241_w4,5,0.0
cam241_w4,6,0.015468607825295723
cam241_w4,7,0.015468607825295723
cam241_w4,8,0.0
cam241_w4,9,0.030937215650591446
cam241_w4,10,0.0805277525022748
cam241_w4,11,0.1151046405823476
cam241_w4,12,0.09190172884440401
cam241_w4,13,0.04640582347588717
cam241_w4,14,0.07097361237488627
cam241_w4,15,0.1305732484076433
cam241_w4,16,0.00545950864422202
cam241_w4,17,0.00272975432211101
cam241_w4,18,0.00818926296633303
cam241_w4,19,0.00272975432211101
cam241_w4,20,0.0
cam241_w4,21,0.0
cam241_w4,22,0.00545950864422202
cam241_w4,23,0.00272975432211101
cam241_w4,24,0.00272975432211101
cam241_w4,25,0.0
cam241_w4,26,0.052775250227479524
cam241_w4,27,0.012738853503184714
cam241_w4,28,0.12329390354868063
cam241_w4,29,0.010009099181073703
cam241_w4,30,0.00272975432211101
cam241_w4,31,0.14058234758871702
cam241_w4,32,0.5796178343949044
cam241_w4,33,0.09599636032757052
cam241_w4,34,0.030937215650591446
cam241_w4,35,0.001364877161055505
cam241_w4,36,0.0
cam241_w4,37,0.010009099181073703
cam241_w4,38,0.07825295723384895
cam241_w4,39,0.06005459508644222
cam241_w4,40,0.0
cam241_w4,41,0.0
cam241_w4,42,0.02456778889899909
cam241_w4,43,0.5254777070063694
cam241_w4,44,0.34622383985441313
cam241_w4,45,0.030937215650591446
cam241_w4,46,0.030937215650591446
cam241_w4,47,0.06187443130118289
cam241_w4,48,0.0
cam241_w4,49,0.015468607825295723
cam241_w4,50,0.015468607825295723
cam241_w4,51,0.0
cam241_w4,52,0.10555050045495905
cam241_w4,53,0.0018198362147406734
cam241_w4,54,0.04640582347588717
cam241_w4,55,0.030937215650591446
cam241_w4,56,0.022292993630573247
cam241_w4,57,0.04413102820746133
cam241_w4,58,0.030937215650591446
cam241_w4,59,0.001364877161055505
cam241_w4,60,0.0
cam241_w4,61,0.015468607825295723
cam241_w4,62,0.0
cam241_w4,63,0.001364877161055505
cam241_w4,64,0.08735213830755233
cam241_w4,65,0.07643312101910828
cam241_w4,66,0.13284804367606914
cam241_w4,67,0.03548680618744313
cam241_w4,68,0.02502274795268426
cam241_w4,69,0.10509554140127389
cam241_w4,70,0.047315741583257506
cam241_w4,71,0.011828935395814377
cam241_w4,72,0.030937215650591446
cam241_w4,73,0.045950864422202004
cam241_w4,74,0.04686078252957234
cam241_w4,75,0.0031847133757961785
cam241_w4,76,0.0
cam241_w4,77,0.0
cam241_w4,78,0.0
cam241_w4,79,0.0
cam241_w4,80,0.0
cam241_w4,81,0.0
cam241_w4,82,0.0
cam241_w4,83,0.0
cam241_w4,84,0.0
cam241_w4,85,0.0
cam241_w4,86,0.0
cam241_w4,87,0.0
cam241_w4,88,0.0
cam241_w4,89,0.0
cam241_w4,90,0.0
cam241_w4,91,0.0
cam241_w4,92,0.0
cam241_w4,93,0.0
cam241_w4,94,0.0
cam241_w4,95,0.0
cam241_w4,96,0.0
cam241_w4,97,0.0
cam241_w4,98,0.0
cam241_w4,99,0.0
cam241_w4,100,0.0
cam241_w4,101,0.003518029903254178
cam241_w4,102,0.0
cam241_w4,103,0.0008795074758135445
cam241_w4,104,0.011433597185576077
cam241_w4,105,0.0
cam241_w4,106,0.014951627088830254
cam241_w4,107,0.0
cam241_w4,108,0.008795074758135445
cam241_w4,109,0.0
cam241_w4,110,0.013192612137203167
cam241_w4,111,0.002638522427440633
cam241_w4,112,0.0
cam241_w4,113,0.016710642040457344
cam241_w4,114,0.11433597185576078
cam241_w4,115,0.0
cam241_w4,116,0.0
cam241_w4,117,0.0
cam241_w4,118,0.08091468777484609
cam241_w4,119,0.05452946350043975
cam241_w4,120,0.0008795074758135445
cam241_w4,121,0.06596306068601583
cam241_w4,122,0.0
cam241_w4,123,0.16182937554969218
cam241_w4,124,0.12137203166226913
cam241_w4,125,0.18469656992084432
cam241_w4,126,0.08795074758135445
cam241_w4,127,0.1943711521547933
cam241_w4,128,0.20052770448548812
cam241_w4,129,0.079155672823219
cam241_w4,130,0.1943711521547933
cam241_w4,131,0.0
cam241_w4,132,0.009674582233948988
cam241_w4,133,0.0
cam241_w4,134,0.0
cam241_w4,135,0.0
cam241_w4,136,0.0
cam241_w4,137,0.0
cam241_w4,138,0.0
cam241_w4,139,0.0
cam241_w4,140,0.0043975373790677225
cam241_w4,141,0.0
cam241_w4,142,0.05716798592788039
cam241_w4,143,0.13544415127528583
cam241_w4,144,0.018469656992084433
cam241_w4,145,0.003518029903254178
cam241_w4,146,0.0
cam241_w4,147,0.0
cam241_w4,148,0.0
cam241_w4,149,0.0
cam241_w4,150,0.0
cam241_w4,151,0.0
cam241_w4,152,0.0
cam241_w4,153,0.0
cam241_w4,154,0.0
cam241_w4,155,0.0
cam241_w4,156,0.0
cam241_w4,157,0.0
cam241_w4,158,0.0
cam241_w4,159,0.0
cam241_w4,160,0.0
cam241_w4,161,0.0
cam241_w4,162,0.0
cam241_w4,163,0.0
cam241_w4,164,0.0
cam241_w4,165,0.0
cam241_w4,166,0.0
cam241_w4,167,0.0
cam241_w4,168,0.0
cam241_w4,169,0.0
cam241_w4,170,0.02629107981220657
cam241_w4,171,0.24507042253521127
cam241_w4,172,0.07136150234741784
cam241_w4,173,0.0
cam241_w4,174,0.0
cam241_w4,175,0.13333333333333333
cam241_w4,176,0.006572769953051643
cam241_w4,177,0.0
cam241_w4,178,0.008450704225352112
cam241_w4,179,0.010328638497652582
cam241_w4,180,0.0
cam241_w4,181,0.0
cam241_w4,182,0.027230046948356807
cam241_w4,183,0.07323943661971831
cam241_w4,184,0.024413145539906103
cam241_w4,185,0.014084507042253521
cam241_w4,186,0.0
cam241_w4,187,0.0009389671361502347
cam241_w4,188,0.0
cam241_w4,189,0.028169014084507043
cam241_w4,190,0.09577464788732394
cam241_w4,191,0.02535211267605634
cam241_w4,192,0.0
cam241_w4,193,0.0
cam241_w4,194,0.01596244131455399
cam241_w4,195,0.010328638497652582
cam241_w4,196,0.0
cam241_w4,197,0.0
cam241_w4,198,0.0
cam241_w4,199,0.0
cam241_w4,200,0.0
cam241_w4,201,0.0
cam241_w4,202,0.0
cam241_w4,203,0.0
cam241_w4,204,0.0
cam241_w4,205,0.0
cam241_w4,206,0.0
cam241_w4,207,0.0
cam241_w4,208,0.0
cam241_w4,209,0.003755868544600939
cam241_w4,210,0.0
cam241_w4,211,0.006572769953051643
cam241_w4,212,0.0
cam241_w4,213,0.0
cam241_w4,214,0.0
cam241_w4,215,0.0
cam241_w4,216,0.0
cam241_w4,217,0.0
cam241_w4,218,0.0
cam241_w4,219,0.03286384976525822
cam241_w4,220,0.0
cam241_w4,221,0.0
cam241_w4,222,0.0
cam241_w4,223,0.0
cam241_w4,224,0.0
cam241_w4,225,0.0
cam241_w4,226,0.0
cam241_w4,227,0.0
cam241_w4,228,0.0
cam241_w4,229,0.0
cam241_w4,230,0.0
cam241_w4,231,0.0
cam241_w4,232,0.0
cam241_w4,233,0.0
cam241_w4,234,0.0
cam241_w4,235,0.0
cam241_w4,236,0.0
cam241_w4,237,0.03163686382393398
cam241_w4,238,0.018569463548830812
cam241_w4,239,0.0171939477303989
cam241_w4,240,0.0
cam241_w4,241,0.05570839064649243
cam241_w4,242,0.013067400275103164
cam241_w4,243,0.03851444291609354
cam241_w4,244,0.0
cam241_w4,245,0.054332874828060526
cam241_w4,246,0.04676753782668501
cam241_w4,247,0.05089408528198074
cam241_w4,248,0.015130674002751032
cam241_w4,249,0.04883081155433287
cam241_w4,250,0.15474552957359008
cam241_w4,251,0.06671251719394773
cam241_w4,252,0.30261348005502064
cam241_w4,253,0.018569463548830812
cam241_w4,254,0.030261348005502064
cam241_w4,255,0.10522696011004126
cam241_w4,256,0.0
cam241_w4,257,0.0
cam241_w4,258,0.000687757909215956
cam241_w4,259,0.007565337001375516
cam241_w4,260,0.0
cam241_w4,261,0.0
cam241_w4,262,0.0
cam241_w4,263,0.0
cam241_w4,264,0.0020632737276478678
cam241_w4,265,0.0
cam241_w4,266,0.011004126547455296
cam241_w4,267,0.05845942228335626
cam241_w4,268,0.041953232462173314
cam241_w4,269,0.03645116918844567
cam241_w4,270,0.001375515818431912
cam241_w4,271,0.039889958734525444
cam241_w4,272,0.0
cam241_w4,273,0.0
cam241_w4,274,0.0
cam241_w4,275,0.0
cam241_w4,276,0.0
cam241_w4,277,0.02200825309491059
cam241_w4,278,0.0
cam241_w4,279,0.03576341127922971
cam241_w4,280,0.07634112792297111
cam241_w4,281,0.09559834938101788
cam241_w4,282,0.32393397524071527
cam241_w4,283,0.2015130674002751
cam241_w4,284,0.11623108665749655
cam241_w4,285,0.027510316368638238
cam241_w4,286,0.006189821182943604
cam241_w4,287,0.0
cam241_w4,288,0.005502063273727648
cam241_w4,289,0.0
cam241_w4,290,0.0020632737276478678
cam241_w4,291,0.0
cam241_w4,292,0.0068775790921595595
cam241_w4,293,0.11898211829436038
cam241_w4,294,0.021320495185694635
cam241_w4,295,0.008940852819807428
cam241_w4,296,0.011691884456671253
cam241_w4,297,0.05845942228335626
cam241_w4,298,0.0
cam241_w4,299,0.0
cam241_w4,300,0.0
cam241_w4,301,0.0
cam241_w4,302,0.0
cam241_w4,303,0.0
cam241_w4,304,0.0
cam241_w4,305,0.0
cam241_w4,306,0.0
cam241_w4,307,0.00911854103343465
cam241_w4,308,0.00911854103343465
cam241_w4,309,0.0182370820668693
cam241_w4,310,0.026052974381241857
cam241_w4,311,0.016500217108119844
cam241_w4,312,0.0243161094224924
cam241_w4,313,0.013026487190620929
cam241_w4,314,0.03560573165436387
cam241_w4,315,0.07815892314372558
cam241_w4,316,0.1619626574033869
cam241_w4,317,0.14068606165870604
cam241_w4,318,0.026487190620929222
cam241_w4,319,0.022579244463742945
cam241_w4,320,0.06382978723404255
cam241_w4,321,0.116804168475901
cam241_w4,322,0.04125054277029961
cam241_w4,323,0.16152844116369952
cam241_w4,324,0.11376465479808945
cam241_w4,325,0.04515848892748589
cam241_w4,326,0.026487190620929222
cam241_w4,327,0.270516717325228
cam241_w4,328,0.03343465045592705
cam241_w4,329,0.06382978723404255
cam241_w4,330,0.0182370820668693
cam241_w4,331,0.05644811115935736
cam241_w4,332,0.061224489795918366
cam241_w4,333,0.0790273556231003
cam241_w4,334,0.04298740772904907
cam241_w4,335,0.17802865827181938
cam241_w4,336,0.09335649153278333
cam241_w4,337,0.08423795049934868
cam241_w4,338,0.2092922275293096
cam241_w4,339,0.04732957012592271
cam241_w4,340,0.20234476769431176
cam241_w4,341,0.028658271819366043
cam241_w4,342,0.0182370820668693
cam241_w4,343,0.004342162396873643
cam241_w4,344,0.0008684324793747286
cam241_w4,345,0.0039079461571862786
cam241_w4,346,0.04993486756404689
cam241_w4,347,0.10073816760746852
cam241_w4,348,0.0060790273556231
cam241_w4,349,0.006513243595310464
cam241_w4,350,0.00303951367781155
cam241_w4,351,0.02214502822405558
cam241_w4,352,0.11419887103777682
cam241_w4,353,0.05167173252279635
cam241_w4,354,0.14459400781589232
cam241_w4,355,0.00998697351280938
cam241_w4,356,0.02040816326530612
cam241_w4,357,0.0021710811984368217
cam241_w4,358,0.0004342162396873643
cam241_w4,359,0.005644811115935736
cam241_w4,360,0.0008684324793747286
cam241_w4,361,0.04993486756404689
cam241_w4,362,0.14893617021276595
cam241_w4,363,0.12852800694745983
cam241_w4,364,0.15892314372557534
cam241_w4,365,0.0
cam241_w4,366,0.010855405992184108
cam241_w4,367,0.08597481545809814
cam241_w4,368,0.20017368649587494
cam241_w4,369,0.014329135909683021
cam241_w4,370,0.03603994789405124
cam241_w4,371,0.0
cam241_w4,372,0.018671298306556665
cam241_w4,373,0.0
cam241_w4,374,0.0
cam241_w4,375,0.0
cam241_w6,1,0.018240343347639486
cam241_w6,2,0.0
cam241_w6,3,0.018240343347639486
cam241_w6,4,0.0
cam241_w6,5,0.018240343347639486
cam241_w6,6,0.018240343347639486
cam241_w6,7,0.0
cam241_w6,8,0.08583690987124463
cam241_w6,9,0.34549356223175964
cam241_w6,10,0.3111587982832618
cam241_w6,11,0.5343347639484979
cam241_w6,12,0.5815450643776824
cam241_w6,13,0.5713519313304721
cam241_w6,14,0.5069742489270386
cam241_w6,15,0.3562231759656652
cam241_w6,16,0.24570815450643776
cam241_w6,17,0.22371244635193133
cam241_w6,18,0.0
cam241_w6,19,0.24356223175965666
cam241_w6,20,0.3197424892703863
cam241_w6,21,0.17757510729613735
cam241_w6,22,0.18025751072961374
cam241_w6,23,0.03272532188841202
cam241_w6,24,0.1765021459227468
cam241_w6,25,0.4227467811158798
cam241_w6,26,0.0971030042918455
cam241_w6,27,0.4919527896995708
cam241_w6,28,0.6775751072961373
cam241_w6,29,0.5048283261802575
cam241_w6,30,0.05203862660944206
cam241_w6,31,0.6131974248927039
cam241_w6,32,0.2092274678111588
cam241_w6,33,0.157725321888412
cam241_w6,34,0.32349785407725323
cam241_w6,35,0.6035407725321889
cam241_w6,36,0.47049356223175964
cam241_w6,37,0.03648068669527897
cam241_w6,38,0.05740343347639485
cam241_w6,39,0.01555793991416309
cam241_w6,40,0.004291845493562232
cam241_w6,41,0.0203862660944206
cam241_w6,42,0.0
cam241_w6,43,0.0
cam241_w6,44,0.0
cam241_w6,45,0.018240343347639486
cam241_w6,46,0.001072961373390558
cam241_w6,47,0.0
cam241_w6,48,0.0
cam241_w6,49,0.0
cam241_w6,50,0.34763948497854075
cam241_w6,51,0.6180257510729614
cam241_w6,52,0.5901287553648069
cam241_w6,53,0.14914163090128754
cam241_w6,54,0.11963519313304721
cam241_w6,55,0.07993562231759657
cam241_w6,56,0.0
cam241_w6,57,0.0
cam241_w6,58,0.008583690987124463
cam241_w6,59,0.0
cam241_w6,60,0.0
cam241_w6,61,0.0
cam241_w6,62,0.015021459227467811
cam241_w6,63,0.10354077253218884
cam241_w6,64,0.10944206008583691
cam241_w6,65,0.02736051502145923
cam241_w6,66,0.02628755364806867
cam241_w6,67,0.3261802575107296
cam241_w6,68,0.18240343347639484
cam241_w6,69,0.09281115879828326
cam241_w6,70,0.015021459227467811
cam241_w6,71,0.0
cam241_w6,72,0.006437768240343348
cam241_w6,73,0.0
cam241_w6,74,0.0
cam241_w6,75,0.0
cam241_w6,76,0.0
cam241_w6,77,0.0
cam241_w6,78,0.0
cam241_w6,79,0.0
cam241_w6,80,0.0
cam241_w6,81,0.0
cam241_w6,82,0.0
cam241_w6,83,0.0
cam241_w6,84,0.0
cam241_w6,85,0.0
cam241_w6,86,0.0
cam241_w6,87,0.0
cam241_w6,88,0.0
cam241_w6,89,0.0
cam241_w6,90,0.0
cam241_w6,91,0.42022116903633494
cam241_w6,92,0.8206951026856241
cam241_w6,93,0.2424960505529226
cam241_w6,94,0.3933649289099526
cam241_w6,95,0.5165876777251185
cam241_w6,96,0.5947867298578199
cam241_w6,97,0.07977883096366509
cam241_w6,98,0.15402843601895735
cam241_w6,99,0.3791469194312796
cam241_w6,100,0.4755134281200632
cam241_w6,101,0.325434439178515
cam241_w6,102,0.37519747235387046
cam241_w6,103,0.07661927330173776
cam241_w6,104,0.030015797788309637
cam241_w6,105,0.2725118483412322
cam241_w6,106,0.020537124802527645
cam241_w6,107,0.07187993680884676
cam241_w6,108,0.15876777251184834
cam241_w6,109,0.09399684044233807
cam241_w6,110,0.24881516587677724
cam241_w6,111,0.4028436018957346
cam241_w6,112,0.3001579778830964
cam241_w6,113,0.005529225908372828
cam241_w6,114,0.026856240126382307
cam241_w6,115,0.022116903633491312
cam241_w6,116,0.0
cam241_w6,117,0.10900473933649289
cam241_w6,118,0.0
cam241_w6,119,0.045813586097946286
cam241_w6,120,0.01579778830963665
cam241_w6,121,0.0
cam241_w6,122,0.0
cam241_w6,123,0.0
cam241_w6,124,0.0
cam241_w6,125,0.0
cam241_w6,126,0.0
cam241_w6,127,0.0
cam241_w6,128,0.0
cam241_w6,129,0.0
cam241_w6,130,0.0
cam241_w6,131,0.002369668246445498
cam241_w6,132,0.00315955766192733
cam241_w6,133,0.002369668246445498
cam241_w6,134,0.0
cam241_w6,135,0.0
cam241_w6,136,0.00315955766192733
cam241_w6,137,0.0
cam241_w6,138,0.0
cam241_w6,139,0.0
cam241_w6,140,0.0
cam241_w6,141,0.0315955766192733
cam241_w6,142,0.0
cam241_w6,143,0.0
cam241_w6,144,0.0
cam241_w6,145,0.0
cam241_w6,146,0.0
cam241_w6,147,0.0
cam241_w6,148,0.0
cam241_w6,149,0.0
cam241_w6,150,0.0
cam241_w6,151,0.0
cam241_w6,152,0.0
cam241_w6,153,0.0
cam241_w6,154,0.0
cam241_w6,155,0.0
cam241_w6,156,0.0
cam241_w6,157,0.0
cam241_w6,158,0.0
cam241_w6,159,0.0
cam241_w6,160,0.0
cam241_w6,161,0.17676266137040714
cam241_w6,162,0.2502482621648461
cam241_w6,163,0.3038728897715988
cam241_w6,164,0.0019860973187686196
cam241_w6,165,0.030784508440913606
cam241_w6,166,0.4270109235352532
cam241_w6,167,0.031777557100297914
cam241_w6,168,0.0019860973187686196
cam241_w6,169,0.0
cam241_w6,170,0.0
cam241_w6,171,0.0
cam241_w6,172,0.0
cam241_w6,173,0.010923535253227408
cam241_w6,174,0.029791459781529295
cam241_w6,175,0.37735849056603776
cam241_w6,176,0.27606752730883816
cam241_w6,177,0.18371400198609733
cam241_w6,178,0.10824230387288977
cam241_w6,179,0.0
cam241_w6,180,0.08738828202581926
cam241_w6,181,0.1817279046673287
cam241_w6,182,0.0009930486593843098
cam241_w6,183,0.12810327706057598
cam241_w6,184,0.0814299900695134
cam241_w6,185,0.16881827209533268
cam241_w6,186,0.020854021847070508
cam241_w6,187,0.019860973187686197
cam241_w6,188,0.0
cam241_w6,189,0.0
cam241_w6,190,0.0029791459781529296
cam241_w6,191,0.0
cam241_w6,192,0.0
cam241_w6,193,0.0
cam241_w6,194,0.0
cam241_w6,195,0.004965243296921549
cam241_w6,196,0.0
cam241_w6,197,0.0
cam241_w6,198,0.0
cam241_w6,199,0.0
cam241_w6,200,0.0
cam241_w6,201,0.0
cam241_w6,202,0.0
cam241_w6,203,0.0
cam241_w6,204,0.0
cam241_w6,205,0.0
cam241_w6,206,0.012909632571996028
cam241_w6,207,0.0
cam241_w6,208,0.0
cam241_w6,209,0.007944389275074478
cam241_w6,210,0.0
cam241_w6,211,0.005958291956305859
cam241_w6,212,0.0
cam241_w6,213,0.05660377358490566
cam241_w6,214,0.0009930486593843098
cam241_w6,215,0.0
cam241_w6,216,0.0
cam241_w6,217,0.0
cam241_w6,218,0.08639523336643495
cam241_w6,219,0.09731876861966236
cam241_w6,220,0.06454816285998013
cam241_w6,221,0.031777557100297914
cam241_w6,222,0.019860973187686197
cam241_w6,223,0.0
cam241_w6,224,0.0
cam241_w6,225,0.0
cam241_w6,226,0.0
cam241_w6,227,0.0
cam241_w6,228,0.0
cam241_w6,229,0.0
cam241_w6,230,0.0
cam241_w6,231,0.018068102849200834
cam241_w6,232,0.0
cam241_w6,233,0.018763029881862403
cam241_w6,234,0.0
cam241_w6,235,0.0
cam241_w6,236,0.0
cam241_w6,237,0.01667824878387769
cam241_w6,238,0.03474635163307853
cam241_w6,239,0.03683113273106324
cam241_w6,240,0.004169562195969423
cam241_w6,241,0.0
cam241_w6,242,0.0
cam241_w6,243,0.0
cam241_w6,244,0.011118832522585128
cam241_w6,245,0.06323835997220292
cam241_w6,246,0.1271716469770674
cam241_w6,247,0.3968033356497568
cam241_w6,248,0.15010423905489922
cam241_w6,249,0.13968033356497567
cam241_w6,250,0.43710910354412785
cam241_w6,251,0.03474635163307853
cam241_w6,252,0.04933981931897151
cam241_w6,253,0.3314801945795691
cam241_w6,254,0.07922168172341904
cam241_w6,255,0.1813759555246699
cam241_w6,256,0.1063238359972203
cam241_w6,257,0.1063238359972203
cam241_w6,258,0.11257817929117443
cam241_w6,259,0.13064628214037527
cam241_w6,260,0.004169562195969423
cam241_w6,261,0.05211952744961779
cam241_w6,262,0.011118832522585128
cam241_w6,263,0.017373175816539264
cam241_w6,264,0.031966643502432245
cam241_w6,265,0.09798471160528145
cam241_w6,266,0.011118832522585128
cam241_w6,267,0.0118137595552467
cam241_w6,268,0.018763029881862403
cam241_w6,269,0.0
cam241_w6,270,0.006254343293954135
cam241_w6,271,0.006254343293954135
cam241_w6,272,0.0
cam241_w6,273,0.0
cam241_w6,274,0.0
cam241_w6,275,0.0006949270326615705
cam241_w6,276,0.0
cam241_w6,277,0.006949270326615705
cam241_w6,278,0.04378040305767894
cam241_w6,279,0.31202223766504517
cam241_w6,280,0.19527449617790132
cam241_w6,281,0.21820708825573315
cam241_w6,282,0.207088255733148
cam241_w6,283,0.3071577484364142
cam241_w6,284,0.11118832522585129
cam241_w6,285,0.01389854065323141
cam241_w6,286,0.0
cam241_w6,287,0.001389854065323141
cam241_w6,288,0.0
cam241_w6,289,0.0020847810979847115
cam241_w6,290,0.0
cam241_w6,291,0.030576789437109102
cam241_w6,292,0.1459346768589298
cam241_w6,293,0.0
cam241_w6,294,0.009728978457261988
cam241_w6,295,0.0
cam241_w6,296,0.0
cam241_w6,297,0.0
cam241_w6,298,0.0
cam241_w6,299,0.0
cam241_w6,300,0.0
cam241_w6,301,0.0
cam241_w6,302,0.0
cam241_w6,303,0.0
cam241_w6,304,0.0
cam241_w6,305,0.0021710811984368217
cam241_w6,306,0.0
cam241_w6,307,0.0021710811984368217
cam241_w6,308,0.0121580547112462
cam241_w6,309,0.04385584020842379
cam241_w6,310,0.21971341728180635
cam241_w6,311,0.0017368649587494573
cam241_w6,312,0.005644811115935736
cam241_w6,313,0.00303951367781155
cam241_w6,314,0.0
cam241_w6,315,0.0
cam241_w6,316,0.0004342162396873643
cam241_w6,317,0.014763352149370386
cam241_w6,318,0.03213200173686496
cam241_w6,319,0.03864524533217542
cam241_w6,320,0.0851063829787234
cam241_w6,321,0.1532783326096396
cam241_w6,322,0.28614850195397307
cam241_w6,323,0.4259661311333044
cam241_w6,324,0.33043855840208425
cam241_w6,325,0.14633087277464177
cam241_w6,326,0.07815892314372558
cam241_w6,327,0.0
cam241_w6,328,0.01997394702561876
cam241_w6,329,0.1033434650455927
cam241_w6,330,0.07338254450716457
cam241_w6,331,0.16326530612244897
cam241_w6,332,0.10421189752496743
cam241_w6,333,0.17238384715588362
cam241_w6,334,0.29396439426834564
cam241_w6,335,0.021710811984368215
cam241_w6,336,0.10638297872340426
cam241_w6,337,0.02822405557967868
cam241_w6,338,0.11723838471558837
cam241_w6,339,0.17802865827181938
cam241_w6,340,0.0243161094224924
cam241_w6,341,0.11202778983933999
cam241_w6,342,0.02518454190186713
cam241_w6,343,0.07468519322622666
cam241_w6,344,0.06469821971341728
cam241_w6,345,0.22188449848024316
cam241_w6,346,0.012592270950933565
cam241_w6,347,0.18280503690838038
cam241_w6,348,0.23534520191055144
cam241_w6,349,0.23925314806773773
cam241_w6,350,0.23056882327399045
cam241_w6,351,0.04819800260529744
cam241_w6,352,0.012592270950933565
cam241_w6,353,0.014763352149370386
cam241_w6,354,0.03994789405123752
cam241_w6,355,0.02344767694311767
cam241_w6,356,0.0026052974381241857
cam241_w6,357,0.0013026487190620929
cam241_w6,358,0.0004342162396873643
cam241_w6,359,0.02040816326530612
cam241_w6,360,0.02735562310030395
cam241_w6,361,0.03126356925749023
cam241_w6,362,0.14415979157620495
cam241_w6,363,0.04298740772904907
cam241_w6,364,0.06382978723404255
cam241_w6,365,0.0
cam241_w6,366,0.004776378636561007
cam241_w6,367,0.02301346070343031
cam241_w6,368,0.0
cam241_w6,369,0.007815892314372557
cam241_w6,370,0.054277029960920535
cam241_w6,371,0.14155449413808077
cam241_w6,372,0.059921841076856275
cam241_w6,373,0.04689535388623534
cam241_w6,374,0.07946157186278767
cam241_w6,375,0.04081632653061224
cam245_w1,1,0.011398176291793313
cam245_w1,2,0.0060790273556231
cam245_w1,3,0.0
cam245_w1,4,0.0851063829787234
cam245_w1,5,0.06003039513677812
cam245_w1,6,0.07446808510638298
cam245_w1,7,0.03115501519756839
cam245_w1,8,0.0060790273556231
cam245_w1,9,0.14285714285714285
cam245_w1,10,0.0
cam245_w1,11,0.03343465045592705
cam245_w1,12,0.0
cam245_w1,13,0.0
cam245_w1,14,0.009878419452887538
cam245_w1,15,0.0
cam245_w1,16,0.0
cam245_w1,17,0.0
cam245_w1,18,0.0
cam245_w1,19,0.0
cam245_w1,20,0.0
cam245_w1,21,0.0
cam245_w1,22,0.0
cam245_w1,23,0.0
cam245_w1,24,0.0
cam245_w1,25,0.0
cam245_w1,26,0.0
cam245_w1,27,0.0
cam245_w1,28,0.001519756838905775
cam245_w1,29,0.0
cam245_w1,30,0.0
cam245_w1,31,0.0060790273556231
cam245_w1,32,0.0
cam245_w1,33,0.0
cam245_w1,34,0.0
cam245_w1,35,0.0
cam245_w1,36,0.0
cam245_w1,37,0.0
cam245_w1,38,0.0
cam245_w1,39,0.0
cam245_w1,40,0.0
cam245_w1,41,0.0
cam245_w1,42,0.0
cam245_w1,43,0.11018237082066869
cam245_w1,44,0.11854103343465046
cam245_w1,45,0.0
cam245_w1,46,0.0
cam245_w1,47,0.012917933130699088
cam245_w1,48,0.041033434650455926
cam245_w1,49,0.0
cam245_w1,50,0.04027355623100304
cam245_w1,51,0.0
cam245_w1,52,0.0
cam245_w1,53,0.0
cam245_w1,54,0.0
cam245_w1,55,0.0
cam245_w1,56,0.0
cam245_w1,57,0.0
cam245_w1,58,0.0
cam245_w1,59,0.0
cam245_w1,60,0.0007598784194528875
cam245_w1,61,0.0
cam245_w1,62,0.016717325227963525
cam245_w1,63,0.0
cam245_w1,64,0.0
cam245_w1,65,0.0
cam245_w1,66,0.0
cam245_w1,67,0.0
cam245_w1,68,0.00911854103343465
cam245_w1,69,0.0
cam245_w1,70,0.0
cam245_w1,71,0.0
cam245_w1,72,0.0
cam245_w1,73,0.0
cam245_w1,74,0.0
cam245_w1,75,0.0
cam245_w1,76,0.0
cam245_w1,77,0.0
cam245_w1,78,0.0
cam245_w1,79,0.0
cam245_w1,80,0.0
cam245_w1,81,0.0
cam245_w1,82,0.0
cam245_w1,83,0.0
cam245_w1,84,0.026158445440956652
cam245_w1,85,0.0
cam245_w1,86,0.033632286995515695
cam245_w1,87,0.0
cam245_w1,88,0.0
cam245_w1,89,0.01046337817638266
cam245_w1,90,0.002242152466367713
cam245_w1,91,0.005979073243647235
cam245_w1,92,0.0
cam245_w1,93,0.0029895366218236174
cam245_w1,94,0.0
cam245_w1,95,0.007473841554559043
cam245_w1,96,0.0014947683109118087
cam245_w1,97,0.02914798206278027
cam245_w1,98,0.16367713004484305
cam245_w1,99,0.006726457399103139
cam245_w1,100,0.0014947683109118087
cam245_w1,101,0.009715994020926755
cam245_w1,102,0.06203288490284006
cam245_w1,103,0.013452914798206279
cam245_w1,104,0.03961136023916293
cam245_w1,105,0.045590433482810166
cam245_w1,106,0.03288490284005979
cam245_w1,107,0.009715994020926755
cam245_w1,108,0.004484304932735426
cam245_w1,109,0.05680119581464873
cam245_w1,110,0.014200298953662182
cam245_w1,111,0.04932735426008968
cam245_w1,112,0.026905829596412557
cam245_w1,113,0.0
cam245_w1,114,0.008221225710014948
cam245_w1,115,0.0
cam245_w1,116,0.0
cam245_w1,117,0.0
cam245_w1,118,0.0171898355754858
cam245_w1,119,0.01046337817638266
cam245_w1,120,0.0
cam245_w1,121,0.014947683109118086
cam245_w1,122,0.006726457399103139
cam245_w1,123,0.0
cam245_w1,124,0.0
cam245_w1,125,0.03139013452914798
cam245_w1,126,0.012705530642750373
cam245_w1,127,0.0
cam245_w1,128,0.0014947683109118087
cam245_w1,129,0.0
cam245_w1,130,0.0
cam245_w1,131,0.0
cam245_w1,132,0.0
cam245_w1,133,0.0
cam245_w1,134,0.0007473841554559044
cam245_w1,135,0.0
cam245_w1,136,0.0
cam245_w1,137,0.0
cam245_w1,138,0.0
cam245_w1,139,0.0
cam245_w1,140,0.0
cam245_w1,141,0.0
cam245_w1,142,0.0
cam245_w1,143,0.0
cam245_w1,144,0.0014947683109118087
cam245_w1,145,0.026158445440956652
cam245_w1,146,0.0
cam245_w1,147,0.014200298953662182
cam245_w1,148,0.0
cam245_w1,149,0.0
cam245_w1,150,0.0
cam245_w1,151,0.0
cam245_w1,152,0.0
cam245_w1,153,0.0
cam245_w1,154,0.0
cam245_w1,155,0.0
cam245_w1,156,0.0
cam245_w1,157,0.0
cam245_w1,158,0.0
cam245_w1,159,0.0
cam245_w1,160,0.0
cam245_w1,161,0.0
cam245_w1,162,0.011838989739542225
cam245_w1,163,0.036306235201262825
cam245_w1,164,0.01578531965272297
cam245_w1,165,0.0
cam245_w1,166,0.0
cam245_w1,167,0.03235990528808208
cam245_w1,168,0.07734806629834254
cam245_w1,169,0.1910023677979479
cam245_w1,170,0.008681925808997633
cam245_w1,171,0.0
cam245_w1,172,0.021310181531176007
cam245_w1,173,0.08445146014206788
cam245_w1,174,0.1254932912391476
cam245_w1,175,0.06550907655880031
cam245_w1,176,0.06077348066298342
cam245_w1,177,0.35516969218626676
cam245_w1,178,0.03157063930544594
cam245_w1,179,0.0023677979479084454
cam245_w1,180,0.022099447513812154
cam245_w1,181,0.0
cam245_w1,182,0.0
cam245_w1,183,0.0
cam245_w1,184,0.0
cam245_w1,185,0.009471191791633781
cam245_w1,186,0.0
cam245_w1,187,0.0
cam245_w1,188,0.0
cam245_w1,189,0.0
cam245_w1,190,0.0
cam245_w1,191,0.0
cam245_w1,192,0.0
cam245_w1,193,0.0015785319652722968
cam245_w1,194,0.0
cam245_w1,195,0.0015785319652722968
cam245_w1,196,0.0055248618784530384
cam245_w1,197,0.0
cam245_w1,198,0.013417521704814523
cam245_w1,199,0.037095501183898975
cam245_w1,200,0.0
cam245_w1,201,0.003946329913180742
cam245_w1,202,0.0
cam245_w1,203,0.004735595895816891
cam245_w1,204,0.0007892659826361484
cam245_w1,205,0.0
cam245_w1,206,0.0
cam245_w1,207,0.0055248618784530384
cam245_w1,208,0.0
cam245_w1,209,0.0
cam245_w1,210,0.0
cam245_w1,211,0.0
cam245_w1,212,0.0
cam245_w1,213,0.0
cam245_w1,214,0.0
cam245_w1,215,0.009471191791633781
cam245_w1,216,0.022888713496448304
cam245_w1,217,0.0
cam245_w1,218,0.0015785319652722968
cam245_w1,219,0.003946329913180742
cam245_w1,220,0.0023677979479084454
cam245_w1,221,0.009471191791633781
cam245_w1,222,0.0007892659826361484
cam245_w1,223,0.0
cam245_w1,224,0.0
cam245_w1,225,0.0
cam245_w1,226,0.0
cam245_w1,227,0.0
cam245_w1,228,0.0036576444769568397
cam245_w1,229,0.002926115581565472
cam245_w1,230,0.0
cam245_w1,231,0.0
cam245_w1,232,0.0
cam245_w1,233,0.0
cam245_w1,234,0.0
cam245_w1,235,0.001463057790782736
cam245_w1,236,0.0
cam245_w1,237,0.009509875640087784
cam245_w1,238,0.013899049012435992
cam245_w1,239,0.011704462326261888
cam245_w1,240,0.0
cam245_w1,241,0.0
cam245_w1,242,0.0
cam245_w1,243,0.0
cam245_w1,244,0.0
cam245_w1,245,0.0073152889539136795
cam245_w1,246,0.0
cam245_w1,247,0.011704462326261888
cam245_w1,248,0.0
cam245_w1,249,0.0
cam245_w1,250,0.0036576444769568397
cam245_w1,251,0.0
cam245_w1,252,0.0
cam245_w1,253,0.005852231163130944
cam245_w1,254,0.020482809070958303
cam245_w1,255,0.04974396488661302
cam245_w1,256,0.0548646671543526
cam245_w1,257,0.0
cam245_w1,258,0.030724213606437453
cam245_w1,259,0.0
cam245_w1,260,0.0
cam245_w1,261,0.0
cam245_w1,262,0.0
cam245_w1,263,0.012435991221653255
cam245_w1,264,0.006583760058522311
cam245_w1,265,0.0
cam245_w1,266,0.0
cam245_w1,267,0.0
cam245_w1,268,0.0
cam245_w1,269,0.0
cam245_w1,270,0.0
cam245_w1,271,0.0
cam245_w1,272,0.12435991221653256
cam245_w1,273,0.029261155815654718
cam245_w1,274,0.04169714703730797
cam245_w1,275,0.15362106803218728
cam245_w1,276,0.06803218727139722
cam245_w1,277,0.0043891733723482075
cam245_w1,278,0.19019751280175567
cam245_w1,279,0.06803218727139722
cam245_w1,280,0.06437454279444038
cam245_w1,281,0.08778346744696415
cam245_w1,282,0.036576444769568395
cam245_w1,283,0.03730797366495977
cam245_w1,284,0.0
cam245_w1,285,0.0036576444769568397
cam245_w1,286,0.005852231163130944
cam245_w1,287,0.0043891733723482075
cam245_w1,288,0.01755669348939283
cam245_w1,289,0.03584491587417703
cam245_w1,290,0.0
cam245_w1,291,0.0
cam245_w1,292,0.0
cam245_w1,293,0.0073152889539136795
cam245_w1,294,0.006583760058522311
cam245_w1,295,0.03950256035113387
cam245_w1,296,0.07168983174835405
cam245_w1,297,0.014630577907827359
cam245_w1,298,0.0
cam245_w1,299,0.0
cam245_w1,300,0.0
cam245_w1,301,0.0
cam245_w1,302,0.0
cam245_w1,303,0.0
cam245_w1,304,0.0
cam245_w1,305,0.0
cam245_w1,306,0.0
cam245_w1,307,0.0
cam245_w1,308,0.0
cam245_w1,309,0.0
cam245_w1,310,0.0
cam245_w1,311,0.012392755004766444
cam245_w1,312,0.0
cam245_w1,313,0.0
cam245_w1,314,0.009532888465204958
cam245_w1,315,0.0
cam245_w1,316,0.002859866539561487
cam245_w1,317,0.0
cam245_w1,318,0.0
cam245_w1,319,0.0
cam245_w1,320,0.0
cam245_w1,321,0.01811248808388942
cam245_w1,322,0.0
cam245_w1,323,0.0
cam245_w1,324,0.0
cam245_w1,325,0.0
cam245_w1,326,0.0
cam245_w1,327,0.0
cam245_w1,328,0.0
cam245_w1,329,0.01811248808388942
cam245_w1,330,0.017159199237368923
cam245_w1,331,0.0009532888465204957
cam245_w1,332,0.0
cam245_w1,333,0.0
cam245_w1,334,0.0009532888465204957
cam245_w1,335,0.0
cam245_w1,336,0.011439466158245948
cam245_w1,337,0.0
cam245_w1,338,0.057197330791229746
cam245_w1,339,0.009532888465204958
cam245_w1,340,0.0038131553860819827
cam245_w1,341,0.0
cam245_w1,342,0.0
cam245_w1,343,0.0
cam245_w1,344,0.014299332697807437
cam245_w1,345,0.0
cam245_w1,346,0.0009532888465204957
cam245_w1,347,0.025738798856053385
cam245_w1,348,0.0
cam245_w1,349,0.03145853193517636
cam245_w1,350,0.0886558627264061
cam245_w1,351,0.0
cam245_w1,352,0.06959008579599618
cam245_w1,353,0.05910390848427073
cam245_w1,354,0.0009532888465204957
cam245_w1,355,0.044804575786463297
cam245_w1,356,0.002859866539561487
cam245_w1,357,0.0076263107721639654
cam245_w1,358,0.015252621544327931
cam245_w1,359,0.0
cam245_w1,360,0.11630123927550047
cam245_w1,361,0.1601525262154433
cam245_w1,362,0.3956148713060057
cam245_w1,363,0.1344137273593899
cam245_w1,364,0.02001906577693041
cam245_w1,365,0.06387035271687322
cam245_w1,366,0.1363203050524309
cam245_w1,367,0.12964728312678742
cam245_w1,368,0.31649189704480457
cam245_w1,369,0.07721639656816015
cam245_w1,370,0.30791229742612014
cam245_w1,371,0.3679694947569113
cam245_w1,372,0.0
cam245_w1,373,0.0019065776930409914
cam245_w1,374,0.0
cam245_w1,375,0.0
cam245_w3,1,0.0
cam245_w3,2,0.0
cam245_w3,3,0.0
cam245_w3,4,0.0
cam245_w3,5,0.0
cam245_w3,6,0.0
cam245_w3,7,0.0
cam245_w3,8,0.002612330198537095
cam245_w3,9,0.0
cam245_w3,10,0.0
cam245_w3,11,0.0
cam245_w3,12,0.0
cam245_w3,13,0.0
cam245_w3,14,0.2006269592476489
cam245_w3,15,0.1833855799373041
cam245_w3,16,0.005747126436781609
cam245_w3,17,0.0
cam245_w3,18,0.0
cam245_w3,19,0.0005224660397074191
cam245_w3,20,0.0
cam245_w3,21,0.0
cam245_w3,22,0.0
cam245_w3,23,0.0
cam245_w3,24,0.0
cam245_w3,25,0.015151515151515152
cam245_w3,26,0.0
cam245_w3,27,0.07889237199582028
cam245_w3,28,0.13166144200626959
cam245_w3,29,0.5553814002089864
cam245_w3,30,0.0219435736677116
cam245_w3,31,0.0
cam245_w3,32,0.03082549634273772
cam245_w3,33,0.029258098223615466
cam245_w3,34,0.11442006269592477
cam245_w3,35,0.2831765935214211
cam245_w3,36,0.0041797283176593526
cam245_w3,37,0.014106583072100314
cam245_w3,38,0.006792058516196447
cam245_w3,39,0.0073145245559038665
cam245_w3,40,0.00522466039707419
cam245_w3,41,0.0
cam245_w3,42,0.006792058516196447
cam245_w3,43,0.0
cam245_w3,44,0.0036572622779519333
cam245_w3,45,0.0
cam245_w3,46,0.0005224660397074191
cam245_w3,47,0.0073145245559038665
cam245_w3,48,0.008359456635318705
cam245_w3,49,0.003134796238244514
cam245_w3,50,0.0109717868338558
cam245_w3,51,0.002612330198537095
cam245_w3,52,0.011494252873563218
cam245_w3,53,0.0
cam245_w3,54,0.0005224660397074191
cam245_w3,55,0.004702194357366771
cam245_w3,56,0.008881922675026124
cam245_w3,57,0.006269592476489028
cam245_w3,58,0.03239289446185998
cam245_w3,59,0.0010449320794148381
cam245_w3,60,0.006269592476489028
cam245_w3,61,0.007836990595611285
cam245_w3,62,0.0219435736677116
cam245_w3,63,0.004702194357366771
cam245_w3,64,0.0
cam245_w3,65,0.0
cam245_w3,66,0.002612330198537095
cam245_w3,67,0.0
cam245_w3,68,0.014629049111807733
cam245_w3,69,0.0
cam245_w3,70,0.0219435736677116
cam245_w3,71,0.014106583072100314
cam245_w3,72,0.0036572622779519333
cam245_w3,73,0.0
cam245_w3,74,0.0
cam245_w3,75,0.0
cam245_w3,76,0.0
cam245_w3,77,0.0
cam245_w3,78,0.0
cam245_w3,79,0.0
cam245_w3,80,0.0
cam245_w3,81,0.0
cam245_w3,82,0.0
cam245_w3,83,0.0
cam245_w3,84,0.0
cam245_w3,85,0.0
cam245_w3,86,0.0
cam245_w3,87,0.0
cam245_w3,88,0.0
cam245_w3,89,0.0
cam245_w3,90,0.0024813895781637717
cam245_w3,91,0.0
cam245_w3,92,0.0
cam245_w3,93,0.0
cam245_w3,94,0.0
cam245_w3,95,0.0
cam245_w3,96,0.0
cam245_w3,97,0.0
cam245_w3,98,0.0
cam245_w3,99,0.0
cam245_w3,100,0.01240694789081886
cam245_w3,101,0.0016542597187758478
cam245_w3,102,0.006617038875103391
cam245_w3,103,0.016542597187758478
cam245_w3,104,0.0
cam245_w3,105,0.0
cam245_w3,106,0.0024813895781637717
cam245_w3,107,0.0033085194375516956
cam245_w3,108,0.0
cam245_w3,109,0.0
cam245_w3,110,0.0041356492969396195
cam245_w3,111,0.01902398676592225
cam245_w3,112,0.0
cam245_w3,113,0.005789909015715467
cam245_w3,114,0.009098428453267164
cam245_w3,115,0.0
cam245_w3,116,0.0
cam245_w3,117,0.008271298593879239
cam245_w3,118,0.0
cam245_w3,119,0.0
cam245_w3,120,0.0
cam245_w3,121,0.0
cam245_w3,122,0.0
cam245_w3,123,0.0
cam245_w3,124,0.0
cam245_w3,125,0.0
cam245_w3,126,0.0
cam245_w3,127,0.0016542597187758478
cam245_w3,128,0.0
cam245_w3,129,0.0
cam245_w3,130,0.0041356492969396195
cam245_w3,131,0.0
cam245_w3,132,0.0
cam245_w3,133,0.0016542597187758478
cam245_w3,134,0.0
cam245_w3,135,0.0
cam245_w3,136,0.0
cam245_w3,137,0.0
cam245_w3,138,0.0
cam245_w3,139,0.0
cam245_w3,140,0.0
cam245_w3,141,0.0
cam245_w3,142,0.0
cam245_w3,143,0.0
cam245_w3,144,0.022332506203473945
cam245_w3,145,0.0
cam245_w3,146,0.0
cam245_w3,147,0.0
cam245_w3,148,0.0008271298593879239
cam245_w3,149,0.0
cam245_w3,150,0.0
cam245_w3,151,0.0
cam245_w3,152,0.0016736401673640166
cam245_w3,153,0.0
cam245_w3,154,0.0
cam245_w3,155,0.0
cam245_w3,156,0.0
cam245_w3,157,0.0
cam245_w3,158,0.0
cam245_w3,159,0.0
cam245_w3,160,0.0
cam245_w3,161,0.0
cam245_w3,162,0.0
cam245_w3,163,0.0
cam245_w3,164,0.0
cam245_w3,165,0.0
cam245_w3,166,0.013389121338912133
cam245_w3,167,0.0
cam245_w3,168,0.0
cam245_w3,169,0.0
cam245_w3,170,0.0033472803347280333
cam245_w3,171,0.018410041841004185
cam245_w3,172,0.0008368200836820083
cam245_w3,173,0.007531380753138075
cam245_w3,174,0.008368200836820083
cam245_w3,175,0.016736401673640166
cam245_w3,176,0.0008368200836820083
cam245_w3,177,0.010878661087866108
cam245_w3,178,0.0
cam245_w3,179,0.012552301255230125
cam245_w3,180,0.0100418410041841
cam245_w3,181,0.008368200836820083
cam245_w3,182,0.0008368200836820083
cam245_w3,183,0.0
cam245_w3,184,0.017573221757322177
cam245_w3,185,0.0008368200836820083
cam245_w3,186,0.0
cam245_w3,187,0.0
cam245_w3,188,0.0
cam245_w3,189,0.013389121338912133
cam245_w3,190,0.0016736401673640166
cam245_w3,191,0.005857740585774059
cam245_w3,192,0.005857740585774059
cam245_w3,193,0.0
cam245_w3,194,0.008368200836820083
cam245_w3,195,0.01506276150627615
cam245_w3,196,0.016736401673640166
cam245_w3,197,0.008368200836820083
cam245_w3,198,0.016736401673640166
cam245_w3,199,0.02594142259414226
cam245_w3,200,0.015899581589958158
cam245_w3,201,0.0033472803347280333
cam245_w3,202,0.011715481171548118
cam245_w3,203,0.00502092050209205
cam245_w3,204,0.014225941422594143
cam245_w3,205,0.009205020920502092
cam245_w3,206,0.0041841004184100415
cam245_w3,207,0.0033472803347280333
cam245_w3,208,0.03347280334728033
cam245_w3,209,0.0
cam245_w3,210,0.0
cam245_w3,211,0.008368200836820083
cam245_w3,212,0.0033472803347280333
cam245_w3,213,0.0
cam245_w3,214,0.0008368200836820083
cam245_w3,215,0.0041841004184100415
cam245_w3,216,0.0
cam245_w3,217,0.002510460251046025
cam245_w3,218,0.00502092050209205
cam245_w3,219,0.029288702928870293
cam245_w3,220,0.0016736401673640166
cam245_w3,221,0.0
cam245_w3,222,0.0
cam245_w3,223,0.0
cam245_w3,224,0.0
cam245_w3,225,0.0
cam245_w3,226,0.0
cam245_w3,227,0.0
cam245_w3,228,0.0
cam245_w3,229,0.0
cam245_w3,230,0.0
cam245_w3,231,0.0
cam245_w3,232,0.0035629453681710215
cam245_w3,233,0.0
cam245_w3,234,0.0
cam245_w3,235,0.016033254156769598
cam245_w3,236,0.004156769596199525
cam245_w3,237,0.0
cam245_w3,238,0.014845605700712588
cam245_w3,239,0.04513064133016627
cam245_w3,240,0.0029691211401425177
cam245_w3,241,0.015439429928741092
cam245_w3,242,0.22149643705463182
cam245_w3,243,0.16092636579572447
cam245_w3,244,0.18824228028503562
cam245_w3,245,0.0
cam245_w3,246,0.01840855106888361
cam245_w3,247,0.004156769596199525
cam245_w3,248,0.0023752969121140144
cam245_w3,249,0.0
cam245_w3,250,0.0029691211401425177
cam245_w3,251,0.21971496437054633
cam245_w3,252,0.0011876484560570072
cam245_w3,253,0.01840855106888361
cam245_w3,254,0.0017814726840855108
cam245_w3,255,0.06294536817102138
cam245_w3,256,0.24703087885985747
cam245_w3,257,0.013064133016627079
cam245_w3,258,0.0
cam245_w3,259,0.0035629453681710215
cam245_w3,260,0.0
cam245_w3,261,0.0011876484560570072
cam245_w3,262,0.0166270783847981
cam245_w3,263,0.005344418052256532
cam245_w3,264,0.0
cam245_w3,265,0.03859857482185273
cam245_w3,266,0.013064133016627079
cam245_w3,267,0.014251781472684086
cam245_w3,268,0.015439429928741092
cam245_w3,269,0.0029691211401425177
cam245_w3,270,0.06472684085510688
cam245_w3,271,0.043942992874109264
cam245_w3,272,0.020783847980997625
cam245_w3,273,0.022565320665083134
cam245_w3,274,0.010688836104513063
cam245_w3,275,0.007719714964370546
cam245_w3,276,0.007719714964370546
cam245_w3,277,0.0332541567695962
cam245_w3,278,0.04928741092636579
cam245_w3,279,0.024346793349168647
cam245_w3,280,0.011282660332541567
cam245_w3,281,0.03800475059382423
cam245_w3,282,0.0
cam245_w3,283,0.027909738717339667
cam245_w3,284,0.019596199524940617
cam245_w3,285,0.011876484560570071
cam245_w3,286,0.03147268408551069
cam245_w3,287,0.10095011876484561
cam245_w3,288,0.0023752969121140144
cam245_w3,289,0.0
cam245_w3,290,0.0035629453681710215
cam245_w3,291,0.028503562945368172
cam245_w3,292,0.008907363420427554
cam245_w3,293,0.10332541567695962
cam245_w3,294,0.12885985748218529
cam245_w3,295,0.06175771971496437
cam245_w3,296,0.0029691211401425177
cam245_w3,297,0.0
cam245_w3,298,0.004156769596199525
cam245_w3,299,0.0
cam245_w3,300,0.0
cam245_w3,301,0.0
cam245_w3,302,0.0
cam245_w3,303,0.0
cam245_w3,304,0.0
cam245_w3,305,0.0
cam245_w3,306,0.10165073848827107
cam245_w3,307,0.0013032145960034753
cam245_w3,308,0.0
cam245_w3,309,0.0008688097306689834
cam245_w3,310,0.005212858384013901
cam245_w3,311,0.0
cam245_w3,312,0.0047784535186794095
cam245_w3,313,0.0030408340573414424
cam245_w3,314,0.006516072980017376
cam245_w3,315,0.016507384882710686
cam245_w3,316,0.03909643788010426
cam245_w3,317,0.0047784535186794095
cam245_w3,318,0.0
cam245_w3,319,0.01737619461337967
cam245_w3,320,0.02997393570807993
cam245_w3,321,0.06559513466550826
cam245_w3,322,0.011728931364031277
cam245_w3,323,0.005212858384013901
cam245_w3,324,0.022589052997393572
cam245_w3,325,0.00999131190269331
cam245_w3,326,0.037793223284100785
cam245_w3,327,0.02476107732406603
cam245_w3,328,0.014335360556038228
cam245_w3,329,0.015638575152041704
cam245_w3,330,0.029105125977410946
cam245_w3,331,0.03258036490008688
cam245_w3,332,0.01954821894005213
cam245_w3,333,0.0013032145960034753
cam245_w3,334,0.005647263249348393
cam245_w3,335,0.0047784535186794095
cam245_w3,336,0.060382276281494354
cam245_w3,337,0.0677671589921807
cam245_w3,338,0.0369244135534318
cam245_w3,339,0.014769765421372719
cam245_w3,340,0.013466550825369244
cam245_w3,341,0.02519548218940052
cam245_w3,342,0.1264118158123371
cam245_w3,343,0.1576889661164205
cam245_w3,344,0.005647263249348393
cam245_w3,345,0.0026064291920069507
cam245_w3,346,0.0030408340573414424
cam245_w3,347,0.036490008688097306
cam245_w3,348,0.10903562119895743
cam245_w3,349,0.035621198957428324
cam245_w3,350,0.015638575152041704
cam245_w3,351,0.24934839270199827
cam245_w3,352,0.4483058210251955
cam245_w3,353,0.5086880973066898
cam245_w3,354,0.3344917463075586
cam245_w3,355,0.15508253692441357
cam245_w3,356,0.028670721112076455
cam245_w3,357,0.0047784535186794095
cam245_w3,358,0.0013032145960034753
cam245_w3,359,0.01737619461337967
cam245_w3,360,0.015204170286707211
cam245_w3,361,0.0069504778453518675
cam245_w3,362,0.022589052997393572
cam245_w3,363,0.011728931364031277
cam245_w3,364,0.03431798436142485
cam245_w3,365,0.026498696785403997
cam245_w3,366,0.0047784535186794095
cam245_w3,367,0.1789748045178106
cam245_w3,368,0.01216333622936577
cam245_w3,369,0.005647263249348393
cam245_w3,370,0.021285838401390096
cam245_w3,371,0.044309296264118156
cam245_w3,372,0.0069504778453518675
cam245_w3,373,0.004344048653344918
cam245_w3,374,0.02476107732406603
cam245_w3,375,0.02780191138140747
cam245_w4,1,0.0
cam245_w4,2,0.0
cam245_w4,3,0.0
cam245_w4,4,0.0026246719160104987
cam245_w4,5,0.0
cam245_w4,6,0.027559055118110236
cam245_w4,7,0.12467191601049869
cam245_w4,8,0.35170603674540685
cam245_w4,9,0.22178477690288714
cam245_w4,10,0.020341207349081365
cam245_w4,11,0.0
cam245_w4,12,0.0006561679790026247
cam245_w4,13,0.004593175853018373
cam245_w4,14,0.37401574803149606
cam245_w4,15,0.27296587926509186
cam245_w4,16,0.017716535433070866
cam245_w4,17,0.22506561679790027
cam245_w4,18,0.3379265091863517
cam245_w4,19,0.16076115485564305
cam245_w4,20,0.47834645669291337
cam245_w4,21,0.5255905511811023
cam245_w4,22,0.33070866141732286
cam245_w4,23,0.4625984251968504
cam245_w4,24,0.0
cam245_w4,25,0.003937007874015748
cam245_w4,26,0.0662729658792651
cam245_w4,27,0.046587926509186355
cam245_w4,28,0.010498687664041995
cam245_w4,29,0.09055118110236221
cam245_w4,30,0.13057742782152232
cam245_w4,31,0.043963254593175856
cam245_w4,32,0.14566929133858267
cam245_w4,33,0.3241469816272966
cam245_w4,34,0.009186351706036745
cam245_w4,35,0.2211286089238845
cam245_w4,36,0.19160104986876642
cam245_w4,37,0.012467191601049869
cam245_w4,38,0.02952755905511811
cam245_w4,39,0.005905511811023622
cam245_w4,40,0.043963254593175856
cam245_w4,41,0.007217847769028871
cam245_w4,42,0.0013123359580052493
cam245_w4,43,0.0
cam245_w4,44,0.007217847769028871
cam245_w4,45,0.0013123359580052493
cam245_w4,46,0.014435695538057743
cam245_w4,47,0.0032808398950131233
cam245_w4,48,0.09317585301837271
cam245_w4,49,0.06430446194225722
cam245_w4,50,0.015748031496062992
cam245_w4,51,0.00984251968503937
cam245_w4,52,0.0026246719160104987
cam245_w4,53,0.0
cam245_w4,54,0.003937007874015748
cam245_w4,55,0.03215223097112861
cam245_w4,56,0.00853018372703412
cam245_w4,57,0.005905511811023622
cam245_w4,58,0.004593175853018373
cam245_w4,59,0.01115485564304462
cam245_w4,60,0.005249343832020997
cam245_w4,61,0.005249343832020997
cam245_w4,62,0.0
cam245_w4,63,0.0
cam245_w4,64,0.0
cam245_w4,65,0.001968503937007874
cam245_w4,66,0.006561679790026247
cam245_w4,67,0.0006561679790026247
cam245_w4,68,0.007217847769028871
cam245_w4,69,0.019028871391076115
cam245_w4,70,0.07217847769028872
cam245_w4,71,0.04199475065616798
cam245_w4,72,0.06692913385826772
cam245_w4,73,0.0
cam245_w4,74,0.0
cam245_w4,75,0.0
cam245_w4,76,0.0
cam245_w4,77,0.0
cam245_w4,78,0.0
cam245_w4,79,0.0
cam245_w4,80,0.0
cam245_w4,81,0.0
cam245_w4,82,0.0
cam245_w4,83,0.0
cam245_w4,84,0.0
cam245_w4,85,0.0
cam245_w4,86,0.004690431519699813
cam245_w4,87,0.09568480300187618
cam245_w4,88,0.274859287054409
cam245_w4,89,0.6022514071294559
cam245_w4,90,0.13133208255159476
cam245_w4,91,0.39399624765478425
cam245_w4,92,0.10694183864915573
cam245_w4,93,0.7223264540337712
cam245_w4,94,0.300187617260788
cam245_w4,95,0.6116322701688556
cam245_w4,96,0.4596622889305816
cam245_w4,97,0.851782363977486
cam245_w4,98,0.1904315196998124
cam245_w4,99,0.5816135084427767
cam245_w4,100,0.6613508442776735
cam245_w4,101,0.8433395872420263
cam245_w4,102,0.03189493433395872
cam245_w4,103,0.25609756097560976
cam245_w4,104,0.651031894934334
cam245_w4,105,0.48405253283302063
cam245_w4,106,0.5384615384615384
cam245_w4,107,0.021575984990619138
cam245_w4,108,0.16322701688555347
cam245_w4,109,0.004690431519699813
cam245_w4,110,0.3649155722326454
cam245_w4,111,0.25046904315197
cam245_w4,112,0.05909943714821764
cam245_w4,113,0.0
cam245_w4,114,0.03189493433395872
cam245_w4,115,0.075046904315197
cam245_w4,116,0.3405253283302064
cam245_w4,117,0.12851782363977485
cam245_w4,118,0.010318949343339587
cam245_w4,119,0.07879924953095685
cam245_w4,120,0.5544090056285178
cam245_w4,121,0.1303939962476548
cam245_w4,122,0.001876172607879925
cam245_w4,123,0.016885553470919325
cam245_w4,124,0.0
cam245_w4,125,0.0
cam245_w4,126,0.00375234521575985
cam245_w4,127,0.001876172607879925
cam245_w4,128,0.004690431519699813
cam245_w4,129,0.0
cam245_w4,130,0.0
cam245_w4,131,0.006566604127579738
cam245_w4,132,0.0028142589118198874
cam245_w4,133,0.0
cam245_w4,134,0.0
cam245_w4,135,0.0
cam245_w4,136,0.0
cam245_w4,137,0.0
cam245_w4,138,0.0
cam245_w4,139,0.0
cam245_w4,140,0.0
cam245_w4,141,0.0
cam245_w4,142,0.00375234521575985
cam245_w4,143,0.01876172607879925
cam245_w4,144,0.00375234521575985
cam245_w4,145,0.0
cam245_w4,146,0.0
cam245_w4,147,0.0
cam245_w4,148,0.001876172607879925
cam245_w4,149,0.0
cam245_w4,150,0.0
cam245_w4,151,0.0
cam245_w4,152,0.0
cam245_w4,153,0.0
cam245_w4,154,0.0
cam245_w4,155,0.0
cam245_w4,156,0.0
cam245_w4,157,0.0
cam245_w4,158,0.0
cam245_w4,159,0.0017809439002671415
cam245_w4,160,0.0
cam245_w4,161,0.0
cam245_w4,162,0.012466607301869992
cam245_w4,163,0.0
cam245_w4,164,0.0427426536064114
cam245_w4,165,0.008904719501335707
cam245_w4,166,0.0
cam245_w4,167,0.008904719501335707
cam245_w4,168,0.15138023152270705
cam245_w4,169,0.0
cam245_w4,170,0.026714158504007122
cam245_w4,171,0.025823686553873553
cam245_w4,172,0.10685663401602849
cam245_w4,173,0.5957257346393589
cam245_w4,174,0.2902938557435441
cam245_w4,175,0.4942119323241318
cam245_w4,176,0.26001780943900266
cam245_w4,177,0.05253784505788068
cam245_w4,178,0.13802315227070347
cam245_w4,179,0.2315227070347284
cam245_w4,180,0.6206589492430988
cam245_w4,181,0.44345503116651824
cam245_w4,182,0.01157613535173642
cam245_w4,183,0.12733748886910062
cam245_w4,184,0.018699910952804988
cam245_w4,185,0.015138023152270703
cam245_w4,186,0.032056990204808546
cam245_w4,187,0.11932324131789848
cam245_w4,188,0.060552092609082814
cam245_w4,189,0.017809439002671415
cam245_w4,190,0.037399821905609976
cam245_w4,191,0.02315227070347284
cam245_w4,192,0.0
cam245_w4,193,0.0
cam245_w4,194,0.0
cam245_w4,195,0.014247551202137132
cam245_w4,196,0.0
cam245_w4,197,0.003561887800534283
cam245_w4,198,0.0
cam245_w4,199,0.0
cam245_w4,200,0.0
cam245_w4,201,0.014247551202137132
cam245_w4,202,0.0
cam245_w4,203,0.0
cam245_w4,204,0.0
cam245_w4,205,0.0
cam245_w4,206,0.0
cam245_w4,207,0.0
cam245_w4,208,0.003561887800534283
cam245_w4,209,0.0008904719501335708
cam245_w4,210,0.0017809439002671415
cam245_w4,211,0.008904719501335707
cam245_w4,212,0.012466607301869992
cam245_w4,213,0.058771148708815675
cam245_w4,214,0.08459483526268922
cam245_w4,215,0.0578806767586821
cam245_w4,216,0.0
cam245_w4,217,0.0
cam245_w4,218,0.0
cam245_w4,219,0.0017809439002671415
cam245_w4,220,0.0017809439002671415
cam245_w4,221,0.0017809439002671415
cam245_w4,222,0.0
cam245_w4,223,0.0
cam245_w4,224,0.0213713268032057
cam245_w4,225,0.0008904719501335708
cam245_w4,226,0.0
cam245_w4,227,0.0023961661341853034
cam245_w4,228,0.0
cam245_w4,229,0.0
cam245_w4,230,0.0
cam245_w4,231,0.0
cam245_w4,232,0.0
cam245_w4,233,0.0
cam245_w4,234,0.0
cam245_w4,235,0.16693290734824281
cam245_w4,236,0.048722044728434506
cam245_w4,237,0.16853035143769968
cam245_w4,238,0.07507987220447285
cam245_w4,239,0.0
cam245_w4,240,0.003993610223642172
cam245_w4,241,0.0
cam245_w4,242,0.0
cam245_w4,243,0.0
cam245_w4,244,0.0
cam245_w4,245,0.0023961661341853034
cam245_w4,246,0.052715654952076675
cam245_w4,247,0.0
cam245_w4,248,0.007987220447284345
cam245_w4,249,0.0231629392971246
cam245_w4,250,0.023961661341853034
cam245_w4,251,0.019968051118210862
cam245_w4,252,0.003194888178913738
cam245_w4,253,0.010383386581469648
cam245_w4,254,0.003194888178913738
cam245_w4,255,0.05670926517571885
cam245_w4,256,0.026357827476038338
cam245_w4,257,0.011182108626198083
cam245_w4,258,0.003194888178913738
cam245_w4,259,0.012779552715654952
cam245_w4,260,0.00878594249201278
cam245_w4,261,0.003194888178913738
cam245_w4,262,0.01437699680511182
cam245_w4,263,0.0
cam245_w4,264,0.009584664536741214
cam245_w4,265,0.0
cam245_w4,266,0.019968051118210862
cam245_w4,267,0.0007987220447284345
cam245_w4,268,0.005591054313099041
cam245_w4,269,0.011980830670926517
cam245_w4,270,0.0
cam245_w4,271,0.020766773162939296
cam245_w4,272,0.036741214057507986
cam245_w4,273,0.0007987220447284345
cam245_w4,274,0.004792332268370607
cam245_w4,275,0.03354632587859425
cam245_w4,276,0.03514376996805112
cam245_w4,277,0.0
cam245_w4,278,0.0
cam245_w4,279,0.027156549520766772
cam245_w4,280,0.003993610223642172
cam245_w4,281,0.026357827476038338
cam245_w4,282,0.02476038338658147
cam245_w4,283,0.09424920127795527
cam245_w4,284,0.3003194888178914
cam245_w4,285,0.444888178913738
cam245_w4,286,0.32987220447284343
cam245_w4,287,0.05670926517571885
cam245_w4,288,0.003194888178913738
cam245_w4,289,0.0023961661341853034
cam245_w4,290,0.003993610223642172
cam245_w4,291,0.006389776357827476
cam245_w4,292,0.0007987220447284345
cam245_w4,293,0.025559105431309903
cam245_w4,294,0.07348242811501597
cam245_w4,295,0.034345047923322686
cam245_w4,296,0.04313099041533546
cam245_w4,297,0.026357827476038338
cam245_w4,298,0.0
cam245_w4,299,0.012779552715654952
cam245_w4,300,0.027955271565495207
cam245_w4,301,0.0034737299174989146
cam245_w4,302,0.0
cam245_w4,303,0.0
cam245_w4,304,0.0004342162396873643
cam245_w4,305,0.0017368649587494573
cam245_w4,306,0.010421189752496743
cam245_w4,307,0.0
cam245_w4,308,0.0
cam245_w4,309,0.0
cam245_w4,310,0.0004342162396873643
cam245_w4,311,0.0
cam245_w4,312,0.00303951367781155
cam245_w4,313,0.004342162396873643
cam245_w4,314,0.0034737299174989146
cam245_w4,315,0.00303951367781155
cam245_w4,316,0.06252713851498046
cam245_w4,317,0.2965696917064698
cam245_w4,318,0.1046461137646548
cam245_w4,319,0.06600086843247938
cam245_w4,320,0.07772470690403821
cam245_w4,321,0.07251411202778985
cam245_w4,322,0.0039079461571862786
cam245_w4,323,0.021710811984368215
cam245_w4,324,0.01693443334780721
cam245_w4,325,0.30004342162396874
cam245_w4,326,0.06296135475466783
cam245_w4,327,0.011723838471558836
cam245_w4,328,0.0
cam245_w4,329,0.004776378636561007
cam245_w4,330,0.03734259661311333
cam245_w4,331,0.059921841076856275
cam245_w4,332,0.17672600955275727
cam245_w4,333,0.16847590099869736
cam245_w4,334,0.6035605731654364
cam245_w4,335,0.39339991315675205
cam245_w4,336,0.6739036039947894
cam245_w4,337,0.5440729483282675
cam245_w4,338,0.5523230568823274
cam245_w4,339,0.49717759444203213
cam245_w4,340,0.04125054277029961
cam245_w4,341,0.06990881458966565
cam245_w4,342,0.03300043421623969
cam245_w4,343,0.0316977854971776
cam245_w4,344,0.0034737299174989146
cam245_w4,345,0.0013026487190620929
cam245_w4,346,0.04993486756404689
cam245_w4,347,0.03517151541467651
cam245_w4,348,0.026921406860616587
cam245_w4,349,0.03603994789405124
cam245_w4,350,0.008684324793747287
cam245_w4,351,0.029092488059053408
cam245_w4,352,0.012592270950933565
cam245_w4,353,0.014329135909683021
cam245_w4,354,0.007381676074685193
cam245_w4,355,0.017802865827181935
cam245_w4,356,0.0486322188449848
cam245_w4,357,0.18323925314806774
cam245_w4,358,0.10508033000434217
cam245_w4,359,0.45896656534954405
cam245_w4,360,0.18106817194963093
cam245_w4,361,0.03821102909248806
cam245_w4,362,0.25618758141554493
cam245_w4,363,0.09205384281372124
cam245_w4,364,0.2748588797221016
cam245_w4,365,0.2687798523664785
cam245_w4,366,0.20147633521493705
cam245_w4,367,0.2166739036039948
cam245_w4,368,0.2396873643074251
cam245_w4,369,0.09205384281372124
cam245_w4,370,0.05644811115935736
cam245_w4,371,0.011723838471558836
cam245_w4,372,0.0121580547112462
cam245_w4,373,0.011723838471558836
cam245_w4,374,0.01910551454624403
cam245_w4,375,0.052105948762483714
cam245_w6,1,0.0
cam245_w6,2,0.0
cam245_w6,3,0.0042656916514320535
cam245_w6,4,0.0
cam245_w6,5,0.0
cam245_w6,6,0.043266301035953685
cam245_w6,7,0.003656307129798903
cam245_w6,8,0.0
cam245_w6,9,0.0
cam245_w6,10,0.0
cam245_w6,11,0.001218769043266301
cam245_w6,12,0.0
cam245_w6,13,0.007921998781230956
cam245_w6,14,0.2205971968312005
cam245_w6,15,0.7605118829981719
cam245_w6,16,0.06398537477148081
cam245_w6,17,0.07373552711761121
cam245_w6,18,0.0
cam245_w6,19,0.017062766605728214
cam245_w6,20,0.04875076173065204
cam245_w6,21,0.0
cam245_w6,22,0.003656307129798903
cam245_w6,23,0.0030469226081657527
cam245_w6,24,0.09201706276660573
cam245_w6,25,0.03473491773308958
cam245_w6,26,0.2425350396099939
cam245_w6,27,0.20048750761730652
cam245_w6,28,0.32053625837903715
cam245_w6,29,0.31383302864107254
cam245_w6,30,0.05301645338208409
cam245_w6,31,0.0
cam245_w6,32,0.0
cam245_w6,33,0.0
cam245_w6,34,0.044485070079219986
cam245_w6,35,0.0
cam245_w6,36,0.0030469226081657527
cam245_w6,37,0.010968921389396709
cam245_w6,38,0.001218769043266301
cam245_w6,39,0.0
cam245_w6,40,0.006703229737964655
cam245_w6,41,0.0
cam245_w6,42,0.0
cam245_w6,43,0.0
cam245_w6,44,0.0
cam245_w6,45,0.0
cam245_w6,46,0.0030469226081657527
cam245_w6,47,0.0
cam245_w6,48,0.062157221206581355
cam245_w6,49,0.0030469226081657527
cam245_w6,50,0.007921998781230956
cam245_w6,51,0.006093845216331505
cam245_w6,52,0.08957952468007313
cam245_w6,53,0.13101767215112736
cam245_w6,54,0.0
cam245_w6,55,0.017062766605728214
cam245_w6,56,0.008531383302864107
cam245_w6,57,0.014015843997562462
cam245_w6,58,0.014625228519195612
cam245_w6,59,0.007921998781230956
cam245_w6,60,0.026203534430225474
cam245_w6,61,0.006703229737964655
cam245_w6,62,0.006093845216331505
cam245_w6,63,0.004875076173065204
cam245_w6,64,0.007312614259597806
cam245_w6,65,0.01218769043266301
cam245_w6,66,0.007921998781230956
cam245_w6,67,0.002437538086532602
cam245_w6,68,0.002437538086532602
cam245_w6,69,0.06825106642291286
cam245_w6,70,0.031687995124923825
cam245_w6,71,0.09628275441803778
cam245_w6,72,0.0030469226081657527
cam245_w6,73,0.01340645947592931
cam245_w6,74,0.009140767824497258
cam245_w6,75,0.0
cam245_w6,76,0.0
cam245_w6,77,0.0
cam245_w6,78,0.0
cam245_w6,79,0.0
cam245_w6,80,0.0
cam245_w6,81,0.0
cam245_w6,82,0.0
cam245_w6,83,0.0
cam245_w6,84,0.15267857142857144
cam245_w6,85,0.2830357142857143
cam245_w6,86,0.06964285714285715
cam245_w6,87,0.025
cam245_w6,88,0.23035714285714284
cam245_w6,89,0.63125
cam245_w6,90,0.7875
cam245_w6,91,0.31875
cam245_w6,92,0.0
cam245_w6,93,0.35982142857142857
cam245_w6,94,0.3080357142857143
cam245_w6,95,0.10803571428571429
cam245_w6,96,0.0
cam245_w6,97,0.02142857142857143
cam245_w6,98,0.03125
cam245_w6,99,0.6491071428571429
cam245_w6,100,0.48928571428571427
cam245_w6,101,0.029464285714285714
cam245_w6,102,0.39553571428571427
cam245_w6,103,0.19285714285714287
cam245_w6,104,0.2375
cam245_w6,105,0.7392857142857143
cam245_w6,106,0.5473214285714286
cam245_w6,107,0.33035714285714285
cam245_w6,108,0.86875
cam245_w6,109,0.7116071428571429
cam245_w6,110,0.18482142857142858
cam245_w6,111,0.19375
cam245_w6,112,0.29196428571428573
cam245_w6,113,0.0125
cam245_w6,114,0.03660714285714286
cam245_w6,115,0.21964285714285714
cam245_w6,116,0.13839285714285715
cam245_w6,117,0.06607142857142857
cam245_w6,118,0.14464285714285716
cam245_w6,119,0.20714285714285716
cam245_w6,120,0.7321428571428571
cam245_w6,121,0.74375
cam245_w6,122,0.004464285714285714
cam245_w6,123,0.0
cam245_w6,124,0.0017857142857142857
cam245_w6,125,0.0
cam245_w6,126,0.0
cam245_w6,127,0.0
cam245_w6,128,0.015178571428571428
cam245_w6,129,0.0
cam245_w6,130,0.0
cam245_w6,131,0.0035714285714285713
cam245_w6,132,0.0
cam245_w6,133,0.0
cam245_w6,134,0.0
cam245_w6,135,0.0
cam245_w6,136,0.0
cam245_w6,137,0.005357142857142857
cam245_w6,138,0.0
cam245_w6,139,0.0
cam245_w6,140,0.0
cam245_w6,141,0.020535714285714286
cam245_w6,142,0.04732142857142857
cam245_w6,143,0.009821428571428571
cam245_w6,144,0.0
cam245_w6,145,0.007142857142857143
cam245_w6,146,0.0017857142857142857
cam245_w6,147,0.0
cam245_w6,148,0.0
cam245_w6,149,0.0
cam245_w6,150,0.0
cam245_w6,151,0.005560704355885079
cam245_w6,152,0.0
cam245_w6,153,0.0
cam245_w6,154,0.0
cam245_w6,155,0.0
cam245_w6,156,0.0
cam245_w6,157,0.0
cam245_w6,158,0.0
cam245_w6,159,0.0009267840593141798
cam245_w6,160,0.0
cam245_w6,161,0.0
cam245_w6,162,0.0
cam245_w6,163,0.0
cam245_w6,164,0.0
cam245_w6,165,0.0
cam245_w6,166,0.0
cam245_w6,167,0.0
cam245_w6,168,0.0
cam245_w6,169,0.006487488415199258
cam245_w6,170,0.025949953660797033
cam245_w6,171,0.013901760889712697
cam245_w6,172,0.07970342910101946
cam245_w6,173,0.07228915662650602
cam245_w6,174,0.2594995366079703
cam245_w6,175,0.2873030583873957
cam245_w6,176,0.2381835032437442
cam245_w6,177,0.2205746061167748
cam245_w6,178,0.25764596848934196
cam245_w6,179,0.21316033364226136
cam245_w6,180,0.14272474513438368
cam245_w6,181,0.2196478220574606
cam245_w6,182,0.10843373493975904
cam245_w6,183,0.15848007414272475
cam245_w6,184,0.0917516218721038
cam245_w6,185,0.19184430027803523
cam245_w6,186,0.35217794253938833
cam245_w6,187,0.04355885078776645
cam245_w6,188,0.08619091751621873
cam245_w6,189,0.06765523632993513
cam245_w6,190,0.21316033364226136
cam245_w6,191,0.3382761816496756
cam245_w6,192,0.0037071362372567192
cam245_w6,193,0.05097312326227989
cam245_w6,194,0.0074142724745134385
cam245_w6,195,0.021316033364226137
cam245_w6,196,0.019462465245597776
cam245_w6,197,0.019462465245597776
cam245_w6,198,0.024096385542168676
cam245_w6,199,0.06950880444856349
cam245_w6,200,0.016682113067655237
cam245_w6,201,0.006487488415199258
cam245_w6,202,0.0
cam245_w6,203,0.0
cam245_w6,204,0.0037071362372567192
cam245_w6,205,0.0
cam245_w6,206,0.0018535681186283596
cam245_w6,207,0.0
cam245_w6,208,0.0
cam245_w6,209,0.0
cam245_w6,210,0.0027803521779425394
cam245_w6,211,0.0
cam245_w6,212,0.0
cam245_w6,213,0.0
cam245_w6,214,0.006487488415199258
cam245_w6,215,0.0009267840593141798
cam245_w6,216,0.017608897126969416
cam245_w6,217,0.0074142724745134385
cam245_w6,218,0.028730305838739572
cam245_w6,219,0.0037071362372567192
cam245_w6,220,0.008341056533827619
cam245_w6,221,0.016682113067655237
cam245_w6,222,0.0
cam245_w6,223,0.0
cam245_w6,224,0.0
cam245_w6,225,0.0
cam245_w6,226,0.0
cam245_w6,227,0.0
cam245_w6,228,0.0
cam245_w6,229,0.0
cam245_w6,230,0.0
cam245_w6,231,0.0
cam245_w6,232,0.0
cam245_w6,233,0.0
cam245_w6,234,0.0
cam245_w6,235,0.022172949002217297
cam245_w6,236,0.0
cam245_w6,237,0.09830007390983
cam245_w6,238,0.30007390983000737
cam245_w6,239,0.15521064301552107
cam245_w6,240,0.082039911308204
cam245_w6,241,0.14929785661492978
cam245_w6,242,0.14042867701404288
cam245_w6,243,0.028085735402808575
cam245_w6,244,0.05543237250554324
cam245_w6,245,0.09386548410938655
cam245_w6,246,0.16925351071692535
cam245_w6,247,0.031042128603104215
cam245_w6,248,0.08869179600886919
cam245_w6,249,0.16038433111603842
cam245_w6,250,0.21877309682187732
cam245_w6,251,0.022912047302291204
cam245_w6,252,0.082039911308204
cam245_w6,253,0.13155949741315595
cam245_w6,254,0.29637841832963785
cam245_w6,255,0.20620842572062084
cam245_w6,256,0.2749445676274945
cam245_w6,257,0.1670362158167036
cam245_w6,258,0.09682187730968218
cam245_w6,259,0.34146341463414637
cam245_w6,260,0.028085735402808575
cam245_w6,261,0.0679970436067997
cam245_w6,262,0.03917220990391722
cam245_w6,263,0.016260162601626018
cam245_w6,264,0.009608277900960829
cam245_w6,265,0.007390983000739098
cam245_w6,266,0.04286770140428677
cam245_w6,267,0.005912786400591279
cam245_w6,268,0.025129342202512936
cam245_w6,269,0.005173688100517369
cam245_w6,270,0.0007390983000739098
cam245_w6,271,0.08573540280857354
cam245_w6,272,0.007390983000739098
cam245_w6,273,0.005912786400591279
cam245_w6,274,0.0014781966001478197
cam245_w6,275,0.032520325203252036
cam245_w6,276,0.0
cam245_w6,277,0.011825572801182557
cam245_w6,278,0.014781966001478197
cam245_w6,279,0.05321507760532151
cam245_w6,280,0.17516629711751663
cam245_w6,281,0.1123429416112343
cam245_w6,282,0.44789356984478934
cam245_w6,283,0.028085735402808575
cam245_w6,284,0.026607538802660754
cam245_w6,285,0.027346637102734665
cam245_w6,286,0.030303030303030304
cam245_w6,287,0.04434589800443459
cam245_w6,288,0.0524759793052476
cam245_w6,289,0.0524759793052476
cam245_w6,290,0.025868440502586843
cam245_w6,291,0.005912786400591279
cam245_w6,292,0.090169992609017
cam245_w6,293,0.08721359940872137
cam245_w6,294,0.05395417590539542
cam245_w6,295,0.03325942350332594
cam245_w6,296,0.03695491500369549
cam245_w6,297,0.0
cam245_w6,298,0.0066518847006651885
cam245_w6,299,0.005912786400591279
cam245_w6,300,0.0
cam245_w6,301,0.0
cam245_w6,302,0.0
cam245_w6,303,0.0
cam245_w6,304,0.0
cam245_w6,305,0.0
cam245_w6,306,0.011289622231871473
cam245_w6,307,0.0008684324793747286
cam245_w6,308,0.0
cam245_w6,309,0.004776378636561007
cam245_w6,310,0.0026052974381241857
cam245_w6,311,0.0004342162396873643
cam245_w6,312,0.006947459834997829
cam245_w6,313,0.008250108554059922
cam245_w6,314,0.0034737299174989146
cam245_w6,315,0.0013026487190620929
cam245_w6,316,0.04168475900998697
cam245_w6,317,0.015631784628745114
cam245_w6,318,0.11289622231871473
cam245_w6,319,0.09465914025184542
cam245_w6,320,0.05948762483716891
cam245_w6,321,0.0924880590534086
cam245_w6,322,0.04950065132435953
cam245_w6,323,0.09465914025184542
cam245_w6,324,0.12983065566652194
cam245_w6,325,0.03821102909248806
cam245_w6,326,0.03386886669561442
cam245_w6,327,0.07381676074685194
cam245_w6,328,0.055145462440295265
cam245_w6,329,0.053842813721233174
cam245_w6,330,0.13764654798089448
cam245_w6,331,0.15023881893182806
cam245_w6,332,0.08206686930091185
cam245_w6,333,0.04342162396873643
cam245_w6,334,0.11202778983933999
cam245_w6,335,0.19669995657837602
cam245_w6,336,0.08554059921841077
cam245_w6,337,0.1984368215371255
cam245_w6,338,0.04689535388623534
cam245_w6,339,0.17455492835432046
cam245_w6,340,0.1511072514112028
cam245_w6,341,0.06773773339122884
cam245_w6,342,0.1715154146765089
cam245_w6,343,0.23187147199305255
cam245_w6,344,0.1328701693443335
cam245_w6,345,0.059053408597481545
cam245_w6,346,0.15240990013026487
cam245_w6,347,0.0026052974381241857
cam245_w6,348,0.01693443334780721
cam245_w6,349,0.020842379504993486
cam245_w6,350,0.04776378636561007
cam245_w6,351,0.053842813721233174
cam245_w6,352,0.049066435084672164
cam245_w6,353,0.03907946157186279
cam245_w6,354,0.04732957012592271
cam245_w6,355,0.060356057316543636
cam245_w6,356,0.03734259661311333
cam245_w6,357,0.08076422058184976
cam245_w6,358,0.1593573599652627
cam245_w6,359,0.13677811550151975
cam245_w6,360,0.12592270950933565
cam245_w6,361,0.19018671298306555
cam245_w6,362,0.21189752496743378
cam245_w6,363,0.22926617455492834
cam245_w6,364,0.08771168041684758
cam245_w6,365,0.02735562310030395
cam245_w6,366,0.1849761181068172
cam245_w6,367,0.0243161094224924
cam245_w6,368,0.05644811115935736
cam245_w6,369,0.06469821971341728
cam245_w6,370,0.007815892314372557
cam245_w6,371,0.03213200173686496
cam245_w6,372,0.02735562310030395
cam245_w6,373,0.09596178897090751
cam245_w6,374,0.16456795484151107
cam245_w6,375,0.04298740772904907
cam302_w1,1,0.006269592476489028
cam302_w1,2,0.0
cam302_w1,3,0.0
cam302_w1,4,0.0
cam302_w1,5,0.0
cam302_w1,6,0.0
cam302_w1,7,0.0
cam302_w1,8,0.0
cam302_w1,9,0.0
cam302_w1,10,0.0219435736677116
cam302_w1,11,0.0020898641588296763
cam302_w1,12,0.0036572622779519333
cam302_w1,13,0.012016718913270637
cam302_w1,14,0.0
cam302_w1,15,0.02821316614420063
cam302_w1,16,0.2800417972831766
cam302_w1,17,0.0
cam302_w1,18,0.0
cam302_w1,19,0.06374085684430512
cam302_w1,20,0.109717868338558
cam302_w1,21,0.06426332288401254
cam302_w1,22,0.0
cam302_w1,23,0.2612330198537095
cam302_w1,24,0.0
cam302_w1,25,0.0
cam302_w1,26,0.0
cam302_w1,27,0.0073145245559038665
cam302_w1,28,0.0
cam302_w1,29,0.002612330198537095
cam302_w1,30,0.04649947753396029
cam302_w1,31,0.22936259143155696
cam302_w1,32,0.01044932079414838
cam302_w1,33,0.04179728317659352
cam302_w1,34,0.17972831765935215
cam302_w1,35,0.5501567398119123
cam302_w1,36,0.04231974921630094
cam302_w1,37,0.0005224660397074191
cam302_w1,38,0.013584117032392894
cam302_w1,39,0.008359456635318705
cam302_w1,40,0.022988505747126436
cam302_w1,41,0.0
cam302_w1,42,0.00522466039707419
cam302_w1,43,0.024555903866248695
cam302_w1,44,0.009404388714733543
cam302_w1,45,0.014106583072100314
cam302_w1,46,0.0
cam302_w1,47,0.013584117032392894
cam302_w1,48,0.003134796238244514
cam302_w1,49,0.02037617554858934
cam302_w1,50,0.0
cam302_w1,51,0.0
cam302_w1,52,0.024033437826541274
cam302_w1,53,0.05956112852664577
cam302_w1,54,0.21839080459770116
cam302_w1,55,0.04806687565308255
cam302_w1,56,0.4754440961337513
cam302_w1,57,0.08568443051201671
cam302_w1,58,0.3281086729362591
cam302_w1,59,0.23563218390804597
cam302_w1,60,0.47074190177638453
cam302_w1,61,0.034482758620689655
cam302_w1,62,0.024555903866248695
cam302_w1,63,0.003134796238244514
cam302_w1,64,0.06165099268547544
cam302_w1,65,0.06426332288401254
cam302_w1,66,0.23772204806687566
cam302_w1,67,0.3213166144200627
cam302_w1,68,0.49111807732497387
cam302_w1,69,0.38035527690700105
cam302_w1,70,0.0109717868338558
cam302_w1,71,0.041274817136886105
cam302_w1,72,0.044409613375130615
cam302_w1,73,0.025600835945663532
cam302_w1,74,0.006269592476489028
cam302_w1,75,0.0
cam302_w1,76,0.0
cam302_w1,77,0.0
cam302_w1,78,0.0
cam302_w1,79,0.0
cam302_w1,80,0.0
cam302_w1,81,0.0
cam302_w1,82,0.0
cam302_w1,83,0.0
cam302_w1,84,0.0
cam302_w1,85,0.0
cam302_w1,86,0.22677824267782426
cam302_w1,87,0.0803347280334728
cam302_w1,88,0.0
cam302_w1,89,0.0
cam302_w1,90,0.0
cam302_w1,91,0.00502092050209205
cam302_w1,92,0.0
cam302_w1,93,0.0
cam302_w1,94,0.23514644351464434
cam302_w1,95,0.2820083682008368
cam302_w1,96,0.44602510460251044
cam302_w1,97,0.059414225941422594
cam302_w1,98,0.3832635983263598
cam302_w1,99,0.302928870292887
cam302_w1,100,0.0
cam302_w1,101,0.0
cam302_w1,102,0.0
cam302_w1,103,0.0008368200836820083
cam302_w1,104,0.0
cam302_w1,105,0.005857740585774059
cam302_w1,106,0.08368200836820083
cam302_w1,107,0.16150627615062763
cam302_w1,108,0.06192468619246862
cam302_w1,109,0.497071129707113
cam302_w1,110,0.8192468619246862
cam302_w1,111,0.7665271966527196
cam302_w1,112,0.5899581589958159
cam302_w1,113,0.6569037656903766
cam302_w1,114,0.1096234309623431
cam302_w1,115,0.016736401673640166
cam302_w1,116,0.0200836820083682
cam302_w1,117,0.002510460251046025
cam302_w1,118,0.02092050209205021
cam302_w1,119,0.0
cam302_w1,120,0.016736401673640166
cam302_w1,121,0.34393305439330546
cam302_w1,122,0.031799163179916316
cam302_w1,123,0.37656903765690375
cam302_w1,124,0.7112970711297071
cam302_w1,125,0.6142259414225941
cam302_w1,126,0.17573221757322174
cam302_w1,127,0.2485355648535565
cam302_w1,128,0.0602510460251046
cam302_w1,129,0.17154811715481172
cam302_w1,130,0.12217573221757322
cam302_w1,131,0.34309623430962344
cam302_w1,132,0.12719665271966527
cam302_w1,133,0.0
cam302_w1,134,0.0
cam302_w1,135,0.0
cam302_w1,136,0.0016736401673640166
cam302_w1,137,0.0
cam302_w1,138,0.0
cam302_w1,139,0.0
cam302_w1,140,0.0
cam302_w1,141,0.0
cam302_w1,142,0.0
cam302_w1,143,0.029288702928870293
cam302_w1,144,0.0066945606694560665
cam302_w1,145,0.015899581589958158
cam302_w1,146,0.00502092050209205
cam302_w1,147,0.0100418410041841
cam302_w1,148,0.0
cam302_w1,149,0.0
cam302_w1,150,0.0
cam302_w1,151,0.0
cam302_w1,152,0.0
cam302_w1,153,0.0
cam302_w1,154,0.0
cam302_w1,155,0.0
cam302_w1,156,0.0
cam302_w1,157,0.0017376194613379669
cam302_w1,158,0.0
cam302_w1,159,0.0
cam302_w1,160,0.0026064291920069507
cam302_w1,161,0.0
cam302_w1,162,0.0
cam302_w1,163,0.0
cam302_w1,164,0.0
cam302_w1,165,0.0
cam302_w1,166,0.004344048653344918
cam302_w1,167,0.0
cam302_w1,168,0.0026064291920069507
cam302_w1,169,0.0
cam302_w1,170,0.0
cam302_w1,171,0.0
cam302_w1,172,0.0026064291920069507
cam302_w1,173,0.021720243266724587
cam302_w1,174,0.019113814074717638
cam302_w1,175,0.046046915725456126
cam302_w1,176,0.06602953953084274
cam302_w1,177,0.12423979148566464
cam302_w1,178,0.029539530842745437
cam302_w1,179,0.1998262380538662
cam302_w1,180,0.07211120764552563
cam302_w1,181,0.11989574283231973
cam302_w1,182,0.18245004344048654
cam302_w1,183,0.3805386620330148
cam302_w1,184,0.32754126846220677
cam302_w1,185,0.24847958297132927
cam302_w1,186,0.32841007819287577
cam302_w1,187,0.01216333622936577
cam302_w1,188,0.04778453518679409
cam302_w1,189,0.02693310165073849
cam302_w1,190,0.06689834926151172
cam302_w1,191,0.20330147697654213
cam302_w1,192,0.21025195482189402
cam302_w1,193,0.11642050390964379
cam302_w1,194,0.3779322328410078
cam302_w1,195,0.18679409209383144
cam302_w1,196,0.03475238922675934
cam302_w1,197,0.01737619461337967
cam302_w1,198,0.004344048653344918
cam302_w1,199,0.016507384882710686
cam302_w1,200,0.0017376194613379669
cam302_w1,201,0.0
cam302_w1,202,0.0
cam302_w1,203,0.0017376194613379669
cam302_w1,204,0.022589052997393572
cam302_w1,205,0.03301476976542137
cam302_w1,206,0.006081668114682885
cam302_w1,207,0.10165073848827107
cam302_w1,208,0.07645525629887055
cam302_w1,209,0.03475238922675934
cam302_w1,210,0.0
cam302_w1,211,0.05386620330147698
cam302_w1,212,0.01737619461337967
cam302_w1,213,0.0
cam302_w1,214,0.0034752389226759338
cam302_w1,215,0.01216333622936577
cam302_w1,216,0.006081668114682885
cam302_w1,217,0.1103388357949609
cam302_w1,218,0.014769765421372719
cam302_w1,219,0.08514335360556038
cam302_w1,220,0.0034752389226759338
cam302_w1,221,0.004344048653344918
cam302_w1,222,0.0
cam302_w1,223,0.008688097306689836
cam302_w1,224,0.0
cam302_w1,225,0.0
cam302_w1,226,0.0
cam302_w1,227,0.0
cam302_w1,228,0.0
cam302_w1,229,0.0
cam302_w1,230,0.0007017543859649122
cam302_w1,231,0.00631578947368421
cam302_w1,232,0.0
cam302_w1,233,0.0
cam302_w1,234,0.007017543859649123
cam302_w1,235,0.0077192982456140355
cam302_w1,236,0.0
cam302_w1,237,0.021052631578947368
cam302_w1,238,0.02666666666666667
cam302_w1,239,0.06736842105263158
cam302_w1,240,0.004912280701754386
cam302_w1,241,0.021052631578947368
cam302_w1,242,0.09473684210526316
cam302_w1,243,0.15859649122807018
cam302_w1,244,0.3480701754385965
cam302_w1,245,0.383859649122807
cam302_w1,246,0.22807017543859648
cam302_w1,247,0.5677192982456141
cam302_w1,248,0.00631578947368421
cam302_w1,249,0.1656140350877193
cam302_w1,250,0.21894736842105264
cam302_w1,251,0.16771929824561405
cam302_w1,252,0.19649122807017544
cam302_w1,253,0.11789473684210526
cam302_w1,254,0.037894736842105266
cam302_w1,255,0.029473684210526315
cam302_w1,256,0.0007017543859649122
cam302_w1,257,0.028070175438596492
cam302_w1,258,0.06947368421052631
cam302_w1,259,0.005614035087719298
cam302_w1,260,0.03929824561403509
cam302_w1,261,0.09263157894736843
cam302_w1,262,0.03368421052631579
cam302_w1,263,0.12140350877192982
cam302_w1,264,0.05894736842105263
cam302_w1,265,0.05543859649122807
cam302_w1,266,0.0343859649122807
cam302_w1,267,0.07929824561403509
cam302_w1,268,0.018947368421052633
cam302_w1,269,0.11929824561403508
cam302_w1,270,0.09473684210526316
cam302_w1,271,0.2785964912280702
cam302_w1,272,0.11017543859649123
cam302_w1,273,0.3094736842105263
cam302_w1,274,0.0007017543859649122
cam302_w1,275,0.04491228070175438
cam302_w1,276,0.09403508771929825
cam302_w1,277,0.09333333333333334
cam302_w1,278,0.03298245614035088
cam302_w1,279,0.028070175438596492
cam302_w1,280,0.018947368421052633
cam302_w1,281,0.030877192982456142
cam302_w1,282,0.20912280701754385
cam302_w1,283,0.013333333333333334
cam302_w1,284,0.02736842105263158
cam302_w1,285,0.09403508771929825
cam302_w1,286,0.07017543859649122
cam302_w1,287,0.011929824561403509
cam302_w1,288,0.03368421052631579
cam302_w1,289,0.047017543859649125
cam302_w1,290,0.05052631578947368
cam302_w1,291,0.030877192982456142
cam302_w1,292,0.028771929824561403
cam302_w1,293,0.056140350877192984
cam302_w1,294,0.00631578947368421
cam302_w1,295,0.11649122807017544
cam302_w1,296,0.017543859649122806
cam302_w1,297,0.004210526315789474
cam302_w1,298,0.023859649122807018
cam302_w1,299,0.009824561403508772
cam302_w1,300,0.0
cam302_w1,301,0.0026052974381241857
cam302_w1,302,0.0034737299174989146
cam302_w1,303,0.0
cam302_w1,304,0.0
cam302_w1,305,0.0004342162396873643
cam302_w1,306,0.0
cam302_w1,307,0.0
cam302_w1,308,0.0017368649587494573
cam302_w1,309,0.0004342162396873643
cam302_w1,310,0.006947459834997829
cam302_w1,311,0.0013026487190620929
cam302_w1,312,0.0034737299174989146
cam302_w1,313,0.009552757273122015
cam302_w1,314,0.0021710811984368217
cam302_w1,315,0.010855405992184108
cam302_w1,316,0.0013026487190620929
cam302_w1,317,0.04559270516717325
cam302_w1,318,0.021710811984368215
cam302_w1,319,0.04342162396873643
cam302_w1,320,0.03256621797655232
cam302_w1,321,0.04168475900998697
cam302_w1,322,0.15631784628745116
cam302_w1,323,0.1450282240555797
cam302_w1,324,0.15892314372557534
cam302_w1,325,0.09683022145028224
cam302_w1,326,0.08467216673903603
cam302_w1,327,0.20755536257056015
cam302_w1,328,0.19148936170212766
cam302_w1,329,0.054277029960920535
cam302_w1,330,0.11159357359965262
cam302_w1,331,0.11289622231871473
cam302_w1,332,0.23013460703430308
cam302_w1,333,0.23795049934867565
cam302_w1,334,0.3009118541033435
cam302_w1,335,0.33955709943551887
cam302_w1,336,0.08814589665653495
cam302_w1,337,0.2596613113330439
cam302_w1,338,0.17498914459400783
cam302_w1,339,0.3148067737733391
cam302_w1,340,0.2396873643074251
cam302_w1,341,0.1511072514112028
cam302_w1,342,0.2127659574468085
cam302_w1,343,0.3586626139817629
cam302_w1,344,0.13851498046026922
cam302_w1,345,0.2214502822405558
cam302_w1,346,0.3590968302214503
cam302_w1,347,0.5544941380807642
cam302_w1,348,0.21320017368649588
cam302_w1,349,0.30351715154146763
cam302_w1,350,0.2978723404255319
cam302_w1,351,0.2996092053842814
cam302_w1,352,0.30308293530178027
cam302_w1,353,0.2275293095961789
cam302_w1,354,0.2917933130699088
cam302_w1,355,0.4090316977854972
cam302_w1,356,0.47242726877985236
cam302_w1,357,0.33651758575770735
cam302_w1,358,0.3260963960052106
cam302_w1,359,0.35605731654363876
cam302_w1,360,0.054277029960920535
cam302_w1,361,0.02822405557967868
cam302_w1,362,0.0017368649587494573
cam302_w1,363,0.026921406860616587
cam302_w1,364,0.061658706035605734
cam302_w1,365,0.055145462440295265
cam302_w1,366,0.21927920104211898
cam302_w1,367,0.6061658706035605
cam302_w1,368,0.04993486756404689
cam302_w1,369,0.09465914025184542
cam302_w1,370,0.10811984368215372
cam302_w1,371,0.11159357359965262
cam302_w1,372,0.09596178897090751
cam302_w1,373,0.1762917933130699
cam302_w1,374,0.19366044290056447
cam302_w1,375,0.3469387755102041
cam302_w2,1,0.0
cam302_w2,2,0.0
cam302_w2,3,0.001148105625717566
cam302_w2,4,0.0
cam302_w2,5,0.0
cam302_w2,6,0.0
cam302_w2,7,0.0
cam302_w2,8,0.0
cam302_w2,9,0.0
cam302_w2,10,0.0
cam302_w2,11,0.020091848450057407
cam302_w2,12,0.001722158438576349
cam302_w2,13,0.007462686567164179
cam302_w2,14,0.21469575200918484
cam302_w2,15,0.04305396096440873
cam302_w2,16,0.05797933409873708
cam302_w2,17,0.004018369690011481
cam302_w2,18,0.009184845005740528
cam302_w2,19,0.0
cam302_w2,20,0.0
cam302_w2,21,0.01894374282433984
cam302_w2,22,0.01894374282433984
cam302_w2,23,0.11538461538461539
cam302_w2,24,0.1549942594718714
cam302_w2,25,0.1148105625717566
cam302_w2,26,0.014351320321469576
cam302_w2,27,0.5993111366245695
cam302_w2,28,0.06601607347876004
cam302_w2,29,0.045924225028702644
cam302_w2,30,0.03960964408725603
cam302_w2,31,0.010907003444316877
cam302_w2,32,0.060849598163030996
cam302_w2,33,0.38633754305396095
cam302_w2,34,0.05568312284730195
cam302_w2,35,0.14006888633754305
cam302_w2,36,0.001148105625717566
cam302_w2,37,0.08208955223880597
cam302_w2,38,0.12571756601607348
cam302_w2,39,0.08725602755453502
cam302_w2,40,0.23421354764638347
cam302_w2,41,0.012055109070034443
cam302_w2,42,0.04075774971297359
cam302_w2,43,0.09701492537313433
cam302_w2,44,0.07060849598163031
cam302_w2,45,0.09012629161882893
cam302_w2,46,0.22502870264064295
cam302_w2,47,0.04822043628013777
cam302_w2,48,0.05223880597014925
cam302_w2,49,0.01951779563719862
cam302_w2,50,0.1285878300803674
cam302_w2,51,0.1549942594718714
cam302_w2,52,0.6572904707233066
cam302_w2,53,0.5424799081515499
cam302_w2,54,0.8025258323765786
cam302_w2,55,0.338691159586682
cam302_w2,56,0.41274397244546496
cam302_w2,57,0.2634902411021814
cam302_w2,58,0.11079219288174512
cam302_w2,59,0.03903559127439724
cam302_w2,60,0.005166475315729047
cam302_w2,61,0.004018369690011481
cam302_w2,62,0.004018369690011481
cam302_w2,63,0.0
cam302_w2,64,0.0
cam302_w2,65,0.014925373134328358
cam302_w2,66,0.04247990815154994
cam302_w2,67,0.0
cam302_w2,68,0.040183696900114814
cam302_w2,69,0.03731343283582089
cam302_w2,70,0.001148105625717566
cam302_w2,71,0.0
cam302_w2,72,0.002296211251435132
cam302_w2,73,0.0
cam302_w2,74,0.0
cam302_w2,75,0.0
cam302_w2,76,0.0
cam302_w2,77,0.0
cam302_w2,78,0.0
cam302_w2,79,0.0
cam302_w2,80,0.0
cam302_w2,81,0.0
cam302_w2,82,0.0
cam302_w2,83,0.0
cam302_w2,84,0.05593220338983051
cam302_w2,85,0.05084745762711865
cam302_w2,86,0.009322033898305085
cam302_w2,87,0.0
cam302_w2,88,0.006779661016949152
cam302_w2,89,0.0
cam302_w2,90,0.0
cam302_w2,91,0.04406779661016949
cam302_w2,92,0.009322033898305085
cam302_w2,93,0.0
cam302_w2,94,0.012711864406779662
cam302_w2,95,0.038135593220338986
cam302_w2,96,0.34915254237288135
cam302_w2,97,0.39915254237288134
cam302_w2,98,0.09067796610169492
cam302_w2,99,0.3423728813559322
cam302_w2,100,0.31610169491525425
cam302_w2,101,0.4076271186440678
cam302_w2,102,0.6008474576271187
cam302_w2,103,0.0
cam302_w2,104,0.0
cam302_w2,105,0.12457627118644068
cam302_w2,106,0.2593220338983051
cam302_w2,107,0.04152542372881356
cam302_w2,108,0.0
cam302_w2,109,0.0
cam302_w2,110,0.0
cam302_w2,111,0.002542372881355932
cam302_w2,112,0.022033898305084745
cam302_w2,113,0.007627118644067797
cam302_w2,114,0.001694915254237288
cam302_w2,115,0.001694915254237288
cam302_w2,116,0.003389830508474576
cam302_w2,117,0.010169491525423728
cam302_w2,118,0.025423728813559324
cam302_w2,119,0.02457627118644068
cam302_w2,120,0.0
cam302_w2,121,0.0
cam302_w2,122,0.007627118644067797
cam302_w2,123,0.19491525423728814
cam302_w2,124,0.16864406779661018
cam302_w2,125,0.5432203389830509
cam302_w2,126,0.4542372881355932
cam302_w2,127,0.11949152542372882
cam302_w2,128,0.5322033898305085
cam302_w2,129,0.0
cam302_w2,130,0.016101694915254237
cam302_w2,131,0.0
cam302_w2,132,0.0
cam302_w2,133,0.0
cam302_w2,134,0.001694915254237288
cam302_w2,135,0.030508474576271188
cam302_w2,136,0.0
cam302_w2,137,0.000847457627118644
cam302_w2,138,0.00423728813559322
cam302_w2,139,0.0
cam302_w2,140,0.0
cam302_w2,141,0.000847457627118644
cam302_w2,142,0.003389830508474576
cam302_w2,143,0.043220338983050846
cam302_w2,144,0.06864406779661017
cam302_w2,145,0.02457627118644068
cam302_w2,146,0.0
cam302_w2,147,0.005084745762711864
cam302_w2,148,0.0
cam302_w2,149,0.0
cam302_w2,150,0.0
cam302_w2,151,0.0
cam302_w2,152,0.0
cam302_w2,153,0.0
cam302_w2,154,0.006081668114682885
cam302_w2,155,0.0
cam302_w2,156,0.0
cam302_w2,157,0.0
cam302_w2,158,0.0
cam302_w2,159,0.0
cam302_w2,160,0.0
cam302_w2,161,0.0
cam302_w2,162,0.0
cam302_w2,163,0.0
cam302_w2,164,0.0
cam302_w2,165,0.03475238922675934
cam302_w2,166,0.01737619461337967
cam302_w2,167,0.10860121633362294
cam302_w2,168,0.18853171155516943
cam302_w2,169,0.4152910512597741
cam302_w2,170,0.20417028670721113
cam302_w2,171,0.07558644656820157
cam302_w2,172,0.004344048653344918
cam302_w2,173,0.0999131190269331
cam302_w2,174,0.05039096437880104
cam302_w2,175,0.314509122502172
cam302_w2,176,0.015638575152041704
cam302_w2,177,0.004344048653344918
cam302_w2,178,0.020851433536055605
cam302_w2,179,0.22589052997393572
cam302_w2,180,0.15377932232841007
cam302_w2,181,0.34317984361424847
cam302_w2,182,0.8496959165942659
cam302_w2,183,0.8132059079061685
cam302_w2,184,0.5447437011294527
cam302_w2,185,0.30929626411815814
cam302_w2,186,0.051259774109470024
cam302_w2,187,0.0
cam302_w2,188,0.0
cam302_w2,189,0.011294526498696786
cam302_w2,190,0.0
cam302_w2,191,0.0
cam302_w2,192,0.0
cam302_w2,193,0.0026064291920069507
cam302_w2,194,0.0
cam302_w2,195,0.0069504778453518675
cam302_w2,196,0.0
cam302_w2,197,0.015638575152041704
cam302_w2,198,0.0
cam302_w2,199,0.0
cam302_w2,200,0.0
cam302_w2,201,0.0
cam302_w2,202,0.006081668114682885
cam302_w2,203,0.0017376194613379669
cam302_w2,204,0.0
cam302_w2,205,0.0
cam302_w2,206,0.0026064291920069507
cam302_w2,207,0.0034752389226759338
cam302_w2,208,0.0008688097306689834
cam302_w2,209,0.02780191138140747
cam302_w2,210,0.0
cam302_w2,211,0.0
cam302_w2,212,0.0034752389226759338
cam302_w2,213,0.016507384882710686
cam302_w2,214,0.03909643788010426
cam302_w2,215,0.060816681146828845
cam302_w2,216,0.04691572545612511
cam302_w2,217,0.20330147697654213
cam302_w2,218,0.16420503909643788
cam302_w2,219,0.016507384882710686
cam302_w2,220,0.030408340573414423
cam302_w2,221,0.06602953953084274
cam302_w2,222,0.0017376194613379669
cam302_w2,223,0.0
cam302_w2,224,0.0
cam302_w2,225,0.0
cam302_w2,226,0.0
cam302_w2,227,0.0
cam302_w2,228,0.0
cam302_w2,229,0.0
cam302_w2,230,0.0007087172218284905
cam302_w2,231,0.0
cam302_w2,232,0.0
cam302_w2,233,0.0
cam302_w2,234,0.0
cam302_w2,235,0.007795889440113395
cam302_w2,236,0.002126151665485471
cam302_w2,237,0.021970233876683204
cam302_w2,238,0.010630758327427357
cam302_w2,239,0.010630758327427357
cam302_w2,240,0.014883061658398299
cam302_w2,241,0.0
cam302_w2,242,0.019844082211197732
cam302_w2,243,0.019844082211197732
cam302_w2,244,0.029766123316796598
cam302_w2,245,0.011339475549255847
cam302_w2,246,0.05386250885896527
cam302_w2,247,0.13536498936924168
cam302_w2,248,0.10063784549964565
cam302_w2,249,0.20978029766123316
cam302_w2,250,0.2523033309709426
cam302_w2,251,0.5315379163713678
cam302_w2,252,0.5272856130403969
cam302_w2,253,0.1927710843373494
cam302_w2,254,0.4025513819985826
cam302_w2,255,0.11268603827072998
cam302_w2,256,0.05386250885896527
cam302_w2,257,0.0
cam302_w2,258,0.01913536498936924
cam302_w2,259,0.042523033309709427
cam302_w2,260,0.003543586109142452
cam302_w2,261,0.0
cam302_w2,262,0.010630758327427357
cam302_w2,263,0.010630758327427357
cam302_w2,264,0.01842664776754075
cam302_w2,265,0.03401842664776754
cam302_w2,266,0.021970233876683204
cam302_w2,267,0.058114812189936214
cam302_w2,268,0.06236711552090716
cam302_w2,269,0.01913536498936924
cam302_w2,270,0.073706591070163
cam302_w2,271,0.0
cam302_w2,272,0.004252303330970942
cam302_w2,273,0.024805102763997167
cam302_w2,274,0.004961020552799433
cam302_w2,275,0.001417434443656981
cam302_w2,276,0.021970233876683204
cam302_w2,277,0.0
cam302_w2,278,0.002126151665485471
cam302_w2,279,0.008504606661941885
cam302_w2,280,0.0885896527285613
cam302_w2,281,0.001417434443656981
cam302_w2,282,0.07583274273564848
cam302_w2,283,0.05102763997165131
cam302_w2,284,0.0815024805102764
cam302_w2,285,0.007795889440113395
cam302_w2,286,0.0
cam302_w2,287,0.0
cam302_w2,288,0.021970233876683204
cam302_w2,289,0.011339475549255847
cam302_w2,290,0.0
cam302_w2,291,0.05244507441530829
cam302_w2,292,0.23316796598157336
cam302_w2,293,0.11197732104890148
cam302_w2,294,0.11835577604535791
cam302_w2,295,0.1913536498936924
cam302_w2,296,0.13111268603827073
cam302_w2,297,0.026931254429482635
cam302_w2,298,0.0063784549964564135
cam302_w2,299,0.0
cam302_w2,300,0.014883061658398299
cam302_w2,301,0.0
cam302_w2,302,0.0
cam302_w2,303,0.0
cam302_w2,304,0.0
cam302_w2,305,0.0
cam302_w2,306,0.0013026487190620929
cam302_w2,307,0.0008684324793747286
cam302_w2,308,0.00911854103343465
cam302_w2,309,0.022579244463742945
cam302_w2,310,0.011723838471558836
cam302_w2,311,0.058619192357794184
cam302_w2,312,0.0008684324793747286
cam302_w2,313,0.0021710811984368217
cam302_w2,314,0.03213200173686496
cam302_w2,315,0.03690838037342597
cam302_w2,316,0.058184976118106815
cam302_w2,317,0.015631784628745114
cam302_w2,318,0.03343465045592705
cam302_w2,319,0.19669995657837602
cam302_w2,320,0.13721233174120712
cam302_w2,321,0.15544941380807642
cam302_w2,322,0.09639600521059488
cam302_w2,323,0.05948762483716891
cam302_w2,324,0.0851063829787234
cam302_w2,325,0.1511072514112028
cam302_w2,326,0.2127659574468085
cam302_w2,327,0.08163265306122448
cam302_w2,328,0.5071645679548415
cam302_w2,329,0.26183239253148066
cam302_w2,330,0.14372557533651759
cam302_w2,331,0.35649153278332607
cam302_w2,332,0.2887537993920973
cam302_w2,333,0.20755536257056015
cam302_w2,334,0.11940946591402518
cam302_w2,335,0.10160660008684325
cam302_w2,336,0.0668693009118541
cam302_w2,337,0.08119843682153713
cam302_w2,338,0.13460703430308293
cam302_w2,339,0.03994789405123752
cam302_w2,340,0.19887103777681286
cam302_w2,341,0.011289622231871473
cam302_w2,342,0.05948762483716891
cam302_w2,343,0.19409465914025184
cam302_w2,344,0.09335649153278333
cam302_w2,345,0.17585757707338254
cam302_w2,346,0.20712114633087278
cam302_w2,347,0.13764654798089448
cam302_w2,348,0.08858011289622232
cam302_w2,349,0.08076422058184976
cam302_w2,350,0.09161962657403387
cam302_w2,351,0.14198871037776814
cam302_w2,352,0.26660877116804166
cam302_w2,353,0.11550151975683891
cam302_w2,354,0.12158054711246201
cam302_w2,355,0.03821102909248806
cam302_w2,356,0.289622231871472
cam302_w2,357,0.21623968736430743
cam302_w2,358,0.052974381241858444
cam302_w2,359,0.0668693009118541
cam302_w2,360,0.0486322188449848
cam302_w2,361,0.13764654798089448
cam302_w2,362,0.17585757707338254
cam302_w2,363,0.14242292661745548
cam302_w2,364,0.1741207121146331
cam302_w2,365,0.09900130264871906
cam302_w2,366,0.10204081632653061
cam302_w2,367,0.06904038211029093
cam302_w2,368,0.061224489795918366
cam302_w2,369,0.09292227529309596
cam302_w2,370,0.09943551888840643
cam302_w2,371,0.2236213634389926
cam302_w2,372,0.0377768128528007
cam302_w2,373,0.21493703864524533
cam302_w2,374,0.19366044290056447
cam302_w2,375,0.0486322188449848
cam302_w3,1,0.0024600246002460025
cam302_w3,2,0.0
cam302_w3,3,0.0
cam302_w3,4,0.12423124231242312
cam302_w3,5,0.0
cam302_w3,6,0.05842558425584256
cam302_w3,7,0.0
cam302_w3,8,0.16359163591635917
cam302_w3,9,0.0
cam302_w3,10,0.004305043050430504
cam302_w3,11,0.0
cam302_w3,12,0.0036900369003690036
cam302_w3,13,0.11193111931119311
cam302_w3,14,0.10824108241082411
cam302_w3,15,0.2693726937269373
cam302_w3,16,0.39544895448954487
cam302_w3,17,0.0
cam302_w3,18,0.05350553505535055
cam302_w3,19,0.1986469864698647
cam302_w3,20,0.45387453874538747
cam302_w3,21,0.07441574415744158
cam302_w3,22,0.0006150061500615006
cam302_w3,23,0.0
cam302_w3,24,0.0
cam302_w3,25,0.0036900369003690036
cam302_w3,26,0.08548585485854858
cam302_w3,27,0.0
cam302_w3,28,0.18327183271832717
cam302_w3,29,0.1998769987699877
cam302_w3,30,0.05412054120541206
cam302_w3,31,0.06765067650676507
cam302_w3,32,0.03013530135301353
cam302_w3,33,0.14145141451414514
cam302_w3,34,0.6728167281672817
cam302_w3,35,0.23800738007380073
cam302_w3,36,0.43357933579335795
cam302_w3,37,0.03013530135301353
cam302_w3,38,0.14760147601476015
cam302_w3,39,0.00984009840098401
cam302_w3,40,0.0
cam302_w3,41,0.0
cam302_w3,42,0.008610086100861008
cam302_w3,43,0.012915129151291513
cam302_w3,44,0.05719557195571956
cam302_w3,45,0.0
cam302_w3,46,0.013530135301353014
cam302_w3,47,0.03136531365313653
cam302_w3,48,0.00984009840098401
cam302_w3,49,0.07318573185731857
cam302_w3,50,0.12054120541205413
cam302_w3,51,0.008610086100861008
cam302_w3,52,0.08856088560885608
cam302_w3,53,0.003075030750307503
cam302_w3,54,0.14022140221402213
cam302_w3,55,0.003075030750307503
cam302_w3,56,0.02214022140221402
cam302_w3,57,0.06088560885608856
cam302_w3,58,0.35178351783517836
cam302_w3,59,0.4077490774907749
cam302_w3,60,0.09348093480934809
cam302_w3,61,0.02152521525215252
cam302_w3,62,0.028290282902829027
cam302_w3,63,0.15252152521525214
cam302_w3,64,0.013530135301353014
cam302_w3,65,0.03198031980319803
cam302_w3,66,0.06211562115621156
cam302_w3,67,0.07257072570725707
cam302_w3,68,0.032595325953259535
cam302_w3,69,0.17281672816728166
cam302_w3,70,0.017220172201722016
cam302_w3,71,0.025830258302583026
cam302_w3,72,0.027675276752767528
cam302_w3,73,0.0
cam302_w3,74,0.0
cam302_w3,75,0.0
cam302_w3,76,0.0
cam302_w3,77,0.0027803521779425394
cam302_w3,78,0.0
cam302_w3,79,0.0
cam302_w3,80,0.0
cam302_w3,81,0.0
cam302_w3,82,0.0
cam302_w3,83,0.0
cam302_w3,84,0.0
cam302_w3,85,0.0
cam302_w3,86,0.0
cam302_w3,87,0.13994439295644115
cam302_w3,88,0.008341056533827619
cam302_w3,89,0.14087117701575533
cam302_w3,90,0.13160333642261354
cam302_w3,91,0.04355885078776645
cam302_w3,92,0.014828544949026877
cam302_w3,93,0.07414272474513438
cam302_w3,94,0.0
cam302_w3,95,0.5597775718257646
cam302_w3,96,0.4411492122335496
cam302_w3,97,0.5171455050973123
cam302_w3,98,0.05838739573679333
cam302_w3,99,0.0639481000926784
cam302_w3,100,0.16682113067655235
cam302_w3,101,0.623725671918443
cam302_w3,102,0.0
cam302_w3,103,0.005560704355885079
cam302_w3,104,0.030583873957367932
cam302_w3,105,0.1835032437442076
cam302_w3,106,0.03985171455050973
cam302_w3,107,0.04819277108433735
cam302_w3,108,0.4392956441149212
cam302_w3,109,0.9054680259499537
cam302_w3,110,0.24374420759962928
cam302_w3,111,0.7377201112140871
cam302_w3,112,0.8924930491195552
cam302_w3,113,0.30120481927710846
cam302_w3,114,0.2891566265060241
cam302_w3,115,0.03521779425393883
cam302_w3,116,0.03243744207599629
cam302_w3,117,0.0
cam302_w3,118,0.09731232622798888
cam302_w3,119,0.037998146431881374
cam302_w3,120,0.23725671918443003
cam302_w3,121,0.16126042632066728
cam302_w3,122,0.2381835032437442
cam302_w3,123,0.31974050046339203
cam302_w3,124,0.12233549582947173
cam302_w3,125,0.48007414272474513
cam302_w3,126,0.7488415199258572
cam302_w3,127,0.25393883225208524
cam302_w3,128,0.49212233549582945
cam302_w3,129,0.6719184430027804
cam302_w3,130,0.40963855421686746
cam302_w3,131,0.3809082483781279
cam302_w3,132,0.0009267840593141798
cam302_w3,133,0.0
cam302_w3,134,0.05468025949953661
cam302_w3,135,0.0
cam302_w3,136,0.0
cam302_w3,137,0.0
cam302_w3,138,0.0
cam302_w3,139,0.0037071362372567192
cam302_w3,140,0.0
cam302_w3,141,0.0
cam302_w3,142,0.0
cam302_w3,143,0.05560704355885079
cam302_w3,144,0.1696014828544949
cam302_w3,145,0.009267840593141797
cam302_w3,146,0.0
cam302_w3,147,0.0
cam302_w3,148,0.0
cam302_w3,149,0.0
cam302_w3,150,0.0
cam302_w3,151,0.006487488415199258
cam302_w3,152,0.012974976830398516
cam302_w3,153,0.0
cam302_w3,154,0.0
cam302_w3,155,0.0009267840593141798
cam302_w3,156,0.025949953660797033
cam302_w3,157,0.026876737720111215
cam302_w3,158,0.0
cam302_w3,159,0.0
cam302_w3,160,0.0
cam302_w3,161,0.0
cam302_w3,162,0.020389249304911955
cam302_w3,163,0.04911955514365153
cam302_w3,164,0.03243744207599629
cam302_w3,165,0.027803521779425393
cam302_w3,166,0.1556997219647822
cam302_w3,167,0.2511584800741427
cam302_w3,168,0.3086190917516219
cam302_w3,169,0.10472659870250231
cam302_w3,170,0.026876737720111215
cam302_w3,171,0.030583873957367932
cam302_w3,172,0.1788693234476367
cam302_w3,173,0.18906394810009267
cam302_w3,174,0.11492122335495829
cam302_w3,175,0.08526413345690455
cam302_w3,176,0.029657089898053754
cam302_w3,177,0.005560704355885079
cam302_w3,178,0.04170528266913809
cam302_w3,179,0.1102873030583874
cam302_w3,180,0.16218721037998146
cam302_w3,181,0.5319740500463392
cam302_w3,182,0.7645968489341983
cam302_w3,183,0.4643188137164041
cam302_w3,184,0.4726598702502317
cam302_w3,185,0.47914735866543096
cam302_w3,186,0.7089898053753475
cam302_w3,187,0.1010194624652456
cam302_w3,188,0.20759962928637626
cam302_w3,189,0.7488415199258572
cam302_w3,190,0.8952734012974977
cam302_w3,191,0.4161260426320667
cam302_w3,192,0.8544949026876738
cam302_w3,193,0.49212233549582945
cam302_w3,194,0.016682113067655237
cam302_w3,195,0.047265987025023166
cam302_w3,196,0.05282669138090825
cam302_w3,197,0.08063021316033364
cam302_w3,198,0.0074142724745134385
cam302_w3,199,0.03614457831325301
cam302_w3,200,0.014828544949026877
cam302_w3,201,0.0
cam302_w3,202,0.0009267840593141798
cam302_w3,203,0.0
cam302_w3,204,0.037998146431881374
cam302_w3,205,0.020389249304911955
cam302_w3,206,0.0
cam302_w3,207,0.029657089898053754
cam302_w3,208,0.0
cam302_w3,209,0.0
cam302_w3,210,0.016682113067655237
cam302_w3,211,0.004633920296570899
cam302_w3,212,0.0
cam302_w3,213,0.0
cam302_w3,214,0.0
cam302_w3,215,0.0
cam302_w3,216,0.0037071362372567192
cam302_w3,217,0.033364226135310475
cam302_w3,218,0.03892493049119555
cam302_w3,219,0.0009267840593141798
cam302_w3,220,0.0
cam302_w3,221,0.021316033364226137
cam302_w3,222,0.0
cam302_w3,223,0.0
cam302_w3,224,0.0
cam302_w3,225,0.0
cam302_w3,226,0.0015105740181268882
cam302_w3,227,0.0
cam302_w3,228,0.0
cam302_w3,229,0.0
cam302_w3,230,0.0007552870090634441
cam302_w3,231,0.02416918429003021
cam302_w3,232,0.0
cam302_w3,233,0.0030211480362537764
cam302_w3,234,0.0
cam302_w3,235,0.01283987915407855
cam302_w3,236,0.012084592145015106
cam302_w3,237,0.04984894259818731
cam302_w3,238,0.02190332326283988
cam302_w3,239,0.01812688821752266
cam302_w3,240,0.030966767371601207
cam302_w3,241,0.04003021148036254
cam302_w3,242,0.07854984894259819
cam302_w3,243,0.09214501510574018
cam302_w3,244,0.00906344410876133
cam302_w3,245,0.033987915407854986
cam302_w3,246,0.17598187311178248
cam302_w3,247,0.11706948640483383
cam302_w3,248,0.12386706948640483
cam302_w3,249,0.04380664652567976
cam302_w3,250,0.24395770392749244
cam302_w3,251,0.2001510574018127
cam302_w3,252,0.2809667673716012
cam302_w3,253,0.3806646525679758
cam302_w3,254,0.009818731117824773
cam302_w3,255,0.0
cam302_w3,256,0.05664652567975831
cam302_w3,257,0.028700906344410877
cam302_w3,258,0.010574018126888218
cam302_w3,259,0.09441087613293052
cam302_w3,260,0.05664652567975831
cam302_w3,261,0.0188821752265861
cam302_w3,262,0.028700906344410877
cam302_w3,263,0.014350453172205438
cam302_w3,264,0.004531722054380665
cam302_w3,265,0.05060422960725076
cam302_w3,266,0.04003021148036254
cam302_w3,267,0.004531722054380665
cam302_w3,268,0.011329305135951661
cam302_w3,269,0.027190332326283987
cam302_w3,270,0.010574018126888218
cam302_w3,271,0.017371601208459216
cam302_w3,272,0.011329305135951661
cam302_w3,273,0.021148036253776436
cam302_w3,274,0.04607250755287009
cam302_w3,275,0.0634441087613293
cam302_w3,276,0.017371601208459216
cam302_w3,277,0.027190332326283987
cam302_w3,278,0.021148036253776436
cam302_w3,279,0.011329305135951661
cam302_w3,280,0.010574018126888218
cam302_w3,281,0.03700906344410876
cam302_w3,282,0.028700906344410877
cam302_w3,283,0.09214501510574018
cam302_w3,284,0.07250755287009064
cam302_w3,285,0.0256797583081571
cam302_w3,286,0.05362537764350453
cam302_w3,287,0.15181268882175228
cam302_w3,288,0.06797583081570997
cam302_w3,289,0.03851963746223565
cam302_w3,290,0.0
cam302_w3,291,0.0
cam302_w3,292,0.006797583081570997
cam302_w3,293,0.04682779456193353
cam302_w3,294,0.09818731117824774
cam302_w3,295,0.02945619335347432
cam302_w3,296,0.12311178247734139
cam302_w3,297,0.08836858006042296
cam302_w3,298,0.013595166163141994
cam302_w3,299,0.0030211480362537764
cam302_w3,300,0.005287009063444109
cam302_w3,301,0.0
cam302_w3,302,0.0034737299174989146
cam302_w3,303,0.0
cam302_w3,304,0.0008684324793747286
cam302_w3,305,0.0008684324793747286
cam302_w3,306,0.0021710811984368217
cam302_w3,307,0.0017368649587494573
cam302_w3,308,0.004776378636561007
cam302_w3,309,0.00303951367781155
cam302_w3,310,0.01910551454624403
cam302_w3,311,0.004776378636561007
cam302_w3,312,0.0972644376899696
cam302_w3,313,0.049066435084672164
cam302_w3,314,0.07685627442466349
cam302_w3,315,0.08336951801997394
cam302_w3,316,0.2066869300911854
cam302_w3,317,0.18541033434650456
cam302_w3,318,0.3191489361702128
cam302_w3,319,0.10030395136778116
cam302_w3,320,0.12158054711246201
cam302_w3,321,0.16847590099869736
cam302_w3,322,0.1788970907511941
cam302_w3,323,0.20755536257056015
cam302_w3,324,0.23100303951367782
cam302_w3,325,0.13156752062527138
cam302_w3,326,0.20495006513243597
cam302_w3,327,0.13590968302214504
cam302_w3,328,0.08727746417716023
cam302_w3,329,0.2948328267477204
cam302_w3,330,0.24272687798523665
cam302_w3,331,0.172818063395571
cam302_w3,332,0.12983065566652194
cam302_w3,333,0.18410768562744248
cam302_w3,334,0.12852800694745983
cam302_w3,335,0.3260963960052106
cam302_w3,336,0.23100303951367782
cam302_w3,337,0.1532783326096396
cam302_w3,338,0.2948328267477204
cam302_w3,339,0.28050369083803733
cam302_w3,340,0.355188884064264
cam302_w3,341,0.3295701259227095
cam302_w3,342,0.5015197568389058
cam302_w3,343,0.21450282240555796
cam302_w3,344,0.18193660442900564
cam302_w3,345,0.33608336951802
cam302_w3,346,0.3734259661311333
cam302_w3,347,0.4824142422926617
cam302_w3,348,0.14763352149370387
cam302_w3,349,0.3178462874511507
cam302_w3,350,0.32566217976552325
cam302_w3,351,0.14806773773339124
cam302_w3,352,0.5006513243595311
cam302_w3,353,0.08423795049934868
cam302_w3,354,0.03430308293530178
cam302_w3,355,0.13243595310464612
cam302_w3,356,0.12027789839339992
cam302_w3,357,0.1337386018237082
cam302_w3,358,0.08467216673903603
cam302_w3,359,0.0039079461571862786
cam302_w3,360,0.15892314372557534
cam302_w3,361,0.12852800694745983
cam302_w3,362,0.05340859748154581
cam302_w3,363,0.1558836300477638
cam302_w3,364,0.30004342162396874
cam302_w3,365,0.3651758575770734
cam302_w3,366,0.38384715588363005
cam302_w3,367,0.4607034303082935
cam302_w3,368,0.27702996092053844
cam302_w3,369,0.5084672166739036
cam302_w3,370,0.16847590099869736
cam302_w3,371,0.14198871037776814
cam302_w3,372,0.15240990013026487
cam302_w3,373,0.2127659574468085
cam302_w3,374,0.04559270516717325
cam302_w3,375,0.2496743378202345
cam302_w4,1,0.04843849585723391
cam302_w4,2,0.0
cam302_w4,3,0.0
cam302_w4,4,0.0
cam302_w4,5,0.0
cam302_w4,6,0.021032504780114723
cam302_w4,7,0.0
cam302_w4,8,0.0006373486297004461
cam302_w4,9,0.03441682600382409
cam302_w4,10,0.0025493945188017845
cam302_w4,11,0.07966857871255577
cam302_w4,12,0.23709369024856597
cam302_w4,13,0.502868068833652
cam302_w4,14,0.055449330783938815
cam302_w4,15,0.27214786488209053
cam302_w4,16,0.331421287444232
cam302_w4,17,0.6411727214786488
cam302_w4,18,0.17909496494582536
cam302_w4,19,0.19247928616953475
cam302_w4,20,0.5117909496494583
cam302_w4,21,0.8145315487571702
cam302_w4,22,0.3467176545570427
cam302_w4,23,0.6054811982154238
cam302_w4,24,0.01338432122370937
cam302_w4,25,0.0
cam302_w4,26,0.0019120458891013384
cam302_w4,27,0.06883365200764818
cam302_w4,28,0.1064372211599745
cam302_w4,29,0.22625876354365837
cam302_w4,30,0.08986615678776291
cam302_w4,31,0.07329509241555131
cam302_w4,32,0.555768005098789
cam302_w4,33,0.2625876354365838
cam302_w4,34,0.23581899298916506
cam302_w4,35,0.021032504780114723
cam302_w4,36,0.04206500956022945
cam302_w4,37,0.15551306564690887
cam302_w4,38,0.08030592734225621
cam302_w4,39,0.10197578075207138
cam302_w4,40,0.124282982791587
cam302_w4,41,0.4518801784576163
cam302_w4,42,0.19566602931803698
cam302_w4,43,0.1338432122370937
cam302_w4,44,0.17654557042702357
cam302_w4,45,0.07648183556405354
cam302_w4,46,0.017208413001912046
cam302_w4,47,0.0165710643722116
cam302_w4,48,0.039515615041427664
cam302_w4,49,0.0745697896749522
cam302_w4,50,0.061822817080943275
cam302_w4,51,0.024219247928616953
cam302_w4,52,0.009560229445506692
cam302_w4,53,0.07202039515615041
cam302_w4,54,0.02676864244741874
cam302_w4,55,0.13320586360739325
cam302_w4,56,0.124282982791587
cam302_w4,57,0.18164435946462715
cam302_w4,58,0.17463352453792225
cam302_w4,59,0.3753983428935628
cam302_w4,60,0.16507329509241556
cam302_w4,61,0.11026131293817719
cam302_w4,62,0.1975780752071383
cam302_w4,63,0.020395156150414276
cam302_w4,64,0.08221797323135756
cam302_w4,65,0.035691523263224986
cam302_w4,66,0.1408540471637986
cam302_w4,67,0.41937539834289356
cam302_w4,68,0.2855321861057999
cam302_w4,69,0.6233269598470363
cam302_w4,70,0.278521351179095
cam302_w4,71,0.11790949649458253
cam302_w4,72,0.012746972594008922
cam302_w4,73,0.022944550669216062
cam302_w4,74,0.038878266411727216
cam302_w4,75,0.0
cam302_w4,76,0.0
cam302_w4,77,0.0
cam302_w4,78,0.0
cam302_w4,79,0.0
cam302_w4,80,0.0
cam302_w4,81,0.0
cam302_w4,82,0.0
cam302_w4,83,0.0
cam302_w4,84,0.0
cam302_w4,85,0.11002661934338953
cam302_w4,86,0.0
cam302_w4,87,0.027506654835847383
cam302_w4,88,0.45075421472937
cam302_w4,89,0.05678793256433008
cam302_w4,90,0.0
cam302_w4,91,0.3336291038154392
cam302_w4,92,0.4986690328305235
cam302_w4,93,0.3513753327417924
cam302_w4,94,0.769299023957409
cam302_w4,95,0.3691215616681455
cam302_w4,96,0.17657497781721385
cam302_w4,97,0.17480035492457852
cam302_w4,98,0.03460514640638864
cam302_w4,99,0.37267080745341613
cam302_w4,100,0.007985803016858917
cam302_w4,101,0.4179236912156167
cam302_w4,102,0.4356699201419698
cam302_w4,103,0.7728482697426797
cam302_w4,104,0.6441881100266194
cam302_w4,105,0.015971606033717833
cam302_w4,106,0.8926353149955635
cam302_w4,107,0.5572315882874889
cam302_w4,108,0.9929015084294588
cam302_w4,109,0.5084294587400178
cam302_w4,110,0.8544809228039042
cam302_w4,111,0.4631765749778172
cam302_w4,112,0.09849157054125998
cam302_w4,113,0.6814551907719609
cam302_w4,114,0.6681455190771961
cam302_w4,115,0.04614019520851819
cam302_w4,116,0.0
cam302_w4,117,0.0008873114463176575
cam302_w4,118,0.006211180124223602
cam302_w4,119,0.08695652173913043
cam302_w4,120,0.00354924578527063
cam302_w4,121,0.05856255545696539
cam302_w4,122,0.805678793256433
cam302_w4,123,0.24578527062999111
cam302_w4,124,0.0
cam302_w4,125,0.0
cam302_w4,126,0.01064773735581189
cam302_w4,127,0.0
cam302_w4,128,0.0
cam302_w4,129,0.0
cam302_w4,130,0.0
cam302_w4,131,0.024844720496894408
cam302_w4,132,0.00709849157054126
cam302_w4,133,0.02040816326530612
cam302_w4,134,0.037267080745341616
cam302_w4,135,0.008873114463176575
cam302_w4,136,0.0
cam302_w4,137,0.0026619343389529724
cam302_w4,138,0.0
cam302_w4,139,0.00709849157054126
cam302_w4,140,0.0
cam302_w4,141,0.0
cam302_w4,142,0.0008873114463176575
cam302_w4,143,0.0417036379769299
cam302_w4,144,0.029281277728482696
cam302_w4,145,0.05678793256433008
cam302_w4,146,0.00709849157054126
cam302_w4,147,0.0
cam302_w4,148,0.005323868677905945
cam302_w4,149,0.0
cam302_w4,150,0.0
cam302_w4,151,0.0
cam302_w4,152,0.0
cam302_w4,153,0.0008795074758135445
cam302_w4,154,0.0
cam302_w4,155,0.0
cam302_w4,156,0.0
cam302_w4,157,0.0
cam302_w4,158,0.0
cam302_w4,159,0.0
cam302_w4,160,0.0
cam302_w4,161,0.0
cam302_w4,162,0.0
cam302_w4,163,0.036939313984168866
cam302_w4,164,0.0
cam302_w4,165,0.009674582233948988
cam302_w4,166,0.024626209322779244
cam302_w4,167,0.010554089709762533
cam302_w4,168,0.1996481970096746
cam302_w4,169,0.08091468777484609
cam302_w4,170,0.19525065963060687
cam302_w4,171,0.13192612137203166
cam302_w4,172,0.20932277924362358
cam302_w4,173,0.0316622691292876
cam302_w4,174,0.0932277924362357
cam302_w4,175,0.08091468777484609
cam302_w4,176,0.048372911169744945
cam302_w4,177,0.25065963060686014
cam302_w4,178,0.19349164467897978
cam302_w4,179,0.49428320140721194
cam302_w4,180,0.07563764291996482
cam302_w4,181,0.024626209322779244
cam302_w4,182,0.003518029903254178
cam302_w4,183,0.0043975373790677225
cam302_w4,184,0.05804749340369393
cam302_w4,185,0.0158311345646438
cam302_w4,186,0.032541776605101144
cam302_w4,187,0.023746701846965697
cam302_w4,188,0.0158311345646438
cam302_w4,189,0.04133685136323659
cam302_w4,190,0.012313104661389622
cam302_w4,191,0.0
cam302_w4,192,0.005277044854881266
cam302_w4,193,0.0
cam302_w4,194,0.0
cam302_w4,195,0.0
cam302_w4,196,0.012313104661389622
cam302_w4,197,0.003518029903254178
cam302_w4,198,0.001759014951627089
cam302_w4,199,0.0
cam302_w4,200,0.0
cam302_w4,201,0.007036059806508356
cam302_w4,202,0.0
cam302_w4,203,0.0008795074758135445
cam302_w4,204,0.0
cam302_w4,205,0.06420404573438875
cam302_w4,206,0.003518029903254178
cam302_w4,207,0.001759014951627089
cam302_w4,208,0.0043975373790677225
cam302_w4,209,0.0008795074758135445
cam302_w4,210,0.008795074758135445
cam302_w4,211,0.02198768689533861
cam302_w4,212,0.026385224274406333
cam302_w4,213,0.005277044854881266
cam302_w4,214,0.003518029903254178
cam302_w4,215,0.0
cam302_w4,216,0.008795074758135445
cam302_w4,217,0.05364995602462621
cam302_w4,218,0.03781882145998241
cam302_w4,219,0.008795074758135445
cam302_w4,220,0.0
cam302_w4,221,0.0
cam302_w4,222,0.010554089709762533
cam302_w4,223,0.0
cam302_w4,224,0.0008795074758135445
cam302_w4,225,0.0
cam302_w4,226,0.0
cam302_w4,227,0.0
cam302_w4,228,0.0
cam302_w4,229,0.003695491500369549
cam302_w4,230,0.0029563932002956393
cam302_w4,231,0.0
cam302_w4,232,0.0
cam302_w4,233,0.0
cam302_w4,234,0.007390983000739098
cam302_w4,235,0.0
cam302_w4,236,0.0066518847006651885
cam302_w4,237,0.022912047302291204
cam302_w4,238,0.025868440502586843
cam302_w4,239,0.011086474501108648
cam302_w4,240,0.008869179600886918
cam302_w4,241,0.0007390983000739098
cam302_w4,242,0.005173688100517369
cam302_w4,243,0.009608277900960829
cam302_w4,244,0.007390983000739098
cam302_w4,245,0.08130081300813008
cam302_w4,246,0.015521064301552107
cam302_w4,247,0.06282335550628233
cam302_w4,248,0.10716925351071692
cam302_w4,249,0.1581670362158167
cam302_w4,250,0.1352549889135255
cam302_w4,251,0.03621581670362158
cam302_w4,252,0.03547671840354767
cam302_w4,253,0.06134515890613452
cam302_w4,254,0.23059866962305986
cam302_w4,255,0.04804138950480414
cam302_w4,256,0.005173688100517369
cam302_w4,257,0.005912786400591279
cam302_w4,258,0.021433850702143386
cam302_w4,259,0.008130081300813009
cam302_w4,260,0.0
cam302_w4,261,0.008869179600886918
cam302_w4,262,0.022172949002217297
cam302_w4,263,0.0
cam302_w4,264,0.018477457501847747
cam302_w4,265,0.011086474501108648
cam302_w4,266,0.008130081300813009
cam302_w4,267,0.005912786400591279
cam302_w4,268,0.030303030303030304
cam302_w4,269,0.037694013303769404
cam302_w4,270,0.011825572801182557
cam302_w4,271,0.0022172949002217295
cam302_w4,272,0.016260162601626018
cam302_w4,273,0.028824833702882482
cam302_w4,274,0.008130081300813009
cam302_w4,275,0.04360679970436068
cam302_w4,276,0.032520325203252036
cam302_w4,277,0.03917220990391722
cam302_w4,278,0.0
cam302_w4,279,0.007390983000739098
cam302_w4,280,0.009608277900960829
cam302_w4,281,0.0066518847006651885
cam302_w4,282,0.0007390983000739098
cam302_w4,283,0.07021433850702144
cam302_w4,284,0.10125646711012565
cam302_w4,285,0.0022172949002217295
cam302_w4,286,0.005912786400591279
cam302_w4,287,0.016260162601626018
cam302_w4,288,0.03547671840354767
cam302_w4,289,0.14486326681448633
cam302_w4,290,0.031042128603104215
cam302_w4,291,0.0
cam302_w4,292,0.03621581670362158
cam302_w4,293,0.03547671840354767
cam302_w4,294,0.09164818920916482
cam302_w4,295,0.06356245380635625
cam302_w4,296,0.1951219512195122
cam302_w4,297,0.09460458240946046
cam302_w4,298,0.09164818920916482
cam302_w4,299,0.0
cam302_w4,300,0.032520325203252036
cam302_w4,301,0.0
cam302_w4,302,0.0
cam302_w4,303,0.0
cam302_w4,304,0.00522875816993464
cam302_w4,305,0.0
cam302_w4,306,0.00261437908496732
cam302_w4,307,0.0008714596949891067
cam302_w4,308,0.004793028322440087
cam302_w4,309,0.0
cam302_w4,310,0.018300653594771243
cam302_w4,311,0.08496732026143791
cam302_w4,312,0.07015250544662309
cam302_w4,313,0.06318082788671024
cam302_w4,314,0.07581699346405228
cam302_w4,315,0.06405228758169934
cam302_w4,316,0.12461873638344227
cam302_w4,317,0.013071895424836602
cam302_w4,318,0.12636165577342048
cam302_w4,319,0.14901960784313725
cam302_w4,320,0.26405228758169935
cam302_w4,321,0.22135076252723312
cam302_w4,322,0.05751633986928104
cam302_w4,323,0.040522875816993466
cam302_w4,324,0.0906318082788671
cam302_w4,325,0.11198257080610022
cam302_w4,326,0.06753812636165578
cam302_w4,327,0.08583877995642701
cam302_w4,328,0.1803921568627451
cam302_w4,329,0.13202614379084968
cam302_w4,330,0.23137254901960785
cam302_w4,331,0.16775599128540306
cam302_w4,332,0.07799564270152505
cam302_w4,333,0.14248366013071895
cam302_w4,334,0.24749455337690632
cam302_w4,335,0.16732026143790849
cam302_w4,336,0.11328976034858387
cam302_w4,337,0.3494553376906318
cam302_w4,338,0.13159041394335513
cam302_w4,339,0.28366013071895424
cam302_w4,340,0.1420479302832244
cam302_w4,341,0.050980392156862744
cam302_w4,342,0.2784313725490196
cam302_w4,343,0.2169934640522876
cam302_w4,344,0.2867102396514161
cam302_w4,345,0.19172113289760348
cam302_w4,346,0.257516339869281
cam302_w4,347,0.07015250544662309
cam302_w4,348,0.19215686274509805
cam302_w4,349,0.20435729847494552
cam302_w4,350,0.06884531590413943
cam302_w4,351,0.31067538126361655
cam302_w4,352,0.13856209150326798
cam302_w4,353,0.4326797385620915
cam302_w4,354,0.31633986928104574
cam302_w4,355,0.49498910675381264
cam302_w4,356,0.1721132897603486
cam302_w4,357,0.13507625272331156
cam302_w4,358,0.0718954248366013
cam302_w4,359,0.19869281045751633
cam302_w4,360,0.19302832244008714
cam302_w4,361,0.36514161220043573
cam302_w4,362,0.022222222222222223
cam302_w4,363,0.022657952069716776
cam302_w4,364,0.0832244008714597
cam302_w4,365,0.3520697167755991
cam302_w4,366,0.09237472766884532
cam302_w4,367,0.11067538126361656
cam302_w4,368,0.24793028322440086
cam302_w4,369,0.0644880174291939
cam302_w4,370,0.24793028322440086
cam302_w4,371,0.23660130718954248
cam302_w4,372,0.14814814814814814
cam302_w4,373,0.23224400871459694
cam302_w4,374,0.48278867102396517
cam302_w4,375,0.485838779956427
cam302_w5,1,0.0017667844522968198
cam302_w5,2,0.0
cam302_w5,3,0.002944640753828033
cam302_w5,4,0.05889281507656066
cam302_w5,5,0.05182567726737338
cam302_w5,6,0.0
cam302_w5,7,0.0
cam302_w5,8,0.05535924617196702
cam302_w5,9,0.053003533568904596
cam302_w5,10,0.01884570082449941
cam302_w5,11,0.004711425206124852
cam302_w5,12,0.0
cam302_w5,13,0.007067137809187279
cam302_w5,14,0.5371024734982333
cam302_w5,15,0.23027090694935218
cam302_w5,16,0.3333333333333333
cam302_w5,17,0.46819787985865724
cam302_w5,18,0.0977620730270907
cam302_w5,19,0.3498233215547703
cam302_w5,20,0.004122497055359246
cam302_w5,21,0.04122497055359246
cam302_w5,22,0.007067137809187279
cam302_w5,23,0.0535924617196702
cam302_w5,24,0.0
cam302_w5,25,0.2585394581861013
cam302_w5,26,0.22791519434628976
cam302_w5,27,0.0
cam302_w5,28,0.7255594817432274
cam302_w5,29,0.035924617196702
cam302_w5,30,0.004122497055359246
cam302_w5,31,0.15606595995288575
cam302_w5,32,0.31743227326266193
cam302_w5,33,0.002944640753828033
cam302_w5,34,0.5706713780918727
cam302_w5,35,0.07361601884570082
cam302_w5,36,0.03415783274440518
cam302_w5,37,0.01060070671378092
cam302_w5,38,0.009422850412249705
cam302_w5,39,0.007067137809187279
cam302_w5,40,0.037102473498233215
cam302_w5,41,0.22084805653710246
cam302_w5,42,0.038869257950530034
cam302_w5,43,0.018256772673733806
cam302_w5,44,0.025323910482921083
cam302_w5,45,0.011778563015312132
cam302_w5,46,0.03651354534746761
cam302_w5,47,0.011778563015312132
cam302_w5,48,0.0624263839811543
cam302_w5,49,0.0035335689045936395
cam302_w5,50,0.02767962308598351
cam302_w5,51,0.23027090694935218
cam302_w5,52,0.08775029446407538
cam302_w5,53,0.048292108362779744
cam302_w5,54,0.07773851590106007
cam302_w5,55,0.07420494699646643
cam302_w5,56,0.071849234393404
cam302_w5,57,0.13133097762073026
cam302_w5,58,0.08892815076560659
cam302_w5,59,0.03651354534746761
cam302_w5,60,0.05771495877502945
cam302_w5,61,0.07361601884570082
cam302_w5,62,0.09658421672555949
cam302_w5,63,0.1790341578327444
cam302_w5,64,0.10129564193168433
cam302_w5,65,0.2143698468786808
cam302_w5,66,0.0035335689045936395
cam302_w5,67,0.0
cam302_w5,68,0.0088339222614841
cam302_w5,69,0.015901060070671377
cam302_w5,70,0.045936395759717315
cam302_w5,71,0.021790341578327443
cam302_w5,72,0.006478209658421673
cam302_w5,73,0.0035335689045936395
cam302_w5,74,0.0
cam302_w5,75,0.0
cam302_w5,76,0.0
cam302_w5,77,0.0
cam302_w5,78,0.0
cam302_w5,79,0.0
cam302_w5,80,0.0
cam302_w5,81,0.0
cam302_w5,82,0.0
cam302_w5,83,0.0
cam302_w5,84,0.0
cam302_w5,85,0.0
cam302_w5,86,0.0
cam302_w5,87,0.01519213583556747
cam302_w5,88,0.0035746201966041107
cam302_w5,89,0.0008936550491510277
cam302_w5,90,0.004468275245755138
cam302_w5,91,0.1385165326184093
cam302_w5,92,0.06881143878462913
cam302_w5,93,0.1385165326184093
cam302_w5,94,0.28328865058087577
cam302_w5,95,0.05451295799821269
cam302_w5,96,0.20911528150134048
cam302_w5,97,0.5612153708668454
cam302_w5,98,0.17873100983020554
cam302_w5,99,0.0160857908847185
cam302_w5,100,0.2064343163538874
cam302_w5,101,0.04736371760500447
cam302_w5,102,0.1546023235031278
cam302_w5,103,0.711349419124218
cam302_w5,104,0.7265415549597856
cam302_w5,105,0.2993744414655943
cam302_w5,106,0.4495084897229669
cam302_w5,107,0.58266309204647
cam302_w5,108,0.40035746201966044
cam302_w5,109,0.48168007149240394
cam302_w5,110,0.6720285969615728
cam302_w5,111,0.8784629133154602
cam302_w5,112,0.4941912421805183
cam302_w5,113,0.18856121537086684
cam302_w5,114,0.51295799821269
cam302_w5,115,0.903485254691689
cam302_w5,116,0.21358355674709562
cam302_w5,117,0.0
cam302_w5,118,0.0
cam302_w5,119,0.0
cam302_w5,120,0.0
cam302_w5,121,0.002680965147453083
cam302_w5,122,0.021447721179624665
cam302_w5,123,0.0
cam302_w5,124,0.0
cam302_w5,125,0.0035746201966041107
cam302_w5,126,0.0
cam302_w5,127,0.0
cam302_w5,128,0.0
cam302_w5,129,0.0
cam302_w5,130,0.002680965147453083
cam302_w5,131,0.002680965147453083
cam302_w5,132,0.0
cam302_w5,133,0.0
cam302_w5,134,0.0
cam302_w5,135,0.0
cam302_w5,136,0.0
cam302_w5,137,0.0
cam302_w5,138,0.0
cam302_w5,139,0.0
cam302_w5,140,0.0
cam302_w5,141,0.020554066130473638
cam302_w5,142,0.0
cam302_w5,143,0.05361930294906166
cam302_w5,144,0.12064343163538874
cam302_w5,145,0.01876675603217158
cam302_w5,146,0.0
cam302_w5,147,0.017873100983020553
cam302_w5,148,0.009830205540661306
cam302_w5,149,0.0
cam302_w5,150,0.0
cam302_w5,151,0.0
cam302_w5,152,0.0
cam302_w5,153,0.0
cam302_w5,154,0.006156552330694811
cam302_w5,155,0.0
cam302_w5,156,0.0008795074758135445
cam302_w5,157,0.0008795074758135445
cam302_w5,158,0.0
cam302_w5,159,0.0
cam302_w5,160,0.0
cam302_w5,161,0.0
cam302_w5,162,0.005277044854881266
cam302_w5,163,0.0
cam302_w5,164,0.0
cam302_w5,165,0.0
cam302_w5,166,0.001759014951627089
cam302_w5,167,0.0
cam302_w5,168,0.006156552330694811
cam302_w5,169,0.010554089709762533
cam302_w5,170,0.002638522427440633
cam302_w5,171,0.06860158311345646
cam302_w5,172,0.03869832893579595
cam302_w5,173,0.048372911169744945
cam302_w5,174,0.005277044854881266
cam302_w5,175,0.11169744942832015
cam302_w5,176,0.2022867194371152
cam302_w5,177,0.2339489885664028
cam302_w5,178,0.4283201407211961
cam302_w5,179,0.09938434476693052
cam302_w5,180,0.357080035180299
cam302_w5,181,0.07036059806508356
cam302_w5,182,0.08179419525065963
cam302_w5,183,0.25505716798592787
cam302_w5,184,0.16710642040457344
cam302_w5,185,0.02990325417766051
cam302_w5,186,0.002638522427440633
cam302_w5,187,0.0043975373790677225
cam302_w5,188,0.005277044854881266
cam302_w5,189,0.007036059806508356
cam302_w5,190,0.009674582233948988
cam302_w5,191,0.014951627088830254
cam302_w5,192,0.023746701846965697
cam302_w5,193,0.030782761653474055
cam302_w5,194,0.013192612137203167
cam302_w5,195,0.0043975373790677225
cam302_w5,196,0.021108179419525065
cam302_w5,197,0.002638522427440633
cam302_w5,198,0.0395778364116095
cam302_w5,199,0.047493403693931395
cam302_w5,200,0.0
cam302_w5,201,0.016710642040457344
cam302_w5,202,0.005277044854881266
cam302_w5,203,0.0
cam302_w5,204,0.0
cam302_w5,205,0.0
cam302_w5,206,0.0158311345646438
cam302_w5,207,0.0
cam302_w5,208,0.0
cam302_w5,209,0.0158311345646438
cam302_w5,210,0.0
cam302_w5,211,0.0
cam302_w5,212,0.0008795074758135445
cam302_w5,213,0.001759014951627089
cam302_w5,214,0.0
cam302_w5,215,0.0
cam302_w5,216,0.01759014951627089
cam302_w5,217,0.021108179419525065
cam302_w5,218,0.019349164467897976
cam302_w5,219,0.025505716798592787
cam302_w5,220,0.0
cam302_w5,221,0.0
cam302_w5,222,0.008795074758135445
cam302_w5,223,0.0
cam302_w5,224,0.002638522427440633
cam302_w5,225,0.0
cam302_w5,226,0.0
cam302_w5,227,0.009406657018813314
cam302_w5,228,0.0
cam302_w5,229,0.0
cam302_w5,230,0.012301013024602027
cam302_w5,231,0.0
cam302_w5,232,0.0
cam302_w5,233,0.00361794500723589
cam302_w5,234,0.000723589001447178
cam302_w5,235,0.0
cam302_w5,236,0.09406657018813314
cam302_w5,237,0.0694645441389291
cam302_w5,238,0.010130246020260492
cam302_w5,239,0.045586107091172216
cam302_w5,240,0.000723589001447178
cam302_w5,241,0.005788712011577424
cam302_w5,242,0.023878437047756874
cam302_w5,243,0.009406657018813314
cam302_w5,244,0.001447178002894356
cam302_w5,245,0.0
cam302_w5,246,0.012301013024602027
cam302_w5,247,0.056439942112879886
cam302_w5,248,0.009406657018813314
cam302_w5,249,0.04486251808972504
cam302_w5,250,0.020984081041968163
cam302_w5,251,0.01447178002894356
cam302_w5,252,0.030390738060781478
cam302_w5,253,0.07959479015918958
cam302_w5,254,0.16570188133140376
cam302_w5,255,0.001447178002894356
cam302_w5,256,0.002894356005788712
cam302_w5,257,0.08755426917510854
cam302_w5,258,0.011577424023154847
cam302_w5,259,0.00361794500723589
cam302_w5,260,0.03907380607814761
cam302_w5,261,0.007959479015918957
cam302_w5,262,0.0788712011577424
cam302_w5,263,0.00723589001447178
cam302_w5,264,0.0
cam302_w5,265,0.000723589001447178
cam302_w5,266,0.0
cam302_w5,267,0.002170767004341534
cam302_w5,268,0.02170767004341534
cam302_w5,269,0.020260492040520984
cam302_w5,270,0.002170767004341534
cam302_w5,271,0.005788712011577424
cam302_w5,272,0.026772793053545588
cam302_w5,273,0.009406657018813314
cam302_w5,274,0.015195369030390739
cam302_w5,275,0.010130246020260492
cam302_w5,276,0.02532561505065123
cam302_w5,277,0.0
cam302_w5,278,0.0788712011577424
cam302_w5,279,0.002894356005788712
cam302_w5,280,0.04775687409551375
cam302_w5,281,0.023878437047756874
cam302_w5,282,0.05137481910274964
cam302_w5,283,0.07308248914616498
cam302_w5,284,0.06657018813314038
cam302_w5,285,0.05065123010130246
cam302_w5,286,0.19609261939218525
cam302_w5,287,0.011577424023154847
cam302_w5,288,0.009406657018813314
cam302_w5,289,0.002894356005788712
cam302_w5,290,0.005788712011577424
cam302_w5,291,0.04848046309696093
cam302_w5,292,0.009406657018813314
cam302_w5,293,0.029667149059334298
cam302_w5,294,0.07959479015918958
cam302_w5,295,0.0
cam302_w5,296,0.02243125904486252
cam302_w5,297,0.011577424023154847
cam302_w5,298,0.00361794500723589
cam302_w5,299,0.002894356005788712
cam302_w5,300,0.0
cam302_w5,301,0.007381676074685193
cam302_w5,302,0.0
cam302_w5,303,0.0
cam302_w5,304,0.0
cam302_w5,305,0.0034737299174989146
cam302_w5,306,0.00303951367781155
cam302_w5,307,0.0
cam302_w5,308,0.0
cam302_w5,309,0.006513243595310464
cam302_w5,310,0.0017368649587494573
cam302_w5,311,0.014763352149370386
cam302_w5,312,0.005644811115935736
cam302_w5,313,0.005210594876248371
cam302_w5,314,0.0013026487190620929
cam302_w5,315,0.014763352149370386
cam302_w5,316,0.0017368649587494573
cam302_w5,317,0.00303951367781155
cam302_w5,318,0.025618758141554496
cam302_w5,319,0.0377768128528007
cam302_w5,320,0.02518454190186713
cam302_w5,321,0.061224489795918366
cam302_w5,322,0.06556665219279201
cam302_w5,323,0.02127659574468085
cam302_w5,324,0.10290924880590534
cam302_w5,325,0.059053408597481545
cam302_w5,326,0.14155449413808077
cam302_w5,327,0.026487190620929222
cam302_w5,328,0.10204081632653061
cam302_w5,329,0.04168475900998697
cam302_w5,330,0.0911854103343465
cam302_w5,331,0.07989578810247504
cam302_w5,332,0.18454190186712982
cam302_w5,333,0.0004342162396873643
cam302_w5,334,0.03821102909248806
cam302_w5,335,0.10681719496309162
cam302_w5,336,0.060356057316543636
cam302_w5,337,0.26226660877116803
cam302_w5,338,0.3430308293530178
cam302_w5,339,0.19539730785931395
cam302_w5,340,0.17455492835432046
cam302_w5,341,0.32045158488927483
cam302_w5,342,0.05948762483716891
cam302_w5,343,0.03256621797655232
cam302_w5,344,0.03560573165436387
cam302_w5,345,0.054277029960920535
cam302_w5,346,0.12418584455058619
cam302_w5,347,0.14025184541901867
cam302_w5,348,0.12071211463308727
cam302_w5,349,0.3421623968736431
cam302_w5,350,0.09509335649153278
cam302_w5,351,0.05557967867998263
cam302_w5,352,0.0425531914893617
cam302_w5,353,0.3161094224924012
cam302_w5,354,0.08423795049934868
cam302_w5,355,0.2613981762917933
cam302_w5,356,0.09943551888840643
cam302_w5,357,0.09552757273122015
cam302_w5,358,0.04559270516717325
cam302_w5,359,0.09161962657403387
cam302_w5,360,0.006947459834997829
cam302_w5,361,0.00303951367781155
cam302_w5,362,0.0243161094224924
cam302_w5,363,0.03256621797655232
cam302_w5,364,0.007381676074685193
cam302_w5,365,0.0013026487190620929
cam302_w5,366,0.0425531914893617
cam302_w5,367,0.0060790273556231
cam302_w5,368,0.009552757273122015
cam302_w5,369,0.008250108554059922
cam302_w5,370,0.06296135475466783
cam302_w5,371,0.02214502822405558
cam302_w5,372,0.08727746417716023
cam302_w5,373,0.11376465479808945
cam302_w5,374,0.06382978723404255
cam302_w5,375,0.057750759878419454
cam302_w6,1,0.0
cam302_w6,2,0.0
cam302_w6,3,0.0
cam302_w6,4,0.0
cam302_w6,5,0.0
cam302_w6,6,0.0
cam302_w6,7,0.0
cam302_w6,8,0.0
cam302_w6,9,0.0
cam302_w6,10,0.0
cam302_w6,11,0.0
cam302_w6,12,0.0
cam302_w6,13,0.0
cam302_w6,14,0.018610421836228287
cam302_w6,15,0.0
cam302_w6,16,0.1184863523573201
cam302_w6,17,0.0
cam302_w6,18,0.0006203473945409429
cam302_w6,19,0.0
cam302_w6,20,0.0
cam302_w6,21,0.0
cam302_w6,22,0.042803970223325064
cam302_w6,23,0.3542183622828784
cam302_w6,24,0.008064516129032258
cam302_w6,25,0.009305210918114143
cam302_w6,26,0.0006203473945409429
cam302_w6,27,0.011166253101736972
cam302_w6,28,0.02977667493796526
cam302_w6,29,0.21836228287841192
cam302_w6,30,0.3939205955334988
cam302_w6,31,0.2704714640198511
cam302_w6,32,0.09057071960297766
cam302_w6,33,0.2512406947890819
cam302_w6,34,0.060794044665012405
cam302_w6,35,0.20719602977667495
cam302_w6,36,0.0
cam302_w6,37,0.02357320099255583
cam302_w6,38,0.07196029776674938
cam302_w6,39,0.01240694789081886
cam302_w6,40,0.1228287841191067
cam302_w6,41,0.24689826302729528
cam302_w6,42,0.1532258064516129
cam302_w6,43,0.02915632754342432
cam302_w6,44,0.3740694789081886
cam302_w6,45,0.0663771712158809
cam302_w6,46,0.043424317617866005
cam302_w6,47,0.22642679900744417
cam302_w6,48,0.042803970223325064
cam302_w6,49,0.06761786600496278
cam302_w6,50,0.1501240694789082
cam302_w6,51,0.07630272952853598
cam302_w6,52,0.04218362282878412
cam302_w6,53,0.02915632754342432
cam302_w6,54,0.09305210918114144
cam302_w6,55,0.1805210918114144
cam302_w6,56,0.23014888337468983
cam302_w6,57,0.1600496277915633
cam302_w6,58,0.14516129032258066
cam302_w6,59,0.08560794044665013
cam302_w6,60,0.05955334987593052
cam302_w6,61,0.3945409429280397
cam302_w6,62,0.3964019851116625
cam302_w6,63,0.20719602977667495
cam302_w6,64,0.3294044665012407
cam302_w6,65,0.06575682382133995
cam302_w6,66,0.019851116625310174
cam302_w6,67,0.12220843672456576
cam302_w6,68,0.03287841191066997
cam302_w6,69,0.047766749379652605
cam302_w6,70,0.0750620347394541
cam302_w6,71,0.08002481389578164
cam302_w6,72,0.0
cam302_w6,73,0.0
cam302_w6,74,0.0
cam302_w6,75,0.0
cam302_w6,76,0.0
cam302_w6,77,0.0
cam302_w6,78,0.0
cam302_w6,79,0.0
cam302_w6,80,0.0
cam302_w6,81,0.0
cam302_w6,82,0.0
cam302_w6,83,0.0
cam302_w6,84,0.0
cam302_w6,85,0.0
cam302_w6,86,0.001694915254237288
cam302_w6,87,0.0
cam302_w6,88,0.000847457627118644
cam302_w6,89,0.0
cam302_w6,90,0.0
cam302_w6,91,0.0
cam302_w6,92,0.0
cam302_w6,93,0.0
cam302_w6,94,0.0
cam302_w6,95,0.0
cam302_w6,96,0.0
cam302_w6,97,0.009322033898305085
cam302_w6,98,0.05254237288135593
cam302_w6,99,0.16186440677966102
cam302_w6,100,0.4457627118644068
cam302_w6,101,0.47203389830508474
cam302_w6,102,0.6076271186440678
cam302_w6,103,0.25677966101694916
cam302_w6,104,0.5093220338983051
cam302_w6,105,0.4110169491525424
cam302_w6,106,0.6262711864406779
cam302_w6,107,0.04915254237288136
cam302_w6,108,0.26949152542372884
cam302_w6,109,0.5449152542372881
cam302_w6,110,0.04067796610169491
cam302_w6,111,0.09152542372881356
cam302_w6,112,0.03389830508474576
cam302_w6,113,0.009322033898305085
cam302_w6,114,0.05254237288135593
cam302_w6,115,0.0
cam302_w6,116,0.002542372881355932
cam302_w6,117,0.001694915254237288
cam302_w6,118,0.012711864406779662
cam302_w6,119,0.14067796610169492
cam302_w6,120,0.30847457627118646
cam302_w6,121,0.2966101694915254
cam302_w6,122,0.39576271186440676
cam302_w6,123,0.6728813559322034
cam302_w6,124,0.051694915254237285
cam302_w6,125,0.06694915254237288
cam302_w6,126,0.5550847457627118
cam302_w6,127,0.614406779661017
cam302_w6,128,0.3
cam302_w6,129,0.5983050847457627
cam302_w6,130,0.09067796610169492
cam302_w6,131,0.03728813559322034
cam302_w6,132,0.02288135593220339
cam302_w6,133,0.13389830508474576
cam302_w6,134,0.15677966101694915
cam302_w6,135,0.7169491525423729
cam302_w6,136,0.611864406779661
cam302_w6,137,0.23813559322033898
cam302_w6,138,0.07203389830508475
cam302_w6,139,0.0
cam302_w6,140,0.05
cam302_w6,141,0.007627118644067797
cam302_w6,142,0.04406779661016949
cam302_w6,143,0.07288135593220339
cam302_w6,144,0.05
cam302_w6,145,0.00423728813559322
cam302_w6,146,0.0923728813559322
cam302_w6,147,0.0
cam302_w6,148,0.0
cam302_w6,149,0.0
cam302_w6,150,0.0
cam302_w6,151,0.0
cam302_w6,152,0.0
cam302_w6,153,0.0
cam302_w6,154,0.0
cam302_w6,155,0.0017152658662092624
cam302_w6,156,0.0
cam302_w6,157,0.0
cam302_w6,158,0.0
cam302_w6,159,0.023156089193825044
cam302_w6,160,0.0
cam302_w6,161,0.0
cam302_w6,162,0.0
cam302_w6,163,0.0
cam302_w6,164,0.0
cam302_w6,165,0.0
cam302_w6,166,0.006003430531732418
cam302_w6,167,0.0017152658662092624
cam302_w6,168,0.007718696397941681
cam302_w6,169,0.0
cam302_w6,170,0.005145797598627788
cam302_w6,171,0.06174957118353345
cam302_w6,172,0.057461406518010294
cam302_w6,173,0.12950257289879932
cam302_w6,174,0.09691252144082332
cam302_w6,175,0.21612349914236706
cam302_w6,176,0.030874785591766724
cam302_w6,177,0.14150943396226415
cam302_w6,178,0.19210977701543738
cam302_w6,179,0.010291595197255575
cam302_w6,180,0.12006861063464837
cam302_w6,181,0.20411663807890223
cam302_w6,182,0.24099485420240138
cam302_w6,183,0.08919382504288165
cam302_w6,184,0.00686106346483705
cam302_w6,185,0.01972555746140652
cam302_w6,186,0.0
cam302_w6,187,0.0
cam302_w6,188,0.008576329331046312
cam302_w6,189,0.018867924528301886
cam302_w6,190,0.023156089193825044
cam302_w6,191,0.0
cam302_w6,192,0.051457975986277875
cam302_w6,193,0.0
cam302_w6,194,0.04373927958833619
cam302_w6,195,0.0686106346483705
cam302_w6,196,0.051457975986277875
cam302_w6,197,0.09090909090909091
cam302_w6,198,0.27958833619210977
cam302_w6,199,0.07375643224699828
cam302_w6,200,0.0797598627787307
cam302_w6,201,0.09691252144082332
cam302_w6,202,0.12178387650085763
cam302_w6,203,0.18267581475128644
cam302_w6,204,0.09948542024013722
cam302_w6,205,0.18696397941680962
cam302_w6,206,0.31475128644939965
cam302_w6,207,0.19296740994854203
cam302_w6,208,0.0
cam302_w6,209,0.00686106346483705
cam302_w6,210,0.003430531732418525
cam302_w6,211,0.0
cam302_w6,212,0.0
cam302_w6,213,0.0
cam302_w6,214,0.012864493996569469
cam302_w6,215,0.18010291595197256
cam302_w6,216,0.08576329331046312
cam302_w6,217,0.02058319039451115
cam302_w6,218,0.0008576329331046312
cam302_w6,219,0.0
cam302_w6,220,0.0
cam302_w6,221,0.005145797598627788
cam302_w6,222,0.0
cam302_w6,223,0.0
cam302_w6,224,0.0
cam302_w6,225,0.009433962264150943
cam302_w6,226,0.0
cam302_w6,227,0.0
cam302_w6,228,0.0
cam302_w6,229,0.0
cam302_w6,230,0.0
cam302_w6,231,0.0
cam302_w6,232,0.0
cam302_w6,233,0.0
cam302_w6,234,0.0007017543859649122
cam302_w6,235,0.0035087719298245615
cam302_w6,236,0.0
cam302_w6,237,0.0
cam302_w6,238,0.0
cam302_w6,239,0.0014035087719298245
cam302_w6,240,0.007017543859649123
cam302_w6,241,0.0007017543859649122
cam302_w6,242,0.011929824561403509
cam302_w6,243,0.002807017543859649
cam302_w6,244,0.004210526315789474
cam302_w6,245,0.023859649122807018
cam302_w6,246,0.0
cam302_w6,247,0.04070175438596491
cam302_w6,248,0.08912280701754385
cam302_w6,249,0.10596491228070175
cam302_w6,250,0.14947368421052631
cam302_w6,251,0.1312280701754386
cam302_w6,252,0.06315789473684211
cam302_w6,253,0.04491228070175438
cam302_w6,254,0.051228070175438595
cam302_w6,255,0.061052631578947365
cam302_w6,256,0.008421052631578947
cam302_w6,257,0.002807017543859649
cam302_w6,258,0.0007017543859649122
cam302_w6,259,0.0014035087719298245
cam302_w6,260,0.0035087719298245615
cam302_w6,261,0.004210526315789474
cam302_w6,262,0.0077192982456140355
cam302_w6,263,0.004912280701754386
cam302_w6,264,0.004912280701754386
cam302_w6,265,0.0
cam302_w6,266,0.03508771929824561
cam302_w6,267,0.01263157894736842
cam302_w6,268,0.008421052631578947
cam302_w6,269,0.0
cam302_w6,270,0.009122807017543859
cam302_w6,271,0.011228070175438596
cam302_w6,272,0.004210526315789474
cam302_w6,273,0.0
cam302_w6,274,0.004210526315789474
cam302_w6,275,0.0
cam302_w6,276,0.0
cam302_w6,277,0.0035087719298245615
cam302_w6,278,0.013333333333333334
cam302_w6,279,0.0035087719298245615
cam302_w6,280,0.037894736842105266
cam302_w6,281,0.0
cam302_w6,282,0.009122807017543859
cam302_w6,283,0.028771929824561403
cam302_w6,284,0.0
cam302_w6,285,0.05824561403508772
cam302_w6,286,0.02666666666666667
cam302_w6,287,0.0
cam302_w6,288,0.0035087719298245615
cam302_w6,289,0.016140350877192983
cam302_w6,290,0.014736842105263158
cam302_w6,291,0.08210526315789474
cam302_w6,292,0.032280701754385965
cam302_w6,293,0.06456140350877193
cam302_w6,294,0.0343859649122807
cam302_w6,295,0.011228070175438596
cam302_w6,296,0.0
cam302_w6,297,0.0
cam302_w6,298,0.0
cam302_w6,299,0.004210526315789474
cam302_w6,300,0.0
cam302_w6,301,0.0
cam302_w6,302,0.0
cam302_w6,303,0.0
cam302_w6,304,0.0
cam302_w6,305,0.004342162396873643
cam302_w6,306,0.0004342162396873643
cam302_w6,307,0.0013026487190620929
cam302_w6,308,0.0004342162396873643
cam302_w6,309,0.02040816326530612
cam302_w6,310,0.0017368649587494573
cam302_w6,311,0.0034737299174989146
cam302_w6,312,0.007815892314372557
cam302_w6,313,0.0034737299174989146
cam302_w6,314,0.00998697351280938
cam302_w6,315,0.026921406860616587
cam302_w6,316,0.03821102909248806
cam302_w6,317,0.04125054277029961
cam302_w6,318,0.019539730785931395
cam302_w6,319,0.026487190620929222
cam302_w6,320,0.08163265306122448
cam302_w6,321,0.04168475900998697
cam302_w6,322,0.03126356925749023
cam302_w6,323,0.12592270950933565
cam302_w6,324,0.1350412505427703
cam302_w6,325,0.0039079461571862786
cam302_w6,326,0.06252713851498046
cam302_w6,327,0.12375162831089882
cam302_w6,328,0.07946157186278767
cam302_w6,329,0.12462006079027356
cam302_w6,330,0.2518454190186713
cam302_w6,331,0.1276595744680851
cam302_w6,332,0.18801563178462874
cam302_w6,333,0.19583152409900131
cam302_w6,334,0.1532783326096396
cam302_w6,335,0.07034303082935302
cam302_w6,336,0.06860616587060356
cam302_w6,337,0.1836734693877551
cam302_w6,338,0.5796786799826313
cam302_w6,339,0.052105948762483714
cam302_w6,340,0.2700825010855406
cam302_w6,341,0.02822405557967868
cam302_w6,342,0.04689535388623534
cam302_w6,343,0.12071211463308727
cam302_w6,344,0.20234476769431176
cam302_w6,345,0.2687798523664785
cam302_w6,346,0.2105948762483717
cam302_w6,347,0.017368649587494574
cam302_w6,348,0.07511940946591403
cam302_w6,349,0.1471993052540165
cam302_w6,350,0.2105948762483717
cam302_w6,351,0.09161962657403387
cam302_w6,352,0.04385584020842379
cam302_w6,353,0.267042987407729
cam302_w6,354,0.2518454190186713
cam302_w6,355,0.09683022145028224
cam302_w6,356,0.24055579678679984
cam302_w6,357,0.12809379070777246
cam302_w6,358,0.14893617021276595
cam302_w6,359,0.16977854971775944
cam302_w6,360,0.27399044724272686
cam302_w6,361,0.04950065132435953
cam302_w6,362,0.05644811115935736
cam302_w6,363,0.2978723404255319
cam302_w6,364,0.18671298306556666
cam302_w6,365,0.007381676074685193
cam302_w6,366,0.011723838471558836
cam302_w6,367,0.02040816326530612
cam302_w6,368,0.030395136778115502
cam302_w6,369,0.02040816326530612
cam302_w6,370,0.03126356925749023
cam302_w6,371,0.025618758141554496
cam302_w6,372,0.07946157186278767
cam302_w6,373,0.03126356925749023
cam302_w6,374,0.014329135909683021
cam302_w6,375,0.010421189752496743
cam304_w1,1,0.02621231979030144
cam304_w1,2,0.14482306684141547
cam304_w1,3,0.0
cam304_w1,4,0.0
cam304_w1,5,0.0799475753604194
cam304_w1,6,0.00655307994757536
cam304_w1,7,0.0
cam304_w1,8,0.0
cam304_w1,9,0.0
cam304_w1,10,0.0
cam304_w1,11,0.01703800786369594
cam304_w1,12,0.14416775884665792
cam304_w1,13,0.1559633027522936
cam304_w1,14,0.04128440366972477
cam304_w1,15,0.01703800786369594
cam304_w1,16,0.0
cam304_w1,17,0.0
cam304_w1,18,0.023591087811271297
cam304_w1,19,0.0
cam304_w1,20,0.020314547837483616
cam304_w1,21,0.0674967234600262
cam304_w1,22,0.0
cam304_w1,23,0.07404980340760157
cam304_w1,24,0.005897771952817824
cam304_w1,25,0.03211009174311927
cam304_w1,26,0.03145478374836173
cam304_w1,27,0.05242463958060288
cam304_w1,28,0.04325032765399738
cam304_w1,29,0.0
cam304_w1,30,0.0
cam304_w1,31,0.005897771952817824
cam304_w1,32,0.0491480996068152
cam304_w1,33,0.01703800786369594
cam304_w1,34,0.0
cam304_w1,35,0.011795543905635648
cam304_w1,36,0.020969855832241154
cam304_w1,37,0.025557011795543906
cam304_w1,38,0.09698558322411534
cam304_w1,39,0.001310615989515072
cam304_w1,40,0.024246395806028834
cam304_w1,41,0.011795543905635648
cam304_w1,42,0.00655307994757536
cam304_w1,43,0.023591087811271297
cam304_w1,44,0.0
cam304_w1,45,0.045216251638269984
cam304_w1,46,0.14809960681520315
cam304_w1,47,0.10353866317169069
cam304_w1,48,0.019659239842726082
cam304_w1,49,0.06094364351245085
cam304_w1,50,0.2575360419397117
cam304_w1,51,0.017693315858453473
cam304_w1,52,0.007863695937090432
cam304_w1,53,0.03473132372214941
cam304_w1,54,0.002621231979030144
cam304_w1,55,0.020314547837483616
cam304_w1,56,0.019003931847968544
cam304_w1,57,0.07863695937090433
cam304_w1,58,0.10812581913499344
cam304_w1,59,0.011795543905635648
cam304_w1,60,0.001310615989515072
cam304_w1,61,0.020969855832241154
cam304_w1,62,0.009829619921363041
cam304_w1,63,0.033420707732634336
cam304_w1,64,0.10026212319790301
cam304_w1,65,0.05832241153342071
cam304_w1,66,0.025557011795543906
cam304_w1,67,0.028833551769331587
cam304_w1,68,0.035386631716906945
cam304_w1,69,0.10353866317169069
cam304_w1,70,0.21756225425950196
cam304_w1,71,0.053735255570117955
cam304_w1,72,0.0
cam304_w1,73,0.0
cam304_w1,74,0.0
cam304_w1,75,0.0
cam304_w1,76,0.0
cam304_w1,77,0.0
cam304_w1,78,0.0
cam304_w1,79,0.0
cam304_w1,80,0.0
cam304_w1,81,0.0
cam304_w1,82,0.0
cam304_w1,83,0.0
cam304_w1,84,0.0
cam304_w1,85,0.02707581227436823
cam304_w1,86,0.0
cam304_w1,87,0.05324909747292419
cam304_w1,88,0.0
cam304_w1,89,0.005415162454873646
cam304_w1,90,0.3104693140794224
cam304_w1,91,0.3628158844765343
cam304_w1,92,0.490072202166065
cam304_w1,93,0.11462093862815885
cam304_w1,94,0.21209386281588447
cam304_w1,95,0.34386281588447654
cam304_w1,96,0.6254512635379061
cam304_w1,97,0.6146209386281588
cam304_w1,98,0.45126353790613716
cam304_w1,99,0.6805054151624549
cam304_w1,100,0.605595667870036
cam304_w1,101,0.5189530685920578
cam304_w1,102,0.6389891696750902
cam304_w1,103,0.4043321299638989
cam304_w1,104,0.6624548736462094
cam304_w1,105,0.601985559566787
cam304_w1,106,0.5234657039711191
cam304_w1,107,0.005415162454873646
cam304_w1,108,0.18682310469314078
cam304_w1,109,0.05324909747292419
cam304_w1,110,0.018050541516245487
cam304_w1,111,0.0
cam304_w1,112,0.02075812274368231
cam304_w1,113,0.004512635379061372
cam304_w1,114,0.0
cam304_w1,115,0.01444043321299639
cam304_w1,116,0.11732851985559567
cam304_w1,117,0.40703971119133575
cam304_w1,118,0.5731046931407943
cam304_w1,119,0.6498194945848376
cam304_w1,120,0.29783393501805056
cam304_w1,121,0.2184115523465704
cam304_w1,122,0.7373646209386282
cam304_w1,123,0.12003610108303249
cam304_w1,124,0.6787003610108303
cam304_w1,125,0.12093862815884476
cam304_w1,126,0.058664259927797835
cam304_w1,127,0.296028880866426
cam304_w1,128,0.10740072202166065
cam304_w1,129,0.6516245487364621
cam304_w1,130,0.024368231046931407
cam304_w1,131,0.0
cam304_w1,132,0.0
cam304_w1,133,0.0
cam304_w1,134,0.01263537906137184
cam304_w1,135,0.0
cam304_w1,136,0.0
cam304_w1,137,0.0
cam304_w1,138,0.0
cam304_w1,139,0.0
cam304_w1,140,0.0
cam304_w1,141,0.0
cam304_w1,142,0.01895306859205776
cam304_w1,143,0.017148014440433214
cam304_w1,144,0.004512635379061372
cam304_w1,145,0.0
cam304_w1,146,0.009025270758122744
cam304_w1,147,0.0
cam304_w1,148,0.0
cam304_w1,149,0.0
cam304_w1,150,0.0
cam304_w1,151,0.0
cam304_w1,152,0.0
cam304_w1,153,0.0008795074758135445
cam304_w1,154,0.0
cam304_w1,155,0.0
cam304_w1,156,0.0
cam304_w1,157,0.0
cam304_w1,158,0.0
cam304_w1,159,0.0
cam304_w1,160,0.0
cam304_w1,161,0.0
cam304_w1,162,0.002638522427440633
cam304_w1,163,0.024626209322779244
cam304_w1,164,0.016710642040457344
cam304_w1,165,0.0
cam304_w1,166,0.05013192612137203
cam304_w1,167,0.02990325417766051
cam304_w1,168,0.026385224274406333
cam304_w1,169,0.04573438874230431
cam304_w1,170,0.16974494283201408
cam304_w1,171,0.07299912049252419
cam304_w1,172,0.5153913808267371
cam304_w1,173,0.26649076517150394
cam304_w1,174,0.4476693051890941
cam304_w1,175,0.35092348284960423
cam304_w1,176,0.7097625329815304
cam304_w1,177,0.2937554969217238
cam304_w1,178,0.6983289357959542
cam304_w1,179,0.2357080035180299
cam304_w1,180,0.030782761653474055
cam304_w1,181,0.04221635883905013
cam304_w1,182,0.01759014951627089
cam304_w1,183,0.022867194371152155
cam304_w1,184,0.04221635883905013
cam304_w1,185,0.011433597185576077
cam304_w1,186,0.0
cam304_w1,187,0.008795074758135445
cam304_w1,188,0.0
cam304_w1,189,0.0
cam304_w1,190,0.0
cam304_w1,191,0.0
cam304_w1,192,0.0
cam304_w1,193,0.005277044854881266
cam304_w1,194,0.005277044854881266
cam304_w1,195,0.0
cam304_w1,196,0.003518029903254178
cam304_w1,197,0.0
cam304_w1,198,0.06508355321020229
cam304_w1,199,0.019349164467897976
cam304_w1,200,0.0079155672823219
cam304_w1,201,0.007036059806508356
cam304_w1,202,0.007036059806508356
cam304_w1,203,0.0
cam304_w1,204,0.0
cam304_w1,205,0.0
cam304_w1,206,0.0158311345646438
cam304_w1,207,0.025505716798592787
cam304_w1,208,0.0079155672823219
cam304_w1,209,0.044854881266490766
cam304_w1,210,0.0
cam304_w1,211,0.0
cam304_w1,212,0.002638522427440633
cam304_w1,213,0.007036059806508356
cam304_w1,214,0.044854881266490766
cam304_w1,215,0.0
cam304_w1,216,0.06420404573438875
cam304_w1,217,0.003518029903254178
cam304_w1,218,0.023746701846965697
cam304_w1,219,0.0
cam304_w1,220,0.0
cam304_w1,221,0.0
cam304_w1,222,0.0
cam304_w1,223,0.0
cam304_w1,224,0.0
cam304_w1,225,0.0
cam304_w1,226,0.0
cam304_w1,227,0.00597460791635549
cam304_w1,228,0.0
cam304_w1,229,0.0
cam304_w1,230,0.01717699775952203
cam304_w1,231,0.0
cam304_w1,232,0.0
cam304_w1,233,0.0
cam304_w1,234,0.0
cam304_w1,235,0.0022404779686333084
cam304_w1,236,0.0074682598954443615
cam304_w1,237,0.0
cam304_w1,238,0.038088125466766244
cam304_w1,239,0.0074682598954443615
cam304_w1,240,0.0
cam304_w1,241,0.011202389843166542
cam304_w1,242,0.02539208364451083
cam304_w1,243,0.012696041822255415
cam304_w1,244,0.0037341299477221808
cam304_w1,245,0.020911127707244213
cam304_w1,246,0.061239731142643763
cam304_w1,247,0.01194921583271098
cam304_w1,248,0.04779686333084392
cam304_w1,249,0.024645257654966394
cam304_w1,250,0.04705003734129948
cam304_w1,251,0.10306198655713218
cam304_w1,252,0.020164301717699777
cam304_w1,253,0.020164301717699777
cam304_w1,254,0.01568334578043316
cam304_w1,255,0.0
cam304_w1,256,0.01568334578043316
cam304_w1,257,0.020164301717699777
cam304_w1,258,0.008215085884988798
cam304_w1,259,0.0948469006721434
cam304_w1,260,0.2419716206123973
cam304_w1,261,0.06348020911127707
cam304_w1,262,0.02912621359223301
cam304_w1,263,0.05675877520537715
cam304_w1,264,0.18446601941747573
cam304_w1,265,0.16579536967886482
cam304_w1,266,0.0619865571321882
cam304_w1,267,0.09036594473487677
cam304_w1,268,0.09783420463032114
cam304_w1,269,0.04705003734129948
cam304_w1,270,0.02539208364451083
cam304_w1,271,0.0
cam304_w1,272,0.03136669156086632
cam304_w1,273,0.0007468259895444362
cam304_w1,274,0.020164301717699777
cam304_w1,275,0.014936519790888723
cam304_w1,276,0.018670649738610903
cam304_w1,277,0.05302464525765497
cam304_w1,278,0.038834951456310676
cam304_w1,279,0.01717699775952203
cam304_w1,280,0.0
cam304_w1,281,0.0
cam304_w1,282,0.0
cam304_w1,283,0.014189693801344288
cam304_w1,284,0.00597460791635549
cam304_w1,285,0.04929051530993279
cam304_w1,286,0.04779686333084392
cam304_w1,287,0.0619865571321882
cam304_w1,288,0.002987303958177745
cam304_w1,289,0.009708737864077669
cam304_w1,290,0.0074682598954443615
cam304_w1,291,0.07244212098581031
cam304_w1,292,0.0
cam304_w1,293,0.04854368932038835
cam304_w1,294,0.0
cam304_w1,295,0.0268857356235997
cam304_w1,296,0.03136669156086632
cam304_w1,297,0.140403286034354
cam304_w1,298,0.009708737864077669
cam304_w1,299,0.02315160567587752
cam304_w1,300,0.011202389843166542
cam304_w1,301,0.0
cam304_w1,302,0.0
cam304_w1,303,0.0
cam304_w1,304,0.0
cam304_w1,305,0.0021710811984368217
cam304_w1,306,0.0
cam304_w1,307,0.0013026487190620929
cam304_w1,308,0.0060790273556231
cam304_w1,309,0.0
cam304_w1,310,0.0034737299174989146
cam304_w1,311,0.0121580547112462
cam304_w1,312,0.0013026487190620929
cam304_w1,313,0.011723838471558836
cam304_w1,314,0.007815892314372557
cam304_w1,315,0.03343465045592705
cam304_w1,316,0.02127659574468085
cam304_w1,317,0.0060790273556231
cam304_w1,318,0.056013894919669995
cam304_w1,319,0.08163265306122448
cam304_w1,320,0.14415979157620495
cam304_w1,321,0.0851063829787234
cam304_w1,322,0.14937038645245332
cam304_w1,323,0.15501519756838905
cam304_w1,324,0.18063395570994356
cam304_w1,325,0.03386886669561442
cam304_w1,326,0.0547112462006079
cam304_w1,327,0.0039079461571862786
cam304_w1,328,0.11550151975683891
cam304_w1,329,0.07338254450716457
cam304_w1,330,0.03386886669561442
cam304_w1,331,0.04081632653061224
cam304_w1,332,0.12722535822839776
cam304_w1,333,0.19279201042118976
cam304_w1,334,0.12809379070777246
cam304_w1,335,0.22405557967867998
cam304_w1,336,0.41641337386018235
cam304_w1,337,0.17976552323056882
cam304_w1,338,0.22666087711680416
cam304_w1,339,0.116804168475901
cam304_w1,340,0.06600086843247938
cam304_w1,341,0.1471993052540165
cam304_w1,342,0.058184976118106815
cam304_w1,343,0.04472427268779852
cam304_w1,344,0.2765957446808511
cam304_w1,345,0.1862787668258793
cam304_w1,346,0.08771168041684758
cam304_w1,347,0.11550151975683891
cam304_w1,348,0.01606600086843248
cam304_w1,349,0.16066000868432478
cam304_w1,350,0.12375162831089882
cam304_w1,351,0.07121146330872774
cam304_w1,352,0.12852800694745983
cam304_w1,353,0.1389491966999566
cam304_w1,354,0.07251411202778985
cam304_w1,355,0.03213200173686496
cam304_w1,356,0.15240990013026487
cam304_w1,357,0.03300043421623969
cam304_w1,358,0.007815892314372557
cam304_w1,359,0.2396873643074251
cam304_w1,360,0.012592270950933565
cam304_w1,361,0.006513243595310464
cam304_w1,362,0.05948762483716891
cam304_w1,363,0.14937038645245332
cam304_w1,364,0.15501519756838905
cam304_w1,365,0.11810681719496309
cam304_w1,366,0.15979157620495008
cam304_w1,367,0.2544507164567955
cam304_w1,368,0.177594442032132
cam304_w1,369,0.07034303082935302
cam304_w1,370,0.22839774207555363
cam304_w1,371,0.16022579244463742
cam304_w1,372,0.0668693009118541
cam304_w1,373,0.053842813721233174
cam304_w1,374,0.10508033000434217
cam304_w1,375,0.45419018671298306
cam304_w2,1,0.014625228519195612
cam304_w2,2,0.0
cam304_w2,3,0.0
cam304_w2,4,0.13954905545399146
cam304_w2,5,0.13040828762949422
cam304_w2,6,0.0
cam304_w2,7,0.0
cam304_w2,8,0.0
cam304_w2,9,0.06398537477148081
cam304_w2,10,0.21755027422303475
cam304_w2,11,0.1687995124923827
cam304_w2,12,0.0
cam304_w2,13,0.0
cam304_w2,14,0.044485070079219986
cam304_w2,15,0.24862888482632542
cam304_w2,16,0.017672151127361365
cam304_w2,17,0.49055453991468617
cam304_w2,18,0.005484460694698354
cam304_w2,19,0.0
cam304_w2,20,0.0
cam304_w2,21,0.09628275441803778
cam304_w2,22,0.6538695917123705
cam304_w2,23,0.3010359536867764
cam304_w2,24,0.0
cam304_w2,25,0.0
cam304_w2,26,0.002437538086532602
cam304_w2,27,0.043266301035953685
cam304_w2,28,0.012797074954296161
cam304_w2,29,0.0
cam304_w2,30,0.0
cam304_w2,31,0.010359536867763558
cam304_w2,32,0.031687995124923825
cam304_w2,33,0.005484460694698354
cam304_w2,34,0.0
cam304_w2,35,0.1907373552711761
cam304_w2,36,0.5155393053016454
cam304_w2,37,0.009140767824497258
cam304_w2,38,0.0030469226081657527
cam304_w2,39,0.018890920170627667
cam304_w2,40,0.0
cam304_w2,41,0.05728214503351615
cam304_w2,42,0.0
cam304_w2,43,0.009140767824497258
cam304_w2,44,0.0030469226081657527
cam304_w2,45,0.0
cam304_w2,46,0.0
cam304_w2,47,0.003656307129798903
cam304_w2,48,0.010968921389396709
cam304_w2,49,0.010359536867763558
cam304_w2,50,0.017062766605728214
cam304_w2,51,0.0030469226081657527
cam304_w2,52,0.027422303473491772
cam304_w2,53,0.08287629494210846
cam304_w2,54,0.03595368677635588
cam304_w2,55,0.0
cam304_w2,56,0.04509445460085314
cam304_w2,57,0.23948811700182815
cam304_w2,58,0.43266301035953686
cam304_w2,59,0.17306520414381474
cam304_w2,60,0.2413162705667276
cam304_w2,61,0.5874466788543571
cam304_w2,62,0.04753199268738574
cam304_w2,63,0.07373552711761121
cam304_w2,64,0.0725167580743449
cam304_w2,65,0.2017062766605728
cam304_w2,66,0.16026812918951858
cam304_w2,67,0.2315661182205972
cam304_w2,68,0.07312614259597806
cam304_w2,69,0.04570383912248629
cam304_w2,70,0.049969530773918344
cam304_w2,71,0.03412553321145643
cam304_w2,72,0.016453382084095063
cam304_w2,73,0.0
cam304_w2,74,0.0
cam304_w2,75,0.0
cam304_w2,76,0.0
cam304_w2,77,0.0
cam304_w2,78,0.0
cam304_w2,79,0.0
cam304_w2,80,0.0
cam304_w2,81,0.0
cam304_w2,82,0.0
cam304_w2,83,0.0
cam304_w2,84,0.0
cam304_w2,85,0.0686106346483705
cam304_w2,86,0.036020583190394515
cam304_w2,87,0.0
cam304_w2,88,0.0274442538593482
cam304_w2,89,0.03687821612349914
cam304_w2,90,0.4399656946826758
cam304_w2,91,0.3096054888507719
cam304_w2,92,0.3730703259005146
cam304_w2,93,0.08919382504288165
cam304_w2,94,0.34133790737564323
cam304_w2,95,0.32675814751286447
cam304_w2,96,0.0017152658662092624
cam304_w2,97,0.3481989708404803
cam304_w2,98,0.03773584905660377
cam304_w2,99,0.007718696397941681
cam304_w2,100,0.03687821612349914
cam304_w2,101,0.03516295025728988
cam304_w2,102,0.23756432246998285
cam304_w2,103,0.1672384219554031
cam304_w2,104,0.09948542024013722
cam304_w2,105,0.5188679245283019
cam304_w2,106,0.006003430531732418
cam304_w2,107,0.25728987993138935
cam304_w2,108,0.08061749571183534
cam304_w2,109,0.04631217838765009
cam304_w2,110,0.2144082332761578
cam304_w2,111,0.0274442538593482
cam304_w2,112,0.20668953687821612
cam304_w2,113,0.9090909090909091
cam304_w2,114,0.48284734133790735
cam304_w2,115,0.4957118353344768
cam304_w2,116,0.35934819897084047
cam304_w2,117,0.2444253859348199
cam304_w2,118,0.09862778730703259
cam304_w2,119,0.3293310463121784
cam304_w2,120,0.6003430531732419
cam304_w2,121,0.3156089193825043
cam304_w2,122,0.6758147512864494
cam304_w2,123,0.7624356775300172
cam304_w2,124,0.8713550600343053
cam304_w2,125,0.14493996569468268
cam304_w2,126,0.058319039451114926
cam304_w2,127,0.026586620926243566
cam304_w2,128,0.0
cam304_w2,129,0.036020583190394515
cam304_w2,130,0.008576329331046312
cam304_w2,131,0.0
cam304_w2,132,0.0008576329331046312
cam304_w2,133,0.012864493996569469
cam304_w2,134,0.0008576329331046312
cam304_w2,135,0.0
cam304_w2,136,0.0
cam304_w2,137,0.0
cam304_w2,138,0.0
cam304_w2,139,0.0
cam304_w2,140,0.0
cam304_w2,141,0.0
cam304_w2,142,0.05317324185248713
cam304_w2,143,0.0660377358490566
cam304_w2,144,0.0
cam304_w2,145,0.03430531732418525
cam304_w2,146,0.023156089193825044
cam304_w2,147,0.0
cam304_w2,148,0.0
cam304_w2,149,0.0
cam304_w2,150,0.0
cam304_w2,151,0.0
cam304_w2,152,0.0
cam304_w2,153,0.0
cam304_w2,154,0.0
cam304_w2,155,0.0
cam304_w2,156,0.0
cam304_w2,157,0.003436426116838488
cam304_w2,158,0.0
cam304_w2,159,0.0
cam304_w2,160,0.0
cam304_w2,161,0.0
cam304_w2,162,0.0
cam304_w2,163,0.006872852233676976
cam304_w2,164,0.0
cam304_w2,165,0.07388316151202749
cam304_w2,166,0.37285223367697595
cam304_w2,167,0.7809278350515464
cam304_w2,168,0.6288659793814433
cam304_w2,169,0.08762886597938144
cam304_w2,170,0.33075601374570446
cam304_w2,171,0.7422680412371134
cam304_w2,172,0.09192439862542956
cam304_w2,173,0.11168384879725086
cam304_w2,174,0.359106529209622
cam304_w2,175,0.1563573883161512
cam304_w2,176,0.8616838487972509
cam304_w2,177,0.7835051546391752
cam304_w2,178,0.3651202749140893
cam304_w2,179,0.5292096219931272
cam304_w2,180,0.8814432989690721
cam304_w2,181,0.4484536082474227
cam304_w2,182,0.12800687285223367
cam304_w2,183,0.16237113402061856
cam304_w2,184,0.28951890034364264
cam304_w2,185,0.12886597938144329
cam304_w2,186,0.014604810996563574
cam304_w2,187,0.012027491408934709
cam304_w2,188,0.538659793814433
cam304_w2,189,0.0
cam304_w2,190,0.0
cam304_w2,191,0.0
cam304_w2,192,0.0
cam304_w2,193,0.006872852233676976
cam304_w2,194,0.000859106529209622
cam304_w2,195,0.024054982817869417
cam304_w2,196,0.05154639175257732
cam304_w2,197,0.058419243986254296
cam304_w2,198,0.005154639175257732
cam304_w2,199,0.061855670103092786
cam304_w2,200,0.0
cam304_w2,201,0.012027491408934709
cam304_w2,202,0.0
cam304_w2,203,0.0
cam304_w2,204,0.0
cam304_w2,205,0.003436426116838488
cam304_w2,206,0.005154639175257732
cam304_w2,207,0.006872852233676976
cam304_w2,208,0.03608247422680412
cam304_w2,209,0.014604810996563574
cam304_w2,210,0.0429553264604811
cam304_w2,211,0.003436426116838488
cam304_w2,212,0.012027491408934709
cam304_w2,213,0.04982817869415808
cam304_w2,214,0.0
cam304_w2,215,0.006872852233676976
cam304_w2,216,0.015463917525773196
cam304_w2,217,0.13745704467353953
cam304_w2,218,0.40378006872852235
cam304_w2,219,0.25687285223367695
cam304_w2,220,0.0
cam304_w2,221,0.0
cam304_w2,222,0.0
cam304_w2,223,0.0
cam304_w2,224,0.0
cam304_w2,225,0.0
cam304_w2,226,0.0
cam304_w2,227,0.0
cam304_w2,228,0.0
cam304_w2,229,0.0
cam304_w2,230,0.0
cam304_w2,231,0.0
cam304_w2,232,0.008683068017366137
cam304_w2,233,0.0
cam304_w2,234,0.007959479015918957
cam304_w2,235,0.0
cam304_w2,236,0.008683068017366137
cam304_w2,237,0.01808972503617945
cam304_w2,238,0.03907380607814761
cam304_w2,239,0.009406657018813314
cam304_w2,240,0.03256150506512301
cam304_w2,241,0.011577424023154847
cam304_w2,242,0.000723589001447178
cam304_w2,243,0.008683068017366137
cam304_w2,244,0.000723589001447178
cam304_w2,245,0.02170767004341534
cam304_w2,246,0.09913169319826338
cam304_w2,247,0.00723589001447178
cam304_w2,248,0.08827785817655572
cam304_w2,249,0.16859623733719248
cam304_w2,250,0.2575976845151954
cam304_w2,251,0.017366136034732273
cam304_w2,252,0.0
cam304_w2,253,0.03183791606367583
cam304_w2,254,0.03835021707670044
cam304_w2,255,0.10998552821997105
cam304_w2,256,0.03183791606367583
cam304_w2,257,0.04413892908827786
cam304_w2,258,0.010130246020260492
cam304_w2,259,0.012301013024602027
cam304_w2,260,0.01085383502170767
cam304_w2,261,0.0
cam304_w2,262,0.012301013024602027
cam304_w2,263,0.0
cam304_w2,264,0.01881331403762663
cam304_w2,265,0.023154848046309694
cam304_w2,266,0.05137481910274964
cam304_w2,267,0.06222865412445731
cam304_w2,268,0.01085383502170767
cam304_w2,269,0.013024602026049204
cam304_w2,270,0.031114327062228653
cam304_w2,271,0.005788712011577424
cam304_w2,272,0.04848046309696093
cam304_w2,273,0.05499276410998553
cam304_w2,274,0.1410998552821997
cam304_w2,275,0.008683068017366137
cam304_w2,276,0.03400868306801737
cam304_w2,277,0.03979739507959479
cam304_w2,278,0.031114327062228653
cam304_w2,279,0.031114327062228653
cam304_w2,280,0.013024602026049204
cam304_w2,281,0.015918958031837915
cam304_w2,282,0.12590448625180897
cam304_w2,283,0.085383502170767
cam304_w2,284,0.04052098408104197
cam304_w2,285,0.12807525325615052
cam304_w2,286,0.1975397973950796
cam304_w2,287,0.028219971056439943
cam304_w2,288,0.0
cam304_w2,289,0.000723589001447178
cam304_w2,290,0.1714905933429812
cam304_w2,291,0.14037626628075253
cam304_w2,292,0.0
cam304_w2,293,0.02894356005788712
cam304_w2,294,0.020984081041968163
cam304_w2,295,0.085383502170767
cam304_w2,296,0.007959479015918957
cam304_w2,297,0.006512301013024602
cam304_w2,298,0.0
cam304_w2,299,0.000723589001447178
cam304_w2,300,0.004341534008683068
cam304_w2,301,0.0
cam304_w2,302,0.0
cam304_w2,303,0.0
cam304_w2,304,0.0
cam304_w2,305,0.0
cam304_w2,306,0.0
cam304_w2,307,0.005644811115935736
cam304_w2,308,0.012592270950933565
cam304_w2,309,0.0017368649587494573
cam304_w2,310,0.021710811984368215
cam304_w2,311,0.0026052974381241857
cam304_w2,312,0.0021710811984368217
cam304_w2,313,0.006513243595310464
cam304_w2,314,0.005210594876248371
cam304_w2,315,0.01693443334780721
cam304_w2,316,0.0377768128528007
cam304_w2,317,0.06382978723404255
cam304_w2,318,0.04732957012592271
cam304_w2,319,0.2214502822405558
cam304_w2,320,0.16283108988276163
cam304_w2,321,0.23925314806773773
cam304_w2,322,0.10117238384715588
cam304_w2,323,0.05123751628310899
cam304_w2,324,0.04038211029092488
cam304_w2,325,0.06904038211029093
cam304_w2,326,0.0668693009118541
cam304_w2,327,0.23317412071211463
cam304_w2,328,0.014329135909683021
cam304_w2,329,0.14242292661745548
cam304_w2,330,0.13764654798089448
cam304_w2,331,0.28441163699522365
cam304_w2,332,0.11810681719496309
cam304_w2,333,0.34867564046895355
cam304_w2,334,0.1945288753799392
cam304_w2,335,0.0755536257056014
cam304_w2,336,0.0633955709943552
cam304_w2,337,0.09075119409465914
cam304_w2,338,0.24402952670429873
cam304_w2,339,0.31828050369083805
cam304_w2,340,0.28441163699522365
cam304_w2,341,0.3026487190620929
cam304_w2,342,0.013026487190620929
cam304_w2,343,0.172818063395571
cam304_w2,344,0.18410768562744248
cam304_w2,345,0.19148936170212766
cam304_w2,346,0.12548849326964828
cam304_w2,347,0.2505427702996092
cam304_w2,348,0.15240990013026487
cam304_w2,349,0.04819800260529744
cam304_w2,350,0.0924880590534086
cam304_w2,351,0.09986973512809379
cam304_w2,352,0.09552757273122015
cam304_w2,353,0.022579244463742945
cam304_w2,354,0.019539730785931395
cam304_w2,355,0.022579244463742945
cam304_w2,356,0.019539730785931395
cam304_w2,357,0.10421189752496743
cam304_w2,358,0.030829353017802867
cam304_w2,359,0.11636995223621363
cam304_w2,360,0.21406860616587062
cam304_w2,361,0.05123751628310899
cam304_w2,362,0.02344767694311767
cam304_w2,363,0.06426400347372992
cam304_w2,364,0.00998697351280938
cam304_w2,365,0.013894919669995658
cam304_w2,366,0.020842379504993486
cam304_w2,367,0.0121580547112462
cam304_w2,368,0.052105948762483714
cam304_w2,369,0.03734259661311333
cam304_w2,370,0.026052974381241857
cam304_w2,371,0.017802865827181935
cam304_w2,372,0.2105948762483717
cam304_w2,373,0.06556665219279201
cam304_w2,374,0.0316977854971776
cam304_w2,375,0.024750325662179766
cam304_w4,1,0.0
cam304_w4,2,0.0
cam304_w4,3,0.0
cam304_w4,4,0.004920049200492005
cam304_w4,5,0.01968019680196802
cam304_w4,6,0.0
cam304_w4,7,0.013530135301353014
cam304_w4,8,0.20848708487084872
cam304_w4,9,0.03136531365313653
cam304_w4,10,0.4268142681426814
cam304_w4,11,0.3948339483394834
cam304_w4,12,0.6039360393603936
cam304_w4,13,0.06703567035670356
cam304_w4,14,0.1033210332103321
cam304_w4,15,0.5510455104551045
cam304_w4,16,0.7675276752767528
cam304_w4,17,0.7060270602706027
cam304_w4,18,0.18081180811808117
cam304_w4,19,0.0984009840098401
cam304_w4,20,0.2945879458794588
cam304_w4,21,0.44710947109471094
cam304_w4,22,0.025215252152521524
cam304_w4,23,0.3290282902829028
cam304_w4,24,0.2607626076260763
cam304_w4,25,0.5325953259532595
cam304_w4,26,0.45018450184501846
cam304_w4,27,0.005535055350553505
cam304_w4,28,0.007995079950799507
cam304_w4,29,0.0
cam304_w4,30,0.0
cam304_w4,31,0.0
cam304_w4,32,0.0036900369003690036
cam304_w4,33,0.014760147601476014
cam304_w4,34,0.0
cam304_w4,35,0.005535055350553505
cam304_w4,36,0.0
cam304_w4,37,0.003075030750307503
cam304_w4,38,0.0
cam304_w4,39,0.02152521525215252
cam304_w4,40,0.0
cam304_w4,41,0.0
cam304_w4,42,0.0
cam304_w4,43,0.006765067650676507
cam304_w4,44,0.0
cam304_w4,45,0.007995079950799507
cam304_w4,46,0.010455104551045511
cam304_w4,47,0.00922509225092251
cam304_w4,48,0.03444034440344403
cam304_w4,49,0.0
cam304_w4,50,0.0
cam304_w4,51,0.006150061500615006
cam304_w4,52,0.007995079950799507
cam304_w4,53,0.012915129151291513
cam304_w4,54,0.051045510455104554
cam304_w4,55,0.0
cam304_w4,56,0.047355473554735544
cam304_w4,57,0.006765067650676507
cam304_w4,58,0.012300123001230012
cam304_w4,59,0.06826568265682657
cam304_w4,60,0.02152521525215252
cam304_w4,61,0.013530135301353014
cam304_w4,62,0.09471094710947109
cam304_w4,63,0.005535055350553505
cam304_w4,64,0.00984009840098401
cam304_w4,65,0.007995079950799507
cam304_w4,66,0.013530135301353014
cam304_w4,67,0.01968019680196802
cam304_w4,68,0.06211562115621156
cam304_w4,69,0.06396063960639606
cam304_w4,70,0.046740467404674045
cam304_w4,71,0.0
cam304_w4,72,0.0
cam304_w4,73,0.0
cam304_w4,74,0.0
cam304_w4,75,0.0
cam304_w4,76,0.0
cam304_w4,77,0.003755868544600939
cam304_w4,78,0.0
cam304_w4,79,0.0
cam304_w4,80,0.0
cam304_w4,81,0.0
cam304_w4,82,0.0
cam304_w4,83,0.0
cam304_w4,84,0.0
cam304_w4,85,0.0
cam304_w4,86,0.03286384976525822
cam304_w4,87,0.48732394366197185
cam304_w4,88,0.4516431924882629
cam304_w4,89,0.612206572769953
cam304_w4,90,0.3389671361502347
cam304_w4,91,0.02629107981220657
cam304_w4,92,0.10328638497652583
cam304_w4,93,0.3164319248826291
cam304_w4,94,0.6713615023474179
cam304_w4,95,0.7417840375586855
cam304_w4,96,0.13802816901408452
cam304_w4,97,0.5276995305164319
cam304_w4,98,0.8028169014084507
cam304_w4,99,0.6507042253521127
cam304_w4,100,0.38309859154929576
cam304_w4,101,0.0
cam304_w4,102,0.15023474178403756
cam304_w4,103,0.09483568075117371
cam304_w4,104,0.1568075117370892
cam304_w4,105,0.37370892018779345
cam304_w4,106,0.09765258215962441
cam304_w4,107,0.11924882629107982
cam304_w4,108,0.43661971830985913
cam304_w4,109,0.2056338028169014
cam304_w4,110,0.006572769953051643
cam304_w4,111,0.09107981220657277
cam304_w4,112,0.32018779342723
cam304_w4,113,0.20469483568075117
cam304_w4,114,0.03286384976525822
cam304_w4,115,0.292018779342723
cam304_w4,116,0.2300469483568075
cam304_w4,117,0.04976525821596244
cam304_w4,118,0.01784037558685446
cam304_w4,119,0.07793427230046948
cam304_w4,120,0.03755868544600939
cam304_w4,121,0.0
cam304_w4,122,0.010328638497652582
cam304_w4,123,0.0
cam304_w4,124,0.0
cam304_w4,125,0.0
cam304_w4,126,0.006572769953051643
cam304_w4,127,0.03943661971830986
cam304_w4,128,0.013145539906103286
cam304_w4,129,0.0215962441314554
cam304_w4,130,0.02535211267605634
cam304_w4,131,0.03568075117370892
cam304_w4,132,0.10985915492957747
cam304_w4,133,0.30422535211267604
cam304_w4,134,0.06854460093896714
cam304_w4,135,0.0
cam304_w4,136,0.19342723004694837
cam304_w4,137,0.0
cam304_w4,138,0.0
cam304_w4,139,0.0
cam304_w4,140,0.03380281690140845
cam304_w4,141,0.016901408450704224
cam304_w4,142,0.030985915492957747
cam304_w4,143,0.0
cam304_w4,144,0.015023474178403756
cam304_w4,145,0.020657276995305163
cam304_w4,146,0.0
cam304_w4,147,0.0
cam304_w4,148,0.0
cam304_w4,149,0.0
cam304_w4,150,0.0
cam304_w4,151,0.0
cam304_w4,152,0.0
cam304_w4,153,0.0
cam304_w4,154,0.0
cam304_w4,155,0.007511737089201878
cam304_w4,156,0.0
cam304_w4,157,0.0
cam304_w4,158,0.0
cam304_w4,159,0.0
cam304_w4,160,0.0
cam304_w4,161,0.0
cam304_w4,162,0.0018779342723004694
cam304_w4,163,0.0
cam304_w4,164,0.0
cam304_w4,165,0.008450704225352112
cam304_w4,166,0.19154929577464788
cam304_w4,167,0.3154929577464789
cam304_w4,168,0.2535211267605634
cam304_w4,169,0.6046948356807512
cam304_w4,170,0.5220657276995305
cam304_w4,171,0.3173708920187793
cam304_w4,172,0.7502347417840376
cam304_w4,173,0.4253521126760563
cam304_w4,174,0.6244131455399061
cam304_w4,175,0.8084507042253521
cam304_w4,176,0.8544600938967136
cam304_w4,177,0.7511737089201878
cam304_w4,178,0.3502347417840376
cam304_w4,179,0.13427230046948357
cam304_w4,180,0.17652582159624414
cam304_w4,181,0.2948356807511737
cam304_w4,182,0.059154929577464786
cam304_w4,183,0.03474178403755868
cam304_w4,184,0.007511737089201878
cam304_w4,185,0.005633802816901409
cam304_w4,186,0.19436619718309858
cam304_w4,187,0.04037558685446009
cam304_w4,188,0.010328638497652582
cam304_w4,189,0.0018779342723004694
cam304_w4,190,0.0
cam304_w4,191,0.0
cam304_w4,192,0.0
cam304_w4,193,0.030985915492957747
cam304_w4,194,0.011267605633802818
cam304_w4,195,0.0
cam304_w4,196,0.007511737089201878
cam304_w4,197,0.006572769953051643
cam304_w4,198,0.19624413145539907
cam304_w4,199,0.051643192488262914
cam304_w4,200,0.09671361502347418
cam304_w4,201,0.0
cam304_w4,202,0.02910798122065728
cam304_w4,203,0.26009389671361505
cam304_w4,204,0.0
cam304_w4,205,0.0
cam304_w4,206,0.0
cam304_w4,207,0.0
cam304_w4,208,0.0
cam304_w4,209,0.0
cam304_w4,210,0.0
cam304_w4,211,0.0
cam304_w4,212,0.0
cam304_w4,213,0.0009389671361502347
cam304_w4,214,0.04225352112676056
cam304_w4,215,0.0
cam304_w4,216,0.005633802816901409
cam304_w4,217,0.010328638497652582
cam304_w4,218,0.05727699530516432
cam304_w4,219,0.0
cam304_w4,220,0.028169014084507043
cam304_w4,221,0.022535211267605635
cam304_w4,222,0.0
cam304_w4,223,0.0
cam304_w4,224,0.0
cam304_w4,225,0.003755868544600939
cam304_w4,226,0.0
cam304_w4,227,0.0
cam304_w4,228,0.0
cam304_w4,229,0.0043891733723482075
cam304_w4,230,0.008778346744696415
cam304_w4,231,0.0
cam304_w4,232,0.0
cam304_w4,233,0.0
cam304_w4,234,0.0
cam304_w4,235,0.013167520117044623
cam304_w4,236,0.000731528895391368
cam304_w4,237,0.008778346744696415
cam304_w4,238,0.05047549378200439
cam304_w4,239,0.0036576444769568397
cam304_w4,240,0.018288222384784197
cam304_w4,241,0.04242867593269934
cam304_w4,242,0.20848573518653987
cam304_w4,243,0.011704462326261888
cam304_w4,244,0.023408924652523776
cam304_w4,245,0.05779078273591807
cam304_w4,246,0.2099487929773226
cam304_w4,247,0.17410387710314557
cam304_w4,248,0.39795171909290417
cam304_w4,249,0.11997073884418434
cam304_w4,250,0.3694220921726408
cam304_w4,251,0.46525237746891
cam304_w4,252,0.28456474030724216
cam304_w4,253,0.4352596927578639
cam304_w4,254,0.7278712509144111
cam304_w4,255,0.06803218727139722
cam304_w4,256,0.0958302852962692
cam304_w4,257,0.043891733723482075
cam304_w4,258,0.07388441843452817
cam304_w4,259,0.08339429407461595
cam304_w4,260,0.1119239209948793
cam304_w4,261,0.1711777615215801
cam304_w4,262,0.25091441111923923
cam304_w4,263,0.3408924652523775
cam304_w4,264,0.41916605705925386
cam304_w4,265,0.28237015362106804
cam304_w4,266,0.1711777615215801
cam304_w4,267,0.10460863204096561
cam304_w4,268,0.061448427212874905
cam304_w4,269,0.20190197512801755
cam304_w4,270,0.05998536942209217
cam304_w4,271,0.06656912948061448
cam304_w4,272,0.0
cam304_w4,273,0.1528895391367959
cam304_w4,274,0.009509875640087784
cam304_w4,275,0.0
cam304_w4,276,0.002926115581565472
cam304_w4,277,0.11338697878566203
cam304_w4,278,0.014630577907827359
cam304_w4,279,0.07168983174835405
cam304_w4,280,0.2582297000731529
cam304_w4,281,0.41038771031455745
cam304_w4,282,0.576444769568398
cam304_w4,283,0.4301389904901244
cam304_w4,284,0.008046817849305048
cam304_w4,285,0.02487198244330651
cam304_w4,286,0.02121433796634967
cam304_w4,287,0.07754206291148501
cam304_w4,288,0.040965618141916606
cam304_w4,289,0.010241404535479151
cam304_w4,290,0.04535479151426482
cam304_w4,291,0.030724213606437453
cam304_w4,292,0.016825164594001463
cam304_w4,293,0.014630577907827359
cam304_w4,294,0.04316020482809071
cam304_w4,295,0.029992684711046085
cam304_w4,296,0.013899049012435992
cam304_w4,297,0.011704462326261888
cam304_w4,298,0.06803218727139722
cam304_w4,299,0.04316020482809071
cam304_w4,300,0.0
cam304_w4,301,0.0
cam304_w4,302,0.0
cam304_w4,303,0.0
cam304_w4,304,0.0
cam304_w4,305,0.0013026487190620929
cam304_w4,306,0.0004342162396873643
cam304_w4,307,0.0
cam304_w4,308,0.00303951367781155
cam304_w4,309,0.0021710811984368217
cam304_w4,310,0.005644811115935736
cam304_w4,311,0.0
cam304_w4,312,0.014763352149370386
cam304_w4,313,0.0004342162396873643
cam304_w4,314,0.016500217108119844
cam304_w4,315,0.0
cam304_w4,316,0.03126356925749023
cam304_w4,317,0.01606600086843248
cam304_w4,318,0.1498046026921407
cam304_w4,319,0.17064698219713417
cam304_w4,320,0.3590968302214503
cam304_w4,321,0.10768562744246635
cam304_w4,322,0.25227963525835867
cam304_w4,323,0.1532783326096396
cam304_w4,324,0.24750325662179765
cam304_w4,325,0.20972644376899696
cam304_w4,326,0.09769865392965697
cam304_w4,327,0.10594876248371689
cam304_w4,328,0.0243161094224924
cam304_w4,329,0.09335649153278333
cam304_w4,330,0.32305688232739904
cam304_w4,331,0.435084672166739
cam304_w4,332,0.3226226660877117
cam304_w4,333,0.23751628310898829
cam304_w4,334,0.10290924880590534
cam304_w4,335,0.06426400347372992
cam304_w4,336,0.13200173686495875
cam304_w4,337,0.2066869300911854
cam304_w4,338,0.14676508901432914
cam304_w4,339,0.13851498046026922
cam304_w4,340,0.13808076422058185
cam304_w4,341,0.14068606165870604
cam304_w4,342,0.11723838471558837
cam304_w4,343,0.18410768562744248
cam304_w4,344,0.30742509769865395
cam304_w4,345,0.6361267911419887
cam304_w4,346,0.6326530612244898
cam304_w4,347,0.5996526270082501
cam304_w4,348,0.13590968302214504
cam304_w4,349,0.37646547980894485
cam304_w4,350,0.1741207121146331
cam304_w4,351,0.21320017368649588
cam304_w4,352,0.4181502388189318
cam304_w4,353,0.35214937038645244
cam304_w4,354,0.4611376465479809
cam304_w4,355,0.1619626574033869
cam304_w4,356,0.16283108988276163
cam304_w4,357,0.04429005644811116
cam304_w4,358,0.005210594876248371
cam304_w4,359,0.03907946157186279
cam304_w4,360,0.026487190620929222
cam304_w4,361,0.1107251411202779
cam304_w4,362,0.08076422058184976
cam304_w4,363,0.06296135475466783
cam304_w4,364,0.08336951801997394
cam304_w4,365,0.19583152409900131
cam304_w4,366,0.3860182370820669
cam304_w4,367,0.2700825010855406
cam304_w4,368,0.1654363873208858
cam304_w4,369,0.34476769431176724
cam304_w4,370,0.3543204515848893
cam304_w4,371,0.04038211029092488
cam304_w4,372,0.0243161094224924
cam304_w4,373,0.054277029960920535
cam304_w4,374,0.01910551454624403
cam304_w4,375,0.03430308293530178
cam304_w6,1,0.003656307129798903
cam304_w6,2,0.004875076173065204
cam304_w6,3,0.09445460085313832
cam304_w6,4,0.0
cam304_w6,5,0.0
cam304_w6,6,0.020719073735527116
cam304_w6,7,0.007921998781230956
cam304_w6,8,0.0
cam304_w6,9,0.02437538086532602
cam304_w6,10,0.014015843997562462
cam304_w6,11,0.02681291895185862
cam304_w6,12,0.47471054235222426
cam304_w6,13,0.07007921998781232
cam304_w6,14,0.001218769043266301
cam304_w6,15,0.0
cam304_w6,16,0.012797074954296161
cam304_w6,17,0.009140767824497258
cam304_w6,18,0.0
cam304_w6,19,0.0006093845216331506
cam304_w6,20,0.0018281535648994515
cam304_w6,21,0.0
cam304_w6,22,0.0018281535648994515
cam304_w6,23,0.006093845216331505
cam304_w6,24,0.024984765386959172
cam304_w6,25,0.001218769043266301
cam304_w6,26,0.02010968921389397
cam304_w6,27,0.0
cam304_w6,28,0.010968921389396709
cam304_w6,29,0.08957952468007313
cam304_w6,30,0.15356489945155394
cam304_w6,31,0.029250457038391225
cam304_w6,32,0.029250457038391225
cam304_w6,33,0.0578915295551493
cam304_w6,34,0.1206581352833638
cam304_w6,35,0.21084704448507008
cam304_w6,36,0.2413162705667276
cam304_w6,37,0.0725167580743449
cam304_w6,38,0.18951858622790982
cam304_w6,39,0.20109689213893966
cam304_w6,40,0.26081657525898844
cam304_w6,41,0.16209628275441804
cam304_w6,42,0.48689823278488725
cam304_w6,43,0.2992078001218769
cam304_w6,44,0.07617306520414381
cam304_w6,45,0.11273613650213285
cam304_w6,46,0.001218769043266301
cam304_w6,47,0.02010968921389397
cam304_w6,48,0.016453382084095063
cam304_w6,49,0.1182205971968312
cam304_w6,50,0.006703229737964655
cam304_w6,51,0.017062766605728214
cam304_w6,52,0.170018281535649
cam304_w6,53,0.15417428397318708
cam304_w6,54,0.05971968312004875
cam304_w6,55,0.039609993906154786
cam304_w6,56,0.021937842778793418
cam304_w6,57,0.015234613040828763
cam304_w6,58,0.014015843997562462
cam304_w6,59,0.007312614259597806
cam304_w6,60,0.002437538086532602
cam304_w6,61,0.0006093845216331506
cam304_w6,62,0.016453382084095063
cam304_w6,63,0.006093845216331505
cam304_w6,64,0.001218769043266301
cam304_w6,65,0.006093845216331505
cam304_w6,66,0.03412553321145643
cam304_w6,67,0.01157830591102986
cam304_w6,68,0.0006093845216331506
cam304_w6,69,0.01157830591102986
cam304_w6,70,0.08897014015843997
cam304_w6,71,0.05971968312004875
cam304_w6,72,0.006703229737964655
cam304_w6,73,0.0
cam304_w6,74,0.0
cam304_w6,75,0.0
cam304_w6,76,0.0
cam304_w6,77,0.0
cam304_w6,78,0.009812667261373774
cam304_w6,79,0.0
cam304_w6,80,0.0
cam304_w6,81,0.0
cam304_w6,82,0.0
cam304_w6,83,0.0
cam304_w6,84,0.0
cam304_w6,85,0.0
cam304_w6,86,0.008920606601248885
cam304_w6,87,0.0
cam304_w6,88,0.0
cam304_w6,89,0.0
cam304_w6,90,0.02408563782337199
cam304_w6,91,0.0383586083853702
cam304_w6,92,0.3470115967885816
cam304_w6,93,0.4647636039250669
cam304_w6,94,0.5298840321141838
cam304_w6,95,0.42283675289919714
cam304_w6,96,0.04727921498661909
cam304_w6,97,0.06244424620874219
cam304_w6,98,0.4567350579839429
cam304_w6,99,0.23015165031222123
cam304_w6,100,0.3710972346119536
cam304_w6,101,0.5361284567350579
cam304_w6,102,0.5307760927743087
cam304_w6,103,0.2016057091882248
cam304_w6,104,0.2988403211418377
cam304_w6,105,0.3050847457627119
cam304_w6,106,0.13559322033898305
cam304_w6,107,0.11775200713648529
cam304_w6,108,0.13826940231935772
cam304_w6,109,0.512042818911686
cam304_w6,110,0.3746654772524532
cam304_w6,111,0.09991079393398751
cam304_w6,112,0.05084745762711865
cam304_w6,113,0.08831400535236396
cam304_w6,114,0.5236396074933095
cam304_w6,115,0.6467439785905441
cam304_w6,116,0.01159678858162355
cam304_w6,117,0.0
cam304_w6,118,0.0
cam304_w6,119,0.0
cam304_w6,120,0.0
cam304_w6,121,0.021409455842997322
cam304_w6,122,0.0
cam304_w6,123,0.012488849241748439
cam304_w6,124,0.0767172167707404
cam304_w6,125,0.0
cam304_w6,126,0.23550401427297057
cam304_w6,127,0.0
cam304_w6,128,0.0
cam304_w6,129,0.09009812667261374
cam304_w6,130,0.0
cam304_w6,131,0.0
cam304_w6,132,0.0
cam304_w6,133,0.0
cam304_w6,134,0.0
cam304_w6,135,0.001784121320249777
cam304_w6,136,0.0
cam304_w6,137,0.0
cam304_w6,138,0.0
cam304_w6,139,0.007136485280999108
cam304_w6,140,0.019625334522747548
cam304_w6,141,0.003568242640499554
cam304_w6,142,0.0
cam304_w6,143,0.025869759143621766
cam304_w6,144,0.14451382694023193
cam304_w6,145,0.25066904549509367
cam304_w6,146,0.0231935771632471
cam304_w6,147,0.0
cam304_w6,148,0.0
cam304_w6,149,0.0
cam304_w6,150,0.0
cam304_w6,151,0.0
cam304_w6,152,0.014072119613016711
cam304_w6,153,0.0
cam304_w6,154,0.0
cam304_w6,155,0.0
cam304_w6,156,0.0
cam304_w6,157,0.0
cam304_w6,158,0.011433597185576077
cam304_w6,159,0.06508355321020229
cam304_w6,160,0.0
cam304_w6,161,0.0
cam304_w6,162,0.0316622691292876
cam304_w6,163,0.044854881266490766
cam304_w6,164,0.6490765171503958
cam304_w6,165,0.1284080914687775
cam304_w6,166,0.3579595426561126
cam304_w6,167,0.376429199648197
cam304_w6,168,0.33509234828496043
cam304_w6,169,0.025505716798592787
cam304_w6,170,0.0008795074758135445
cam304_w6,171,0.018469656992084433
cam304_w6,172,0.0316622691292876
cam304_w6,173,0.03869832893579595
cam304_w6,174,0.06860158311345646
cam304_w6,175,0.19261213720316622
cam304_w6,176,0.5637642919964819
cam304_w6,177,0.783641160949868
cam304_w6,178,0.7299912049252418
cam304_w6,179,0.5338610378188214
cam304_w6,180,0.6455584872471416
cam304_w6,181,0.5224274406332454
cam304_w6,182,0.001759014951627089
cam304_w6,183,0.04309586631486367
cam304_w6,184,0.08443271767810026
cam304_w6,185,0.23131046613896217
cam304_w6,186,0.6007036059806509
cam304_w6,187,0.525065963060686
cam304_w6,188,0.8126649076517151
cam304_w6,189,0.1090589270008795
cam304_w6,190,0.003518029903254178
cam304_w6,191,0.0
cam304_w6,192,0.1266490765171504
cam304_w6,193,0.0
cam304_w6,194,0.0
cam304_w6,195,0.0
cam304_w6,196,0.001759014951627089
cam304_w6,197,0.0
cam304_w6,198,0.008795074758135445
cam304_w6,199,0.0
cam304_w6,200,0.002638522427440633
cam304_w6,201,0.012313104661389622
cam304_w6,202,0.04133685136323659
cam304_w6,203,0.0
cam304_w6,204,0.0
cam304_w6,205,0.0
cam304_w6,206,0.02198768689533861
cam304_w6,207,0.04133685136323659
cam304_w6,208,0.0
cam304_w6,209,0.0
cam304_w6,210,0.014951627088830254
cam304_w6,211,0.03605980650835532
cam304_w6,212,0.06420404573438875
cam304_w6,213,0.014951627088830254
cam304_w6,214,0.0
cam304_w6,215,0.0
cam304_w6,216,0.0
cam304_w6,217,0.01759014951627089
cam304_w6,218,0.023746701846965697
cam304_w6,219,0.03518029903254178
cam304_w6,220,0.01759014951627089
cam304_w6,221,0.0
cam304_w6,222,0.0
cam304_w6,223,0.0
cam304_w6,224,0.0
cam304_w6,225,0.0
cam304_w6,226,0.0
cam304_w6,227,0.0
cam304_w6,228,0.0
cam304_w6,229,0.0
cam304_w6,230,0.0
cam304_w6,231,0.0
cam304_w6,232,0.0
cam304_w6,233,0.0
cam304_w6,234,0.0
cam304_w6,235,0.000731528895391368
cam304_w6,236,0.0
cam304_w6,237,0.0073152889539136795
cam304_w6,238,0.0
cam304_w6,239,0.0
cam304_w6,240,0.0
cam304_w6,241,0.018288222384784197
cam304_w6,242,0.0021945866861741038
cam304_w6,243,0.002926115581565472
cam304_w6,244,0.0
cam304_w6,245,0.006583760058522311
cam304_w6,246,0.0
cam304_w6,247,0.07754206291148501
cam304_w6,248,0.15435259692757863
cam304_w6,249,0.4389173372348208
cam304_w6,250,0.053401609363569864
cam304_w6,251,0.08705193855157278
cam304_w6,252,0.036576444769568395
cam304_w6,253,0.03291880029261156
cam304_w6,254,0.006583760058522311
cam304_w6,255,0.051207022677395755
cam304_w6,256,0.0548646671543526
cam304_w6,257,0.1506949524506218
cam304_w6,258,0.27724945135332846
cam304_w6,259,0.16752011704462327
cam304_w6,260,0.029992684711046085
cam304_w6,261,0.04681784930504755
cam304_w6,262,0.027798098024871983
cam304_w6,263,0.0021945866861741038
cam304_w6,264,0.013899049012435992
cam304_w6,265,0.03291880029261156
cam304_w6,266,0.06364301389904901
cam304_w6,267,0.013167520117044623
cam304_w6,268,0.0
cam304_w6,269,0.0
cam304_w6,270,0.0
cam304_w6,271,0.0
cam304_w6,272,0.05047549378200439
cam304_w6,273,0.1097293343087052
cam304_w6,274,0.014630577907827359
cam304_w6,275,0.021945866861741038
cam304_w6,276,0.006583760058522311
cam304_w6,277,0.0
cam304_w6,278,0.015362106803218726
cam304_w6,279,0.005120702267739576
cam304_w6,280,0.0
cam304_w6,281,0.0
cam304_w6,282,0.036576444769568395
cam304_w6,283,0.10534016093635698
cam304_w6,284,0.0021945866861741038
cam304_w6,285,0.02121433796634967
cam304_w6,286,0.0
cam304_w6,287,0.008046817849305048
cam304_w6,288,0.07461594732991954
cam304_w6,289,0.0
cam304_w6,290,0.0
cam304_w6,291,0.0
cam304_w6,292,0.002926115581565472
cam304_w6,293,0.008046817849305048
cam304_w6,294,0.011704462326261888
cam304_w6,295,0.013167520117044623
cam304_w6,296,0.023408924652523776
cam304_w6,297,0.07022677395757132
cam304_w6,298,0.036576444769568395
cam304_w6,299,0.02487198244330651
cam304_w6,300,0.005852231163130944
cam304_w6,301,0.0
cam304_w6,302,0.0
cam304_w6,303,0.0
cam304_w6,304,0.0
cam304_w6,305,0.0
cam304_w6,306,0.0
cam304_w6,307,0.004349717268377556
cam304_w6,308,0.004349717268377556
cam304_w6,309,0.007394519356241845
cam304_w6,310,0.0026098303610265334
cam304_w6,311,0.007394519356241845
cam304_w6,312,0.0
cam304_w6,313,0.0026098303610265334
cam304_w6,314,0.007394519356241845
cam304_w6,315,0.01826881252718573
cam304_w6,316,0.04001739886907351
cam304_w6,317,0.015224010439321443
cam304_w6,318,0.22836015658982167
cam304_w6,319,0.014354066985645933
cam304_w6,320,0.032622879512831666
cam304_w6,321,0.021313614615050023
cam304_w6,322,0.03653762505437146
cam304_w6,323,0.012614180078294911
cam304_w6,324,0.061765985210961286
cam304_w6,325,0.045237059591126574
cam304_w6,326,0.21096128751631144
cam304_w6,327,0.07655502392344497
cam304_w6,328,0.03566768160069596
cam304_w6,329,0.2396694214876033
cam304_w6,330,0.1331013484123532
cam304_w6,331,0.18660287081339713
cam304_w6,332,0.17050891692040018
cam304_w6,333,0.09308394954327968
cam304_w6,334,0.17181383210091344
cam304_w6,335,0.0352327098738582
cam304_w6,336,0.04132231404958678
cam304_w6,337,0.030448020878642887
cam304_w6,338,0.053936494127881686
cam304_w6,339,0.17355371900826447
cam304_w6,340,0.0665506742061766
cam304_w6,341,0.08873423227490213
cam304_w6,342,0.034797738147020446
cam304_w6,343,0.013049151805132666
cam304_w6,344,0.0830795998260113
cam304_w6,345,0.10004349717268378
cam304_w6,346,0.07177033492822966
cam304_w6,347,0.06829056111352762
cam304_w6,348,0.14832535885167464
cam304_w6,349,0.006959547629404089
cam304_w6,350,0.01478903871248369
cam304_w6,351,0.0900391474554154
cam304_w6,352,0.03871248368856024
cam304_w6,353,0.07872988255763376
cam304_w6,354,0.027838190517616355
cam304_w6,355,0.08133971291866028
cam304_w6,356,0.10439321444106132
cam304_w6,357,0.04871683340582862
cam304_w6,358,0.2614180078294911
cam304_w6,359,0.016093953892996955
cam304_w6,360,0.12483688560243585
cam304_w6,361,0.0939538929969552
cam304_w6,362,0.09264897781644194
cam304_w6,363,0.09090909090909091
cam304_w6,364,0.2044367116137451
cam304_w6,365,0.22183558068725534
cam304_w6,366,0.32318399304045237
cam304_w6,367,0.0
cam304_w6,368,0.0313179643323184
cam304_w6,369,0.04132231404958678
cam304_w6,370,0.023053501522401043
cam304_w6,371,0.09264897781644194
cam304_w6,372,0.373640713353632
cam304_w6,373,0.10439321444106132
cam304_w6,374,0.011309264897781644
cam304_w6,375,0.09438886472379296
cam306_w1,1,0.0
cam306_w1,2,0.000655307994757536
cam306_w1,3,0.0
cam306_w1,4,0.011140235910878113
cam306_w1,5,0.0163826998689384
cam306_w1,6,0.0
cam306_w1,7,0.0
cam306_w1,8,0.000655307994757536
cam306_w1,9,0.0045871559633027525
cam306_w1,10,0.0
cam306_w1,11,0.0
cam306_w1,12,0.0
cam306_w1,13,0.0
cam306_w1,14,0.0
cam306_w1,15,0.013761467889908258
cam306_w1,16,0.0163826998689384
cam306_w1,17,0.0
cam306_w1,18,0.0
cam306_w1,19,0.012450851900393184
cam306_w1,20,0.00655307994757536
cam306_w1,21,0.0
cam306_w1,22,0.0
cam306_w1,23,0.0
cam306_w1,24,0.11533420707732635
cam306_w1,25,0.0045871559633027525
cam306_w1,26,0.0
cam306_w1,27,0.00327653997378768
cam306_w1,28,0.0
cam306_w1,29,0.0
cam306_w1,30,0.0
cam306_w1,31,0.0
cam306_w1,32,0.001965923984272608
cam306_w1,33,0.3453473132372215
cam306_w1,34,0.007208387942332897
cam306_w1,35,0.0045871559633027525
cam306_w1,36,0.014416775884665793
cam306_w1,37,0.0
cam306_w1,38,0.023591087811271297
cam306_w1,39,0.023591087811271297
cam306_w1,40,0.002621231979030144
cam306_w1,41,0.015727391874180863
cam306_w1,42,0.0
cam306_w1,43,0.0
cam306_w1,44,0.0
cam306_w1,45,0.001965923984272608
cam306_w1,46,0.1998689384010485
cam306_w1,47,0.026867627785058978
cam306_w1,48,0.08060288335517693
cam306_w1,49,0.0
cam306_w1,50,0.0
cam306_w1,51,0.000655307994757536
cam306_w1,52,0.007208387942332897
cam306_w1,53,0.0
cam306_w1,54,0.00327653997378768
cam306_w1,55,0.013761467889908258
cam306_w1,56,0.0
cam306_w1,57,0.005897771952817824
cam306_w1,58,0.0
cam306_w1,59,0.0
cam306_w1,60,0.0
cam306_w1,61,0.002621231979030144
cam306_w1,62,0.0
cam306_w1,63,0.0
cam306_w1,64,0.01834862385321101
cam306_w1,65,0.014416775884665793
cam306_w1,66,0.0
cam306_w1,67,0.009174311926605505
cam306_w1,68,0.019003931847968544
cam306_w1,69,0.009174311926605505
cam306_w1,70,0.0
cam306_w1,71,0.007863695937090432
cam306_w1,72,0.009174311926605505
cam306_w1,73,0.0
cam306_w1,74,0.0
cam306_w1,75,0.0
cam306_w1,76,0.0
cam306_w1,77,0.0
cam306_w1,78,0.0
cam306_w1,79,0.0
cam306_w1,80,0.0
cam306_w1,81,0.0
cam306_w1,82,0.0
cam306_w1,83,0.0
cam306_w1,84,0.0
cam306_w1,85,0.0
cam306_w1,86,0.0
cam306_w1,87,0.0
cam306_w1,88,0.006487488415199258
cam306_w1,89,0.0
cam306_w1,90,0.008341056533827619
cam306_w1,91,0.026876737720111215
cam306_w1,92,0.21408711770157554
cam306_w1,93,0.22613531047265986
cam306_w1,94,0.1705282669138091
cam306_w1,95,0.17608897126969417
cam306_w1,96,0.09916589434661724
cam306_w1,97,0.03614457831325301
cam306_w1,98,0.23169601482854496
cam306_w1,99,0.0
cam306_w1,100,0.22706209453197404
cam306_w1,101,0.0
cam306_w1,102,0.0
cam306_w1,103,0.13067655236329936
cam306_w1,104,0.4902687673772011
cam306_w1,105,0.680259499536608
cam306_w1,106,0.43373493975903615
cam306_w1,107,0.4810009267840593
cam306_w1,108,0.6014828544949027
cam306_w1,109,0.04077849860982391
cam306_w1,110,0.07506950880444857
cam306_w1,111,0.0027803521779425394
cam306_w1,112,0.0018535681186283596
cam306_w1,113,0.0
cam306_w1,114,0.0074142724745134385
cam306_w1,115,0.05931417979610751
cam306_w1,116,0.5653382761816497
cam306_w1,117,0.48841519925857274
cam306_w1,118,0.10658016682113068
cam306_w1,119,0.211306765523633
cam306_w1,120,0.2242817423540315
cam306_w1,121,0.5291936978683967
cam306_w1,122,0.8535681186283596
cam306_w1,123,0.3178869323447637
cam306_w1,124,0.1010194624652456
cam306_w1,125,0.3262279888785913
cam306_w1,126,0.29564411492122333
cam306_w1,127,0.0
cam306_w1,128,0.0
cam306_w1,129,0.10379981464318813
cam306_w1,130,0.0
cam306_w1,131,0.006487488415199258
cam306_w1,132,0.0
cam306_w1,133,0.0027803521779425394
cam306_w1,134,0.0
cam306_w1,135,0.0
cam306_w1,136,0.0
cam306_w1,137,0.0
cam306_w1,138,0.0
cam306_w1,139,0.0
cam306_w1,140,0.0
cam306_w1,141,0.0
cam306_w1,142,0.0037071362372567192
cam306_w1,143,0.03243744207599629
cam306_w1,144,0.1056533827618165
cam306_w1,145,0.04541241890639481
cam306_w1,146,0.0
cam306_w1,147,0.0018535681186283596
cam306_w1,148,0.0
cam306_w1,149,0.0
cam306_w1,150,0.0
cam306_w1,151,0.0
cam306_w1,152,0.0
cam306_w1,153,0.0
cam306_w1,154,0.0
cam306_w1,155,0.0
cam306_w1,156,0.0
cam306_w1,157,0.0
cam306_w1,158,0.0
cam306_w1,159,0.0
cam306_w1,160,0.0
cam306_w1,161,0.0
cam306_w1,162,0.0
cam306_w1,163,0.0
cam306_w1,164,0.0028169014084507044
cam306_w1,165,0.0
cam306_w1,166,0.0028169014084507044
cam306_w1,167,0.19436619718309858
cam306_w1,168,0.17746478873239438
cam306_w1,169,0.0892018779342723
cam306_w1,170,0.4140845070422535
cam306_w1,171,0.3971830985915493
cam306_w1,172,0.40093896713615024
cam306_w1,173,0.6375586854460094
cam306_w1,174,0.8525821596244132
cam306_w1,175,0.67981220657277
cam306_w1,176,0.11173708920187793
cam306_w1,177,0.46572769953051646
cam306_w1,178,0.784037558685446
cam306_w1,179,0.30704225352112674
cam306_w1,180,0.05352112676056338
cam306_w1,181,0.0
cam306_w1,182,0.006572769953051643
cam306_w1,183,0.0
cam306_w1,184,0.04037558685446009
cam306_w1,185,0.19342723004694837
cam306_w1,186,0.24225352112676057
cam306_w1,187,0.5849765258215962
cam306_w1,188,0.7784037558685446
cam306_w1,189,0.6338028169014085
cam306_w1,190,0.5183098591549296
cam306_w1,191,0.7258215962441315
cam306_w1,192,0.7577464788732394
cam306_w1,193,0.507981220657277
cam306_w1,194,0.17746478873239438
cam306_w1,195,0.0
cam306_w1,196,0.03192488262910798
cam306_w1,197,0.02535211267605634
cam306_w1,198,0.0
cam306_w1,199,0.018779342723004695
cam306_w1,200,0.007511737089201878
cam306_w1,201,0.0
cam306_w1,202,0.004694835680751174
cam306_w1,203,0.0
cam306_w1,204,0.0
cam306_w1,205,0.0
cam306_w1,206,0.0009389671361502347
cam306_w1,207,0.008450704225352112
cam306_w1,208,0.0
cam306_w1,209,0.0215962441314554
cam306_w1,210,0.0
cam306_w1,211,0.012206572769953052
cam306_w1,212,0.0
cam306_w1,213,0.0
cam306_w1,214,0.013145539906103286
cam306_w1,215,0.0028169014084507044
cam306_w1,216,0.0
cam306_w1,217,0.009389671361502348
cam306_w1,218,0.0009389671361502347
cam306_w1,219,0.07323943661971831
cam306_w1,220,0.06384976525821597
cam306_w1,221,0.020657276995305163
cam306_w1,222,0.0
cam306_w1,223,0.007511737089201878
cam306_w1,224,0.0
cam306_w1,225,0.0
cam306_w1,226,0.0
cam306_w1,227,0.0
cam306_w1,228,0.0035536602700781805
cam306_w1,229,0.0
cam306_w1,230,0.0
cam306_w1,231,0.0
cam306_w1,232,0.0042643923240938165
cam306_w1,233,0.0
cam306_w1,234,0.0
cam306_w1,235,0.0
cam306_w1,236,0.0
cam306_w1,237,0.0
cam306_w1,238,0.0
cam306_w1,239,0.007107320540156361
cam306_w1,240,0.01847903340440654
cam306_w1,241,0.006396588486140725
cam306_w1,242,0.006396588486140725
cam306_w1,243,0.01279317697228145
cam306_w1,244,0.019189765458422176
cam306_w1,245,0.008528784648187633
cam306_w1,246,0.052594171997157074
cam306_w1,247,0.0042643923240938165
cam306_w1,248,0.03980099502487562
cam306_w1,249,0.007818052594171997
cam306_w1,250,0.20042643923240938
cam306_w1,251,0.3724235963041933
cam306_w1,252,0.30987917555081734
cam306_w1,253,0.1279317697228145
cam306_w1,254,0.27007818052594174
cam306_w1,255,0.47903340440653874
cam306_w1,256,0.2025586353944563
cam306_w1,257,0.36318407960199006
cam306_w1,258,0.3660270078180526
cam306_w1,259,0.024875621890547265
cam306_w1,260,0.5657427149964463
cam306_w1,261,0.6695095948827292
cam306_w1,262,0.06041222459132907
cam306_w1,263,0.0007107320540156361
cam306_w1,264,0.0035536602700781805
cam306_w1,265,0.0
cam306_w1,266,0.02914001421464108
cam306_w1,267,0.005685856432125089
cam306_w1,268,0.004975124378109453
cam306_w1,269,0.0
cam306_w1,270,0.0
cam306_w1,271,0.0035536602700781805
cam306_w1,272,0.0035536602700781805
cam306_w1,273,0.007107320540156361
cam306_w1,274,0.0
cam306_w1,275,0.0028429282160625444
cam306_w1,276,0.0035536602700781805
cam306_w1,277,0.00923951670220327
cam306_w1,278,0.0
cam306_w1,279,0.0007107320540156361
cam306_w1,280,0.007818052594171997
cam306_w1,281,0.02771855010660981
cam306_w1,282,0.0014214641080312722
cam306_w1,283,0.07889125799573561
cam306_w1,284,0.03980099502487562
cam306_w1,285,0.08102345415778252
cam306_w1,286,0.03980099502487562
cam306_w1,287,0.0255863539445629
cam306_w1,288,0.0007107320540156361
cam306_w1,289,0.004975124378109453
cam306_w1,290,0.0028429282160625444
cam306_w1,291,0.004975124378109453
cam306_w1,292,0.0007107320540156361
cam306_w1,293,0.012082444918265814
cam306_w1,294,0.031982942430703626
cam306_w1,295,0.021321961620469083
cam306_w1,296,0.0
cam306_w1,297,0.013503909026297086
cam306_w1,298,0.0035536602700781805
cam306_w1,299,0.0
cam306_w1,300,0.0021321961620469083
cam306_w1,301,0.0
cam306_w1,302,0.0
cam306_w1,303,0.0
cam306_w1,304,0.0
cam306_w1,305,0.0
cam306_w1,306,0.0
cam306_w1,307,0.0
cam306_w1,308,0.001788109074653554
cam306_w1,309,0.007599463567277604
cam306_w1,310,0.0
cam306_w1,311,0.0031291908806437194
cam306_w1,312,0.0
cam306_w1,313,0.028162717925793473
cam306_w1,314,0.000894054537326777
cam306_w1,315,0.01743406347787215
cam306_w1,316,0.03218596334376397
cam306_w1,317,0.07018328118015199
cam306_w1,318,0.10102816271792579
cam306_w1,319,0.14930710773357175
cam306_w1,320,0.10192221725525256
cam306_w1,321,0.1126508717031739
cam306_w1,322,0.015645954403218598
cam306_w1,323,0.14483683504693787
cam306_w1,324,0.0697362539114886
cam306_w1,325,0.035762181493071074
cam306_w1,326,0.003576218149307108
cam306_w1,327,0.03755029056772463
cam306_w1,328,0.41573535985695126
cam306_w1,329,0.05498435404559678
cam306_w1,330,0.00581135449262405
cam306_w1,331,0.08314707197139025
cam306_w1,332,0.3366115333035315
cam306_w1,333,0.038891372373714796
cam306_w1,334,0.24720607957085383
cam306_w1,335,0.2798390701832812
cam306_w1,336,0.5739830129637908
cam306_w1,337,0.5113991953509164
cam306_w1,338,0.4769780956638355
cam306_w1,339,0.4403218596334376
cam306_w1,340,0.16763522574877068
cam306_w1,341,0.34152883325882877
cam306_w1,342,0.058113544926240504
cam306_w1,343,0.08985248100134108
cam306_w1,344,0.20473848904783193
cam306_w1,345,0.06347787215020116
cam306_w1,346,0.03263299061242736
cam306_w1,347,0.20473848904783193
cam306_w1,348,0.03263299061242736
cam306_w1,349,0.07152436298614215
cam306_w1,350,0.09655789003129191
cam306_w1,351,0.45954403218596335
cam306_w1,352,0.02637460885113992
cam306_w1,353,0.021457308895842648
cam306_w1,354,0.10549843540455968
cam306_w1,355,0.051408135896289675
cam306_w1,356,0.18685739830129638
cam306_w1,357,0.4295932051855163
cam306_w1,358,0.15735359856951275
cam306_w1,359,0.18015198927134554
cam306_w1,360,0.031291908806437195
cam306_w1,361,0.17121144389807777
cam306_w1,362,0.16361198033080018
cam306_w1,363,0.14438980777827448
cam306_w1,364,0.0733124720607957
cam306_w1,365,0.03755029056772463
cam306_w1,366,0.02637460885113992
cam306_w1,367,0.31202503352704514
cam306_w1,368,0.15735359856951275
cam306_w1,369,0.22306660706303086
cam306_w1,370,0.15333035315154225
cam306_w1,371,0.08761734465802413
cam306_w1,372,0.2132320071524363
cam306_w1,373,0.25748770675011173
cam306_w1,374,0.21189092534644613
cam306_w1,375,0.04067948144836835
cam306_w2,1,0.042435424354243544
cam306_w2,2,0.0
cam306_w2,3,0.0
cam306_w2,4,0.0
cam306_w2,5,0.0
cam306_w2,6,0.0
cam306_w2,7,0.0
cam306_w2,8,0.0
cam306_w2,9,0.0
cam306_w2,10,0.07503075030750307
cam306_w2,11,0.0
cam306_w2,12,0.023985239852398525
cam306_w2,13,0.0
cam306_w2,14,0.0
cam306_w2,15,0.010455104551045511
cam306_w2,16,0.06334563345633457
cam306_w2,17,0.0
cam306_w2,18,0.06273062730627306
cam306_w2,19,0.45879458794587946
cam306_w2,20,0.36223862238622384
cam306_w2,21,0.32656826568265684
cam306_w2,22,0.3757687576875769
cam306_w2,23,0.5645756457564576
cam306_w2,24,0.006765067650676507
cam306_w2,25,0.1931119311193112
cam306_w2,26,0.006765067650676507
cam306_w2,27,0.006765067650676507
cam306_w2,28,0.042435424354243544
cam306_w2,29,0.0
cam306_w2,30,0.4858548585485855
cam306_w2,31,0.0
cam306_w2,32,0.0
cam306_w2,33,0.0
cam306_w2,34,0.0006150061500615006
cam306_w2,35,0.0
cam306_w2,36,0.16666666666666666
cam306_w2,37,0.8290282902829028
cam306_w2,38,0.028290282902829027
cam306_w2,39,0.08364083640836409
cam306_w2,40,0.14268142681426815
cam306_w2,41,0.03690036900369004
cam306_w2,42,0.0
cam306_w2,43,0.0
cam306_w2,44,0.01107011070110701
cam306_w2,45,0.0
cam306_w2,46,0.019065190651906518
cam306_w2,47,0.0
cam306_w2,48,0.004920049200492005
cam306_w2,49,0.08548585485854858
cam306_w2,50,0.0
cam306_w2,51,0.0
cam306_w2,52,0.0
cam306_w2,53,0.09163591635916359
cam306_w2,54,0.07933579335793357
cam306_w2,55,0.004920049200492005
cam306_w2,56,0.06457564575645756
cam306_w2,57,0.003075030750307503
cam306_w2,58,0.07134071340713408
cam306_w2,59,0.011685116851168511
cam306_w2,60,0.014760147601476014
cam306_w2,61,0.007380073800738007
cam306_w2,62,0.014760147601476014
cam306_w2,63,0.0024600246002460025
cam306_w2,64,0.07503075030750307
cam306_w2,65,0.0
cam306_w2,66,0.0
cam306_w2,67,0.0036900369003690036
cam306_w2,68,0.007380073800738007
cam306_w2,69,0.01107011070110701
cam306_w2,70,0.13407134071340712
cam306_w2,71,0.12546125461254612
cam306_w2,72,0.028290282902829027
cam306_w2,73,0.0036900369003690036
cam306_w2,74,0.0
cam306_w2,75,0.0
cam306_w2,76,0.0
cam306_w2,77,0.0
cam306_w2,78,0.0
cam306_w2,79,0.0
cam306_w2,80,0.0
cam306_w2,81,0.0
cam306_w2,82,0.0
cam306_w2,83,0.0
cam306_w2,84,0.0
cam306_w2,85,0.0
cam306_w2,86,0.0
cam306_w2,87,0.0
cam306_w2,88,0.0
cam306_w2,89,0.02328042328042328
cam306_w2,90,0.008465608465608466
cam306_w2,91,0.07830687830687831
cam306_w2,92,0.18095238095238095
cam306_w2,93,0.37354497354497357
cam306_w2,94,0.19365079365079366
cam306_w2,95,0.2455026455026455
cam306_w2,96,0.49206349206349204
cam306_w2,97,0.23492063492063492
cam306_w2,98,0.1037037037037037
cam306_w2,99,0.4857142857142857
cam306_w2,100,0.21693121693121692
cam306_w2,101,0.016931216931216932
cam306_w2,102,0.08677248677248678
cam306_w2,103,0.491005291005291
cam306_w2,104,0.8740740740740741
cam306_w2,105,0.47619047619047616
cam306_w2,106,0.9068783068783068
cam306_w2,107,0.38941798941798944
cam306_w2,108,0.03492063492063492
cam306_w2,109,0.037037037037037035
cam306_w2,110,0.0
cam306_w2,111,0.014814814814814815
cam306_w2,112,0.07724867724867725
cam306_w2,113,0.40105820105820106
cam306_w2,114,0.8772486772486773
cam306_w2,115,1.0
cam306_w2,116,0.9386243386243386
cam306_w2,117,0.1671957671957672
cam306_w2,118,0.008465608465608466
cam306_w2,119,0.01904761904761905
cam306_w2,120,0.047619047619047616
cam306_w2,121,0.15555555555555556
cam306_w2,122,0.004232804232804233
cam306_w2,123,0.0
cam306_w2,124,0.0
cam306_w2,125,0.14708994708994708
cam306_w2,126,0.18941798941798943
cam306_w2,127,0.28253968253968254
cam306_w2,128,0.05185185185185185
cam306_w2,129,0.0
cam306_w2,130,0.004232804232804233
cam306_w2,131,0.016931216931216932
cam306_w2,132,0.0
cam306_w2,133,0.0
cam306_w2,134,0.0
cam306_w2,135,0.0
cam306_w2,136,0.0
cam306_w2,137,0.0
cam306_w2,138,0.0
cam306_w2,139,0.0
cam306_w2,140,0.0
cam306_w2,141,0.0
cam306_w2,142,0.07301587301587302
cam306_w2,143,0.32592592592592595
cam306_w2,144,0.0
cam306_w2,145,0.0031746031746031746
cam306_w2,146,0.0
cam306_w2,147,0.0
cam306_w2,148,0.0
cam306_w2,149,0.0
cam306_w2,150,0.0
cam306_w2,151,0.0
cam306_w2,152,0.0
cam306_w2,153,0.0
cam306_w2,154,0.0
cam306_w2,155,0.0
cam306_w2,156,0.0
cam306_w2,157,0.0
cam306_w2,158,0.0
cam306_w2,159,0.0
cam306_w2,160,0.0
cam306_w2,161,0.0
cam306_w2,162,0.0
cam306_w2,163,0.0
cam306_w2,164,0.0
cam306_w2,165,0.0
cam306_w2,166,0.011433597185576077
cam306_w2,167,0.07387862796833773
cam306_w2,168,0.1424802110817942
cam306_w2,169,0.7493403693931399
cam306_w2,170,0.43799472295514513
cam306_w2,171,0.3641160949868074
cam306_w2,172,0.3175021987686895
cam306_w2,173,0.28408091468777485
cam306_w2,174,0.008795074758135445
cam306_w2,175,0.0395778364116095
cam306_w2,176,0.20316622691292877
cam306_w2,177,0.8478452066842568
cam306_w2,178,0.1802990325417766
cam306_w2,179,0.4635004397537379
cam306_w2,180,0.5725593667546174
cam306_w2,181,0.0008795074758135445
cam306_w2,182,0.06948109058927
cam306_w2,183,0.08091468777484609
cam306_w2,184,0.012313104661389622
cam306_w2,185,0.04133685136323659
cam306_w2,186,0.06948109058927
cam306_w2,187,0.11345646437994723
cam306_w2,188,0.022867194371152155
cam306_w2,189,0.386103781882146
cam306_w2,190,0.06596306068601583
cam306_w2,191,0.0
cam306_w2,192,0.0043975373790677225
cam306_w2,193,0.013192612137203167
cam306_w2,194,0.056288478452066845
cam306_w2,195,0.030782761653474055
cam306_w2,196,0.1011433597185576
cam306_w2,197,0.014072119613016711
cam306_w2,198,0.009674582233948988
cam306_w2,199,0.0
cam306_w2,200,0.0
cam306_w2,201,0.0
cam306_w2,202,0.0
cam306_w2,203,0.07211961301671065
cam306_w2,204,0.0
cam306_w2,205,0.018469656992084433
cam306_w2,206,0.0
cam306_w2,207,0.028144239226033423
cam306_w2,208,0.0
cam306_w2,209,0.0
cam306_w2,210,0.007036059806508356
cam306_w2,211,0.0
cam306_w2,212,0.027264731750219876
cam306_w2,213,0.023746701846965697
cam306_w2,214,0.0
cam306_w2,215,0.011433597185576077
cam306_w2,216,0.07299912049252419
cam306_w2,217,0.11257695690413369
cam306_w2,218,0.026385224274406333
cam306_w2,219,0.014951627088830254
cam306_w2,220,0.011433597185576077
cam306_w2,221,0.0
cam306_w2,222,0.002638522427440633
cam306_w2,223,0.0
cam306_w2,224,0.0
cam306_w2,225,0.0
cam306_w2,226,0.0
cam306_w2,227,0.0
cam306_w2,228,0.0
cam306_w2,229,0.0
cam306_w2,230,0.0
cam306_w2,231,0.0
cam306_w2,232,0.0
cam306_w2,233,0.0
cam306_w2,234,0.016825164594001463
cam306_w2,235,0.010241404535479151
cam306_w2,236,0.0073152889539136795
cam306_w2,237,0.10387710314557425
cam306_w2,238,0.3533284564740307
cam306_w2,239,0.3928310168251646
cam306_w2,240,0.055596196049743966
cam306_w2,241,0.13094367227505485
cam306_w2,242,0.4959765910753475
cam306_w2,243,0.556693489392831
cam306_w2,244,0.27359180687637163
cam306_w2,245,0.5201170446232626
cam306_w2,246,0.28237015362106804
cam306_w2,247,0.016093635698610095
cam306_w2,248,0.12948061448427212
cam306_w2,249,0.5237746891002194
cam306_w2,250,0.6356986100950988
cam306_w2,251,0.7161667885881492
cam306_w2,252,0.0936356986100951
cam306_w2,253,0.10899780541331383
cam306_w2,254,0.25676664228237017
cam306_w2,255,0.07827359180687637
cam306_w2,256,0.34308705193855155
cam306_w2,257,0.2333577176298464
cam306_w2,258,0.000731528895391368
cam306_w2,259,0.02852962692026335
cam306_w2,260,0.038039502560351136
cam306_w2,261,0.07900512070226774
cam306_w2,262,0.006583760058522311
cam306_w2,263,0.001463057790782736
cam306_w2,264,0.018288222384784197
cam306_w2,265,0.0
cam306_w2,266,0.008046817849305048
cam306_w2,267,0.03218727139722019
cam306_w2,268,0.005120702267739576
cam306_w2,269,0.001463057790782736
cam306_w2,270,0.015362106803218726
cam306_w2,271,0.029261155815654718
cam306_w2,272,0.015362106803218726
cam306_w2,273,0.018288222384784197
cam306_w2,274,0.009509875640087784
cam306_w2,275,0.08046817849305048
cam306_w2,276,0.033650329188002925
cam306_w2,277,0.040965618141916606
cam306_w2,278,0.0043891733723482075
cam306_w2,279,0.0073152889539136795
cam306_w2,280,0.04462326261887344
cam306_w2,281,0.10314557425018288
cam306_w2,282,0.010972933430870519
cam306_w2,283,0.05193855157278712
cam306_w2,284,0.232626188734455
cam306_w2,285,0.5076810534016094
cam306_w2,286,0.21872713972201902
cam306_w2,287,0.025603511338697878
cam306_w2,288,0.013899049012435992
cam306_w2,289,0.0
cam306_w2,290,0.016093635698610095
cam306_w2,291,0.0
cam306_w2,292,0.006583760058522311
cam306_w2,293,0.02121433796634967
cam306_w2,294,0.08412582297000731
cam306_w2,295,0.07315288953913679
cam306_w2,296,0.04462326261887344
cam306_w2,297,0.0
cam306_w2,298,0.0073152889539136795
cam306_w2,299,0.023408924652523776
cam306_w2,300,0.005852231163130944
cam306_w2,301,0.0
cam306_w2,302,0.0
cam306_w2,303,0.0
cam306_w2,304,0.0021872265966754157
cam306_w2,305,0.0
cam306_w2,306,0.0013123359580052493
cam306_w2,307,0.005686789151356081
cam306_w2,308,0.0
cam306_w2,309,0.0
cam306_w2,310,0.014435695538057743
cam306_w2,311,0.006561679790026247
cam306_w2,312,0.010498687664041995
cam306_w2,313,0.044181977252843396
cam306_w2,314,0.07130358705161854
cam306_w2,315,0.08005249343832022
cam306_w2,316,0.09623797025371829
cam306_w2,317,0.1732283464566929
cam306_w2,318,0.17410323709536307
cam306_w2,319,0.03674540682414698
cam306_w2,320,0.17060367454068243
cam306_w2,321,0.10498687664041995
cam306_w2,322,0.08530183727034121
cam306_w2,323,0.0363079615048119
cam306_w2,324,0.08398950131233596
cam306_w2,325,0.15091863517060367
cam306_w2,326,0.19160104986876642
cam306_w2,327,0.04111986001749781
cam306_w2,328,0.03980752405949256
cam306_w2,329,0.11329833770778652
cam306_w2,330,0.18635170603674542
cam306_w2,331,0.03499562554680665
cam306_w2,332,0.044181977252843396
cam306_w2,333,0.14610673665791776
cam306_w2,334,0.11986001749781278
cam306_w2,335,0.1115485564304462
cam306_w2,336,0.05599300087489064
cam306_w2,337,0.1552930883639545
cam306_w2,338,0.2550306211723535
cam306_w2,339,0.2226596675415573
cam306_w2,340,0.18853893263342084
cam306_w2,341,0.019247594050743656
cam306_w2,342,0.06692913385826772
cam306_w2,343,0.04505686789151356
cam306_w2,344,0.04636920384951881
cam306_w2,345,0.03412073490813648
cam306_w2,346,0.2769028871391076
cam306_w2,347,0.2742782152230971
cam306_w2,348,0.25065616797900264
cam306_w2,349,0.11023622047244094
cam306_w2,350,0.05861767279090114
cam306_w2,351,0.017935258092738406
cam306_w2,352,0.02668416447944007
cam306_w2,353,0.06649168853893263
cam306_w2,354,0.004811898512685914
cam306_w2,355,0.08442694663167104
cam306_w2,356,0.010061242344706912
cam306_w2,357,0.02930883639545057
cam306_w2,358,0.03062117235345582
cam306_w2,359,0.13560804899387577
cam306_w2,360,0.12335958005249344
cam306_w2,361,0.28608923884514437
cam306_w2,362,0.27296587926509186
cam306_w2,363,0.5048118985126859
cam306_w2,364,0.19772528433945757
cam306_w2,365,0.27034120734908135
cam306_w2,366,0.1062992125984252
cam306_w2,367,0.16535433070866143
cam306_w2,368,0.45013123359580054
cam306_w2,369,0.2773403324584427
cam306_w2,370,0.17235345581802275
cam306_w2,371,0.16229221347331582
cam306_w2,372,0.11242344706911636
cam306_w2,373,0.39326334208223973
cam306_w2,374,0.2755905511811024
cam306_w2,375,0.38713910761154857
cam306_w4,1,0.018137847642079808
cam306_w4,2,0.10459492140266022
cam306_w4,3,0.0012091898428053204
cam306_w4,4,0.034461910519951636
cam306_w4,5,0.0006045949214026602
cam306_w4,6,0.016324062877871828
cam306_w4,7,0.012091898428053204
cam306_w4,8,0.026602176541717048
cam306_w4,9,0.21100362756952842
cam306_w4,10,0.017533252720677146
cam306_w4,11,0.018137847642079808
cam306_w4,12,0.014510278113663845
cam306_w4,13,0.005441354292623942
cam306_w4,14,0.018742442563482467
cam306_w4,15,0.2883917775090689
cam306_w4,16,0.07255139056831923
cam306_w4,17,0.09794437726723096
cam306_w4,18,0.013301088270858524
cam306_w4,19,0.003022974607013301
cam306_w4,20,0.04232164449818621
cam306_w4,21,0.42140266021765416
cam306_w4,22,0.07194679564691657
cam306_w4,23,0.009673518742442563
cam306_w4,24,0.1275695284159613
cam306_w4,25,0.3899637243047158
cam306_w4,26,0.6644498186215235
cam306_w4,27,0.2642079806529625
cam306_w4,28,0.03688029020556227
cam306_w4,29,0.11003627569528417
cam306_w4,30,0.13724304715840388
cam306_w4,31,0.18319226118500603
cam306_w4,32,0.0
cam306_w4,33,0.0
cam306_w4,34,0.012696493349455865
cam306_w4,35,0.0024183796856106408
cam306_w4,36,0.03083434099153567
cam306_w4,37,0.02720677146311971
cam306_w4,38,0.022370012091898428
cam306_w4,39,0.0048367593712212815
cam306_w4,40,0.0012091898428053204
cam306_w4,41,0.0024183796856106408
cam306_w4,42,0.0012091898428053204
cam306_w4,43,0.0
cam306_w4,44,0.008464328899637243
cam306_w4,45,0.03385731559854897
cam306_w4,46,0.23337363966142685
cam306_w4,47,0.15779927448609432
cam306_w4,48,0.3210399032648126
cam306_w4,49,0.08464328899637243
cam306_w4,50,0.02539298669891173
cam306_w4,51,0.25272067714631197
cam306_w4,52,0.5405078597339782
cam306_w4,53,0.14933494558645707
cam306_w4,54,0.18500604594921402
cam306_w4,55,0.18319226118500603
cam306_w4,56,0.12273276904474002
cam306_w4,57,0.016324062877871828
cam306_w4,58,0.049576783555018135
cam306_w4,59,0.016928657799274487
cam306_w4,60,0.02962515114873035
cam306_w4,61,0.03385731559854897
cam306_w4,62,0.07255139056831923
cam306_w4,63,0.3041112454655381
cam306_w4,64,0.30350665054413545
cam306_w4,65,0.0
cam306_w4,66,0.0048367593712212815
cam306_w4,67,0.0
cam306_w4,68,0.0
cam306_w4,69,0.0
cam306_w4,70,0.03385731559854897
cam306_w4,71,0.01995163240628779
cam306_w4,72,0.0
cam306_w4,73,0.0
cam306_w4,74,0.0
cam306_w4,75,0.0
cam306_w4,76,0.0
cam306_w4,77,0.0
cam306_w4,78,0.0
cam306_w4,79,0.0
cam306_w4,80,0.0
cam306_w4,81,0.0
cam306_w4,82,0.0
cam306_w4,83,0.0
cam306_w4,84,0.017605633802816902
cam306_w4,85,0.0
cam306_w4,86,0.0
cam306_w4,87,0.0
cam306_w4,88,0.06514084507042253
cam306_w4,89,0.0994718309859155
cam306_w4,90,0.0
cam306_w4,91,0.1267605633802817
cam306_w4,92,0.33098591549295775
cam306_w4,93,0.18485915492957747
cam306_w4,94,0.19102112676056338
cam306_w4,95,0.0
cam306_w4,96,0.0
cam306_w4,97,0.03169014084507042
cam306_w4,98,0.0
cam306_w4,99,0.3089788732394366
cam306_w4,100,0.08098591549295775
cam306_w4,101,0.7130281690140845
cam306_w4,102,0.8116197183098591
cam306_w4,103,0.5554577464788732
cam306_w4,104,0.22007042253521128
cam306_w4,105,0.335387323943662
cam306_w4,106,0.1153169014084507
cam306_w4,107,0.2904929577464789
cam306_w4,108,0.11355633802816902
cam306_w4,109,0.4867957746478873
cam306_w4,110,0.7473591549295775
cam306_w4,111,0.8028169014084507
cam306_w4,112,0.013204225352112676
cam306_w4,113,0.0
cam306_w4,114,0.009683098591549295
cam306_w4,115,0.0
cam306_w4,116,0.045774647887323945
cam306_w4,117,0.0
cam306_w4,118,0.2051056338028169
cam306_w4,119,0.10651408450704225
cam306_w4,120,0.8591549295774648
cam306_w4,121,0.4392605633802817
cam306_w4,122,0.0528169014084507
cam306_w4,123,0.08626760563380281
cam306_w4,124,0.5897887323943662
cam306_w4,125,0.19190140845070422
cam306_w4,126,0.0017605633802816902
cam306_w4,127,0.0
cam306_w4,128,0.0017605633802816902
cam306_w4,129,0.0
cam306_w4,130,0.0
cam306_w4,131,0.0
cam306_w4,132,0.0
cam306_w4,133,0.0
cam306_w4,134,0.0
cam306_w4,135,0.008802816901408451
cam306_w4,136,0.0044014084507042256
cam306_w4,137,0.0
cam306_w4,138,0.0
cam306_w4,139,0.1329225352112676
cam306_w4,140,0.03873239436619718
cam306_w4,141,0.020246478873239437
cam306_w4,142,0.07306338028169014
cam306_w4,143,0.03873239436619718
cam306_w4,144,0.0
cam306_w4,145,0.0
cam306_w4,146,0.0
cam306_w4,147,0.0
cam306_w4,148,0.0
cam306_w4,149,0.0
cam306_w4,150,0.0
cam306_w4,151,0.0
cam306_w4,152,0.0
cam306_w4,153,0.0
cam306_w4,154,0.0
cam306_w4,155,0.0
cam306_w4,156,0.0
cam306_w4,157,0.0
cam306_w4,158,0.0
cam306_w4,159,0.0
cam306_w4,160,0.0
cam306_w4,161,0.0
cam306_w4,162,0.0
cam306_w4,163,0.0028544243577545195
cam306_w4,164,0.058991436726926735
cam306_w4,165,0.0
cam306_w4,166,0.0
cam306_w4,167,0.024738344433872503
cam306_w4,168,0.019029495718363463
cam306_w4,169,0.0
cam306_w4,170,0.029495718363463368
cam306_w4,171,0.07897240723120837
cam306_w4,172,0.0
cam306_w4,173,0.0
cam306_w4,174,0.04281636536631779
cam306_w4,175,0.3491912464319695
cam306_w4,176,0.7259752616555661
cam306_w4,177,0.7259752616555661
cam306_w4,178,0.9162702188392008
cam306_w4,179,0.5927687916270219
cam306_w4,180,0.11607992388201713
cam306_w4,181,0.3044719314938154
cam306_w4,182,0.07897240723120837
cam306_w4,183,0.0780209324452902
cam306_w4,184,0.017126546146527116
cam306_w4,185,0.02664129400570885
cam306_w4,186,0.0
cam306_w4,187,0.022835394862036156
cam306_w4,188,0.05518553758325404
cam306_w4,189,0.0
cam306_w4,190,0.0
cam306_w4,191,0.008563273073263558
cam306_w4,192,0.003805899143672693
cam306_w4,193,0.008563273073263558
cam306_w4,194,0.012369172216936251
cam306_w4,195,0.0028544243577545195
cam306_w4,196,0.03425309229305423
cam306_w4,197,0.0532825880114177
cam306_w4,198,0.04471931493815414
cam306_w4,199,0.11037107516650808
cam306_w4,200,0.006660323501427212
cam306_w4,201,0.021883920076117985
cam306_w4,202,0.0
cam306_w4,203,0.0
cam306_w4,204,0.0
cam306_w4,205,0.0
cam306_w4,206,0.0028544243577545195
cam306_w4,207,0.0
cam306_w4,208,0.0
cam306_w4,209,0.0
cam306_w4,210,0.0
cam306_w4,211,0.004757373929590866
cam306_w4,212,0.0
cam306_w4,213,0.012369172216936251
cam306_w4,214,0.012369172216936251
cam306_w4,215,0.0
cam306_w4,216,0.0
cam306_w4,217,0.0
cam306_w4,218,0.12749762131303521
cam306_w4,219,0.3016175071360609
cam306_w4,220,0.0
cam306_w4,221,0.0
cam306_w4,222,0.0
cam306_w4,223,0.0
cam306_w4,224,0.0
cam306_w4,225,0.0019029495718363464
cam306_w4,226,0.0
cam306_w4,227,0.0
cam306_w4,228,0.0
cam306_w4,229,0.0
cam306_w4,230,0.0
cam306_w4,231,0.004252303330970942
cam306_w4,232,0.0
cam306_w4,233,0.0
cam306_w4,234,0.0
cam306_w4,235,0.0
cam306_w4,236,0.0
cam306_w4,237,0.0
cam306_w4,238,0.0007087172218284905
cam306_w4,239,0.12473423104181432
cam306_w4,240,0.0
cam306_w4,241,0.0007087172218284905
cam306_w4,242,0.16371367824238128
cam306_w4,243,0.32246633593196317
cam306_w4,244,0.2806520198440822
cam306_w4,245,0.01559177888022679
cam306_w4,246,0.04890148830616584
cam306_w4,247,0.011339475549255847
cam306_w4,248,0.0
cam306_w4,249,0.2664776754075124
cam306_w4,250,0.10134656272147413
cam306_w4,251,0.43302622253720763
cam306_w4,252,0.30687455705173633
cam306_w4,253,0.630049610205528
cam306_w4,254,0.332388377037562
cam306_w4,255,0.03897944720056697
cam306_w4,256,0.040396881644223954
cam306_w4,257,0.0
cam306_w4,258,0.0
cam306_w4,259,0.019844082211197732
cam306_w4,260,0.0063784549964564135
cam306_w4,261,0.0
cam306_w4,262,0.011339475549255847
cam306_w4,263,0.039688164422395464
cam306_w4,264,0.0
cam306_w4,265,0.0
cam306_w4,266,0.0
cam306_w4,267,0.002126151665485471
cam306_w4,268,0.007795889440113395
cam306_w4,269,0.0
cam306_w4,270,0.0
cam306_w4,271,0.0
cam306_w4,272,0.010630758327427357
cam306_w4,273,0.013465627214741318
cam306_w4,274,0.042523033309709427
cam306_w4,275,0.057406094968107724
cam306_w4,276,0.04323175053153792
cam306_w4,277,0.23387668320340185
cam306_w4,278,0.24805102763997164
cam306_w4,279,0.33664068036853295
cam306_w4,280,0.6555634301913537
cam306_w4,281,0.5577604535790219
cam306_w4,282,0.060240963855421686
cam306_w4,283,0.024096385542168676
cam306_w4,284,0.009922041105598866
cam306_w4,285,0.1034727143869596
cam306_w4,286,0.003543586109142452
cam306_w4,287,0.07795889440113395
cam306_w4,288,0.14245216158752658
cam306_w4,289,0.0
cam306_w4,290,0.0
cam306_w4,291,0.0
cam306_w4,292,0.059532246633593196
cam306_w4,293,0.0673281360737066
cam306_w4,294,0.18993621545003544
cam306_w4,295,0.05598866052445074
cam306_w4,296,0.05244507441530829
cam306_w4,297,0.1332388377037562
cam306_w4,298,0.0
cam306_w4,299,0.001417434443656981
cam306_w4,300,0.0
cam306_w4,301,0.0
cam306_w4,302,0.0
cam306_w4,303,0.0
cam306_w4,304,0.0
cam306_w4,305,0.0
cam306_w4,306,0.0
cam306_w4,307,0.0
cam306_w4,308,0.004776378636561007
cam306_w4,309,0.0013026487190620929
cam306_w4,310,0.00998697351280938
cam306_w4,311,0.005210594876248371
cam306_w4,312,0.010855405992184108
cam306_w4,313,0.12071211463308727
cam306_w4,314,0.027789839339991317
cam306_w4,315,0.07946157186278767
cam306_w4,316,0.1398176291793313
cam306_w4,317,0.03734259661311333
cam306_w4,318,0.1532783326096396
cam306_w4,319,0.1558836300477638
cam306_w4,320,0.02214502822405558
cam306_w4,321,0.10898827616152844
cam306_w4,322,0.13026487190620928
cam306_w4,323,0.17108119843682154
cam306_w4,324,0.07034303082935302
cam306_w4,325,0.08076422058184976
cam306_w4,326,0.23925314806773773
cam306_w4,327,0.05254016500217108
cam306_w4,328,0.14763352149370387
cam306_w4,329,0.04298740772904907
cam306_w4,330,0.04776378636561007
cam306_w4,331,0.10290924880590534
cam306_w4,332,0.2357794181502388
cam306_w4,333,0.09900130264871906
cam306_w4,334,0.07598784194528875
cam306_w4,335,0.0851063829787234
cam306_w4,336,0.07685627442466349
cam306_w4,337,0.33955709943551887
cam306_w4,338,0.13634389926183238
cam306_w4,339,0.014763352149370386
cam306_w4,340,0.04689535388623534
cam306_w4,341,0.013460703430308293
cam306_w4,342,0.013460703430308293
cam306_w4,343,0.12114633087277464
cam306_w4,344,0.07815892314372558
cam306_w4,345,0.016500217108119844
cam306_w4,346,0.03473729917498915
cam306_w4,347,0.062092922275293096
cam306_w4,348,0.02214502822405558
cam306_w4,349,0.1580547112462006
cam306_w4,350,0.2857142857142857
cam306_w4,351,0.2613981762917933
cam306_w4,352,0.1107251411202779
cam306_w4,353,0.24402952670429873
cam306_w4,354,0.24316109422492402
cam306_w4,355,0.0911854103343465
cam306_w4,356,0.06904038211029093
cam306_w4,357,0.11029092488059053
cam306_w4,358,0.10855405992184107
cam306_w4,359,0.14372557533651759
cam306_w4,360,0.006947459834997829
cam306_w4,361,0.02518454190186713
cam306_w4,362,0.12114633087277464
cam306_w4,363,0.014329135909683021
cam306_w4,364,0.10811984368215372
cam306_w4,365,0.07251411202778985
cam306_w4,366,0.07989578810247504
cam306_w4,367,0.03994789405123752
cam306_w4,368,0.21623968736430743
cam306_w4,369,0.2323056882327399
cam306_w4,370,0.187147199305254
cam306_w4,371,0.04732957012592271
cam306_w4,372,0.06817194963091619
cam306_w4,373,0.06469821971341728
cam306_w4,374,0.03126356925749023
cam306_w4,375,0.03517151541467651
cam306_w5,1,0.38636363636363635
cam306_w5,2,0.17346938775510204
cam306_w5,3,0.01855287569573284
cam306_w5,4,0.03153988868274583
cam306_w5,5,0.03525046382189239
cam306_w5,6,0.08812615955473098
cam306_w5,7,0.03153988868274583
cam306_w5,8,0.0
cam306_w5,9,0.015769944341372914
cam306_w5,10,0.015769944341372914
cam306_w5,11,0.015769944341372914
cam306_w5,12,0.03153988868274583
cam306_w5,13,0.0
cam306_w5,14,0.0
cam306_w5,15,0.0
cam306_w5,16,0.2963821892393321
cam306_w5,17,0.05102040816326531
cam306_w5,18,0.01948051948051948
cam306_w5,19,0.0
cam306_w5,20,0.008812615955473098
cam306_w5,21,0.0
cam306_w5,22,0.019944341372912802
cam306_w5,23,0.026901669758812616
cam306_w5,24,0.0
cam306_w5,25,0.059369202226345084
cam306_w5,26,0.0
cam306_w5,27,0.016233766233766232
cam306_w5,28,0.00463821892393321
cam306_w5,29,0.6512059369202227
cam306_w5,30,0.02736549165120594
cam306_w5,31,0.0
cam306_w5,32,0.0
cam306_w5,33,0.038033395176252316
cam306_w5,34,0.00463821892393321
cam306_w5,35,0.1525974025974026
cam306_w5,36,0.2017625231910946
cam306_w5,37,0.08719851576994433
cam306_w5,38,0.021799628942486084
cam306_w5,39,0.25463821892393323
cam306_w5,40,0.46382189239332094
cam306_w5,41,0.24628942486085342
cam306_w5,42,0.4383116883116883
cam306_w5,43,0.30612244897959184
cam306_w5,44,0.0
cam306_w5,45,0.0
cam306_w5,46,0.0
cam306_w5,47,0.0018552875695732839
cam306_w5,48,0.0
cam306_w5,49,0.0
cam306_w5,50,0.03339517625231911
cam306_w5,51,0.23515769944341372
cam306_w5,52,0.0
cam306_w5,53,0.0
cam306_w5,54,0.0
cam306_w5,55,0.02922077922077922
cam306_w5,56,0.015769944341372914
cam306_w5,57,0.006029684601113173
cam306_w5,58,0.10714285714285714
cam306_w5,59,0.1567717996289425
cam306_w5,60,0.3719851576994434
cam306_w5,61,0.011131725417439703
cam306_w5,62,0.0
cam306_w5,63,0.0
cam306_w5,64,0.0
cam306_w5,65,0.0037105751391465678
cam306_w5,66,0.006493506493506494
cam306_w5,67,0.0018552875695732839
cam306_w5,68,0.09090909090909091
cam306_w5,69,0.04452690166975881
cam306_w5,70,0.13589981447124305
cam306_w5,71,0.022727272727272728
cam306_w5,72,0.00974025974025974
cam306_w5,73,0.0037105751391465678
cam306_w5,74,0.0
cam306_w5,75,0.0
cam306_w5,76,0.0
cam306_w5,77,0.0
cam306_w5,78,0.0
cam306_w5,79,0.0
cam306_w5,80,0.0
cam306_w5,81,0.0
cam306_w5,82,0.0
cam306_w5,83,0.0
cam306_w5,84,0.0
cam306_w5,85,0.2900274473924977
cam306_w5,86,0.018298261665141813
cam306_w5,87,0.0
cam306_w5,88,0.0
cam306_w5,89,0.0
cam306_w5,90,0.0
cam306_w5,91,0.0018298261665141812
cam306_w5,92,0.17657822506861848
cam306_w5,93,0.0
cam306_w5,94,0.07959743824336687
cam306_w5,95,0.2616651418115279
cam306_w5,96,0.0
cam306_w5,97,0.5535224153705398
cam306_w5,98,0.6852698993595608
cam306_w5,99,0.2918572735590119
cam306_w5,100,0.17383348581884722
cam306_w5,101,0.22964318389752975
cam306_w5,102,0.19121683440073192
cam306_w5,103,0.0
cam306_w5,104,0.0
cam306_w5,105,0.07319304666056725
cam306_w5,106,0.0192131747483989
cam306_w5,107,0.18023787740164685
cam306_w5,108,0.7209515096065874
cam306_w5,109,0.4080512351326624
cam306_w5,110,0.13083257090576395
cam306_w5,111,0.48032936870997256
cam306_w5,112,0.25343092406221407
cam306_w5,113,0.3796889295516926
cam306_w5,114,0.6175663311985361
cam306_w5,115,0.1372369624885636
cam306_w5,116,0.5388838060384263
cam306_w5,117,0.5443732845379688
cam306_w5,118,0.1280878316559927
cam306_w5,119,0.3183897529734675
cam306_w5,120,0.5315645013723697
cam306_w5,121,0.5187557182067704
cam306_w5,122,0.4281793229643184
cam306_w5,123,0.3888380603842635
cam306_w5,124,0.35773101555352244
cam306_w5,125,0.0
cam306_w5,126,0.0
cam306_w5,127,0.0
cam306_w5,128,0.0
cam306_w5,129,0.0
cam306_w5,130,0.0
cam306_w5,131,0.0
cam306_w5,132,0.0
cam306_w5,133,0.006404391582799634
cam306_w5,134,0.0
cam306_w5,135,0.0
cam306_w5,136,0.0
cam306_w5,137,0.0
cam306_w5,138,0.0
cam306_w5,139,0.0
cam306_w5,140,0.0
cam306_w5,141,0.0
cam306_w5,142,0.0
cam306_w5,143,0.0
cam306_w5,144,0.0
cam306_w5,145,0.006404391582799634
cam306_w5,146,0.0
cam306_w5,147,0.0
cam306_w5,148,0.0
cam306_w5,149,0.0
cam306_w5,150,0.0
cam306_w5,151,0.0
cam306_w5,152,0.0
cam306_w5,153,0.0
cam306_w5,154,0.0
cam306_w5,155,0.0
cam306_w5,156,0.0
cam306_w5,157,0.0
cam306_w5,158,0.0
cam306_w5,159,0.0
cam306_w5,160,0.0
cam306_w5,161,0.0017376194613379669
cam306_w5,162,0.0
cam306_w5,163,0.0
cam306_w5,164,0.0
cam306_w5,165,0.010425716768027803
cam306_w5,166,0.05039096437880104
cam306_w5,167,0.05560382276281494
cam306_w5,168,0.035621198957428324
cam306_w5,169,0.03127715030408341
cam306_w5,170,0.011294526498696786
cam306_w5,171,0.04083405734144222
cam306_w5,172,0.04170286707211121
cam306_w5,173,0.13814074717636837
cam306_w5,174,0.060816681146828845
cam306_w5,175,0.011294526498696786
cam306_w5,176,0.09209383145091225
cam306_w5,177,0.3536055603822763
cam306_w5,178,0.1685490877497828
cam306_w5,179,0.0686359687228497
cam306_w5,180,0.1737619461337967
cam306_w5,181,0.018245004344048653
cam306_w5,182,0.38662033014769764
cam306_w5,183,0.09556907037358818
cam306_w5,184,0.5838401390095569
cam306_w5,185,0.05386620330147698
cam306_w5,186,0.03996524761077324
cam306_w5,187,0.1259774109470026
cam306_w5,188,0.06602953953084274
cam306_w5,189,0.3970460469157255
cam306_w5,190,0.08253692441355343
cam306_w5,191,0.011294526498696786
cam306_w5,192,0.05647263249348393
cam306_w5,193,0.0
cam306_w5,194,0.0069504778453518675
cam306_w5,195,0.013032145960034752
cam306_w5,196,0.0
cam306_w5,197,0.02693310165073849
cam306_w5,198,0.0
cam306_w5,199,0.04691572545612511
cam306_w5,200,0.03301476976542137
cam306_w5,201,0.0034752389226759338
cam306_w5,202,0.0
cam306_w5,203,0.004344048653344918
cam306_w5,204,0.0
cam306_w5,205,0.02780191138140747
cam306_w5,206,0.10078192875760209
cam306_w5,207,0.006081668114682885
cam306_w5,208,0.07732406602953953
cam306_w5,209,0.03909643788010426
cam306_w5,210,0.022589052997393572
cam306_w5,211,0.0034752389226759338
cam306_w5,212,0.0017376194613379669
cam306_w5,213,0.0
cam306_w5,214,0.0
cam306_w5,215,0.0
cam306_w5,216,0.013032145960034752
cam306_w5,217,0.0
cam306_w5,218,0.03214596003475239
cam306_w5,219,0.0
cam306_w5,220,0.014769765421372719
cam306_w5,221,0.0
cam306_w5,222,0.0
cam306_w5,223,0.0
cam306_w5,224,0.0
cam306_w5,225,0.0
cam306_w5,226,0.0
cam306_w5,227,0.0
cam306_w5,228,0.0
cam306_w5,229,0.0
cam306_w5,230,0.0
cam306_w5,231,0.0
cam306_w5,232,0.0
cam306_w5,233,0.0
cam306_w5,234,0.0
cam306_w5,235,0.0
cam306_w5,236,0.0
cam306_w5,237,0.0
cam306_w5,238,0.008595988538681949
cam306_w5,239,0.014326647564469915
cam306_w5,240,0.0680515759312321
cam306_w5,241,0.03868194842406877
cam306_w5,242,0.14255014326647564
cam306_w5,243,0.08954154727793696
cam306_w5,244,0.15687679083094555
cam306_w5,245,0.3517191977077364
cam306_w5,246,0.5343839541547278
cam306_w5,247,0.3237822349570201
cam306_w5,248,0.08595988538681948
cam306_w5,249,0.27578796561604585
cam306_w5,250,0.3553008595988539
cam306_w5,251,0.3510028653295129
cam306_w5,252,0.5830945558739254
cam306_w5,253,0.5393982808022922
cam306_w5,254,0.4355300859598854
cam306_w5,255,0.07449856733524356
cam306_w5,256,0.11031518624641834
cam306_w5,257,0.24641833810888253
cam306_w5,258,0.0
cam306_w5,259,0.0071633237822349575
cam306_w5,260,0.0
cam306_w5,261,0.0064469914040114614
cam306_w5,262,0.01790830945558739
cam306_w5,263,0.02650429799426934
cam306_w5,264,0.0
cam306_w5,265,0.025787965616045846
cam306_w5,266,0.00501432664756447
cam306_w5,267,0.0
cam306_w5,268,0.0
cam306_w5,269,0.008595988538681949
cam306_w5,270,0.083810888252149
cam306_w5,271,0.0028653295128939827
cam306_w5,272,0.010744985673352435
cam306_w5,273,0.010744985673352435
cam306_w5,274,0.16045845272206305
cam306_w5,275,0.10601719197707736
cam306_w5,276,0.05515759312320917
cam306_w5,277,0.045845272206303724
cam306_w5,278,0.0
cam306_w5,279,0.011461318051575931
cam306_w5,280,0.05730659025787966
cam306_w5,281,0.17979942693409742
cam306_w5,282,0.5050143266475645
cam306_w5,283,0.18481375358166188
cam306_w5,284,0.7643266475644699
cam306_w5,285,0.8631805157593123
cam306_w5,286,0.02865329512893983
cam306_w5,287,0.0057306590257879654
cam306_w5,288,0.004297994269340974
cam306_w5,289,0.008595988538681949
cam306_w5,290,0.01862464183381089
cam306_w5,291,0.034383954154727794
cam306_w5,292,0.010744985673352435
cam306_w5,293,0.0064469914040114614
cam306_w5,294,0.0
cam306_w5,295,0.11174785100286533
cam306_w5,296,0.027220630372492838
cam306_w5,297,0.10243553008595989
cam306_w5,298,0.01002865329512894
cam306_w5,299,0.0057306590257879654
cam306_w5,300,0.0
cam306_w5,301,0.0
cam306_w5,302,0.0
cam306_w5,303,0.0
cam306_w5,304,0.0
cam306_w5,305,0.0
cam306_w5,306,0.0
cam306_w5,307,0.0
cam306_w5,308,0.0
cam306_w5,309,0.0
cam306_w5,310,0.0
cam306_w5,311,0.001327433628318584
cam306_w5,312,0.0008849557522123894
cam306_w5,313,0.0
cam306_w5,314,0.0
cam306_w5,315,0.02256637168141593
cam306_w5,316,0.020353982300884955
cam306_w5,317,0.005752212389380531
cam306_w5,318,0.084070796460177
cam306_w5,319,0.04026548672566372
cam306_w5,320,0.03008849557522124
cam306_w5,321,0.2774336283185841
cam306_w5,322,0.06504424778761062
cam306_w5,323,0.021238938053097345
cam306_w5,324,0.049557522123893805
cam306_w5,325,0.11592920353982301
cam306_w5,326,0.1075221238938053
cam306_w5,327,0.12079646017699115
cam306_w5,328,0.08451327433628318
cam306_w5,329,0.10044247787610619
cam306_w5,330,0.22831858407079647
cam306_w5,331,0.0
cam306_w5,332,0.0017699115044247787
cam306_w5,333,0.0
cam306_w5,334,0.003982300884955752
cam306_w5,335,0.006194690265486726
cam306_w5,336,0.03008849557522124
cam306_w5,337,0.00663716814159292
cam306_w5,338,0.024778761061946902
cam306_w5,339,0.0
cam306_w5,340,0.016814159292035398
cam306_w5,341,0.0017699115044247787
cam306_w5,342,0.007079646017699115
cam306_w5,343,0.00663716814159292
cam306_w5,344,0.15752212389380532
cam306_w5,345,0.033185840707964605
cam306_w5,346,0.08982300884955752
cam306_w5,347,0.0420353982300885
cam306_w5,348,0.13893805309734514
cam306_w5,349,0.22300884955752212
cam306_w5,350,0.2491150442477876
cam306_w5,351,0.134070796460177
cam306_w5,352,0.18539823008849557
cam306_w5,353,0.3486725663716814
cam306_w5,354,0.18982300884955752
cam306_w5,355,0.18805309734513273
cam306_w5,356,0.4101769911504425
cam306_w5,357,0.15486725663716813
cam306_w5,358,0.31902654867256636
cam306_w5,359,0.21017699115044247
cam306_w5,360,0.13274336283185842
cam306_w5,361,0.1752212389380531
cam306_w5,362,0.07256637168141593
cam306_w5,363,0.18495575221238938
cam306_w5,364,0.6707964601769911
cam306_w5,365,0.2553097345132743
cam306_w5,366,0.06017699115044248
cam306_w5,367,0.04601769911504425
cam306_w5,368,0.07831858407079646
cam306_w5,369,0.09601769911504425
cam306_w5,370,0.11814159292035398
cam306_w5,371,0.28230088495575223
cam306_w5,372,0.17345132743362832
cam306_w5,373,0.48584070796460177
cam306_w5,374,0.24424778761061947
cam306_w5,375,0.10486725663716814
cam306_w6,1,0.16212232866617537
cam306_w6,2,0.11422254974207811
cam306_w6,3,0.17759764185703758
cam306_w6,4,0.018422991893883568
cam306_w6,5,0.07295504789977893
cam306_w6,6,0.16285924834193072
cam306_w6,7,0.0014738393515106854
cam306_w6,8,0.01105379513633014
cam306_w6,9,0.1798084008843036
cam306_w6,10,0.0
cam306_w6,11,0.0
cam306_w6,12,0.032424465733235076
cam306_w6,13,0.047899778924097275
cam306_w6,14,0.6794399410464259
cam306_w6,15,0.0
cam306_w6,16,0.0014738393515106854
cam306_w6,17,0.0
cam306_w6,18,0.0
cam306_w6,19,0.0
cam306_w6,20,0.0707442888725129
cam306_w6,21,0.040530582166543844
cam306_w6,22,0.2505526897568165
cam306_w6,23,0.0
cam306_w6,24,0.18570375829034635
cam306_w6,25,0.027266028002947678
cam306_w6,26,0.0
cam306_w6,27,0.0058953574060427415
cam306_w6,28,0.006632277081798084
cam306_w6,29,0.0
cam306_w6,30,0.0
cam306_w6,31,0.0
cam306_w6,32,0.0
cam306_w6,33,0.0
cam306_w6,34,0.0
cam306_w6,35,0.0
cam306_w6,36,0.0
cam306_w6,37,0.0
cam306_w6,38,0.0
cam306_w6,39,0.0
cam306_w6,40,0.0
cam306_w6,41,0.0
cam306_w6,42,0.0
cam306_w6,43,0.07148120854826824
cam306_w6,44,0.12306558585114223
cam306_w6,45,0.02210759027266028
cam306_w6,46,0.0
cam306_w6,47,0.02210759027266028
cam306_w6,48,0.010316875460574797
cam306_w6,49,0.007369196757553427
cam306_w6,50,0.09211495946941783
cam306_w6,51,0.03168754605747973
cam306_w6,52,0.043478260869565216
cam306_w6,53,0.0
cam306_w6,54,0.0
cam306_w6,55,0.0
cam306_w6,56,0.012527634487840826
cam306_w6,57,0.02800294767870302
cam306_w6,58,0.22254974207811348
cam306_w6,59,0.028739867354458364
cam306_w6,60,0.0
cam306_w6,61,0.0007369196757553427
cam306_w6,62,0.0
cam306_w6,63,0.0058953574060427415
cam306_w6,64,0.0
cam306_w6,65,0.016212232866617538
cam306_w6,66,0.004421518054532056
cam306_w6,67,0.0
cam306_w6,68,0.0
cam306_w6,69,0.017686072218128224
cam306_w6,70,0.0
cam306_w6,71,0.0
cam306_w6,72,0.0
cam306_w6,73,0.0
cam306_w6,74,0.0
cam306_w6,75,0.0
cam306_w6,76,0.0
cam306_w6,77,0.0
cam306_w6,78,0.0
cam306_w6,79,0.0
cam306_w6,80,0.0
cam306_w6,81,0.0
cam306_w6,82,0.0
cam306_w6,83,0.0
cam306_w6,84,0.0
cam306_w6,85,0.0
cam306_w6,86,0.0
cam306_w6,87,0.0
cam306_w6,88,0.0
cam306_w6,89,0.0
cam306_w6,90,0.0475266731328807
cam306_w6,91,0.002909796314258002
cam306_w6,92,0.0
cam306_w6,93,0.0
cam306_w6,94,0.18622696411251213
cam306_w6,95,0.1096023278370514
cam306_w6,96,0.22405431619786614
cam306_w6,97,0.20853540252182348
cam306_w6,98,0.17652764306498545
cam306_w6,99,0.17943743937924345
cam306_w6,100,0.26576139670223087
cam306_w6,101,0.07468477206595538
cam306_w6,102,0.12415130940834142
cam306_w6,103,0.0863239573229874
cam306_w6,104,0.02521823472356935
cam306_w6,105,0.03297769156159069
cam306_w6,106,0.05140640155189137
cam306_w6,107,0.20853540252182348
cam306_w6,108,0.5470417070805044
cam306_w6,109,0.22114451988360814
cam306_w6,110,0.2938894277400582
cam306_w6,111,0.0
cam306_w6,112,0.0
cam306_w6,113,0.02521823472356935
cam306_w6,114,0.008729388942774006
cam306_w6,115,0.005819592628516004
cam306_w6,116,0.0
cam306_w6,117,0.09893307468477207
cam306_w6,118,0.041707080504364696
cam306_w6,119,0.478176527643065
cam306_w6,120,0.8360814742967992
cam306_w6,121,0.7652764306498545
cam306_w6,122,0.058195926285160036
cam306_w6,123,0.2017458777885548
cam306_w6,124,0.002909796314258002
cam306_w6,125,0.03394762366634336
cam306_w6,126,0.0
cam306_w6,127,0.0
cam306_w6,128,0.0
cam306_w6,129,0.0
cam306_w6,130,0.0
cam306_w6,131,0.0
cam306_w6,132,0.0
cam306_w6,133,0.0
cam306_w6,134,0.0
cam306_w6,135,0.0
cam306_w6,136,0.0
cam306_w6,137,0.0
cam306_w6,138,0.0
cam306_w6,139,0.0
cam306_w6,140,0.0
cam306_w6,141,0.0
cam306_w6,142,0.052376333656644035
cam306_w6,143,0.005819592628516004
cam306_w6,144,0.0
cam306_w6,145,0.0
cam306_w6,146,0.0
cam306_w6,147,0.0
cam306_w6,148,0.0
cam306_w6,149,0.0
cam306_w6,150,0.0
cam306_w6,151,0.0
cam306_w6,152,0.0
cam306_w6,153,0.0
cam306_w6,154,0.0
cam306_w6,155,0.0
cam306_w6,156,0.0
cam306_w6,157,0.0
cam306_w6,158,0.0
cam306_w6,159,0.0
cam306_w6,160,0.0
cam306_w6,161,0.0
cam306_w6,162,0.0
cam306_w6,163,0.0
cam306_w6,164,0.0
cam306_w6,165,0.0
cam306_w6,166,0.0
cam306_w6,167,0.006398537477148081
cam306_w6,168,0.0009140767824497258
cam306_w6,169,0.0
cam306_w6,170,0.008226691042047532
cam306_w6,171,0.0
cam306_w6,172,0.15173674588665448
cam306_w6,173,0.0
cam306_w6,174,0.12522851919561243
cam306_w6,175,0.23217550274223034
cam306_w6,176,0.6288848263254113
cam306_w6,177,0.5155393053016454
cam306_w6,178,0.8738574040219378
cam306_w6,179,0.21846435100548445
cam306_w6,180,0.20018281535648993
cam306_w6,181,0.5447897623400365
cam306_w6,182,0.4725776965265082
cam306_w6,183,0.055758683729433274
cam306_w6,184,0.23308957952468007
cam306_w6,185,0.015539305301645339
cam306_w6,186,0.013711151736745886
cam306_w6,187,0.043875685557586835
cam306_w6,188,0.0
cam306_w6,189,0.0
cam306_w6,190,0.004570383912248629
cam306_w6,191,0.0
cam306_w6,192,0.0
cam306_w6,193,0.0
cam306_w6,194,0.25045703839122485
cam306_w6,195,0.04021937842778794
cam306_w6,196,0.003656307129798903
cam306_w6,197,0.009140767824497258
cam306_w6,198,0.002742230347349177
cam306_w6,199,0.0
cam306_w6,200,0.0
cam306_w6,201,0.02102376599634369
cam306_w6,202,0.0
cam306_w6,203,0.0
cam306_w6,204,0.0
cam306_w6,205,0.0
cam306_w6,206,0.0
cam306_w6,207,0.0
cam306_w6,208,0.0
cam306_w6,209,0.002742230347349177
cam306_w6,210,0.0
cam306_w6,211,0.0
cam306_w6,212,0.005484460694698354
cam306_w6,213,0.0
cam306_w6,214,0.0
cam306_w6,215,0.010968921389396709
cam306_w6,216,0.0
cam306_w6,217,0.10603290676416818
cam306_w6,218,0.029250457038391225
cam306_w6,219,0.03016453382084095
cam306_w6,220,0.0
cam306_w6,221,0.0
cam306_w6,222,0.0
cam306_w6,223,0.0
cam306_w6,224,0.0
cam306_w6,225,0.0
cam306_w6,226,0.0
cam306_w6,227,0.0
cam306_w6,228,0.0
cam306_w6,229,0.0
cam306_w6,230,0.0
cam306_w6,231,0.0
cam306_w6,232,0.0
cam306_w6,233,0.0
cam306_w6,234,0.0
cam306_w6,235,0.0
cam306_w6,236,0.0
cam306_w6,237,0.0494269340974212
cam306_w6,238,0.0
cam306_w6,239,0.0057306590257879654
cam306_w6,240,0.002148997134670487
cam306_w6,241,0.0
cam306_w6,242,0.0
cam306_w6,243,0.0
cam306_w6,244,0.03510028653295129
cam306_w6,245,0.07163323782234957
cam306_w6,246,0.417621776504298
cam306_w6,247,0.5737822349570201
cam306_w6,248,0.5372492836676218
cam306_w6,249,0.0995702005730659
cam306_w6,250,0.5716332378223495
cam306_w6,251,0.4584527220630373
cam306_w6,252,0.32593123209169056
cam306_w6,253,0.002148997134670487
cam306_w6,254,0.013610315186246419
cam306_w6,255,0.025787965616045846
cam306_w6,256,0.0
cam306_w6,257,0.01002865329512894
cam306_w6,258,0.034383954154727794
cam306_w6,259,0.0
cam306_w6,260,0.0
cam306_w6,261,0.0035816618911174787
cam306_w6,262,0.002148997134670487
cam306_w6,263,0.0057306590257879654
cam306_w6,264,0.01790830945558739
cam306_w6,265,0.0007163323782234957
cam306_w6,266,0.0164756446991404
cam306_w6,267,0.0680515759312321
cam306_w6,268,0.013610315186246419
cam306_w6,269,0.05873925501432665
cam306_w6,270,0.08882521489971347
cam306_w6,271,0.1497134670487106
cam306_w6,272,0.008595988538681949
cam306_w6,273,0.030802292263610316
cam306_w6,274,0.0071633237822349575
cam306_w6,275,0.0
cam306_w6,276,0.0
cam306_w6,277,0.0164756446991404
cam306_w6,278,0.0007163323782234957
cam306_w6,279,0.0071633237822349575
cam306_w6,280,0.04871060171919771
cam306_w6,281,0.03868194842406877
cam306_w6,282,0.004297994269340974
cam306_w6,283,0.0
cam306_w6,284,0.0
cam306_w6,285,0.03151862464183381
cam306_w6,286,0.01002865329512894
cam306_w6,287,0.0
cam306_w6,288,0.032234957020057305
cam306_w6,289,0.01002865329512894
cam306_w6,290,0.13825214899713467
cam306_w6,291,0.042263610315186245
cam306_w6,292,0.11031518624641834
cam306_w6,293,0.0028653295128939827
cam306_w6,294,0.04369627507163324
cam306_w6,295,0.011461318051575931
cam306_w6,296,0.00501432664756447
cam306_w6,297,0.0035816618911174787
cam306_w6,298,0.0071633237822349575
cam306_w6,299,0.01504297994269341
cam306_w6,300,0.0
cam306_w6,301,0.0
cam306_w6,302,0.0
cam306_w6,303,0.0
cam306_w6,304,0.0
cam306_w6,305,0.0
cam306_w6,306,0.0
cam306_w6,307,0.0030541012216404886
cam306_w6,308,0.0
cam306_w6,309,0.0004363001745200698
cam306_w6,310,0.005235602094240838
cam306_w6,311,0.013525305410122163
cam306_w6,312,0.005671902268760907
cam306_w6,313,0.13525305410122165
cam306_w6,314,0.07547993019197208
cam306_w6,315,0.007417102966841187
cam306_w6,316,0.10340314136125654
cam306_w6,317,0.22033158813263526
cam306_w6,318,0.29450261780104714
cam306_w6,319,0.33420593368237345
cam306_w6,320,0.31893542757417104
cam306_w6,321,0.22338568935427575
cam306_w6,322,0.15881326352530542
cam306_w6,323,0.337696335078534
cam306_w6,324,0.26788830715532286
cam306_w6,325,0.11387434554973822
cam306_w6,326,0.062390924956369984
cam306_w6,327,0.015270506108202443
cam306_w6,328,0.009162303664921465
cam306_w6,329,0.10907504363001745
cam306_w6,330,0.14616055846422338
cam306_w6,331,0.0008726003490401396
cam306_w6,332,0.0274869109947644
cam306_w6,333,0.034904013961605584
cam306_w6,334,0.09075043630017451
cam306_w6,335,0.002181500872600349
cam306_w6,336,0.16055846422338568
cam306_w6,337,0.2425828970331588
cam306_w6,338,0.037085514834205933
cam306_w6,339,0.05410122164048865
cam306_w6,340,0.22643979057591623
cam306_w6,341,0.23080279232111692
cam306_w6,342,0.08769633507853403
cam306_w6,343,0.060209424083769635
cam306_w6,344,0.014834205933682374
cam306_w6,345,0.01832460732984293
cam306_w6,346,0.1417975567190227
cam306_w6,347,0.01963350785340314
cam306_w6,348,0.011780104712041885
cam306_w6,349,0.054537521815008726
cam306_w6,350,0.04581151832460733
cam306_w6,351,0.10471204188481675
cam306_w6,352,0.04581151832460733
cam306_w6,353,0.0
cam306_w6,354,0.0
cam306_w6,355,0.0017452006980802793
cam306_w6,356,0.015270506108202443
cam306_w6,357,0.15357766143106458
cam306_w6,358,0.033595113438045374
cam306_w6,359,0.060209424083769635
cam306_w6,360,0.14790575916230367
cam306_w6,361,0.07940663176265271
cam306_w6,362,0.0780977312390925
cam306_w6,363,0.2168411867364747
cam306_w6,364,0.22905759162303665
cam306_w6,365,0.2844677137870855
cam306_w6,366,0.43237347294938916
cam306_w6,367,0.25654450261780104
cam306_w6,368,0.2801047120418848
cam306_w6,369,0.1762652705061082
cam306_w6,370,0.13656195462478185
cam306_w6,371,0.13961605584642234
cam306_w6,372,0.09511343804537521
cam306_w6,373,0.11605584642233857
cam306_w6,374,0.039703315881326355
cam306_w6,375,0.010034904013961605
cam307_w1,1,0.018258426966292134
cam307_w1,2,0.009129213483146067
cam307_w1,3,0.0
cam307_w1,4,0.0
cam307_w1,5,0.046348314606741575
cam307_w1,6,0.0
cam307_w1,7,0.20926966292134833
cam307_w1,8,0.2556179775280899
cam307_w1,9,0.7654494382022472
cam307_w1,10,0.013342696629213483
cam307_w1,11,0.02949438202247191
cam307_w1,12,0.04985955056179775
cam307_w1,13,0.08497191011235955
cam307_w1,14,0.018960674157303372
cam307_w1,15,0.1172752808988764
cam307_w1,16,0.07092696629213484
cam307_w1,17,0.0
cam307_w1,18,0.0
cam307_w1,19,0.0
cam307_w1,20,0.0014044943820224719
cam307_w1,21,0.0351123595505618
cam307_w1,22,0.14396067415730338
cam307_w1,23,0.1818820224719101
cam307_w1,24,0.40941011235955055
cam307_w1,25,0.23735955056179775
cam307_w1,26,0.013342696629213483
cam307_w1,27,0.0
cam307_w1,28,0.0
cam307_w1,29,0.0
cam307_w1,30,0.061095505617977525
cam307_w1,31,0.0
cam307_w1,32,0.1544943820224719
cam307_w1,33,0.2169943820224719
cam307_w1,34,0.0175561797752809
cam307_w1,35,0.02949438202247191
cam307_w1,36,0.0
cam307_w1,37,0.0
cam307_w1,38,0.009831460674157303
cam307_w1,39,0.0
cam307_w1,40,0.03581460674157303
cam307_w1,41,0.0
cam307_w1,42,0.0035112359550561797
cam307_w1,43,0.0
cam307_w1,44,0.0
cam307_w1,45,0.0
cam307_w1,46,0.0
cam307_w1,47,0.0028089887640449437
cam307_w1,48,0.04353932584269663
cam307_w1,49,0.0035112359550561797
cam307_w1,50,0.0
cam307_w1,51,0.0175561797752809
cam307_w1,52,0.0
cam307_w1,53,0.0
cam307_w1,54,0.0
cam307_w1,55,0.016151685393258428
cam307_w1,56,0.0014044943820224719
cam307_w1,57,0.0007022471910112359
cam307_w1,58,0.0
cam307_w1,59,0.0
cam307_w1,60,0.021067415730337078
cam307_w1,61,0.04073033707865169
cam307_w1,62,0.09129213483146068
cam307_w1,63,0.009129213483146067
cam307_w1,64,0.0028089887640449437
cam307_w1,65,0.013342696629213483
cam307_w1,66,0.15941011235955055
cam307_w1,67,0.014747191011235955
cam307_w1,68,0.0
cam307_w1,69,0.007724719101123595
cam307_w1,70,0.008426966292134831
cam307_w1,71,0.18679775280898878
cam307_w1,72,0.0
cam307_w1,73,0.0
cam307_w1,74,0.0449438202247191
cam307_w1,75,0.0
cam307_w1,76,0.0
cam307_w1,77,0.0016155088852988692
cam307_w1,78,0.0
cam307_w1,79,0.0
cam307_w1,80,0.0
cam307_w1,81,0.0
cam307_w1,82,0.0
cam307_w1,83,0.0
cam307_w1,84,0.0
cam307_w1,85,0.0
cam307_w1,86,0.0
cam307_w1,87,0.0
cam307_w1,88,0.0
cam307_w1,89,0.0
cam307_w1,90,0.0
cam307_w1,91,0.0
cam307_w1,92,0.0
cam307_w1,93,0.0
cam307_w1,94,0.0
cam307_w1,95,0.0
cam307_w1,96,0.10096930533117932
cam307_w1,97,0.023424878836833602
cam307_w1,98,0.3998384491114701
cam307_w1,99,0.0024232633279483036
cam307_w1,100,0.46607431340872374
cam307_w1,101,0.6332794830371568
cam307_w1,102,0.7584814216478191
cam307_w1,103,0.12277867528271405
cam307_w1,104,0.22536348949919224
cam307_w1,105,0.40549273021001614
cam307_w1,106,0.05088852988691438
cam307_w1,107,0.6736672051696284
cam307_w1,108,0.7027463651050081
cam307_w1,109,0.2544426494345719
cam307_w1,110,0.021809369951534735
cam307_w1,111,0.23424878836833601
cam307_w1,112,0.33117932148626816
cam307_w1,113,0.21809369951534732
cam307_w1,114,0.08077544426494346
cam307_w1,115,0.0
cam307_w1,116,0.08077544426494346
cam307_w1,117,0.04361873990306947
cam307_w1,118,0.04361873990306947
cam307_w1,119,0.021809369951534735
cam307_w1,120,0.05331179321486268
cam307_w1,121,0.01050080775444265
cam307_w1,122,0.007269789983844911
cam307_w1,123,0.04119547657512116
cam307_w1,124,0.13731825525040386
cam307_w1,125,0.19143780290791598
cam307_w1,126,0.0
cam307_w1,127,0.19143780290791598
cam307_w1,128,0.31179321486268174
cam307_w1,129,0.3465266558966074
cam307_w1,130,0.1421647819063005
cam307_w1,131,0.172859450726979
cam307_w1,132,0.0
cam307_w1,133,0.0
cam307_w1,134,0.01615508885298869
cam307_w1,135,0.0
cam307_w1,136,0.0
cam307_w1,137,0.0008077544426494346
cam307_w1,138,0.006462035541195477
cam307_w1,139,0.0
cam307_w1,140,0.004038772213247173
cam307_w1,141,0.009693053311793215
cam307_w1,142,0.017770597738287562
cam307_w1,143,0.029079159935379646
cam307_w1,144,0.2956381260096931
cam307_w1,145,0.4531502423263328
cam307_w1,146,0.25121163166397414
cam307_w1,147,0.006462035541195477
cam307_w1,148,0.0
cam307_w1,149,0.0
cam307_w1,150,0.0
cam307_w1,151,0.0
cam307_w1,152,0.0
cam307_w1,153,0.0
cam307_w1,154,0.0
cam307_w1,155,0.0
cam307_w1,156,0.0
cam307_w1,157,0.0008368200836820083
cam307_w1,158,0.0
cam307_w1,159,0.0
cam307_w1,160,0.0
cam307_w1,161,0.0
cam307_w1,162,0.0008368200836820083
cam307_w1,163,0.0
cam307_w1,164,0.0
cam307_w1,165,0.0016736401673640166
cam307_w1,166,0.032635983263598324
cam307_w1,167,0.029288702928870293
cam307_w1,168,0.015899581589958158
cam307_w1,169,0.09456066945606695
cam307_w1,170,0.34309623430962344
cam307_w1,171,0.18577405857740587
cam307_w1,172,0.15313807531380752
cam307_w1,173,0.28368200836820084
cam307_w1,174,0.29456066945606696
cam307_w1,175,0.295397489539749
cam307_w1,176,0.2744769874476987
cam307_w1,177,0.6209205020920502
cam307_w1,178,0.5405857740585774
cam307_w1,179,0.5364016736401673
cam307_w1,180,0.8092050209205021
cam307_w1,181,0.6912133891213389
cam307_w1,182,0.026778242677824266
cam307_w1,183,0.007531380753138075
cam307_w1,184,0.4502092050209205
cam307_w1,185,0.6368200836820084
cam307_w1,186,0.7297071129707113
cam307_w1,187,0.7765690376569038
cam307_w1,188,0.6485355648535565
cam307_w1,189,0.011715481171548118
cam307_w1,190,0.0
cam307_w1,191,0.005857740585774059
cam307_w1,192,0.0
cam307_w1,193,0.012552301255230125
cam307_w1,194,0.0041841004184100415
cam307_w1,195,0.0033472803347280333
cam307_w1,196,0.018410041841004185
cam307_w1,197,0.03430962343096234
cam307_w1,198,0.0
cam307_w1,199,0.005857740585774059
cam307_w1,200,0.019246861924686193
cam307_w1,201,0.0
cam307_w1,202,0.0
cam307_w1,203,0.0
cam307_w1,204,0.0
cam307_w1,205,0.0
cam307_w1,206,0.0016736401673640166
cam307_w1,207,0.0
cam307_w1,208,0.009205020920502092
cam307_w1,209,0.0041841004184100415
cam307_w1,210,0.01506276150627615
cam307_w1,211,0.009205020920502092
cam307_w1,212,0.0
cam307_w1,213,0.007531380753138075
cam307_w1,214,0.0
cam307_w1,215,0.0100418410041841
cam307_w1,216,0.20753138075313807
cam307_w1,217,0.048535564853556486
cam307_w1,218,0.0016736401673640166
cam307_w1,219,0.0
cam307_w1,220,0.0033472803347280333
cam307_w1,221,0.009205020920502092
cam307_w1,222,0.0033472803347280333
cam307_w1,223,0.009205020920502092
cam307_w1,224,0.0066945606694560665
cam307_w1,225,0.0
cam307_w1,226,0.0
cam307_w1,227,0.0
cam307_w1,228,0.0
cam307_w1,229,0.0
cam307_w1,230,0.03950256035113387
cam307_w1,231,0.0
cam307_w1,232,0.0
cam307_w1,233,0.0
cam307_w1,234,0.0
cam307_w1,235,0.016093635698610095
cam307_w1,236,0.0043891733723482075
cam307_w1,237,0.04535479151426482
cam307_w1,238,0.005120702267739576
cam307_w1,239,0.015362106803218726
cam307_w1,240,0.006583760058522311
cam307_w1,241,0.0036576444769568397
cam307_w1,242,0.008778346744696415
cam307_w1,243,0.15215801024140455
cam307_w1,244,0.055596196049743966
cam307_w1,245,0.15581565471836137
cam307_w1,246,0.1960497439648866
cam307_w1,247,0.3811265544989027
cam307_w1,248,0.1733723482077542
cam307_w1,249,0.02487198244330651
cam307_w1,250,0.055596196049743966
cam307_w1,251,0.3057790782735918
cam307_w1,252,0.33650329188002925
cam307_w1,253,0.32260424286759326
cam307_w1,254,0.39063643013899046
cam307_w1,255,0.03438185808339429
cam307_w1,256,0.011704462326261888
cam307_w1,257,0.026335040234089245
cam307_w1,258,0.013899049012435992
cam307_w1,259,0.06510607168983175
cam307_w1,260,0.07681053401609364
cam307_w1,261,0.5171909290416972
cam307_w1,262,0.6283833211411851
cam307_w1,263,0.03218727139722019
cam307_w1,264,0.04023408924652524
cam307_w1,265,0.1894659839063643
cam307_w1,266,0.04462326261887344
cam307_w1,267,0.04901243599122165
cam307_w1,268,0.1141185076810534
cam307_w1,269,0.1872713972201902
cam307_w1,270,0.08632040965618142
cam307_w1,271,0.015362106803218726
cam307_w1,272,0.05193855157278712
cam307_w1,273,0.03584491587417703
cam307_w1,274,0.12216532553035844
cam307_w1,275,0.07315288953913679
cam307_w1,276,0.03438185808339429
cam307_w1,277,0.010972933430870519
cam307_w1,278,0.012435991221653255
cam307_w1,279,0.026335040234089245
cam307_w1,280,0.15508412582297001
cam307_w1,281,0.03950256035113387
cam307_w1,282,0.10534016093635698
cam307_w1,283,0.5720555961960497
cam307_w1,284,0.024140453547915143
cam307_w1,285,0.35918068763716166
cam307_w1,286,0.07315288953913679
cam307_w1,287,0.08632040965618142
cam307_w1,288,0.09070958302852963
cam307_w1,289,0.06071689831748354
cam307_w1,290,0.0036576444769568397
cam307_w1,291,0.053401609363569864
cam307_w1,292,0.05998536942209217
cam307_w1,293,0.0592538405267008
cam307_w1,294,0.10899780541331383
cam307_w1,295,0.029992684711046085
cam307_w1,296,0.027066569129480616
cam307_w1,297,0.03511338697878566
cam307_w1,298,0.0
cam307_w1,299,0.012435991221653255
cam307_w1,300,0.006583760058522311
cam307_w1,301,0.0
cam307_w1,302,0.0017368649587494573
cam307_w1,303,0.0
cam307_w1,304,0.0
cam307_w1,305,0.0034737299174989146
cam307_w1,306,0.0
cam307_w1,307,0.0017368649587494573
cam307_w1,308,0.0
cam307_w1,309,0.004342162396873643
cam307_w1,310,0.04168475900998697
cam307_w1,311,0.01997394702561876
cam307_w1,312,0.0
cam307_w1,313,0.0
cam307_w1,314,0.02214502822405558
cam307_w1,315,0.006947459834997829
cam307_w1,316,0.008250108554059922
cam307_w1,317,0.0039079461571862786
cam307_w1,318,0.01910551454624403
cam307_w1,319,0.022579244463742945
cam307_w1,320,0.23621363438992618
cam307_w1,321,0.1884498480243161
cam307_w1,322,0.2201476335214937
cam307_w1,323,0.2505427702996092
cam307_w1,324,0.26487190620929224
cam307_w1,325,0.18106817194963093
cam307_w1,326,0.22318714719930524
cam307_w1,327,0.1849761181068172
cam307_w1,328,0.18193660442900564
cam307_w1,329,0.03994789405123752
cam307_w1,330,0.13634389926183238
cam307_w1,331,0.23447676943117673
cam307_w1,332,0.2687798523664785
cam307_w1,333,0.3577941815023882
cam307_w1,334,0.5874945722970039
cam307_w1,335,0.15762049500651323
cam307_w1,336,0.12722535822839776
cam307_w1,337,0.16152844116369952
cam307_w1,338,0.20191055145462442
cam307_w1,339,0.05080330004342162
cam307_w1,340,0.28050369083803733
cam307_w1,341,0.09031697785497178
cam307_w1,342,0.08380373425966131
cam307_w1,343,0.17108119843682154
cam307_w1,344,0.2765957446808511
cam307_w1,345,0.10160660008684325
cam307_w1,346,0.12418584455058619
cam307_w1,347,0.0911854103343465
cam307_w1,348,0.04168475900998697
cam307_w1,349,0.20277898393399912
cam307_w1,350,0.03126356925749023
cam307_w1,351,0.10508033000434217
cam307_w1,352,0.09379070777247069
cam307_w1,353,0.008684324793747287
cam307_w1,354,0.07815892314372558
cam307_w1,355,0.2409900130264872
cam307_w1,356,0.09379070777247069
cam307_w1,357,0.3434650455927052
cam307_w1,358,0.3938341293964394
cam307_w1,359,0.187147199305254
cam307_w1,360,0.19062092922275292
cam307_w1,361,0.1389491966999566
cam307_w1,362,0.1267911419887104
cam307_w1,363,0.11897524967433783
cam307_w1,364,0.06513243595310464
cam307_w1,365,0.10811984368215372
cam307_w1,366,0.011289622231871473
cam307_w1,367,0.10204081632653061
cam307_w1,368,0.022579244463742945
cam307_w1,369,0.026487190620929222
cam307_w1,370,0.05254016500217108
cam307_w1,371,0.0694745983499783
cam307_w1,372,0.021710811984368215
cam307_w1,373,0.1411202778983934
cam307_w1,374,0.029960920538428137
cam307_w1,375,0.18671298306556666
cam307_w2,1,0.02996941896024465
cam307_w2,2,0.03363914373088685
cam307_w2,3,0.0
cam307_w2,4,0.020795107033639144
cam307_w2,5,0.0
cam307_w2,6,0.0
cam307_w2,7,0.004892966360856269
cam307_w2,8,0.0
cam307_w2,9,0.039755351681957186
cam307_w2,10,0.007339449541284404
cam307_w2,11,0.0024464831804281344
cam307_w2,12,0.1565749235474006
cam307_w2,13,0.20978593272171253
cam307_w2,14,0.0599388379204893
cam307_w2,15,0.05932721712538226
cam307_w2,16,0.3174311926605505
cam307_w2,17,0.14495412844036698
cam307_w2,18,0.0782874617737003
cam307_w2,19,0.4831804281345566
cam307_w2,20,0.012844036697247707
cam307_w2,21,0.004892966360856269
cam307_w2,22,0.0
cam307_w2,23,0.0
cam307_w2,24,0.0
cam307_w2,25,0.0
cam307_w2,26,0.03486238532110092
cam307_w2,27,0.01345565749235474
cam307_w2,28,0.054434250764525995
cam307_w2,29,0.0
cam307_w2,30,0.0
cam307_w2,31,0.0
cam307_w2,32,0.004892966360856269
cam307_w2,33,0.0
cam307_w2,34,0.10030581039755351
cam307_w2,35,0.022018348623853212
cam307_w2,36,0.0030581039755351682
cam307_w2,37,0.04036697247706422
cam307_w2,38,0.02996941896024465
cam307_w2,39,0.031192660550458717
cam307_w2,40,0.011009174311926606
cam307_w2,41,0.02874617737003058
cam307_w2,42,0.09418960244648318
cam307_w2,43,0.10703363914373089
cam307_w2,44,0.0
cam307_w2,45,0.022629969418960245
cam307_w2,46,0.017737003058103974
cam307_w2,47,0.007339449541284404
cam307_w2,48,0.09663608562691131
cam307_w2,49,0.07400611620795107
cam307_w2,50,0.03730886850152905
cam307_w2,51,0.001834862385321101
cam307_w2,52,0.1749235474006116
cam307_w2,53,0.0709480122324159
cam307_w2,54,0.0030581039755351682
cam307_w2,55,0.031192660550458717
cam307_w2,56,0.1363914373088685
cam307_w2,57,0.11559633027522936
cam307_w2,58,0.1712538226299694
cam307_w2,59,0.1620795107033639
cam307_w2,60,0.0
cam307_w2,61,0.025688073394495414
cam307_w2,62,0.010397553516819572
cam307_w2,63,0.011620795107033639
cam307_w2,64,0.04159021406727829
cam307_w2,65,0.1308868501529052
cam307_w2,66,0.12048929663608562
cam307_w2,67,0.05137614678899083
cam307_w2,68,0.03486238532110092
cam307_w2,69,0.06788990825688074
cam307_w2,70,0.0
cam307_w2,71,0.0
cam307_w2,72,0.0
cam307_w2,73,0.0
cam307_w2,74,0.0
cam307_w2,75,0.0
cam307_w2,76,0.0
cam307_w2,77,0.0
cam307_w2,78,0.0
cam307_w2,79,0.0
cam307_w2,80,0.0
cam307_w2,81,0.0
cam307_w2,82,0.0
cam307_w2,83,0.0
cam307_w2,84,0.0
cam307_w2,85,0.0
cam307_w2,86,0.0
cam307_w2,87,0.0
cam307_w2,88,0.0
cam307_w2,89,0.0
cam307_w2,90,0.0
cam307_w2,91,0.0
cam307_w2,92,0.0
cam307_w2,93,0.05564784053156146
cam307_w2,94,0.0
cam307_w2,95,0.0008305647840531562
cam307_w2,96,0.01079734219269103
cam307_w2,97,0.019933554817275746
cam307_w2,98,0.143687707641196
cam307_w2,99,0.23837209302325582
cam307_w2,100,0.3754152823920266
cam307_w2,101,0.3961794019933555
cam307_w2,102,0.28488372093023256
cam307_w2,103,0.542358803986711
cam307_w2,104,0.08803986710963455
cam307_w2,105,0.09551495016611296
cam307_w2,106,0.14700996677740863
cam307_w2,107,0.01744186046511628
cam307_w2,108,0.18438538205980065
cam307_w2,109,0.08554817275747509
cam307_w2,110,0.143687707641196
cam307_w2,111,0.09800664451827243
cam307_w2,112,0.4792358803986711
cam307_w2,113,0.6943521594684385
cam307_w2,114,0.08305647840531562
cam307_w2,115,0.723421926910299
cam307_w2,116,0.27408637873754155
cam307_w2,117,0.38289036544850497
cam307_w2,118,0.5340531561461794
cam307_w2,119,0.2591362126245847
cam307_w2,120,0.3496677740863787
cam307_w2,121,0.13538205980066445
cam307_w2,122,0.43023255813953487
cam307_w2,123,0.7491694352159468
cam307_w2,124,0.6054817275747508
cam307_w2,125,0.23255813953488372
cam307_w2,126,0.276578073089701
cam307_w2,127,0.0033222591362126247
cam307_w2,128,0.06893687707641195
cam307_w2,129,0.05149501661129568
cam307_w2,130,0.0
cam307_w2,131,0.0
cam307_w2,132,0.02159468438538206
cam307_w2,133,0.0
cam307_w2,134,0.0
cam307_w2,135,0.0
cam307_w2,136,0.0
cam307_w2,137,0.0
cam307_w2,138,0.0
cam307_w2,139,0.0008305647840531562
cam307_w2,140,0.011627906976744186
cam307_w2,141,0.19850498338870431
cam307_w2,142,0.011627906976744186
cam307_w2,143,0.04318936877076412
cam307_w2,144,0.0
cam307_w2,145,0.01079734219269103
cam307_w2,146,0.0
cam307_w2,147,0.0
cam307_w2,148,0.0
cam307_w2,149,0.0
cam307_w2,150,0.0
cam307_w2,151,0.0
cam307_w2,152,0.0
cam307_w2,153,0.0
cam307_w2,154,0.0
cam307_w2,155,0.0
cam307_w2,156,0.0
cam307_w2,157,0.0
cam307_w2,158,0.0
cam307_w2,159,0.0
cam307_w2,160,0.0
cam307_w2,161,0.0
cam307_w2,162,0.0
cam307_w2,163,0.0
cam307_w2,164,0.0
cam307_w2,165,0.0
cam307_w2,166,0.0
cam307_w2,167,0.002510460251046025
cam307_w2,168,0.0
cam307_w2,169,0.0
cam307_w2,170,0.007531380753138075
cam307_w2,171,0.02510460251046025
cam307_w2,172,0.08451882845188284
cam307_w2,173,0.1891213389121339
cam307_w2,174,0.2610878661087866
cam307_w2,175,0.06192468619246862
cam307_w2,176,0.04686192468619247
cam307_w2,177,0.1205020920502092
cam307_w2,178,0.06276150627615062
cam307_w2,179,0.20502092050209206
cam307_w2,180,0.200836820083682
cam307_w2,181,0.36569037656903763
cam307_w2,182,0.24686192468619247
cam307_w2,183,0.3523012552301255
cam307_w2,184,0.0895397489539749
cam307_w2,185,0.13389121338912133
cam307_w2,186,0.024267782426778243
cam307_w2,187,0.04184100418410042
cam307_w2,188,0.0008368200836820083
cam307_w2,189,0.012552301255230125
cam307_w2,190,0.026778242677824266
cam307_w2,191,0.04435146443514645
cam307_w2,192,0.02510460251046025
cam307_w2,193,0.017573221757322177
cam307_w2,194,0.07029288702928871
cam307_w2,195,0.20669456066945607
cam307_w2,196,0.4108786610878661
cam307_w2,197,0.11631799163179916
cam307_w2,198,0.3288702928870293
cam307_w2,199,0.13556485355648534
cam307_w2,200,0.12552301255230125
cam307_w2,201,0.018410041841004185
cam307_w2,202,0.01506276150627615
cam307_w2,203,0.010878661087866108
cam307_w2,204,0.0
cam307_w2,205,0.005857740585774059
cam307_w2,206,0.0
cam307_w2,207,0.0
cam307_w2,208,0.0016736401673640166
cam307_w2,209,0.02092050209205021
cam307_w2,210,0.0033472803347280333
cam307_w2,211,0.013389121338912133
cam307_w2,212,0.009205020920502092
cam307_w2,213,0.0008368200836820083
cam307_w2,214,0.0
cam307_w2,215,0.0
cam307_w2,216,0.0
cam307_w2,217,0.014225941422594143
cam307_w2,218,0.021757322175732216
cam307_w2,219,0.03765690376569038
cam307_w2,220,0.002510460251046025
cam307_w2,221,0.0
cam307_w2,222,0.0
cam307_w2,223,0.013389121338912133
cam307_w2,224,0.0033472803347280333
cam307_w2,225,0.0
cam307_w2,226,0.0
cam307_w2,227,0.0
cam307_w2,228,0.0
cam307_w2,229,0.0
cam307_w2,230,0.0
cam307_w2,231,0.0
cam307_w2,232,0.0
cam307_w2,233,0.0
cam307_w2,234,0.0
cam307_w2,235,0.0
cam307_w2,236,0.004864489228630994
cam307_w2,237,0.0
cam307_w2,238,0.048644892286309936
cam307_w2,239,0.04933981931897151
cam307_w2,240,0.01250868658790827
cam307_w2,241,0.0034746351633078527
cam307_w2,242,0.0118137595552467
cam307_w2,243,0.004169562195969423
cam307_w2,244,0.035441278665740095
cam307_w2,245,0.061153578874218205
cam307_w2,246,0.10076441973592773
cam307_w2,247,0.015983321751216122
cam307_w2,248,0.021542738012508687
cam307_w2,249,0.06879777623349548
cam307_w2,250,0.0729673384294649
cam307_w2,251,0.1556636553161918
cam307_w2,252,0.24878387769284224
cam307_w2,253,0.330090340514246
cam307_w2,254,0.2237665045170257
cam307_w2,255,0.3655316191799861
cam307_w2,256,0.2772758860319666
cam307_w2,257,0.12300208478109799
cam307_w2,258,0.20013898540653233
cam307_w2,259,0.11674774148714386
cam307_w2,260,0.21195274496177902
cam307_w2,261,0.0847810979847116
cam307_w2,262,0.07991660875608061
cam307_w2,263,0.07227241139680333
cam307_w2,264,0.10910354412786658
cam307_w2,265,0.034051424600416956
cam307_w2,266,0.054204308547602505
cam307_w2,267,0.13273106323835998
cam307_w2,268,0.1480194579569145
cam307_w2,269,0.024322446143154968
cam307_w2,270,0.04794996525364837
cam307_w2,271,0.2550382209867964
cam307_w2,272,0.0236275191104934
cam307_w2,273,0.0006949270326615705
cam307_w2,274,0.0
cam307_w2,275,0.0
cam307_w2,276,0.01667824878387769
cam307_w2,277,0.027102154273801252
cam307_w2,278,0.01250868658790827
cam307_w2,279,0.008339124391938846
cam307_w2,280,0.07018763029881862
cam307_w2,281,0.004169562195969423
cam307_w2,282,0.04169562195969423
cam307_w2,283,0.09381514940931203
cam307_w2,284,0.07574704656011119
cam307_w2,285,0.0847810979847116
cam307_w2,286,0.11257817929117443
cam307_w2,287,0.01667824878387769
cam307_w2,288,0.017373175816539264
cam307_w2,289,0.018068102849200834
cam307_w2,290,0.01320361362056984
cam307_w2,291,0.01667824878387769
cam307_w2,292,0.011118832522585128
cam307_w2,293,0.09798471160528145
cam307_w2,294,0.02571230020847811
cam307_w2,295,0.07366226546212648
cam307_w2,296,0.0236275191104934
cam307_w2,297,0.0
cam307_w2,298,0.0
cam307_w2,299,0.0006949270326615705
cam307_w2,300,0.0
cam307_w2,301,0.0
cam307_w2,302,0.0
cam307_w2,303,0.0
cam307_w2,304,0.0
cam307_w2,305,0.0008684324793747286
cam307_w2,306,0.0
cam307_w2,307,0.0
cam307_w2,308,0.0
cam307_w2,309,0.011723838471558836
cam307_w2,310,0.008250108554059922
cam307_w2,311,0.0026052974381241857
cam307_w2,312,0.014329135909683021
cam307_w2,313,0.02040816326530612
cam307_w2,314,0.008684324793747287
cam307_w2,315,0.05948762483716891
cam307_w2,316,0.03560573165436387
cam307_w2,317,0.030395136778115502
cam307_w2,318,0.11940946591402518
cam307_w2,319,0.025618758141554496
cam307_w2,320,0.1350412505427703
cam307_w2,321,0.09161962657403387
cam307_w2,322,0.20234476769431176
cam307_w2,323,0.22535822839774208
cam307_w2,324,0.1945288753799392
cam307_w2,325,0.07772470690403821
cam307_w2,326,0.022579244463742945
cam307_w2,327,0.11463308727746417
cam307_w2,328,0.0182370820668693
cam307_w2,329,0.1498046026921407
cam307_w2,330,0.14415979157620495
cam307_w2,331,0.08423795049934868
cam307_w2,332,0.12331741207121147
cam307_w2,333,0.1276595744680851
cam307_w2,334,0.1558836300477638
cam307_w2,335,0.10898827616152844
cam307_w2,336,0.18584455058619193
cam307_w2,337,0.13026487190620928
cam307_w2,338,0.28918801563178465
cam307_w2,339,0.061658706035605734
cam307_w2,340,0.14546244029526703
cam307_w2,341,0.35214937038645244
cam307_w2,342,0.25141120277898393
cam307_w2,343,0.18280503690838038
cam307_w2,344,0.1276595744680851
cam307_w2,345,0.07511940946591403
cam307_w2,346,0.08336951801997394
cam307_w2,347,0.10551454624402953
cam307_w2,348,0.1511072514112028
cam307_w2,349,0.02344767694311767
cam307_w2,350,0.03994789405123752
cam307_w2,351,0.20972644376899696
cam307_w2,352,0.19756838905775076
cam307_w2,353,0.3056882327399045
cam307_w2,354,0.17368649587494572
cam307_w2,355,0.3187147199305254
cam307_w2,356,0.265740338688667
cam307_w2,357,0.359965262700825
cam307_w2,358,0.3738601823708207
cam307_w2,359,0.3113330438558402
cam307_w2,360,0.19887103777681286
cam307_w2,361,0.09943551888840643
cam307_w2,362,0.00911854103343465
cam307_w2,363,0.017368649587494574
cam307_w2,364,0.02735562310030395
cam307_w2,365,0.052974381241858444
cam307_w2,366,0.3634389926183239
cam307_w2,367,0.08380373425966131
cam307_w2,368,0.267042987407729
cam307_w2,369,0.44333478072079896
cam307_w2,370,0.15892314372557534
cam307_w2,371,0.0755536257056014
cam307_w2,372,0.04776378636561007
cam307_w2,373,0.011289622231871473
cam307_w2,374,0.03690838037342597
cam307_w2,375,0.2114633087277464
cam307_w3,1,0.08458992276572269
cam307_w3,2,0.12835601324016183
cam307_w3,3,0.28392791467451267
cam307_w3,4,0.049650606840750275
cam307_w3,5,0.13828613460831188
cam307_w3,6,0.03714600956233909
cam307_w3,7,0.013975726369988967
cam307_w3,8,0.02206693637366679
cam307_w3,9,0.0
cam307_w3,10,0.029054799558661273
cam307_w3,11,0.0577418168444281
cam307_w3,12,0.1092313350496506
cam307_w3,13,0.04155939683707245
cam307_w3,14,0.05148951820522251
cam307_w3,15,0.018389113644722323
cam307_w3,16,0.003677822728944465
cam307_w3,17,0.0
cam307_w3,18,0.04155939683707245
cam307_w3,19,0.0
cam307_w3,20,0.0018389113644722325
cam307_w3,21,0.017285766826038985
cam307_w3,22,0.0018389113644722325
cam307_w3,23,0.0
cam307_w3,24,0.0
cam307_w3,25,0.0
cam307_w3,26,0.004045605001838912
cam307_w3,27,0.0
cam307_w3,28,0.000735564545788893
cam307_w3,29,0.0
cam307_w3,30,0.0033100404560500183
cam307_w3,31,0.0
cam307_w3,32,0.0
cam307_w3,33,0.0003677822728944465
cam307_w3,34,0.0
cam307_w3,35,0.0
cam307_w3,36,0.0
cam307_w3,37,0.0
cam307_w3,38,0.0
cam307_w3,39,0.0
cam307_w3,40,0.004413387274733358
cam307_w3,41,0.0
cam307_w3,42,0.0
cam307_w3,43,0.002942258183155572
cam307_w3,44,0.0011033468186833395
cam307_w3,45,0.0
cam307_w3,46,0.0
cam307_w3,47,0.009562339095255609
cam307_w3,48,0.0003677822728944465
cam307_w3,49,0.0
cam307_w3,50,0.0018389113644722325
cam307_w3,51,0.0
cam307_w3,52,0.00625229863920559
cam307_w3,53,0.02942258183155572
cam307_w3,54,0.0003677822728944465
cam307_w3,55,0.0066200809121000365
cam307_w3,56,0.0066200809121000365
cam307_w3,57,0.0
cam307_w3,58,0.0
cam307_w3,59,0.10224347186465613
cam307_w3,60,0.0
cam307_w3,61,0.01250459727841118
cam307_w3,62,0.02096358955498345
cam307_w3,63,0.0033100404560500183
cam307_w3,64,0.023905847738139023
cam307_w3,65,0.005516734093416698
cam307_w3,66,0.009562339095255609
cam307_w3,67,0.016917984553144538
cam307_w3,68,0.041191614564178004
cam307_w3,69,0.027951452739977935
cam307_w3,70,0.02096358955498345
cam307_w3,71,0.0
cam307_w3,72,0.014343508642883413
cam307_w3,73,0.0
cam307_w3,74,0.0
cam307_w3,75,0.0
cam307_w3,76,0.0
cam307_w3,77,0.0
cam307_w3,78,0.0
cam307_w3,79,0.0
cam307_w3,80,0.0
cam307_w3,81,0.0
cam307_w3,82,0.0
cam307_w3,83,0.0
cam307_w3,84,0.0
cam307_w3,85,0.0
cam307_w3,86,0.0
cam307_w3,87,0.0
cam307_w3,88,0.0
cam307_w3,89,0.0015785319652722968
cam307_w3,90,0.010260457774269928
cam307_w3,91,0.021310181531176007
cam307_w3,92,0.0
cam307_w3,93,0.0031570639305445935
cam307_w3,94,0.0
cam307_w3,95,0.0
cam307_w3,96,0.0
cam307_w3,97,0.0
cam307_w3,98,0.0
cam307_w3,99,0.0
cam307_w3,100,0.0023677979479084454
cam307_w3,101,0.0
cam307_w3,102,0.01499605367008682
cam307_w3,103,0.0
cam307_w3,104,0.0
cam307_w3,105,0.026045777426992895
cam307_w3,106,0.009471191791633781
cam307_w3,107,0.16022099447513813
cam307_w3,108,0.22730860299921074
cam307_w3,109,0.3164956590370955
cam307_w3,110,0.16258879242304658
cam307_w3,111,0.0
cam307_w3,112,0.0
cam307_w3,113,0.0
cam307_w3,114,0.0
cam307_w3,115,0.0
cam307_w3,116,0.0
cam307_w3,117,0.0
cam307_w3,118,0.008681925808997633
cam307_w3,119,0.0
cam307_w3,120,0.03867403314917127
cam307_w3,121,0.0055248618784530384
cam307_w3,122,0.09865824782951854
cam307_w3,123,0.056827150749802685
cam307_w3,124,0.055248618784530384
cam307_w3,125,0.018153117600631413
cam307_w3,126,0.0
cam307_w3,127,0.013417521704814523
cam307_w3,128,0.0015785319652722968
cam307_w3,129,0.0
cam307_w3,130,0.0
cam307_w3,131,0.004735595895816891
cam307_w3,132,0.0015785319652722968
cam307_w3,133,0.0
cam307_w3,134,0.0007892659826361484
cam307_w3,135,0.0015785319652722968
cam307_w3,136,0.0
cam307_w3,137,0.0007892659826361484
cam307_w3,138,0.0
cam307_w3,139,0.0055248618784530384
cam307_w3,140,0.0007892659826361484
cam307_w3,141,0.004735595895816891
cam307_w3,142,0.03946329913180742
cam307_w3,143,0.022099447513812154
cam307_w3,144,0.02920284135753749
cam307_w3,145,0.0
cam307_w3,146,0.017363851617995266
cam307_w3,147,0.0
cam307_w3,148,0.0
cam307_w3,149,0.0
cam307_w3,150,0.0
cam307_w3,151,0.0
cam307_w3,152,0.0
cam307_w3,153,0.0
cam307_w3,154,0.0
cam307_w3,155,0.0
cam307_w3,156,0.002572898799313894
cam307_w3,157,0.0
cam307_w3,158,0.009433962264150943
cam307_w3,159,0.0
cam307_w3,160,0.0
cam307_w3,161,0.0
cam307_w3,162,0.0
cam307_w3,163,0.0
cam307_w3,164,0.005145797598627788
cam307_w3,165,0.0008576329331046312
cam307_w3,166,0.0
cam307_w3,167,0.02144082332761578
cam307_w3,168,0.04631217838765009
cam307_w3,169,0.07375643224699828
cam307_w3,170,0.03687821612349914
cam307_w3,171,0.2855917667238422
cam307_w3,172,0.04716981132075472
cam307_w3,173,0.010291595197255575
cam307_w3,174,0.004288164665523156
cam307_w3,175,0.13636363636363635
cam307_w3,176,0.04974271012006861
cam307_w3,177,0.39622641509433965
cam307_w3,178,0.46226415094339623
cam307_w3,179,0.17238421955403088
cam307_w3,180,0.6449399656946827
cam307_w3,181,0.41938250428816465
cam307_w3,182,0.04288164665523156
cam307_w3,183,0.03687821612349914
cam307_w3,184,0.2607204116638079
cam307_w3,185,0.43825042881646653
cam307_w3,186,0.8036020583190394
cam307_w3,187,0.11320754716981132
cam307_w3,188,0.2478559176672384
cam307_w3,189,0.2855917667238422
cam307_w3,190,0.015437392795883362
cam307_w3,191,0.05660377358490566
cam307_w3,192,0.0274442538593482
cam307_w3,193,0.011149228130360206
cam307_w3,194,0.06174957118353345
cam307_w3,195,0.010291595197255575
cam307_w3,196,0.04631217838765009
cam307_w3,197,0.003430531732418525
cam307_w3,198,0.05317324185248713
cam307_w3,199,0.002572898799313894
cam307_w3,200,0.04373927958833619
cam307_w3,201,0.0
cam307_w3,202,0.005145797598627788
cam307_w3,203,0.011149228130360206
cam307_w3,204,0.023156089193825044
cam307_w3,205,0.04631217838765009
cam307_w3,206,0.20154373927958832
cam307_w3,207,0.346483704974271
cam307_w3,208,0.49485420240137223
cam307_w3,209,0.0711835334476844
cam307_w3,210,0.07289879931389365
cam307_w3,211,0.012006861063464836
cam307_w3,212,0.006003430531732418
cam307_w3,213,0.005145797598627788
cam307_w3,214,0.00686106346483705
cam307_w3,215,0.02144082332761578
cam307_w3,216,0.10634648370497427
cam307_w3,217,0.05574614065180103
cam307_w3,218,0.032590051457975985
cam307_w3,219,0.005145797598627788
cam307_w3,220,0.030874785591766724
cam307_w3,221,0.008576329331046312
cam307_w3,222,0.011149228130360206
cam307_w3,223,0.010291595197255575
cam307_w3,224,0.0
cam307_w3,225,0.0
cam307_w3,226,0.0
cam307_w3,227,0.0
cam307_w3,228,0.0
cam307_w3,229,0.004169562195969423
cam307_w3,230,0.01320361362056984
cam307_w3,231,0.014593467685892982
cam307_w3,232,0.0
cam307_w3,233,0.0
cam307_w3,234,0.0
cam307_w3,235,0.0020847810979847115
cam307_w3,236,0.0020847810979847115
cam307_w3,237,0.0118137595552467
cam307_w3,238,0.020152883947185545
cam307_w3,239,0.03474635163307853
cam307_w3,240,0.010423905489923557
cam307_w3,241,0.0
cam307_w3,242,0.031966643502432245
cam307_w3,243,0.0
cam307_w3,244,0.014593467685892982
cam307_w3,245,0.0
cam307_w3,246,0.13064628214037527
cam307_w3,247,0.037526059763724806
cam307_w3,248,0.06810284920083391
cam307_w3,249,0.11118832522585129
cam307_w3,250,0.10493398193189715
cam307_w3,251,0.09867963863794302
cam307_w3,252,0.06462821403752605
cam307_w3,253,0.2918693537178596
cam307_w3,254,0.08964558721334259
cam307_w3,255,0.1723419041000695
cam307_w3,256,0.014593467685892982
cam307_w3,257,0.056289089645587216
cam307_w3,258,0.0118137595552467
cam307_w3,259,0.08269631688672689
cam307_w3,260,0.14037526059763725
cam307_w3,261,0.020847810979847115
cam307_w3,262,0.037526059763724806
cam307_w3,263,0.02779708130646282
cam307_w3,264,0.020152883947185545
cam307_w3,265,0.027102154273801252
cam307_w3,266,0.04794996525364837
cam307_w3,267,0.009728978457261988
cam307_w3,268,0.009034051424600417
cam307_w3,269,0.03961084086170952
cam307_w3,270,0.029881862404447533
cam307_w3,271,0.006254343293954135
cam307_w3,272,0.15774843641417652
cam307_w3,273,0.15288394718554552
cam307_w3,274,0.1369006254343294
cam307_w3,275,0.08617095205003475
cam307_w3,276,0.04447533009034051
cam307_w3,277,0.320361362056984
cam307_w3,278,0.06462821403752605
cam307_w3,279,0.2237665045170257
cam307_w3,280,0.3578874218207088
cam307_w3,281,0.4134815844336345
cam307_w3,282,0.5100764419735928
cam307_w3,283,0.3634468380820014
cam307_w3,284,0.4857539958304378
cam307_w3,285,0.046560111188325225
cam307_w3,286,0.019457956914523976
cam307_w3,287,0.02571230020847811
cam307_w3,288,0.011118832522585128
cam307_w3,289,0.008339124391938846
cam307_w3,290,0.04586518415566365
cam307_w3,291,0.0423905489923558
cam307_w3,292,0.1014593467685893
cam307_w3,293,0.06323835997220292
cam307_w3,294,0.0778318276580959
cam307_w3,295,0.07574704656011119
cam307_w3,296,0.056289089645587216
cam307_w3,297,0.0
cam307_w3,298,0.0
cam307_w3,299,0.014593467685892982
cam307_w3,300,0.0
cam307_w3,301,0.0
cam307_w3,302,0.0008699434536755111
cam307_w3,303,0.0
cam307_w3,304,0.0
cam307_w3,305,0.0
cam307_w3,306,0.0
cam307_w3,307,0.0
cam307_w3,308,0.005219660722053067
cam307_w3,309,0.0
cam307_w3,310,0.0
cam307_w3,311,0.005654632448890822
cam307_w3,312,0.018703784254023487
cam307_w3,313,0.020878642888212267
cam307_w3,314,0.009569377990430622
cam307_w3,315,0.020008699434536755
cam307_w3,316,0.06524575902566333
cam307_w3,317,0.0430622009569378
cam307_w3,318,0.2535885167464115
cam307_w3,319,0.2427142235754676
cam307_w3,320,0.32144410613310137
cam307_w3,321,0.2866463679860809
cam307_w3,322,0.06220095693779904
cam307_w3,323,0.12396694214876033
cam307_w3,324,0.30361026533275337
cam307_w3,325,0.05959112657677251
cam307_w3,326,0.13571117877337974
cam307_w3,327,0.19008264462809918
cam307_w3,328,0.16006959547629404
cam307_w3,329,0.14702044367116138
cam307_w3,330,0.37320574162679426
cam307_w3,331,0.13919095258808178
cam307_w3,332,0.2066115702479339
cam307_w3,333,0.15615484993475423
cam307_w3,334,0.29143105698129623
cam307_w3,335,0.4006089604175729
cam307_w3,336,0.2505437146585472
cam307_w3,337,0.35276207046541974
cam307_w3,338,0.35102218355806875
cam307_w3,339,0.4758590691605046
cam307_w3,340,0.47498912570682905
cam307_w3,341,0.5819921705089169
cam307_w3,342,0.24227925184862983
cam307_w3,343,0.38321009134406264
cam307_w3,344,0.6420182688125272
cam307_w3,345,0.24488908220965638
cam307_w3,346,0.21661591996520227
cam307_w3,347,0.2575032622879513
cam307_w3,348,0.23314484558503698
cam307_w3,349,0.12483688560243585
cam307_w3,350,0.49978251413658115
cam307_w3,351,0.3423227490213136
cam307_w3,352,0.5184862983906046
cam307_w3,353,0.42192257503262287
cam307_w3,354,0.16267942583732056
cam307_w3,355,0.3906046107003045
cam307_w3,356,0.2122662026968247
cam307_w3,357,0.06481078729882557
cam307_w3,358,0.27925184862983904
cam307_w3,359,0.19138755980861244
cam307_w3,360,0.31056981296215747
cam307_w3,361,0.27751196172248804
cam307_w3,362,0.35667681600695955
cam307_w3,363,0.7620704654197478
cam307_w3,364,0.6220095693779905
cam307_w3,365,0.30491518051326666
cam307_w3,366,0.22096563723357981
cam307_w3,367,0.16485428447150935
cam307_w3,368,0.07090039147455415
cam307_w3,369,0.23227490213136145
cam307_w3,370,0.09134406263592866
cam307_w3,371,0.0013049151805132667
cam307_w3,372,0.006524575902566333
cam307_w3,373,0.1143975641583297
cam307_w3,374,0.05698129621574598
cam307_w3,375,0.24010439321444105
cam307_w4,1,0.018147684605757195
cam307_w4,2,0.0
cam307_w4,3,0.0037546933667083854
cam307_w4,4,0.0
cam307_w4,5,0.0
cam307_w4,6,0.00688360450563204
cam307_w4,7,0.0
cam307_w4,8,0.009386733416770964
cam307_w4,9,0.0
cam307_w4,10,0.0
cam307_w4,11,0.0
cam307_w4,12,0.0
cam307_w4,13,0.0012515644555694619
cam307_w4,14,0.09136420525657071
cam307_w4,15,0.0
cam307_w4,16,0.009386733416770964
cam307_w4,17,0.012515644555694618
cam307_w4,18,0.0
cam307_w4,19,0.0
cam307_w4,20,0.008135168961201502
cam307_w4,21,0.0025031289111389237
cam307_w4,22,0.0031289111389236545
cam307_w4,23,0.012515644555694618
cam307_w4,24,0.05381727158948686
cam307_w4,25,0.10262828535669587
cam307_w4,26,0.05131414267834793
cam307_w4,27,0.0
cam307_w4,28,0.0
cam307_w4,29,0.0
cam307_w4,30,0.005632040050062578
cam307_w4,31,0.16332916145181478
cam307_w4,32,0.03754693366708386
cam307_w4,33,0.016270337922403004
cam307_w4,34,0.0
cam307_w4,35,0.018147684605757195
cam307_w4,36,0.0
cam307_w4,37,0.12265331664580725
cam307_w4,38,0.11764705882352941
cam307_w4,39,0.2327909887359199
cam307_w4,40,0.409261576971214
cam307_w4,41,0.0851063829787234
cam307_w4,42,0.014392991239048811
cam307_w4,43,0.0
cam307_w4,44,0.00688360450563204
cam307_w4,45,0.0
cam307_w4,46,0.014392991239048811
cam307_w4,47,0.0
cam307_w4,48,0.0
cam307_w4,49,0.05131414267834793
cam307_w4,50,0.09887359198998748
cam307_w4,51,0.0625782227784731
cam307_w4,52,0.016896120150187734
cam307_w4,53,0.011889862327909888
cam307_w4,54,0.09574468085106383
cam307_w4,55,0.29411764705882354
cam307_w4,56,0.0
cam307_w4,57,0.0
cam307_w4,58,0.007509386733416771
cam307_w4,59,0.0
cam307_w4,60,0.010638297872340425
cam307_w4,61,0.0031289111389236545
cam307_w4,62,0.0
cam307_w4,63,0.0
cam307_w4,64,0.0
cam307_w4,65,0.0
cam307_w4,66,0.004380475594493116
cam307_w4,67,0.0
cam307_w4,68,0.0
cam307_w4,69,0.0012515644555694619
cam307_w4,70,0.05193992490613267
cam307_w4,71,0.016896120150187734
cam307_w4,72,0.0
cam307_w4,73,0.0
cam307_w4,74,0.0
cam307_w4,75,0.0
cam307_w4,76,0.0
cam307_w4,77,0.0
cam307_w4,78,0.0
cam307_w4,79,0.0
cam307_w4,80,0.0
cam307_w4,81,0.0
cam307_w4,82,0.0
cam307_w4,83,0.0
cam307_w4,84,0.0
cam307_w4,85,0.0
cam307_w4,86,0.0
cam307_w4,87,0.014084507042253521
cam307_w4,88,0.0
cam307_w4,89,0.0
cam307_w4,90,0.0
cam307_w4,91,0.0
cam307_w4,92,0.0
cam307_w4,93,0.022887323943661973
cam307_w4,94,0.1813380281690141
cam307_w4,95,0.10651408450704225
cam307_w4,96,0.176056338028169
cam307_w4,97,0.013204225352112676
cam307_w4,98,0.1742957746478873
cam307_w4,99,0.5519366197183099
cam307_w4,100,0.1073943661971831
cam307_w4,101,0.17781690140845072
cam307_w4,102,0.07658450704225352
cam307_w4,103,0.5818661971830986
cam307_w4,104,0.16109154929577466
cam307_w4,105,0.4242957746478873
cam307_w4,106,0.16901408450704225
cam307_w4,107,0.06778169014084508
cam307_w4,108,0.058098591549295774
cam307_w4,109,0.0
cam307_w4,110,0.045774647887323945
cam307_w4,111,0.06073943661971831
cam307_w4,112,0.04225352112676056
cam307_w4,113,0.00528169014084507
cam307_w4,114,0.008802816901408451
cam307_w4,115,0.028169014084507043
cam307_w4,116,0.03697183098591549
cam307_w4,117,0.02640845070422535
cam307_w4,118,0.30985915492957744
cam307_w4,119,0.43485915492957744
cam307_w4,120,0.7121478873239436
cam307_w4,121,0.35563380281690143
cam307_w4,122,0.2306338028169014
cam307_w4,123,0.4823943661971831
cam307_w4,124,0.8723591549295775
cam307_w4,125,0.704225352112676
cam307_w4,126,0.5492957746478874
cam307_w4,127,0.5448943661971831
cam307_w4,128,0.6373239436619719
cam307_w4,129,0.8265845070422535
cam307_w4,130,0.09154929577464789
cam307_w4,131,0.17517605633802816
cam307_w4,132,0.0
cam307_w4,133,0.0
cam307_w4,134,0.0
cam307_w4,135,0.0
cam307_w4,136,0.0
cam307_w4,137,0.0
cam307_w4,138,0.0
cam307_w4,139,0.0
cam307_w4,140,0.0
cam307_w4,141,0.0
cam307_w4,142,0.006161971830985915
cam307_w4,143,0.0
cam307_w4,144,0.0
cam307_w4,145,0.0
cam307_w4,146,0.0
cam307_w4,147,0.0
cam307_w4,148,0.0
cam307_w4,149,0.0
cam307_w4,150,0.0
cam307_w4,151,0.0
cam307_w4,152,0.0
cam307_w4,153,0.0
cam307_w4,154,0.0
cam307_w4,155,0.0
cam307_w4,156,0.0
cam307_w4,157,0.0
cam307_w4,158,0.0
cam307_w4,159,0.0
cam307_w4,160,0.0
cam307_w4,161,0.0
cam307_w4,162,0.0
cam307_w4,163,0.0
cam307_w4,164,0.0
cam307_w4,165,0.0017152658662092624
cam307_w4,166,0.023156089193825044
cam307_w4,167,0.15866209262435677
cam307_w4,168,0.2144082332761578
cam307_w4,169,0.5137221269296741
cam307_w4,170,0.13979416809605488
cam307_w4,171,0.20497427101200685
cam307_w4,172,0.2641509433962264
cam307_w4,173,0.4777015437392796
cam307_w4,174,0.6466552315608919
cam307_w4,175,0.6903945111492281
cam307_w4,176,0.07375643224699828
cam307_w4,177,0.054030874785591765
cam307_w4,178,0.058319039451114926
cam307_w4,179,0.26157804459691253
cam307_w4,180,0.13379073756432247
cam307_w4,181,0.5120068610634648
cam307_w4,182,0.4888507718696398
cam307_w4,183,0.32675814751286447
cam307_w4,184,0.379073756432247
cam307_w4,185,0.5437392795883362
cam307_w4,186,0.4391080617495712
cam307_w4,187,0.07890222984562607
cam307_w4,188,0.060891938250428816
cam307_w4,189,0.03344768439108062
cam307_w4,190,0.0137221269296741
cam307_w4,191,0.05231560891938251
cam307_w4,192,0.007718696397941681
cam307_w4,193,0.0
cam307_w4,194,0.003430531732418525
cam307_w4,195,0.023156089193825044
cam307_w4,196,0.0008576329331046312
cam307_w4,197,0.0008576329331046312
cam307_w4,198,0.0
cam307_w4,199,0.004288164665523156
cam307_w4,200,0.20754716981132076
cam307_w4,201,0.04030874785591767
cam307_w4,202,0.06946826758147513
cam307_w4,203,0.3353344768439108
cam307_w4,204,0.5188679245283019
cam307_w4,205,0.23927958833619212
cam307_w4,206,0.5094339622641509
cam307_w4,207,0.2727272727272727
cam307_w4,208,0.09262435677530018
cam307_w4,209,0.0
cam307_w4,210,0.0
cam307_w4,211,0.0
cam307_w4,212,0.008576329331046312
cam307_w4,213,0.017152658662092625
cam307_w4,214,0.006003430531732418
cam307_w4,215,0.0
cam307_w4,216,0.0274442538593482
cam307_w4,217,0.02144082332761578
cam307_w4,218,0.03687821612349914
cam307_w4,219,0.0
cam307_w4,220,0.012864493996569469
cam307_w4,221,0.002572898799313894
cam307_w4,222,0.00686106346483705
cam307_w4,223,0.0
cam307_w4,224,0.009433962264150943
cam307_w4,225,0.0
cam307_w4,226,0.0
cam307_w4,227,0.0
cam307_w4,228,0.0
cam307_w4,229,0.0
cam307_w4,230,0.002894356005788712
cam307_w4,231,0.0
cam307_w4,232,0.0
cam307_w4,233,0.0
cam307_w4,234,0.0
cam307_w4,235,0.0
cam307_w4,236,0.0
cam307_w4,237,0.00723589001447178
cam307_w4,238,0.03400868306801737
cam307_w4,239,0.09985528219971057
cam307_w4,240,0.019536903039073805
cam307_w4,241,0.0
cam307_w4,242,0.0
cam307_w4,243,0.0
cam307_w4,244,0.001447178002894356
cam307_w4,245,0.0
cam307_w4,246,0.0
cam307_w4,247,0.0
cam307_w4,248,0.000723589001447178
cam307_w4,249,0.008683068017366137
cam307_w4,250,0.027496382054992764
cam307_w4,251,0.001447178002894356
cam307_w4,252,0.015195369030390739
cam307_w4,253,0.010130246020260492
cam307_w4,254,0.020984081041968163
cam307_w4,255,0.056439942112879886
cam307_w4,256,0.02243125904486252
cam307_w4,257,0.0
cam307_w4,258,0.0
cam307_w4,259,0.01085383502170767
cam307_w4,260,0.00723589001447178
cam307_w4,261,0.05426917510853835
cam307_w4,262,0.013024602026049204
cam307_w4,263,0.02604920405209841
cam307_w4,264,0.017366136034732273
cam307_w4,265,0.015918958031837915
cam307_w4,266,0.03183791606367583
cam307_w4,267,0.000723589001447178
cam307_w4,268,0.011577424023154847
cam307_w4,269,0.10057887120115774
cam307_w4,270,0.0
cam307_w4,271,0.015195369030390739
cam307_w4,272,0.026772793053545588
cam307_w4,273,0.0
cam307_w4,274,0.03545586107091172
cam307_w4,275,0.052821997105643996
cam307_w4,276,0.0
cam307_w4,277,0.020260492040520984
cam307_w4,278,0.04775687409551375
cam307_w4,279,0.06150506512301013
cam307_w4,280,0.0
cam307_w4,281,0.03473227206946455
cam307_w4,282,0.02243125904486252
cam307_w4,283,0.030390738060781478
cam307_w4,284,0.06295224312590449
cam307_w4,285,0.029667149059334298
cam307_w4,286,0.11577424023154848
cam307_w4,287,0.11866859623733719
cam307_w4,288,0.019536903039073805
cam307_w4,289,0.07018813314037627
cam307_w4,290,0.07959479015918958
cam307_w4,291,0.0
cam307_w4,292,0.015918958031837915
cam307_w4,293,0.026772793053545588
cam307_w4,294,0.020260492040520984
cam307_w4,295,0.045586107091172216
cam307_w4,296,0.02894356005788712
cam307_w4,297,0.10636758321273516
cam307_w4,298,0.004341534008683068
cam307_w4,299,0.0
cam307_w4,300,0.01881331403762663
cam307_w4,301,0.00303951367781155
cam307_w4,302,0.0
cam307_w4,303,0.0
cam307_w4,304,0.0021710811984368217
cam307_w4,305,0.0
cam307_w4,306,0.0034737299174989146
cam307_w4,307,0.0
cam307_w4,308,0.008250108554059922
cam307_w4,309,0.0026052974381241857
cam307_w4,310,0.014329135909683021
cam307_w4,311,0.06643508467216674
cam307_w4,312,0.029960920538428137
cam307_w4,313,0.0668693009118541
cam307_w4,314,0.0060790273556231
cam307_w4,315,0.1389491966999566
cam307_w4,316,0.04689535388623534
cam307_w4,317,0.09683022145028224
cam307_w4,318,0.1267911419887104
cam307_w4,319,0.3664785062961355
cam307_w4,320,0.2713851498046027
cam307_w4,321,0.04950065132435953
cam307_w4,322,0.03213200173686496
cam307_w4,323,0.03907946157186279
cam307_w4,324,0.3056882327399045
cam307_w4,325,0.1932262266608771
cam307_w4,326,0.24402952670429873
cam307_w4,327,0.17976552323056882
cam307_w4,328,0.24837168910117238
cam307_w4,329,0.21623968736430743
cam307_w4,330,0.13677811550151975
cam307_w4,331,0.07598784194528875
cam307_w4,332,0.12071211463308727
cam307_w4,333,0.1267911419887104
cam307_w4,334,0.3469387755102041
cam307_w4,335,0.2857142857142857
cam307_w4,336,0.10725141120277898
cam307_w4,337,0.16109422492401215
cam307_w4,338,0.0729483282674772
cam307_w4,339,0.07207989578810248
cam307_w4,340,0.12505427702996091
cam307_w4,341,0.1984368215371255
cam307_w4,342,0.0633955709943552
cam307_w4,343,0.22839774207555363
cam307_w4,344,0.19409465914025184
cam307_w4,345,0.09379070777247069
cam307_w4,346,0.06860616587060356
cam307_w4,347,0.25227963525835867
cam307_w4,348,0.02518454190186713
cam307_w4,349,0.17064698219713417
cam307_w4,350,0.16587060356057318
cam307_w4,351,0.17976552323056882
cam307_w4,352,0.21450282240555796
cam307_w4,353,0.13243595310464612
cam307_w4,354,0.177594442032132
cam307_w4,355,0.2957012592270951
cam307_w4,356,0.5523230568823274
cam307_w4,357,0.17108119843682154
cam307_w4,358,0.38124185844550584
cam307_w4,359,0.3052540165002171
cam307_w4,360,0.47112462006079026
cam307_w4,361,0.27529309596178897
cam307_w4,362,0.09683022145028224
cam307_w4,363,0.13156752062527138
cam307_w4,364,0.1862787668258793
cam307_w4,365,0.09596178897090751
cam307_w4,366,0.09509335649153278
cam307_w4,367,0.05340859748154581
cam307_w4,368,0.17672600955275727
cam307_w4,369,0.0486322188449848
cam307_w4,370,0.11854103343465046
cam307_w4,371,0.04732957012592271
cam307_w4,372,0.0182370820668693
cam307_w4,373,0.07251411202778985
cam307_w4,374,0.026052974381241857
cam307_w4,375,0.0864090316977855
cam308_w2,1,0.0
cam308_w2,2,0.013360053440213761
cam308_w2,3,0.09619238476953908
cam308_w2,4,0.1396125584502338
cam308_w2,5,0.0
cam308_w2,6,0.3466933867735471
cam308_w2,7,0.12424849699398798
cam308_w2,8,0.1342685370741483
cam308_w2,9,0.23580494321977288
cam308_w2,10,0.30995323981295925
cam308_w2,11,0.2972611890447562
cam308_w2,12,0.058784235136940546
cam308_w2,13,0.026720106880427523
cam308_w2,14,0.0781563126252505
cam308_w2,15,0.0
cam308_w2,16,0.006680026720106881
cam308_w2,17,0.18102872411489646
cam308_w2,18,0.07147628590514363
cam308_w2,19,0.09285237140948564
cam308_w2,20,0.005344021376085505
cam308_w2,21,0.531062124248497
cam308_w2,22,0.07080828323313293
cam308_w2,23,0.0674682698730795
cam308_w2,24,0.025384101536406144
cam308_w2,25,0.008016032064128256
cam308_w2,26,0.04609218436873747
cam308_w2,27,0.04542418169672679
cam308_w2,28,0.012024048096192385
cam308_w2,29,0.04609218436873747
cam308_w2,30,0.052772211088844355
cam308_w2,31,0.07615230460921844
cam308_w2,32,0.35070140280561124
cam308_w2,33,0.3760855043420174
cam308_w2,34,0.584502338009352
cam308_w2,35,0.012024048096192385
cam308_w2,36,0.007348029392117568
cam308_w2,37,0.0006680026720106881
cam308_w2,38,0.01002004008016032
cam308_w2,39,0.020708082832331328
cam308_w2,40,0.04008016032064128
cam308_w2,41,0.04275217100868404
cam308_w2,42,0.006012024048096192
cam308_w2,43,0.008684034736138945
cam308_w2,44,0.05744822979291917
cam308_w2,45,0.026052104208416832
cam308_w2,46,0.36740146960587844
cam308_w2,47,0.4315297261189045
cam308_w2,48,0.2665330661322645
cam308_w2,49,0.42818971275885104
cam308_w2,50,0.0
cam308_w2,51,0.005344021376085505
cam308_w2,52,0.0006680026720106881
cam308_w2,53,0.0006680026720106881
cam308_w2,54,0.12424849699398798
cam308_w2,55,0.016700066800267203
cam308_w2,56,0.0
cam308_w2,57,0.008016032064128256
cam308_w2,58,0.03006012024048096
cam308_w2,59,0.006012024048096192
cam308_w2,60,0.0
cam308_w2,61,0.0
cam308_w2,62,0.01068804275217101
cam308_w2,63,0.032732130928523714
cam308_w2,64,0.02738810955243821
cam308_w2,65,0.05076820307281229
cam308_w2,66,0.015364061456245824
cam308_w2,67,0.014028056112224449
cam308_w2,68,0.0
cam308_w2,69,0.025384101536406144
cam308_w2,70,0.0033400133600534404
cam308_w2,71,0.018704074816299265
cam308_w2,72,0.0033400133600534404
cam308_w2,73,0.0
cam308_w2,74,0.0
cam308_w2,75,0.0
cam308_w2,76,0.0
cam308_w2,77,0.0
cam308_w2,78,0.0
cam308_w2,79,0.0
cam308_w2,80,0.0
cam308_w2,81,0.0
cam308_w2,82,0.0
cam308_w2,83,0.0
cam308_w2,84,0.0
cam308_w2,85,0.16102470265324795
cam308_w2,86,0.34858188472095153
cam308_w2,87,0.34766697163769444
cam308_w2,88,0.1454711802378774
cam308_w2,89,0.12076852698993595
cam308_w2,90,0.018298261665141813
cam308_w2,91,0.2616651418115279
cam308_w2,92,0.2918572735590119
cam308_w2,93,0.1445562671546203
cam308_w2,94,0.0969807868252516
cam308_w2,95,0.52516010978957
cam308_w2,96,0.1280878316559927
cam308_w2,97,0.1473010064043916
cam308_w2,98,0.32570905763952424
cam308_w2,99,0.1655992680695334
cam308_w2,100,0.6477584629460201
cam308_w2,101,0.16651418115279049
cam308_w2,102,0.43824336688014637
cam308_w2,103,0.059469350411710885
cam308_w2,104,0.11527904849039342
cam308_w2,105,0.8398902104300091
cam308_w2,106,0.7703568161024703
cam308_w2,107,0.6431838975297347
cam308_w2,108,0.0
cam308_w2,109,0.10064043915827996
cam308_w2,110,0.07959743824336687
cam308_w2,111,0.0
cam308_w2,112,0.0
cam308_w2,113,0.0
cam308_w2,114,0.006404391582799634
cam308_w2,115,0.0
cam308_w2,116,0.010064043915827997
cam308_w2,117,0.0
cam308_w2,118,0.0
cam308_w2,119,0.07319304666056725
cam308_w2,120,0.0
cam308_w2,121,0.15187557182067704
cam308_w2,122,0.07410795974382434
cam308_w2,123,0.38609332113449224
cam308_w2,124,0.25434583714547115
cam308_w2,125,0.21134492223238793
cam308_w2,126,0.03751143641354071
cam308_w2,127,0.0018298261665141812
cam308_w2,128,0.006404391582799634
cam308_w2,129,0.0
cam308_w2,130,0.0
cam308_w2,131,0.0
cam308_w2,132,0.05032021957913998
cam308_w2,133,0.0036596523330283625
cam308_w2,134,0.013723696248856358
cam308_w2,135,0.0
cam308_w2,136,0.0
cam308_w2,137,0.0
cam308_w2,138,0.0
cam308_w2,139,0.0
cam308_w2,140,0.0
cam308_w2,141,0.0036596523330283625
cam308_w2,142,0.09057639524245197
cam308_w2,143,0.23696248856358645
cam308_w2,144,0.5782250686184812
cam308_w2,145,0.0
cam308_w2,146,0.012808783165599268
cam308_w2,147,0.0
cam308_w2,148,0.0
cam308_w2,149,0.0
cam308_w2,150,0.0
cam308_w2,151,0.0
cam308_w2,152,0.0
cam308_w2,153,0.0
cam308_w2,154,0.0
cam308_w2,155,0.00234192037470726
cam308_w2,156,0.0
cam308_w2,157,0.0
cam308_w2,158,0.0
cam308_w2,159,0.0
cam308_w2,160,0.0
cam308_w2,161,0.0
cam308_w2,162,0.02888368462138954
cam308_w2,163,0.234192037470726
cam308_w2,164,0.6557377049180327
cam308_w2,165,0.7486338797814208
cam308_w2,166,0.0
cam308_w2,167,0.0
cam308_w2,168,0.0
cam308_w2,169,0.0
cam308_w2,170,0.0
cam308_w2,171,0.0
cam308_w2,172,0.0
cam308_w2,173,0.0
cam308_w2,174,0.0
cam308_w2,175,0.0
cam308_w2,176,0.0
cam308_w2,177,0.00468384074941452
cam308_w2,178,0.03044496487119438
cam308_w2,179,0.0
cam308_w2,180,0.00546448087431694
cam308_w2,181,0.0
cam308_w2,182,0.06167056986729118
cam308_w2,183,0.00624512099921936
cam308_w2,184,0.0
cam308_w2,185,0.00858704137392662
cam308_w2,186,0.01092896174863388
cam308_w2,187,0.04839968774395004
cam308_w2,188,0.00858704137392662
cam308_w2,189,0.0
cam308_w2,190,0.00468384074941452
cam308_w2,191,0.0273224043715847
cam308_w2,192,0.04605776736924278
cam308_w2,193,0.02107728337236534
cam308_w2,194,0.01405152224824356
cam308_w2,195,0.0234192037470726
cam308_w2,196,0.0039032006245121
cam308_w2,197,0.0
cam308_w2,198,0.04918032786885246
cam308_w2,199,0.12021857923497267
cam308_w2,200,0.00936768149882904
cam308_w2,201,0.00468384074941452
cam308_w2,202,0.00234192037470726
cam308_w2,203,0.00546448087431694
cam308_w2,204,0.05698672911787666
cam308_w2,205,0.0546448087431694
cam308_w2,206,0.0
cam308_w2,207,0.00624512099921936
cam308_w2,208,0.0
cam308_w2,209,0.0039032006245121
cam308_w2,210,0.0
cam308_w2,211,0.0
cam308_w2,212,0.01405152224824356
cam308_w2,213,0.00702576112412178
cam308_w2,214,0.00858704137392662
cam308_w2,215,0.00624512099921936
cam308_w2,216,0.02419984387197502
cam308_w2,217,0.08665105386416862
cam308_w2,218,0.02654176424668228
cam308_w2,219,0.16081186572989853
cam308_w2,220,0.0156128024980484
cam308_w2,221,0.00234192037470726
cam308_w2,222,0.00078064012490242
cam308_w2,223,0.00312256049960968
cam308_w2,224,0.0
cam308_w2,225,0.0
cam308_w2,226,0.000723589001447178
cam308_w2,227,0.0
cam308_w2,228,0.0
cam308_w2,229,0.002170767004341534
cam308_w2,230,0.0
cam308_w2,231,0.0
cam308_w2,232,0.0
cam308_w2,233,0.0
cam308_w2,234,0.0
cam308_w2,235,0.0
cam308_w2,236,0.002894356005788712
cam308_w2,237,0.0
cam308_w2,238,0.07814761215629522
cam308_w2,239,0.11432706222865413
cam308_w2,240,0.19319826338639653
cam308_w2,241,0.1874095513748191
cam308_w2,242,0.05065123010130246
cam308_w2,243,0.023154848046309694
cam308_w2,244,0.0361794500723589
cam308_w2,245,0.024602026049204053
cam308_w2,246,0.06150506512301013
cam308_w2,247,0.223589001447178
cam308_w2,248,0.11939218523878437
cam308_w2,249,0.0694645441389291
cam308_w2,250,0.2178002894356006
cam308_w2,251,0.1020260492040521
cam308_w2,252,0.0658465991316932
cam308_w2,253,0.002170767004341534
cam308_w2,254,0.04703328509406657
cam308_w2,255,0.04341534008683068
cam308_w2,256,0.016642547033285094
cam308_w2,257,0.053545586107091175
cam308_w2,258,0.013748191027496382
cam308_w2,259,0.019536903039073805
cam308_w2,260,0.04052098408104197
cam308_w2,261,0.10057887120115774
cam308_w2,262,0.2134587554269175
cam308_w2,263,0.0
cam308_w2,264,0.020260492040520984
cam308_w2,265,0.04848046309696093
cam308_w2,266,0.026772793053545588
cam308_w2,267,0.02532561505065123
cam308_w2,268,0.019536903039073805
cam308_w2,269,0.02243125904486252
cam308_w2,270,0.04703328509406657
cam308_w2,271,0.001447178002894356
cam308_w2,272,0.06439942112879884
cam308_w2,273,0.015195369030390739
cam308_w2,274,0.055716353111432707
cam308_w2,275,0.001447178002894356
cam308_w2,276,0.02604920405209841
cam308_w2,277,0.005788712011577424
cam308_w2,278,0.024602026049204053
cam308_w2,279,0.002170767004341534
cam308_w2,280,0.031114327062228653
cam308_w2,281,0.06512301013024602
cam308_w2,282,0.027496382054992764
cam308_w2,283,0.09044862518089725
cam308_w2,284,0.1772793053545586
cam308_w2,285,0.01447178002894356
cam308_w2,286,0.015918958031837915
cam308_w2,287,0.019536903039073805
cam308_w2,288,0.029667149059334298
cam308_w2,289,0.07163531114327062
cam308_w2,290,0.01447178002894356
cam308_w2,291,0.016642547033285094
cam308_w2,292,0.07018813314037627
cam308_w2,293,0.05209840810419682
cam308_w2,294,0.09044862518089725
cam308_w2,295,0.06150506512301013
cam308_w2,296,0.0658465991316932
cam308_w2,297,0.006512301013024602
cam308_w2,298,0.01881331403762663
cam308_w2,299,0.0
cam308_w2,300,0.0
cam308_w2,301,0.0
cam308_w2,302,0.0
cam308_w2,303,0.0
cam308_w2,304,0.0
cam308_w2,305,0.0004342162396873643
cam308_w2,306,0.0004342162396873643
cam308_w2,307,0.0
cam308_w2,308,0.0
cam308_w2,309,0.0
cam308_w2,310,0.0013026487190620929
cam308_w2,311,0.0026052974381241857
cam308_w2,312,0.019539730785931395
cam308_w2,313,0.0021710811984368217
cam308_w2,314,0.0
cam308_w2,315,0.012592270950933565
cam308_w2,316,0.013026487190620929
cam308_w2,317,0.08858011289622232
cam308_w2,318,0.12939643942683457
cam308_w2,319,0.25618758141554493
cam308_w2,320,0.08033000434216239
cam308_w2,321,0.07511940946591403
cam308_w2,322,0.0182370820668693
cam308_w2,323,0.0013026487190620929
cam308_w2,324,0.014763352149370386
cam308_w2,325,0.01910551454624403
cam308_w2,326,0.06904038211029093
cam308_w2,327,0.10638297872340426
cam308_w2,328,0.15284411636995224
cam308_w2,329,0.12244897959183673
cam308_w2,330,0.2531480677377334
cam308_w2,331,0.27268779852366476
cam308_w2,332,0.21580547112462006
cam308_w2,333,0.04689535388623534
cam308_w2,334,0.06730351715154147
cam308_w2,335,0.10855405992184107
cam308_w2,336,0.10551454624402953
cam308_w2,337,0.05644811115935736
cam308_w2,338,0.30308293530178027
cam308_w2,339,0.5618758141554494
cam308_w2,340,0.4138080764220582
cam308_w2,341,0.16326530612244897
cam308_w2,342,0.06860616587060356
cam308_w2,343,0.03430308293530178
cam308_w2,344,0.03300043421623969
cam308_w2,345,0.004776378636561007
cam308_w2,346,0.02040816326530612
cam308_w2,347,0.056013894919669995
cam308_w2,348,0.18193660442900564
cam308_w2,349,0.12244897959183673
cam308_w2,350,0.19192357794181503
cam308_w2,351,0.28310898827616154
cam308_w2,352,0.07946157186278767
cam308_w2,353,0.04342162396873643
cam308_w2,354,0.07425097698653929
cam308_w2,355,0.08423795049934868
cam308_w2,356,0.12158054711246201
cam308_w2,357,0.07946157186278767
cam308_w2,358,0.11376465479808945
cam308_w2,359,0.26052974381241856
cam308_w2,360,0.177594442032132
cam308_w2,361,0.04342162396873643
cam308_w2,362,0.19626574033868865
cam308_w2,363,0.6287451150673035
cam308_w2,364,0.2496743378202345
cam308_w2,365,0.12071211463308727
cam308_w2,366,0.19496309161962658
cam308_w2,367,0.16283108988276163
cam308_w2,368,0.13677811550151975
cam308_w2,369,0.03560573165436387
cam308_w2,370,0.04429005644811116
cam308_w2,371,0.029092488059053408
cam308_w2,372,0.10508033000434217
cam308_w2,373,0.07121146330872774
cam308_w2,374,0.11550151975683891
cam308_w2,375,0.29700390794615716
cam308_w3,1,0.0
cam308_w3,2,0.0
cam308_w3,3,0.007926829268292683
cam308_w3,4,0.0
cam308_w3,5,0.0
cam308_w3,6,0.003048780487804878
cam308_w3,7,0.0
cam308_w3,8,0.0
cam308_w3,9,0.003658536585365854
cam308_w3,10,0.1652439024390244
cam308_w3,11,0.006707317073170732
cam308_w3,12,0.03902439024390244
cam308_w3,13,0.1152439024390244
cam308_w3,14,0.20426829268292682
cam308_w3,15,0.16158536585365854
cam308_w3,16,0.7310975609756097
cam308_w3,17,0.24329268292682926
cam308_w3,18,0.49085365853658536
cam308_w3,19,0.125
cam308_w3,20,0.38170731707317074
cam308_w3,21,0.6012195121951219
cam308_w3,22,0.47865853658536583
cam308_w3,23,0.01951219512195122
cam308_w3,24,0.013414634146341463
cam308_w3,25,0.0012195121951219512
cam308_w3,26,0.016463414634146342
cam308_w3,27,0.04878048780487805
cam308_w3,28,0.17560975609756097
cam308_w3,29,0.03719512195121951
cam308_w3,30,0.041463414634146344
cam308_w3,31,0.3335365853658537
cam308_w3,32,0.19207317073170732
cam308_w3,33,0.5134146341463415
cam308_w3,34,0.35
cam308_w3,35,0.7164634146341463
cam308_w3,36,0.10609756097560975
cam308_w3,37,0.4658536585365854
cam308_w3,38,0.802439024390244
cam308_w3,39,0.1975609756097561
cam308_w3,40,0.12560975609756098
cam308_w3,41,0.12865853658536586
cam308_w3,42,0.014634146341463415
cam308_w3,43,0.014634146341463415
cam308_w3,44,0.003658536585365854
cam308_w3,45,0.0012195121951219512
cam308_w3,46,0.009146341463414634
cam308_w3,47,0.012804878048780487
cam308_w3,48,0.02621951219512195
cam308_w3,49,0.1
cam308_w3,50,0.01951219512195122
cam308_w3,51,0.05609756097560976
cam308_w3,52,0.056707317073170734
cam308_w3,53,0.03353658536585366
cam308_w3,54,0.004878048780487805
cam308_w3,55,0.02621951219512195
cam308_w3,56,0.043292682926829265
cam308_w3,57,0.0
cam308_w3,58,0.0
cam308_w3,59,0.0
cam308_w3,60,0.0012195121951219512
cam308_w3,61,0.05121951219512195
cam308_w3,62,0.0
cam308_w3,63,0.045121951219512194
cam308_w3,64,0.03719512195121951
cam308_w3,65,0.06829268292682927
cam308_w3,66,0.03231707317073171
cam308_w3,67,0.11768292682926829
cam308_w3,68,0.046341463414634146
cam308_w3,69,0.09390243902439024
cam308_w3,70,0.01097560975609756
cam308_w3,71,0.061585365853658536
cam308_w3,72,0.04390243902439024
cam308_w3,73,0.0006097560975609756
cam308_w3,74,0.0
cam308_w3,75,0.010365853658536586
cam308_w3,76,0.0
cam308_w3,77,0.0
cam308_w3,78,0.0
cam308_w3,79,0.0
cam308_w3,80,0.0
cam308_w3,81,0.006081668114682885
cam308_w3,82,0.0
cam308_w3,83,0.0
cam308_w3,84,0.0
cam308_w3,85,0.0
cam308_w3,86,0.07993049522154648
cam308_w3,87,0.09730668983492616
cam308_w3,88,0.3492615117289314
cam308_w3,89,0.49956559513466553
cam308_w3,90,0.20851433536055602
cam308_w3,91,0.11468288444830582
cam308_w3,92,0.6585577758470895
cam308_w3,93,0.25021720243266726
cam308_w3,94,0.01998262380538662
cam308_w3,95,0.17549956559513466
cam308_w3,96,0.35621198957428324
cam308_w3,97,0.26238053866203304
cam308_w3,98,0.0026064291920069507
cam308_w3,99,0.006081668114682885
cam308_w3,100,0.2059079061685491
cam308_w3,101,0.6481320590790617
cam308_w3,102,0.5673327541268463
cam308_w3,103,0.44917463075586445
cam308_w3,104,0.6220677671589921
cam308_w3,105,0.629018245004344
cam308_w3,106,0.09556907037358818
cam308_w3,107,0.5864465682015638
cam308_w3,108,0.5499565595134666
cam308_w3,109,0.6177237185056472
cam308_w3,110,0.6203301476976543
cam308_w3,111,0.019113814074717638
cam308_w3,112,0.5960034752389227
cam308_w3,113,0.7150304083405734
cam308_w3,114,0.8731537793223284
cam308_w3,115,0.013900955690703735
cam308_w3,116,0.10686359687228497
cam308_w3,117,0.028670721112076455
cam308_w3,118,0.011294526498696786
cam308_w3,119,0.009556907037358819
cam308_w3,120,0.01216333622936577
cam308_w3,121,0.0
cam308_w3,122,0.006081668114682885
cam308_w3,123,0.006081668114682885
cam308_w3,124,0.0069504778453518675
cam308_w3,125,0.05994787141615986
cam308_w3,126,0.2363162467419635
cam308_w3,127,0.09383145091225022
cam308_w3,128,0.0008688097306689834
cam308_w3,129,0.04865334491746308
cam308_w3,130,0.07124239791485665
cam308_w3,131,0.005212858384013901
cam308_w3,132,0.02519548218940052
cam308_w3,133,0.0
cam308_w3,134,0.01216333622936577
cam308_w3,135,0.0
cam308_w3,136,0.009556907037358819
cam308_w3,137,0.0
cam308_w3,138,0.0
cam308_w3,139,0.008688097306689836
cam308_w3,140,0.0
cam308_w3,141,0.010425716768027803
cam308_w3,142,0.006081668114682885
cam308_w3,143,0.04257167680278019
cam308_w3,144,0.1355343179843614
cam308_w3,145,0.11902693310165074
cam308_w3,146,0.052128583840139006
cam308_w3,147,0.006081668114682885
cam308_w3,148,0.0
cam308_w3,149,0.0
cam308_w3,150,0.0
cam308_w3,151,0.0
cam308_w3,152,0.0
cam308_w3,153,0.0
cam308_w3,154,0.0
cam308_w3,155,0.0
cam308_w3,156,0.009556907037358819
cam308_w3,157,0.0
cam308_w3,158,0.0
cam308_w3,159,0.0
cam308_w3,160,0.0
cam308_w3,161,0.0
cam308_w3,162,0.0
cam308_w3,163,0.009556907037358819
cam308_w3,164,0.01216333622936577
cam308_w3,165,0.0
cam308_w3,166,0.011294526498696786
cam308_w3,167,0.05386620330147698
cam308_w3,168,0.0069504778453518675
cam308_w3,169,0.10773240660295395
cam308_w3,170,0.24500434404865334
cam308_w3,171,0.34404865334491747
cam308_w3,172,0.5673327541268463
cam308_w3,173,0.738488271068636
cam308_w3,174,0.40573414422241527
cam308_w3,175,0.2797567332754127
cam308_w3,176,0.2571676802780191
cam308_w3,177,0.26585577758470896
cam308_w3,178,0.2371850564726325
cam308_w3,179,0.14509122502172025
cam308_w3,180,0.19200695047784536
cam308_w3,181,0.08601216333622937
cam308_w3,182,0.13900955690703737
cam308_w3,183,0.12337098175499565
cam308_w3,184,0.03475238922675934
cam308_w3,185,0.019113814074717638
cam308_w3,186,0.0069504778453518675
cam308_w3,187,0.0
cam308_w3,188,0.006081668114682885
cam308_w3,189,0.05821025195482189
cam308_w3,190,0.02432667245873154
cam308_w3,191,0.02693310165073849
cam308_w3,192,0.05821025195482189
cam308_w3,193,0.09817549956559514
cam308_w3,194,0.09904430929626412
cam308_w3,195,0.020851433536055605
cam308_w3,196,0.11815812337098175
cam308_w3,197,0.06950477845351868
cam308_w3,198,0.0
cam308_w3,199,0.02432667245873154
cam308_w3,200,0.01216333622936577
cam308_w3,201,0.0
cam308_w3,202,0.0069504778453518675
cam308_w3,203,0.0008688097306689834
cam308_w3,204,0.09122502172024327
cam308_w3,205,0.06429192006950478
cam308_w3,206,0.06255430060816682
cam308_w3,207,0.019113814074717638
cam308_w3,208,0.043440486533449174
cam308_w3,209,0.008688097306689836
cam308_w3,210,0.006081668114682885
cam308_w3,211,0.051259774109470024
cam308_w3,212,0.010425716768027803
cam308_w3,213,0.04083405734144222
cam308_w3,214,0.014769765421372719
cam308_w3,215,0.009556907037358819
cam308_w3,216,0.07298001737619461
cam308_w3,217,0.03996524761077324
cam308_w3,218,0.0008688097306689834
cam308_w3,219,0.0634231103388358
cam308_w3,220,0.0
cam308_w3,221,0.020851433536055605
cam308_w3,222,0.0
cam308_w3,223,0.011294526498696786
cam308_w3,224,0.0
cam308_w3,225,0.0
cam308_w3,226,0.0
cam308_w3,227,0.002926115581565472
cam308_w3,228,0.005120702267739576
cam308_w3,229,0.000731528895391368
cam308_w3,230,0.018288222384784197
cam308_w3,231,0.0
cam308_w3,232,0.0036576444769568397
cam308_w3,233,0.0
cam308_w3,234,0.0
cam308_w3,235,0.0
cam308_w3,236,0.005120702267739576
cam308_w3,237,0.024140453547915143
cam308_w3,238,0.06217995610826628
cam308_w3,239,0.1185076810534016
cam308_w3,240,0.10095098756400878
cam308_w3,241,0.018288222384784197
cam308_w3,242,0.002926115581565472
cam308_w3,243,0.03584491587417703
cam308_w3,244,0.03145574250182882
cam308_w3,245,0.006583760058522311
cam308_w3,246,0.002926115581565472
cam308_w3,247,0.02487198244330651
cam308_w3,248,0.05193855157278712
cam308_w3,249,0.07095830285296269
cam308_w3,250,0.1119239209948793
cam308_w3,251,0.36795903438185806
cam308_w3,252,0.2421360643745428
cam308_w3,253,0.17776152158010242
cam308_w3,254,0.2816386247256767
cam308_w3,255,0.23555230431602048
cam308_w3,256,0.11046086320409657
cam308_w3,257,0.033650329188002925
cam308_w3,258,0.03730797366495977
cam308_w3,259,0.1258229700073153
cam308_w3,260,0.10387710314557425
cam308_w3,261,0.1397220190197513
cam308_w3,262,0.2728602779809802
cam308_w3,263,0.07242136064374542
cam308_w3,264,0.019019751280175568
cam308_w3,265,0.07607900512070227
cam308_w3,266,0.04901243599122165
cam308_w3,267,0.06583760058522312
cam308_w3,268,0.006583760058522311
cam308_w3,269,0.08997805413313825
cam308_w3,270,0.03438185808339429
cam308_w3,271,0.1397220190197513
cam308_w3,272,0.04316020482809071
cam308_w3,273,0.01755669348939283
cam308_w3,274,0.051207022677395755
cam308_w3,275,0.07168983174835405
cam308_w3,276,0.0
cam308_w3,277,0.2728602779809802
cam308_w3,278,0.014630577907827359
cam308_w3,279,0.06071689831748354
cam308_w3,280,0.006583760058522311
cam308_w3,281,0.02267739575713241
cam308_w3,282,0.0
cam308_w3,283,0.018288222384784197
cam308_w3,284,0.006583760058522311
cam308_w3,285,0.019019751280175568
cam308_w3,286,0.0
cam308_w3,287,0.0021945866861741038
cam308_w3,288,0.06583760058522312
cam308_w3,289,0.012435991221653255
cam308_w3,290,0.005120702267739576
cam308_w3,291,0.001463057790782736
cam308_w3,292,0.03438185808339429
cam308_w3,293,0.07900512070226774
cam308_w3,294,0.02852962692026335
cam308_w3,295,0.07242136064374542
cam308_w3,296,0.04681784930504755
cam308_w3,297,0.018288222384784197
cam308_w3,298,0.0
cam308_w3,299,0.02267739575713241
cam308_w3,300,0.0021945866861741038
cam308_w3,301,0.0
cam308_w3,302,0.0
cam308_w3,303,0.0
cam308_w3,304,0.0
cam308_w3,305,0.0
cam308_w3,306,0.0004344048653344917
cam308_w3,307,0.0
cam308_w3,308,0.006516072980017376
cam308_w3,309,0.0
cam308_w3,310,0.0
cam308_w3,311,0.017810599478714162
cam308_w3,312,0.016941789748045177
cam308_w3,313,0.017810599478714162
cam308_w3,314,0.02780191138140747
cam308_w3,315,0.03996524761077324
cam308_w3,316,0.052128583840139006
cam308_w3,317,0.13205907906168549
cam308_w3,318,0.15595134665508253
cam308_w3,319,0.12033014769765421
cam308_w3,320,0.3149435273675065
cam308_w3,321,0.08079930495221546
cam308_w3,322,0.058644656820156384
cam308_w3,323,0.2584708948740226
cam308_w3,324,0.20286707211120764
cam308_w3,325,0.13423110338835795
cam308_w3,326,0.1898349261511729
cam308_w3,327,0.184622067767159
cam308_w3,328,0.28279756733275413
cam308_w3,329,0.07993049522154648
cam308_w3,330,0.26498696785403997
cam308_w3,331,0.04908774978279757
cam308_w3,332,0.1155516941789748
cam308_w3,333,0.17506516072980016
cam308_w3,334,0.16637706342311034
cam308_w3,335,0.10729800173761946
cam308_w3,336,0.14986967854039965
cam308_w3,337,0.18592528236316247
cam308_w3,338,0.3253692441355343
cam308_w3,339,0.2215464813205908
cam308_w3,340,0.20721112076455256
cam308_w3,341,0.0317115551694179
cam308_w3,342,0.018679409209383144
cam308_w3,343,0.078627280625543
cam308_w3,344,0.28801042571676805
cam308_w3,345,0.1833188531711555
cam308_w3,346,0.20938314509122502
cam308_w3,347,0.016072980017376195
cam308_w3,348,0.2767158992180712
cam308_w3,349,0.08079930495221546
cam308_w3,350,0.14118158123370983
cam308_w3,351,0.314509122502172
cam308_w3,352,0.23414422241529106
cam308_w3,353,0.045178105994787145
cam308_w3,354,0.17636837532580366
cam308_w3,355,0.09556907037358818
cam308_w3,356,0.2380538662033015
cam308_w3,357,0.19635099913119028
cam308_w3,358,0.05603822762814944
cam308_w3,359,0.05734144222415291
cam308_w3,360,0.12510860121633363
cam308_w3,361,0.08340573414422242
cam308_w3,362,0.08297132927888792
cam308_w3,363,0.12423979148566464
cam308_w3,364,0.016507384882710686
cam308_w3,365,0.18766290182450043
cam308_w3,366,0.20851433536055602
cam308_w3,367,0.07298001737619461
cam308_w3,368,0.22936576889661164
cam308_w3,369,0.09209383145091225
cam308_w3,370,0.26238053866203304
cam308_w3,371,0.4261511728931364
cam308_w3,372,0.2845351867940921
cam308_w3,373,0.009122502172024326
cam308_w3,374,0.02476107732406603
cam308_w3,375,0.11902693310165074
cam308_w4,1,0.0
cam308_w4,2,0.0006257822277847309
cam308_w4,3,0.0
cam308_w4,4,0.07133917396745933
cam308_w4,5,0.09949937421777222
cam308_w4,6,0.0
cam308_w4,7,0.13141426783479349
cam308_w4,8,0.0
cam308_w4,9,0.0
cam308_w4,10,0.0025031289111389237
cam308_w4,11,0.5075093867334167
cam308_w4,12,0.16520650813516896
cam308_w4,13,0.14267834793491865
cam308_w4,14,0.0769712140175219
cam308_w4,15,0.12015018773466833
cam308_w4,16,0.327909887359199
cam308_w4,17,0.24030037546933666
cam308_w4,18,0.15081351689612016
cam308_w4,19,0.19586983729662077
cam308_w4,20,0.5619524405506884
cam308_w4,21,0.3948685857321652
cam308_w4,22,0.38423028785982477
cam308_w4,23,0.22528160200250313
cam308_w4,24,0.20212765957446807
cam308_w4,25,0.038172715894868585
cam308_w4,26,0.009386733416770964
cam308_w4,27,0.10387984981226533
cam308_w4,28,0.04818523153942428
cam308_w4,29,0.21151439299123906
cam308_w4,30,0.14580725907384232
cam308_w4,31,0.15456821026282855
cam308_w4,32,0.14893617021276595
cam308_w4,33,0.41364205256570713
cam308_w4,34,0.014392991239048811
cam308_w4,35,0.0
cam308_w4,36,0.22715894868585731
cam308_w4,37,0.27471839799749687
cam308_w4,38,0.49937421777221525
cam308_w4,39,0.37296620775969963
cam308_w4,40,0.5250312891113892
cam308_w4,41,0.25344180225281604
cam308_w4,42,0.5050062578222778
cam308_w4,43,0.06695869837296621
cam308_w4,44,0.03879849812265332
cam308_w4,45,0.025657071339173967
cam308_w4,46,0.0012515644555694619
cam308_w4,47,0.03629536921151439
cam308_w4,48,0.03128911138923655
cam308_w4,49,0.018147684605757195
cam308_w4,50,0.06320400500625782
cam308_w4,51,0.014392991239048811
cam308_w4,52,0.05193992490613267
cam308_w4,53,0.0031289111389236545
cam308_w4,54,0.03754693366708386
cam308_w4,55,0.10888610763454318
cam308_w4,56,0.04505632040050062
cam308_w4,57,0.017521902377972465
cam308_w4,58,0.0769712140175219
cam308_w4,59,0.0
cam308_w4,60,0.02127659574468085
cam308_w4,61,0.010012515644555695
cam308_w4,62,0.01877346683354193
cam308_w4,63,0.040675844806007506
cam308_w4,64,0.012515644555694618
cam308_w4,65,0.024405506883604506
cam308_w4,66,0.017521902377972465
cam308_w4,67,0.015018773466833541
cam308_w4,68,0.023153942428035045
cam308_w4,69,0.12077596996245307
cam308_w4,70,0.07759699624530664
cam308_w4,71,0.1821026282853567
cam308_w4,72,0.015018773466833541
cam308_w4,73,0.0
cam308_w4,74,0.0
cam308_w4,75,0.0018773466833541927
cam308_w4,76,0.0
cam308_w4,77,0.0
cam308_w4,78,0.0
cam308_w4,79,0.0
cam308_w4,80,0.0
cam308_w4,81,0.0
cam308_w4,82,0.0
cam308_w4,83,0.0
cam308_w4,84,0.0
cam308_w4,85,0.03516295025728988
cam308_w4,86,0.15866209262435677
cam308_w4,87,0.0
cam308_w4,88,0.0
cam308_w4,89,0.007718696397941681
cam308_w4,90,0.0
cam308_w4,91,0.03430531732418525
cam308_w4,92,0.18010291595197256
cam308_w4,93,0.37392795883361923
cam308_w4,94,0.20411663807890223
cam308_w4,95,0.12435677530017153
cam308_w4,96,0.3876500857632933
cam308_w4,97,0.4734133790737564
cam308_w4,98,0.14922813036020582
cam308_w4,99,0.2006861063464837
cam308_w4,100,0.330188679245283
cam308_w4,101,0.19296740994854203
cam308_w4,102,0.5111492281303602
cam308_w4,103,0.19725557461406518
cam308_w4,104,0.6346483704974271
cam308_w4,105,0.4751286449399657
cam308_w4,106,0.62778730703259
cam308_w4,107,0.4159519725557461
cam308_w4,108,0.4013722126929674
cam308_w4,109,0.62778730703259
cam308_w4,110,0.4631217838765009
cam308_w4,111,0.2804459691252144
cam308_w4,112,0.6243567753001715
cam308_w4,113,0.8902229845626072
cam308_w4,114,0.5711835334476844
cam308_w4,115,0.01972555746140652
cam308_w4,116,0.00686106346483705
cam308_w4,117,0.012006861063464836
cam308_w4,118,0.00686106346483705
cam308_w4,119,0.011149228130360206
cam308_w4,120,0.006003430531732418
cam308_w4,121,0.0548885077186964
cam308_w4,122,0.13293310463121785
cam308_w4,123,0.03773584905660377
cam308_w4,124,0.0
cam308_w4,125,0.09262435677530018
cam308_w4,126,0.2950257289879931
cam308_w4,127,0.012006861063464836
cam308_w4,128,0.1483704974271012
cam308_w4,129,0.04202401372212693
cam308_w4,130,0.010291595197255575
cam308_w4,131,0.006003430531732418
cam308_w4,132,0.009433962264150943
cam308_w4,133,0.006003430531732418
cam308_w4,134,0.0
cam308_w4,135,0.0
cam308_w4,136,0.0
cam308_w4,137,0.0
cam308_w4,138,0.00686106346483705
cam308_w4,139,0.0
cam308_w4,140,0.0
cam308_w4,141,0.015437392795883362
cam308_w4,142,0.07547169811320754
cam308_w4,143,0.0274442538593482
cam308_w4,144,0.017152658662092625
cam308_w4,145,0.006003430531732418
cam308_w4,146,0.003430531732418525
cam308_w4,147,0.0
cam308_w4,148,0.0
cam308_w4,149,0.0
cam308_w4,150,0.0
cam308_w4,151,0.0
cam308_w4,152,0.0
cam308_w4,153,0.0
cam308_w4,154,0.0
cam308_w4,155,0.0
cam308_w4,156,0.0
cam308_w4,157,0.0
cam308_w4,158,0.0
cam308_w4,159,0.0
cam308_w4,160,0.0
cam308_w4,161,0.0
cam308_w4,162,0.004344048653344918
cam308_w4,163,0.0
cam308_w4,164,0.0
cam308_w4,165,0.0
cam308_w4,166,0.0
cam308_w4,167,0.004344048653344918
cam308_w4,168,0.07645525629887055
cam308_w4,169,0.1268462206776716
cam308_w4,170,0.3527367506516073
cam308_w4,171,0.2519548218940052
cam308_w4,172,0.3492615117289314
cam308_w4,173,0.3006081668114683
cam308_w4,174,0.23544743701129453
cam308_w4,175,0.6238053866203301
cam308_w4,176,0.8132059079061685
cam308_w4,177,0.577758470894874
cam308_w4,178,0.04083405734144222
cam308_w4,179,0.14335360556038226
cam308_w4,180,0.02780191138140747
cam308_w4,181,0.03301476976542137
cam308_w4,182,0.0738488271068636
cam308_w4,183,0.0634231103388358
cam308_w4,184,0.04170286707211121
cam308_w4,185,0.05039096437880104
cam308_w4,186,0.05560382276281494
cam308_w4,187,0.0034752389226759338
cam308_w4,188,0.05386620330147698
cam308_w4,189,0.0034752389226759338
cam308_w4,190,0.2059079061685491
cam308_w4,191,0.0
cam308_w4,192,0.005212858384013901
cam308_w4,193,0.016507384882710686
cam308_w4,194,0.022589052997393572
cam308_w4,195,0.03388357949609035
cam308_w4,196,0.07645525629887055
cam308_w4,197,0.0034752389226759338
cam308_w4,198,0.0026064291920069507
cam308_w4,199,0.0008688097306689834
cam308_w4,200,0.01737619461337967
cam308_w4,201,0.01216333622936577
cam308_w4,202,0.016507384882710686
cam308_w4,203,0.02780191138140747
cam308_w4,204,0.01998262380538662
cam308_w4,205,0.009556907037358819
cam308_w4,206,0.0
cam308_w4,207,0.020851433536055605
cam308_w4,208,0.013900955690703735
cam308_w4,209,0.01737619461337967
cam308_w4,210,0.10512597741094701
cam308_w4,211,0.005212858384013901
cam308_w4,212,0.0
cam308_w4,213,0.014769765421372719
cam308_w4,214,0.03388357949609035
cam308_w4,215,0.026064291920069503
cam308_w4,216,0.3058210251954822
cam308_w4,217,0.01216333622936577
cam308_w4,218,0.038227628149435276
cam308_w4,219,0.011294526498696786
cam308_w4,220,0.004344048653344918
cam308_w4,221,0.013900955690703735
cam308_w4,222,0.004344048653344918
cam308_w4,223,0.0
cam308_w4,224,0.01216333622936577
cam308_w4,225,0.0
cam308_w4,226,0.0
cam308_w4,227,0.01002865329512894
cam308_w4,228,0.0
cam308_w4,229,0.0007163323782234957
cam308_w4,230,0.0
cam308_w4,231,0.0
cam308_w4,232,0.0
cam308_w4,233,0.0
cam308_w4,234,0.0
cam308_w4,235,0.0
cam308_w4,236,0.0
cam308_w4,237,0.002148997134670487
cam308_w4,238,0.03868194842406877
cam308_w4,239,0.01002865329512894
cam308_w4,240,0.02005730659025788
cam308_w4,241,0.08739255014326648
cam308_w4,242,0.15257879656160458
cam308_w4,243,0.08524355300859598
cam308_w4,244,0.4262177650429799
cam308_w4,245,0.3237822349570201
cam308_w4,246,0.20128939828080228
cam308_w4,247,0.12034383954154727
cam308_w4,248,0.01790830945558739
cam308_w4,249,0.12106017191977077
cam308_w4,250,0.04369627507163324
cam308_w4,251,0.07521489971346705
cam308_w4,252,0.14183381088825214
cam308_w4,253,0.0830945558739255
cam308_w4,254,0.17335243553008595
cam308_w4,255,0.013610315186246419
cam308_w4,256,0.012177650429799427
cam308_w4,257,0.0035816618911174787
cam308_w4,258,0.015759312320916905
cam308_w4,259,0.029369627507163324
cam308_w4,260,0.009312320916905445
cam308_w4,261,0.012177650429799427
cam308_w4,262,0.0
cam308_w4,263,0.0
cam308_w4,264,0.0
cam308_w4,265,0.010744985673352435
cam308_w4,266,0.008595988538681949
cam308_w4,267,0.0064469914040114614
cam308_w4,268,0.004297994269340974
cam308_w4,269,0.013610315186246419
cam308_w4,270,0.010744985673352435
cam308_w4,271,0.0
cam308_w4,272,0.0
cam308_w4,273,0.013610315186246419
cam308_w4,274,0.025071633237822348
cam308_w4,275,0.1010028653295129
cam308_w4,276,0.055873925501432664
cam308_w4,277,0.032234957020057305
cam308_w4,278,0.02650429799426934
cam308_w4,279,0.007879656160458453
cam308_w4,280,0.019340974212034383
cam308_w4,281,0.0
cam308_w4,282,0.0014326647564469914
cam308_w4,283,0.0064469914040114614
cam308_w4,284,0.0508595988538682
cam308_w4,285,0.02363896848137536
cam308_w4,286,0.07234957020057306
cam308_w4,287,0.0
cam308_w4,288,0.015759312320916905
cam308_w4,289,0.0
cam308_w4,290,0.015759312320916905
cam308_w4,291,0.034383954154727794
cam308_w4,292,0.04154727793696275
cam308_w4,293,0.0164756446991404
cam308_w4,294,0.07163323782234957
cam308_w4,295,0.07593123209169055
cam308_w4,296,0.04297994269340974
cam308_w4,297,0.0494269340974212
cam308_w4,298,0.0
cam308_w4,299,0.008595988538681949
cam308_w4,300,0.014326647564469915
cam308_w4,301,0.0008684324793747286
cam308_w4,302,0.009552757273122015
cam308_w4,303,0.0
cam308_w4,304,0.00998697351280938
cam308_w4,305,0.005210594876248371
cam308_w4,306,0.005210594876248371
cam308_w4,307,0.0039079461571862786
cam308_w4,308,0.0021710811984368217
cam308_w4,309,0.0008684324793747286
cam308_w4,310,0.02822405557967868
cam308_w4,311,0.03473729917498915
cam308_w4,312,0.013026487190620929
cam308_w4,313,0.013894919669995658
cam308_w4,314,0.03864524533217542
cam308_w4,315,0.030829353017802867
cam308_w4,316,0.011289622231871473
cam308_w4,317,0.030829353017802867
cam308_w4,318,0.07989578810247504
cam308_w4,319,0.06990881458966565
cam308_w4,320,0.09161962657403387
cam308_w4,321,0.1580547112462006
cam308_w4,322,0.13156752062527138
cam308_w4,323,0.12635692574902302
cam308_w4,324,0.16369952236213633
cam308_w4,325,0.30916196265740337
cam308_w4,326,0.10811984368215372
cam308_w4,327,0.17933130699088146
cam308_w4,328,0.3356491532783326
cam308_w4,329,0.3421623968736431
cam308_w4,330,0.2774641771602258
cam308_w4,331,0.3252279635258359
cam308_w4,332,0.4181502388189318
cam308_w4,333,0.07164567954841511
cam308_w4,334,0.15675206252713852
cam308_w4,335,0.059921841076856275
cam308_w4,336,0.03213200173686496
cam308_w4,337,0.11376465479808945
cam308_w4,338,0.11593573599652628
cam308_w4,339,0.08771168041684758
cam308_w4,340,0.059053408597481545
cam308_w4,341,0.07946157186278767
cam308_w4,342,0.03343465045592705
cam308_w4,343,0.03473729917498915
cam308_w4,344,0.11376465479808945
cam308_w4,345,0.17455492835432046
cam308_w4,346,0.08944854537559704
cam308_w4,347,0.06990881458966565
cam308_w4,348,0.058619192357794184
cam308_w4,349,0.11940946591402518
cam308_w4,350,0.2505427702996092
cam308_w4,351,0.2765957446808511
cam308_w4,352,0.369518019973947
cam308_w4,353,0.09335649153278333
cam308_w4,354,0.0486322188449848
cam308_w4,355,0.08901432913590969
cam308_w4,356,0.0008684324793747286
cam308_w4,357,0.03560573165436387
cam308_w4,358,0.09031697785497178
cam308_w4,359,0.19062092922275292
cam308_w4,360,0.23447676943117673
cam308_w4,361,0.00998697351280938
cam308_w4,362,0.10551454624402953
cam308_w4,363,0.11463308727746417
cam308_w4,364,0.16283108988276163
cam308_w4,365,0.009552757273122015
cam308_w4,366,0.026487190620929222
cam308_w4,367,0.15718627876682587
cam308_w4,368,0.020842379504993486
cam308_w4,369,0.13851498046026922
cam308_w4,370,0.15458098132870168
cam308_w4,371,0.07815892314372558
cam308_w4,372,0.32305688232739904
cam308_w4,373,0.03517151541467651
cam308_w4,374,0.16109422492401215
cam308_w4,375,0.18888406426400348
cam308_w5,1,0.0
cam308_w5,2,0.0
cam308_w5,3,0.0
cam308_w5,4,0.17631917631917632
cam308_w5,5,0.21364221364221364
cam308_w5,6,0.0
cam308_w5,7,0.0
cam308_w5,8,0.0
cam308_w5,9,0.0
cam308_w5,10,0.02445302445302445
cam308_w5,11,0.14157014157014158
cam308_w5,12,0.13063063063063063
cam308_w5,13,0.231016731016731
cam308_w5,14,0.6994851994851995
cam308_w5,15,0.0444015444015444
cam308_w5,16,0.1731016731016731
cam308_w5,17,0.43564993564993565
cam308_w5,18,0.0
cam308_w5,19,0.05276705276705277
cam308_w5,20,0.01673101673101673
cam308_w5,21,0.3835263835263835
cam308_w5,22,0.007078507078507079
cam308_w5,23,0.1583011583011583
cam308_w5,24,0.3359073359073359
cam308_w5,25,0.27927927927927926
cam308_w5,26,0.24903474903474904
cam308_w5,27,0.3314028314028314
cam308_w5,28,0.3487773487773488
cam308_w5,29,0.1981981981981982
cam308_w5,30,0.21042471042471042
cam308_w5,31,0.0
cam308_w5,32,0.06113256113256113
cam308_w5,33,0.07786357786357787
cam308_w5,34,0.21042471042471042
cam308_w5,35,0.11647361647361647
cam308_w5,36,0.09588159588159588
cam308_w5,37,0.0694980694980695
cam308_w5,38,0.014800514800514801
cam308_w5,39,0.37966537966537967
cam308_w5,40,0.10038610038610038
cam308_w5,41,0.1981981981981982
cam308_w5,42,0.07786357786357787
cam308_w5,43,0.3256113256113256
cam308_w5,44,0.4453024453024453
cam308_w5,45,0.24517374517374518
cam308_w5,46,0.20463320463320464
cam308_w5,47,0.010939510939510939
cam308_w5,48,0.021879021879021878
cam308_w5,49,0.007078507078507079
cam308_w5,50,0.19433719433719435
cam308_w5,51,0.8410553410553411
cam308_w5,52,0.25418275418275416
cam308_w5,53,0.19176319176319176
cam308_w5,54,0.3783783783783784
cam308_w5,55,0.528957528957529
cam308_w5,56,0.7046332046332047
cam308_w5,57,0.17245817245817247
cam308_w5,58,0.36164736164736166
cam308_w5,59,0.37966537966537967
cam308_w5,60,0.6332046332046332
cam308_w5,61,0.40283140283140284
cam308_w5,62,0.04826254826254826
cam308_w5,63,0.11196911196911197
cam308_w5,64,0.009009009009009009
cam308_w5,65,0.021879021879021878
cam308_w5,66,0.08365508365508366
cam308_w5,67,0.010939510939510939
cam308_w5,68,0.059845559845559844
cam308_w5,69,0.08815958815958816
cam308_w5,70,0.0489060489060489
cam308_w5,71,0.03474903474903475
cam308_w5,72,0.0
cam308_w5,73,0.0
cam308_w5,74,0.0
cam308_w5,75,0.0
cam308_w5,76,0.0
cam308_w5,77,0.0
cam308_w5,78,0.0
cam308_w5,79,0.0
cam308_w5,80,0.0
cam308_w5,81,0.0
cam308_w5,82,0.0
cam308_w5,83,0.0864297253634895
cam308_w5,84,0.0
cam308_w5,85,0.1098546042003231
cam308_w5,86,0.2544426494345719
cam308_w5,87,0.19951534733441034
cam308_w5,88,0.3691437802907916
cam308_w5,89,0.06946688206785137
cam308_w5,90,0.22374798061389337
cam308_w5,91,0.09773828756058159
cam308_w5,92,0.6179321486268174
cam308_w5,93,0.8885298869143781
cam308_w5,94,0.1429725363489499
cam308_w5,95,0.5662358642972536
cam308_w5,96,0.8247172859450727
cam308_w5,97,0.7835218093699515
cam308_w5,98,0.6922455573505655
cam308_w5,99,0.33198707592891763
cam308_w5,100,0.3529886914378029
cam308_w5,101,0.7972536348949919
cam308_w5,102,0.4491114701130856
cam308_w5,103,0.06785137318255251
cam308_w5,104,0.25121163166397414
cam308_w5,105,0.0016155088852988692
cam308_w5,106,0.01615508885298869
cam308_w5,107,0.4483037156704362
cam308_w5,108,0.561389337641357
cam308_w5,109,0.3529886914378029
cam308_w5,110,0.07996768982229402
cam308_w5,111,0.23021001615508885
cam308_w5,112,0.39176090468497576
cam308_w5,113,0.7544426494345718
cam308_w5,114,0.30129240710823907
cam308_w5,115,0.062197092084006464
cam308_w5,116,0.5161550888529887
cam308_w5,117,0.35864297253634897
cam308_w5,118,0.008077544426494346
cam308_w5,119,0.046849757673667204
cam308_w5,120,0.2956381260096931
cam308_w5,121,0.43376413570274636
cam308_w5,122,0.049273021001615507
cam308_w5,123,0.6429725363489499
cam308_w5,124,0.3925686591276252
cam308_w5,125,0.6930533117932148
cam308_w5,126,0.2762520193861066
cam308_w5,127,0.13489499192245558
cam308_w5,128,0.15751211631663975
cam308_w5,129,0.09208400646203554
cam308_w5,130,0.08319870759289176
cam308_w5,131,0.1752827140549273
cam308_w5,132,0.12358642972536349
cam308_w5,133,0.12035541195476575
cam308_w5,134,0.12277867528271405
cam308_w5,135,0.04281098546042003
cam308_w5,136,0.0
cam308_w5,137,0.09208400646203554
cam308_w5,138,0.004038772213247173
cam308_w5,139,0.0016155088852988692
cam308_w5,140,0.0
cam308_w5,141,0.01050080775444265
cam308_w5,142,0.004846526655896607
cam308_w5,143,0.13166397415185785
cam308_w5,144,0.03877221324717286
cam308_w5,145,0.0
cam308_w5,146,0.07592891760904685
cam308_w5,147,0.0032310177705977385
cam308_w5,148,0.005654281098546042
cam308_w5,149,0.0
cam308_w5,150,0.0
cam308_w5,151,0.0
cam308_w5,152,0.0
cam308_w5,153,0.0
cam308_w5,154,0.0
cam308_w5,155,0.0
cam308_w5,156,0.0
cam308_w5,157,0.0008368200836820083
cam308_w5,158,0.0016736401673640166
cam308_w5,159,0.0
cam308_w5,160,0.0
cam308_w5,161,0.0301255230125523
cam308_w5,162,0.007531380753138075
cam308_w5,163,0.0
cam308_w5,164,0.0100418410041841
cam308_w5,165,0.012552301255230125
cam308_w5,166,0.011715481171548118
cam308_w5,167,0.009205020920502092
cam308_w5,168,0.03096234309623431
cam308_w5,169,0.026778242677824266
cam308_w5,170,0.0803347280334728
cam308_w5,171,0.024267782426778243
cam308_w5,172,0.3087866108786611
cam308_w5,173,0.08619246861924686
cam308_w5,174,0.0887029288702929
cam308_w5,175,0.5924686192468619
cam308_w5,176,0.24518828451882846
cam308_w5,177,0.6326359832635984
cam308_w5,178,0.1916317991631799
cam308_w5,179,0.26276150627615064
cam308_w5,180,0.7615062761506276
cam308_w5,181,0.198326359832636
cam308_w5,182,0.049372384937238493
cam308_w5,183,0.035146443514644354
cam308_w5,184,0.002510460251046025
cam308_w5,185,0.002510460251046025
cam308_w5,186,0.0
cam308_w5,187,0.005857740585774059
cam308_w5,188,0.0
cam308_w5,189,0.016736401673640166
cam308_w5,190,0.0
cam308_w5,191,0.04435146443514645
cam308_w5,192,0.0
cam308_w5,193,0.0
cam308_w5,194,0.0
cam308_w5,195,0.019246861924686193
cam308_w5,196,0.05439330543933055
cam308_w5,197,0.014225941422594143
cam308_w5,198,0.1280334728033473
cam308_w5,199,0.07615062761506276
cam308_w5,200,0.005857740585774059
cam308_w5,201,0.008368200836820083
cam308_w5,202,0.0
cam308_w5,203,0.0100418410041841
cam308_w5,204,0.015899581589958158
cam308_w5,205,0.30627615062761504
cam308_w5,206,0.042677824267782424
cam308_w5,207,0.024267782426778243
cam308_w5,208,0.1489539748953975
cam308_w5,209,0.0016736401673640166
cam308_w5,210,0.04100418410041841
cam308_w5,211,0.0
cam308_w5,212,0.013389121338912133
cam308_w5,213,0.015899581589958158
cam308_w5,214,0.002510460251046025
cam308_w5,215,0.017573221757322177
cam308_w5,216,0.06443514644351464
cam308_w5,217,0.05188284518828452
cam308_w5,218,0.05439330543933055
cam308_w5,219,0.01506276150627615
cam308_w5,220,0.0066945606694560665
cam308_w5,221,0.0033472803347280333
cam308_w5,222,0.013389121338912133
cam308_w5,223,0.0
cam308_w5,224,0.0
cam308_w5,225,0.0033472803347280333
cam308_w5,226,0.0
cam308_w5,227,0.0
cam308_w5,228,0.0
cam308_w5,229,0.0
cam308_w5,230,0.045665122435473195
cam308_w5,231,0.0
cam308_w5,232,0.0
cam308_w5,233,0.0
cam308_w5,234,0.0013236267372600927
cam308_w5,235,0.020516214427531435
cam308_w5,236,0.01786896095301125
cam308_w5,237,0.08603573792190602
cam308_w5,238,0.11184645929847783
cam308_w5,239,0.04698874917273329
cam308_w5,240,0.06154864328259431
cam308_w5,241,0.10125744540039709
cam308_w5,242,0.14956982131039048
cam308_w5,243,0.27200529450694905
cam308_w5,244,0.228325612177366
cam308_w5,245,0.25215089344804764
cam308_w5,246,0.14559894109861019
cam308_w5,247,0.19391131700860356
cam308_w5,248,0.16677696889477167
cam308_w5,249,0.37193911317008604
cam308_w5,250,0.009265387160820648
cam308_w5,251,0.01588352084712111
cam308_w5,252,0.03176704169424222
cam308_w5,253,0.08934480476505625
cam308_w5,254,0.06684315023163467
cam308_w5,255,0.0066181336863004635
cam308_w5,256,0.04037061548643282
cam308_w5,257,0.019192587690271344
cam308_w5,258,0.0006618133686300463
cam308_w5,259,0.0
cam308_w5,260,0.017207147584381206
cam308_w5,261,0.10919920582395765
cam308_w5,262,0.09397749834546658
cam308_w5,263,0.009265387160820648
cam308_w5,264,0.0
cam308_w5,265,0.019192587690271344
cam308_w5,266,0.013236267372600927
cam308_w5,267,0.028457974851091992
cam308_w5,268,0.05228325612177366
cam308_w5,269,0.07875579086697551
cam308_w5,270,0.05625413633355394
cam308_w5,271,0.0
cam308_w5,272,0.10986101919258769
cam308_w5,273,0.001985440105890139
cam308_w5,274,0.06750496360026473
cam308_w5,275,0.02316346790205162
cam308_w5,276,0.0013236267372600927
cam308_w5,277,0.009927200529450696
cam308_w5,278,0.003970880211780278
cam308_w5,279,0.07610853739245532
cam308_w5,280,0.027796161482461945
cam308_w5,281,0.02911978821972204
cam308_w5,282,0.07610853739245532
cam308_w5,283,0.16412971542025148
cam308_w5,284,0.09530112508272667
cam308_w5,285,0.0357379219060225
cam308_w5,286,0.01985440105890139
cam308_w5,287,0.024487094639311716
cam308_w5,288,0.03176704169424222
cam308_w5,289,0.0013236267372600927
cam308_w5,290,0.0026472534745201853
cam308_w5,291,0.007941760423560556
cam308_w5,292,0.02514890800794176
cam308_w5,293,0.005956320317670417
cam308_w5,294,0.0357379219060225
cam308_w5,295,0.019192587690271344
cam308_w5,296,0.019192587690271344
cam308_w5,297,0.0
cam308_w5,298,0.022501654533421574
cam308_w5,299,0.001985440105890139
cam308_w5,300,0.0
cam308_w5,301,0.0
cam308_w5,302,0.0
cam308_w5,303,0.0
cam308_w5,304,0.0008684324793747286
cam308_w5,305,0.0004342162396873643
cam308_w5,306,0.0
cam308_w5,307,0.005210594876248371
cam308_w5,308,0.0
cam308_w5,309,0.0021710811984368217
cam308_w5,310,0.0
cam308_w5,311,0.013460703430308293
cam308_w5,312,0.0026052974381241857
cam308_w5,313,0.0021710811984368217
cam308_w5,314,0.005210594876248371
cam308_w5,315,0.020842379504993486
cam308_w5,316,0.013894919669995658
cam308_w5,317,0.00303951367781155
cam308_w5,318,0.020842379504993486
cam308_w5,319,0.02127659574468085
cam308_w5,320,0.0013026487190620929
cam308_w5,321,0.0060790273556231
cam308_w5,322,0.018671298306556665
cam308_w5,323,0.06904038211029093
cam308_w5,324,0.03951367781155015
cam308_w5,325,0.07511940946591403
cam308_w5,326,0.02518454190186713
cam308_w5,327,0.058619192357794184
cam308_w5,328,0.0729483282674772
cam308_w5,329,0.13156752062527138
cam308_w5,330,0.18888406426400348
cam308_w5,331,0.16804168475901
cam308_w5,332,0.10594876248371689
cam308_w5,333,0.13026487190620928
cam308_w5,334,0.2961354754667825
cam308_w5,335,0.26226660877116803
cam308_w5,336,0.41163699522362135
cam308_w5,337,0.28658271819366044
cam308_w5,338,0.23751628310898829
cam308_w5,339,0.4272687798523665
cam308_w5,340,0.16934433347807207
cam308_w5,341,0.340859748154581
cam308_w5,342,0.5501519756838906
cam308_w5,343,0.3538862353452019
cam308_w5,344,0.32653061224489793
cam308_w5,345,0.425531914893617
cam308_w5,346,0.4003473729917499
cam308_w5,347,0.3664785062961355
cam308_w5,348,0.31828050369083805
cam308_w5,349,0.13417281806339557
cam308_w5,350,0.3686495874945723
cam308_w5,351,0.25835866261398177
cam308_w5,352,0.1389491966999566
cam308_w5,353,0.2505427702996092
cam308_w5,354,0.3834129396439427
cam308_w5,355,0.41597915762049503
cam308_w5,356,0.16717325227963525
cam308_w5,357,0.39600521059487626
cam308_w5,358,0.09292227529309596
cam308_w5,359,0.3699522362136344
cam308_w5,360,0.24837168910117238
cam308_w5,361,0.0790273556231003
cam308_w5,362,0.364741641337386
cam308_w5,363,0.3577941815023882
cam308_w5,364,0.14459400781589232
cam308_w5,365,0.24663482414242294
cam308_w5,366,0.4198871037776813
cam308_w5,367,0.5002171081198437
cam308_w5,368,0.10594876248371689
cam308_w5,369,0.17368649587494572
cam308_w5,370,0.16587060356057318
cam308_w5,371,0.027789839339991317
cam308_w5,372,0.052105948762483714
cam308_w5,373,0.228831958315241
cam308_w5,374,0.3829787234042553
cam308_w5,375,0.15718627876682587
cam308_w6,1,0.0
cam308_w6,2,0.0
cam308_w6,3,0.0
cam308_w6,4,0.0
cam308_w6,5,0.0
cam308_w6,6,0.0017667844522968198
cam308_w6,7,0.1702002355712603
cam308_w6,8,0.0
cam308_w6,9,0.0
cam308_w6,10,0.0
cam308_w6,11,0.0
cam308_w6,12,0.0
cam308_w6,13,0.0
cam308_w6,14,0.04240282685512368
cam308_w6,15,0.0
cam308_w6,16,0.0
cam308_w6,17,0.0
cam308_w6,18,0.002355712603062426
cam308_w6,19,0.0
cam308_w6,20,0.12426383981154299
cam308_w6,21,0.0
cam308_w6,22,0.01707891637220259
cam308_w6,23,0.0
cam308_w6,24,0.03651354534746761
cam308_w6,25,0.0088339222614841
cam308_w6,26,0.0
cam308_w6,27,0.0076560659599528855
cam308_w6,28,0.01060070671378092
cam308_w6,29,0.0
cam308_w6,30,0.024146054181389872
cam308_w6,31,0.0088339222614841
cam308_w6,32,0.08186101295641932
cam308_w6,33,0.0
cam308_w6,34,0.0
cam308_w6,35,0.02120141342756184
cam308_w6,36,0.010011778563015312
cam308_w6,37,0.028857479387514724
cam308_w6,38,0.07656065959952886
cam308_w6,39,0.04711425206124853
cam308_w6,40,0.014134275618374558
cam308_w6,41,0.12838633686690223
cam308_w6,42,0.06713780918727916
cam308_w6,43,0.024146054181389872
cam308_w6,44,0.021790341578327443
cam308_w6,45,0.06301531213191991
cam308_w6,46,0.24263839811542992
cam308_w6,47,0.014723203769140165
cam308_w6,48,0.015312131919905771
cam308_w6,49,0.0
cam308_w6,50,0.0624263839811543
cam308_w6,51,0.05771495877502945
cam308_w6,52,0.10777385159010601
cam308_w6,53,0.028268551236749116
cam308_w6,54,0.19022379269729092
cam308_w6,55,0.04299175500588928
cam308_w6,56,0.03769140164899882
cam308_w6,57,0.030624263839811542
cam308_w6,58,0.014723203769140165
cam308_w6,59,0.01707891637220259
cam308_w6,60,0.007067137809187279
cam308_w6,61,0.013545347467608953
cam308_w6,62,0.001177856301531213
cam308_w6,63,0.0017667844522968198
cam308_w6,64,0.0088339222614841
cam308_w6,65,0.0
cam308_w6,66,0.0076560659599528855
cam308_w6,67,0.05830388692579505
cam308_w6,68,0.019434628975265017
cam308_w6,69,0.04534746760895171
cam308_w6,70,0.10070671378091872
cam308_w6,71,0.011778563015312132
cam308_w6,72,0.0
cam308_w6,73,0.0
cam308_w6,74,0.0
cam308_w6,75,0.0005889281507656066
cam308_w6,76,0.0
cam308_w6,77,0.0
cam308_w6,78,0.0
cam308_w6,79,0.0
cam308_w6,80,0.0
cam308_w6,81,0.0
cam308_w6,82,0.0
cam308_w6,83,0.010425716768027803
cam308_w6,84,0.37445699391833187
cam308_w6,85,0.05560382276281494
cam308_w6,86,0.09209383145091225
cam308_w6,87,0.2841007819287576
cam308_w6,88,0.0
cam308_w6,89,0.12858384013900956
cam308_w6,90,0.4257167680278019
cam308_w6,91,0.1103388357949609
cam308_w6,92,0.4630755864465682
cam308_w6,93,0.33883579496090355
cam308_w6,94,0.6055603822762815
cam308_w6,95,0.03996524761077324
cam308_w6,96,0.4917463075586447
cam308_w6,97,0.12771503040834056
cam308_w6,98,0.01737619461337967
cam308_w6,99,0.004344048653344918
cam308_w6,100,0.008688097306689836
cam308_w6,101,0.03214596003475239
cam308_w6,102,0.1529105125977411
cam308_w6,103,0.10425716768027801
cam308_w6,104,0.42224152910512597
cam308_w6,105,0.4900086880973067
cam308_w6,106,0.5864465682015638
cam308_w6,107,0.5890529973935708
cam308_w6,108,0.2545612510860122
cam308_w6,109,0.12163336229365769
cam308_w6,110,0.006081668114682885
cam308_w6,111,0.0
cam308_w6,112,0.0
cam308_w6,113,0.0
cam308_w6,114,0.022589052997393572
cam308_w6,115,0.14335360556038226
cam308_w6,116,0.158123370981755
cam308_w6,117,0.2997393570807993
cam308_w6,118,0.07298001737619461
cam308_w6,119,0.19200695047784536
cam308_w6,120,0.7254561251086012
cam308_w6,121,0.6507384882710686
cam308_w6,122,0.8540399652476107
cam308_w6,123,0.5369244135534318
cam308_w6,124,0.22675933970460468
cam308_w6,125,0.009556907037358819
cam308_w6,126,0.015638575152041704
cam308_w6,127,0.007819287576020852
cam308_w6,128,0.0
cam308_w6,129,0.011294526498696786
cam308_w6,130,0.12163336229365769
cam308_w6,131,0.11815812337098175
cam308_w6,132,0.0
cam308_w6,133,0.07558644656820157
cam308_w6,134,0.5994787141615986
cam308_w6,135,0.04691572545612511
cam308_w6,136,0.01216333622936577
cam308_w6,137,0.0
cam308_w6,138,0.0
cam308_w6,139,0.0
cam308_w6,140,0.0
cam308_w6,141,0.008688097306689836
cam308_w6,142,0.0894874022589053
cam308_w6,143,0.08340573414422242
cam308_w6,144,0.019113814074717638
cam308_w6,145,0.044309296264118156
cam308_w6,146,0.0
cam308_w6,147,0.0
cam308_w6,148,0.0
cam308_w6,149,0.0
cam308_w6,150,0.0
cam308_w6,151,0.0
cam308_w6,152,0.0
cam308_w6,153,0.0
cam308_w6,154,0.009298393913778529
cam308_w6,155,0.0
cam308_w6,156,0.0
cam308_w6,157,0.0
cam308_w6,158,0.0
cam308_w6,159,0.0
cam308_w6,160,0.0033812341504649195
cam308_w6,161,0.005917159763313609
cam308_w6,162,0.018596787827557058
cam308_w6,163,0.0
cam308_w6,164,0.01944209636517329
cam308_w6,165,0.0
cam308_w6,166,0.0
cam308_w6,167,0.0
cam308_w6,168,0.0
cam308_w6,169,0.0
cam308_w6,170,0.0076077768385460695
cam308_w6,171,0.00253592561284869
cam308_w6,172,0.0
cam308_w6,173,0.011834319526627219
cam308_w6,174,0.058326289095519866
cam308_w6,175,0.006762468300929839
cam308_w6,176,0.011834319526627219
cam308_w6,177,0.0076077768385460695
cam308_w6,178,0.009298393913778529
cam308_w6,179,0.042265426880811495
cam308_w6,180,0.09636517328825021
cam308_w6,181,0.1352493660185968
cam308_w6,182,0.12595097210481826
cam308_w6,183,0.31107354184277264
cam308_w6,184,0.03634826711749789
cam308_w6,185,0.049873203719357564
cam308_w6,186,0.0016906170752324597
cam308_w6,187,0.049873203719357564
cam308_w6,188,0.030431107354184278
cam308_w6,189,0.1327134404057481
cam308_w6,190,0.04311073541842773
cam308_w6,191,0.02028740490278952
cam308_w6,192,0.11411665257819104
cam308_w6,193,0.00253592561284869
cam308_w6,194,0.011834319526627219
cam308_w6,195,0.005917159763313609
cam308_w6,196,0.0
cam308_w6,197,0.0
cam308_w6,198,0.0
cam308_w6,199,0.009298393913778529
cam308_w6,200,0.01267962806424345
cam308_w6,201,0.01014370245139476
cam308_w6,202,0.0
cam308_w6,203,0.0
cam308_w6,204,0.0084530853761623
cam308_w6,205,0.0
cam308_w6,206,0.013524936601859678
cam308_w6,207,0.06170752324598478
cam308_w6,208,0.0
cam308_w6,209,0.0
cam308_w6,210,0.0016906170752324597
cam308_w6,211,0.0
cam308_w6,212,0.0
cam308_w6,213,0.00422654268808115
cam308_w6,214,0.03634826711749789
cam308_w6,215,0.042265426880811495
cam308_w6,216,0.006762468300929839
cam308_w6,217,0.0
cam308_w6,218,0.0076077768385460695
cam308_w6,219,0.00507185122569738
cam308_w6,220,0.0
cam308_w6,221,0.0
cam308_w6,222,0.0
cam308_w6,223,0.0
cam308_w6,224,0.0
cam308_w6,225,0.0
cam308_w6,226,0.0
cam308_w6,227,0.0
cam308_w6,228,0.0
cam308_w6,229,0.0
cam308_w6,230,0.0
cam308_w6,231,0.0
cam308_w6,232,0.0
cam308_w6,233,0.0
cam308_w6,234,0.005162241887905605
cam308_w6,235,0.015486725663716814
cam308_w6,236,0.0
cam308_w6,237,0.0022123893805309734
cam308_w6,238,0.05825958702064897
cam308_w6,239,0.011799410029498525
cam308_w6,240,0.0
cam308_w6,241,0.032448377581120944
cam308_w6,242,0.05235988200589971
cam308_w6,243,0.08333333333333333
cam308_w6,244,0.02728613569321534
cam308_w6,245,0.015486725663716814
cam308_w6,246,0.11946902654867257
cam308_w6,247,0.13716814159292035
cam308_w6,248,0.02064896755162242
cam308_w6,249,0.0
cam308_w6,250,0.01327433628318584
cam308_w6,251,0.02728613569321534
cam308_w6,252,0.02359882005899705
cam308_w6,253,0.049410029498525077
cam308_w6,254,0.09587020648967552
cam308_w6,255,0.056784660766961655
cam308_w6,256,0.08259587020648967
cam308_w6,257,0.06047197640117994
cam308_w6,258,0.012536873156342183
cam308_w6,259,0.012536873156342183
cam308_w6,260,0.021386430678466076
cam308_w6,261,0.03466076696165192
cam308_w6,262,0.01327433628318584
cam308_w6,263,0.02654867256637168
cam308_w6,264,0.012536873156342183
cam308_w6,265,0.030973451327433628
cam308_w6,266,0.05604719764011799
cam308_w6,267,0.05309734513274336
cam308_w6,268,0.005162241887905605
cam308_w6,269,0.01696165191740413
cam308_w6,270,0.12684365781710916
cam308_w6,271,0.06047197640117994
cam308_w6,272,0.003687315634218289
cam308_w6,273,0.0
cam308_w6,274,0.007374631268436578
cam308_w6,275,0.016224188790560472
cam308_w6,276,0.0
cam308_w6,277,0.0014749262536873156
cam308_w6,278,0.021386430678466076
cam308_w6,279,0.011799410029498525
cam308_w6,280,0.1430678466076696
cam308_w6,281,0.0022123893805309734
cam308_w6,282,0.003687315634218289
cam308_w6,283,0.009587020648967551
cam308_w6,284,0.05457227138643068
cam308_w6,285,0.028023598820058997
cam308_w6,286,0.014749262536873156
cam308_w6,287,0.04793510324483776
cam308_w6,288,0.045722713864306784
cam308_w6,289,0.06710914454277286
cam308_w6,290,0.13274336283185842
cam308_w6,291,0.0014749262536873156
cam308_w6,292,0.008849557522123894
cam308_w6,293,0.1084070796460177
cam308_w6,294,0.11946902654867257
cam308_w6,295,0.029498525073746312
cam308_w6,296,0.01327433628318584
cam308_w6,297,0.0
cam308_w6,298,0.017699115044247787
cam308_w6,299,0.004424778761061947
cam308_w6,300,0.0
cam308_w6,301,0.0
cam308_w6,302,0.0
cam308_w6,303,0.0
cam308_w6,304,0.0
cam308_w6,305,0.0039079461571862786
cam308_w6,306,0.0
cam308_w6,307,0.0
cam308_w6,308,0.03734259661311333
cam308_w6,309,0.0
cam308_w6,310,0.007381676074685193
cam308_w6,311,0.0021710811984368217
cam308_w6,312,0.09596178897090751
cam308_w6,313,0.07815892314372558
cam308_w6,314,0.010421189752496743
cam308_w6,315,0.06904038211029093
cam308_w6,316,0.012592270950933565
cam308_w6,317,0.10681719496309162
cam308_w6,318,0.1511072514112028
cam308_w6,319,0.07034303082935302
cam308_w6,320,0.17455492835432046
cam308_w6,321,0.04298740772904907
cam308_w6,322,0.09769865392965697
cam308_w6,323,0.010421189752496743
cam308_w6,324,0.057316543638732086
cam308_w6,325,0.04168475900998697
cam308_w6,326,0.11810681719496309
cam308_w6,327,0.057750759878419454
cam308_w6,328,0.0243161094224924
cam308_w6,329,0.15371254884932697
cam308_w6,330,0.28137212331741207
cam308_w6,331,0.04125054277029961
cam308_w6,332,0.12983065566652194
cam308_w6,333,0.18541033434650456
cam308_w6,334,0.22709509335649153
cam308_w6,335,0.3986105080330004
cam308_w6,336,0.3208858011289622
cam308_w6,337,0.2961354754667825
cam308_w6,338,0.1411202778983934
cam308_w6,339,0.17846287451150672
cam308_w6,340,0.33782023447676945
cam308_w6,341,0.0547112462006079
cam308_w6,342,0.005644811115935736
cam308_w6,343,0.0121580547112462
cam308_w6,344,0.03821102909248806
cam308_w6,345,0.0425531914893617
cam308_w6,346,0.07685627442466349
cam308_w6,347,0.26443768996960487
cam308_w6,348,0.2609639600521059
cam308_w6,349,0.11333043855840208
cam308_w6,350,0.059921841076856275
cam308_w6,351,0.0364741641337386
cam308_w6,352,0.04038211029092488
cam308_w6,353,0.01910551454624403
cam308_w6,354,0.22709509335649153
cam308_w6,355,0.05340859748154581
cam308_w6,356,0.17542336083369517
cam308_w6,357,0.23013460703430308
cam308_w6,358,0.16934433347807207
cam308_w6,359,0.2566217976552323
cam308_w6,360,0.09813287016934433
cam308_w6,361,0.29266174554928354
cam308_w6,362,0.1849761181068172
cam308_w6,363,0.33174120712114635
cam308_w6,364,0.01910551454624403
cam308_w6,365,0.15240990013026487
cam308_w6,366,0.08380373425966131
cam308_w6,367,0.11159357359965262
cam308_w6,368,0.0633955709943552
cam308_w6,369,0.004342162396873643
cam308_w6,370,0.11115935735996527
cam308_w6,371,0.11593573599652628
cam308_w6,372,0.07598784194528875
cam308_w6,373,0.0034737299174989146
cam308_w6,374,0.1350412505427703
cam308_w6,375,0.10421189752496743
cam309_w1,1,0.0
cam309_w1,2,0.04489544895448955
cam309_w1,3,0.0
cam309_w1,4,0.0
cam309_w1,5,0.0
cam309_w1,6,0.0
cam309_w1,7,0.007380073800738007
cam309_w1,8,0.005535055350553505
cam309_w1,9,0.0036900369003690036
cam309_w1,10,0.12361623616236163
cam309_w1,11,0.0006150061500615006
cam309_w1,12,0.07995079950799508
cam309_w1,13,0.03136531365313653
cam309_w1,14,0.4052890528905289
cam309_w1,15,0.4089790897908979
cam309_w1,16,0.0965559655596556
cam309_w1,17,0.5713407134071341
cam309_w1,18,0.27490774907749077
cam309_w1,19,0.3038130381303813
cam309_w1,20,0.25953259532595324
cam309_w1,21,0.00922509225092251
cam309_w1,22,0.008610086100861008
cam309_w1,23,0.0006150061500615006
cam309_w1,24,0.0
cam309_w1,25,0.07995079950799508
cam309_w1,26,0.8579335793357934
cam309_w1,27,0.11931119311193111
cam309_w1,28,0.2902829028290283
cam309_w1,29,0.3204182041820418
cam309_w1,30,0.8468634686346863
cam309_w1,31,0.0971709717097171
cam309_w1,32,0.07995079950799508
cam309_w1,33,0.0
cam309_w1,34,0.05412054120541206
cam309_w1,35,0.033210332103321034
cam309_w1,36,0.0928659286592866
cam309_w1,37,0.3763837638376384
cam309_w1,38,0.32595325953259535
cam309_w1,39,0.027675276752767528
cam309_w1,40,0.05289052890528905
cam309_w1,41,0.0036900369003690036
cam309_w1,42,0.0006150061500615006
cam309_w1,43,0.0006150061500615006
cam309_w1,44,0.0018450184501845018
cam309_w1,45,0.007380073800738007
cam309_w1,46,0.004305043050430504
cam309_w1,47,0.026445264452644526
cam309_w1,48,0.04981549815498155
cam309_w1,49,0.008610086100861008
cam309_w1,50,0.07503075030750307
cam309_w1,51,0.04120541205412054
cam309_w1,52,0.027675276752767528
cam309_w1,53,0.13714637146371464
cam309_w1,54,0.047355473554735544
cam309_w1,55,0.05289052890528905
cam309_w1,56,0.06580565805658056
cam309_w1,57,0.028290282902829027
cam309_w1,58,0.022755227552275523
cam309_w1,59,0.16051660516605165
cam309_w1,60,0.0996309963099631
cam309_w1,61,0.13714637146371464
cam309_w1,62,0.27183271832718325
cam309_w1,63,0.046740467404674045
cam309_w1,64,0.06457564575645756
cam309_w1,65,0.05965559655596556
cam309_w1,66,0.12115621156211562
cam309_w1,67,0.08179581795817958
cam309_w1,68,0.07072570725707257
cam309_w1,69,0.15867158671586715
cam309_w1,70,0.18019680196801968
cam309_w1,71,0.023985239852398525
cam309_w1,72,0.0
cam309_w1,73,0.05043050430504305
cam309_w1,74,0.004920049200492005
cam309_w1,75,0.0
cam309_w1,76,0.04608695652173913
cam309_w1,77,0.0
cam309_w1,78,0.0
cam309_w1,79,0.0
cam309_w1,80,0.0
cam309_w1,81,0.0
cam309_w1,82,0.0
cam309_w1,83,0.0
cam309_w1,84,0.14
cam309_w1,85,0.6330434782608696
cam309_w1,86,0.68
cam309_w1,87,0.6043478260869565
cam309_w1,88,0.10956521739130434
cam309_w1,89,0.0
cam309_w1,90,0.18608695652173912
cam309_w1,91,0.8582608695652174
cam309_w1,92,0.6573913043478261
cam309_w1,93,0.04608695652173913
cam309_w1,94,0.1208695652173913
cam309_w1,95,0.4356521739130435
cam309_w1,96,0.023478260869565216
cam309_w1,97,0.0
cam309_w1,98,0.042608695652173914
cam309_w1,99,0.0
cam309_w1,100,0.0
cam309_w1,101,0.009565217391304347
cam309_w1,102,0.006956521739130435
cam309_w1,103,0.07391304347826087
cam309_w1,104,0.16260869565217392
cam309_w1,105,0.3165217391304348
cam309_w1,106,0.44782608695652176
cam309_w1,107,0.5678260869565217
cam309_w1,108,0.3130434782608696
cam309_w1,109,0.36
cam309_w1,110,0.6478260869565218
cam309_w1,111,0.5243478260869565
cam309_w1,112,0.25217391304347825
cam309_w1,113,0.5643478260869565
cam309_w1,114,0.6217391304347826
cam309_w1,115,0.39565217391304347
cam309_w1,116,0.3843478260869565
cam309_w1,117,0.6747826086956522
cam309_w1,118,0.24695652173913044
cam309_w1,119,0.2643478260869565
cam309_w1,120,0.44
cam309_w1,121,0.25217391304347825
cam309_w1,122,0.0391304347826087
cam309_w1,123,0.4643478260869565
cam309_w1,124,0.21304347826086956
cam309_w1,125,0.0391304347826087
cam309_w1,126,0.0
cam309_w1,127,0.0
cam309_w1,128,0.0
cam309_w1,129,0.0
cam309_w1,130,0.0
cam309_w1,131,0.0
cam309_w1,132,0.0026086956521739132
cam309_w1,133,0.0
cam309_w1,134,0.0
cam309_w1,135,0.0
cam309_w1,136,0.0
cam309_w1,137,0.0
cam309_w1,138,0.0
cam309_w1,139,0.0
cam309_w1,140,0.0
cam309_w1,141,0.0
cam309_w1,142,0.0
cam309_w1,143,0.0
cam309_w1,144,0.09652173913043478
cam309_w1,145,0.03826086956521739
cam309_w1,146,0.0
cam309_w1,147,0.01652173913043478
cam309_w1,148,0.0
cam309_w1,149,0.0
cam309_w1,150,0.0
cam309_w1,151,0.0
cam309_w1,152,0.0
cam309_w1,153,0.0
cam309_w1,154,0.0
cam309_w1,155,0.0
cam309_w1,156,0.0018050541516245488
cam309_w1,157,0.0
cam309_w1,158,0.0
cam309_w1,159,0.0
cam309_w1,160,0.019855595667870037
cam309_w1,161,0.0
cam309_w1,162,0.005415162454873646
cam309_w1,163,0.0
cam309_w1,164,0.0036101083032490976
cam309_w1,165,0.0
cam309_w1,166,0.0
cam309_w1,167,0.0
cam309_w1,168,0.0
cam309_w1,169,0.024368231046931407
cam309_w1,170,0.0009025270758122744
cam309_w1,171,0.009025270758122744
cam309_w1,172,0.0
cam309_w1,173,0.0036101083032490976
cam309_w1,174,0.0
cam309_w1,175,0.0
cam309_w1,176,0.00631768953068592
cam309_w1,177,0.01263537906137184
cam309_w1,178,0.03790613718411552
cam309_w1,179,0.11101083032490974
cam309_w1,180,0.14350180505415164
cam309_w1,181,0.5252707581227437
cam309_w1,182,0.01444043321299639
cam309_w1,183,0.13086642599277978
cam309_w1,184,0.18140794223826714
cam309_w1,185,0.0703971119133574
cam309_w1,186,0.4332129963898917
cam309_w1,187,0.26624548736462095
cam309_w1,188,0.3555956678700361
cam309_w1,189,0.05595667870036101
cam309_w1,190,0.7590252707581228
cam309_w1,191,0.38086642599277976
cam309_w1,192,0.04061371841155235
cam309_w1,193,0.06768953068592058
cam309_w1,194,0.0
cam309_w1,195,0.0009025270758122744
cam309_w1,196,0.0
cam309_w1,197,0.005415162454873646
cam309_w1,198,0.004512635379061372
cam309_w1,199,0.019855595667870037
cam309_w1,200,0.04783393501805054
cam309_w1,201,0.019855595667870037
cam309_w1,202,0.1615523465703971
cam309_w1,203,0.06498194945848375
cam309_w1,204,0.00631768953068592
cam309_w1,205,0.01444043321299639
cam309_w1,206,0.0018050541516245488
cam309_w1,207,0.002707581227436823
cam309_w1,208,0.5532490974729242
cam309_w1,209,0.026173285198555957
cam309_w1,210,0.18231046931407943
cam309_w1,211,0.05595667870036101
cam309_w1,212,0.11281588447653429
cam309_w1,213,0.010830324909747292
cam309_w1,214,0.01263537906137184
cam309_w1,215,0.0
cam309_w1,216,0.10830324909747292
cam309_w1,217,0.01444043321299639
cam309_w1,218,0.0036101083032490976
cam309_w1,219,0.05324909747292419
cam309_w1,220,0.0
cam309_w1,221,0.0
cam309_w1,222,0.0
cam309_w1,223,0.0
cam309_w1,224,0.0
cam309_w1,225,0.0
cam309_w1,226,0.0
cam309_w1,227,0.0
cam309_w1,228,0.002751031636863824
cam309_w1,229,0.0
cam309_w1,230,0.0034387895460797797
cam309_w1,231,0.0
cam309_w1,232,0.0
cam309_w1,233,0.0020632737276478678
cam309_w1,234,0.0
cam309_w1,235,0.0020632737276478678
cam309_w1,236,0.026134800550206328
cam309_w1,237,0.0687757909215956
cam309_w1,238,0.02200825309491059
cam309_w1,239,0.016506189821182942
cam309_w1,240,0.006189821182943604
cam309_w1,241,0.0577716643741403
cam309_w1,242,0.02888583218707015
cam309_w1,243,0.050206327372764786
cam309_w1,244,0.08390646492434663
cam309_w1,245,0.1499312242090784
cam309_w1,246,0.2407152682255846
cam309_w1,247,0.2152682255845942
cam309_w1,248,0.18363136176066025
cam309_w1,249,0.3700137551581843
cam309_w1,250,0.048143053645116916
cam309_w1,251,0.11072902338376892
cam309_w1,252,0.1574965612104539
cam309_w1,253,0.1643741403026135
cam309_w1,254,0.019944979367262722
cam309_w1,255,0.054332874828060526
cam309_w1,256,0.09834938101788171
cam309_w1,257,0.05639614855570839
cam309_w1,258,0.06052269601100413
cam309_w1,259,0.01031636863823934
cam309_w1,260,0.0
cam309_w1,261,0.026134800550206328
cam309_w1,262,0.16918844566712518
cam309_w1,263,0.10247592847317744
cam309_w1,264,0.02544704264099037
cam309_w1,265,0.011691884456671253
cam309_w1,266,0.037138927097661624
cam309_w1,267,0.04607977991746905
cam309_w1,268,0.09491059147180192
cam309_w1,269,0.0
cam309_w1,270,0.01581843191196699
cam309_w1,271,0.005502063273727648
cam309_w1,272,0.0068775790921595595
cam309_w1,273,0.01581843191196699
cam309_w1,274,0.0
cam309_w1,275,0.0811554332874828
cam309_w1,276,0.007565337001375516
cam309_w1,277,0.06258596973865199
cam309_w1,278,0.10385144429160935
cam309_w1,279,0.0639614855570839
cam309_w1,280,0.015130674002751032
cam309_w1,281,0.048143053645116916
cam309_w1,282,0.13204951856946354
cam309_w1,283,0.023383768913342505
cam309_w1,284,0.000687757909215956
cam309_w1,285,0.059147180192572216
cam309_w1,286,0.005502063273727648
cam309_w1,287,0.11279229711141678
cam309_w1,288,0.007565337001375516
cam309_w1,289,0.02269601100412655
cam309_w1,290,0.0041265474552957355
cam309_w1,291,0.023383768913342505
cam309_w1,292,0.021320495185694635
cam309_w1,293,0.09422283356258597
cam309_w1,294,0.04332874828060523
cam309_w1,295,0.006189821182943604
cam309_w1,296,0.0
cam309_w1,297,0.006189821182943604
cam309_w1,298,0.0
cam309_w1,299,0.0
cam309_w1,300,0.0
cam309_w1,301,0.0
cam309_w1,302,0.0
cam309_w1,303,0.0
cam309_w1,304,0.0
cam309_w1,305,0.014329135909683021
cam309_w1,306,0.0021710811984368217
cam309_w1,307,0.0
cam309_w1,308,0.0008684324793747286
cam309_w1,309,0.0
cam309_w1,310,0.0013026487190620929
cam309_w1,311,0.006947459834997829
cam309_w1,312,0.02040816326530612
cam309_w1,313,0.01910551454624403
cam309_w1,314,0.011723838471558836
cam309_w1,315,0.053842813721233174
cam309_w1,316,0.10551454624402953
cam309_w1,317,0.19148936170212766
cam309_w1,318,0.12852800694745983
cam309_w1,319,0.061224489795918366
cam309_w1,320,0.14329135909683022
cam309_w1,321,0.09900130264871906
cam309_w1,322,0.04776378636561007
cam309_w1,323,0.1107251411202779
cam309_w1,324,0.15284411636995224
cam309_w1,325,0.3234910985670864
cam309_w1,326,0.1411202778983934
cam309_w1,327,0.19018671298306555
cam309_w1,328,0.2796352583586626
cam309_w1,329,0.187147199305254
cam309_w1,330,0.29266174554928354
cam309_w1,331,0.22448979591836735
cam309_w1,332,0.27876682587928786
cam309_w1,333,0.1910551454624403
cam309_w1,334,0.062092922275293096
cam309_w1,335,0.09205384281372124
cam309_w1,336,0.0182370820668693
cam309_w1,337,0.059921841076856275
cam309_w1,338,0.0425531914893617
cam309_w1,339,0.16456795484151107
cam309_w1,340,0.009552757273122015
cam309_w1,341,0.06860616587060356
cam309_w1,342,0.03386886669561442
cam309_w1,343,0.005210594876248371
cam309_w1,344,0.0004342162396873643
cam309_w1,345,0.007381676074685193
cam309_w1,346,0.0008684324793747286
cam309_w1,347,0.03821102909248806
cam309_w1,348,0.13069908814589665
cam309_w1,349,0.0694745983499783
cam309_w1,350,0.02214502822405558
cam309_w1,351,0.12939643942683457
cam309_w1,352,0.14633087277464177
cam309_w1,353,0.3482414242292662
cam309_w1,354,0.0633955709943552
cam309_w1,355,0.06643508467216674
cam309_w1,356,0.019539730785931395
cam309_w1,357,0.09075119409465914
cam309_w1,358,0.05080330004342162
cam309_w1,359,0.03517151541467651
cam309_w1,360,0.005210594876248371
cam309_w1,361,0.04038211029092488
cam309_w1,362,0.0021710811984368217
cam309_w1,363,0.0425531914893617
cam309_w1,364,0.057316543638732086
cam309_w1,365,0.028658271819366043
cam309_w1,366,0.009552757273122015
cam309_w1,367,0.0021710811984368217
cam309_w1,368,0.024750325662179766
cam309_w1,369,0.009552757273122015
cam309_w1,370,0.021710811984368215
cam309_w1,371,0.020842379504993486
cam309_w1,372,0.14068606165870604
cam309_w1,373,0.0017368649587494573
cam309_w1,374,0.016500217108119844
cam309_w1,375,0.12201476335214936
cam309_w2,1,0.12492033142128744
cam309_w2,2,0.0
cam309_w2,3,0.1491395793499044
cam309_w2,4,0.04206500956022945
cam309_w2,5,0.011472275334608031
cam309_w2,6,0.02804333970681963
cam309_w2,7,0.34289356277884003
cam309_w2,8,0.11026131293817719
cam309_w2,9,0.21606118546845124
cam309_w2,10,0.041427660930529
cam309_w2,11,0.3951561504142766
cam309_w2,12,0.124282982791587
cam309_w2,13,0.4748247291268324
cam309_w2,14,0.687061822817081
cam309_w2,15,0.08476736775015933
cam309_w2,16,0.1739961759082218
cam309_w2,17,0.12109623964308477
cam309_w2,18,0.0
cam309_w2,19,0.0076481835564053535
cam309_w2,20,0.028680688336520075
cam309_w2,21,0.7609942638623327
cam309_w2,22,0.7616316124920331
cam309_w2,23,0.017208413001912046
cam309_w2,24,0.0076481835564053535
cam309_w2,25,0.024219247928616953
cam309_w2,26,0.012746972594008922
cam309_w2,27,0.010834926704907584
cam309_w2,28,0.04525175270873168
cam309_w2,29,0.0
cam309_w2,30,0.0038240917782026767
cam309_w2,31,0.0
cam309_w2,32,0.0012746972594008922
cam309_w2,33,0.0
cam309_w2,34,0.006373486297004461
cam309_w2,35,0.0012746972594008922
cam309_w2,36,0.040152963671128104
cam309_w2,37,0.01338432122370937
cam309_w2,38,0.007010834926704908
cam309_w2,39,0.0
cam309_w2,40,0.0
cam309_w2,41,0.01338432122370937
cam309_w2,42,0.023581899298916506
cam309_w2,43,0.010834926704907584
cam309_w2,44,0.0076481835564053535
cam309_w2,45,0.0012746972594008922
cam309_w2,46,0.0
cam309_w2,47,0.058636073932441045
cam309_w2,48,0.025493945188017845
cam309_w2,49,0.07393244104525175
cam309_w2,50,0.08795411089866156
cam309_w2,51,0.22179732313575526
cam309_w2,52,0.07202039515615041
cam309_w2,53,0.2874442319949012
cam309_w2,54,0.26322498406628425
cam309_w2,55,0.14212874442319948
cam309_w2,56,0.010197578075207138
cam309_w2,57,0.16953473550031867
cam309_w2,58,0.14977692797960485
cam309_w2,59,0.11663479923518165
cam309_w2,60,0.0076481835564053535
cam309_w2,61,0.20203951561504144
cam309_w2,62,0.26704907584448695
cam309_w2,63,0.4958572339069471
cam309_w2,64,0.18419375398342894
cam309_w2,65,0.05991077119184194
cam309_w2,66,0.08030592734225621
cam309_w2,67,0.03760356915232632
cam309_w2,68,0.05672402804333971
cam309_w2,69,0.11918419375398343
cam309_w2,70,0.02676864244741874
cam309_w2,71,0.015296367112810707
cam309_w2,72,0.007010834926704908
cam309_w2,73,0.0
cam309_w2,74,0.008922880815806247
cam309_w2,75,0.02676864244741874
cam309_w2,76,0.0
cam309_w2,77,0.0
cam309_w2,78,0.0
cam309_w2,79,0.0
cam309_w2,80,0.0
cam309_w2,81,0.0
cam309_w2,82,0.0
cam309_w2,83,0.0
cam309_w2,84,0.0
cam309_w2,85,0.0
cam309_w2,86,0.0
cam309_w2,87,0.012832263978001834
cam309_w2,88,0.05041246562786435
cam309_w2,89,0.0
cam309_w2,90,0.05774518790100825
cam309_w2,91,0.013748854262144821
cam309_w2,92,0.09807516040329972
cam309_w2,93,0.08707607699358387
cam309_w2,94,0.5279560036663611
cam309_w2,95,0.01833180568285976
cam309_w2,96,0.0
cam309_w2,97,0.4821264894592117
cam309_w2,98,0.7131072410632447
cam309_w2,99,0.7277726856095326
cam309_w2,100,0.7791017415215399
cam309_w2,101,0.535288725939505
cam309_w2,102,0.620531622364803
cam309_w2,103,0.6269477543538039
cam309_w2,104,0.696608615948671
cam309_w2,105,0.23281393217231897
cam309_w2,106,0.3125572868927589
cam309_w2,107,0.2383134738771769
cam309_w2,108,0.0009165902841429881
cam309_w2,109,0.015582034830430797
cam309_w2,110,0.0
cam309_w2,111,0.0
cam309_w2,112,0.007332722273143905
cam309_w2,113,0.0
cam309_w2,114,0.10174152153987168
cam309_w2,115,0.00916590284142988
cam309_w2,116,0.14848762603116408
cam309_w2,117,0.054078826764436295
cam309_w2,118,0.03391384051329056
cam309_w2,119,0.1915673693858845
cam309_w2,120,0.3318056828597617
cam309_w2,121,0.2923923006416132
cam309_w2,122,0.5857011915673694
cam309_w2,123,0.38588450962419796
cam309_w2,124,0.6095325389550871
cam309_w2,125,0.31164069660861593
cam309_w2,126,0.5930339138405133
cam309_w2,127,0.3464711274060495
cam309_w2,128,0.18698441796516957
cam309_w2,129,0.09624197983501374
cam309_w2,130,0.11090742438130156
cam309_w2,131,0.13198900091659027
cam309_w2,132,0.01466544454628781
cam309_w2,133,0.13748854262144822
cam309_w2,134,0.0
cam309_w2,135,0.0
cam309_w2,136,0.0
cam309_w2,137,0.0
cam309_w2,138,0.0036663611365719525
cam309_w2,139,0.0018331805682859762
cam309_w2,140,0.005499541704857928
cam309_w2,141,0.0
cam309_w2,142,0.04674610449129239
cam309_w2,143,0.2383134738771769
cam309_w2,144,0.04674610449129239
cam309_w2,145,0.0
cam309_w2,146,0.015582034830430797
cam309_w2,147,0.0
cam309_w2,148,0.0
cam309_w2,149,0.0
cam309_w2,150,0.0
cam309_w2,151,0.0
cam309_w2,152,0.0
cam309_w2,153,0.0
cam309_w2,154,0.0
cam309_w2,155,0.0
cam309_w2,156,0.0027803521779425394
cam309_w2,157,0.0
cam309_w2,158,0.042632066728452274
cam309_w2,159,0.0
cam309_w2,160,0.0
cam309_w2,161,0.0
cam309_w2,162,0.0
cam309_w2,163,0.0027803521779425394
cam309_w2,164,0.0
cam309_w2,165,0.011121408711770158
cam309_w2,166,0.0
cam309_w2,167,0.04355885078776645
cam309_w2,168,0.0
cam309_w2,169,0.013901760889712697
cam309_w2,170,0.0
cam309_w2,171,0.03243744207599629
cam309_w2,172,0.0074142724745134385
cam309_w2,173,0.029657089898053754
cam309_w2,174,0.32808155699721964
cam309_w2,175,0.7747914735866543
cam309_w2,176,0.6997219647822057
cam309_w2,177,0.7488415199258572
cam309_w2,178,0.706209453197405
cam309_w2,179,0.5949953660797034
cam309_w2,180,0.633920296570899
cam309_w2,181,0.7766450417052827
cam309_w2,182,0.5291936978683967
cam309_w2,183,0.18257645968489342
cam309_w2,184,0.023169601482854494
cam309_w2,185,0.06950880444856349
cam309_w2,186,0.17145505097312327
cam309_w2,187,0.051899907321594066
cam309_w2,188,0.0
cam309_w2,189,0.012974976830398516
cam309_w2,190,0.014828544949026877
cam309_w2,191,0.006487488415199258
cam309_w2,192,0.019462465245597776
cam309_w2,193,0.0074142724745134385
cam309_w2,194,0.0
cam309_w2,195,0.0
cam309_w2,196,0.0027803521779425394
cam309_w2,197,0.0
cam309_w2,198,0.0
cam309_w2,199,0.0037071362372567192
cam309_w2,200,0.0074142724745134385
cam309_w2,201,0.029657089898053754
cam309_w2,202,0.022242817423540315
cam309_w2,203,0.008341056533827619
cam309_w2,204,0.08526413345690455
cam309_w2,205,0.0027803521779425394
cam309_w2,206,0.0009267840593141798
cam309_w2,207,0.0074142724745134385
cam309_w2,208,0.06487488415199258
cam309_w2,209,0.5393883225208527
cam309_w2,210,0.6543095458758109
cam309_w2,211,0.16126042632066728
cam309_w2,212,0.5987025023169601
cam309_w2,213,0.12140871177015755
cam309_w2,214,0.44670991658943465
cam309_w2,215,0.768303985171455
cam309_w2,216,0.1686746987951807
cam309_w2,217,0.0
cam309_w2,218,0.08804448563484708
cam309_w2,219,0.0009267840593141798
cam309_w2,220,0.06672845227062095
cam309_w2,221,0.0
cam309_w2,222,0.011121408711770158
cam309_w2,223,0.006487488415199258
cam309_w2,224,0.004633920296570899
cam309_w2,225,0.0
cam309_w2,226,0.0
cam309_w2,227,0.0
cam309_w2,228,0.0
cam309_w2,229,0.0
cam309_w2,230,0.0
cam309_w2,231,0.0
cam309_w2,232,0.0014326647564469914
cam309_w2,233,0.0
cam309_w2,234,0.0
cam309_w2,235,0.002148997134670487
cam309_w2,236,0.007879656160458453
cam309_w2,237,0.015759312320916905
cam309_w2,238,0.027936962750716332
cam309_w2,239,0.0064469914040114614
cam309_w2,240,0.0057306590257879654
cam309_w2,241,0.012893982808022923
cam309_w2,242,0.24355300859598855
cam309_w2,243,0.054441260744985676
cam309_w2,244,0.09527220630372493
cam309_w2,245,0.15759312320916904
cam309_w2,246,0.06160458452722063
cam309_w2,247,0.27435530085959886
cam309_w2,248,0.0
cam309_w2,249,0.01504297994269341
cam309_w2,250,0.007879656160458453
cam309_w2,251,0.030802292263610316
cam309_w2,252,0.0028653295128939827
cam309_w2,253,0.015759312320916905
cam309_w2,254,0.0329512893982808
cam309_w2,255,0.0
cam309_w2,256,0.0
cam309_w2,257,0.02865329512893983
cam309_w2,258,0.01002865329512894
cam309_w2,259,0.02148997134670487
cam309_w2,260,0.027936962750716332
cam309_w2,261,0.0014326647564469914
cam309_w2,262,0.04799426934097421
cam309_w2,263,0.0028653295128939827
cam309_w2,264,0.01002865329512894
cam309_w2,265,0.06088825214899714
cam309_w2,266,0.06375358166189111
cam309_w2,267,0.02650429799426934
cam309_w2,268,0.10315186246418338
cam309_w2,269,0.08954154727793696
cam309_w2,270,0.14756446991404013
cam309_w2,271,0.16189111747851004
cam309_w2,272,0.2628939828080229
cam309_w2,273,0.2163323782234957
cam309_w2,274,0.6031518624641834
cam309_w2,275,0.4075931232091691
cam309_w2,276,0.28724928366762176
cam309_w2,277,0.27507163323782235
cam309_w2,278,0.02865329512893983
cam309_w2,279,0.03939828080229226
cam309_w2,280,0.0
cam309_w2,281,0.010744985673352435
cam309_w2,282,0.22421203438395415
cam309_w2,283,0.3130372492836676
cam309_w2,284,0.36031518624641834
cam309_w2,285,0.4355300859598854
cam309_w2,286,0.04297994269340974
cam309_w2,287,0.0057306590257879654
cam309_w2,288,0.0
cam309_w2,289,0.0035816618911174787
cam309_w2,290,0.012893982808022923
cam309_w2,291,0.012893982808022923
cam309_w2,292,0.03510028653295129
cam309_w2,293,0.027936962750716332
cam309_w2,294,0.04154727793696275
cam309_w2,295,0.029369627507163324
cam309_w2,296,0.04083094555873926
cam309_w2,297,0.012893982808022923
cam309_w2,298,0.0
cam309_w2,299,0.0
cam309_w2,300,0.0
cam309_w2,301,0.00303951367781155
cam309_w2,302,0.0
cam309_w2,303,0.0
cam309_w2,304,0.0
cam309_w2,305,0.0013026487190620929
cam309_w2,306,0.0
cam309_w2,307,0.0
cam309_w2,308,0.0034737299174989146
cam309_w2,309,0.007815892314372557
cam309_w2,310,0.005210594876248371
cam309_w2,311,0.0004342162396873643
cam309_w2,312,0.0
cam309_w2,313,0.021710811984368215
cam309_w2,314,0.005210594876248371
cam309_w2,315,0.010855405992184108
cam309_w2,316,0.013894919669995658
cam309_w2,317,0.07164567954841511
cam309_w2,318,0.11333043855840208
cam309_w2,319,0.13547546678245767
cam309_w2,320,0.04646113764654798
cam309_w2,321,0.0633955709943552
cam309_w2,322,0.1033434650455927
cam309_w2,323,0.016500217108119844
cam309_w2,324,0.015197568389057751
cam309_w2,325,0.03951367781155015
cam309_w2,326,0.03951367781155015
cam309_w2,327,0.012592270950933565
cam309_w2,328,0.010421189752496743
cam309_w2,329,0.017368649587494574
cam309_w2,330,0.03690838037342597
cam309_w2,331,0.11376465479808945
cam309_w2,332,0.030829353017802867
cam309_w2,333,0.01910551454624403
cam309_w2,334,0.06469821971341728
cam309_w2,335,0.07685627442466349
cam309_w2,336,0.030395136778115502
cam309_w2,337,0.03994789405123752
cam309_w2,338,0.0985670864090317
cam309_w2,339,0.0790273556231003
cam309_w2,340,0.10117238384715588
cam309_w2,341,0.10638297872340426
cam309_w2,342,0.1897524967433782
cam309_w2,343,0.13113330438558402
cam309_w2,344,0.2544507164567955
cam309_w2,345,0.5158488927485888
cam309_w2,346,0.294398610508033
cam309_w2,347,0.14068606165870604
cam309_w2,348,0.16717325227963525
cam309_w2,349,0.00911854103343465
cam309_w2,350,0.14937038645245332
cam309_w2,351,0.057750759878419454
cam309_w2,352,0.06773773339122884
cam309_w2,353,0.12505427702996091
cam309_w2,354,0.1411202778983934
cam309_w2,355,0.20755536257056015
cam309_w2,356,0.19539730785931395
cam309_w2,357,0.09943551888840643
cam309_w2,358,0.20798957881024752
cam309_w2,359,0.2822405557967868
cam309_w2,360,0.3725575336517586
cam309_w2,361,0.467216673903604
cam309_w2,362,0.33782023447676945
cam309_w2,363,0.2553191489361702
cam309_w2,364,0.10725141120277898
cam309_w2,365,0.1094224924012158
cam309_w2,366,0.08163265306122448
cam309_w2,367,0.10985670864090318
cam309_w2,368,0.005644811115935736
cam309_w2,369,0.057750759878419454
cam309_w2,370,0.1289622231871472
cam309_w2,371,0.4233608336951802
cam309_w2,372,0.31046461137646547
cam309_w2,373,0.21233174120712114
cam309_w2,374,0.07207989578810248
cam309_w2,375,0.08988276161528441
cam309_w3,1,0.014659018483110261
cam309_w3,2,0.12492033142128744
cam309_w3,3,0.014659018483110261
cam309_w3,4,0.0
cam309_w3,5,0.0
cam309_w3,6,0.0
cam309_w3,7,0.04780114722753346
cam309_w3,8,0.2198852772466539
cam309_w3,9,0.1631612492033142
cam309_w3,10,0.0076481835564053535
cam309_w3,11,0.019757807520713832
cam309_w3,12,0.674314850223072
cam309_w3,13,0.7405991077119184
cam309_w3,14,0.207138304652645
cam309_w3,15,0.13193116634799235
cam309_w3,16,0.09560229445506692
cam309_w3,17,0.012109623964308477
cam309_w3,18,0.10197578075207138
cam309_w3,19,0.03441682600382409
cam309_w3,20,0.2855321861057999
cam309_w3,21,0.08859145952836202
cam309_w3,22,0.7023581899298916
cam309_w3,23,0.42829827915869984
cam309_w3,24,0.3479923518164436
cam309_w3,25,0.5353728489483748
cam309_w3,26,0.18036966220522627
cam309_w3,27,0.19566602931803698
cam309_w3,28,0.6418100701083492
cam309_w3,29,0.04397705544933078
cam309_w3,30,0.2766093052899936
cam309_w3,31,0.18738049713193117
cam309_w3,32,0.004461440407903123
cam309_w3,33,0.14531548757170173
cam309_w3,34,0.010197578075207138
cam309_w3,35,0.0012746972594008922
cam309_w3,36,0.014021669853409816
cam309_w3,37,0.02995538559592097
cam309_w3,38,0.07138304652644997
cam309_w3,39,0.017208413001912046
cam309_w3,40,0.012746972594008922
cam309_w3,41,0.0248565965583174
cam309_w3,42,0.06564690885914595
cam309_w3,43,0.0031867431485022306
cam309_w3,44,0.0025493945188017845
cam309_w3,45,0.015296367112810707
cam309_w3,46,0.0006373486297004461
cam309_w3,47,0.0331421287444232
cam309_w3,48,0.0019120458891013384
cam309_w3,49,0.05098789037603569
cam309_w3,50,0.05353728489483748
cam309_w3,51,0.14212874442319948
cam309_w3,52,0.012109623964308477
cam309_w3,53,0.022307202039515615
cam309_w3,54,0.0
cam309_w3,55,0.0
cam309_w3,56,0.009560229445506692
cam309_w3,57,0.027405991077119184
cam309_w3,58,0.015933715742511154
cam309_w3,59,0.15296367112810708
cam309_w3,60,0.04206500956022945
cam309_w3,61,0.06246016571064372
cam309_w3,62,0.07074569789674952
cam309_w3,63,0.08604206500956023
cam309_w3,64,0.03824091778202677
cam309_w3,65,0.0019120458891013384
cam309_w3,66,0.0
cam309_w3,67,0.0006373486297004461
cam309_w3,68,0.020395156150414276
cam309_w3,69,0.02804333970681963
cam309_w3,70,0.058636073932441045
cam309_w3,71,0.008922880815806247
cam309_w3,72,0.0
cam309_w3,73,0.0
cam309_w3,74,0.0
cam309_w3,75,0.0
cam309_w3,76,0.0
cam309_w3,77,0.0
cam309_w3,78,0.0
cam309_w3,79,0.0
cam309_w3,80,0.0
cam309_w3,81,0.0
cam309_w3,82,0.0
cam309_w3,83,0.0
cam309_w3,84,0.0
cam309_w3,85,0.023767605633802816
cam309_w3,86,0.05985915492957746
cam309_w3,87,0.0
cam309_w3,88,0.0
cam309_w3,89,0.02112676056338028
cam309_w3,90,0.03697183098591549
cam309_w3,91,0.14788732394366197
cam309_w3,92,0.25264084507042256
cam309_w3,93,0.06778169014084508
cam309_w3,94,0.4788732394366197
cam309_w3,95,0.6637323943661971
cam309_w3,96,0.3001760563380282
cam309_w3,97,0.4709507042253521
cam309_w3,98,0.4234154929577465
cam309_w3,99,0.6056338028169014
cam309_w3,100,0.1936619718309859
cam309_w3,101,0.13732394366197184
cam309_w3,102,0.42869718309859156
cam309_w3,103,0.006161971830985915
cam309_w3,104,0.028169014084507043
cam309_w3,105,0.04841549295774648
cam309_w3,106,0.13996478873239437
cam309_w3,107,0.05193661971830986
cam309_w3,108,0.06073943661971831
cam309_w3,109,0.2948943661971831
cam309_w3,110,0.24559859154929578
cam309_w3,111,0.5871478873239436
cam309_w3,112,0.4762323943661972
cam309_w3,113,0.0818661971830986
cam309_w3,114,0.516725352112676
cam309_w3,115,0.0
cam309_w3,116,0.01056338028169014
cam309_w3,117,0.05985915492957746
cam309_w3,118,0.5070422535211268
cam309_w3,119,0.5572183098591549
cam309_w3,120,0.3019366197183099
cam309_w3,121,0.36795774647887325
cam309_w3,122,0.852112676056338
cam309_w3,123,0.664612676056338
cam309_w3,124,0.0035211267605633804
cam309_w3,125,0.007922535211267605
cam309_w3,126,0.04665492957746479
cam309_w3,127,0.0035211267605633804
cam309_w3,128,0.02112676056338028
cam309_w3,129,0.017605633802816902
cam309_w3,130,0.01232394366197183
cam309_w3,131,0.0
cam309_w3,132,0.0
cam309_w3,133,0.023767605633802816
cam309_w3,134,0.0008802816901408451
cam309_w3,135,0.0035211267605633804
cam309_w3,136,0.02464788732394366
cam309_w3,137,0.05897887323943662
cam309_w3,138,0.03609154929577465
cam309_w3,139,0.014084507042253521
cam309_w3,140,0.007922535211267605
cam309_w3,141,0.0
cam309_w3,142,0.545774647887324
cam309_w3,143,0.1954225352112676
cam309_w3,144,0.014084507042253521
cam309_w3,145,0.007042253521126761
cam309_w3,146,0.0008802816901408451
cam309_w3,147,0.0
cam309_w3,148,0.0
cam309_w3,149,0.0
cam309_w3,150,0.0
cam309_w3,151,0.0
cam309_w3,152,0.0
cam309_w3,153,0.0
cam309_w3,154,0.0
cam309_w3,155,0.0
cam309_w3,156,0.0
cam309_w3,157,0.0
cam309_w3,158,0.0
cam309_w3,159,0.0
cam309_w3,160,0.0
cam309_w3,161,0.0
cam309_w3,162,0.0
cam309_w3,163,0.018535681186283594
cam309_w3,164,0.0027803521779425394
cam309_w3,165,0.0
cam309_w3,166,0.0
cam309_w3,167,0.009267840593141797
cam309_w3,168,0.0
cam309_w3,169,0.0
cam309_w3,170,0.004633920296570899
cam309_w3,171,0.0
cam309_w3,172,0.06580166821130677
cam309_w3,173,0.14735866543095458
cam309_w3,174,0.1380908248378128
cam309_w3,175,0.1742354031510658
cam309_w3,176,0.23169601482854496
cam309_w3,177,0.11306765523632993
cam309_w3,178,0.3169601482854495
cam309_w3,179,0.4865616311399444
cam309_w3,180,0.06672845227062095
cam309_w3,181,0.026876737720111215
cam309_w3,182,0.07970342910101946
cam309_w3,183,0.211306765523633
cam309_w3,184,0.1464318813716404
cam309_w3,185,0.07043558850787766
cam309_w3,186,0.06672845227062095
cam309_w3,187,0.018535681186283594
cam309_w3,188,0.016682113067655237
cam309_w3,189,0.0009267840593141798
cam309_w3,190,0.0
cam309_w3,191,0.0
cam309_w3,192,0.0037071362372567192
cam309_w3,193,0.006487488415199258
cam309_w3,194,0.0
cam309_w3,195,0.013901760889712697
cam309_w3,196,0.020389249304911955
cam309_w3,197,0.006487488415199258
cam309_w3,198,0.24374420759962928
cam309_w3,199,0.32344763670064874
cam309_w3,200,0.03892493049119555
cam309_w3,201,0.012048192771084338
cam309_w3,202,0.12604263206672844
cam309_w3,203,0.10658016682113068
cam309_w3,204,0.030583873957367932
cam309_w3,205,0.042632066728452274
cam309_w3,206,0.05282669138090825
cam309_w3,207,0.11677479147358666
cam309_w3,208,0.004633920296570899
cam309_w3,209,0.1872103799814643
cam309_w3,210,0.24374420759962928
cam309_w3,211,0.3901760889712697
cam309_w3,212,0.0
cam309_w3,213,0.11492122335495829
cam309_w3,214,0.010194624652455977
cam309_w3,215,0.0
cam309_w3,216,0.03151065801668211
cam309_w3,217,0.051899907321594066
cam309_w3,218,0.020389249304911955
cam309_w3,219,0.037998146431881374
cam309_w3,220,0.024096385542168676
cam309_w3,221,0.0
cam309_w3,222,0.0
cam309_w3,223,0.0
cam309_w3,224,0.0
cam309_w3,225,0.0
cam309_w3,226,0.0
cam309_w3,227,0.0
cam309_w3,228,0.0
cam309_w3,229,0.0
cam309_w3,230,0.0
cam309_w3,231,0.0
cam309_w3,232,0.0
cam309_w3,233,0.0
cam309_w3,234,0.0
cam309_w3,235,0.0
cam309_w3,236,0.01250868658790827
cam309_w3,237,0.0
cam309_w3,238,0.019457956914523976
cam309_w3,239,0.0034746351633078527
cam309_w3,240,0.046560111188325225
cam309_w3,241,0.0006949270326615705
cam309_w3,242,0.0
cam309_w3,243,0.0236275191104934
cam309_w3,244,0.0
cam309_w3,245,0.031966643502432245
cam309_w3,246,0.04378040305767894
cam309_w3,247,0.10006949270326616
cam309_w3,248,0.15705350938151494
cam309_w3,249,0.15774843641417652
cam309_w3,250,0.07505211952744961
cam309_w3,251,0.06810284920083391
cam309_w3,252,0.07227241139680333
cam309_w3,253,0.18276580958999306
cam309_w3,254,0.1841556636553162
cam309_w3,255,0.19179986101459348
cam309_w3,256,0.2293259207783183
cam309_w3,257,0.113273106323836
cam309_w3,258,0.27658095899930507
cam309_w3,259,0.25781792911744267
cam309_w3,260,0.15705350938151494
cam309_w3,261,0.12230715774843641
cam309_w3,262,0.19179986101459348
cam309_w3,263,0.01320361362056984
cam309_w3,264,0.004169562195969423
cam309_w3,265,0.07435719249478805
cam309_w3,266,0.07991660875608061
cam309_w3,267,0.0006949270326615705
cam309_w3,268,0.0945100764419736
cam309_w3,269,0.0
cam309_w3,270,0.004169562195969423
cam309_w3,271,0.004864489228630994
cam309_w3,272,0.029186935371785964
cam309_w3,273,0.08686587908269632
cam309_w3,274,0.0
cam309_w3,275,0.020847810979847115
cam309_w3,276,0.035441278665740095
cam309_w3,277,0.02571230020847811
cam309_w3,278,0.006254343293954135
cam309_w3,279,0.006254343293954135
cam309_w3,280,0.05142460041695622
cam309_w3,281,0.07991660875608061
cam309_w3,282,0.11744266851980542
cam309_w3,283,0.15913829047949965
cam309_w3,284,0.30576789437109103
cam309_w3,285,0.030576789437109102
cam309_w3,286,0.02571230020847811
cam309_w3,287,0.0
cam309_w3,288,0.015983321751216122
cam309_w3,289,0.030576789437109102
cam309_w3,290,0.01250868658790827
cam309_w3,291,0.034051424600416956
cam309_w3,292,0.011118832522585128
cam309_w3,293,0.015288394718554551
cam309_w3,294,0.09242529534398888
cam309_w3,295,0.06184850590687978
cam309_w3,296,0.005559416261292564
cam309_w3,297,0.0034746351633078527
cam309_w3,298,0.010423905489923557
cam309_w3,299,0.008339124391938846
cam309_w3,300,0.0
cam309_w3,301,0.0
cam309_w3,302,0.0
cam309_w3,303,0.0
cam309_w3,304,0.0
cam309_w3,305,0.0
cam309_w3,306,0.008684324793747287
cam309_w3,307,0.0034737299174989146
cam309_w3,308,0.03300043421623969
cam309_w3,309,0.0
cam309_w3,310,0.02822405557967868
cam309_w3,311,0.03430308293530178
cam309_w3,312,0.03213200173686496
cam309_w3,313,0.1398176291793313
cam309_w3,314,0.02735562310030395
cam309_w3,315,0.20842379504993486
cam309_w3,316,0.053842813721233174
cam309_w3,317,0.3113330438558402
cam309_w3,318,0.13069908814589665
cam309_w3,319,0.03734259661311333
cam309_w3,320,0.10030395136778116
cam309_w3,321,0.06990881458966565
cam309_w3,322,0.04993486756404689
cam309_w3,323,0.026921406860616587
cam309_w3,324,0.028658271819366043
cam309_w3,325,0.07338254450716457
cam309_w3,326,0.15458098132870168
cam309_w3,327,0.15154146765089013
cam309_w3,328,0.09335649153278333
cam309_w3,329,0.29135909683022143
cam309_w3,330,0.19148936170212766
cam309_w3,331,0.26834563612679113
cam309_w3,332,0.4125054277029961
cam309_w3,333,0.18584455058619193
cam309_w3,334,0.16152844116369952
cam309_w3,335,0.12071211463308727
cam309_w3,336,0.172818063395571
cam309_w3,337,0.31089882761615284
cam309_w3,338,0.3755970473295701
cam309_w3,339,0.40555796786799825
cam309_w3,340,0.6791141988710377
cam309_w3,341,0.19496309161962658
cam309_w3,342,0.1411202778983934
cam309_w3,343,0.3573599652627008
cam309_w3,344,0.37776812852800695
cam309_w3,345,0.0851063829787234
cam309_w3,346,0.09509335649153278
cam309_w3,347,0.26791141988710376
cam309_w3,348,0.21406860616587062
cam309_w3,349,0.11202778983933999
cam309_w3,350,0.03343465045592705
cam309_w3,351,0.12983065566652194
cam309_w3,352,0.1458966565349544
cam309_w3,353,0.3864524533217542
cam309_w3,354,0.10421189752496743
cam309_w3,355,0.13938341293964393
cam309_w3,356,0.18063395570994356
cam309_w3,357,0.2548849326964828
cam309_w3,358,0.12375162831089882
cam309_w3,359,0.24924012158054712
cam309_w3,360,0.07511940946591403
cam309_w3,361,0.14893617021276595
cam309_w3,362,0.28658271819366044
cam309_w3,363,0.3842813721233174
cam309_w3,364,0.20885801128962223
cam309_w3,365,0.14763352149370387
cam309_w3,366,0.12418584455058619
cam309_w3,367,0.2323056882327399
cam309_w3,368,0.21189752496743378
cam309_w3,369,0.13026487190620928
cam309_w3,370,0.29874077290490664
cam309_w3,371,0.09335649153278333
cam309_w3,372,0.07077724706904039
cam309_w3,373,0.07338254450716457
cam309_w3,374,0.1849761181068172
cam309_w3,375,0.29222752930959617
cam309_w4,1,0.0
cam309_w4,2,0.0006373486297004461
cam309_w4,3,0.0019120458891013384
cam309_w4,4,0.02804333970681963
cam309_w4,5,0.05289993626513703
cam309_w4,6,0.0
cam309_w4,7,0.0
cam309_w4,8,0.05672402804333971
cam309_w4,9,0.3989802421924793
cam309_w4,10,0.3550031867431485
cam309_w4,11,0.7807520713830465
cam309_w4,12,0.05353728489483748
cam309_w4,13,0.13193116634799235
cam309_w4,14,0.5768005098789037
cam309_w4,15,0.045889101338432124
cam309_w4,16,0.24920331421287445
cam309_w4,17,0.41045251752708733
cam309_w4,18,0.004461440407903123
cam309_w4,19,0.3824091778202677
cam309_w4,20,0.41363926067558954
cam309_w4,21,0.08349267049075844
cam309_w4,22,0.0012746972594008922
cam309_w4,23,0.015933715742511154
cam309_w4,24,0.0
cam309_w4,25,0.0
cam309_w4,26,0.0
cam309_w4,27,0.0057361376673040155
cam309_w4,28,0.0057361376673040155
cam309_w4,29,0.07074569789674952
cam309_w4,30,0.11982154238368388
cam309_w4,31,0.20777565328234543
cam309_w4,32,0.012109623964308477
cam309_w4,33,0.13193116634799235
cam309_w4,34,0.0
cam309_w4,35,0.0
cam309_w4,36,0.021669853409815167
cam309_w4,37,0.010197578075207138
cam309_w4,38,0.027405991077119184
cam309_w4,39,0.0006373486297004461
cam309_w4,40,0.014659018483110261
cam309_w4,41,0.011472275334608031
cam309_w4,42,0.0076481835564053535
cam309_w4,43,0.022944550669216062
cam309_w4,44,0.021669853409815167
cam309_w4,45,0.017208413001912046
cam309_w4,46,0.07329509241555131
cam309_w4,47,0.0025493945188017845
cam309_w4,48,0.010834926704907584
cam309_w4,49,0.0006373486297004461
cam309_w4,50,0.020395156150414276
cam309_w4,51,0.022944550669216062
cam309_w4,52,0.03505417463352454
cam309_w4,53,0.05353728489483748
cam309_w4,54,0.03186743148502231
cam309_w4,55,0.02804333970681963
cam309_w4,56,0.0165710643722116
cam309_w4,57,0.014021669853409816
cam309_w4,58,0.026131293817718292
cam309_w4,59,0.14531548757170173
cam309_w4,60,0.12173358827278521
cam309_w4,61,0.015296367112810707
cam309_w4,62,0.02676864244741874
cam309_w4,63,0.02676864244741874
cam309_w4,64,0.015296367112810707
cam309_w4,65,0.007010834926704908
cam309_w4,66,0.008922880815806247
cam309_w4,67,0.0025493945188017845
cam309_w4,68,0.028680688336520075
cam309_w4,69,0.03505417463352454
cam309_w4,70,0.12555768005098789
cam309_w4,71,0.017208413001912046
cam309_w4,72,0.023581899298916506
cam309_w4,73,0.025493945188017845
cam309_w4,74,0.0
cam309_w4,75,0.0
cam309_w4,76,0.0
cam309_w4,77,0.0
cam309_w4,78,0.0
cam309_w4,79,0.0
cam309_w4,80,0.0
cam309_w4,81,0.0
cam309_w4,82,0.0
cam309_w4,83,0.0
cam309_w4,84,0.33271375464684017
cam309_w4,85,0.0027881040892193307
cam309_w4,86,0.0009293680297397769
cam309_w4,87,0.020446096654275093
cam309_w4,88,0.10408921933085502
cam309_w4,89,0.42100371747211895
cam309_w4,90,0.29182156133828996
cam309_w4,91,0.5260223048327137
cam309_w4,92,0.508364312267658
cam309_w4,93,0.2843866171003718
cam309_w4,94,0.3475836431226766
cam309_w4,95,0.0
cam309_w4,96,0.020446096654275093
cam309_w4,97,0.0
cam309_w4,98,0.0
cam309_w4,99,0.0
cam309_w4,100,0.015799256505576207
cam309_w4,101,0.01486988847583643
cam309_w4,102,0.013940520446096654
cam309_w4,103,0.0845724907063197
cam309_w4,104,0.17193308550185873
cam309_w4,105,0.4767657992565056
cam309_w4,106,0.22026022304832713
cam309_w4,107,0.15055762081784388
cam309_w4,108,0.10315985130111524
cam309_w4,109,0.5111524163568774
cam309_w4,110,0.03717472118959108
cam309_w4,111,0.040892193308550186
cam309_w4,112,0.013940520446096654
cam309_w4,113,0.6003717472118959
cam309_w4,114,0.46654275092936803
cam309_w4,115,0.32620817843866173
cam309_w4,116,0.6236059479553904
cam309_w4,117,0.2527881040892193
cam309_w4,118,0.395910780669145
cam309_w4,119,0.07063197026022305
cam309_w4,120,0.13197026022304834
cam309_w4,121,0.800185873605948
cam309_w4,122,0.5092936802973977
cam309_w4,123,0.13197026022304834
cam309_w4,124,0.4079925650557621
cam309_w4,125,0.2695167286245353
cam309_w4,126,0.6115241635687733
cam309_w4,127,0.11152416356877323
cam309_w4,128,0.578996282527881
cam309_w4,129,0.4423791821561338
cam309_w4,130,0.2137546468401487
cam309_w4,131,0.0
cam309_w4,132,0.0
cam309_w4,133,0.0
cam309_w4,134,0.0018587360594795538
cam309_w4,135,0.013011152416356878
cam309_w4,136,0.0
cam309_w4,137,0.0018587360594795538
cam309_w4,138,0.011152416356877323
cam309_w4,139,0.0
cam309_w4,140,0.0
cam309_w4,141,0.006505576208178439
cam309_w4,142,0.16821561338289961
cam309_w4,143,0.25
cam309_w4,144,0.06598513011152417
cam309_w4,145,0.1449814126394052
cam309_w4,146,0.0037174721189591076
cam309_w4,147,0.0027881040892193307
cam309_w4,148,0.012081784386617101
cam309_w4,149,0.0037174721189591076
cam309_w4,150,0.0
cam309_w4,151,0.0
cam309_w4,152,0.0
cam309_w4,153,0.0
cam309_w4,154,0.0
cam309_w4,155,0.0
cam309_w4,156,0.019195612431444242
cam309_w4,157,0.0
cam309_w4,158,0.0
cam309_w4,159,0.0
cam309_w4,160,0.0
cam309_w4,161,0.0
cam309_w4,162,0.0
cam309_w4,163,0.0
cam309_w4,164,0.02010968921389397
cam309_w4,165,0.07586837294332724
cam309_w4,166,0.06946983546617916
cam309_w4,167,0.055758683729433274
cam309_w4,168,0.056672760511883
cam309_w4,169,0.3711151736745887
cam309_w4,170,0.21755027422303475
cam309_w4,171,0.2842778793418647
cam309_w4,172,0.7276051188299817
cam309_w4,173,0.6919561243144424
cam309_w4,174,0.7084095063985375
cam309_w4,175,0.021937842778793418
cam309_w4,176,0.04753199268738574
cam309_w4,177,0.0886654478976234
cam309_w4,178,0.35740402193784276
cam309_w4,179,0.22760511882998172
cam309_w4,180,0.17184643510054845
cam309_w4,181,0.29890310786106034
cam309_w4,182,0.2522851919561243
cam309_w4,183,0.3473491773308958
cam309_w4,184,0.2943327239488117
cam309_w4,185,0.27879341864716634
cam309_w4,186,0.014625228519195612
cam309_w4,187,0.0
cam309_w4,188,0.0
cam309_w4,189,0.01736745886654479
cam309_w4,190,0.0
cam309_w4,191,0.005484460694698354
cam309_w4,192,0.016453382084095063
cam309_w4,193,0.009140767824497258
cam309_w4,194,0.0
cam309_w4,195,0.003656307129798903
cam309_w4,196,0.0
cam309_w4,197,0.0
cam309_w4,198,0.0
cam309_w4,199,0.0
cam309_w4,200,0.0
cam309_w4,201,0.0
cam309_w4,202,0.003656307129798903
cam309_w4,203,0.011882998171846435
cam309_w4,204,0.0
cam309_w4,205,0.0
cam309_w4,206,0.0
cam309_w4,207,0.05393053016453382
cam309_w4,208,0.0
cam309_w4,209,0.010054844606946984
cam309_w4,210,0.0
cam309_w4,211,0.0
cam309_w4,212,0.0
cam309_w4,213,0.0
cam309_w4,214,0.006398537477148081
cam309_w4,215,0.002742230347349177
cam309_w4,216,0.0
cam309_w4,217,0.07221206581352833
cam309_w4,218,0.0356489945155393
cam309_w4,219,0.02102376599634369
cam309_w4,220,0.0018281535648994515
cam309_w4,221,0.0
cam309_w4,222,0.0
cam309_w4,223,0.0
cam309_w4,224,0.0
cam309_w4,225,0.0
cam309_w4,226,0.001417434443656981
cam309_w4,227,0.0
cam309_w4,228,0.010630758327427357
cam309_w4,229,0.029766123316796598
cam309_w4,230,0.0
cam309_w4,231,0.0
cam309_w4,232,0.0007087172218284905
cam309_w4,233,0.0
cam309_w4,234,0.0
cam309_w4,235,0.0
cam309_w4,236,0.0368532955350815
cam309_w4,237,0.0
cam309_w4,238,0.05315379163713678
cam309_w4,239,0.11410347271438696
cam309_w4,240,0.04323175053153792
cam309_w4,241,0.0
cam309_w4,242,0.0
cam309_w4,243,0.0
cam309_w4,244,0.010630758327427357
cam309_w4,245,0.0007087172218284905
cam309_w4,246,0.03756201275690999
cam309_w4,247,0.03756201275690999
cam309_w4,248,0.021970233876683204
cam309_w4,249,0.0
cam309_w4,250,0.1332388377037562
cam309_w4,251,0.20340184266477676
cam309_w4,252,0.15946137491141035
cam309_w4,253,0.10134656272147413
cam309_w4,254,0.4514528703047484
cam309_w4,255,0.18214032600992205
cam309_w4,256,0.08646350106307583
cam309_w4,257,0.13253012048192772
cam309_w4,258,0.01700921332388377
cam309_w4,259,0.005669737774627924
cam309_w4,260,0.443656980864635
cam309_w4,261,0.15450035435861093
cam309_w4,262,0.03897944720056697
cam309_w4,263,0.21190644932671865
cam309_w4,264,0.027639971651311126
cam309_w4,265,0.005669737774627924
cam309_w4,266,0.06378454996456413
cam309_w4,267,0.06945428773919206
cam309_w4,268,0.2643515237420269
cam309_w4,269,0.1346562721474132
cam309_w4,270,0.03118355776045358
cam309_w4,271,0.008504606661941885
cam309_w4,272,0.07016300496102056
cam309_w4,273,0.027639971651311126
cam309_w4,274,0.04890148830616584
cam309_w4,275,0.012756909992912827
cam309_w4,276,0.023387668320340185
cam309_w4,277,0.05527994330262225
cam309_w4,278,0.21403260099220411
cam309_w4,279,0.007087172218284904
cam309_w4,280,0.012048192771084338
cam309_w4,281,0.008504606661941885
cam309_w4,282,0.013465627214741318
cam309_w4,283,0.01913536498936924
cam309_w4,284,0.022678951098511695
cam309_w4,285,0.19560595322466337
cam309_w4,286,0.3628632175761871
cam309_w4,287,0.1991495393338058
cam309_w4,288,0.024096385542168676
cam309_w4,289,0.09142452161587526
cam309_w4,290,0.04606661941885188
cam309_w4,291,0.021261516654854713
cam309_w4,292,0.040396881644223954
cam309_w4,293,0.08221119773210489
cam309_w4,294,0.592487597448618
cam309_w4,295,0.026222537207654145
cam309_w4,296,0.024096385542168676
cam309_w4,297,0.06591070163004961
cam309_w4,298,0.0
cam309_w4,299,0.014174344436569808
cam309_w4,300,0.0007087172218284905
cam309_w4,301,0.0
cam309_w4,302,0.0026052974381241857
cam309_w4,303,0.0
cam309_w4,304,0.0021710811984368217
cam309_w4,305,0.007381676074685193
cam309_w4,306,0.0
cam309_w4,307,0.07381676074685194
cam309_w4,308,0.024750325662179766
cam309_w4,309,0.0039079461571862786
cam309_w4,310,0.01606600086843248
cam309_w4,311,0.052105948762483714
cam309_w4,312,0.1398176291793313
cam309_w4,313,0.10073816760746852
cam309_w4,314,0.2748588797221016
cam309_w4,315,0.10030395136778116
cam309_w4,316,0.2188449848024316
cam309_w4,317,0.0729483282674772
cam309_w4,318,0.14242292661745548
cam309_w4,319,0.3117672600955276
cam309_w4,320,0.19973947025618757
cam309_w4,321,0.116804168475901
cam309_w4,322,0.053842813721233174
cam309_w4,323,0.08771168041684758
cam309_w4,324,0.08554059921841077
cam309_w4,325,0.07685627442466349
cam309_w4,326,0.10985670864090318
cam309_w4,327,0.25575336517585756
cam309_w4,328,0.21493703864524533
cam309_w4,329,0.26964828484585324
cam309_w4,330,0.4003473729917499
cam309_w4,331,0.2409900130264872
cam309_w4,332,0.06296135475466783
cam309_w4,333,0.18193660442900564
cam309_w4,334,0.47503256621797657
cam309_w4,335,0.38862353452019105
cam309_w4,336,0.11333043855840208
cam309_w4,337,0.08293530178028659
cam309_w4,338,0.0364741641337386
cam309_w4,339,0.0694745983499783
cam309_w4,340,0.05080330004342162
cam309_w4,341,0.13026487190620928
cam309_w4,342,0.06817194963091619
cam309_w4,343,0.011289622231871473
cam309_w4,344,0.16239687364307426
cam309_w4,345,0.26226660877116803
cam309_w4,346,0.3755970473295701
cam309_w4,347,0.355188884064264
cam309_w4,348,0.12505427702996091
cam309_w4,349,0.1471993052540165
cam309_w4,350,0.18150238818931827
cam309_w4,351,0.25749023013460703
cam309_w4,352,0.7021276595744681
cam309_w4,353,0.45722970039079464
cam309_w4,354,0.10811984368215372
cam309_w4,355,0.3517151541467651
cam309_w4,356,0.2822405557967868
cam309_w4,357,0.24272687798523665
cam309_w4,358,0.04472427268779852
cam309_w4,359,0.04168475900998697
cam309_w4,360,0.02518454190186713
cam309_w4,361,0.028658271819366043
cam309_w4,362,0.01997394702561876
cam309_w4,363,0.015197568389057751
cam309_w4,364,0.0243161094224924
cam309_w4,365,0.013894919669995658
cam309_w4,366,0.006513243595310464
cam309_w4,367,0.013460703430308293
cam309_w4,368,0.0004342162396873643
cam309_w4,369,0.011723838471558836
cam309_w4,370,0.06904038211029093
cam309_w4,371,0.05036908380373426
cam309_w4,372,0.029526704298740773
cam309_w4,373,0.11159357359965262
cam309_w4,374,0.010421189752496743
cam309_w4,375,0.06600086843247938
cam309_w5,1,0.03790271636133923
cam309_w5,2,0.2994314592545799
cam309_w5,3,0.10233733417561591
cam309_w5,4,0.0
cam309_w5,5,0.0
cam309_w5,6,0.0
cam309_w5,7,0.0
cam309_w5,8,0.0
cam309_w5,9,0.0012634238787113076
cam309_w5,10,0.004421983575489577
cam309_w5,11,0.065698041692988
cam309_w5,12,0.004421983575489577
cam309_w5,13,0.2065698041692988
cam309_w5,14,0.005685407454200884
cam309_w5,15,0.31269740998104867
cam309_w5,16,0.2981680353758686
cam309_w5,17,0.6108654453569172
cam309_w5,18,0.9109286165508528
cam309_w5,19,0.1610865445356917
cam309_w5,20,0.6531901452937461
cam309_w5,21,0.04990524320909665
cam309_w5,22,0.008843967150979154
cam309_w5,23,0.09791535060012634
cam309_w5,24,0.043588123815540114
cam309_w5,25,0.10928616550852811
cam309_w5,26,0.12886923562855337
cam309_w5,27,0.0012634238787113076
cam309_w5,28,0.004421983575489577
cam309_w5,29,0.010739102969046115
cam309_w5,30,0.11560328490208464
cam309_w5,31,0.08843967150979154
cam309_w5,32,0.4801010739102969
cam309_w5,33,0.06696146557169931
cam309_w5,34,0.06885660138976626
cam309_w5,35,0.16993051168667087
cam309_w5,36,0.00505369551484523
cam309_w5,37,0.17056222362602652
cam309_w5,38,0.07327858496525584
cam309_w5,39,0.034112444725205304
cam309_w5,40,0.13581806696146556
cam309_w5,41,0.0
cam309_w5,42,0.007580543272267846
cam309_w5,43,0.01831964624131396
cam309_w5,44,0.003790271636133923
cam309_w5,45,0.0018951358180669614
cam309_w5,46,0.0082122552116235
cam309_w5,47,0.06443461781427669
cam309_w5,48,0.11433986102337335
cam309_w5,49,0.1572962728995578
cam309_w5,50,0.051168667087807956
cam309_w5,51,0.15413771320277952
cam309_w5,52,0.6835123183828175
cam309_w5,53,0.09791535060012634
cam309_w5,54,0.04232469993682881
cam309_w5,55,0.04990524320909665
cam309_w5,56,0.013265950726468731
cam309_w5,57,0.026531901452937462
cam309_w5,58,0.058749210360075806
cam309_w5,59,0.05180037902716361
cam309_w5,60,0.05369551484523057
cam309_w5,61,0.10928616550852811
cam309_w5,62,0.5754895767530006
cam309_w5,63,0.48704990524320907
cam309_w5,64,0.7877447883765003
cam309_w5,65,0.7694251421351863
cam309_w5,66,0.886923562855338
cam309_w5,67,0.4333543903979785
cam309_w5,68,0.5015792798483891
cam309_w5,69,0.1396083385975995
cam309_w5,70,0.0
cam309_w5,71,0.02021478205938092
cam309_w5,72,0.0
cam309_w5,73,0.0018951358180669614
cam309_w5,74,0.0
cam309_w5,75,0.0
cam309_w5,76,0.0
cam309_w5,77,0.0
cam309_w5,78,0.0
cam309_w5,79,0.0
cam309_w5,80,0.0
cam309_w5,81,0.0
cam309_w5,82,0.0
cam309_w5,83,0.0
cam309_w5,84,0.0
cam309_w5,85,0.0
cam309_w5,86,0.2457627118644068
cam309_w5,87,0.13559322033898305
cam309_w5,88,0.015254237288135594
cam309_w5,89,0.006779661016949152
cam309_w5,90,0.0
cam309_w5,91,0.0
cam309_w5,92,0.04745762711864407
cam309_w5,93,0.3364406779661017
cam309_w5,94,0.12033898305084746
cam309_w5,95,0.09830508474576272
cam309_w5,96,0.0
cam309_w5,97,0.1423728813559322
cam309_w5,98,0.01694915254237288
cam309_w5,99,0.4025423728813559
cam309_w5,100,0.20084745762711864
cam309_w5,101,0.19661016949152543
cam309_w5,102,0.003389830508474576
cam309_w5,103,0.22542372881355932
cam309_w5,104,0.7838983050847458
cam309_w5,105,0.6186440677966102
cam309_w5,106,0.7796610169491526
cam309_w5,107,0.37203389830508476
cam309_w5,108,0.0
cam309_w5,109,0.0
cam309_w5,110,0.0
cam309_w5,111,0.0
cam309_w5,112,0.011864406779661017
cam309_w5,113,0.02457627118644068
cam309_w5,114,0.0
cam309_w5,115,0.027966101694915254
cam309_w5,116,0.026271186440677965
cam309_w5,117,0.051694915254237285
cam309_w5,118,0.01440677966101695
cam309_w5,119,0.005932203389830509
cam309_w5,120,0.043220338983050846
cam309_w5,121,0.12372881355932204
cam309_w5,122,0.13305084745762713
cam309_w5,123,0.34067796610169493
cam309_w5,124,0.23559322033898306
cam309_w5,125,0.06186440677966102
cam309_w5,126,0.007627118644067797
cam309_w5,127,0.03983050847457627
cam309_w5,128,0.013559322033898305
cam309_w5,129,0.0
cam309_w5,130,0.001694915254237288
cam309_w5,131,0.000847457627118644
cam309_w5,132,0.0
cam309_w5,133,0.0
cam309_w5,134,0.003389830508474576
cam309_w5,135,0.0
cam309_w5,136,0.0
cam309_w5,137,0.000847457627118644
cam309_w5,138,0.003389830508474576
cam309_w5,139,0.0
cam309_w5,140,0.0
cam309_w5,141,0.18559322033898304
cam309_w5,142,0.001694915254237288
cam309_w5,143,0.009322033898305085
cam309_w5,144,0.0
cam309_w5,145,0.009322033898305085
cam309_w5,146,0.0
cam309_w5,147,0.0
cam309_w5,148,0.0
cam309_w5,149,0.0
cam309_w5,150,0.0
cam309_w5,151,0.0
cam309_w5,152,0.0
cam309_w5,153,0.0
cam309_w5,154,0.0
cam309_w5,155,0.0009389671361502347
cam309_w5,156,0.0
cam309_w5,157,0.0
cam309_w5,158,0.0
cam309_w5,159,0.0
cam309_w5,160,0.0
cam309_w5,161,0.0
cam309_w5,162,0.0
cam309_w5,163,0.0
cam309_w5,164,0.0028169014084507044
cam309_w5,165,0.0
cam309_w5,166,0.0
cam309_w5,167,0.0028169014084507044
cam309_w5,168,0.04976525821596244
cam309_w5,169,0.0
cam309_w5,170,0.0
cam309_w5,171,0.0
cam309_w5,172,0.0028169014084507044
cam309_w5,173,0.004694835680751174
cam309_w5,174,0.016901408450704224
cam309_w5,175,0.0
cam309_w5,176,0.03286384976525822
cam309_w5,177,0.10328638497652583
cam309_w5,178,0.6028169014084507
cam309_w5,179,0.752112676056338
cam309_w5,180,0.08450704225352113
cam309_w5,181,0.20938967136150236
cam309_w5,182,0.3784037558685446
cam309_w5,183,0.0835680751173709
cam309_w5,184,0.0009389671361502347
cam309_w5,185,0.0
cam309_w5,186,0.0028169014084507044
cam309_w5,187,0.005633802816901409
cam309_w5,188,0.0009389671361502347
cam309_w5,189,0.07042253521126761
cam309_w5,190,0.0
cam309_w5,191,0.003755868544600939
cam309_w5,192,0.010328638497652582
cam309_w5,193,0.0
cam309_w5,194,0.0
cam309_w5,195,0.010328638497652582
cam309_w5,196,0.0
cam309_w5,197,0.0
cam309_w5,198,0.005633802816901409
cam309_w5,199,0.0
cam309_w5,200,0.0
cam309_w5,201,0.0
cam309_w5,202,0.0
cam309_w5,203,0.0
cam309_w5,204,0.0
cam309_w5,205,0.0028169014084507044
cam309_w5,206,0.015023474178403756
cam309_w5,207,0.003755868544600939
cam309_w5,208,0.0
cam309_w5,209,0.0018779342723004694
cam309_w5,210,0.0
cam309_w5,211,0.010328638497652582
cam309_w5,212,0.006572769953051643
cam309_w5,213,0.014084507042253521
cam309_w5,214,0.03755868544600939
cam309_w5,215,0.046009389671361506
cam309_w5,216,0.0
cam309_w5,217,0.0
cam309_w5,218,0.013145539906103286
cam309_w5,219,0.0
cam309_w5,220,0.0
cam309_w5,221,0.0
cam309_w5,222,0.0
cam309_w5,223,0.0
cam309_w5,224,0.0028169014084507044
cam309_w5,225,0.0
cam309_w5,226,0.0
cam309_w5,227,0.0
cam309_w5,228,0.0
cam309_w5,229,0.0
cam309_w5,230,0.0
cam309_w5,231,0.0043891733723482075
cam309_w5,232,0.0
cam309_w5,233,0.0
cam309_w5,234,0.0
cam309_w5,235,0.0
cam309_w5,236,0.000731528895391368
cam309_w5,237,0.0
cam309_w5,238,0.0
cam309_w5,239,0.0
cam309_w5,240,0.0
cam309_w5,241,0.005120702267739576
cam309_w5,242,0.010972933430870519
cam309_w5,243,0.01755669348939283
cam309_w5,244,0.001463057790782736
cam309_w5,245,0.0
cam309_w5,246,0.010972933430870519
cam309_w5,247,0.029261155815654718
cam309_w5,248,0.013899049012435992
cam309_w5,249,0.02121433796634967
cam309_w5,250,0.012435991221653255
cam309_w5,251,0.056327724945135334
cam309_w5,252,0.011704462326261888
cam309_w5,253,0.015362106803218726
cam309_w5,254,0.14557425018288223
cam309_w5,255,0.16825164594001463
cam309_w5,256,0.1119239209948793
cam309_w5,257,0.13752743233357717
cam309_w5,258,0.000731528895391368
cam309_w5,259,0.04169714703730797
cam309_w5,260,0.09290416971470374
cam309_w5,261,0.06217995610826628
cam309_w5,262,0.23920994879297733
cam309_w5,263,0.2779809802487198
cam309_w5,264,0.12801755669348938
cam309_w5,265,0.04681784930504755
cam309_w5,266,0.018288222384784197
cam309_w5,267,0.13094367227505485
cam309_w5,268,0.011704462326261888
cam309_w5,269,0.03438185808339429
cam309_w5,270,0.08485735186539868
cam309_w5,271,0.0
cam309_w5,272,0.04023408924652524
cam309_w5,273,0.009509875640087784
cam309_w5,274,0.015362106803218726
cam309_w5,275,0.029261155815654718
cam309_w5,276,0.03511338697878566
cam309_w5,277,0.008046817849305048
cam309_w5,278,0.019751280175566936
cam309_w5,279,0.03584491587417703
cam309_w5,280,0.11119239209948793
cam309_w5,281,0.09656181419166057
cam309_w5,282,0.1667885881492319
cam309_w5,283,0.21726408193123628
cam309_w5,284,0.0
cam309_w5,285,0.016825164594001463
cam309_w5,286,0.010241404535479151
cam309_w5,287,0.010241404535479151
cam309_w5,288,0.0
cam309_w5,289,0.010241404535479151
cam309_w5,290,0.02487198244330651
cam309_w5,291,0.013899049012435992
cam309_w5,292,0.019019751280175568
cam309_w5,293,0.038039502560351136
cam309_w5,294,0.023408924652523776
cam309_w5,295,0.03291880029261156
cam309_w5,296,0.012435991221653255
cam309_w5,297,0.018288222384784197
cam309_w5,298,0.005120702267739576
cam309_w5,299,0.0021945866861741038
cam309_w5,300,0.0
cam309_w5,301,0.0
cam309_w5,302,0.0
cam309_w5,303,0.0
cam309_w5,304,0.0
cam309_w5,305,0.0
cam309_w5,306,0.0
cam309_w5,307,0.0
cam309_w5,308,0.0
cam309_w5,309,0.0
cam309_w5,310,0.0017368649587494573
cam309_w5,311,0.005644811115935736
cam309_w5,312,0.0026052974381241857
cam309_w5,313,0.007381676074685193
cam309_w5,314,0.0021710811984368217
cam309_w5,315,0.005210594876248371
cam309_w5,316,0.0004342162396873643
cam309_w5,317,0.017802865827181935
cam309_w5,318,0.015631784628745114
cam309_w5,319,0.055145462440295265
cam309_w5,320,0.04472427268779852
cam309_w5,321,0.08901432913590969
cam309_w5,322,0.013026487190620929
cam309_w5,323,0.0547112462006079
cam309_w5,324,0.09683022145028224
cam309_w5,325,0.23708206686930092
cam309_w5,326,0.021710811984368215
cam309_w5,327,0.014329135909683021
cam309_w5,328,0.09639600521059488
cam309_w5,329,0.11767260095527572
cam309_w5,330,0.07729049066435084
cam309_w5,331,0.06252713851498046
cam309_w5,332,0.07034303082935302
cam309_w5,333,0.028658271819366043
cam309_w5,334,0.0316977854971776
cam309_w5,335,0.07598784194528875
cam309_w5,336,0.14893617021276595
cam309_w5,337,0.24402952670429873
cam309_w5,338,0.1910551454624403
cam309_w5,339,0.19409465914025184
cam309_w5,340,0.09422492401215805
cam309_w5,341,0.28050369083803733
cam309_w5,342,0.0034737299174989146
cam309_w5,343,0.06382978723404255
cam309_w5,344,0.11333043855840208
cam309_w5,345,0.0017368649587494573
cam309_w5,346,0.011723838471558836
cam309_w5,347,0.0026052974381241857
cam309_w5,348,0.04211897524967434
cam309_w5,349,0.03256621797655232
cam309_w5,350,0.03343465045592705
cam309_w5,351,0.0486322188449848
cam309_w5,352,0.0633955709943552
cam309_w5,353,0.03126356925749023
cam309_w5,354,0.055145462440295265
cam309_w5,355,0.019539730785931395
cam309_w5,356,0.024750325662179766
cam309_w5,357,0.00998697351280938
cam309_w5,358,0.0017368649587494573
cam309_w5,359,0.01910551454624403
cam309_w5,360,0.005644811115935736
cam309_w5,361,0.017368649587494574
cam309_w5,362,0.03560573165436387
cam309_w5,363,0.06773773339122884
cam309_w5,364,0.21102909248805907
cam309_w5,365,0.02040816326530612
cam309_w5,366,0.02735562310030395
cam309_w5,367,0.04559270516717325
cam309_w5,368,0.09509335649153278
cam309_w5,369,0.03734259661311333
cam309_w5,370,0.0182370820668693
cam309_w5,371,0.03734259661311333
cam309_w5,372,0.17368649587494572
cam309_w5,373,0.059053408597481545
cam309_w5,374,0.009552757273122015
cam309_w5,375,0.06513243595310464
cam309_w6,1,0.0
cam309_w6,2,0.0
cam309_w6,3,0.0
cam309_w6,4,0.002526847757422615
cam309_w6,5,0.0
cam309_w6,6,0.0
cam309_w6,7,0.0
cam309_w6,8,0.1490840176879343
cam309_w6,9,0.11939355653821858
cam309_w6,10,0.0
cam309_w6,11,0.06443461781427669
cam309_w6,12,0.09854706253948199
cam309_w6,13,0.16361339229311433
cam309_w6,14,0.29058749210360074
cam309_w6,15,0.29500947567909036
cam309_w6,16,0.0
cam309_w6,17,0.041692987997473153
cam309_w6,18,0.015161086544535692
cam309_w6,19,0.08970309538850284
cam309_w6,20,0.1080227416298168
cam309_w6,21,0.19519898926089704
cam309_w6,22,0.5698041692987997
cam309_w6,23,0.34301958307012004
cam309_w6,24,0.6582438408085913
cam309_w6,25,0.4819962097283639
cam309_w6,26,0.3720783322804801
cam309_w6,27,0.344914718888187
cam309_w6,28,0.48894504106127606
cam309_w6,29,0.2899557801642451
cam309_w6,30,0.003158559696778269
cam309_w6,31,0.0
cam309_w6,32,0.0
cam309_w6,33,0.0012634238787113076
cam309_w6,34,0.0
cam309_w6,35,0.005685407454200884
cam309_w6,36,0.0
cam309_w6,37,0.0
cam309_w6,38,0.0
cam309_w6,39,0.0
cam309_w6,40,0.0
cam309_w6,41,0.01010739102969046
cam309_w6,42,0.0
cam309_w6,43,0.002526847757422615
cam309_w6,44,0.007580543272267846
cam309_w6,45,0.041692987997473153
cam309_w6,46,0.0
cam309_w6,47,0.0006317119393556538
cam309_w6,48,0.0410612760581175
cam309_w6,49,0.34807327858496523
cam309_w6,50,0.3057485786481364
cam309_w6,51,0.4459886291850916
cam309_w6,52,0.3556538218572331
cam309_w6,53,0.08149084017687934
cam309_w6,54,0.1655085281111813
cam309_w6,55,0.004421983575489577
cam309_w6,56,0.1781427668982944
cam309_w6,57,0.028427037271004423
cam309_w6,58,0.09222994314592546
cam309_w6,59,0.09096651926721415
cam309_w6,60,0.03158559696778269
cam309_w6,61,0.1819330385344283
cam309_w6,62,0.3644977890082123
cam309_w6,63,0.29311433986102337
cam309_w6,64,0.11876184459886292
cam309_w6,65,0.21288692356285535
cam309_w6,66,0.1080227416298168
cam309_w6,67,0.2969046114971573
cam309_w6,68,0.1996209728363866
cam309_w6,69,0.19267214150347442
cam309_w6,70,0.02147820593809223
cam309_w6,71,0.043588123815540114
cam309_w6,72,0.0
cam309_w6,73,0.003158559696778269
cam309_w6,74,0.006948831332912192
cam309_w6,75,0.010739102969046115
cam309_w6,76,0.0
cam309_w6,77,0.0
cam309_w6,78,0.0
cam309_w6,79,0.0
cam309_w6,80,0.0
cam309_w6,81,0.0
cam309_w6,82,0.0
cam309_w6,83,0.0
cam309_w6,84,0.017809439002671415
cam309_w6,85,0.004452359750667854
cam309_w6,86,0.0
cam309_w6,87,0.041852181656277826
cam309_w6,88,0.11041852181656278
cam309_w6,89,0.0213713268032057
cam309_w6,90,0.06767586821015138
cam309_w6,91,0.0943900267141585
cam309_w6,92,0.05075690115761353
cam309_w6,93,0.26892252894033836
cam309_w6,94,0.05520926090828139
cam309_w6,95,0.21994657168299198
cam309_w6,96,0.38201246660730187
cam309_w6,97,0.27871772039180764
cam309_w6,98,0.8094390026714159
cam309_w6,99,0.717720391807658
cam309_w6,100,0.3428317008014248
cam309_w6,101,0.16028495102404275
cam309_w6,102,0.020480854853072127
cam309_w6,103,0.46215494211932323
cam309_w6,104,0.45503116651825465
cam309_w6,105,0.02315227070347284
cam309_w6,106,0.04541406945681211
cam309_w6,107,0.06322350845948353
cam309_w6,108,0.04541406945681211
cam309_w6,109,0.15405164737310775
cam309_w6,110,0.21460373998219057
cam309_w6,111,0.0792520035618878
cam309_w6,112,0.4657168299198575
cam309_w6,113,0.3499554764024933
cam309_w6,114,0.4959928762243989
cam309_w6,115,0.6901157613535174
cam309_w6,116,0.1674087266251113
cam309_w6,117,0.0
cam309_w6,118,0.3472840605520926
cam309_w6,119,0.4692787177203918
cam309_w6,120,0.8521816562778273
cam309_w6,121,0.6776491540516474
cam309_w6,122,0.44968833481745324
cam309_w6,123,0.7836153161175423
cam309_w6,124,0.649154051647373
cam309_w6,125,0.15138023152270705
cam309_w6,126,0.016028495102404273
cam309_w6,127,0.13000890471950133
cam309_w6,128,0.026714158504007122
cam309_w6,129,0.04808548530721282
cam309_w6,130,0.1585040071237756
cam309_w6,131,0.15316117542297417
cam309_w6,132,0.1549421193232413
cam309_w6,133,0.14247551202137132
cam309_w6,134,0.10151380231522707
cam309_w6,135,0.0008904719501335708
cam309_w6,136,0.031166518254674976
cam309_w6,137,0.008904719501335707
cam309_w6,138,0.05431878895814782
cam309_w6,139,0.006233303650934996
cam309_w6,140,0.0008904719501335708
cam309_w6,141,0.07390917186108638
cam309_w6,142,0.20569902048085487
cam309_w6,143,0.008014247551202136
cam309_w6,144,0.0
cam309_w6,145,0.0008904719501335708
cam309_w6,146,0.0
cam309_w6,147,0.0
cam309_w6,148,0.0
cam309_w6,149,0.0
cam309_w6,150,0.0
cam309_w6,151,0.0
cam309_w6,152,0.0
cam309_w6,153,0.0
cam309_w6,154,0.0
cam309_w6,155,0.0
cam309_w6,156,0.01078167115902965
cam309_w6,157,0.0
cam309_w6,158,0.0
cam309_w6,159,0.0
cam309_w6,160,0.0071877807726864335
cam309_w6,161,0.04672057502246182
cam309_w6,162,0.0
cam309_w6,163,0.0
cam309_w6,164,0.0
cam309_w6,165,0.0
cam309_w6,166,0.006289308176100629
cam309_w6,167,0.01078167115902965
cam309_w6,168,0.020664869721473494
cam309_w6,169,0.03593890386343217
cam309_w6,170,0.16621743036837378
cam309_w6,171,0.18328840970350405
cam309_w6,172,0.39622641509433965
cam309_w6,173,0.20664869721473494
cam309_w6,174,0.12398921832884097
cam309_w6,175,0.4195867026055705
cam309_w6,176,0.08265947888589398
cam309_w6,177,0.6037735849056604
cam309_w6,178,0.22821203953279426
cam309_w6,179,0.6361185983827493
cam309_w6,180,0.0
cam309_w6,181,0.028751123090745734
cam309_w6,182,0.03504043126684636
cam309_w6,183,0.03593890386343217
cam309_w6,184,0.12219227313566937
cam309_w6,185,0.07008086253369272
cam309_w6,186,0.004492362982929021
cam309_w6,187,0.0008984725965858042
cam309_w6,188,0.019766397124887692
cam309_w6,189,0.03504043126684636
cam309_w6,190,0.0
cam309_w6,191,0.0
cam309_w6,192,0.025157232704402517
cam309_w6,193,0.0026954177897574125
cam309_w6,194,0.05840071877807727
cam309_w6,195,0.07996406109613657
cam309_w6,196,0.04582210242587601
cam309_w6,197,0.0646900269541779
cam309_w6,198,0.0
cam309_w6,199,0.09973045822102426
cam309_w6,200,0.07637017070979335
cam309_w6,201,0.0017969451931716084
cam309_w6,202,0.019766397124887692
cam309_w6,203,0.005390835579514825
cam309_w6,204,0.0
cam309_w6,205,0.0017969451931716084
cam309_w6,206,0.0
cam309_w6,207,0.04132973944294699
cam309_w6,208,0.0071877807726864335
cam309_w6,209,0.04043126684636118
cam309_w6,210,0.07547169811320754
cam309_w6,211,0.05211141060197664
cam309_w6,212,0.22911051212938005
cam309_w6,213,0.31805929919137466
cam309_w6,214,0.014375561545372867
cam309_w6,215,0.10242587601078167
cam309_w6,216,0.006289308176100629
cam309_w6,217,0.017969451931716084
cam309_w6,218,0.21203953279424978
cam309_w6,219,0.17969451931716082
cam309_w6,220,0.0
cam309_w6,221,0.0
cam309_w6,222,0.03863432165318958
cam309_w6,223,0.027852650494159928
cam309_w6,224,0.055705300988319856
cam309_w6,225,0.0
cam309_w6,226,0.001417434443656981
cam309_w6,227,0.0
cam309_w6,228,0.0
cam309_w6,229,0.0
cam309_w6,230,0.0
cam309_w6,231,0.01913536498936924
cam309_w6,232,0.0
cam309_w6,233,0.0
cam309_w6,234,0.0
cam309_w6,235,0.0
cam309_w6,236,0.007795889440113395
cam309_w6,237,0.003543586109142452
cam309_w6,238,0.0
cam309_w6,239,0.0
cam309_w6,240,0.021261516654854713
cam309_w6,241,0.009922041105598866
cam309_w6,242,0.059532246633593196
cam309_w6,243,0.11977321048901489
cam309_w6,244,0.18993621545003544
cam309_w6,245,0.14386959603118354
cam309_w6,246,0.19064493267186391
cam309_w6,247,0.06449326718639263
cam309_w6,248,0.21048901488306165
cam309_w6,249,0.16513111268603828
cam309_w6,250,0.19702338766832034
cam309_w6,251,0.31254429482636426
cam309_w6,252,0.10063784549964565
cam309_w6,253,0.009922041105598866
cam309_w6,254,0.0
cam309_w6,255,0.11410347271438696
cam309_w6,256,0.0063784549964564135
cam309_w6,257,0.014174344436569808
cam309_w6,258,0.059532246633593196
cam309_w6,259,0.0063784549964564135
cam309_w6,260,0.09709425939050319
cam309_w6,261,0.0666194188518781
cam309_w6,262,0.01913536498936924
cam309_w6,263,0.009213323883770375
cam309_w6,264,0.07228915662650602
cam309_w6,265,0.005669737774627924
cam309_w6,266,0.0
cam309_w6,267,0.0007087172218284905
cam309_w6,268,0.04819277108433735
cam309_w6,269,0.005669737774627924
cam309_w6,270,0.024805102763997167
cam309_w6,271,0.029766123316796598
cam309_w6,272,0.010630758327427357
cam309_w6,273,0.0517363571934798
cam309_w6,274,0.004961020552799433
cam309_w6,275,0.004252303330970942
cam309_w6,276,0.07299787384833452
cam309_w6,277,0.004961020552799433
cam309_w6,278,0.039688164422395464
cam309_w6,279,0.019844082211197732
cam309_w6,280,0.01913536498936924
cam309_w6,281,0.07228915662650602
cam309_w6,282,0.029766123316796598
cam309_w6,283,0.10276399716513111
cam309_w6,284,0.05457122608079376
cam309_w6,285,0.06165839829907867
cam309_w6,286,0.028348688873139617
cam309_w6,287,0.003543586109142452
cam309_w6,288,0.012756909992912827
cam309_w6,289,0.008504606661941885
cam309_w6,290,0.0063784549964564135
cam309_w6,291,0.01630049610205528
cam309_w6,292,0.01842664776754075
cam309_w6,293,0.03756201275690999
cam309_w6,294,0.04323175053153792
cam309_w6,295,0.06378454996456413
cam309_w6,296,0.03260099220411056
cam309_w6,297,0.003543586109142452
cam309_w6,298,0.003543586109142452
cam309_w6,299,0.0
cam309_w6,300,0.0
cam309_w6,301,0.0
cam309_w6,302,0.0008684324793747286
cam309_w6,303,0.0
cam309_w6,304,0.0013026487190620929
cam309_w6,305,0.0039079461571862786
cam309_w6,306,0.0
cam309_w6,307,0.007381676074685193
cam309_w6,308,0.0021710811984368217
cam309_w6,309,0.00303951367781155
cam309_w6,310,0.0017368649587494573
cam309_w6,311,0.022579244463742945
cam309_w6,312,0.0060790273556231
cam309_w6,313,0.01606600086843248
cam309_w6,314,0.024750325662179766
cam309_w6,315,0.03386886669561442
cam309_w6,316,0.14068606165870604
cam309_w6,317,0.2687798523664785
cam309_w6,318,0.2275293095961789
cam309_w6,319,0.16934433347807207
cam309_w6,320,0.25879287885366914
cam309_w6,321,0.13113330438558402
cam309_w6,322,0.061224489795918366
cam309_w6,323,0.05340859748154581
cam309_w6,324,0.09075119409465914
cam309_w6,325,0.12158054711246201
cam309_w6,326,0.04602692140686062
cam309_w6,327,0.13026487190620928
cam309_w6,328,0.20495006513243597
cam309_w6,329,0.15762049500651323
cam309_w6,330,0.34867564046895355
cam309_w6,331,0.3052540165002171
cam309_w6,332,0.182370820668693
cam309_w6,333,0.27399044724272686
cam309_w6,334,0.04602692140686062
cam309_w6,335,0.21710811984368214
cam309_w6,336,0.05036908380373426
cam309_w6,337,0.05123751628310899
cam309_w6,338,0.1519756838905775
cam309_w6,339,0.13460703430308293
cam309_w6,340,0.1398176291793313
cam309_w6,341,0.21493703864524533
cam309_w6,342,0.09639600521059488
cam309_w6,343,0.04776378636561007
cam309_w6,344,0.056882327399044724
cam309_w6,345,0.2045158488927486
cam309_w6,346,0.28918801563178465
cam309_w6,347,0.005644811115935736
cam309_w6,348,0.05254016500217108
cam309_w6,349,0.026921406860616587
cam309_w6,350,0.09943551888840643
cam309_w6,351,0.0
cam309_w6,352,0.013026487190620929
cam309_w6,353,0.08467216673903603
cam309_w6,354,0.1641337386018237
cam309_w6,355,0.03690838037342597
cam309_w6,356,0.0864090316977855
cam309_w6,357,0.13634389926183238
cam309_w6,358,0.17716022579244464
cam309_w6,359,0.04646113764654798
cam309_w6,360,0.25141120277898393
cam309_w6,361,0.09205384281372124
cam309_w6,362,0.19583152409900131
cam309_w6,363,0.058184976118106815
cam309_w6,364,0.13200173686495875
cam309_w6,365,0.08250108554059922
cam309_w6,366,0.10160660008684325
cam309_w6,367,0.07251411202778985
cam309_w6,368,0.027789839339991317
cam309_w6,369,0.025618758141554496
cam309_w6,370,0.02127659574468085
cam309_w6,371,0.013460703430308293
cam309_w6,372,0.04038211029092488
cam309_w6,373,0.04646113764654798
cam309_w6,374,0.027789839339991317
cam309_w6,375,0.016500217108119844
cam516_w1,1,0.0
cam516_w1,2,0.0
cam516_w1,3,0.0
cam516_w1,4,0.0
cam516_w1,5,0.13644977890082122
cam516_w1,6,0.009475679090334808
cam516_w1,7,0.10549589387239419
cam516_w1,8,0.19267214150347442
cam516_w1,9,0.01831964624131396
cam516_w1,10,0.0
cam516_w1,11,0.0
cam516_w1,12,0.0
cam516_w1,13,0.02021478205938092
cam516_w1,14,0.13834491471888818
cam516_w1,15,0.004421983575489577
cam516_w1,16,0.18825015792798483
cam516_w1,17,0.527479469361971
cam516_w1,18,0.08970309538850284
cam516_w1,19,0.0
cam516_w1,20,0.0
cam516_w1,21,0.0
cam516_w1,22,0.012002526847757423
cam516_w1,23,0.01958307012002527
cam516_w1,24,0.006317119393556538
cam516_w1,25,0.003790271636133923
cam516_w1,26,0.0
cam516_w1,27,0.004421983575489577
cam516_w1,28,0.0
cam516_w1,29,0.00505369551484523
cam516_w1,30,0.025268477574226154
cam516_w1,31,0.0
cam516_w1,32,0.0
cam516_w1,33,0.034112444725205304
cam516_w1,34,0.010739102969046115
cam516_w1,35,0.07454200884396715
cam516_w1,36,0.22741629816803538
cam516_w1,37,0.13202779532533165
cam516_w1,38,0.02337334175615919
cam516_w1,39,0.11433986102337335
cam516_w1,40,0.0
cam516_w1,41,0.0
cam516_w1,42,0.0
cam516_w1,43,0.0
cam516_w1,44,0.0
cam516_w1,45,0.0
cam516_w1,46,0.0
cam516_w1,47,0.003158559696778269
cam516_w1,48,0.2533164876816172
cam516_w1,49,0.2451042324699937
cam516_w1,50,0.02969046114971573
cam516_w1,51,0.06443461781427669
cam516_w1,52,0.0
cam516_w1,53,0.01010739102969046
cam516_w1,54,0.06632975363234365
cam516_w1,55,0.19772583701831964
cam516_w1,56,0.13708149084017687
cam516_w1,57,0.0
cam516_w1,58,0.0
cam516_w1,59,0.01010739102969046
cam516_w1,60,0.0
cam516_w1,61,0.05811749842072015
cam516_w1,62,0.082122552116235
cam516_w1,63,0.15855969677826912
cam516_w1,64,0.06253948199620973
cam516_w1,65,0.0
cam516_w1,66,0.03663929248262792
cam516_w1,67,0.1914087176247631
cam516_w1,68,0.08528111181301326
cam516_w1,69,0.025900189513581806
cam516_w1,70,0.022741629816803537
cam516_w1,71,0.05243209096651927
cam516_w1,72,0.027163613392293114
cam516_w1,73,0.003790271636133923
cam516_w1,74,0.0
cam516_w1,75,0.0
cam516_w1,76,0.0
cam516_w1,77,0.0
cam516_w1,78,0.0
cam516_w1,79,0.0
cam516_w1,80,0.0
cam516_w1,81,0.0
cam516_w1,82,0.0
cam516_w1,83,0.0
cam516_w1,84,0.0
cam516_w1,85,0.0
cam516_w1,86,0.0
cam516_w1,87,0.036939313984168866
cam516_w1,88,0.16534740545294635
cam516_w1,89,0.05980650835532102
cam516_w1,90,0.0
cam516_w1,91,0.016710642040457344
cam516_w1,92,0.29815303430079154
cam516_w1,93,0.12576956904133685
cam516_w1,94,0.6270888302550571
cam516_w1,95,0.3201407211961302
cam516_w1,96,0.25241864555848725
cam516_w1,97,0.0
cam516_w1,98,0.5285839929639402
cam516_w1,99,0.46613896218117856
cam516_w1,100,0.11433597185576078
cam516_w1,101,0.0079155672823219
cam516_w1,102,0.022867194371152155
cam516_w1,103,0.0633245382585752
cam516_w1,104,0.22251539138082674
cam516_w1,105,0.3685136323658751
cam516_w1,106,0.2198768689533861
cam516_w1,107,0.0
cam516_w1,108,0.09146877748460862
cam516_w1,109,0.01759014951627089
cam516_w1,110,0.0
cam516_w1,111,0.0
cam516_w1,112,0.08179419525065963
cam516_w1,113,0.22955145118733508
cam516_w1,114,0.1266490765171504
cam516_w1,115,0.1424802110817942
cam516_w1,116,0.0
cam516_w1,117,0.1943711521547933
cam516_w1,118,0.006156552330694811
cam516_w1,119,0.1600703605980651
cam516_w1,120,0.024626209322779244
cam516_w1,121,0.07211961301671065
cam516_w1,122,0.12225153913808268
cam516_w1,123,0.03781882145998241
cam516_w1,124,0.22867194371152155
cam516_w1,125,0.6024626209322779
cam516_w1,126,0.07211961301671065
cam516_w1,127,0.0008795074758135445
cam516_w1,128,0.1284080914687775
cam516_w1,129,0.04661389621811785
cam516_w1,130,0.014951627088830254
cam516_w1,131,0.0158311345646438
cam516_w1,132,0.020228671943711522
cam516_w1,133,0.06508355321020229
cam516_w1,134,0.0008795074758135445
cam516_w1,135,0.016710642040457344
cam516_w1,136,0.0
cam516_w1,137,0.018469656992084433
cam516_w1,138,0.0
cam516_w1,139,0.0
cam516_w1,140,0.0
cam516_w1,141,0.005277044854881266
cam516_w1,142,0.0
cam516_w1,143,0.07211961301671065
cam516_w1,144,0.07563764291996482
cam516_w1,145,0.019349164467897976
cam516_w1,146,0.0
cam516_w1,147,0.0
cam516_w1,148,0.003518029903254178
cam516_w1,149,0.0
cam516_w1,150,0.0
cam516_w1,151,0.0
cam516_w1,152,0.0
cam516_w1,153,0.0
cam516_w1,154,0.0
cam516_w1,155,0.0
cam516_w1,156,0.008563273073263558
cam516_w1,157,0.0
cam516_w1,158,0.0
cam516_w1,159,0.0
cam516_w1,160,0.0
cam516_w1,161,0.0
cam516_w1,162,0.0
cam516_w1,163,0.0
cam516_w1,164,0.0
cam516_w1,165,0.0
cam516_w1,166,0.0
cam516_w1,167,0.0
cam516_w1,168,0.0
cam516_w1,169,0.0
cam516_w1,170,0.035204567078972404
cam516_w1,171,0.08277830637488107
cam516_w1,172,0.005708848715509039
cam516_w1,173,0.2093244529019981
cam516_w1,174,0.1379638439581351
cam516_w1,175,0.18934348239771645
cam516_w1,176,0.2702188392007612
cam516_w1,177,0.15794481446241673
cam516_w1,178,0.27783063748810655
cam516_w1,179,0.3263558515699334
cam516_w1,180,0.20076117982873454
cam516_w1,181,0.2921027592768792
cam516_w1,182,0.21693625118934348
cam516_w1,183,0.13891531874405327
cam516_w1,184,0.11893434823977164
cam516_w1,185,0.05708848715509039
cam516_w1,186,0.029495718363463368
cam516_w1,187,0.008563273073263558
cam516_w1,188,0.07611798287345385
cam516_w1,189,0.08087535680304472
cam516_w1,190,0.04471931493815414
cam516_w1,191,0.2664129400570885
cam516_w1,192,0.15318744053282587
cam516_w1,193,0.022835394862036156
cam516_w1,194,0.07992388201712655
cam516_w1,195,0.047573739295908656
cam516_w1,196,0.10371075166508087
cam516_w1,197,0.30922930542340626
cam516_w1,198,0.4681255946717412
cam516_w1,199,0.31874405328258804
cam516_w1,200,0.11607992388201713
cam516_w1,201,0.005708848715509039
cam516_w1,202,0.008563273073263558
cam516_w1,203,0.014272121788772598
cam516_w1,204,0.016175071360608945
cam516_w1,205,0.007611798287345386
cam516_w1,206,0.007611798287345386
cam516_w1,207,0.0009514747859181732
cam516_w1,208,0.0
cam516_w1,209,0.0
cam516_w1,210,0.0
cam516_w1,211,0.004757373929590866
cam516_w1,212,0.0
cam516_w1,213,0.016175071360608945
cam516_w1,214,0.0
cam516_w1,215,0.004757373929590866
cam516_w1,216,0.015223596574690771
cam516_w1,217,0.007611798287345386
cam516_w1,218,0.09895337773549001
cam516_w1,219,0.09705042816365367
cam516_w1,220,0.046622264509990484
cam516_w1,221,0.0
cam516_w1,222,0.0009514747859181732
cam516_w1,223,0.003805899143672693
cam516_w1,224,0.0
cam516_w1,225,0.0
cam516_w1,226,0.0
cam516_w1,227,0.0
cam516_w1,228,0.0022900763358778627
cam516_w1,229,0.0
cam516_w1,230,0.029770992366412213
cam516_w1,231,0.0
cam516_w1,232,0.0
cam516_w1,233,0.0
cam516_w1,234,0.0
cam516_w1,235,0.0
cam516_w1,236,0.0
cam516_w1,237,0.0
cam516_w1,238,0.02748091603053435
cam516_w1,239,0.0366412213740458
cam516_w1,240,0.048091603053435114
cam516_w1,241,0.10229007633587786
cam516_w1,242,0.012213740458015267
cam516_w1,243,0.012213740458015267
cam516_w1,244,0.05801526717557252
cam516_w1,245,0.0900763358778626
cam516_w1,246,0.17557251908396945
cam516_w1,247,0.08015267175572519
cam516_w1,248,0.1534351145038168
cam516_w1,249,0.0916030534351145
cam516_w1,250,0.15267175572519084
cam516_w1,251,0.2450381679389313
cam516_w1,252,0.4259541984732824
cam516_w1,253,0.34885496183206105
cam516_w1,254,0.3114503816793893
cam516_w1,255,0.06946564885496183
cam516_w1,256,0.1183206106870229
cam516_w1,257,0.14427480916030536
cam516_w1,258,0.13511450381679388
cam516_w1,259,0.10305343511450382
cam516_w1,260,0.10076335877862595
cam516_w1,261,0.038931297709923665
cam516_w1,262,0.0
cam516_w1,263,0.0
cam516_w1,264,0.010687022900763359
cam516_w1,265,0.0
cam516_w1,266,0.020610687022900764
cam516_w1,267,0.004580152671755725
cam516_w1,268,0.0030534351145038168
cam516_w1,269,0.01603053435114504
cam516_w1,270,0.004580152671755725
cam516_w1,271,0.0450381679389313
cam516_w1,272,0.04885496183206107
cam516_w1,273,0.0
cam516_w1,274,0.01603053435114504
cam516_w1,275,0.03587786259541985
cam516_w1,276,0.01603053435114504
cam516_w1,277,0.025954198473282442
cam516_w1,278,0.0366412213740458
cam516_w1,279,0.016793893129770993
cam516_w1,280,0.01603053435114504
cam516_w1,281,0.03740458015267176
cam516_w1,282,0.022137404580152672
cam516_w1,283,0.0732824427480916
cam516_w1,284,0.08244274809160305
cam516_w1,285,0.15725190839694655
cam516_w1,286,0.1183206106870229
cam516_w1,287,0.10381679389312977
cam516_w1,288,0.050381679389312976
cam516_w1,289,0.4068702290076336
cam516_w1,290,0.010687022900763359
cam516_w1,291,0.050381679389312976
cam516_w1,292,0.015267175572519083
cam516_w1,293,0.011450381679389313
cam516_w1,294,0.06412213740458016
cam516_w1,295,0.03587786259541985
cam516_w1,296,0.11908396946564885
cam516_w1,297,0.048091603053435114
cam516_w1,298,0.025954198473282442
cam516_w1,299,0.02366412213740458
cam516_w1,300,0.003816793893129771
cam516_w1,301,0.0
cam516_w1,302,0.0
cam516_w1,303,0.0
cam516_w1,304,0.0
cam516_w1,305,0.0
cam516_w1,306,0.00303951367781155
cam516_w1,307,0.0
cam516_w1,308,0.0
cam516_w1,309,0.0013026487190620929
cam516_w1,310,0.0034737299174989146
cam516_w1,311,0.008250108554059922
cam516_w1,312,0.021710811984368215
cam516_w1,313,0.011289622231871473
cam516_w1,314,0.016500217108119844
cam516_w1,315,0.04602692140686062
cam516_w1,316,0.08727746417716023
cam516_w1,317,0.07946157186278767
cam516_w1,318,0.05167173252279635
cam516_w1,319,0.1328701693443335
cam516_w1,320,0.17108119843682154
cam516_w1,321,0.08727746417716023
cam516_w1,322,0.0364741641337386
cam516_w1,323,0.04950065132435953
cam516_w1,324,0.05254016500217108
cam516_w1,325,0.0316977854971776
cam516_w1,326,0.03430308293530178
cam516_w1,327,0.09335649153278333
cam516_w1,328,0.2713851498046027
cam516_w1,329,0.11854103343465046
cam516_w1,330,0.1033434650455927
cam516_w1,331,0.14893617021276595
cam516_w1,332,0.10594876248371689
cam516_w1,333,0.09900130264871906
cam516_w1,334,0.08163265306122448
cam516_w1,335,0.13026487190620928
cam516_w1,336,0.2839774207555363
cam516_w1,337,0.35214937038645244
cam516_w1,338,0.48936170212765956
cam516_w1,339,0.3069908814589666
cam516_w1,340,0.03690838037342597
cam516_w1,341,0.23273990447242726
cam516_w1,342,0.2935301780286583
cam516_w1,343,0.14676508901432914
cam516_w1,344,0.13417281806339557
cam516_w1,345,0.12462006079027356
cam516_w1,346,0.16977854971775944
cam516_w1,347,0.13330438558402083
cam516_w1,348,0.04211897524967434
cam516_w1,349,0.07034303082935302
cam516_w1,350,0.03603994789405124
cam516_w1,351,0.10508033000434217
cam516_w1,352,0.07381676074685194
cam516_w1,353,0.14285714285714285
cam516_w1,354,0.19062092922275292
cam516_w1,355,0.38124185844550584
cam516_w1,356,0.2883195831524099
cam516_w1,357,0.3391228831958315
cam516_w1,358,0.17933130699088146
cam516_w1,359,0.42249240121580545
cam516_w1,360,0.11289622231871473
cam516_w1,361,0.238384715588363
cam516_w1,362,0.05644811115935736
cam516_w1,363,0.056882327399044724
cam516_w1,364,0.07468519322622666
cam516_w1,365,0.04385584020842379
cam516_w1,366,0.1228831958315241
cam516_w1,367,0.1932262266608771
cam516_w1,368,0.3760312635692575
cam516_w1,369,0.47372991749891447
cam516_w1,370,0.1923577941815024
cam516_w1,371,0.09552757273122015
cam516_w1,372,0.1033434650455927
cam516_w1,373,0.20234476769431176
cam516_w1,374,0.1046461137646548
cam516_w1,375,0.019539730785931395
cam516_w3,1,0.010638297872340425
cam516_w3,2,0.0
cam516_w3,3,0.0
cam516_w3,4,0.09949937421777222
cam516_w3,5,0.017521902377972465
cam516_w3,6,0.2202753441802253
cam516_w3,7,0.004380475594493116
cam516_w3,8,0.04630788485607009
cam516_w3,9,0.0006257822277847309
cam516_w3,10,0.0
cam516_w3,11,0.0
cam516_w3,12,0.043178973717146435
cam516_w3,13,0.00688360450563204
cam516_w3,14,0.00688360450563204
cam516_w3,15,0.22403003754693368
cam516_w3,16,0.5500625782227785
cam516_w3,17,0.7453066332916145
cam516_w3,18,0.19962453066332916
cam516_w3,19,0.04818523153942428
cam516_w3,20,0.14643304130162704
cam516_w3,21,0.02065081351689612
cam516_w3,22,0.030037546933667083
cam516_w3,23,0.11514392991239049
cam516_w3,24,0.10763454317897372
cam516_w3,25,0.09949937421777222
cam516_w3,26,0.06633291614518148
cam516_w3,27,0.0
cam516_w3,28,0.015018773466833541
cam516_w3,29,0.02690863579474343
cam516_w3,30,0.023153942428035045
cam516_w3,31,0.040675844806007506
cam516_w3,32,0.06195244055068836
cam516_w3,33,0.03879849812265332
cam516_w3,34,0.052565707133917394
cam516_w3,35,0.014392991239048811
cam516_w3,36,0.02190237797246558
cam516_w3,37,0.0031289111389236545
cam516_w3,38,0.01939924906132666
cam516_w3,39,0.007509386733416771
cam516_w3,40,0.007509386733416771
cam516_w3,41,0.0
cam516_w3,42,0.011889862327909888
cam516_w3,43,0.004380475594493116
cam516_w3,44,0.0006257822277847309
cam516_w3,45,0.0025031289111389237
cam516_w3,46,0.0025031289111389237
cam516_w3,47,0.004380475594493116
cam516_w3,48,0.011889862327909888
cam516_w3,49,0.0
cam516_w3,50,0.017521902377972465
cam516_w3,51,0.0
cam516_w3,52,0.010012515644555695
cam516_w3,53,0.10450563204005006
cam516_w3,54,0.02690863579474343
cam516_w3,55,0.02190237797246558
cam516_w3,56,0.012515644555694618
cam516_w3,57,0.1858573216520651
cam516_w3,58,0.29662077596996245
cam516_w3,59,0.2146433041301627
cam516_w3,60,0.03566958698372966
cam516_w3,61,0.3072590738423029
cam516_w3,62,0.09574468085106383
cam516_w3,63,0.399874843554443
cam516_w3,64,0.14956195244055068
cam516_w3,65,0.1439299123904881
cam516_w3,66,0.044430538172715896
cam516_w3,67,0.056320400500625784
cam516_w3,68,0.030663329161451813
cam516_w3,69,0.12265331664580725
cam516_w3,70,0.03254067584480601
cam516_w3,71,0.03254067584480601
cam516_w3,72,0.0031289111389236545
cam516_w3,73,0.0
cam516_w3,74,0.0
cam516_w3,75,0.0
cam516_w3,76,0.0
cam516_w3,77,0.0
cam516_w3,78,0.0
cam516_w3,79,0.0
cam516_w3,80,0.0
cam516_w3,81,0.0
cam516_w3,82,0.0
cam516_w3,83,0.0
cam516_w3,84,0.0
cam516_w3,85,0.19651056014692378
cam516_w3,86,0.2865013774104683
cam516_w3,87,0.472910927456382
cam516_w3,88,0.6290174471992653
cam516_w3,89,0.12764003673094582
cam516_w3,90,0.4150596877869605
cam516_w3,91,0.6382001836547291
cam516_w3,92,0.3544536271808999
cam516_w3,93,0.9237832874196511
cam516_w3,94,0.21487603305785125
cam516_w3,95,0.09182736455463728
cam516_w3,96,0.21212121212121213
cam516_w3,97,0.0
cam516_w3,98,0.0
cam516_w3,99,0.0
cam516_w3,100,0.0009182736455463728
cam516_w3,101,0.05234159779614325
cam516_w3,102,0.2598714416896235
cam516_w3,103,0.0
cam516_w3,104,0.45362718089990817
cam516_w3,105,0.2745638200183655
cam516_w3,106,0.5821854912764004
cam516_w3,107,0.9274563820018366
cam516_w3,108,0.9494949494949495
cam516_w3,109,0.30945821854912764
cam516_w3,110,0.10101010101010101
cam516_w3,111,0.4527089072543618
cam516_w3,112,0.07529843893480258
cam516_w3,113,0.44719926538108357
cam516_w3,114,0.3838383838383838
cam516_w3,115,0.006427915518824609
cam516_w3,116,0.015610651974288337
cam516_w3,117,0.0
cam516_w3,118,0.0
cam516_w3,119,0.0
cam516_w3,120,0.009182736455463728
cam516_w3,121,0.4279155188246097
cam516_w3,122,0.30670339761248855
cam516_w3,123,0.21763085399449036
cam516_w3,124,0.03581267217630854
cam516_w3,125,0.0
cam516_w3,126,0.14692378328741965
cam516_w3,127,0.1753902662993572
cam516_w3,128,0.07621671258034894
cam516_w3,129,0.004591368227731864
cam516_w3,130,0.009182736455463728
cam516_w3,131,0.17355371900826447
cam516_w3,132,0.11937557392102846
cam516_w3,133,0.0036730945821854912
cam516_w3,134,0.0
cam516_w3,135,0.0
cam516_w3,136,0.03581267217630854
cam516_w3,137,0.03305785123966942
cam516_w3,138,0.0
cam516_w3,139,0.0
cam516_w3,140,0.05785123966942149
cam516_w3,141,0.010101010101010102
cam516_w3,142,0.07621671258034894
cam516_w3,143,0.0
cam516_w3,144,0.08080808080808081
cam516_w3,145,0.006427915518824609
cam516_w3,146,0.008264462809917356
cam516_w3,147,0.0
cam516_w3,148,0.0
cam516_w3,149,0.0
cam516_w3,150,0.0
cam516_w3,151,0.0
cam516_w3,152,0.0
cam516_w3,153,0.0
cam516_w3,154,0.0
cam516_w3,155,0.0
cam516_w3,156,0.0
cam516_w3,157,0.0
cam516_w3,158,0.0
cam516_w3,159,0.0
cam516_w3,160,0.006398537477148081
cam516_w3,161,0.0
cam516_w3,162,0.022851919561243144
cam516_w3,163,0.0
cam516_w3,164,0.004570383912248629
cam516_w3,165,0.0
cam516_w3,166,0.0
cam516_w3,167,0.013711151736745886
cam516_w3,168,0.044789762340036565
cam516_w3,169,0.04296160877513711
cam516_w3,170,0.5502742230347349
cam516_w3,171,0.8628884826325411
cam516_w3,172,0.7925045703839122
cam516_w3,173,0.8363802559414991
cam516_w3,174,0.05393053016453382
cam516_w3,175,0.47714808043875684
cam516_w3,176,0.8455210237659964
cam516_w3,177,0.676416819012797
cam516_w3,178,0.8729433272394881
cam516_w3,179,0.8455210237659964
cam516_w3,180,0.11608775137111517
cam516_w3,181,0.044789762340036565
cam516_w3,182,0.008226691042047532
cam516_w3,183,0.012797074954296161
cam516_w3,184,0.003656307129798903
cam516_w3,185,0.010054844606946984
cam516_w3,186,0.04936014625228519
cam516_w3,187,0.04113345521023766
cam516_w3,188,0.06672760511882998
cam516_w3,189,0.05758683729433273
cam516_w3,190,0.0
cam516_w3,191,0.004570383912248629
cam516_w3,192,0.010968921389396709
cam516_w3,193,0.004570383912248629
cam516_w3,194,0.031992687385740404
cam516_w3,195,0.012797074954296161
cam516_w3,196,0.0
cam516_w3,197,0.007312614259597806
cam516_w3,198,0.009140767824497258
cam516_w3,199,0.0
cam516_w3,200,0.007312614259597806
cam516_w3,201,0.0009140767824497258
cam516_w3,202,0.02010968921389397
cam516_w3,203,0.009140767824497258
cam516_w3,204,0.0009140767824497258
cam516_w3,205,0.0
cam516_w3,206,0.04021937842778794
cam516_w3,207,0.04661791590493602
cam516_w3,208,0.0
cam516_w3,209,0.0
cam516_w3,210,0.026508226691042046
cam516_w3,211,0.003656307129798903
cam516_w3,212,0.0356489945155393
cam516_w3,213,0.0
cam516_w3,214,0.0
cam516_w3,215,0.006398537477148081
cam516_w3,216,0.031992687385740404
cam516_w3,217,0.04936014625228519
cam516_w3,218,0.113345521023766
cam516_w3,219,0.0009140767824497258
cam516_w3,220,0.031992687385740404
cam516_w3,221,0.0
cam516_w3,222,0.0
cam516_w3,223,0.005484460694698354
cam516_w3,224,0.005484460694698354
cam516_w3,225,0.0
cam516_w3,226,0.0
cam516_w3,227,0.0
cam516_w3,228,0.0
cam516_w3,229,0.0007552870090634441
cam516_w3,230,0.0
cam516_w3,231,0.0
cam516_w3,232,0.0015105740181268882
cam516_w3,233,0.0
cam516_w3,234,0.0
cam516_w3,235,0.006042296072507553
cam516_w3,236,0.0
cam516_w3,237,0.0015105740181268882
cam516_w3,238,0.0
cam516_w3,239,0.0
cam516_w3,240,0.027190332326283987
cam516_w3,241,0.04154078549848943
cam516_w3,242,0.02190332326283988
cam516_w3,243,0.045317220543806644
cam516_w3,244,0.030211480362537766
cam516_w3,245,0.1540785498489426
cam516_w3,246,0.03323262839879154
cam516_w3,247,0.17749244712990936
cam516_w3,248,0.16389728096676737
cam516_w3,249,0.03172205438066465
cam516_w3,250,0.07175226586102719
cam516_w3,251,0.11329305135951662
cam516_w3,252,0.2243202416918429
cam516_w3,253,0.021148036253776436
cam516_w3,254,0.023413897280966767
cam516_w3,255,0.027190332326283987
cam516_w3,256,0.03851963746223565
cam516_w3,257,0.1555891238670695
cam516_w3,258,0.0581570996978852
cam516_w3,259,0.026435045317220542
cam516_w3,260,0.09592145015105741
cam516_w3,261,0.04305135951661632
cam516_w3,262,0.1299093655589124
cam516_w3,263,0.01812688821752266
cam516_w3,264,0.03851963746223565
cam516_w3,265,0.26963746223564955
cam516_w3,266,0.14274924471299094
cam516_w3,267,0.09743202416918428
cam516_w3,268,0.02039274924471299
cam516_w3,269,0.03625377643504532
cam516_w3,270,0.10800604229607251
cam516_w3,271,0.07477341389728097
cam516_w3,272,0.03851963746223565
cam516_w3,273,0.0
cam516_w3,274,0.0007552870090634441
cam516_w3,275,0.0075528700906344415
cam516_w3,276,0.0007552870090634441
cam516_w3,277,0.008308157099697885
cam516_w3,278,0.006042296072507553
cam516_w3,279,0.0
cam516_w3,280,0.030211480362537766
cam516_w3,281,0.026435045317220542
cam516_w3,282,0.033987915407854986
cam516_w3,283,0.0445619335347432
cam516_w3,284,0.12764350453172205
cam516_w3,285,0.006797583081570997
cam516_w3,286,0.0022658610271903325
cam516_w3,287,0.3119335347432024
cam516_w3,288,0.04909365558912387
cam516_w3,289,0.0030211480362537764
cam516_w3,290,0.019637462235649546
cam516_w3,291,0.017371601208459216
cam516_w3,292,0.05060422960725076
cam516_w3,293,0.035498489425981876
cam516_w3,294,0.03323262839879154
cam516_w3,295,0.11404833836858005
cam516_w3,296,0.04154078549848943
cam516_w3,297,0.0256797583081571
cam516_w3,298,0.0
cam516_w3,299,0.04078549848942598
cam516_w3,300,0.022658610271903322
cam516_w3,301,0.013163668275559455
cam516_w3,302,0.0
cam516_w3,303,0.0
cam516_w3,304,0.014041246160596753
cam516_w3,305,0.0
cam516_w3,306,0.0
cam516_w3,307,0.0
cam516_w3,308,0.00307152259763054
cam516_w3,309,0.004826678367705134
cam516_w3,310,0.02413339183852567
cam516_w3,311,0.21105748135146996
cam516_w3,312,0.03290917068889864
cam516_w3,313,0.13821851689337428
cam516_w3,314,0.1737604212373848
cam516_w3,315,0.0
cam516_w3,316,0.04738920579201404
cam516_w3,317,0.13119789381307592
cam516_w3,318,0.027643703378674857
cam516_w3,319,0.07898200965335674
cam516_w3,320,0.15620886353663888
cam516_w3,321,0.1943835015357613
cam516_w3,322,0.1421676173760421
cam516_w3,323,0.07152259763053971
cam516_w3,324,0.0759104870557262
cam516_w3,325,0.19745502413339183
cam516_w3,326,0.15928038613426942
cam516_w3,327,0.3260201842913559
cam516_w3,328,0.12242211496270294
cam516_w3,329,0.13426941641070644
cam516_w3,330,0.13470820535322509
cam516_w3,331,0.1057481351469943
cam516_w3,332,0.14041246160596754
cam516_w3,333,0.24352786309784993
cam516_w3,334,0.058797718297498906
cam516_w3,335,0.11496270293988592
cam516_w3,336,0.20666959192628345
cam516_w3,337,0.3119789381307591
cam516_w3,338,0.16805616498464238
cam516_w3,339,0.1553312856516016
cam516_w3,340,0.10092145677928917
cam516_w3,341,0.046511627906976744
cam516_w3,342,0.11408512505484862
cam516_w3,343,0.2079859587538394
cam516_w3,344,0.07196138657305835
cam516_w3,345,0.027643703378674857
cam516_w3,346,0.055287406757349715
cam516_w3,347,0.08380868802106187
cam516_w3,348,0.15050460728389645
cam516_w3,349,0.16761737604212373
cam516_w3,350,0.12242211496270294
cam516_w3,351,0.004826678367705134
cam516_w3,352,0.21456779289161912
cam516_w3,353,0.02720491443615621
cam516_w3,354,0.1961386573058359
cam516_w3,355,0.1899956121105748
cam516_w3,356,0.0434401053093462
cam516_w3,357,0.11408512505484862
cam516_w3,358,0.22641509433962265
cam516_w3,359,0.45326897762176394
cam516_w3,360,0.27073277753400615
cam516_w3,361,0.008336989907854322
cam516_w3,362,0.0434401053093462
cam516_w3,363,0.12373848179025888
cam516_w3,364,0.13514699429574376
cam516_w3,365,0.2544975866608161
cam516_w3,366,0.054848617814831066
cam516_w3,367,0.028082492321193506
cam516_w3,368,0.0451952610794208
cam516_w3,369,0.051777095217200524
cam516_w3,370,0.2071083808688021
cam516_w3,371,0.14260640631856078
cam516_w3,372,0.06976744186046512
cam516_w3,373,0.04738920579201404
cam516_w3,374,0.01491882404563405
cam516_w3,375,0.017990346643264588
cam516_w4,1,0.0
cam516_w4,2,0.0
cam516_w4,3,0.0
cam516_w4,4,0.0057361376673040155
cam516_w4,5,0.011472275334608031
cam516_w4,6,0.029318036966220522
cam516_w4,7,0.0
cam516_w4,8,0.0012746972594008922
cam516_w4,9,0.1988527724665392
cam516_w4,10,0.11982154238368388
cam516_w4,11,0.009560229445506692
cam516_w4,12,0.35181644359464626
cam516_w4,13,0.007010834926704908
cam516_w4,14,0.29764181007010837
cam516_w4,15,0.25111536010197577
cam516_w4,16,0.6551943913320586
cam516_w4,17,0.7495219885277247
cam516_w4,18,0.34480560866794135
cam516_w4,19,0.4002549394518802
cam516_w4,20,0.5583173996175909
cam516_w4,21,0.3753983428935628
cam516_w4,22,0.5576800509878904
cam516_w4,23,0.1701720841300191
cam516_w4,24,0.004461440407903123
cam516_w4,25,0.10579987253027406
cam516_w4,26,0.8266411727214786
cam516_w4,27,0.11663479923518165
cam516_w4,28,0.012109623964308477
cam516_w4,29,0.0331421287444232
cam516_w4,30,0.1147227533460803
cam516_w4,31,0.019120458891013385
cam516_w4,32,0.27405991077119185
cam516_w4,33,0.2536647546207776
cam516_w4,34,0.022307202039515615
cam516_w4,35,0.043339706819630335
cam516_w4,36,0.0
cam516_w4,37,0.009560229445506692
cam516_w4,38,0.004461440407903123
cam516_w4,39,0.014659018483110261
cam516_w4,40,0.025493945188017845
cam516_w4,41,0.0
cam516_w4,42,0.010834926704907584
cam516_w4,43,0.0006373486297004461
cam516_w4,44,0.017208413001912046
cam516_w4,45,0.025493945188017845
cam516_w4,46,0.01338432122370937
cam516_w4,47,0.1089866156787763
cam516_w4,48,0.0012746972594008922
cam516_w4,49,0.01338432122370937
cam516_w4,50,0.0012746972594008922
cam516_w4,51,0.0
cam516_w4,52,0.006373486297004461
cam516_w4,53,0.014659018483110261
cam516_w4,54,0.014021669853409816
cam516_w4,55,0.019757807520713832
cam516_w4,56,0.030592734225621414
cam516_w4,57,0.004461440407903123
cam516_w4,58,0.10261312938177183
cam516_w4,59,0.05035054174633524
cam516_w4,60,0.10452517527087317
cam516_w4,61,0.06309751434034416
cam516_w4,62,0.024219247928616953
cam516_w4,63,0.082855321861058
cam516_w4,64,0.03824091778202677
cam516_w4,65,0.0815806246016571
cam516_w4,66,0.124282982791587
cam516_w4,67,0.06947100063734862
cam516_w4,68,0.07074569789674952
cam516_w4,69,0.14021669853409816
cam516_w4,70,0.0497131931166348
cam516_w4,71,0.008922880815806247
cam516_w4,72,0.0082855321861058
cam516_w4,73,0.0
cam516_w4,74,0.0025493945188017845
cam516_w4,75,0.0
cam516_w4,76,0.0
cam516_w4,77,0.0
cam516_w4,78,0.0
cam516_w4,79,0.0
cam516_w4,80,0.0
cam516_w4,81,0.0
cam516_w4,82,0.0
cam516_w4,83,0.23569350145489815
cam516_w4,84,0.44422890397672166
cam516_w4,85,0.49757516973811833
cam516_w4,86,0.1842870999030068
cam516_w4,87,0.02424830261881668
cam516_w4,88,0.18331716779825413
cam516_w4,89,0.5557710960232783
cam516_w4,90,0.07856450048496605
cam516_w4,91,0.12900096993210475
cam516_w4,92,0.8292919495635306
cam516_w4,93,0.4713870029097963
cam516_w4,94,0.26285160038797284
cam516_w4,95,0.1755577109602328
cam516_w4,96,0.8632395732298739
cam516_w4,97,0.49466537342386036
cam516_w4,98,0.10863239573229874
cam516_w4,99,0.0475266731328807
cam516_w4,100,0.7332686711930165
cam516_w4,101,0.2735208535402522
cam516_w4,102,0.20562560620756548
cam516_w4,103,0.0
cam516_w4,104,0.0
cam516_w4,105,0.0
cam516_w4,106,0.0
cam516_w4,107,0.05140640155189137
cam516_w4,108,0.0
cam516_w4,109,0.05916585838991271
cam516_w4,110,0.0921435499515034
cam516_w4,111,0.0
cam516_w4,112,0.0
cam516_w4,113,0.0
cam516_w4,114,0.0
cam516_w4,115,0.0
cam516_w4,116,0.0
cam516_w4,117,0.0
cam516_w4,118,0.0
cam516_w4,119,0.0
cam516_w4,120,0.0
cam516_w4,121,0.03200775945683802
cam516_w4,122,0.0
cam516_w4,123,0.0
cam516_w4,124,0.0
cam516_w4,125,0.0009699321047526673
cam516_w4,126,0.0
cam516_w4,127,0.0
cam516_w4,128,0.0
cam516_w4,129,0.0475266731328807
cam516_w4,130,0.0
cam516_w4,131,0.0
cam516_w4,132,0.013579049466537343
cam516_w4,133,0.020368574199806012
cam516_w4,134,0.0
cam516_w4,135,0.0
cam516_w4,136,0.0
cam516_w4,137,0.0
cam516_w4,138,0.0
cam516_w4,139,0.0
cam516_w4,140,0.0
cam516_w4,141,0.0
cam516_w4,142,0.0019398642095053346
cam516_w4,143,0.0038797284190106693
cam516_w4,144,0.0
cam516_w4,145,0.006789524733268671
cam516_w4,146,0.0
cam516_w4,147,0.0
cam516_w4,148,0.0
cam516_w4,149,0.0
cam516_w4,150,0.0
cam516_w4,151,0.0
cam516_w4,152,0.0
cam516_w4,153,0.0
cam516_w4,154,0.0
cam516_w4,155,0.008226691042047532
cam516_w4,156,0.0
cam516_w4,157,0.0
cam516_w4,158,0.0
cam516_w4,159,0.0
cam516_w4,160,0.0
cam516_w4,161,0.0
cam516_w4,162,0.0
cam516_w4,163,0.0009140767824497258
cam516_w4,164,0.06946983546617916
cam516_w4,165,0.0018281535648994515
cam516_w4,166,0.050274223034734916
cam516_w4,167,0.05941499085923217
cam516_w4,168,0.027422303473491772
cam516_w4,169,0.09323583180987204
cam516_w4,170,0.1480804387568556
cam516_w4,171,0.350091407678245
cam516_w4,172,0.06672760511882998
cam516_w4,173,0.49177330895795246
cam516_w4,174,0.2522851919561243
cam516_w4,175,0.6261425959780622
cam516_w4,176,0.6115173674588665
cam516_w4,177,0.5493601462522852
cam516_w4,178,0.1170018281535649
cam516_w4,179,0.2842778793418647
cam516_w4,180,0.3692870201096892
cam516_w4,181,0.31992687385740404
cam516_w4,182,0.019195612431444242
cam516_w4,183,0.012797074954296161
cam516_w4,184,0.013711151736745886
cam516_w4,185,0.05301645338208409
cam516_w4,186,0.4670932358318099
cam516_w4,187,0.38939670932358317
cam516_w4,188,0.16544789762340037
cam516_w4,189,0.016453382084095063
cam516_w4,190,0.0
cam516_w4,191,0.0
cam516_w4,192,0.003656307129798903
cam516_w4,193,0.29341864716636196
cam516_w4,194,0.04296160877513711
cam516_w4,195,0.04204753199268738
cam516_w4,196,0.34277879341864714
cam516_w4,197,0.5109689213893968
cam516_w4,198,0.06764168190127971
cam516_w4,199,0.016453382084095063
cam516_w4,200,0.010054844606946984
cam516_w4,201,0.015539305301645339
cam516_w4,202,0.010054844606946984
cam516_w4,203,0.0018281535648994515
cam516_w4,204,0.019195612431444242
cam516_w4,205,0.08775137111517367
cam516_w4,206,0.11151736745886655
cam516_w4,207,0.06398537477148081
cam516_w4,208,0.05850091407678245
cam516_w4,209,0.010054844606946984
cam516_w4,210,0.05758683729433273
cam516_w4,211,0.0009140767824497258
cam516_w4,212,0.0
cam516_w4,213,0.004570383912248629
cam516_w4,214,0.061243144424131625
cam516_w4,215,0.007312614259597806
cam516_w4,216,0.054844606946983544
cam516_w4,217,0.07221206581352833
cam516_w4,218,0.0009140767824497258
cam516_w4,219,0.0
cam516_w4,220,0.004570383912248629
cam516_w4,221,0.0
cam516_w4,222,0.002742230347349177
cam516_w4,223,0.0
cam516_w4,224,0.0
cam516_w4,225,0.0
cam516_w4,226,0.0
cam516_w4,227,0.0
cam516_w4,228,0.0
cam516_w4,229,0.0
cam516_w4,230,0.0015267175572519084
cam516_w4,231,0.013740458015267175
cam516_w4,232,0.0
cam516_w4,233,0.0
cam516_w4,234,0.0
cam516_w4,235,0.011450381679389313
cam516_w4,236,0.0022900763358778627
cam516_w4,237,0.0
cam516_w4,238,0.05419847328244275
cam516_w4,239,0.007633587786259542
cam516_w4,240,0.035114503816793895
cam516_w4,241,0.1435114503816794
cam516_w4,242,0.021374045801526718
cam516_w4,243,0.0053435114503816794
cam516_w4,244,0.004580152671755725
cam516_w4,245,0.020610687022900764
cam516_w4,246,0.0183206106870229
cam516_w4,247,0.0366412213740458
cam516_w4,248,0.06259541984732825
cam516_w4,249,0.22137404580152673
cam516_w4,250,0.35419847328244275
cam516_w4,251,0.15725190839694655
cam516_w4,252,0.47938931297709925
cam516_w4,253,0.03587786259541985
cam516_w4,254,0.17786259541984734
cam516_w4,255,0.28473282442748094
cam516_w4,256,0.17557251908396945
cam516_w4,257,0.16793893129770993
cam516_w4,258,0.3564885496183206
cam516_w4,259,0.03587786259541985
cam516_w4,260,0.035114503816793895
cam516_w4,261,0.03969465648854962
cam516_w4,262,0.1083969465648855
cam516_w4,263,0.22366412213740458
cam516_w4,264,0.2183206106870229
cam516_w4,265,0.1984732824427481
cam516_w4,266,0.055725190839694655
cam516_w4,267,0.3183206106870229
cam516_w4,268,0.30305343511450383
cam516_w4,269,0.31755725190839695
cam516_w4,270,0.12290076335877863
cam516_w4,271,0.05801526717557252
cam516_w4,272,0.08854961832061069
cam516_w4,273,0.22900763358778625
cam516_w4,274,0.03969465648854962
cam516_w4,275,0.025954198473282442
cam516_w4,276,0.01984732824427481
cam516_w4,277,0.19618320610687023
cam516_w4,278,0.17557251908396945
cam516_w4,279,0.13358778625954199
cam516_w4,280,0.0900763358778626
cam516_w4,281,0.2534351145038168
cam516_w4,282,0.283206106870229
cam516_w4,283,0.061068702290076333
cam516_w4,284,0.11374045801526718
cam516_w4,285,0.03587786259541985
cam516_w4,286,0.024427480916030534
cam516_w4,287,0.07633587786259542
cam516_w4,288,0.0022900763358778627
cam516_w4,289,0.00916030534351145
cam516_w4,290,0.0
cam516_w4,291,0.04351145038167939
cam516_w4,292,0.0
cam516_w4,293,0.019083969465648856
cam516_w4,294,0.0
cam516_w4,295,0.04732824427480916
cam516_w4,296,0.01603053435114504
cam516_w4,297,0.07022900763358779
cam516_w4,298,0.0183206106870229
cam516_w4,299,0.03206106870229008
cam516_w4,300,0.003816793893129771
cam516_w4,301,0.0008684324793747286
cam516_w4,302,0.0
cam516_w4,303,0.0
cam516_w4,304,0.0
cam516_w4,305,0.0
cam516_w4,306,0.0021710811984368217
cam516_w4,307,0.0
cam516_w4,308,0.0
cam516_w4,309,0.0
cam516_w4,310,0.0004342162396873643
cam516_w4,311,0.0004342162396873643
cam516_w4,312,0.013894919669995658
cam516_w4,313,0.0039079461571862786
cam516_w4,314,0.007815892314372557
cam516_w4,315,0.03517151541467651
cam516_w4,316,0.013894919669995658
cam516_w4,317,0.005210594876248371
cam516_w4,318,0.018671298306556665
cam516_w4,319,0.0060790273556231
cam516_w4,320,0.03994789405123752
cam516_w4,321,0.06252713851498046
cam516_w4,322,0.06600086843247938
cam516_w4,323,0.08206686930091185
cam516_w4,324,0.07598784194528875
cam516_w4,325,0.15501519756838905
cam516_w4,326,0.03907946157186279
cam516_w4,327,0.09465914025184542
cam516_w4,328,0.06817194963091619
cam516_w4,329,0.15979157620495008
cam516_w4,330,0.06904038211029093
cam516_w4,331,0.059921841076856275
cam516_w4,332,0.19539730785931395
cam516_w4,333,0.0364741641337386
cam516_w4,334,0.08163265306122448
cam516_w4,335,0.13417281806339557
cam516_w4,336,0.19018671298306555
cam516_w4,337,0.2275293095961789
cam516_w4,338,0.03603994789405124
cam516_w4,339,0.13677811550151975
cam516_w4,340,0.15284411636995224
cam516_w4,341,0.028658271819366043
cam516_w4,342,0.03907946157186279
cam516_w4,343,0.14329135909683022
cam516_w4,344,0.20755536257056015
cam516_w4,345,0.14546244029526703
cam516_w4,346,0.03864524533217542
cam516_w4,347,0.1519756838905775
cam516_w4,348,0.12418584455058619
cam516_w4,349,0.011289622231871473
cam516_w4,350,0.03300043421623969
cam516_w4,351,0.04429005644811116
cam516_w4,352,0.00303951367781155
cam516_w4,353,0.1654363873208858
cam516_w4,354,0.021710811984368215
cam516_w4,355,0.02301346070343031
cam516_w4,356,0.11767260095527572
cam516_w4,357,0.06382978723404255
cam516_w4,358,0.03256621797655232
cam516_w4,359,0.2153712548849327
cam516_w4,360,0.14806773773339124
cam516_w4,361,0.08771168041684758
cam516_w4,362,0.16109422492401215
cam516_w4,363,0.15848892748588797
cam516_w4,364,0.28050369083803733
cam516_w4,365,0.13460703430308293
cam516_w4,366,0.11897524967433783
cam516_w4,367,0.06382978723404255
cam516_w4,368,0.05557967867998263
cam516_w4,369,0.010855405992184108
cam516_w4,370,0.014763352149370386
cam516_w4,371,0.0017368649587494573
cam516_w4,372,0.02040816326530612
cam516_w4,373,0.0
cam516_w4,374,0.049066435084672164
cam516_w4,375,0.06382978723404255
cam516_w5,1,0.0
cam516_w5,2,0.0006257822277847309
cam516_w5,3,0.0
cam516_w5,4,0.0
cam516_w5,5,0.0
cam516_w5,6,0.0
cam516_w5,7,0.008135168961201502
cam516_w5,8,0.17271589486858574
cam516_w5,9,0.0
cam516_w5,10,0.17334167709637047
cam516_w5,11,0.6939924906132666
cam516_w5,12,0.4924906132665832
cam516_w5,13,0.1276595744680851
cam516_w5,14,0.3579474342928661
cam516_w5,15,0.0
cam516_w5,16,0.0
cam516_w5,17,0.024405506883604506
cam516_w5,18,0.057571964956195244
cam516_w5,19,0.09574468085106383
cam516_w5,20,0.3304130162703379
cam516_w5,21,0.43929912390488113
cam516_w5,22,0.7803504380475594
cam516_w5,23,0.004380475594493116
cam516_w5,24,0.0869837296620776
cam516_w5,25,0.0
cam516_w5,26,0.009386733416770964
cam516_w5,27,0.0425531914893617
cam516_w5,28,0.46871088861076343
cam516_w5,29,0.5118898623279099
cam516_w5,30,0.1858573216520651
cam516_w5,31,0.08010012515644556
cam516_w5,32,0.009386733416770964
cam516_w5,33,0.07133917396745933
cam516_w5,34,0.11702127659574468
cam516_w5,35,0.0
cam516_w5,36,0.0
cam516_w5,37,0.0
cam516_w5,38,0.015018773466833541
cam516_w5,39,0.06382978723404255
cam516_w5,40,0.026282853566958697
cam516_w5,41,0.024405506883604506
cam516_w5,42,0.0050062578222778474
cam516_w5,43,0.2202753441802253
cam516_w5,44,0.13829787234042554
cam516_w5,45,0.07509386733416772
cam516_w5,46,0.24155193992490614
cam516_w5,47,0.21839799749687108
cam516_w5,48,0.3053817271589487
cam516_w5,49,0.02065081351689612
cam516_w5,50,0.030663329161451813
cam516_w5,51,0.09073842302878599
cam516_w5,52,0.09324155193992491
cam516_w5,53,0.058823529411764705
cam516_w5,54,0.05006257822277847
cam516_w5,55,0.14205256570713393
cam516_w5,56,0.4430538172715895
cam516_w5,57,0.23404255319148937
cam516_w5,58,0.04130162703379224
cam516_w5,59,0.015018773466833541
cam516_w5,60,0.0050062578222778474
cam516_w5,61,0.09762202753441802
cam516_w5,62,0.04693366708385482
cam516_w5,63,0.16520650813516896
cam516_w5,64,0.07008760951188986
cam516_w5,65,0.1939924906132666
cam516_w5,66,0.2647058823529412
cam516_w5,67,0.17146433041301626
cam516_w5,68,0.040675844806007506
cam516_w5,69,0.038172715894868585
cam516_w5,70,0.0
cam516_w5,71,0.0
cam516_w5,72,0.004380475594493116
cam516_w5,73,0.009386733416770964
cam516_w5,74,0.013141426783479349
cam516_w5,75,0.0
cam516_w5,76,0.0
cam516_w5,77,0.0
cam516_w5,78,0.002742230347349177
cam516_w5,79,0.0
cam516_w5,80,0.0018281535648994515
cam516_w5,81,0.0
cam516_w5,82,0.0
cam516_w5,83,0.0
cam516_w5,84,0.0
cam516_w5,85,0.0
cam516_w5,86,0.0
cam516_w5,87,0.006398537477148081
cam516_w5,88,0.0
cam516_w5,89,0.0
cam516_w5,90,0.0
cam516_w5,91,0.0
cam516_w5,92,0.0
cam516_w5,93,0.02102376599634369
cam516_w5,94,0.09506398537477148
cam516_w5,95,0.13071297989031078
cam516_w5,96,0.4936014625228519
cam516_w5,97,0.5319926873857403
cam516_w5,98,0.8893967093235832
cam516_w5,99,0.5146252285191956
cam516_w5,100,0.1745886654478976
cam516_w5,101,0.5712979890310786
cam516_w5,102,0.4725776965265082
cam516_w5,103,0.7330895795246801
cam516_w5,104,0.0
cam516_w5,105,0.0
cam516_w5,106,0.11974405850091407
cam516_w5,107,0.08592321755027423
cam516_w5,108,0.09689213893967093
cam516_w5,109,0.43875685557586835
cam516_w5,110,0.6197440585009141
cam516_w5,111,0.5493601462522852
cam516_w5,112,0.14076782449725778
cam516_w5,113,0.27056672760511885
cam516_w5,114,0.05758683729433273
cam516_w5,115,0.12522851919561243
cam516_w5,116,0.5027422303473492
cam516_w5,117,0.021937842778793418
cam516_w5,118,0.0
cam516_w5,119,0.0
cam516_w5,120,0.02376599634369287
cam516_w5,121,0.031992687385740404
cam516_w5,122,0.19378427787934185
cam516_w5,123,0.6407678244972578
cam516_w5,124,0.9497257769652651
cam516_w5,125,0.7248628884826326
cam516_w5,126,0.20658135283363802
cam516_w5,127,0.012797074954296161
cam516_w5,128,0.06672760511882998
cam516_w5,129,0.3235831809872029
cam516_w5,130,0.33180987202925044
cam516_w5,131,0.009140767824497258
cam516_w5,132,0.10603290676416818
cam516_w5,133,0.2303473491773309
cam516_w5,134,0.10694698354661791
cam516_w5,135,0.0
cam516_w5,136,0.0
cam516_w5,137,0.005484460694698354
cam516_w5,138,0.0009140767824497258
cam516_w5,139,0.0
cam516_w5,140,0.0
cam516_w5,141,0.003656307129798903
cam516_w5,142,0.027422303473491772
cam516_w5,143,0.016453382084095063
cam516_w5,144,0.04021937842778794
cam516_w5,145,0.016453382084095063
cam516_w5,146,0.0
cam516_w5,147,0.0
cam516_w5,148,0.0
cam516_w5,149,0.0
cam516_w5,150,0.0
cam516_w5,151,0.0
cam516_w5,152,0.0
cam516_w5,153,0.0
cam516_w5,154,0.0
cam516_w5,155,0.0
cam516_w5,156,0.0
cam516_w5,157,0.0
cam516_w5,158,0.0
cam516_w5,159,0.0
cam516_w5,160,0.0
cam516_w5,161,0.03243744207599629
cam516_w5,162,0.16774791473586653
cam516_w5,163,0.013901760889712697
cam516_w5,164,0.0
cam516_w5,165,0.0
cam516_w5,166,0.0
cam516_w5,167,0.0
cam516_w5,168,0.0
cam516_w5,169,0.04541241890639481
cam516_w5,170,0.04911955514365153
cam516_w5,171,0.14087117701575533
cam516_w5,172,0.06580166821130677
cam516_w5,173,0.3345690454124189
cam516_w5,174,0.3290083410565338
cam516_w5,175,0.2344763670064875
cam516_w5,176,0.27710843373493976
cam516_w5,177,0.8007414272474513
cam516_w5,178,0.7201112140871178
cam516_w5,179,0.6107506950880445
cam516_w5,180,0.8591288229842446
cam516_w5,181,0.2706209453197405
cam516_w5,182,0.13438368860055608
cam516_w5,183,0.44207599629286376
cam516_w5,184,0.8517145505097312
cam516_w5,185,0.4643188137164041
cam516_w5,186,0.0
cam516_w5,187,0.021316033364226137
cam516_w5,188,0.0
cam516_w5,189,0.0
cam516_w5,190,0.0
cam516_w5,191,0.0
cam516_w5,192,0.0
cam516_w5,193,0.0
cam516_w5,194,0.015755329008341055
cam516_w5,195,0.0009267840593141798
cam516_w5,196,0.012974976830398516
cam516_w5,197,0.0009267840593141798
cam516_w5,198,0.0
cam516_w5,199,0.011121408711770158
cam516_w5,200,0.015755329008341055
cam516_w5,201,0.0
cam516_w5,202,0.0
cam516_w5,203,0.024096385542168676
cam516_w5,204,0.03151065801668211
cam516_w5,205,0.09731232622798888
cam516_w5,206,0.0
cam516_w5,207,0.027803521779425393
cam516_w5,208,0.08897126969416126
cam516_w5,209,0.0037071362372567192
cam516_w5,210,0.0
cam516_w5,211,0.0
cam516_w5,212,0.0
cam516_w5,213,0.022242817423540315
cam516_w5,214,0.009267840593141797
cam516_w5,215,0.0027803521779425394
cam516_w5,216,0.0
cam516_w5,217,0.012974976830398516
cam516_w5,218,0.012974976830398516
cam516_w5,219,0.014828544949026877
cam516_w5,220,0.061167747914735865
cam516_w5,221,0.014828544949026877
cam516_w5,222,0.0
cam516_w5,223,0.0
cam516_w5,224,0.0
cam516_w5,225,0.005560704355885079
cam516_w5,226,0.0
cam516_w5,227,0.0
cam516_w5,228,0.0
cam516_w5,229,0.0
cam516_w5,230,0.0
cam516_w5,231,0.0
cam516_w5,232,0.0
cam516_w5,233,0.0
cam516_w5,234,0.0
cam516_w5,235,0.0
cam516_w5,236,0.0
cam516_w5,237,0.0073152889539136795
cam516_w5,238,0.0073152889539136795
cam516_w5,239,0.016093635698610095
cam516_w5,240,0.1645940014630578
cam516_w5,241,0.10607168983174835
cam516_w5,242,0.040965618141916606
cam516_w5,243,0.03511338697878566
cam516_w5,244,0.12801755669348938
cam516_w5,245,0.0592538405267008
cam516_w5,246,0.06217995610826628
cam516_w5,247,0.25676664228237017
cam516_w5,248,0.18873445501097294
cam516_w5,249,0.13679590343818582
cam516_w5,250,0.3694220921726408
cam516_w5,251,0.4725676664228237
cam516_w5,252,0.4359912216532553
cam516_w5,253,0.6159473299195318
cam516_w5,254,0.32040965618141914
cam516_w5,255,0.024140453547915143
cam516_w5,256,0.18068763716166789
cam516_w5,257,0.06876371616678859
cam516_w5,258,0.09948792977322604
cam516_w5,259,0.16752011704462327
cam516_w5,260,0.008046817849305048
cam516_w5,261,0.09875640087783467
cam516_w5,262,0.03438185808339429
cam516_w5,263,0.002926115581565472
cam516_w5,264,0.001463057790782736
cam516_w5,265,0.048280907095830286
cam516_w5,266,0.051207022677395755
cam516_w5,267,0.04242867593269934
cam516_w5,268,0.008046817849305048
cam516_w5,269,0.024140453547915143
cam516_w5,270,0.026335040234089245
cam516_w5,271,0.015362106803218726
cam516_w5,272,0.021945866861741038
cam516_w5,273,0.09948792977322604
cam516_w5,274,0.0036576444769568397
cam516_w5,275,0.013167520117044623
cam516_w5,276,0.008778346744696415
cam516_w5,277,0.04681784930504755
cam516_w5,278,0.010972933430870519
cam516_w5,279,0.010241404535479151
cam516_w5,280,0.07681053401609364
cam516_w5,281,0.09509875640087784
cam516_w5,282,0.001463057790782736
cam516_w5,283,0.010972933430870519
cam516_w5,284,0.029992684711046085
cam516_w5,285,0.013899049012435992
cam516_w5,286,0.06071689831748354
cam516_w5,287,0.015362106803218726
cam516_w5,288,0.04901243599122165
cam516_w5,289,0.033650329188002925
cam516_w5,290,0.010241404535479151
cam516_w5,291,0.008046817849305048
cam516_w5,292,0.029992684711046085
cam516_w5,293,0.021945866861741038
cam516_w5,294,0.0958302852962692
cam516_w5,295,0.07388441843452817
cam516_w5,296,0.27724945135332846
cam516_w5,297,0.10021945866861741
cam516_w5,298,0.02487198244330651
cam516_w5,299,0.0
cam516_w5,300,0.012435991221653255
cam516_w5,301,0.0
cam516_w5,302,0.0
cam516_w5,303,0.0
cam516_w5,304,0.0
cam516_w5,305,0.0
cam516_w5,306,0.0017368649587494573
cam516_w5,307,0.0
cam516_w5,308,0.006513243595310464
cam516_w5,309,0.0013026487190620929
cam516_w5,310,0.0008684324793747286
cam516_w5,311,0.007381676074685193
cam516_w5,312,0.10377768128528007
cam516_w5,313,0.11940946591402518
cam516_w5,314,0.060356057316543636
cam516_w5,315,0.28310898827616154
cam516_w5,316,0.1276595744680851
cam516_w5,317,0.12462006079027356
cam516_w5,318,0.13113330438558402
cam516_w5,319,0.265740338688667
cam516_w5,320,0.17498914459400783
cam516_w5,321,0.16804168475901
cam516_w5,322,0.5032566217976552
cam516_w5,323,0.45722970039079464
cam516_w5,324,0.46330872774641774
cam516_w5,325,0.44594007815892317
cam516_w5,326,0.24880590534085975
cam516_w5,327,0.20408163265306123
cam516_w5,328,0.10073816760746852
cam516_w5,329,0.15675206252713852
cam516_w5,330,0.25575336517585756
cam516_w5,331,0.18888406426400348
cam516_w5,332,0.11246200607902736
cam516_w5,333,0.053842813721233174
cam516_w5,334,0.010421189752496743
cam516_w5,335,0.0121580547112462
cam516_w5,336,0.1862787668258793
cam516_w5,337,0.28484585323491096
cam516_w5,338,0.23881893182805036
cam516_w5,339,0.2114633087277464
cam516_w5,340,0.21971341728180635
cam516_w5,341,0.1033434650455927
cam516_w5,342,0.33608336951802
cam516_w5,343,0.04819800260529744
cam516_w5,344,0.026487190620929222
cam516_w5,345,0.07642205818497612
cam516_w5,346,0.05254016500217108
cam516_w5,347,0.08250108554059922
cam516_w5,348,0.022579244463742945
cam516_w5,349,0.027789839339991317
cam516_w5,350,0.0425531914893617
cam516_w5,351,0.061224489795918366
cam516_w5,352,0.08684324793747286
cam516_w5,353,0.16587060356057318
cam516_w5,354,0.31567520625271384
cam516_w5,355,0.15067303517151542
cam516_w5,356,0.12462006079027356
cam516_w5,357,0.04515848892748589
cam516_w5,358,0.04385584020842379
cam516_w5,359,0.061658706035605734
cam516_w5,360,0.02301346070343031
cam516_w5,361,0.02214502822405558
cam516_w5,362,0.04993486756404689
cam516_w5,363,0.030395136778115502
cam516_w5,364,0.08163265306122448
cam516_w5,365,0.10204081632653061
cam516_w5,366,0.0851063829787234
cam516_w5,367,0.08814589665653495
cam516_w5,368,0.004776378636561007
cam516_w5,369,0.08554059921841077
cam516_w5,370,0.007381676074685193
cam516_w5,371,0.09205384281372124
cam516_w5,372,0.0021710811984368217
cam516_w5,373,0.04732957012592271
cam516_w5,374,0.06860616587060356
cam516_w5,375,0.03734259661311333
cam537_w1,1,0.0
cam537_w1,2,0.0
cam537_w1,3,0.0
cam537_w1,4,0.0
cam537_w1,5,0.0
cam537_w1,6,0.0
cam537_w1,7,0.0
cam537_w1,8,0.0
cam537_w1,9,0.004086398131932283
cam537_w1,10,0.01284296555750146
cam537_w1,11,0.0
cam537_w1,12,0.0
cam537_w1,13,0.0
cam537_w1,14,0.0
cam537_w1,15,0.0
cam537_w1,16,0.0
cam537_w1,17,0.0005837711617046118
cam537_w1,18,0.0
cam537_w1,19,0.0
cam537_w1,20,0.0
cam537_w1,21,0.0
cam537_w1,22,0.009340338587273789
cam537_w1,23,0.0
cam537_w1,24,0.004670169293636894
cam537_w1,25,0.0
cam537_w1,26,0.20198482194979567
cam537_w1,27,0.702276707530648
cam537_w1,28,0.7682428488032691
cam537_w1,29,0.07413893753648569
cam537_w1,30,0.016929363689433742
cam537_w1,31,0.03210741389375365
cam537_w1,32,0.002335084646818447
cam537_w1,33,0.004086398131932283
cam537_w1,34,0.0
cam537_w1,35,0.0
cam537_w1,36,0.0011675423234092236
cam537_w1,37,0.024518388791593695
cam537_w1,38,0.007589025102159953
cam537_w1,39,0.013426736719206071
cam537_w1,40,0.010507880910683012
cam537_w1,41,0.011675423234092236
cam537_w1,42,0.01634559252772913
cam537_w1,43,0.0
cam537_w1,44,0.0
cam537_w1,45,0.010507880910683012
cam537_w1,46,0.0
cam537_w1,47,0.027437244600116754
cam537_w1,48,0.06538237011091652
cam537_w1,49,0.056625802685347344
cam537_w1,50,0.021599532983070636
cam537_w1,51,0.08231173380035026
cam537_w1,52,0.0542907180385289
cam537_w1,53,0.2037361354349095
cam537_w1,54,0.11733800350262696
cam537_w1,55,0.04144775248102744
cam537_w1,56,0.03794512551079977
cam537_w1,57,0.19381202568593112
cam537_w1,58,0.45475773496789257
cam537_w1,59,0.0840630472854641
cam537_w1,60,0.1190893169877408
cam537_w1,61,0.027437244600116754
cam537_w1,62,0.022183304144775248
cam537_w1,63,0.007589025102159953
cam537_w1,64,0.05312317571511967
cam537_w1,65,0.0
cam537_w1,66,0.011091652072387624
cam537_w1,67,0.04261529480443666
cam537_w1,68,0.06304728546409807
cam537_w1,69,0.09632224168126094
cam537_w1,70,0.08231173380035026
cam537_w1,71,0.1342673671920607
cam537_w1,72,0.03502626970227671
cam537_w1,73,0.005837711617046118
cam537_w1,74,0.0
cam537_w1,75,0.14185639229422067
cam537_w1,76,0.0
cam537_w1,77,0.0
cam537_w1,78,0.0
cam537_w1,79,0.0
cam537_w1,80,0.0
cam537_w1,81,0.0
cam537_w1,82,0.0
cam537_w1,83,0.0
cam537_w1,84,0.0
cam537_w1,85,0.014225941422594143
cam537_w1,86,0.01506276150627615
cam537_w1,87,0.0
cam537_w1,88,0.0
cam537_w1,89,0.08368200836820083
cam537_w1,90,0.05774058577405858
cam537_w1,91,0.32552301255230126
cam537_w1,92,0.17322175732217573
cam537_w1,93,0.12217573221757322
cam537_w1,94,0.20585774058577405
cam537_w1,95,0.3163179916317992
cam537_w1,96,0.6853556485355649
cam537_w1,97,0.5129707112970712
cam537_w1,98,0.24686192468619247
cam537_w1,99,0.6276150627615062
cam537_w1,100,0.4175732217573222
cam537_w1,101,0.10794979079497909
cam537_w1,102,0.29372384937238494
cam537_w1,103,0.27364016736401675
cam537_w1,104,0.7958158995815899
cam537_w1,105,0.11882845188284519
cam537_w1,106,0.3782426778242678
cam537_w1,107,0.799163179916318
cam537_w1,108,0.7615062761506276
cam537_w1,109,0.5389121338912134
cam537_w1,110,0.8384937238493724
cam537_w1,111,0.18242677824267783
cam537_w1,112,0.03347280334728033
cam537_w1,113,0.17656903765690377
cam537_w1,114,0.697907949790795
cam537_w1,115,0.399163179916318
cam537_w1,116,0.2602510460251046
cam537_w1,117,0.5556485355648536
cam537_w1,118,0.04602510460251046
cam537_w1,119,0.24686192468619247
cam537_w1,120,0.42343096234309624
cam537_w1,121,0.3882845188284519
cam537_w1,122,0.35564853556485354
cam537_w1,123,0.9288702928870293
cam537_w1,124,0.0033472803347280333
cam537_w1,125,0.14225941422594143
cam537_w1,126,0.19330543933054392
cam537_w1,127,0.019246861924686193
cam537_w1,128,0.048535564853556486
cam537_w1,129,0.017573221757322177
cam537_w1,130,0.00502092050209205
cam537_w1,131,0.0
cam537_w1,132,0.0033472803347280333
cam537_w1,133,0.005857740585774059
cam537_w1,134,0.0
cam537_w1,135,0.0
cam537_w1,136,0.0
cam537_w1,137,0.0066945606694560665
cam537_w1,138,0.0
cam537_w1,139,0.005857740585774059
cam537_w1,140,0.0
cam537_w1,141,0.0
cam537_w1,142,0.059414225941422594
cam537_w1,143,0.0502092050209205
cam537_w1,144,0.042677824267782424
cam537_w1,145,0.032635983263598324
cam537_w1,146,0.0
cam537_w1,147,0.0
cam537_w1,148,0.0
cam537_w1,149,0.0
cam537_w1,150,0.0
cam537_w1,151,0.0
cam537_w1,152,0.0
cam537_w1,153,0.0
cam537_w1,154,0.0
cam537_w1,155,0.0
cam537_w1,156,0.0
cam537_w1,157,0.0
cam537_w1,158,0.0
cam537_w1,159,0.0
cam537_w1,160,0.0
cam537_w1,161,0.0
cam537_w1,162,0.0074142724745134385
cam537_w1,163,0.0
cam537_w1,164,0.0
cam537_w1,165,0.010194624652455977
cam537_w1,166,0.0
cam537_w1,167,0.013901760889712697
cam537_w1,168,0.056533827618164965
cam537_w1,169,0.020389249304911955
cam537_w1,170,0.004633920296570899
cam537_w1,171,0.0
cam537_w1,172,0.04633920296570899
cam537_w1,173,0.011121408711770158
cam537_w1,174,0.15384615384615385
cam537_w1,175,0.1603336422613531
cam537_w1,176,0.0
cam537_w1,177,0.0
cam537_w1,178,0.12974976830398516
cam537_w1,179,0.08804448563484708
cam537_w1,180,0.2798887859128823
cam537_w1,181,0.3670064874884152
cam537_w1,182,0.468952734012975
cam537_w1,183,0.5403151065801668
cam537_w1,184,0.29008341056533826
cam537_w1,185,0.49304911955514363
cam537_w1,186,0.07599629286376275
cam537_w1,187,0.008341056533827619
cam537_w1,188,0.0
cam537_w1,189,0.0
cam537_w1,190,0.0009267840593141798
cam537_w1,191,0.0
cam537_w1,192,0.011121408711770158
cam537_w1,193,0.07877664504170528
cam537_w1,194,0.024096385542168676
cam537_w1,195,0.0018535681186283596
cam537_w1,196,0.0037071362372567192
cam537_w1,197,0.0027803521779425394
cam537_w1,198,0.0018535681186283596
cam537_w1,199,0.0074142724745134385
cam537_w1,200,0.0
cam537_w1,201,0.0037071362372567192
cam537_w1,202,0.0
cam537_w1,203,0.0074142724745134385
cam537_w1,204,0.0018535681186283596
cam537_w1,205,0.0027803521779425394
cam537_w1,206,0.0074142724745134385
cam537_w1,207,0.0027803521779425394
cam537_w1,208,0.008341056533827619
cam537_w1,209,0.013901760889712697
cam537_w1,210,0.005560704355885079
cam537_w1,211,0.0018535681186283596
cam537_w1,212,0.0
cam537_w1,213,0.005560704355885079
cam537_w1,214,0.011121408711770158
cam537_w1,215,0.0
cam537_w1,216,0.008341056533827619
cam537_w1,217,0.021316033364226137
cam537_w1,218,0.37256719184430026
cam537_w1,219,0.629286376274328
cam537_w1,220,0.726598702502317
cam537_w1,221,0.09453197405004633
cam537_w1,222,0.0
cam537_w1,223,0.0
cam537_w1,224,0.0
cam537_w1,225,0.0027803521779425394
cam537_w1,226,0.0
cam537_w1,227,0.0
cam537_w1,228,0.0
cam537_w1,229,0.0
cam537_w1,230,0.011004126547455296
cam537_w1,231,0.004814305364511692
cam537_w1,232,0.0
cam537_w1,233,0.0
cam537_w1,234,0.0
cam537_w1,235,0.0
cam537_w1,236,0.0
cam537_w1,237,0.007565337001375516
cam537_w1,238,0.005502063273727648
cam537_w1,239,0.015130674002751032
cam537_w1,240,0.014442916093535076
cam537_w1,241,0.0020632737276478678
cam537_w1,242,0.035075653370013754
cam537_w1,243,0.10866574965612105
cam537_w1,244,0.15543328748280605
cam537_w1,245,0.11898211829436038
cam537_w1,246,0.061210453920220086
cam537_w1,247,0.41059147180192573
cam537_w1,248,0.018569463548830812
cam537_w1,249,0.05295735900962861
cam537_w1,250,0.008940852819807428
cam537_w1,251,0.04745529573590096
cam537_w1,252,0.14442916093535077
cam537_w1,253,0.14649243466299863
cam537_w1,254,0.1499312242090784
cam537_w1,255,0.391334250343879
cam537_w1,256,0.17950481430536452
cam537_w1,257,0.20082530949105915
cam537_w1,258,0.20907840440165062
cam537_w1,259,0.3143053645116919
cam537_w1,260,0.24346629986244842
cam537_w1,261,0.11210453920220083
cam537_w1,262,0.026822558459422285
cam537_w1,263,0.02269601100412655
cam537_w1,264,0.14442916093535077
cam537_w1,265,0.0453920220082531
cam537_w1,266,0.027510316368638238
cam537_w1,267,0.06740027510316368
cam537_w1,268,0.000687757909215956
cam537_w1,269,0.0020632737276478678
cam537_w1,270,0.012379642365887207
cam537_w1,271,0.0
cam537_w1,272,0.030261348005502064
cam537_w1,273,0.001375515818431912
cam537_w1,274,0.007565337001375516
cam537_w1,275,0.016506189821182942
cam537_w1,276,0.011691884456671253
cam537_w1,277,0.21182943603851445
cam537_w1,278,0.005502063273727648
cam537_w1,279,0.012379642365887207
cam537_w1,280,0.0
cam537_w1,281,0.019944979367262722
cam537_w1,282,0.052269601100412656
cam537_w1,283,0.07290233837689133
cam537_w1,284,0.0041265474552957355
cam537_w1,285,0.033012379642365884
cam537_w1,286,0.006189821182943604
cam537_w1,287,0.015130674002751032
cam537_w1,288,0.04470426409903714
cam537_w1,289,0.037138927097661624
cam537_w1,290,0.05570839064649243
cam537_w1,291,0.018569463548830812
cam537_w1,292,0.03851444291609354
cam537_w1,293,0.16850068775790922
cam537_w1,294,0.4573590096286107
cam537_w1,295,0.03782668500687758
cam537_w1,296,0.030949105914718018
cam537_w1,297,0.026134800550206328
cam537_w1,298,0.0
cam537_w1,299,0.002751031636863824
cam537_w1,300,0.0
cam537_w1,301,0.005644811115935736
cam537_w1,302,0.0
cam537_w1,303,0.0060790273556231
cam537_w1,304,0.0
cam537_w1,305,0.013894919669995658
cam537_w1,306,0.0013026487190620929
cam537_w1,307,0.0
cam537_w1,308,0.0017368649587494573
cam537_w1,309,0.007381676074685193
cam537_w1,310,0.025618758141554496
cam537_w1,311,0.0013026487190620929
cam537_w1,312,0.017802865827181935
cam537_w1,313,0.08250108554059922
cam537_w1,314,0.053842813721233174
cam537_w1,315,0.008250108554059922
cam537_w1,316,0.07729049066435084
cam537_w1,317,0.16804168475901
cam537_w1,318,0.14546244029526703
cam537_w1,319,0.04732957012592271
cam537_w1,320,0.10681719496309162
cam537_w1,321,0.08467216673903603
cam537_w1,322,0.10160660008684325
cam537_w1,323,0.25835866261398177
cam537_w1,324,0.3808076422058185
cam537_w1,325,0.03300043421623969
cam537_w1,326,0.20581849761181067
cam537_w1,327,0.1328701693443335
cam537_w1,328,0.056013894919669995
cam537_w1,329,0.3056882327399045
cam537_w1,330,0.15631784628745116
cam537_w1,331,0.12418584455058619
cam537_w1,332,0.07381676074685194
cam537_w1,333,0.18280503690838038
cam537_w1,334,0.09596178897090751
cam537_w1,335,0.1389491966999566
cam537_w1,336,0.12158054711246201
cam537_w1,337,0.2418584455058619
cam537_w1,338,0.21406860616587062
cam537_w1,339,0.46200607902735563
cam537_w1,340,0.04819800260529744
cam537_w1,341,0.24750325662179765
cam537_w1,342,0.16022579244463742
cam537_w1,343,0.17976552323056882
cam537_w1,344,0.12071211463308727
cam537_w1,345,0.0182370820668693
cam537_w1,346,0.04559270516717325
cam537_w1,347,0.07859313938341293
cam537_w1,348,0.056013894919669995
cam537_w1,349,0.11115935735996527
cam537_w1,350,0.15284411636995224
cam537_w1,351,0.12809379070777246
cam537_w1,352,0.14633087277464177
cam537_w1,353,0.1702127659574468
cam537_w1,354,0.16109422492401215
cam537_w1,355,0.10768562744246635
cam537_w1,356,0.20625271385149804
cam537_w1,357,0.22535822839774208
cam537_w1,358,0.33782023447676945
cam537_w1,359,0.17108119843682154
cam537_w1,360,0.4307425097698654
cam537_w1,361,0.4072948328267477
cam537_w1,362,0.5714285714285714
cam537_w1,363,0.13460703430308293
cam537_w1,364,0.11723838471558837
cam537_w1,365,0.16152844116369952
cam537_w1,366,0.0364741641337386
cam537_w1,367,0.10377768128528007
cam537_w1,368,0.0864090316977855
cam537_w1,369,0.1094224924012158
cam537_w1,370,0.05948762483716891
cam537_w1,371,0.11506730351715154
cam537_w1,372,0.04732957012592271
cam537_w1,373,0.023881893182805036
cam537_w1,374,0.12462006079027356
cam537_w1,375,0.08771168041684758
cam537_w2,1,0.0
cam537_w2,2,0.0
cam537_w2,3,0.0
cam537_w2,4,0.0
cam537_w2,5,0.0
cam537_w2,6,0.002416918429003021
cam537_w2,7,0.0
cam537_w2,8,0.0
cam537_w2,9,0.0
cam537_w2,10,0.0
cam537_w2,11,0.0
cam537_w2,12,0.04833836858006042
cam537_w2,13,0.0036253776435045317
cam537_w2,14,0.02175226586102719
cam537_w2,15,0.30876132930513595
cam537_w2,16,0.1202416918429003
cam537_w2,17,0.15468277945619335
cam537_w2,18,0.019939577039274924
cam537_w2,19,0.38851963746223567
cam537_w2,20,0.7027190332326284
cam537_w2,21,0.41027190332326285
cam537_w2,22,0.30634441087613296
cam537_w2,23,0.679154078549849
cam537_w2,24,0.7673716012084593
cam537_w2,25,0.11842900302114803
cam537_w2,26,0.0072507552870090634
cam537_w2,27,0.0
cam537_w2,28,0.0030211480362537764
cam537_w2,29,0.00906344410876133
cam537_w2,30,0.010876132930513595
cam537_w2,31,0.0018126888217522659
cam537_w2,32,0.006646525679758308
cam537_w2,33,0.0
cam537_w2,34,0.13836858006042296
cam537_w2,35,0.012084592145015106
cam537_w2,36,0.1027190332326284
cam537_w2,37,0.48036253776435045
cam537_w2,38,0.03867069486404834
cam537_w2,39,0.002416918429003021
cam537_w2,40,0.00785498489425982
cam537_w2,41,0.0
cam537_w2,42,0.0036253776435045317
cam537_w2,43,0.004229607250755287
cam537_w2,44,0.0
cam537_w2,45,0.0
cam537_w2,46,0.02175226586102719
cam537_w2,47,0.03444108761329305
cam537_w2,48,0.022356495468277945
cam537_w2,49,0.08519637462235649
cam537_w2,50,0.2845921450151057
cam537_w2,51,0.016314199395770394
cam537_w2,52,0.06586102719033232
cam537_w2,53,0.3329305135951662
cam537_w2,54,0.2555891238670695
cam537_w2,55,0.2610271903323263
cam537_w2,56,0.2108761329305136
cam537_w2,57,0.44773413897280967
cam537_w2,58,0.4622356495468278
cam537_w2,59,0.3945619335347432
cam537_w2,60,0.5214501510574018
cam537_w2,61,0.07190332326283988
cam537_w2,62,0.08761329305135952
cam537_w2,63,0.40181268882175225
cam537_w2,64,0.3637462235649547
cam537_w2,65,0.454380664652568
cam537_w2,66,0.32507552870090634
cam537_w2,67,0.11722054380664652
cam537_w2,68,0.018731117824773415
cam537_w2,69,0.0
cam537_w2,70,0.04954682779456193
cam537_w2,71,0.0
cam537_w2,72,0.017522658610271902
cam537_w2,73,0.0
cam537_w2,74,0.0012084592145015106
cam537_w2,75,0.0012084592145015106
cam537_w2,76,0.030603804797353185
cam537_w2,77,0.0
cam537_w2,78,0.0
cam537_w2,79,0.0
cam537_w2,80,0.0
cam537_w2,81,0.0
cam537_w2,82,0.0
cam537_w2,83,0.0
cam537_w2,84,0.0
cam537_w2,85,0.036393713813068655
cam537_w2,86,0.0
cam537_w2,87,0.016542597187758478
cam537_w2,88,0.05128205128205128
cam537_w2,89,0.0
cam537_w2,90,0.02315963606286187
cam537_w2,91,0.07278742762613731
cam537_w2,92,0.4284532671629446
cam537_w2,93,0.5136476426799007
cam537_w2,94,0.034739454094292806
cam537_w2,95,0.0
cam537_w2,96,0.29114971050454924
cam537_w2,97,0.30355665839536805
cam537_w2,98,0.7659222497932175
cam537_w2,99,0.6997518610421837
cam537_w2,100,0.6443341604631927
cam537_w2,101,0.2762613730355666
cam537_w2,102,0.5591397849462365
cam537_w2,103,0.02729528535980149
cam537_w2,104,0.8792390405293631
cam537_w2,105,0.34077750206782464
cam537_w2,106,0.5988420181968569
cam537_w2,107,0.3110008271298594
cam537_w2,108,0.10504549214226634
cam537_w2,109,0.33829611248966085
cam537_w2,110,0.6699751861042184
cam537_w2,111,0.38461538461538464
cam537_w2,112,0.004962779156327543
cam537_w2,113,0.17866004962779156
cam537_w2,114,0.18114143920595532
cam537_w2,115,0.0
cam537_w2,116,0.065343258891646
cam537_w2,117,0.2853598014888337
cam537_w2,118,0.24152191894127378
cam537_w2,119,0.0
cam537_w2,120,0.0016542597187758478
cam537_w2,121,0.0
cam537_w2,122,0.03887510339123242
cam537_w2,123,0.20099255583126552
cam537_w2,124,0.09263854425144748
cam537_w2,125,0.12985938792390406
cam537_w2,126,0.033085194375516956
cam537_w2,127,0.32754342431761785
cam537_w2,128,0.01240694789081886
cam537_w2,129,0.40198511166253104
cam537_w2,130,0.0
cam537_w2,131,0.0
cam537_w2,132,0.0
cam537_w2,133,0.0
cam537_w2,134,0.015715467328370553
cam537_w2,135,0.06451612903225806
cam537_w2,136,0.0
cam537_w2,137,0.0016542597187758478
cam537_w2,138,0.0024813895781637717
cam537_w2,139,0.0008271298593879239
cam537_w2,140,0.02481389578163772
cam537_w2,141,0.0
cam537_w2,142,0.043010752688172046
cam537_w2,143,0.062034739454094295
cam537_w2,144,0.06120760959470637
cam537_w2,145,0.014061207609594707
cam537_w2,146,0.04880066170388751
cam537_w2,147,0.005789909015715467
cam537_w2,148,0.0
cam537_w2,149,0.0
cam537_w2,150,0.0
cam537_w2,151,0.0
cam537_w2,152,0.009098428453267164
cam537_w2,153,0.0
cam537_w2,154,0.0
cam537_w2,155,0.0
cam537_w2,156,0.0033085194375516956
cam537_w2,157,0.0
cam537_w2,158,0.0
cam537_w2,159,0.0
cam537_w2,160,0.0
cam537_w2,161,0.0
cam537_w2,162,0.0041356492969396195
cam537_w2,163,0.0
cam537_w2,164,0.0
cam537_w2,165,0.0024813895781637717
cam537_w2,166,0.016542597187758478
cam537_w2,167,0.0041356492969396195
cam537_w2,168,0.016542597187758478
cam537_w2,169,0.0016542597187758478
cam537_w2,170,0.018196856906534328
cam537_w2,171,0.02481389578163772
cam537_w2,172,0.023986765922249794
cam537_w2,173,0.1141439205955335
cam537_w2,174,0.2969396195202647
cam537_w2,175,0.5161290322580645
cam537_w2,176,0.1000827129859388
cam537_w2,177,0.07526881720430108
cam537_w2,178,0.08850289495450786
cam537_w2,179,0.04880066170388751
cam537_w2,180,0.3225806451612903
cam537_w2,181,0.33002481389578164
cam537_w2,182,0.45409429280397023
cam537_w2,183,0.3217535153019024
cam537_w2,184,0.4218362282878412
cam537_w2,185,0.5599669148056244
cam537_w2,186,0.12158808933002481
cam537_w2,187,0.0
cam537_w2,188,0.005789909015715467
cam537_w2,189,0.008271298593879239
cam537_w2,190,0.02315963606286187
cam537_w2,191,0.023986765922249794
cam537_w2,192,0.050454921422663356
cam537_w2,193,0.036393713813068655
cam537_w2,194,0.04631927212572374
cam537_w2,195,0.006617038875103391
cam537_w2,196,0.04797353184449959
cam537_w2,197,0.0016542597187758478
cam537_w2,198,0.018196856906534328
cam537_w2,199,0.0024813895781637717
cam537_w2,200,0.062034739454094295
cam537_w2,201,0.0
cam537_w2,202,0.0
cam537_w2,203,0.016542597187758478
cam537_w2,204,0.015715467328370553
cam537_w2,205,0.0033085194375516956
cam537_w2,206,0.0
cam537_w2,207,0.04714640198511166
cam537_w2,208,0.08933002481389578
cam537_w2,209,0.022332506203473945
cam537_w2,210,0.0
cam537_w2,211,0.0
cam537_w2,212,0.021505376344086023
cam537_w2,213,0.0
cam537_w2,214,0.055417700578990904
cam537_w2,215,0.03887510339123242
cam537_w2,216,0.01240694789081886
cam537_w2,217,0.04880066170388751
cam537_w2,218,0.026468155500413565
cam537_w2,219,0.0008271298593879239
cam537_w2,220,0.009098428453267164
cam537_w2,221,0.0024813895781637717
cam537_w2,222,0.0
cam537_w2,223,0.0
cam537_w2,224,0.0016542597187758478
cam537_w2,225,0.01488833746898263
cam537_w2,226,0.0
cam537_w2,227,0.0
cam537_w2,228,0.0
cam537_w2,229,0.0068775790921595595
cam537_w2,230,0.0
cam537_w2,231,0.0
cam537_w2,232,0.0034387895460797797
cam537_w2,233,0.000687757909215956
cam537_w2,234,0.0
cam537_w2,235,0.030261348005502064
cam537_w2,236,0.006189821182943604
cam537_w2,237,0.0041265474552957355
cam537_w2,238,0.0020632737276478678
cam537_w2,239,0.027510316368638238
cam537_w2,240,0.035075653370013754
cam537_w2,241,0.013755158184319119
cam537_w2,242,0.05570839064649243
cam537_w2,243,0.21045392022008252
cam537_w2,244,0.0907840440165062
cam537_w2,245,0.0639614855570839
cam537_w2,246,0.20082530949105915
cam537_w2,247,0.30949105914718017
cam537_w2,248,0.5268225584594223
cam537_w2,249,0.25378266850068776
cam537_w2,250,0.24209078404401652
cam537_w2,251,0.22902338376891335
cam537_w2,252,0.7310866574965612
cam537_w2,253,0.4030261348005502
cam537_w2,254,0.4229711141678129
cam537_w2,255,0.1829436038514443
cam537_w2,256,0.07771664374140302
cam537_w2,257,0.09972489683631362
cam537_w2,258,0.0020632737276478678
cam537_w2,259,0.0020632737276478678
cam537_w2,260,0.01031636863823934
cam537_w2,261,0.0020632737276478678
cam537_w2,262,0.013067400275103164
cam537_w2,263,0.014442916093535076
cam537_w2,264,0.005502063273727648
cam537_w2,265,0.05364511691884457
cam537_w2,266,0.011691884456671253
cam537_w2,267,0.005502063273727648
cam537_w2,268,0.0453920220082531
cam537_w2,269,0.10385144429160935
cam537_w2,270,0.0
cam537_w2,271,0.007565337001375516
cam537_w2,272,0.0
cam537_w2,273,0.0
cam537_w2,274,0.07221458046767538
cam537_w2,275,0.026134800550206328
cam537_w2,276,0.001375515818431912
cam537_w2,277,0.0
cam537_w2,278,0.0
cam537_w2,279,0.002751031636863824
cam537_w2,280,0.09353507565337002
cam537_w2,281,0.023383768913342505
cam537_w2,282,0.01581843191196699
cam537_w2,283,0.11829436038514443
cam537_w2,284,0.03645116918844567
cam537_w2,285,0.0068775790921595595
cam537_w2,286,0.016506189821182942
cam537_w2,287,0.08321870701513068
cam537_w2,288,0.002751031636863824
cam537_w2,289,0.012379642365887207
cam537_w2,290,0.0
cam537_w2,291,0.007565337001375516
cam537_w2,292,0.02269601100412655
cam537_w2,293,0.0577716643741403
cam537_w2,294,0.026822558459422285
cam537_w2,295,0.0
cam537_w2,296,0.03370013755158184
cam537_w2,297,0.008940852819807428
cam537_w2,298,0.0
cam537_w2,299,0.0020632737276478678
cam537_w2,300,0.0
cam537_w2,301,0.0
cam537_w2,302,0.0
cam537_w2,303,0.0
cam537_w2,304,0.0
cam537_w2,305,0.0
cam537_w2,306,0.0
cam537_w2,307,0.0004344048653344917
cam537_w2,308,0.0008688097306689834
cam537_w2,309,0.009556907037358819
cam537_w2,310,0.004344048653344918
cam537_w2,311,0.030842745438748913
cam537_w2,312,0.02519548218940052
cam537_w2,313,0.014335360556038228
cam537_w2,314,0.01737619461337967
cam537_w2,315,0.015204170286707211
cam537_w2,316,0.05603822762814944
cam537_w2,317,0.1420503909643788
cam537_w2,318,0.05734144222415291
cam537_w2,319,0.16941789748045177
cam537_w2,320,0.06429192006950478
cam537_w2,321,0.07732406602953953
cam537_w2,322,0.16029539530842746
cam537_w2,323,0.3049522154648132
cam537_w2,324,0.006516072980017376
cam537_w2,325,0.022589052997393572
cam537_w2,326,0.016941789748045177
cam537_w2,327,0.10903562119895743
cam537_w2,328,0.005647263249348393
cam537_w2,329,0.0842745438748914
cam537_w2,330,0.04995655951346655
cam537_w2,331,0.051259774109470024
cam537_w2,332,0.1355343179843614
cam537_w2,333,0.42050390964378803
cam537_w2,334,0.09904430929626412
cam537_w2,335,0.03518679409209383
cam537_w2,336,0.14596003475238922
cam537_w2,337,0.16550825369244135
cam537_w2,338,0.05603822762814944
cam537_w2,339,0.18635968722849697
cam537_w2,340,0.10903562119895743
cam537_w2,341,0.19721980886185925
cam537_w2,342,0.34448305821025194
cam537_w2,343,0.07124239791485665
cam537_w2,344,0.28279756733275413
cam537_w2,345,0.1520417028670721
cam537_w2,346,0.2728062554300608
cam537_w2,347,0.12858384013900956
cam537_w2,348,0.17549956559513466
cam537_w2,349,0.20330147697654213
cam537_w2,350,0.25412684622067766
cam537_w2,351,0.24543874891398784
cam537_w2,352,0.16116420503909643
cam537_w2,353,0.29669852302345784
cam537_w2,354,0.2510860121633362
cam537_w2,355,0.5725456125108601
cam537_w2,356,0.0004344048653344917
cam537_w2,357,0.14422241529105126
cam537_w2,358,0.42484795829713295
cam537_w2,359,0.3470894874022589
cam537_w2,360,0.3318853171155517
cam537_w2,361,0.04083405734144222
cam537_w2,362,0.12945264986967853
cam537_w2,363,0.15117289313640314
cam537_w2,364,0.16463944396177238
cam537_w2,365,0.05821025195482189
cam537_w2,366,0.12423979148566464
cam537_w2,367,0.04083405734144222
cam537_w2,368,0.07775847089487402
cam537_w2,369,0.22371850564726325
cam537_w2,370,0.29192006950477845
cam537_w2,371,0.2728062554300608
cam537_w2,372,0.051694178974804515
cam537_w2,373,0.014335360556038228
cam537_w2,374,0.3796698523023458
cam537_w2,375,0.009122502172024326
cam537_w3,1,0.0
cam537_w3,2,0.003931847968545216
cam537_w3,3,0.2398427260812582
cam537_w3,4,0.11926605504587157
cam537_w3,5,0.0
cam537_w3,6,0.001965923984272608
cam537_w3,7,0.0
cam537_w3,8,0.0
cam537_w3,9,0.2129750982961992
cam537_w3,10,0.04849279161205767
cam537_w3,11,0.16120576671035386
cam537_w3,12,0.1349934469200524
cam537_w3,13,0.5209698558322412
cam537_w3,14,0.3577981651376147
cam537_w3,15,0.7955439056356488
cam537_w3,16,0.23263433813892528
cam537_w3,17,0.30471821756225426
cam537_w3,18,0.7830930537352556
cam537_w3,19,0.7247706422018348
cam537_w3,20,0.15006553079947577
cam537_w3,21,0.6264744429882044
cam537_w3,22,0.10157273918741809
cam537_w3,23,0.03211009174311927
cam537_w3,24,0.057667103538663174
cam537_w3,25,0.04456094364351245
cam537_w3,26,0.4921363040629096
cam537_w3,27,0.5032765399737876
cam537_w3,28,0.13892529488859764
cam537_w3,29,0.17234600262123198
cam537_w3,30,0.6730013106159896
cam537_w3,31,0.1834862385321101
cam537_w3,32,0.24574049803407602
cam537_w3,33,0.009829619921363041
cam537_w3,34,0.06290956749672345
cam537_w3,35,0.005897771952817824
cam537_w3,36,0.035386631716906945
cam537_w3,37,0.01834862385321101
cam537_w3,38,0.11402359108781127
cam537_w3,39,0.06094364351245085
cam537_w3,40,0.03211009174311927
cam537_w3,41,0.03211009174311927
cam537_w3,42,0.061598951507208385
cam537_w3,43,0.20838794233289645
cam537_w3,44,0.0491480996068152
cam537_w3,45,0.11205766710353866
cam537_w3,46,0.6238532110091743
cam537_w3,47,0.4436435124508519
cam537_w3,48,0.02162516382699869
cam537_w3,49,0.12385321100917432
cam537_w3,50,0.030799475753604193
cam537_w3,51,0.08256880733944955
cam537_w3,52,0.22280471821756226
cam537_w3,53,0.2418086500655308
cam537_w3,54,0.4325032765399738
cam537_w3,55,0.4829619921363041
cam537_w3,56,0.020314547837483616
cam537_w3,57,0.019659239842726082
cam537_w3,58,0.03604193971166448
cam537_w3,59,0.0655307994757536
cam537_w3,60,0.3119266055045872
cam537_w3,61,0.11205766710353866
cam537_w3,62,0.30930537352555704
cam537_w3,63,0.07667103538663171
cam537_w3,64,0.019659239842726082
cam537_w3,65,0.019659239842726082
cam537_w3,66,0.013761467889908258
cam537_w3,67,0.015727391874180863
cam537_w3,68,0.08387942332896461
cam537_w3,69,0.04193971166448231
cam537_w3,70,0.12844036697247707
cam537_w3,71,0.03604193971166448
cam537_w3,72,0.0655307994757536
cam537_w3,73,0.0
cam537_w3,74,0.0
cam537_w3,75,0.0
cam537_w3,76,0.0
cam537_w3,77,0.0
cam537_w3,78,0.0
cam537_w3,79,0.0
cam537_w3,80,0.0
cam537_w3,81,0.0
cam537_w3,82,0.0
cam537_w3,83,0.0
cam537_w3,84,0.0
cam537_w3,85,0.0
cam537_w3,86,0.0
cam537_w3,87,0.0
cam537_w3,88,0.0
cam537_w3,89,0.0
cam537_w3,90,0.011579818031430935
cam537_w3,91,0.0413564929693962
cam537_w3,92,0.010752688172043012
cam537_w3,93,0.23242349048800662
cam537_w3,94,0.05459057071960298
cam537_w3,95,0.5938792390405294
cam537_w3,96,0.0
cam537_w3,97,0.0
cam537_w3,98,0.04797353184449959
cam537_w3,99,0.04631927212572374
cam537_w3,100,0.5847808105872622
cam537_w3,101,0.5732009925558312
cam537_w3,102,0.11745244003308519
cam537_w3,103,0.7667493796526055
cam537_w3,104,0.6236559139784946
cam537_w3,105,0.0041356492969396195
cam537_w3,106,0.0008271298593879239
cam537_w3,107,0.0008271298593879239
cam537_w3,108,0.0
cam537_w3,109,0.0
cam537_w3,110,0.0
cam537_w3,111,0.0
cam537_w3,112,0.32588916459884204
cam537_w3,113,0.12158808933002481
cam537_w3,114,0.06451612903225806
cam537_w3,115,0.007444168734491315
cam537_w3,116,0.03225806451612903
cam537_w3,117,0.0
cam537_w3,118,0.12655086848635236
cam537_w3,119,0.11579818031430934
cam537_w3,120,0.16708023159636062
cam537_w3,121,0.6492969396195203
cam537_w3,122,0.6865177832919769
cam537_w3,123,0.7402812241521919
cam537_w3,124,0.9528535980148883
cam537_w3,125,0.511166253101737
cam537_w3,126,0.03970223325062035
cam537_w3,127,0.05128205128205128
cam537_w3,128,0.07857733664185278
cam537_w3,129,0.021505376344086023
cam537_w3,130,0.004962779156327543
cam537_w3,131,0.0
cam537_w3,132,0.0
cam537_w3,133,0.01240694789081886
cam537_w3,134,0.0
cam537_w3,135,0.0
cam537_w3,136,0.0041356492969396195
cam537_w3,137,0.0
cam537_w3,138,0.0
cam537_w3,139,0.0041356492969396195
cam537_w3,140,0.0024813895781637717
cam537_w3,141,0.017369727047146403
cam537_w3,142,0.04797353184449959
cam537_w3,143,0.02315963606286187
cam537_w3,144,0.14226633581472292
cam537_w3,145,0.015715467328370553
cam537_w3,146,0.009925558312655087
cam537_w3,147,0.015715467328370553
cam537_w3,148,0.010752688172043012
cam537_w3,149,0.0
cam537_w3,150,0.0
cam537_w3,151,0.0
cam537_w3,152,0.0
cam537_w3,153,0.0026064291920069507
cam537_w3,154,0.0
cam537_w3,155,0.0
cam537_w3,156,0.006081668114682885
cam537_w3,157,0.0
cam537_w3,158,0.0
cam537_w3,159,0.0
cam537_w3,160,0.0
cam537_w3,161,0.0
cam537_w3,162,0.0
cam537_w3,163,0.0026064291920069507
cam537_w3,164,0.0008688097306689834
cam537_w3,165,0.0
cam537_w3,166,0.0
cam537_w3,167,0.0
cam537_w3,168,0.0034752389226759338
cam537_w3,169,0.013032145960034752
cam537_w3,170,0.026064291920069503
cam537_w3,171,0.10686359687228497
cam537_w3,172,0.07558644656820157
cam537_w3,173,0.17636837532580366
cam537_w3,174,0.24066029539530842
cam537_w3,175,0.19635099913119028
cam537_w3,176,0.4900086880973067
cam537_w3,177,0.9235447437011295
cam537_w3,178,0.5577758470894874
cam537_w3,179,0.12337098175499565
cam537_w3,180,0.0790616854908775
cam537_w3,181,0.25890529973935705
cam537_w3,182,0.4144222415291051
cam537_w3,183,0.2841007819287576
cam537_w3,184,0.26411815812337097
cam537_w3,185,0.36750651607298
cam537_w3,186,0.004344048653344918
cam537_w3,187,0.0
cam537_w3,188,0.038227628149435276
cam537_w3,189,0.07124239791485665
cam537_w3,190,0.013900955690703735
cam537_w3,191,0.02780191138140747
cam537_w3,192,0.07558644656820157
cam537_w3,193,0.10860121633362294
cam537_w3,194,0.07037358818418767
cam537_w3,195,0.06255430060816682
cam537_w3,196,0.1424847958297133
cam537_w3,197,0.2580364900086881
cam537_w3,198,0.3006081668114683
cam537_w3,199,0.1364031277150304
cam537_w3,200,0.15464813205907907
cam537_w3,201,0.46568201563857514
cam537_w3,202,0.02780191138140747
cam537_w3,203,0.04865334491746308
cam537_w3,204,0.0
cam537_w3,205,0.0
cam537_w3,206,0.0017376194613379669
cam537_w3,207,0.03301476976542137
cam537_w3,208,0.0026064291920069507
cam537_w3,209,0.0
cam537_w3,210,0.011294526498696786
cam537_w3,211,0.0
cam537_w3,212,0.005212858384013901
cam537_w3,213,0.0
cam537_w3,214,0.0
cam537_w3,215,0.0017376194613379669
cam537_w3,216,0.0
cam537_w3,217,0.020851433536055605
cam537_w3,218,0.05473501303214596
cam537_w3,219,0.05821025195482189
cam537_w3,220,0.0017376194613379669
cam537_w3,221,0.022589052997393572
cam537_w3,222,0.02432667245873154
cam537_w3,223,0.0026064291920069507
cam537_w3,224,0.0
cam537_w3,225,0.0
cam537_w3,226,0.0
cam537_w3,227,0.0
cam537_w3,228,0.0
cam537_w3,229,0.002807017543859649
cam537_w3,230,0.009122807017543859
cam537_w3,231,0.02175438596491228
cam537_w3,232,0.0014035087719298245
cam537_w3,233,0.015438596491228071
cam537_w3,234,0.002105263157894737
cam537_w3,235,0.030877192982456142
cam537_w3,236,0.021052631578947368
cam537_w3,237,0.0
cam537_w3,238,0.0077192982456140355
cam537_w3,239,0.12982456140350876
cam537_w3,240,0.0
cam537_w3,241,0.016842105263157894
cam537_w3,242,0.011228070175438596
cam537_w3,243,0.0
cam537_w3,244,0.016842105263157894
cam537_w3,245,0.004210526315789474
cam537_w3,246,0.029473684210526315
cam537_w3,247,0.002105263157894737
cam537_w3,248,0.047719298245614036
cam537_w3,249,0.1943859649122807
cam537_w3,250,0.02456140350877193
cam537_w3,251,0.03929824561403509
cam537_w3,252,0.16771929824561405
cam537_w3,253,0.07298245614035087
cam537_w3,254,0.33052631578947367
cam537_w3,255,0.3017543859649123
cam537_w3,256,0.33964912280701753
cam537_w3,257,0.15368421052631578
cam537_w3,258,0.36140350877192984
cam537_w3,259,0.11298245614035088
cam537_w3,260,0.09543859649122807
cam537_w3,261,0.036491228070175435
cam537_w3,262,0.017543859649122806
cam537_w3,263,0.004210526315789474
cam537_w3,264,0.08982456140350877
cam537_w3,265,0.016842105263157894
cam537_w3,266,0.011929824561403509
cam537_w3,267,0.07929824561403509
cam537_w3,268,0.03929824561403509
cam537_w3,269,0.04350877192982456
cam537_w3,270,0.0
cam537_w3,271,0.0
cam537_w3,272,0.03929824561403509
cam537_w3,273,0.07789473684210527
cam537_w3,274,0.0035087719298245615
cam537_w3,275,0.007017543859649123
cam537_w3,276,0.014035087719298246
cam537_w3,277,0.0343859649122807
cam537_w3,278,0.008421052631578947
cam537_w3,279,0.03929824561403509
cam537_w3,280,0.02736842105263158
cam537_w3,281,0.09263157894736843
cam537_w3,282,0.05473684210526316
cam537_w3,283,0.016842105263157894
cam537_w3,284,0.056842105263157895
cam537_w3,285,0.036491228070175435
cam537_w3,286,0.019649122807017545
cam537_w3,287,0.06947368421052631
cam537_w3,288,0.011929824561403509
cam537_w3,289,0.016140350877192983
cam537_w3,290,0.004210526315789474
cam537_w3,291,0.0
cam537_w3,292,0.05964912280701754
cam537_w3,293,0.04631578947368421
cam537_w3,294,0.08210526315789474
cam537_w3,295,0.03298245614035088
cam537_w3,296,0.013333333333333334
cam537_w3,297,0.032280701754385965
cam537_w3,298,0.07157894736842105
cam537_w3,299,0.018947368421052633
cam537_w3,300,0.0
cam537_w3,301,0.0
cam537_w3,302,0.0
cam537_w3,303,0.0
cam537_w3,304,0.005644811115935736
cam537_w3,305,0.0
cam537_w3,306,0.0
cam537_w3,307,0.008684324793747287
cam537_w3,308,0.0008684324793747286
cam537_w3,309,0.00998697351280938
cam537_w3,310,0.0004342162396873643
cam537_w3,311,0.0039079461571862786
cam537_w3,312,0.004776378636561007
cam537_w3,313,0.025618758141554496
cam537_w3,314,0.05167173252279635
cam537_w3,315,0.04342162396873643
cam537_w3,316,0.0060790273556231
cam537_w3,317,0.015631784628745114
cam537_w3,318,0.07425097698653929
cam537_w3,319,0.07729049066435084
cam537_w3,320,0.19496309161962658
cam537_w3,321,0.2957012592270951
cam537_w3,322,0.00998697351280938
cam537_w3,323,0.030829353017802867
cam537_w3,324,0.008684324793747287
cam537_w3,325,0.10508033000434217
cam537_w3,326,0.0
cam537_w3,327,0.005644811115935736
cam537_w3,328,0.009552757273122015
cam537_w3,329,0.029960920538428137
cam537_w3,330,0.026052974381241857
cam537_w3,331,0.010855405992184108
cam537_w3,332,0.01910551454624403
cam537_w3,333,0.02040816326530612
cam537_w3,334,0.22796352583586627
cam537_w3,335,0.13721233174120712
cam537_w3,336,0.21450282240555796
cam537_w3,337,0.09900130264871906
cam537_w3,338,0.16500217108119844
cam537_w3,339,0.02301346070343031
cam537_w3,340,0.0
cam537_w3,341,0.014329135909683021
cam537_w3,342,0.021710811984368215
cam537_w3,343,0.011289622231871473
cam537_w3,344,0.013460703430308293
cam537_w3,345,0.022579244463742945
cam537_w3,346,0.0039079461571862786
cam537_w3,347,0.05080330004342162
cam537_w3,348,0.0729483282674772
cam537_w3,349,0.11115935735996527
cam537_w3,350,0.17542336083369517
cam537_w3,351,0.1046461137646548
cam537_w3,352,0.0924880590534086
cam537_w3,353,0.1619626574033869
cam537_w3,354,0.3330438558402084
cam537_w3,355,0.21971341728180635
cam537_w3,356,0.29526704298740775
cam537_w3,357,0.16847590099869736
cam537_w3,358,0.18541033434650456
cam537_w3,359,0.2518454190186713
cam537_w3,360,0.061658706035605734
cam537_w3,361,0.24706904038211028
cam537_w3,362,0.10725141120277898
cam537_w3,363,0.07859313938341293
cam537_w3,364,0.1228831958315241
cam537_w3,365,0.03343465045592705
cam537_w3,366,0.09292227529309596
cam537_w3,367,0.021710811984368215
cam537_w3,368,0.0668693009118541
cam537_w3,369,0.07425097698653929
cam537_w3,370,0.08554059921841077
cam537_w3,371,0.005644811115935736
cam537_w3,372,0.02344767694311767
cam537_w3,373,0.10594876248371689
cam537_w3,374,0.008684324793747287
cam537_w3,375,0.0121580547112462
cam537_w5,1,0.0
cam537_w5,2,0.02337334175615919
cam537_w5,3,0.16993051168667087
cam537_w5,4,0.07896399241945673
cam537_w5,5,0.0
cam537_w5,6,0.0
cam537_w5,7,0.0
cam537_w5,8,0.05432722678458623
cam537_w5,9,0.09096651926721415
cam537_w5,10,0.0
cam537_w5,11,0.012002526847757423
cam537_w5,12,0.0
cam537_w5,13,0.0
cam537_w5,14,0.0018951358180669614
cam537_w5,15,0.004421983575489577
cam537_w5,16,0.006948831332912192
cam537_w5,17,0.0006317119393556538
cam537_w5,18,0.0082122552116235
cam537_w5,19,0.07706885660138976
cam537_w5,20,0.003790271636133923
cam537_w5,21,0.0012634238787113076
cam537_w5,22,0.10928616550852811
cam537_w5,23,0.06443461781427669
cam537_w5,24,0.0
cam537_w5,25,0.16361339229311433
cam537_w5,26,0.17624763108022742
cam537_w5,27,0.37650031585596966
cam537_w5,28,0.260897030953885
cam537_w5,29,0.012634238787113077
cam537_w5,30,0.010739102969046115
cam537_w5,31,0.09349336702463676
cam537_w5,32,0.0018951358180669614
cam537_w5,33,0.03158559696778269
cam537_w5,34,0.027163613392293114
cam537_w5,35,0.003790271636133923
cam537_w5,36,0.03916614024005054
cam537_w5,37,0.010739102969046115
cam537_w5,38,0.08528111181301326
cam537_w5,39,0.04421983575489577
cam537_w5,40,0.08085912823752368
cam537_w5,41,0.012002526847757423
cam537_w5,42,0.0012634238787113076
cam537_w5,43,0.1231838281743525
cam537_w5,44,0.02021478205938092
cam537_w5,45,0.0012634238787113076
cam537_w5,46,0.0
cam537_w5,47,0.08843967150979154
cam537_w5,48,0.22109917877447885
cam537_w5,49,0.14718888186986734
cam537_w5,50,0.5590650663297536
cam537_w5,51,0.21857233101705623
cam537_w5,52,0.0903348073278585
cam537_w5,53,0.025268477574226154
cam537_w5,54,0.12065698041692988
cam537_w5,55,0.1162349968414403
cam537_w5,56,0.3651295009475679
cam537_w5,57,0.37839545167403665
cam537_w5,58,0.6475047378395452
cam537_w5,59,0.43651295009475677
cam537_w5,60,0.37839545167403665
cam537_w5,61,0.2804801010739103
cam537_w5,62,0.17308907138344914
cam537_w5,63,0.11749842072015161
cam537_w5,64,0.1724573594440935
cam537_w5,65,0.037271004421983576
cam537_w5,66,0.0006317119393556538
cam537_w5,67,0.03095388502842704
cam537_w5,68,0.0
cam537_w5,69,0.06759317751105495
cam537_w5,70,0.11876184459886292
cam537_w5,71,0.028427037271004423
cam537_w5,72,0.017056222362602652
cam537_w5,73,0.0
cam537_w5,74,0.0
cam537_w5,75,0.0
cam537_w5,76,0.0
cam537_w5,77,0.0
cam537_w5,78,0.0
cam537_w5,79,0.0
cam537_w5,80,0.0
cam537_w5,81,0.0
cam537_w5,82,0.0
cam537_w5,83,0.0
cam537_w5,84,0.0
cam537_w5,85,0.0
cam537_w5,86,0.0
cam537_w5,87,0.0
cam537_w5,88,0.003316749585406302
cam537_w5,89,0.0
cam537_w5,90,0.024875621890547265
cam537_w5,91,0.22553897180762852
cam537_w5,92,0.4917081260364842
cam537_w5,93,0.0
cam537_w5,94,0.18159203980099503
cam537_w5,95,0.1252072968490879
cam537_w5,96,0.04892205638474295
cam537_w5,97,0.0041459369817578775
cam537_w5,98,0.0
cam537_w5,99,0.5986733001658375
cam537_w5,100,0.6094527363184079
cam537_w5,101,0.7951907131011609
cam537_w5,102,0.5265339966832504
cam537_w5,103,0.7504145936981758
cam537_w5,104,0.4295190713101161
cam537_w5,105,0.2744610281923715
cam537_w5,106,0.26616915422885573
cam537_w5,107,0.8233830845771144
cam537_w5,108,0.851575456053068
cam537_w5,109,0.2885572139303483
cam537_w5,110,0.05472636815920398
cam537_w5,111,0.6459369817578773
cam537_w5,112,0.5696517412935324
cam537_w5,113,0.6733001658374793
cam537_w5,114,0.5207296849087893
cam537_w5,115,0.003316749585406302
cam537_w5,116,0.003316749585406302
cam537_w5,117,0.012437810945273632
cam537_w5,118,0.008291873963515755
cam537_w5,119,0.00912106135986733
cam537_w5,120,0.05804311774461028
cam537_w5,121,0.019071310116086235
cam537_w5,122,0.06550580431177445
cam537_w5,123,0.02321724709784411
cam537_w5,124,0.05721393034825871
cam537_w5,125,0.05721393034825871
cam537_w5,126,0.004975124378109453
cam537_w5,127,0.0
cam537_w5,128,0.026533996683250415
cam537_w5,129,0.15091210613598674
cam537_w5,130,0.0
cam537_w5,131,0.01824212271973466
cam537_w5,132,0.014096185737976783
cam537_w5,133,0.04643449419568822
cam537_w5,134,0.02736318407960199
cam537_w5,135,0.0008291873963515755
cam537_w5,136,0.02404643449419569
cam537_w5,137,0.0
cam537_w5,138,0.001658374792703151
cam537_w5,139,0.0
cam537_w5,140,0.0008291873963515755
cam537_w5,141,0.0024875621890547263
cam537_w5,142,0.0
cam537_w5,143,0.1011608623548922
cam537_w5,144,0.10199004975124377
cam537_w5,145,0.04643449419568822
cam537_w5,146,0.003316749585406302
cam537_w5,147,0.003316749585406302
cam537_w5,148,0.0
cam537_w5,149,0.0
cam537_w5,150,0.0
cam537_w5,151,0.0
cam537_w5,152,0.0
cam537_w5,153,0.0
cam537_w5,154,0.00686106346483705
cam537_w5,155,0.0
cam537_w5,156,0.0
cam537_w5,157,0.0
cam537_w5,158,0.0
cam537_w5,159,0.009433962264150943
cam537_w5,160,0.0
cam537_w5,161,0.0
cam537_w5,162,0.0
cam537_w5,163,0.0
cam537_w5,164,0.0
cam537_w5,165,0.0
cam537_w5,166,0.0
cam537_w5,167,0.026586620926243566
cam537_w5,168,0.002572898799313894
cam537_w5,169,0.016295025728987993
cam537_w5,170,0.13979416809605488
cam537_w5,171,0.0
cam537_w5,172,0.025728987993138937
cam537_w5,173,0.18696397941680962
cam537_w5,174,0.06518010291595197
cam537_w5,175,0.1998284734133791
cam537_w5,176,0.22298456260720412
cam537_w5,177,0.39193825042881647
cam537_w5,178,0.44168096054888506
cam537_w5,179,0.2881646655231561
cam537_w5,180,0.07375643224699828
cam537_w5,181,0.39708404802744424
cam537_w5,182,0.4914236706689537
cam537_w5,183,0.4777015437392796
cam537_w5,184,0.3893653516295026
cam537_w5,185,0.6132075471698113
cam537_w5,186,0.3130360205831904
cam537_w5,187,0.03173241852487135
cam537_w5,188,0.241852487135506
cam537_w5,189,0.0711835334476844
cam537_w5,190,0.024871355060034305
cam537_w5,191,0.07289879931389365
cam537_w5,192,0.19039451114922812
cam537_w5,193,0.17753001715265868
cam537_w5,194,0.005145797598627788
cam537_w5,195,0.3439108061749571
cam537_w5,196,0.18267581475128644
cam537_w5,197,0.11320754716981132
cam537_w5,198,0.09262435677530018
cam537_w5,199,0.022298456260720412
cam537_w5,200,0.06174957118353345
cam537_w5,201,0.007718696397941681
cam537_w5,202,0.0
cam537_w5,203,0.003430531732418525
cam537_w5,204,0.011149228130360206
cam537_w5,205,0.0017152658662092624
cam537_w5,206,0.058319039451114926
cam537_w5,207,0.05574614065180103
cam537_w5,208,0.0711835334476844
cam537_w5,209,0.03516295025728988
cam537_w5,210,0.010291595197255575
cam537_w5,211,0.0
cam537_w5,212,0.0
cam537_w5,213,0.006003430531732418
cam537_w5,214,0.0
cam537_w5,215,0.0
cam537_w5,216,0.015437392795883362
cam537_w5,217,0.13379073756432247
cam537_w5,218,0.1097770154373928
cam537_w5,219,0.023156089193825044
cam537_w5,220,0.006003430531732418
cam537_w5,221,0.002572898799313894
cam537_w5,222,0.009433962264150943
cam537_w5,223,0.0017152658662092624
cam537_w5,224,0.024871355060034305
cam537_w5,225,0.004288164665523156
cam537_w5,226,0.0
cam537_w5,227,0.0
cam537_w5,228,0.000724112961622013
cam537_w5,229,0.010861694424330196
cam537_w5,230,0.03475742215785663
cam537_w5,231,0.0
cam537_w5,232,0.0
cam537_w5,233,0.0
cam537_w5,234,0.025343953656770456
cam537_w5,235,0.0
cam537_w5,236,0.0
cam537_w5,237,0.000724112961622013
cam537_w5,238,0.025343953656770456
cam537_w5,239,0.018102824040550327
cam537_w5,240,0.013034033309196235
cam537_w5,241,0.02172338884866039
cam537_w5,242,0.0
cam537_w5,243,0.05068790731354091
cam537_w5,244,0.0890658942795076
cam537_w5,245,0.03548153511947864
cam537_w5,246,0.15930485155684287
cam537_w5,247,0.19333816075307747
cam537_w5,248,0.18175235336712528
cam537_w5,249,0.06299782766111513
cam537_w5,250,0.06879073135409124
cam537_w5,251,0.1781317885590152
cam537_w5,252,0.11151339608979001
cam537_w5,253,0.0782041998551774
cam537_w5,254,0.055756698044895005
cam537_w5,255,0.30412744388124546
cam537_w5,256,0.02606806661839247
cam537_w5,257,0.05213613323678494
cam537_w5,258,0.011585807385952208
cam537_w5,259,0.0832729905865315
cam537_w5,260,0.022447501810282405
cam537_w5,261,0.026792179580014484
cam537_w5,262,0.22085445329471398
cam537_w5,263,0.05286024619840695
cam537_w5,264,0.028240405503258507
cam537_w5,265,0.000724112961622013
cam537_w5,266,0.001448225923244026
cam537_w5,267,0.09268645908761766
cam537_w5,268,0.18464880521361332
cam537_w5,269,0.2172338884866039
cam537_w5,270,0.03765387400434468
cam537_w5,271,0.3664011585807386
cam537_w5,272,0.036205648081100654
cam537_w5,273,0.001448225923244026
cam537_w5,274,0.01955104996379435
cam537_w5,275,0.024619840695148443
cam537_w5,276,0.07168718320057929
cam537_w5,277,0.001448225923244026
cam537_w5,278,0.10716871832005793
cam537_w5,279,0.06517016654598118
cam537_w5,280,0.015206372194062274
cam537_w5,281,0.010861694424330196
cam537_w5,282,0.013758146270818247
cam537_w5,283,0.018102824040550327
cam537_w5,284,0.06734250543084722
cam537_w5,285,0.10934105720492397
cam537_w5,286,0.023171614771904415
cam537_w5,287,0.1947863866763215
cam537_w5,288,0.1549601737871108
cam537_w5,289,0.21288921071687184
cam537_w5,290,0.23606082548877624
cam537_w5,291,0.2505430847212165
cam537_w5,292,0.11947863866763216
cam537_w5,293,0.048515568428674875
cam537_w5,294,0.015930485155684286
cam537_w5,295,0.03475742215785663
cam537_w5,296,0.0
cam537_w5,297,0.007965242577842143
cam537_w5,298,0.04634322954380883
cam537_w5,299,0.024619840695148443
cam537_w5,300,0.03258508327299059
cam537_w5,301,0.04685212298682284
cam537_w5,302,0.0
cam537_w5,303,0.00634455832113226
cam537_w5,304,0.0
cam537_w5,305,0.0
cam537_w5,306,0.0004880429477794046
cam537_w5,307,0.0014641288433382138
cam537_w5,308,0.04587603709126403
cam537_w5,309,0.0
cam537_w5,310,0.005856515373352855
cam537_w5,311,0.02635431918008785
cam537_w5,312,0.013665202537823329
cam537_w5,313,0.011224987798926306
cam537_w5,314,0.04880429477794046
cam537_w5,315,0.048316251830161056
cam537_w5,316,0.0424597364568082
cam537_w5,317,0.09077598828696926
cam537_w5,318,0.03953147877013177
cam537_w5,319,0.021473889702293802
cam537_w5,320,0.08150317227916057
cam537_w5,321,0.14055636896046853
cam537_w5,322,0.08150317227916057
cam537_w5,323,0.2889214250854075
cam537_w5,324,0.16105417276720352
cam537_w5,325,0.18496827720839434
cam537_w5,326,0.17520741825280625
cam537_w5,327,0.04001952171791118
cam537_w5,328,0.10297706198145437
cam537_w5,329,0.06979014153245486
cam537_w5,330,0.022938018545632016
cam537_w5,331,0.08296730112249878
cam537_w5,332,0.08101512933138116
cam537_w5,333,0.37481698389458273
cam537_w5,334,0.06686188384577843
cam537_w5,335,0.1054172767203514
cam537_w5,336,0.12005856515373353
cam537_w5,337,0.07125427037579307
cam537_w5,338,0.2591508052708638
cam537_w5,339,0.02635431918008785
cam537_w5,340,0.3211322596388482
cam537_w5,341,0.12396290873596877
cam537_w5,342,0.05173255246461689
cam537_w5,343,0.4289897510980966
cam537_w5,344,0.12005856515373353
cam537_w5,345,0.08979990239141045
cam537_w5,346,0.010248901903367497
cam537_w5,347,0.08345534407027819
cam537_w5,348,0.10297706198145437
cam537_w5,349,0.24206930209858468
cam537_w5,350,0.05222059541239629
cam537_w5,351,0.17471937530502685
cam537_w5,352,0.20497803806734993
cam537_w5,353,0.14494875549048317
cam537_w5,354,0.2337725719863348
cam537_w5,355,0.08003904343582235
cam537_w5,356,0.1498291849682772
cam537_w5,357,0.1171303074670571
cam537_w5,358,0.06783796974133724
cam537_w5,359,0.0849194729136164
cam537_w5,360,0.148365056124939
cam537_w5,361,0.11176183504148365
cam537_w5,362,0.22742801366520254
cam537_w5,363,0.5007320644216691
cam537_w5,364,0.10004880429477794
cam537_w5,365,0.1595900439238653
cam537_w5,366,0.09858467545143973
cam537_w5,367,0.14592484138604198
cam537_w5,368,0.07320644216691069
cam537_w5,369,0.006832601268911664
cam537_w5,370,0.05075646656905808
cam537_w5,371,0.20790629575402636
cam537_w5,372,0.22693997071742314
cam537_w5,373,0.1488530990727184
cam537_w5,374,0.08979990239141045
cam537_w5,375,0.1371400683260127
