worm_id,bin_idx,roaming_fraction
cam034_w2,1,0.0
cam034_w2,2,0.0
cam034_w2,3,0.0
cam034_w2,4,0.0
cam034_w2,5,0.0
cam034_w2,6,0.0
cam034_w2,7,0.0
cam034_w2,8,0.0
cam034_w2,9,0.02010968921389397
cam034_w2,10,0.0
cam034_w2,11,0.0
cam034_w2,12,0.03595368677635588
cam034_w2,13,0.0
cam034_w2,14,0.0
cam034_w2,15,0.27178549664838514
cam034_w2,16,0.07921998781230957
cam034_w2,17,0.4101157830591103
cam034_w2,18,0.0
cam034_w2,19,0.001218769043266301
cam034_w2,20,0.30408287629494213
cam034_w2,21,0.3778184034125533
cam034_w2,22,0.0042656916514320535
cam034_w2,23,0.44972577696526506
cam034_w2,24,0.0
cam034_w2,25,0.0
cam034_w2,26,0.0
cam034_w2,27,0.0
cam034_w2,28,0.0
cam034_w2,29,0.18037781840341255
cam034_w2,30,0.3120048750761731
cam034_w2,31,0.002437538086532602
cam034_w2,32,0.16575258988421693
cam034_w2,33,0.04570383912248629
cam034_w2,34,0.0
cam034_w2,35,0.007921998781230956
cam034_w2,36,0.002437538086532602
cam034_w2,37,0.004875076173065204
cam034_w2,38,0.0
cam034_w2,39,0.36806825106642294
cam034_w2,40,0.376599634369287
cam034_w2,41,0.007312614259597806
cam034_w2,42,0.0
cam034_w2,43,0.2931139549055454
cam034_w2,44,0.2784887263863498
cam034_w2,45,0.46861669713589277
cam034_w2,46,0.3546617915904936
cam034_w2,47,0.04204753199268738
cam034_w2,48,0.1267519804996953
cam034_w2,49,0.24314442413162707
cam034_w2,50,0.0
cam034_w2,51,0.12797074954296161
cam034_w2,52,0.021937842778793418
cam034_w2,53,0.0006093845216331506
cam034_w2,54,0.0
cam034_w2,55,0.039609993906154786
cam034_w2,56,0.03534430225472273
cam034_w2,57,0.04509445460085314
cam034_w2,58,0.1340645947592931
cam034_w2,59,0.09384521633150518
cam034_w2,60,0.09932967702620353
cam034_w2,61,0.14686166971358927
cam034_w2,62,0.08531383302864107
cam034_w2,63,0.1761121267519805
cam034_w2,64,0.21267519804996954
cam034_w2,65,0.015234613040828763
cam034_w2,66,0.0
cam034_w2,67,0.0042656916514320535
cam034_w2,68,0.021937842778793418
cam034_w2,69,0.0018281535648994515
cam034_w2,70,0.0578915295551493
cam034_w2,71,0.01218769043266301
cam034_w2,72,0.018281535648994516
cam034_w2,73,0.003656307129798903
cam034_w2,74,0.021328458257160267
cam034_w2,75,0.0
cam034_w2,76,0.0
cam034_w2,77,0.0
cam034_w2,78,0.0
cam034_w2,79,0.0
cam034_w2,80,0.0
cam034_w2,81,0.0
cam034_w2,82,0.0
cam034_w2,83,0.0
cam034_w2,84,0.0
cam034_w2,85,0.0
cam034_w2,86,0.0007575757575757576
cam034_w2,87,0.0
cam034_w2,88,0.0
cam034_w2,89,0.02727272727272727
cam034_w2,90,0.28863636363636364
cam034_w2,91,0.0
cam034_w2,92,0.04090909090909091
cam034_w2,93,0.0030303030303030303
cam034_w2,94,0.5621212121212121
cam034_w2,95,0.678030303030303
cam034_w2,96,0.025
cam034_w2,97,0.0
cam034_w2,98,0.006060606060606061
cam034_w2,99,0.0
cam034_w2,100,0.26212121212121214
cam034_w2,101,0.5992424242424242
cam034_w2,102,0.3098484848484849
cam034_w2,103,0.32651515151515154
cam034_w2,104,0.0
cam034_w2,105,0.0
cam034_w2,106,0.0
cam034_w2,107,0.0
cam034_w2,108,0.0030303030303030303
cam034_w2,109,0.0
cam034_w2,110,0.0
cam034_w2,111,0.026515151515151516
cam034_w2,112,0.04242424242424243
cam034_w2,113,0.0015151515151515152
cam034_w2,114,0.0
cam034_w2,115,0.008333333333333333
cam034_w2,116,0.07424242424242425
cam034_w2,117,0.13787878787878788
cam034_w2,118,0.0446969696969697
cam034_w2,119,0.0
cam034_w2,120,0.07045454545454545
cam034_w2,121,0.29924242424242425
cam034_w2,122,0.3477272727272727
cam034_w2,123,0.3393939393939394
cam034_w2,124,0.49015151515151517
cam034_w2,125,0.7681818181818182
cam034_w2,126,0.12803030303030302
cam034_w2,127,0.008333333333333333
cam034_w2,128,0.06136363636363636
cam034_w2,129,0.2446969696969697
cam034_w2,130,0.03939393939393939
cam034_w2,131,0.0
cam034_w2,132,0.0
cam034_w2,133,0.0
cam034_w2,134,0.0
cam034_w2,135,0.0022727272727272726
cam034_w2,136,0.0022727272727272726
cam034_w2,137,0.0
cam034_w2,138,0.030303030303030304
cam034_w2,139,0.12727272727272726
cam034_w2,140,0.058333333333333334
cam034_w2,141,0.0022727272727272726
cam034_w2,142,0.005303030303030303
cam034_w2,143,0.0
cam034_w2,144,0.0
cam034_w2,145,0.0
cam034_w2,146,0.0
cam034_w2,147,0.0
cam034_w2,148,0.0
cam034_w2,149,0.0
cam034_w2,150,0.0
cam034_w2,151,0.0
cam034_w2,152,0.0
cam034_w2,153,0.0
cam034_w2,154,0.0
cam034_w2,155,0.0
cam034_w2,156,0.0
cam034_w2,157,0.0
cam034_w2,158,0.0
cam034_w2,159,0.0
cam034_w2,160,0.0
cam034_w2,161,0.0
cam034_w2,162,0.0
cam034_w2,163,0.0
cam034_w2,164,0.012552301255230125
cam034_w2,165,0.100418410041841
cam034_w2,166,0.059414225941422594
cam034_w2,167,0.3723849372384937
cam034_w2,168,0.42343096234309624
cam034_w2,169,0.600836820083682
cam034_w2,170,0.2200836820083682
cam034_w2,171,0.002510460251046025
cam034_w2,172,0.009205020920502092
cam034_w2,173,0.018410041841004185
cam034_w2,174,0.0
cam034_w2,175,0.03598326359832636
cam034_w2,176,0.04100418410041841
cam034_w2,177,0.06861924686192468
cam034_w2,178,0.019246861924686193
cam034_w2,179,0.02092050209205021
cam034_w2,180,0.04100418410041841
cam034_w2,181,0.18326359832635983
cam034_w2,182,0.0
cam034_w2,183,0.002510460251046025
cam034_w2,184,0.007531380753138075
cam034_w2,185,0.012552301255230125
cam034_w2,186,0.0
cam034_w2,187,0.0008368200836820083
cam034_w2,188,0.08368200836820083
cam034_w2,189,0.08702928870292886
cam034_w2,190,0.3163179916317992
cam034_w2,191,0.33305439330543934
cam034_w2,192,0.0
cam034_w2,193,0.0
cam034_w2,194,0.007531380753138075
cam034_w2,195,0.10209205020920502
cam034_w2,196,0.24267782426778242
cam034_w2,197,0.0
cam034_w2,198,0.0100418410041841
cam034_w2,199,0.015899581589958158
cam034_w2,200,0.0
cam034_w2,201,0.08619246861924686
cam034_w2,202,0.014225941422594143
cam034_w2,203,0.0
cam034_w2,204,0.011715481171548118
cam034_w2,205,0.0
cam034_w2,206,0.018410041841004185
cam034_w2,207,0.0008368200836820083
cam034_w2,208,0.022594142259414227
cam034_w2,209,0.002510460251046025
cam034_w2,210,0.055230125523012555
cam034_w2,211,0.21673640167364017
cam034_w2,212,0.0
cam034_w2,213,0.005857740585774059
cam034_w2,214,0.07280334728033473
cam034_w2,215,0.0200836820083682
cam034_w2,216,0.059414225941422594
cam034_w2,217,0.03347280334728033
cam034_w2,218,0.0
cam034_w2,219,0.0
cam034_w2,220,0.0
cam034_w2,221,0.0
cam034_w2,222,0.0
cam034_w2,223,0.0
cam034_w2,224,0.010878661087866108
cam034_w2,225,0.0
cam034_w2,226,0.0
cam034_w2,227,0.0
cam034_w2,228,0.0
cam034_w2,229,0.0
cam034_w2,230,0.0041265474552957355
cam034_w2,231,0.000687757909215956
cam034_w2,232,0.07427785419532325
cam034_w2,233,0.005502063273727648
cam034_w2,234,0.0
cam034_w2,235,0.0
cam034_w2,236,0.0
cam034_w2,237,0.1265474552957359
cam034_w2,238,0.018569463548830812
cam034_w2,239,0.0
cam034_w2,240,0.029573590096286108
cam034_w2,241,0.011691884456671253
cam034_w2,242,0.1375515818431912
cam034_w2,243,0.09284731774415406
cam034_w2,244,0.09422283356258597
cam034_w2,245,0.07152682255845942
cam034_w2,246,0.04676753782668501
cam034_w2,247,0.18707015130674004
cam034_w2,248,0.2702888583218707
cam034_w2,249,0.29642365887207706
cam034_w2,250,0.0405777166437414
cam034_w2,251,0.1781292984869326
cam034_w2,252,0.4030261348005502
cam034_w2,253,0.5378266850068776
cam034_w2,254,0.6320495185694636
cam034_w2,255,0.009628610729023384
cam034_w2,256,0.0
cam034_w2,257,0.0034387895460797797
cam034_w2,258,0.015130674002751032
cam034_w2,259,0.015130674002751032
cam034_w2,260,0.011004126547455296
cam034_w2,261,0.026822558459422285
cam034_w2,262,0.048143053645116916
cam034_w2,263,0.03370013755158184
cam034_w2,264,0.054332874828060526
cam034_w2,265,0.0749656121045392
cam034_w2,266,0.009628610729023384
cam034_w2,267,0.11279229711141678
cam034_w2,268,0.29298486932599727
cam034_w2,269,0.21939477303988997
cam034_w2,270,0.18225584594222832
cam034_w2,271,0.030949105914718018
cam034_w2,272,0.008940852819807428
cam034_w2,273,0.0041265474552957355
cam034_w2,274,0.0
cam034_w2,275,0.027510316368638238
cam034_w2,276,0.0020632737276478678
cam034_w2,277,0.009628610729023384
cam034_w2,278,0.041953232462173314
cam034_w2,279,0.0
cam034_w2,280,0.01925722145804677
cam034_w2,281,0.05364511691884457
cam034_w2,282,0.15337001375515819
cam034_w2,283,0.20907840440165062
cam034_w2,284,0.2324621733149931
cam034_w2,285,0.12242090784044017
cam034_w2,286,0.013755158184319119
cam034_w2,287,0.004814305364511692
cam034_w2,288,0.004814305364511692
cam034_w2,289,0.001375515818431912
cam034_w2,290,0.014442916093535076
cam034_w2,291,0.024759284731774415
cam034_w2,292,0.04332874828060523
cam034_w2,293,0.02888583218707015
cam034_w2,294,0.0
cam034_w2,295,0.009628610729023384
cam034_w2,296,0.030261348005502064
cam034_w2,297,0.0
cam034_w2,298,0.0
cam034_w2,299,0.0
cam034_w2,300,0.0
cam034_w2,301,0.0
cam034_w2,302,0.0017368649587494573
cam034_w2,303,0.0
cam034_w2,304,0.0004342162396873643
cam034_w2,305,0.0
cam034_w2,306,0.0
cam034_w2,307,0.0039079461571862786
cam034_w2,308,0.0
cam034_w2,309,0.0
cam034_w2,310,0.008684324793747287
cam034_w2,311,0.0004342162396873643
cam034_w2,312,0.004342162396873643
cam034_w2,313,0.00303951367781155
cam034_w2,314,0.05644811115935736
cam034_w2,315,0.021710811984368215
cam034_w2,316,0.057750759878419454
cam034_w2,317,0.06469821971341728
cam034_w2,318,0.18063395570994356
cam034_w2,319,0.25835866261398177
cam034_w2,320,0.17933130699088146
cam034_w2,321,0.17455492835432046
cam034_w2,322,0.14763352149370387
cam034_w2,323,0.13200173686495875
cam034_w2,324,0.11419887103777682
cam034_w2,325,0.23317412071211463
cam034_w2,326,0.2531480677377334
cam034_w2,327,0.08988276161528441
cam034_w2,328,0.14633087277464177
cam034_w2,329,0.4476769431176726
cam034_w2,330,0.36300477637863654
cam034_w2,331,0.11550151975683891
cam034_w2,332,0.03690838037342597
cam034_w2,333,0.02822405557967868
cam034_w2,334,0.013894919669995658
cam034_w2,335,0.03300043421623969
cam034_w2,336,0.02735562310030395
cam034_w2,337,0.2349109856708641
cam034_w2,338,0.3382544507164568
cam034_w2,339,0.07989578810247504
cam034_w2,340,0.12635692574902302
cam034_w2,341,0.06296135475466783
cam034_w2,342,0.11202778983933999
cam034_w2,343,0.03430308293530178
cam034_w2,344,0.03386886669561442
cam034_w2,345,0.07425097698653929
cam034_w2,346,0.08119843682153713
cam034_w2,347,0.11506730351715154
cam034_w2,348,0.09422492401215805
cam034_w2,349,0.2092922275293096
cam034_w2,350,0.23317412071211463
cam034_w2,351,0.39947894051237515
cam034_w2,352,0.364741641337386
cam034_w2,353,0.09509335649153278
cam034_w2,354,0.0547112462006079
cam034_w2,355,0.09552757273122015
cam034_w2,356,0.1471993052540165
cam034_w2,357,0.16630481980026052
cam034_w2,358,0.27876682587928786
cam034_w2,359,0.2227529309596179
cam034_w2,360,0.1094224924012158
cam034_w2,361,0.27268779852366476
cam034_w2,362,0.049066435084672164
cam034_w2,363,0.011289622231871473
cam034_w2,364,0.015631784628745114
cam034_w2,365,0.0
cam034_w2,366,0.0008684324793747286
cam034_w2,367,0.017368649587494574
cam034_w2,368,0.01997394702561876
cam034_w2,369,0.029960920538428137
cam034_w2,370,0.058619192357794184
cam034_w2,371,0.04342162396873643
cam034_w2,372,0.07511940946591403
cam034_w2,373,0.10855405992184107
cam034_w2,374,0.3126356925749023
cam034_w2,375,0.07425097698653929
cam034_w3,1,0.1048141377209019
cam034_w3,2,0.0
cam034_w3,3,0.0
cam034_w3,4,0.18281535648994515
cam034_w3,5,0.1145642900670323
cam034_w3,6,0.04082876294942109
cam034_w3,7,0.02681291895185862
cam034_w3,8,0.4113345521023766
cam034_w3,9,0.2687385740402194
cam034_w3,10,0.0
cam034_w3,11,0.0
cam034_w3,12,0.05971968312004875
cam034_w3,13,0.0
cam034_w3,14,0.0
cam034_w3,15,0.41194393662400974
cam034_w3,16,0.0
cam034_w3,17,0.08531383302864107
cam034_w3,18,0.3241925655088361
cam034_w3,19,0.5082266910420475
cam034_w3,20,0.7629494210847044
cam034_w3,21,0.016453382084095063
cam034_w3,22,0.5655088360755637
cam034_w3,23,0.003656307129798903
cam034_w3,24,0.0
cam034_w3,25,0.0
cam034_w3,26,0.0
cam034_w3,27,0.0006093845216331506
cam034_w3,28,0.010968921389396709
cam034_w3,29,0.0
cam034_w3,30,0.0
cam034_w3,31,0.0
cam034_w3,32,0.0
cam034_w3,33,0.021937842778793418
cam034_w3,34,0.0
cam034_w3,35,0.0
cam034_w3,36,0.007312614259597806
cam034_w3,37,0.010968921389396709
cam034_w3,38,0.0
cam034_w3,39,0.0
cam034_w3,40,0.003656307129798903
cam034_w3,41,0.08775137111517367
cam034_w3,42,0.020719073735527116
cam034_w3,43,0.038391224862888484
cam034_w3,44,0.06642291285801341
cam034_w3,45,0.07861060329067641
cam034_w3,46,0.004875076173065204
cam034_w3,47,0.018890920170627667
cam034_w3,48,0.11090798293723339
cam034_w3,49,0.02376599634369287
cam034_w3,50,0.08775137111517367
cam034_w3,51,0.15478366849482023
cam034_w3,52,0.056063375990249846
cam034_w3,53,0.012797074954296161
cam034_w3,54,0.006093845216331505
cam034_w3,55,0.009140767824497258
cam034_w3,56,0.0
cam034_w3,57,0.0
cam034_w3,58,0.029859841560024376
cam034_w3,59,0.0
cam034_w3,60,0.0
cam034_w3,61,0.006093845216331505
cam034_w3,62,0.003656307129798903
cam034_w3,63,0.10542352224253504
cam034_w3,64,0.0603290676416819
cam034_w3,65,0.0
cam034_w3,66,0.005484460694698354
cam034_w3,67,0.06946983546617916
cam034_w3,68,0.028031687995124923
cam034_w3,69,0.030469226081657527
cam034_w3,70,0.1663619744058501
cam034_w3,71,0.15722120658135283
cam034_w3,72,0.018281535648994516
cam034_w3,73,0.0
cam034_w3,74,0.0
cam034_w3,75,0.0
cam034_w3,76,0.0
cam034_w3,77,0.0
cam034_w3,78,0.0
cam034_w3,79,0.0
cam034_w3,80,0.0
cam034_w3,81,0.0
cam034_w3,82,0.0
cam034_w3,83,0.0
cam034_w3,84,0.006734006734006734
cam034_w3,85,0.0
cam034_w3,86,0.0
cam034_w3,87,0.0
cam034_w3,88,0.012626262626262626
cam034_w3,89,0.0
cam034_w3,90,0.27104377104377103
cam034_w3,91,0.23905723905723905
cam034_w3,92,0.43602693602693604
cam034_w3,93,0.4217171717171717
cam034_w3,94,0.0
cam034_w3,95,0.0
cam034_w3,96,0.19444444444444445
cam034_w3,97,0.5597643097643098
cam034_w3,98,0.026936026936026935
cam034_w3,99,0.0664983164983165
cam034_w3,100,0.7676767676767676
cam034_w3,101,0.5067340067340067
cam034_w3,102,0.0
cam034_w3,103,0.0
cam034_w3,104,0.0
cam034_w3,105,0.0
cam034_w3,106,0.0
cam034_w3,107,0.0
cam034_w3,108,0.0
cam034_w3,109,0.0025252525252525255
cam034_w3,110,0.0
cam034_w3,111,0.24242424242424243
cam034_w3,112,0.35269360269360267
cam034_w3,113,0.5547138047138047
cam034_w3,114,0.8636363636363636
cam034_w3,115,0.20707070707070707
cam034_w3,116,0.17676767676767677
cam034_w3,117,0.0
cam034_w3,118,0.0
cam034_w3,119,0.0
cam034_w3,120,0.0
cam034_w3,121,0.0
cam034_w3,122,0.025252525252525252
cam034_w3,123,0.05218855218855219
cam034_w3,124,0.013468013468013467
cam034_w3,125,0.09006734006734007
cam034_w3,126,0.004208754208754209
cam034_w3,127,0.005892255892255892
cam034_w3,128,0.0
cam034_w3,129,0.0
cam034_w3,130,0.0
cam034_w3,131,0.0
cam034_w3,132,0.0
cam034_w3,133,0.0
cam034_w3,134,0.0
cam034_w3,135,0.0
cam034_w3,136,0.0
cam034_w3,137,0.0
cam034_w3,138,0.0
cam034_w3,139,0.0
cam034_w3,140,0.0
cam034_w3,141,0.0
cam034_w3,142,0.1531986531986532
cam034_w3,143,0.09175084175084175
cam034_w3,144,0.0
cam034_w3,145,0.0
cam034_w3,146,0.0
cam034_w3,147,0.0
cam034_w3,148,0.0
cam034_w3,149,0.0
cam034_w3,150,0.0
cam034_w3,151,0.0
cam034_w3,152,0.0
cam034_w3,153,0.0
cam034_w3,154,0.0
cam034_w3,155,0.0
cam034_w3,156,0.0
cam034_w3,157,0.0
cam034_w3,158,0.0
cam034_w3,159,0.0
cam034_w3,160,0.0
cam034_w3,161,0.0
cam034_w3,162,0.0
cam034_w3,163,0.0
cam034_w3,164,0.0
cam034_w3,165,0.0
cam034_w3,166,0.0
cam034_w3,167,0.020193861066235864
cam034_w3,168,0.050080775444264945
cam034_w3,169,0.012116316639741519
cam034_w3,170,0.07512116316639741
cam034_w3,171,0.09046849757673667
cam034_w3,172,0.7205169628432956
cam034_w3,173,0.7940226171243941
cam034_w3,174,0.0
cam034_w3,175,0.006462035541195477
cam034_w3,176,0.06623586429725363
cam034_w3,177,0.0654281098546042
cam034_w3,178,0.12681744749596122
cam034_w3,179,0.33117932148626816
cam034_w3,180,0.8546042003231018
cam034_w3,181,0.39095315024232635
cam034_w3,182,0.0
cam034_w3,183,0.0
cam034_w3,184,0.0
cam034_w3,185,0.0
cam034_w3,186,0.017770597738287562
cam034_w3,187,0.0
cam034_w3,188,0.004846526655896607
cam034_w3,189,0.033925686591276254
cam034_w3,190,0.0008077544426494346
cam034_w3,191,0.025040387722132473
cam034_w3,192,0.22132471728594508
cam034_w3,193,0.0864297253634895
cam034_w3,194,0.1890145395799677
cam034_w3,195,0.529886914378029
cam034_w3,196,0.3166397415185784
cam034_w3,197,0.03231017770597738
cam034_w3,198,0.0024232633279483036
cam034_w3,199,0.0
cam034_w3,200,0.0
cam034_w3,201,0.0
cam034_w3,202,0.0
cam034_w3,203,0.0
cam034_w3,204,0.0210016155088853
cam034_w3,205,0.0
cam034_w3,206,0.0008077544426494346
cam034_w3,207,0.0
cam034_w3,208,0.0
cam034_w3,209,0.0
cam034_w3,210,0.020193861066235864
cam034_w3,211,0.0016155088852988692
cam034_w3,212,0.027463651050080775
cam034_w3,213,0.015347334410339256
cam034_w3,214,0.018578352180936994
cam034_w3,215,0.04281098546042003
cam034_w3,216,0.0
cam034_w3,217,0.0
cam034_w3,218,0.0
cam034_w3,219,0.0
cam034_w3,220,0.008077544426494346
cam034_w3,221,0.0
cam034_w3,222,0.0016155088852988692
cam034_w3,223,0.0
cam034_w3,224,0.0
cam034_w3,225,0.0
cam034_w3,226,0.0
cam034_w3,227,0.0
cam034_w3,228,0.0
cam034_w3,229,0.0
cam034_w3,230,0.0
cam034_w3,231,0.007482993197278911
cam034_w3,232,0.0
cam034_w3,233,0.0
cam034_w3,234,0.0
cam034_w3,235,0.004761904761904762
cam034_w3,236,0.0013605442176870747
cam034_w3,237,0.012244897959183673
cam034_w3,238,0.0
cam034_w3,239,0.036734693877551024
cam034_w3,240,0.10340136054421768
cam034_w3,241,0.13877551020408163
cam034_w3,242,0.04965986394557823
cam034_w3,243,0.22653061224489796
cam034_w3,244,0.48775510204081635
cam034_w3,245,0.13401360544217686
cam034_w3,246,0.23877551020408164
cam034_w3,247,0.1816326530612245
cam034_w3,248,0.0013605442176870747
cam034_w3,249,0.018367346938775512
cam034_w3,250,0.0
cam034_w3,251,0.0
cam034_w3,252,0.007482993197278911
cam034_w3,253,0.0006802721088435374
cam034_w3,254,0.0
cam034_w3,255,0.004761904761904762
cam034_w3,256,0.05646258503401361
cam034_w3,257,0.01020408163265306
cam034_w3,258,0.0
cam034_w3,259,0.0
cam034_w3,260,0.009523809523809525
cam034_w3,261,0.0006802721088435374
cam034_w3,262,0.05646258503401361
cam034_w3,263,0.007482993197278911
cam034_w3,264,0.0
cam034_w3,265,0.06870748299319727
cam034_w3,266,0.030612244897959183
cam034_w3,267,0.044897959183673466
cam034_w3,268,0.0027210884353741495
cam034_w3,269,0.008843537414965987
cam034_w3,270,0.014285714285714285
cam034_w3,271,0.014285714285714285
cam034_w3,272,0.009523809523809525
cam034_w3,273,0.030612244897959183
cam034_w3,274,0.11632653061224489
cam034_w3,275,0.030612244897959183
cam034_w3,276,0.11632653061224489
cam034_w3,277,0.030612244897959183
cam034_w3,278,0.07210884353741497
cam034_w3,279,0.03945578231292517
cam034_w3,280,0.006122448979591836
cam034_w3,281,0.01020408163265306
cam034_w3,282,0.03605442176870748
cam034_w3,283,0.019727891156462583
cam034_w3,284,0.026530612244897958
cam034_w3,285,0.011564625850340135
cam034_w3,286,0.019727891156462583
cam034_w3,287,0.0
cam034_w3,288,0.0
cam034_w3,289,0.03537414965986395
cam034_w3,290,0.01020408163265306
cam034_w3,291,0.008843537414965987
cam034_w3,292,0.08843537414965986
cam034_w3,293,0.1523809523809524
cam034_w3,294,0.0027210884353741495
cam034_w3,295,0.0
cam034_w3,296,0.0
cam034_w3,297,0.0
cam034_w3,298,0.0
cam034_w3,299,0.0
cam034_w3,300,0.0
cam034_w3,301,0.0
cam034_w3,302,0.0
cam034_w3,303,0.0
cam034_w3,304,0.0
cam034_w3,305,0.0
cam034_w3,306,0.0
cam034_w3,307,0.0
cam034_w3,308,0.00782608695652174
cam034_w3,309,0.004347826086956522
cam034_w3,310,0.00608695652173913
cam034_w3,311,0.0004347826086956522
cam034_w3,312,0.0
cam034_w3,313,0.00391304347826087
cam034_w3,314,0.0026086956521739132
cam034_w3,315,0.052608695652173916
cam034_w3,316,0.034782608695652174
cam034_w3,317,0.04173913043478261
cam034_w3,318,0.05652173913043478
cam034_w3,319,0.011739130434782608
cam034_w3,320,0.13608695652173913
cam034_w3,321,0.03782608695652174
cam034_w3,322,0.15782608695652173
cam034_w3,323,0.08
cam034_w3,324,0.10434782608695652
cam034_w3,325,0.10391304347826087
cam034_w3,326,0.08869565217391304
cam034_w3,327,0.15478260869565216
cam034_w3,328,0.043043478260869565
cam034_w3,329,0.1265217391304348
cam034_w3,330,0.002173913043478261
cam034_w3,331,0.05347826086956522
cam034_w3,332,0.036521739130434785
cam034_w3,333,0.09391304347826086
cam034_w3,334,0.11565217391304349
cam034_w3,335,0.0791304347826087
cam034_w3,336,0.1208695652173913
cam034_w3,337,0.0
cam034_w3,338,0.12434782608695652
cam034_w3,339,0.02217391304347826
cam034_w3,340,0.05565217391304348
cam034_w3,341,0.03217391304347826
cam034_w3,342,0.017391304347826087
cam034_w3,343,0.02
cam034_w3,344,0.17478260869565218
cam034_w3,345,0.024782608695652172
cam034_w3,346,0.07043478260869565
cam034_w3,347,0.2747826086956522
cam034_w3,348,0.0
cam034_w3,349,0.1817391304347826
cam034_w3,350,0.12695652173913044
cam034_w3,351,0.14130434782608695
cam034_w3,352,0.07
cam034_w3,353,0.06304347826086956
cam034_w3,354,0.09
cam034_w3,355,0.0004347826086956522
cam034_w3,356,0.025652173913043478
cam034_w3,357,0.003043478260869565
cam034_w3,358,0.08739130434782609
cam034_w3,359,0.06956521739130435
cam034_w3,360,0.12782608695652173
cam034_w3,361,0.08608695652173913
cam034_w3,362,0.13869565217391305
cam034_w3,363,0.13521739130434782
cam034_w3,364,0.16130434782608696
cam034_w3,365,0.19695652173913045
cam034_w3,366,0.09521739130434782
cam034_w3,367,0.0004347826086956522
cam034_w3,368,0.010869565217391304
cam034_w3,369,0.1291304347826087
cam034_w3,370,0.1191304347826087
cam034_w3,371,0.007391304347826087
cam034_w3,372,0.05391304347826087
cam034_w3,373,0.22956521739130434
cam034_w3,374,0.0052173913043478265
cam034_w3,375,0.04217391304347826
cam034_w4,1,0.004024144869215292
cam034_w4,2,0.002012072434607646
cam034_w4,3,0.11401743796109994
cam034_w4,4,0.02481556002682763
cam034_w4,5,0.06237424547283702
cam034_w4,6,0.006036217303822937
cam034_w4,7,0.1636485580147552
cam034_w4,8,0.17974513749161636
cam034_w4,9,0.07243460764587525
cam034_w4,10,0.05097250167672703
cam034_w4,11,0.431924882629108
cam034_w4,12,0.8383635144198525
cam034_w4,13,0.24748490945674045
cam034_w4,14,0.007377598926894702
cam034_w4,15,0.0
cam034_w4,16,0.0
cam034_w4,17,0.022132796780684104
cam034_w4,18,0.0
cam034_w4,19,0.04560697518443997
cam034_w4,20,0.13682092555331993
cam034_w4,21,0.010731052984574111
cam034_w4,22,0.4694835680751174
cam034_w4,23,0.0
cam034_w4,24,0.0
cam034_w4,25,0.0
cam034_w4,26,0.0
cam034_w4,27,0.02079141515761234
cam034_w4,28,0.0
cam034_w4,29,0.0
cam034_w4,30,0.0
cam034_w4,31,0.0006706908115358819
cam034_w4,32,0.0
cam034_w4,33,0.0
cam034_w4,34,0.0
cam034_w4,35,0.0
cam034_w4,36,0.0
cam034_w4,37,0.0
cam034_w4,38,0.0
cam034_w4,39,0.0
cam034_w4,40,0.0
cam034_w4,41,0.0
cam034_w4,42,0.0
cam034_w4,43,0.022132796780684104
cam034_w4,44,0.0
cam034_w4,45,0.06237424547283702
cam034_w4,46,0.0818242790073776
cam034_w4,47,0.10999329309188464
cam034_w4,48,0.12139503688799463
cam034_w4,49,0.022803487592219986
cam034_w4,50,0.012743125419181758
cam034_w4,51,0.0013413816230717639
cam034_w4,52,0.10194500335345406
cam034_w4,53,0.0
cam034_w4,54,0.0
cam034_w4,55,0.0
cam034_w4,56,0.0
cam034_w4,57,0.16901408450704225
cam034_w4,58,0.0
cam034_w4,59,0.0335345405767941
cam034_w4,60,0.059691482226693494
cam034_w4,61,0.01006036217303823
cam034_w4,62,0.18242790073775988
cam034_w4,63,0.2917505030181087
cam034_w4,64,0.45875251509054327
cam034_w4,65,0.08383635144198524
cam034_w4,66,0.08316566063044936
cam034_w4,67,0.05298457411133468
cam034_w4,68,0.015425888665325285
cam034_w4,69,0.008718980549966466
cam034_w4,70,0.004024144869215292
cam034_w4,71,0.0
cam034_w4,72,0.0
cam034_w4,73,0.0
cam034_w4,74,0.0
cam034_w4,75,0.0
cam034_w4,76,0.0
cam034_w4,77,0.0
cam034_w4,78,0.0
cam034_w4,79,0.0
cam034_w4,80,0.0
cam034_w4,81,0.0
cam034_w4,82,0.0
cam034_w4,83,0.0
cam034_w4,84,0.0
cam034_w4,85,0.016792611251049538
cam034_w4,86,0.05037783375314862
cam034_w4,87,0.21914357682619648
cam034_w4,88,0.007556675062972292
cam034_w4,89,0.25692695214105793
cam034_w4,90,0.20235096557514692
cam034_w4,91,0.37699412258606213
cam034_w4,92,0.11335012594458438
cam034_w4,93,0.42989084802686817
cam034_w4,94,0.6397984886649875
cam034_w4,95,0.0041981528127623844
cam034_w4,96,0.2073887489504618
cam034_w4,97,0.006717044500419815
cam034_w4,98,0.15952980688497062
cam034_w4,99,0.0
cam034_w4,100,0.18219983207388749
cam034_w4,101,0.07472712006717044
cam034_w4,102,0.2409739714525609
cam034_w4,103,0.014273719563392108
cam034_w4,104,0.0
cam034_w4,105,0.2678421494542401
cam034_w4,106,0.49370277078085645
cam034_w4,107,0.6675062972292192
cam034_w4,108,0.22502099076406382
cam034_w4,109,0.21326616288832914
cam034_w4,110,0.5650713685978169
cam034_w4,111,0.3954659949622166
cam034_w4,112,0.08900083963056256
cam034_w4,113,0.2972292191435768
cam034_w4,114,0.5373635600335852
cam034_w4,115,0.005037783375314861
cam034_w4,116,0.0
cam034_w4,117,0.109151973131822
cam034_w4,118,0.22670025188916876
cam034_w4,119,0.01595298068849706
cam034_w4,120,0.0688497061293031
cam034_w4,121,0.14357682619647355
cam034_w4,122,0.1452560873215785
cam034_w4,123,0.0
cam034_w4,124,0.041981528127623846
cam034_w4,125,0.382031905961377
cam034_w4,126,0.42149454240134343
cam034_w4,127,0.17380352644836272
cam034_w4,128,0.06213266162888329
cam034_w4,129,0.0
cam034_w4,130,0.019311502938706968
cam034_w4,131,0.007556675062972292
cam034_w4,132,0.022670025188916875
cam034_w4,133,0.0
cam034_w4,134,0.0
cam034_w4,135,0.0
cam034_w4,136,0.0
cam034_w4,137,0.0
cam034_w4,138,0.0
cam034_w4,139,0.0
cam034_w4,140,0.0
cam034_w4,141,0.0
cam034_w4,142,0.0
cam034_w4,143,0.0025188916876574307
cam034_w4,144,0.03442485306465155
cam034_w4,145,0.0
cam034_w4,146,0.0
cam034_w4,147,0.017632241813602016
cam034_w4,148,0.0
cam034_w4,149,0.0
cam034_w4,150,0.0
cam034_w4,151,0.0
cam034_w4,152,0.0
cam034_w4,153,0.0
cam034_w4,154,0.0
cam034_w4,155,0.0
cam034_w4,156,0.0
cam034_w4,157,0.0
cam034_w4,158,0.001597444089456869
cam034_w4,159,0.0
cam034_w4,160,0.0
cam034_w4,161,0.0
cam034_w4,162,0.0
cam034_w4,163,0.0
cam034_w4,164,0.0
cam034_w4,165,0.0007987220447284345
cam034_w4,166,0.007987220447284345
cam034_w4,167,0.0
cam034_w4,168,0.01437699680511182
cam034_w4,169,0.0
cam034_w4,170,0.003993610223642172
cam034_w4,171,0.26437699680511184
cam034_w4,172,0.31150159744408945
cam034_w4,173,0.3586261980830671
cam034_w4,174,0.18370607028753994
cam034_w4,175,0.4680511182108626
cam034_w4,176,0.7340255591054313
cam034_w4,177,0.5782747603833865
cam034_w4,178,0.7380191693290735
cam034_w4,179,0.30670926517571884
cam034_w4,180,0.0
cam034_w4,181,0.013578274760383386
cam034_w4,182,0.04233226837060703
cam034_w4,183,0.4584664536741214
cam034_w4,184,0.40814696485623003
cam034_w4,185,0.001597444089456869
cam034_w4,186,0.0
cam034_w4,187,0.0007987220447284345
cam034_w4,188,0.004792332268370607
cam034_w4,189,0.004792332268370607
cam034_w4,190,0.003993610223642172
cam034_w4,191,0.0
cam034_w4,192,0.0023961661341853034
cam034_w4,193,0.0007987220447284345
cam034_w4,194,0.02476038338658147
cam034_w4,195,0.02156549520766773
cam034_w4,196,0.0463258785942492
cam034_w4,197,0.05511182108626198
cam034_w4,198,0.034345047923322686
cam034_w4,199,0.06150159744408946
cam034_w4,200,0.2539936102236422
cam034_w4,201,0.12140575079872204
cam034_w4,202,0.02875399361022364
cam034_w4,203,0.005591054313099041
cam034_w4,204,0.06469648562300319
cam034_w4,205,0.01597444089456869
cam034_w4,206,0.038338658146964855
cam034_w4,207,0.07587859424920128
cam034_w4,208,0.16932907348242812
cam034_w4,209,0.009584664536741214
cam034_w4,210,0.011182108626198083
cam034_w4,211,0.0
cam034_w4,212,0.007987220447284345
cam034_w4,213,0.0007987220447284345
cam034_w4,214,0.003993610223642172
cam034_w4,215,0.04153354632587859
cam034_w4,216,0.07268370607028754
cam034_w4,217,0.025559105431309903
cam034_w4,218,0.007987220447284345
cam034_w4,219,0.0
cam034_w4,220,0.0
cam034_w4,221,0.0
cam034_w4,222,0.0
cam034_w4,223,0.0
cam034_w4,224,0.0
cam034_w4,225,0.0
cam034_w4,226,0.0
cam034_w4,227,0.0
cam034_w4,228,0.0
cam034_w4,229,0.0
cam034_w4,230,0.0
cam034_w4,231,0.002053388090349076
cam034_w4,232,0.0
cam034_w4,233,0.0
cam034_w4,234,0.0
cam034_w4,235,0.0
cam034_w4,236,0.0
cam034_w4,237,0.0
cam034_w4,238,0.0006844626967830253
cam034_w4,239,0.0
cam034_w4,240,0.017111567419575632
cam034_w4,241,0.02737850787132101
cam034_w4,242,0.06570841889117043
cam034_w4,243,0.0999315537303217
cam034_w4,244,0.08555783709787816
cam034_w4,245,0.12251882272416154
cam034_w4,246,0.22587268993839835
cam034_w4,247,0.053388090349075976
cam034_w4,248,0.12457221081451061
cam034_w4,249,0.10746064339493498
cam034_w4,250,0.022587268993839837
cam034_w4,251,0.14168377823408623
cam034_w4,252,0.28542094455852157
cam034_w4,253,0.32238193018480493
cam034_w4,254,0.008213552361396304
cam034_w4,255,0.043121149897330596
cam034_w4,256,0.0
cam034_w4,257,0.10198494182067078
cam034_w4,258,0.09650924024640657
cam034_w4,259,0.2292950034223135
cam034_w4,260,0.025325119780971937
cam034_w4,261,0.1026694045174538
cam034_w4,262,0.018480492813141684
cam034_w4,263,0.0013689253935660506
cam034_w4,264,0.01642710472279261
cam034_w4,265,0.1054072553045859
cam034_w4,266,0.10609171800136892
cam034_w4,267,0.002053388090349076
cam034_w4,268,0.06297056810403832
cam034_w4,269,0.08145106091718002
cam034_w4,270,0.0458590006844627
cam034_w4,271,0.13894592744695414
cam034_w4,272,0.07871321013004791
cam034_w4,273,0.05270362765229295
cam034_w4,274,0.02806297056810404
cam034_w4,275,0.08624229979466119
cam034_w4,276,0.06913073237508556
cam034_w4,277,0.05817932922655715
cam034_w4,278,0.0006844626967830253
cam034_w4,279,0.01574264202600958
cam034_w4,280,0.045174537987679675
cam034_w4,281,0.0458590006844627
cam034_w4,282,0.1540041067761807
cam034_w4,283,0.29021218343600275
cam034_w4,284,0.10335386721423682
cam034_w4,285,0.012320328542094456
cam034_w4,286,0.015058179329226557
cam034_w4,287,0.038329911019849415
cam034_w4,288,0.03285420944558522
cam034_w4,289,0.025325119780971937
cam034_w4,290,0.024640657084188913
cam034_w4,291,0.06707734428473648
cam034_w4,292,0.02943189596167009
cam034_w4,293,0.10882956878850103
cam034_w4,294,0.057494866529774126
cam034_w4,295,0.006160164271047228
cam034_w4,296,0.013689253935660506
cam034_w4,297,0.0
cam034_w4,298,0.0006844626967830253
cam034_w4,299,0.0
cam034_w4,300,0.0
cam034_w4,301,0.0
cam034_w4,302,0.0034737299174989146
cam034_w4,303,0.0
cam034_w4,304,0.0
cam034_w4,305,0.0017368649587494573
cam034_w4,306,0.0
cam034_w4,307,0.04602692140686062
cam034_w4,308,0.06600086843247938
cam034_w4,309,0.029526704298740773
cam034_w4,310,0.0017368649587494573
cam034_w4,311,0.0
cam034_w4,312,0.0
cam034_w4,313,0.019539730785931395
cam034_w4,314,0.005210594876248371
cam034_w4,315,0.010421189752496743
cam034_w4,316,0.0668693009118541
cam034_w4,317,0.1801997394702562
cam034_w4,318,0.009552757273122015
cam034_w4,319,0.06600086843247938
cam034_w4,320,0.030395136778115502
cam034_w4,321,0.21233174120712114
cam034_w4,322,0.058184976118106815
cam034_w4,323,0.1619626574033869
cam034_w4,324,0.1519756838905775
cam034_w4,325,0.08380373425966131
cam034_w4,326,0.15067303517151542
cam034_w4,327,0.22405557967867998
cam034_w4,328,0.19496309161962658
cam034_w4,329,0.23447676943117673
cam034_w4,330,0.37168910117238385
cam034_w4,331,0.029960920538428137
cam034_w4,332,0.03821102909248806
cam034_w4,333,0.08554059921841077
cam034_w4,334,0.45722970039079464
cam034_w4,335,0.17455492835432046
cam034_w4,336,0.23708206686930092
cam034_w4,337,0.2127659574468085
cam034_w4,338,0.04038211029092488
cam034_w4,339,0.1276595744680851
cam034_w4,340,0.15718627876682587
cam034_w4,341,0.35475466782457665
cam034_w4,342,0.11419887103777682
cam034_w4,343,0.018671298306556665
cam034_w4,344,0.11463308727746417
cam034_w4,345,0.20017368649587494
cam034_w4,346,0.2444637429439861
cam034_w4,347,0.3664785062961355
cam034_w4,348,0.20842379504993486
cam034_w4,349,0.2835432045158489
cam034_w4,350,0.15154146765089013
cam034_w4,351,0.07598784194528875
cam034_w4,352,0.2045158488927486
cam034_w4,353,0.406426400347373
cam034_w4,354,0.2175423360833695
cam034_w4,355,0.20147633521493705
cam034_w4,356,0.46200607902735563
cam034_w4,357,0.267042987407729
cam034_w4,358,0.060790273556231005
cam034_w4,359,0.058619192357794184
cam034_w4,360,0.04950065132435953
cam034_w4,361,0.10681719496309162
cam034_w4,362,0.05167173252279635
cam034_w4,363,0.18106817194963093
cam034_w4,364,0.13417281806339557
cam034_w4,365,0.0316977854971776
cam034_w4,366,0.14633087277464177
cam034_w4,367,0.24750325662179765
cam034_w4,368,0.18584455058619193
cam034_w4,369,0.3651758575770734
cam034_w4,370,0.04168475900998697
cam034_w4,371,0.24055579678679984
cam034_w4,372,0.18063395570994356
cam034_w4,373,0.1702127659574468
cam034_w4,374,0.13938341293964393
cam034_w4,375,0.2887537993920973
cam035_w3,1,0.0
cam035_w3,2,0.0
cam035_w3,3,0.0
cam035_w3,4,0.0
cam035_w3,5,0.0
cam035_w3,6,0.042161520190023755
cam035_w3,7,0.0
cam035_w3,8,0.005344418052256532
cam035_w3,9,0.0011876484560570072
cam035_w3,10,0.0
cam035_w3,11,0.0
cam035_w3,12,0.0
cam035_w3,13,0.0
cam035_w3,14,0.03147268408551069
cam035_w3,15,0.0
cam035_w3,16,0.0059382422802850355
cam035_w3,17,0.050475059382422804
cam035_w3,18,0.167458432304038
cam035_w3,19,0.20902612826603326
cam035_w3,20,0.4637767220902613
cam035_w3,21,0.13895486935866982
cam035_w3,22,0.5142517814726841
cam035_w3,23,0.023752969121140142
cam035_w3,24,0.0855106888361045
cam035_w3,25,0.27315914489311166
cam035_w3,26,0.1347980997624703
cam035_w3,27,0.0
cam035_w3,28,0.005344418052256532
cam035_w3,29,0.0059382422802850355
cam035_w3,30,0.0
cam035_w3,31,0.07897862232779097
cam035_w3,32,0.0172209026128266
cam035_w3,33,0.032066508313539195
cam035_w3,34,0.004750593824228029
cam035_w3,35,0.0
cam035_w3,36,0.0
cam035_w3,37,0.0017814726840855108
cam035_w3,38,0.06472684085510688
cam035_w3,39,0.0
cam035_w3,40,0.32838479809976245
cam035_w3,41,0.0
cam035_w3,42,0.0
cam035_w3,43,0.0
cam035_w3,44,0.0
cam035_w3,45,0.007125890736342043
cam035_w3,46,0.011282660332541567
cam035_w3,47,0.0
cam035_w3,48,0.019596199524940617
cam035_w3,49,0.07244655581947744
cam035_w3,50,0.013657957244655582
cam035_w3,51,0.1496437054631829
cam035_w3,52,0.0
cam035_w3,53,0.006532066508313539
cam035_w3,54,0.0
cam035_w3,55,0.0
cam035_w3,56,0.0
cam035_w3,57,0.058788598574821854
cam035_w3,58,0.004750593824228029
cam035_w3,59,0.0
cam035_w3,60,0.015439429928741092
cam035_w3,61,0.03147268408551069
cam035_w3,62,0.0
cam035_w3,63,0.005344418052256532
cam035_w3,64,0.08729216152019002
cam035_w3,65,0.0
cam035_w3,66,0.009501187648456057
cam035_w3,67,0.0035629453681710215
cam035_w3,68,0.16389548693586697
cam035_w3,69,0.29097387173396677
cam035_w3,70,0.048693586698337295
cam035_w3,71,0.0029691211401425177
cam035_w3,72,0.0
cam035_w3,73,0.0
cam035_w3,74,0.0
cam035_w3,75,0.0
cam035_w3,76,0.0
cam035_w3,77,0.0
cam035_w3,78,0.0
cam035_w3,79,0.0
cam035_w3,80,0.0
cam035_w3,81,0.0
cam035_w3,82,0.0
cam035_w3,83,0.0
cam035_w3,84,0.0
cam035_w3,85,0.0
cam035_w3,86,0.007358953393295176
cam035_w3,87,0.1054783319705642
cam035_w3,88,0.02044153720359771
cam035_w3,89,0.19623875715453803
cam035_w3,90,0.12428454619787407
cam035_w3,91,0.01553556827473426
cam035_w3,92,0.12510220768601799
cam035_w3,93,0.2902698282910875
cam035_w3,94,0.19787408013082583
cam035_w3,95,0.19215044971381848
cam035_w3,96,0.0
cam035_w3,97,0.0
cam035_w3,98,0.04333605887162715
cam035_w3,99,0.12183156173344235
cam035_w3,100,0.025347506132461162
cam035_w3,101,0.24202780049059688
cam035_w3,102,0.3605887162714636
cam035_w3,103,0.23058053965658218
cam035_w3,104,0.26655764513491415
cam035_w3,105,0.15290269828291086
cam035_w3,106,0.016353229762878167
cam035_w3,107,0.07358953393295176
cam035_w3,108,0.06459525756336877
cam035_w3,109,0.02698282910874898
cam035_w3,110,0.5044971381847915
cam035_w3,111,0.4562551103843009
cam035_w3,112,0.26573998364677026
cam035_w3,113,0.26901062959934585
cam035_w3,114,0.0
cam035_w3,115,0.027800490596892886
cam035_w3,116,0.0874897792313982
cam035_w3,117,0.02125919869174162
cam035_w3,118,0.24938675388389206
cam035_w3,119,0.3205233033524121
cam035_w3,120,0.07358953393295176
cam035_w3,121,0.032706459525756335
cam035_w3,122,0.39983646770237125
cam035_w3,123,0.36140637775960754
cam035_w3,124,0.006541291905151268
cam035_w3,125,0.2706459525756337
cam035_w3,126,0.011447260834014717
cam035_w3,127,0.02698282910874898
cam035_w3,128,0.0
cam035_w3,129,0.0
cam035_w3,130,0.039247751430907606
cam035_w3,131,0.0
cam035_w3,132,0.0
cam035_w3,133,0.0
cam035_w3,134,0.006541291905151268
cam035_w3,135,0.0
cam035_w3,136,0.0
cam035_w3,137,0.0024529844644317253
cam035_w3,138,0.0008176614881439084
cam035_w3,139,0.0
cam035_w3,140,0.30253475061324614
cam035_w3,141,0.2019623875715454
cam035_w3,142,0.11038430089942763
cam035_w3,143,0.017988552739165987
cam035_w3,144,0.0
cam035_w3,145,0.0
cam035_w3,146,0.0
cam035_w3,147,0.0
cam035_w3,148,0.0
cam035_w3,149,0.0
cam035_w3,150,0.0
cam035_w3,151,0.0
cam035_w3,152,0.0
cam035_w3,153,0.0
cam035_w3,154,0.0
cam035_w3,155,0.0
cam035_w3,156,0.0
cam035_w3,157,0.0
cam035_w3,158,0.0
cam035_w3,159,0.0
cam035_w3,160,0.0
cam035_w3,161,0.0
cam035_w3,162,0.0
cam035_w3,163,0.0
cam035_w3,164,0.0008576329331046312
cam035_w3,165,0.0
cam035_w3,166,0.03173241852487135
cam035_w3,167,0.012006861063464836
cam035_w3,168,0.009433962264150943
cam035_w3,169,0.029159519725557463
cam035_w3,170,0.2684391080617496
cam035_w3,171,0.30617495711835335
cam035_w3,172,0.28387650085763294
cam035_w3,173,0.12778730703259006
cam035_w3,174,0.3421955403087479
cam035_w3,175,0.19296740994854203
cam035_w3,176,0.02144082332761578
cam035_w3,177,0.1895368782161235
cam035_w3,178,0.26157804459691253
cam035_w3,179,0.010291595197255575
cam035_w3,180,0.002572898799313894
cam035_w3,181,0.029159519725557463
cam035_w3,182,0.18267581475128644
cam035_w3,183,0.06432246998284734
cam035_w3,184,0.22041166380789023
cam035_w3,185,0.31646655231560894
cam035_w3,186,0.25986277873070324
cam035_w3,187,0.1457975986277873
cam035_w3,188,0.8301886792452831
cam035_w3,189,0.2032590051457976
cam035_w3,190,0.005145797598627788
cam035_w3,191,0.007718696397941681
cam035_w3,192,0.008576329331046312
cam035_w3,193,0.0
cam035_w3,194,0.03687821612349914
cam035_w3,195,0.0
cam035_w3,196,0.0
cam035_w3,197,0.0
cam035_w3,198,0.024013722126929673
cam035_w3,199,0.01972555746140652
cam035_w3,200,0.024013722126929673
cam035_w3,201,0.0
cam035_w3,202,0.0
cam035_w3,203,0.003430531732418525
cam035_w3,204,0.0
cam035_w3,205,0.002572898799313894
cam035_w3,206,0.0
cam035_w3,207,0.0
cam035_w3,208,0.0
cam035_w3,209,0.0
cam035_w3,210,0.0
cam035_w3,211,0.0
cam035_w3,212,0.0
cam035_w3,213,0.0008576329331046312
cam035_w3,214,0.0017152658662092624
cam035_w3,215,0.0
cam035_w3,216,0.04888507718696398
cam035_w3,217,0.17152658662092624
cam035_w3,218,0.0
cam035_w3,219,0.0017152658662092624
cam035_w3,220,0.01972555746140652
cam035_w3,221,0.0
cam035_w3,222,0.0
cam035_w3,223,0.0017152658662092624
cam035_w3,224,0.0
cam035_w3,225,0.0
cam035_w3,226,0.0
cam035_w3,227,0.0
cam035_w3,228,0.0
cam035_w3,229,0.0
cam035_w3,230,0.0
cam035_w3,231,0.0
cam035_w3,232,0.0
cam035_w3,233,0.0
cam035_w3,234,0.0013003901170351106
cam035_w3,235,0.0
cam035_w3,236,0.004551365409622887
cam035_w3,237,0.0
cam035_w3,238,0.0
cam035_w3,239,0.0377113133940182
cam035_w3,240,0.08777633289986995
cam035_w3,241,0.013003901170351105
cam035_w3,242,0.055266579973992196
cam035_w3,243,0.11833550065019506
cam035_w3,244,0.15864759427828348
cam035_w3,245,0.12613784135240572
cam035_w3,246,0.18140442132639792
cam035_w3,247,0.027308192457737322
cam035_w3,248,0.229518855656697
cam035_w3,249,0.2867360208062419
cam035_w3,250,0.15864759427828348
cam035_w3,251,0.1482444733420026
cam035_w3,252,0.1788036410923277
cam035_w3,253,0.1352405721716515
cam035_w3,254,0.49934980494148246
cam035_w3,255,0.14564369310793238
cam035_w3,256,0.08907672301690507
cam035_w3,257,0.032509752925877766
cam035_w3,258,0.16319895968790638
cam035_w3,259,0.01495448634590377
cam035_w3,260,0.13459037711313393
cam035_w3,261,0.020156046814044214
cam035_w3,262,0.1684005201560468
cam035_w3,263,0.003250975292587776
cam035_w3,264,0.10078023407022106
cam035_w3,265,0.24317295188556567
cam035_w3,266,0.06762028608582575
cam035_w3,267,0.010403120936280884
cam035_w3,268,0.0039011703511053317
cam035_w3,269,0.0039011703511053317
cam035_w3,270,0.04291287386215865
cam035_w3,271,0.024057217165149546
cam035_w3,272,0.011703511053315995
cam035_w3,273,0.005851755526657998
cam035_w3,274,0.024057217165149546
cam035_w3,275,0.008452535760728219
cam035_w3,276,0.25812743823146944
cam035_w3,277,0.05136540962288687
cam035_w3,278,0.022756827048114433
cam035_w3,279,0.003250975292587776
cam035_w3,280,0.04876462938881664
cam035_w3,281,0.013003901170351105
cam035_w3,282,0.03446033810143043
cam035_w3,283,0.04746423927178153
cam035_w3,284,0.06827048114434331
cam035_w3,285,0.014304291287386216
cam035_w3,286,0.05136540962288687
cam035_w3,287,0.04746423927178153
cam035_w3,288,0.022756827048114433
cam035_w3,289,0.003250975292587776
cam035_w3,290,0.005201560468140442
cam035_w3,291,0.029258777633289986
cam035_w3,292,0.053966189856957086
cam035_w3,293,0.04096228868660598
cam035_w3,294,0.002600780234070221
cam035_w3,295,0.0
cam035_w3,296,0.015604681404421327
cam035_w3,297,0.0
cam035_w3,298,0.0
cam035_w3,299,0.0
cam035_w3,300,0.0
cam035_w3,301,0.0013066202090592336
cam035_w3,302,0.0
cam035_w3,303,0.0
cam035_w3,304,0.00043554006968641115
cam035_w3,305,0.00043554006968641115
cam035_w3,306,0.0
cam035_w3,307,0.02221254355400697
cam035_w3,308,0.00043554006968641115
cam035_w3,309,0.005226480836236934
cam035_w3,310,0.014372822299651568
cam035_w3,311,0.0078397212543554
cam035_w3,312,0.004790940766550522
cam035_w3,313,0.027439024390243903
cam035_w3,314,0.018292682926829267
cam035_w3,315,0.08144599303135888
cam035_w3,316,0.0021777003484320556
cam035_w3,317,0.11454703832752614
cam035_w3,318,0.1602787456445993
cam035_w3,319,0.10365853658536585
cam035_w3,320,0.13196864111498258
cam035_w3,321,0.03005226480836237
cam035_w3,322,0.0666376306620209
cam035_w3,323,0.1402439024390244
cam035_w3,324,0.25261324041811845
cam035_w3,325,0.04050522648083624
cam035_w3,326,0.43031358885017423
cam035_w3,327,0.24477351916376305
cam035_w3,328,0.3044425087108014
cam035_w3,329,0.19033101045296166
cam035_w3,330,0.11106271777003485
cam035_w3,331,0.10844947735191637
cam035_w3,332,0.012630662020905924
cam035_w3,333,0.048344947735191636
cam035_w3,334,0.02177700348432056
cam035_w3,335,0.16202090592334495
cam035_w3,336,0.24085365853658536
cam035_w3,337,0.16942508710801393
cam035_w3,338,0.016114982578397212
cam035_w3,339,0.006968641114982578
cam035_w3,340,0.021341463414634148
cam035_w3,341,0.006533101045296167
cam035_w3,342,0.03353658536585366
cam035_w3,343,0.037456445993031356
cam035_w3,344,0.002613240418118467
cam035_w3,345,0.04050522648083624
cam035_w3,346,0.02264808362369338
cam035_w3,347,0.006533101045296167
cam035_w3,348,0.028745644599303136
cam035_w3,349,0.009146341463414634
cam035_w3,350,0.06184668989547038
cam035_w3,351,0.017857142857142856
cam035_w3,352,0.31489547038327526
cam035_w3,353,0.13196864111498258
cam035_w3,354,0.09102787456445993
cam035_w3,355,0.1014808362369338
cam035_w3,356,0.1990418118466899
cam035_w3,357,0.1833623693379791
cam035_w3,358,0.4337979094076655
cam035_w3,359,0.30662020905923343
cam035_w3,360,0.6040940766550522
cam035_w3,361,0.39372822299651566
cam035_w3,362,0.024390243902439025
cam035_w3,363,0.17770034843205576
cam035_w3,364,0.003484320557491289
cam035_w3,365,0.009581881533101045
cam035_w3,366,0.0013066202090592336
cam035_w3,367,0.03702090592334495
cam035_w3,368,0.011759581881533102
cam035_w3,369,0.006533101045296167
cam035_w3,370,0.006533101045296167
cam035_w3,371,0.010017421602787456
cam035_w3,372,0.004355400696864111
cam035_w3,373,0.03092334494773519
cam035_w3,374,0.06402439024390244
cam035_w3,375,0.12369337979094076
cam036_w2,1,0.01240694789081886
cam036_w2,2,0.5148883374689827
cam036_w2,3,0.0
cam036_w2,4,0.0
cam036_w2,5,0.0
cam036_w2,6,0.0
cam036_w2,7,0.0
cam036_w2,8,0.013027295285359801
cam036_w2,9,0.004342431761786601
cam036_w2,10,0.0012406947890818859
cam036_w2,11,0.016749379652605458
cam036_w2,12,0.013647642679900745
cam036_w2,13,0.0
cam036_w2,14,0.0006203473945409429
cam036_w2,15,0.0
cam036_w2,16,0.0
cam036_w2,17,0.004342431761786601
cam036_w2,18,0.017369727047146403
cam036_w2,19,0.0
cam036_w2,20,0.19292803970223324
cam036_w2,21,0.2413151364764268
cam036_w2,22,0.0
cam036_w2,23,0.0018610421836228288
cam036_w2,24,0.0
cam036_w2,25,0.03970223325062035
cam036_w2,26,0.0
cam036_w2,27,0.02481389578163772
cam036_w2,28,0.11166253101736973
cam036_w2,29,0.06141439205955335
cam036_w2,30,0.04900744416873449
cam036_w2,31,0.11228287841191067
cam036_w2,32,0.26364764267990076
cam036_w2,33,0.36662531017369726
cam036_w2,34,0.11166253101736973
cam036_w2,35,0.12779156327543426
cam036_w2,36,0.5031017369727047
cam036_w2,37,0.2847394540942928
cam036_w2,38,0.15260545905707196
cam036_w2,39,0.34987593052109184
cam036_w2,40,0.019851116625310174
cam036_w2,41,0.11104218362282878
cam036_w2,42,0.12655086848635236
cam036_w2,43,0.10173697270471464
cam036_w2,44,0.3542183622828784
cam036_w2,45,0.2425558312655087
cam036_w2,46,0.1662531017369727
cam036_w2,47,0.00620347394540943
cam036_w2,48,0.03970223325062035
cam036_w2,49,0.018610421836228287
cam036_w2,50,0.14640198511166252
cam036_w2,51,0.20161290322580644
cam036_w2,52,0.46153846153846156
cam036_w2,53,0.06575682382133995
cam036_w2,54,0.04032258064516129
cam036_w2,55,0.05148883374689826
cam036_w2,56,0.2661290322580645
cam036_w2,57,0.0
cam036_w2,58,0.011166253101736972
cam036_w2,59,0.15570719602977667
cam036_w2,60,0.02109181141439206
cam036_w2,61,0.03970223325062035
cam036_w2,62,0.060794044665012405
cam036_w2,63,0.06885856079404466
cam036_w2,64,0.4299007444168734
cam036_w2,65,0.4286600496277916
cam036_w2,66,0.46898263027295284
cam036_w2,67,0.3610421836228288
cam036_w2,68,0.1184863523573201
cam036_w2,69,0.038461538461538464
cam036_w2,70,0.02977667493796526
cam036_w2,71,0.0
cam036_w2,72,0.0
cam036_w2,73,0.0
cam036_w2,74,0.0
cam036_w2,75,0.008064516129032258
cam036_w2,76,0.0
cam036_w2,77,0.0
cam036_w2,78,0.0
cam036_w2,79,0.0
cam036_w2,80,0.0
cam036_w2,81,0.002512562814070352
cam036_w2,82,0.0
cam036_w2,83,0.0
cam036_w2,84,0.0
cam036_w2,85,0.0016750418760469012
cam036_w2,86,0.005025125628140704
cam036_w2,87,0.0
cam036_w2,88,0.0
cam036_w2,89,0.20854271356783918
cam036_w2,90,0.21608040201005024
cam036_w2,91,0.1373534338358459
cam036_w2,92,0.5443886097152428
cam036_w2,93,0.8073701842546064
cam036_w2,94,0.0
cam036_w2,95,0.3165829145728643
cam036_w2,96,0.35343383584589616
cam036_w2,97,0.5896147403685092
cam036_w2,98,0.916247906197655
cam036_w2,99,0.5921273031825796
cam036_w2,100,0.020100502512562814
cam036_w2,101,0.07956448911222781
cam036_w2,102,0.533500837520938
cam036_w2,103,0.018425460636515914
cam036_w2,104,0.0
cam036_w2,105,0.19430485762144054
cam036_w2,106,0.4849246231155779
cam036_w2,107,0.22445561139028475
cam036_w2,108,0.8701842546063652
cam036_w2,109,0.6641541038525963
cam036_w2,110,0.7604690117252931
cam036_w2,111,0.24288107202680068
cam036_w2,112,0.07956448911222781
cam036_w2,113,0.3710217755443886
cam036_w2,114,0.2068676716917923
cam036_w2,115,0.010050251256281407
cam036_w2,116,0.211892797319933
cam036_w2,117,0.0812395309882747
cam036_w2,118,0.3458961474036851
cam036_w2,119,0.5862646566164154
cam036_w2,120,0.5586264656616415
cam036_w2,121,0.8710217755443886
cam036_w2,122,0.10720268006700168
cam036_w2,123,0.22529313232830822
cam036_w2,124,0.6482412060301508
cam036_w2,125,0.16917922948073702
cam036_w2,126,0.051926298157453935
cam036_w2,127,0.04773869346733668
cam036_w2,128,0.0
cam036_w2,129,0.021775544388609715
cam036_w2,130,0.0
cam036_w2,131,0.0
cam036_w2,132,0.006700167504187605
cam036_w2,133,0.0
cam036_w2,134,0.04522613065326633
cam036_w2,135,0.008375209380234505
cam036_w2,136,0.0
cam036_w2,137,0.015912897822445562
cam036_w2,138,0.01256281407035176
cam036_w2,139,0.0
cam036_w2,140,0.0
cam036_w2,141,0.025963149078726967
cam036_w2,142,0.01507537688442211
cam036_w2,143,0.2537688442211055
cam036_w2,144,0.01675041876046901
cam036_w2,145,0.0
cam036_w2,146,0.010887772194304857
cam036_w2,147,0.0
cam036_w2,148,0.0
cam036_w2,149,0.0
cam036_w2,150,0.0
cam036_w2,151,0.0
cam036_w2,152,0.0
cam036_w2,153,0.0
cam036_w2,154,0.0008176614881439084
cam036_w2,155,0.0
cam036_w2,156,0.0
cam036_w2,157,0.0
cam036_w2,158,0.0
cam036_w2,159,0.0
cam036_w2,160,0.019623875715453803
cam036_w2,161,0.004088307440719542
cam036_w2,162,0.009811937857726901
cam036_w2,163,0.0
cam036_w2,164,0.0
cam036_w2,165,0.0
cam036_w2,166,0.0008176614881439084
cam036_w2,167,0.0
cam036_w2,168,0.004088307440719542
cam036_w2,169,0.006541291905151268
cam036_w2,170,0.0008176614881439084
cam036_w2,171,0.022894521668029435
cam036_w2,172,0.1169255928045789
cam036_w2,173,0.44971381847914965
cam036_w2,174,0.1267375306623058
cam036_w2,175,0.07195421095666395
cam036_w2,176,0.12183156173344235
cam036_w2,177,0.1373671300081766
cam036_w2,178,0.22730989370400653
cam036_w2,179,0.02125919869174162
cam036_w2,180,0.028618152085036794
cam036_w2,181,0.02125919869174162
cam036_w2,182,0.13164349959116925
cam036_w2,183,0.0
cam036_w2,184,0.039247751430907606
cam036_w2,185,0.006541291905151268
cam036_w2,186,0.001635322976287817
cam036_w2,187,0.0
cam036_w2,188,0.0
cam036_w2,189,0.0
cam036_w2,190,0.001635322976287817
cam036_w2,191,0.008176614881439084
cam036_w2,192,0.017170891251022075
cam036_w2,193,0.004905968928863451
cam036_w2,194,0.02044153720359771
cam036_w2,195,0.02044153720359771
cam036_w2,196,0.10384300899427637
cam036_w2,197,0.12019623875715454
cam036_w2,198,0.23630417007358953
cam036_w2,199,0.42354865085854454
cam036_w2,200,0.3900245298446443
cam036_w2,201,0.7841373671300081
cam036_w2,202,0.0678659035159444
cam036_w2,203,0.18070318887980377
cam036_w2,204,0.09403107113654947
cam036_w2,205,0.17906786590351595
cam036_w2,206,0.17988552739165986
cam036_w2,207,0.013900245298446443
cam036_w2,208,0.008176614881439084
cam036_w2,209,0.005723630417007359
cam036_w2,210,0.012264922322158627
cam036_w2,211,0.024529844644317254
cam036_w2,212,0.013082583810302535
cam036_w2,213,0.0
cam036_w2,214,0.02125919869174162
cam036_w2,215,0.0
cam036_w2,216,0.0
cam036_w2,217,0.03188879803761243
cam036_w2,218,0.03188879803761243
cam036_w2,219,0.001635322976287817
cam036_w2,220,0.004905968928863451
cam036_w2,221,0.0
cam036_w2,222,0.0
cam036_w2,223,0.0
cam036_w2,224,0.0
cam036_w2,225,0.0
cam036_w2,226,0.0
cam036_w2,227,0.0
cam036_w2,228,0.0
cam036_w2,229,0.0
cam036_w2,230,0.0
cam036_w2,231,0.0
cam036_w2,232,0.0
cam036_w2,233,0.0
cam036_w2,234,0.0
cam036_w2,235,0.0
cam036_w2,236,0.01907356948228883
cam036_w2,237,0.02656675749318801
cam036_w2,238,0.04087193460490463
cam036_w2,239,0.015667574931880108
cam036_w2,240,0.014986376021798364
cam036_w2,241,0.055858310626702996
cam036_w2,242,0.03814713896457766
cam036_w2,243,0.22343324250681199
cam036_w2,244,0.047683923705722074
cam036_w2,245,0.0027247956403269754
cam036_w2,246,0.04904632152588556
cam036_w2,247,0.030653950953678476
cam036_w2,248,0.012942779291553134
cam036_w2,249,0.02452316076294278
cam036_w2,250,0.03201634877384196
cam036_w2,251,0.16348773841961853
cam036_w2,252,0.05313351498637602
cam036_w2,253,0.0837874659400545
cam036_w2,254,0.004087193460490463
cam036_w2,255,0.0388283378746594
cam036_w2,256,0.08446866485013624
cam036_w2,257,0.1478201634877384
cam036_w2,258,0.052452316076294275
cam036_w2,259,0.09536784741144415
cam036_w2,260,0.09809264305177112
cam036_w2,261,0.13487738419618528
cam036_w2,262,0.010217983651226158
cam036_w2,263,0.09128065395095368
cam036_w2,264,0.02111716621253406
cam036_w2,265,0.025204359673024524
cam036_w2,266,0.025204359673024524
cam036_w2,267,0.12534059945504086
cam036_w2,268,0.05722070844686648
cam036_w2,269,0.15190735694822888
cam036_w2,270,0.01907356948228883
cam036_w2,271,0.06948228882833787
cam036_w2,272,0.0326975476839237
cam036_w2,273,0.004768392370572207
cam036_w2,274,0.06267029972752043
cam036_w2,275,0.03814713896457766
cam036_w2,276,0.05381471389645776
cam036_w2,277,0.006811989100817439
cam036_w2,278,0.025204359673024524
cam036_w2,279,0.011580381471389645
cam036_w2,280,0.020435967302452316
cam036_w2,281,0.12534059945504086
cam036_w2,282,0.3957765667574932
cam036_w2,283,0.1955040871934605
cam036_w2,284,0.11239782016348773
cam036_w2,285,0.035422343324250684
cam036_w2,286,0.010899182561307902
cam036_w2,287,0.05790190735694823
cam036_w2,288,0.0027247956403269754
cam036_w2,289,0.025204359673024524
cam036_w2,290,0.004087193460490463
cam036_w2,291,0.07220708446866485
cam036_w2,292,0.04632152588555858
cam036_w2,293,0.11444141689373297
cam036_w2,294,0.027247956403269755
cam036_w2,295,0.007493188010899182
cam036_w2,296,0.0
cam036_w2,297,0.010899182561307902
cam036_w2,298,0.0
cam036_w2,299,0.0
cam036_w2,300,0.0
cam036_w2,301,0.00303951367781155
cam036_w2,302,0.0
cam036_w2,303,0.0
cam036_w2,304,0.0
cam036_w2,305,0.0004342162396873643
cam036_w2,306,0.0021710811984368217
cam036_w2,307,0.0
cam036_w2,308,0.008684324793747287
cam036_w2,309,0.00998697351280938
cam036_w2,310,0.015197568389057751
cam036_w2,311,0.03213200173686496
cam036_w2,312,0.021710811984368215
cam036_w2,313,0.0182370820668693
cam036_w2,314,0.11550151975683891
cam036_w2,315,0.14329135909683022
cam036_w2,316,0.20798957881024752
cam036_w2,317,0.024750325662179766
cam036_w2,318,0.0
cam036_w2,319,0.03560573165436387
cam036_w2,320,0.08597481545809814
cam036_w2,321,0.05167173252279635
cam036_w2,322,0.09509335649153278
cam036_w2,323,0.0
cam036_w2,324,0.05644811115935736
cam036_w2,325,0.029526704298740773
cam036_w2,326,0.02822405557967868
cam036_w2,327,0.2496743378202345
cam036_w2,328,0.11723838471558837
cam036_w2,329,0.04559270516717325
cam036_w2,330,0.01910551454624403
cam036_w2,331,0.13547546678245767
cam036_w2,332,0.16977854971775944
cam036_w2,333,0.10985670864090318
cam036_w2,334,0.08988276161528441
cam036_w2,335,0.08901432913590969
cam036_w2,336,0.05167173252279635
cam036_w2,337,0.05080330004342162
cam036_w2,338,0.08858011289622232
cam036_w2,339,0.010421189752496743
cam036_w2,340,0.02735562310030395
cam036_w2,341,0.1593573599652627
cam036_w2,342,0.013894919669995658
cam036_w2,343,0.027789839339991317
cam036_w2,344,0.08293530178028659
cam036_w2,345,0.03864524533217542
cam036_w2,346,0.06643508467216674
cam036_w2,347,0.10030395136778116
cam036_w2,348,0.14763352149370387
cam036_w2,349,0.10681719496309162
cam036_w2,350,0.1398176291793313
cam036_w2,351,0.1289622231871472
cam036_w2,352,0.005210594876248371
cam036_w2,353,0.17325227963525835
cam036_w2,354,0.07468519322622666
cam036_w2,355,0.13547546678245767
cam036_w2,356,0.20712114633087278
cam036_w2,357,0.07425097698653929
cam036_w2,358,0.10508033000434217
cam036_w2,359,0.04819800260529744
cam036_w2,360,0.08380373425966131
cam036_w2,361,0.056882327399044724
cam036_w2,362,0.0851063829787234
cam036_w2,363,0.05036908380373426
cam036_w2,364,0.06382978723404255
cam036_w2,365,0.06990881458966565
cam036_w2,366,0.06296135475466783
cam036_w2,367,0.18410768562744248
cam036_w2,368,0.0911854103343465
cam036_w2,369,0.09292227529309596
cam036_w2,370,0.022579244463742945
cam036_w2,371,0.013894919669995658
cam036_w2,372,0.12418584455058619
cam036_w2,373,0.0
cam036_w2,374,0.0039079461571862786
cam036_w2,375,0.055145462440295265
cam036_w4,1,0.0
cam036_w4,2,0.008021390374331552
cam036_w4,3,0.0
cam036_w4,4,0.11497326203208556
cam036_w4,5,0.3893048128342246
cam036_w4,6,0.14171122994652408
cam036_w4,7,0.0
cam036_w4,8,0.5454545454545454
cam036_w4,9,0.17058823529411765
cam036_w4,10,0.0
cam036_w4,11,0.0
cam036_w4,12,0.0053475935828877
cam036_w4,13,0.004812834224598931
cam036_w4,14,0.014973262032085561
cam036_w4,15,0.00267379679144385
cam036_w4,16,0.0
cam036_w4,17,0.004812834224598931
cam036_w4,18,0.19358288770053475
cam036_w4,19,0.0962566844919786
cam036_w4,20,0.672192513368984
cam036_w4,21,0.17593582887700535
cam036_w4,22,0.3433155080213904
cam036_w4,23,0.006951871657754011
cam036_w4,24,0.0021390374331550803
cam036_w4,25,0.00909090909090909
cam036_w4,26,0.013368983957219251
cam036_w4,27,0.0213903743315508
cam036_w4,28,0.0
cam036_w4,29,0.051871657754010696
cam036_w4,30,0.6390374331550802
cam036_w4,31,0.9262032085561497
cam036_w4,32,0.6352941176470588
cam036_w4,33,0.7508021390374332
cam036_w4,34,0.11176470588235295
cam036_w4,35,0.0
cam036_w4,36,0.0
cam036_w4,37,0.0
cam036_w4,38,0.0
cam036_w4,39,0.0
cam036_w4,40,0.009625668449197862
cam036_w4,41,0.0005347593582887701
cam036_w4,42,0.009625668449197862
cam036_w4,43,0.029946524064171122
cam036_w4,44,0.07700534759358289
cam036_w4,45,0.0481283422459893
cam036_w4,46,0.03048128342245989
cam036_w4,47,0.10267379679144385
cam036_w4,48,0.059358288770053474
cam036_w4,49,0.11818181818181818
cam036_w4,50,0.014438502673796792
cam036_w4,51,0.10374331550802139
cam036_w4,52,0.028342245989304814
cam036_w4,53,0.051336898395721926
cam036_w4,54,0.008556149732620321
cam036_w4,55,0.06042780748663101
cam036_w4,56,0.2786096256684492
cam036_w4,57,0.026203208556149733
cam036_w4,58,0.26524064171122996
cam036_w4,59,0.08449197860962566
cam036_w4,60,0.1695187165775401
cam036_w4,61,0.10481283422459893
cam036_w4,62,0.00909090909090909
cam036_w4,63,0.07219251336898395
cam036_w4,64,0.022994652406417113
cam036_w4,65,0.006951871657754011
cam036_w4,66,0.08877005347593583
cam036_w4,67,0.04171122994652406
cam036_w4,68,0.004812834224598931
cam036_w4,69,0.01764705882352941
cam036_w4,70,0.0427807486631016
cam036_w4,71,0.0106951871657754
cam036_w4,72,0.0037433155080213902
cam036_w4,73,0.014973262032085561
cam036_w4,74,0.0
cam036_w4,75,0.0
cam036_w4,76,0.0
cam036_w4,77,0.0
cam036_w4,78,0.0
cam036_w4,79,0.0
cam036_w4,80,0.0
cam036_w4,81,0.0
cam036_w4,82,0.0
cam036_w4,83,0.0
cam036_w4,84,0.0
cam036_w4,85,0.0
cam036_w4,86,0.0
cam036_w4,87,0.009397024275646046
cam036_w4,88,0.0
cam036_w4,89,0.011746280344557557
cam036_w4,90,0.1096319498825372
cam036_w4,91,0.0
cam036_w4,92,0.11667971808927173
cam036_w4,93,0.04306969459671104
cam036_w4,94,0.4729835552075176
cam036_w4,95,0.6546593578700078
cam036_w4,96,0.03523884103367267
cam036_w4,97,0.5833985904463587
cam036_w4,98,0.33202819107282694
cam036_w4,99,0.7791699295223179
cam036_w4,100,0.26703210649960846
cam036_w4,101,0.0
cam036_w4,102,0.379796397807361
cam036_w4,103,0.7963978073610023
cam036_w4,104,0.6162881754111198
cam036_w4,105,0.3484729835552075
cam036_w4,106,0.24432263116679717
cam036_w4,107,0.6068911511354738
cam036_w4,108,0.8285043069694596
cam036_w4,109,0.9201252936570086
cam036_w4,110,0.5740015661707126
cam036_w4,111,0.5277995301487862
cam036_w4,112,0.307752545027408
cam036_w4,113,0.8214565387627252
cam036_w4,114,0.4964761158966327
cam036_w4,115,0.19577133907595928
cam036_w4,116,0.2255285826155051
cam036_w4,117,0.3265465935787001
cam036_w4,118,0.4792482380579483
cam036_w4,119,0.04620203602192639
cam036_w4,120,0.08535630383711824
cam036_w4,121,0.09631949882537197
cam036_w4,122,0.012529365700861394
cam036_w4,123,0.0
cam036_w4,124,0.1793265465935787
cam036_w4,125,0.02662490211433046
cam036_w4,126,0.0
cam036_w4,127,0.039937353171495694
cam036_w4,128,0.01957713390759593
cam036_w4,129,0.0
cam036_w4,130,0.0
cam036_w4,131,0.009397024275646046
cam036_w4,132,0.0023492560689115116
cam036_w4,133,0.003915426781519186
cam036_w4,134,0.0
cam036_w4,135,0.00548159749412686
cam036_w4,136,0.0
cam036_w4,137,0.0
cam036_w4,138,0.007047768206734534
cam036_w4,139,0.0023492560689115116
cam036_w4,140,0.025841816758026624
cam036_w4,141,0.04072043852779953
cam036_w4,142,0.06108065779169929
cam036_w4,143,0.17149569303054032
cam036_w4,144,0.00548159749412686
cam036_w4,145,0.01096319498825372
cam036_w4,146,0.0
cam036_w4,147,0.0
cam036_w4,148,0.0
cam036_w4,149,0.0
cam036_w4,150,0.0
cam036_w4,151,0.0
cam036_w4,152,0.0
cam036_w4,153,0.0
cam036_w4,154,0.0
cam036_w4,155,0.0
cam036_w4,156,0.0
cam036_w4,157,0.0
cam036_w4,158,0.0
cam036_w4,159,0.0
cam036_w4,160,0.0
cam036_w4,161,0.0
cam036_w4,162,0.0016433853738701725
cam036_w4,163,0.0
cam036_w4,164,0.0024650780608052587
cam036_w4,165,0.003286770747740345
cam036_w4,166,0.07888249794576828
cam036_w4,167,0.22514379622021363
cam036_w4,168,0.390304026294166
cam036_w4,169,0.3722267871815941
cam036_w4,170,0.4149548069022186
cam036_w4,171,0.25554642563681185
cam036_w4,172,0.4617912900575185
cam036_w4,173,0.4790468364831553
cam036_w4,174,0.047658175842235
cam036_w4,175,0.05094494658997535
cam036_w4,176,0.06737880032867707
cam036_w4,177,0.018898931799506986
cam036_w4,178,0.11585866885784717
cam036_w4,179,0.013968775677896467
cam036_w4,180,0.005751848808545604
cam036_w4,181,0.0024650780608052587
cam036_w4,182,0.030402629416598194
cam036_w4,183,0.03451109285127362
cam036_w4,184,0.07477403451109285
cam036_w4,185,0.008216926869350863
cam036_w4,186,0.06327033689400165
cam036_w4,187,0.07888249794576828
cam036_w4,188,0.02218570254724733
cam036_w4,189,0.3451109285127362
cam036_w4,190,0.4650780608052588
cam036_w4,191,0.09449465899753492
cam036_w4,192,0.12818405916187345
cam036_w4,193,0.0
cam036_w4,194,0.021364009860312245
cam036_w4,195,0.0
cam036_w4,196,0.021364009860312245
cam036_w4,197,0.008216926869350863
cam036_w4,198,0.0016433853738701725
cam036_w4,199,0.027115858668857847
cam036_w4,200,0.0
cam036_w4,201,0.0
cam036_w4,202,0.010682004930156122
cam036_w4,203,0.009038619556285949
cam036_w4,204,0.056696795398520954
cam036_w4,205,0.07641741988496302
cam036_w4,206,0.03286770747740345
cam036_w4,207,0.07641741988496302
cam036_w4,208,0.02218570254724733
cam036_w4,209,0.09531635168447
cam036_w4,210,0.09367296631059983
cam036_w4,211,0.05916187345932621
cam036_w4,212,0.0238290879211175
cam036_w4,213,0.19474116680361545
cam036_w4,214,0.02218570254724733
cam036_w4,215,0.14461791290057519
cam036_w4,216,0.0838126540673788
cam036_w4,217,0.0
cam036_w4,218,0.029580936729663106
cam036_w4,219,0.0008216926869350862
cam036_w4,220,0.0
cam036_w4,221,0.01314708299096138
cam036_w4,222,0.0
cam036_w4,223,0.0
cam036_w4,224,0.0
cam036_w4,225,0.0
cam036_w4,226,0.0
cam036_w4,227,0.0
cam036_w4,228,0.0
cam036_w4,229,0.0
cam036_w4,230,0.01819454163750875
cam036_w4,231,0.0
cam036_w4,232,0.0
cam036_w4,233,0.0013995801259622112
cam036_w4,234,0.01819454163750875
cam036_w4,235,0.0
cam036_w4,236,0.02239328201539538
cam036_w4,237,0.008397480755773267
cam036_w4,238,0.13785864240727783
cam036_w4,239,0.0867739678096571
cam036_w4,240,0.10846745976207138
cam036_w4,241,0.008397480755773267
cam036_w4,242,0.03988803358992302
cam036_w4,243,0.013296011196641007
cam036_w4,244,0.23093072078376486
cam036_w4,245,0.05808257522743177
cam036_w4,246,0.15675297410776767
cam036_w4,247,0.3463960811756473
cam036_w4,248,0.16585024492652203
cam036_w4,249,0.14415675297410777
cam036_w4,250,0.26941917424772566
cam036_w4,251,0.22883135059482154
cam036_w4,252,0.6801959412176347
cam036_w4,253,0.41147655703289016
cam036_w4,254,0.5423372988103569
cam036_w4,255,0.11476557032890133
cam036_w4,256,0.055283414975507345
cam036_w4,257,0.04478656403079076
cam036_w4,258,0.17494751574527642
cam036_w4,259,0.14765570328901328
cam036_w4,260,0.3988803358992302
cam036_w4,261,0.2540237928621414
cam036_w4,262,0.21763470958712386
cam036_w4,263,0.1112666200139958
cam036_w4,264,0.15185444366689993
cam036_w4,265,0.08747375787263821
cam036_w4,266,0.0
cam036_w4,267,0.016794961511546535
cam036_w4,268,0.47725682295311406
cam036_w4,269,0.08187543736878937
cam036_w4,270,0.010496850944716585
cam036_w4,271,0.002099370188943317
cam036_w4,272,0.03568929321203639
cam036_w4,273,0.0489853044086774
cam036_w4,274,0.06787963610916725
cam036_w4,275,0.004198740377886634
cam036_w4,276,0.012596221133659902
cam036_w4,277,0.026592022393282014
cam036_w4,278,0.01749475157452764
cam036_w4,279,0.05738278516445067
cam036_w4,280,0.023792862141357594
cam036_w4,281,0.08747375787263821
cam036_w4,282,0.02099370188943317
cam036_w4,283,0.17144856543037088
cam036_w4,284,0.10916724982505248
cam036_w4,285,0.11406578026592022
cam036_w4,286,0.006997900629811057
cam036_w4,287,0.011896431070678797
cam036_w4,288,0.015395381385584325
cam036_w4,289,0.0034989503149055285
cam036_w4,290,0.005598320503848845
cam036_w4,291,0.025192442267319804
cam036_w4,292,0.11616515045486354
cam036_w4,293,0.07697690692792163
cam036_w4,294,0.05038488453463961
cam036_w4,295,0.04338698390482855
cam036_w4,296,0.0
cam036_w4,297,0.007697690692792162
cam036_w4,298,0.0
cam036_w4,299,0.005598320503848845
cam036_w4,300,0.0
cam036_w4,301,0.0
cam036_w4,302,0.0
cam036_w4,303,0.0
cam036_w4,304,0.0
cam036_w4,305,0.0008703220191470844
cam036_w4,306,0.004786771105308964
cam036_w4,307,0.02349869451697128
cam036_w4,308,0.0
cam036_w4,309,0.002175805047867711
cam036_w4,310,0.0004351610095735422
cam036_w4,311,0.009573542210617928
cam036_w4,312,0.0
cam036_w4,313,0.0004351610095735422
cam036_w4,314,0.030026109660574413
cam036_w4,315,0.010879025239338555
cam036_w4,316,0.014795474325500435
cam036_w4,317,0.016536118363794605
cam036_w4,318,0.0017406440382941688
cam036_w4,319,0.036118363794604
cam036_w4,320,0.047432550043516104
cam036_w4,321,0.04873803307223673
cam036_w4,322,0.016971279373368148
cam036_w4,323,0.009573542210617928
cam036_w4,324,0.040905134899912966
cam036_w4,325,0.0026109660574412533
cam036_w4,326,0.11618798955613577
cam036_w4,327,0.12445604873803308
cam036_w4,328,0.2267188859878155
cam036_w4,329,0.03307223672758921
cam036_w4,330,0.12402088772845953
cam036_w4,331,0.05004351610095736
cam036_w4,332,0.019147084421235857
cam036_w4,333,0.020017406440382943
cam036_w4,334,0.09355961705831158
cam036_w4,335,0.09312445604873804
cam036_w4,336,0.04046997389033943
cam036_w4,337,0.12358572671888599
cam036_w4,338,0.09747606614447346
cam036_w4,339,0.18320278503046128
cam036_w4,340,0.03524804177545692
cam036_w4,341,0.07397737162750218
cam036_w4,342,0.10008703220191471
cam036_w4,343,0.047432550043516104
cam036_w4,344,0.005221932114882507
cam036_w4,345,0.04046997389033943
cam036_w4,346,0.019147084421235857
cam036_w4,347,0.024369016536118365
cam036_w4,348,0.06570931244560488
cam036_w4,349,0.04308093994778068
cam036_w4,350,0.06832027850304613
cam036_w4,351,0.0865970409051349
cam036_w4,352,0.06266318537859007
cam036_w4,353,0.025239338555265448
cam036_w4,354,0.034812880765883375
cam036_w4,355,0.1453437771975631
cam036_w4,356,0.038294168842471714
cam036_w4,357,0.020017406440382943
cam036_w4,358,0.031331592689295036
cam036_w4,359,0.053959965187119235
cam036_w4,360,0.1514360313315927
cam036_w4,361,0.034377719756309835
cam036_w4,362,0.09660574412532637
cam036_w4,363,0.23411662315056572
cam036_w4,364,0.3698868581375109
cam036_w4,365,0.15752828546562228
cam036_w4,366,0.09225413402959094
cam036_w4,367,0.23890339425587467
cam036_w4,368,0.06657963446475196
cam036_w4,369,0.06005221932114883
cam036_w4,370,0.1544821583986075
cam036_w4,371,0.06527415143603134
cam036_w4,372,0.050478677110530897
cam036_w4,373,0.27458659704090516
cam036_w4,374,0.20887728459530025
cam036_w4,375,0.0039164490861618795
cam037_w5,1,0.0
cam037_w5,2,0.0
cam037_w5,3,0.0
cam037_w5,4,0.0
cam037_w5,5,0.030689056166763172
cam037_w5,6,0.06022003474232773
cam037_w5,7,0.025477707006369428
cam037_w5,8,0.013317892298784018
cam037_w5,9,0.0
cam037_w5,10,0.09148812970469021
cam037_w5,11,0.008685581933989578
cam037_w5,12,0.123335263462652
cam037_w5,13,0.4255935147654893
cam037_w5,14,0.009264620729588882
cam037_w5,15,0.011001737116386797
cam037_w5,16,0.12449334105385061
cam037_w5,17,0.07585408222350898
cam037_w5,18,0.033005211349160395
cam037_w5,19,0.1933989577301679
cam037_w5,20,0.2136653155761436
cam037_w5,21,0.11870295309785756
cam037_w5,22,0.2918355529820498
cam037_w5,23,0.29530978575564565
cam037_w5,24,0.3810075275043428
cam037_w5,25,0.0028951939779965257
cam037_w5,26,0.23277359583092067
cam037_w5,27,0.0
cam037_w5,28,0.0017371163867979154
cam037_w5,29,0.0
cam037_w5,30,0.004053271569195136
cam037_w5,31,0.03937463810075275
cam037_w5,32,0.011001737116386797
cam037_w5,33,0.006369426751592357
cam037_w5,34,0.004632310364794441
cam037_w5,35,0.11407064273306311
cam037_w5,36,0.0
cam037_w5,37,0.024898668210770122
cam037_w5,38,0.0
cam037_w5,39,0.02374059061957151
cam037_w5,40,0.03126809496236248
cam037_w5,41,0.004632310364794441
cam037_w5,42,0.03474232773595831
cam037_w5,43,0.03590040532715692
cam037_w5,44,0.0561667631731326
cam037_w5,45,0.04863925883034163
cam037_w5,46,0.11522872032426172
cam037_w5,47,0.0
cam037_w5,48,0.0
cam037_w5,49,0.0
cam037_w5,50,0.10943833236826868
cam037_w5,51,0.06079907353792704
cam037_w5,52,0.10712217718587146
cam037_w5,53,0.04748118123914302
cam037_w5,54,0.11870295309785756
cam037_w5,55,0.09438332368268675
cam037_w5,56,0.45744064852345107
cam037_w5,57,0.10422698320787492
cam037_w5,58,0.12680949623624782
cam037_w5,59,0.11059640995946729
cam037_w5,60,0.08338158656629995
cam037_w5,61,0.017371163867979156
cam037_w5,62,0.03937463810075275
cam037_w5,63,0.12738853503184713
cam037_w5,64,0.02374059061957151
cam037_w5,65,0.030110017371163866
cam037_w5,66,0.03532136653155762
cam037_w5,67,0.0005790387955993051
cam037_w5,68,0.009264620729588882
cam037_w5,69,0.011580775911986103
cam037_w5,70,0.0
cam037_w5,71,0.0
cam037_w5,72,0.011580775911986103
cam037_w5,73,0.0
cam037_w5,74,0.0
cam037_w5,75,0.0
cam037_w5,76,0.0
cam037_w5,77,0.0
cam037_w5,78,0.0
cam037_w5,79,0.0
cam037_w5,80,0.0
cam037_w5,81,0.0
cam037_w5,82,0.08644067796610169
cam037_w5,83,0.06779661016949153
cam037_w5,84,0.1059322033898305
cam037_w5,85,0.24491525423728813
cam037_w5,86,0.08389830508474576
cam037_w5,87,0.14067796610169492
cam037_w5,88,0.011864406779661017
cam037_w5,89,0.08220338983050847
cam037_w5,90,0.3576271186440678
cam037_w5,91,0.016101694915254237
cam037_w5,92,0.24152542372881355
cam037_w5,93,0.2627118644067797
cam037_w5,94,0.3228813559322034
cam037_w5,95,0.3093220338983051
cam037_w5,96,0.1059322033898305
cam037_w5,97,0.44661016949152543
cam037_w5,98,0.6728813559322034
cam037_w5,99,0.5415254237288135
cam037_w5,100,0.1635593220338983
cam037_w5,101,0.13305084745762713
cam037_w5,102,0.1271186440677966
cam037_w5,103,0.8322033898305085
cam037_w5,104,0.6211864406779661
cam037_w5,105,0.10932203389830508
cam037_w5,106,0.4245762711864407
cam037_w5,107,0.5449152542372881
cam037_w5,108,0.03135593220338983
cam037_w5,109,0.45677966101694917
cam037_w5,110,0.0
cam037_w5,111,0.001694915254237288
cam037_w5,112,0.0
cam037_w5,113,0.0
cam037_w5,114,0.0635593220338983
cam037_w5,115,0.05593220338983051
cam037_w5,116,0.0
cam037_w5,117,0.0
cam037_w5,118,0.0
cam037_w5,119,0.061016949152542375
cam037_w5,120,0.1805084745762712
cam037_w5,121,0.0
cam037_w5,122,0.28983050847457625
cam037_w5,123,0.34576271186440677
cam037_w5,124,0.19406779661016949
cam037_w5,125,0.5822033898305085
cam037_w5,126,0.5330508474576271
cam037_w5,127,0.4059322033898305
cam037_w5,128,0.5754237288135593
cam037_w5,129,0.043220338983050846
cam037_w5,130,0.7093220338983051
cam037_w5,131,0.14576271186440679
cam037_w5,132,0.11271186440677966
cam037_w5,133,0.00423728813559322
cam037_w5,134,0.0635593220338983
cam037_w5,135,0.0
cam037_w5,136,0.2771186440677966
cam037_w5,137,0.0
cam037_w5,138,0.0
cam037_w5,139,0.0
cam037_w5,140,0.0
cam037_w5,141,0.015254237288135594
cam037_w5,142,0.0211864406779661
cam037_w5,143,0.03983050847457627
cam037_w5,144,0.015254237288135594
cam037_w5,145,0.00847457627118644
cam037_w5,146,0.0
cam037_w5,147,0.0
cam037_w5,148,0.0
cam037_w5,149,0.0
cam037_w5,150,0.0
cam037_w5,151,0.0
cam037_w5,152,0.0
cam037_w5,153,0.0
cam037_w5,154,0.0
cam037_w5,155,0.0
cam037_w5,156,0.0024232633279483036
cam037_w5,157,0.0
cam037_w5,158,0.0
cam037_w5,159,0.0
cam037_w5,160,0.005654281098546042
cam037_w5,161,0.012116316639741519
cam037_w5,162,0.0
cam037_w5,163,0.0
cam037_w5,164,0.0
cam037_w5,165,0.0
cam037_w5,166,0.020193861066235864
cam037_w5,167,0.0
cam037_w5,168,0.05977382875605816
cam037_w5,169,0.3473344103392569
cam037_w5,170,0.13166397415185785
cam037_w5,171,0.3432956381260097
cam037_w5,172,0.37964458804523427
cam037_w5,173,0.2552504038772213
cam037_w5,174,0.07108239095315025
cam037_w5,175,0.20516962843295639
cam037_w5,176,0.0654281098546042
cam037_w5,177,0.08481421647819062
cam037_w5,178,0.43618739903069464
cam037_w5,179,0.2294022617124394
cam037_w5,180,0.3974151857835218
cam037_w5,181,0.5533117932148627
cam037_w5,182,0.3877221324717286
cam037_w5,183,0.3901453957996769
cam037_w5,184,0.12116316639741519
cam037_w5,185,0.1704361873990307
cam037_w5,186,0.09208400646203554
cam037_w5,187,0.14862681744749595
cam037_w5,188,0.04604200323101777
cam037_w5,189,0.01615508885298869
cam037_w5,190,0.027463651050080775
cam037_w5,191,0.016962843295638127
cam037_w5,192,0.012924071082390954
cam037_w5,193,0.0
cam037_w5,194,0.011308562197092083
cam037_w5,195,0.0032310177705977385
cam037_w5,196,0.03150242326332795
cam037_w5,197,0.09935379644588045
cam037_w5,198,0.10016155088852989
cam037_w5,199,0.030694668820678513
cam037_w5,200,0.011308562197092083
cam037_w5,201,0.029079159935379646
cam037_w5,202,0.005654281098546042
cam037_w5,203,0.0
cam037_w5,204,0.0
cam037_w5,205,0.0032310177705977385
cam037_w5,206,0.0016155088852988692
cam037_w5,207,0.03796445880452343
cam037_w5,208,0.011308562197092083
cam037_w5,209,0.008885298869143781
cam037_w5,210,0.004038772213247173
cam037_w5,211,0.0
cam037_w5,212,0.0
cam037_w5,213,0.0
cam037_w5,214,0.01050080775444265
cam037_w5,215,0.01050080775444265
cam037_w5,216,0.07754442649434572
cam037_w5,217,0.07592891760904685
cam037_w5,218,0.012924071082390954
cam037_w5,219,0.017770597738287562
cam037_w5,220,0.011308562197092083
cam037_w5,221,0.0016155088852988692
cam037_w5,222,0.007269789983844911
cam037_w5,223,0.0
cam037_w5,224,0.0
cam037_w5,225,0.0
cam037_w5,226,0.0006811989100817438
cam037_w5,227,0.0006811989100817438
cam037_w5,228,0.0034059945504087193
cam037_w5,229,0.0
cam037_w5,230,0.0
cam037_w5,231,0.018392370572207085
cam037_w5,232,0.0
cam037_w5,233,0.006811989100817439
cam037_w5,234,0.0
cam037_w5,235,0.015667574931880108
cam037_w5,236,0.0
cam037_w5,237,0.01907356948228883
cam037_w5,238,0.07288828337874659
cam037_w5,239,0.01430517711171662
cam037_w5,240,0.011580381471389645
cam037_w5,241,0.025204359673024524
cam037_w5,242,0.004087193460490463
cam037_w5,243,0.027929155313351498
cam037_w5,244,0.13419618528610355
cam037_w5,245,0.33651226158038144
cam037_w5,246,0.01226158038147139
cam037_w5,247,0.047683923705722074
cam037_w5,248,0.20708446866485014
cam037_w5,249,0.14373297002724797
cam037_w5,250,0.16961852861035423
cam037_w5,251,0.33787465940054495
cam037_w5,252,0.40122615803814715
cam037_w5,253,0.5538147138964578
cam037_w5,254,0.14918256130790192
cam037_w5,255,0.08719346049046321
cam037_w5,256,0.11239782016348773
cam037_w5,257,0.10694822888283378
cam037_w5,258,0.0681198910081744
cam037_w5,259,0.22888283378746593
cam037_w5,260,0.0
cam037_w5,261,0.036103542234332424
cam037_w5,262,0.0006811989100817438
cam037_w5,263,0.01226158038147139
cam037_w5,264,0.05926430517711172
cam037_w5,265,0.006130790190735695
cam037_w5,266,0.02111716621253406
cam037_w5,267,0.04223433242506812
cam037_w5,268,0.010899182561307902
cam037_w5,269,0.0
cam037_w5,270,0.006130790190735695
cam037_w5,271,0.011580381471389645
cam037_w5,272,0.012942779291553134
cam037_w5,273,0.06880108991825613
cam037_w5,274,0.01634877384196185
cam037_w5,275,0.017711171662125342
cam037_w5,276,0.017711171662125342
cam037_w5,277,0.05722070844686648
cam037_w5,278,0.02111716621253406
cam037_w5,279,0.0170299727520436
cam037_w5,280,0.02111716621253406
cam037_w5,281,0.0340599455040872
cam037_w5,282,0.06743869209809264
cam037_w5,283,0.0667574931880109
cam037_w5,284,0.01226158038147139
cam037_w5,285,0.014986376021798364
cam037_w5,286,0.015667574931880108
cam037_w5,287,0.025885558583106268
cam037_w5,288,0.03337874659400545
cam037_w5,289,0.010217983651226158
cam037_w5,290,0.055858310626702996
cam037_w5,291,0.02111716621253406
cam037_w5,292,0.01430517711171662
cam037_w5,293,0.07084468664850137
cam037_w5,294,0.10762942779291552
cam037_w5,295,0.05449591280653951
cam037_w5,296,0.09332425068119891
cam037_w5,297,0.06335149863760219
cam037_w5,298,0.019754768392370572
cam037_w5,299,0.014986376021798364
cam037_w5,300,0.008174386920980926
cam037_w5,301,0.0
cam037_w5,302,0.0
cam037_w5,303,0.0
cam037_w5,304,0.0
cam037_w5,305,0.0
cam037_w5,306,0.0
cam037_w5,307,0.0
cam037_w5,308,0.001349527665317139
cam037_w5,309,0.008547008547008548
cam037_w5,310,0.000449842555105713
cam037_w5,311,0.011246063877642825
cam037_w5,312,0.003148897885739991
cam037_w5,313,0.0
cam037_w5,314,0.013945119208277103
cam037_w5,315,0.012595591542959963
cam037_w5,316,0.04768331084120558
cam037_w5,317,0.006297795771479982
cam037_w5,318,0.04228520017993702
cam037_w5,319,0.07467386414754835
cam037_w5,320,0.11965811965811966
cam037_w5,321,0.1246063877642825
cam037_w5,322,0.3247863247863248
cam037_w5,323,0.16059379217273953
cam037_w5,324,0.30859199280251914
cam037_w5,325,0.15474583895636526
cam037_w5,326,0.09401709401709402
cam037_w5,327,0.06882591093117409
cam037_w5,328,0.15834457939721097
cam037_w5,329,0.015744489428699954
cam037_w5,330,0.03598740440845704
cam037_w5,331,0.0796221322537112
cam037_w5,332,0.11920827710301395
cam037_w5,333,0.058029689608636977
cam037_w5,334,0.012145748987854251
cam037_w5,335,0.11650922177237967
cam037_w5,336,0.03418803418803419
cam037_w5,337,0.08097165991902834
cam037_w5,338,0.017094017094017096
cam037_w5,339,0.033288349077822764
cam037_w5,340,0.0724246513720198
cam037_w5,341,0.04048582995951417
cam037_w5,342,0.07467386414754835
cam037_w5,343,0.011695906432748537
cam037_w5,344,0.0728744939271255
cam037_w5,345,0.01349527665317139
cam037_w5,346,0.17183985605038238
cam037_w5,347,0.35132703553756184
cam037_w5,348,0.23481781376518218
cam037_w5,349,0.051731893837157
cam037_w5,350,0.2352676563202879
cam037_w5,351,0.46288798920377866
cam037_w5,352,0.2078272604588394
cam037_w5,353,0.3247863247863248
cam037_w5,354,0.19343229869545658
cam037_w5,355,0.35132703553756184
cam037_w5,356,0.06702654071075123
cam037_w5,357,0.2869995501574449
cam037_w5,358,0.014844804318488529
cam037_w5,359,0.038686459739091315
cam037_w5,360,0.03148897885739991
cam037_w5,361,0.04543409806567701
cam037_w5,362,0.1007647323436797
cam037_w5,363,0.01799370220422852
cam037_w5,364,0.033738191632928474
cam037_w5,365,0.103463787674314
cam037_w5,366,0.08232118758434548
cam037_w5,367,0.22717049032838507
cam037_w5,368,0.07692307692307693
cam037_w5,369,0.01349527665317139
cam037_w5,370,0.03283850652271705
cam037_w5,371,0.0103463787674314
cam037_w5,372,0.07377417903733693
cam037_w5,373,0.18848403058929375
cam037_w5,374,0.014844804318488529
cam037_w5,375,0.1830859199280252
cam040_w1,1,0.0038043478260869567
cam040_w1,2,0.0
cam040_w1,3,0.0016304347826086956
cam040_w1,4,0.21358695652173912
cam040_w1,5,0.002717391304347826
cam040_w1,6,0.025
cam040_w1,7,0.014130434782608696
cam040_w1,8,0.0
cam040_w1,9,0.44130434782608696
cam040_w1,10,0.00923913043478261
cam040_w1,11,0.55
cam040_w1,12,0.0038043478260869567
cam040_w1,13,0.5815217391304348
cam040_w1,14,0.0010869565217391304
cam040_w1,15,0.03967391304347826
cam040_w1,16,0.6978260869565217
cam040_w1,17,0.030434782608695653
cam040_w1,18,0.0038043478260869567
cam040_w1,19,0.13532608695652174
cam040_w1,20,0.7402173913043478
cam040_w1,21,0.015217391304347827
cam040_w1,22,0.08260869565217391
cam040_w1,23,0.45
cam040_w1,24,0.004347826086956522
cam040_w1,25,0.37771739130434784
cam040_w1,26,0.2875
cam040_w1,27,0.5222826086956521
cam040_w1,28,0.014673913043478261
cam040_w1,29,0.06684782608695652
cam040_w1,30,0.043478260869565216
cam040_w1,31,0.5608695652173913
cam040_w1,32,0.1298913043478261
cam040_w1,33,0.002173913043478261
cam040_w1,34,0.009782608695652175
cam040_w1,35,0.007065217391304348
cam040_w1,36,0.00923913043478261
cam040_w1,37,0.15869565217391304
cam040_w1,38,0.07989130434782608
cam040_w1,39,0.007608695652173913
cam040_w1,40,0.002717391304347826
cam040_w1,41,0.002173913043478261
cam040_w1,42,0.026630434782608695
cam040_w1,43,0.0
cam040_w1,44,0.027717391304347826
cam040_w1,45,0.010869565217391304
cam040_w1,46,0.02717391304347826
cam040_w1,47,0.0005434782608695652
cam040_w1,48,0.03369565217391304
cam040_w1,49,0.0010869565217391304
cam040_w1,50,0.0
cam040_w1,51,0.045108695652173916
cam040_w1,52,0.03315217391304348
cam040_w1,53,0.2619565217391304
cam040_w1,54,0.20543478260869566
cam040_w1,55,0.14891304347826087
cam040_w1,56,0.034239130434782605
cam040_w1,57,0.15978260869565217
cam040_w1,58,0.025
cam040_w1,59,0.0
cam040_w1,60,0.017934782608695653
cam040_w1,61,0.0038043478260869567
cam040_w1,62,0.025543478260869567
cam040_w1,63,0.017934782608695653
cam040_w1,64,0.0766304347826087
cam040_w1,65,0.058695652173913045
cam040_w1,66,0.027717391304347826
cam040_w1,67,0.1608695652173913
cam040_w1,68,0.20326086956521738
cam040_w1,69,0.35706521739130437
cam040_w1,70,0.2592391304347826
cam040_w1,71,0.008152173913043478
cam040_w1,72,0.0
cam040_w1,73,0.0005434782608695652
cam040_w1,74,0.008152173913043478
cam040_w1,75,0.0005434782608695652
cam040_w1,76,0.0
cam040_w1,77,0.0
cam040_w1,78,0.0
cam040_w1,79,0.0
cam040_w1,80,0.0
cam040_w1,81,0.0
cam040_w1,82,0.0
cam040_w1,83,0.0
cam040_w1,84,0.0
cam040_w1,85,0.0
cam040_w1,86,0.002969561989606533
cam040_w1,87,0.0014847809948032665
cam040_w1,88,0.05642167780252413
cam040_w1,89,0.05196733481811433
cam040_w1,90,0.066815144766147
cam040_w1,91,0.0400890868596882
cam040_w1,92,0.2479584261321455
cam040_w1,93,0.5575352635486266
cam040_w1,94,0.7201187824795843
cam040_w1,95,0.651818856718634
cam040_w1,96,0.0
cam040_w1,97,0.1091314031180401
cam040_w1,98,0.2835931700074239
cam040_w1,99,0.6614699331848553
cam040_w1,100,0.8478099480326652
cam040_w1,101,0.933184855233853
cam040_w1,102,0.13288789903489234
cam040_w1,103,0.3414996288047513
cam040_w1,104,0.12100965107646622
cam040_w1,105,0.5025983667409057
cam040_w1,106,0.2865627319970304
cam040_w1,107,0.8255382331106161
cam040_w1,108,0.29769858945805494
cam040_w1,109,0.5434298440979956
cam040_w1,110,0.8210838901262064
cam040_w1,111,0.8210838901262064
cam040_w1,112,0.8455827765404603
cam040_w1,113,0.22420193021529325
cam040_w1,114,0.7943578322197475
cam040_w1,115,0.8374164810690423
cam040_w1,116,0.910913140311804
cam040_w1,117,0.017817371937639197
cam040_w1,118,0.155902004454343
cam040_w1,119,0.5449146250927989
cam040_w1,120,0.44394951744617667
cam040_w1,121,0.43801039346696363
cam040_w1,122,0.41276911655530807
cam040_w1,123,0.10764662212323682
cam040_w1,124,0.6815144766146993
cam040_w1,125,0.06161841128433556
cam040_w1,126,0.10616184112843356
cam040_w1,127,0.0
cam040_w1,128,0.02746844840386043
cam040_w1,129,0.017817371937639197
cam040_w1,130,0.014847809948032665
cam040_w1,131,0.012620638455827766
cam040_w1,132,0.0935412026726058
cam040_w1,133,0.10096510764662213
cam040_w1,134,0.005939123979213066
cam040_w1,135,0.0014847809948032665
cam040_w1,136,0.11284335560504825
cam040_w1,137,0.005196733481811433
cam040_w1,138,0.13808463251670378
cam040_w1,139,0.035634743875278395
cam040_w1,140,0.04305864884929473
cam040_w1,141,0.031180400890868598
cam040_w1,142,0.0
cam040_w1,143,0.0
cam040_w1,144,0.0
cam040_w1,145,0.0
cam040_w1,146,0.0
cam040_w1,147,0.0
cam040_w1,148,0.004454342984409799
cam040_w1,149,0.0
cam040_w1,150,0.0
cam040_w1,151,0.0
cam040_w1,152,0.0
cam040_w1,153,0.0
cam040_w1,154,0.0
cam040_w1,155,0.0
cam040_w1,156,0.0
cam040_w1,157,0.0
cam040_w1,158,0.004640371229698376
cam040_w1,159,0.0
cam040_w1,160,0.0
cam040_w1,161,0.0
cam040_w1,162,0.0
cam040_w1,163,0.013921113689095127
cam040_w1,164,0.0030935808197989174
cam040_w1,165,0.002320185614849188
cam040_w1,166,0.0030935808197989174
cam040_w1,167,0.06419180201082754
cam040_w1,168,0.0843000773395205
cam040_w1,169,0.39443155452436196
cam040_w1,170,0.868522815158546
cam040_w1,171,0.1268368136117556
cam040_w1,172,0.23820572312451663
cam040_w1,173,0.8979118329466357
cam040_w1,174,0.49497293116782676
cam040_w1,175,0.026295436968290797
cam040_w1,176,0.21732405259087392
cam040_w1,177,0.6272235112142305
cam040_w1,178,0.24980665119876258
cam040_w1,179,0.3139984532095901
cam040_w1,180,0.10363495746326373
cam040_w1,181,0.09358081979891725
cam040_w1,182,0.02088167053364269
cam040_w1,183,0.2699149265274555
cam040_w1,184,0.008507347254447023
cam040_w1,185,0.013921113689095127
cam040_w1,186,0.0
cam040_w1,187,0.0
cam040_w1,188,0.0
cam040_w1,189,0.0038669760247486465
cam040_w1,190,0.0
cam040_w1,191,0.010054137664346482
cam040_w1,192,0.02320185614849188
cam040_w1,193,0.09590100541376644
cam040_w1,194,0.02320185614849188
cam040_w1,195,0.006187161639597835
cam040_w1,196,0.02165506573859242
cam040_w1,197,0.12915699922660479
cam040_w1,198,0.32018561484918795
cam040_w1,199,0.15622583139984533
cam040_w1,200,0.45707656612529
cam040_w1,201,0.7563805104408353
cam040_w1,202,0.7122969837587007
cam040_w1,203,0.007733952049497293
cam040_w1,204,0.006187161639597835
cam040_w1,205,0.013147718484145398
cam040_w1,206,0.010054137664346482
cam040_w1,207,0.03944315545243619
cam040_w1,208,0.02474864655839134
cam040_w1,209,0.03248259860788863
cam040_w1,210,0.030935808197989172
cam040_w1,211,0.006187161639597835
cam040_w1,212,0.01160092807424594
cam040_w1,213,0.014694508894044857
cam040_w1,214,0.04717710750193349
cam040_w1,215,0.0
cam040_w1,216,0.0069605568445475635
cam040_w1,217,0.05336426914153132
cam040_w1,218,0.01237432327919567
cam040_w1,219,0.019334880123743233
cam040_w1,220,0.0007733952049497294
cam040_w1,221,0.02397525135344161
cam040_w1,222,0.0015467904098994587
cam040_w1,223,0.0
cam040_w1,224,0.0
cam040_w1,225,0.0
cam040_w1,226,0.0
cam040_w1,227,0.0
cam040_w1,228,0.0
cam040_w1,229,0.0012515644555694619
cam040_w1,230,0.0
cam040_w1,231,0.0
cam040_w1,232,0.0
cam040_w1,233,0.0
cam040_w1,234,0.010638297872340425
cam040_w1,235,0.0
cam040_w1,236,0.02190237797246558
cam040_w1,237,0.030663329161451813
cam040_w1,238,0.11201501877346684
cam040_w1,239,0.15769712140175218
cam040_w1,240,0.1439299123904881
cam040_w1,241,0.4974968710888611
cam040_w1,242,0.30663329161451813
cam040_w1,243,0.26783479349186484
cam040_w1,244,0.14205256570713393
cam040_w1,245,0.09324155193992491
cam040_w1,246,0.19962453066332916
cam040_w1,247,0.056320400500625784
cam040_w1,248,0.057571964956195244
cam040_w1,249,0.05819774718397998
cam040_w1,250,0.05319148936170213
cam040_w1,251,0.041927409261576974
cam040_w1,252,0.011264080100125156
cam040_w1,253,0.011889862327909888
cam040_w1,254,0.045682102628285357
cam040_w1,255,0.05569461827284105
cam040_w1,256,0.13078848560700876
cam040_w1,257,0.5275344180225282
cam040_w1,258,0.04005006257822278
cam040_w1,259,0.35607008760951186
cam040_w1,260,0.6971214017521903
cam040_w1,261,0.27409261576971217
cam040_w1,262,0.12703379224030037
cam040_w1,263,0.005632040050062578
cam040_w1,264,0.0425531914893617
cam040_w1,265,0.12578222778473092
cam040_w1,266,0.01376720901126408
cam040_w1,267,0.1113892365456821
cam040_w1,268,0.3454317897371715
cam040_w1,269,0.6351689612015019
cam040_w1,270,0.1320400500625782
cam040_w1,271,0.06132665832290363
cam040_w1,272,0.4574468085106383
cam040_w1,273,0.02252816020025031
cam040_w1,274,0.0031289111389236545
cam040_w1,275,0.0018773466833541927
cam040_w1,276,0.011264080100125156
cam040_w1,277,0.011889862327909888
cam040_w1,278,0.052565707133917394
cam040_w1,279,0.08886107634543179
cam040_w1,280,0.029411764705882353
cam040_w1,281,0.03379224030037547
cam040_w1,282,0.03316645807259074
cam040_w1,283,0.011264080100125156
cam040_w1,284,0.006257822277847309
cam040_w1,285,0.05319148936170213
cam040_w1,286,0.0425531914893617
cam040_w1,287,0.041927409261576974
cam040_w1,288,0.0018773466833541927
cam040_w1,289,0.017521902377972465
cam040_w1,290,0.0006257822277847309
cam040_w1,291,0.026282853566958697
cam040_w1,292,0.026282853566958697
cam040_w1,293,0.018147684605757195
cam040_w1,294,0.03316645807259074
cam040_w1,295,0.0
cam040_w1,296,0.0
cam040_w1,297,0.0
cam040_w1,298,0.0
cam040_w1,299,0.0
cam040_w1,300,0.0
cam040_w1,301,0.0
cam040_w1,302,0.0
cam040_w1,303,0.0
cam040_w1,304,0.0
cam040_w1,305,0.01477618426770969
cam040_w1,306,0.010430247718383311
cam040_w1,307,0.000869187309865276
cam040_w1,308,0.005215123859191656
cam040_w1,309,0.020425901781833986
cam040_w1,310,0.017818339852238158
cam040_w1,311,0.001738374619730552
cam040_w1,312,0.0
cam040_w1,313,0.041720990873533245
cam040_w1,314,0.09691438504997828
cam040_w1,315,0.13298565840938723
cam040_w1,316,0.08778791829639288
cam040_w1,317,0.008257279443720122
cam040_w1,318,0.1190786614515428
cam040_w1,319,0.027379400260756193
cam040_w1,320,0.0995219469795741
cam040_w1,321,0.24684919600173838
cam040_w1,322,0.1794871794871795
cam040_w1,323,0.03998261625380269
cam040_w1,324,0.14124293785310735
cam040_w1,325,0.17687961755758366
cam040_w1,326,0.16644936983920033
cam040_w1,327,0.10473707083876575
cam040_w1,328,0.018252933507170794
cam040_w1,329,0.4380704041720991
cam040_w1,330,0.26684050412863974
cam040_w1,331,0.33854845719252497
cam040_w1,332,0.09343763581051717
cam040_w1,333,0.06431986093003042
cam040_w1,334,0.024771838331160364
cam040_w1,335,0.11125597566275533
cam040_w1,336,0.1282051282051282
cam040_w1,337,0.09300304215558453
cam040_w1,338,0.04997827031725337
cam040_w1,339,0.025206431986093004
cam040_w1,340,0.04563233376792699
cam040_w1,341,0.001303780964797914
cam040_w1,342,0.1190786614515428
cam040_w1,343,0.030421555845284658
cam040_w1,344,0.010430247718383311
cam040_w1,345,0.19252498913515861
cam040_w1,346,0.3646240764884833
cam040_w1,347,0.23076923076923078
cam040_w1,348,0.036071273359408955
cam040_w1,349,0.005215123859191656
cam040_w1,350,0.030421555845284658
cam040_w1,351,0.03389830508474576
cam040_w1,352,0.0343328987396784
cam040_w1,353,0.03389830508474576
cam040_w1,354,0.18296392872664058
cam040_w1,355,0.047805302042590175
cam040_w1,356,0.3550630160799652
cam040_w1,357,0.5345501955671447
cam040_w1,358,0.19643633202955238
cam040_w1,359,0.08561495002172968
cam040_w1,360,0.10473707083876575
cam040_w1,361,0.6957844415471535
cam040_w1,362,0.15036940460669274
cam040_w1,363,0.19860930030421556
cam040_w1,364,0.3420252064319861
cam040_w1,365,0.04476314645806171
cam040_w1,366,0.008691873098652759
cam040_w1,367,0.05128205128205128
cam040_w1,368,0.15862668405041286
cam040_w1,369,0.3163841807909605
cam040_w1,370,0.39982616253802694
cam040_w1,371,0.12255541069100391
cam040_w1,372,0.2616253802694481
cam040_w1,373,0.2277270751847023
cam040_w1,374,0.519774011299435
cam040_w1,375,0.6093003042155585
cam040_w2,1,0.7081774452164618
cam040_w2,2,0.01389631213254944
cam040_w2,3,0.0
cam040_w2,4,0.0
cam040_w2,5,0.2335649385355425
cam040_w2,6,0.03367183324425441
cam040_w2,7,0.01389631213254944
cam040_w2,8,0.0
cam040_w2,9,0.0
cam040_w2,10,0.0
cam040_w2,11,0.0
cam040_w2,12,0.008017103153393906
cam040_w2,13,0.016034206306787813
cam040_w2,14,0.1213254943880278
cam040_w2,15,0.06574024585783003
cam040_w2,16,0.4110101549973276
cam040_w2,17,0.009620523784072688
cam040_w2,18,0.004810261892036344
cam040_w2,19,0.0037413148049171567
cam040_w2,20,0.027258150721539285
cam040_w2,21,0.05130946018172101
cam040_w2,22,0.022982362373062535
cam040_w2,23,0.0074826296098343134
cam040_w2,24,0.0
cam040_w2,25,0.3778727952966328
cam040_w2,26,0.030464991982896848
cam040_w2,27,0.38428647781934794
cam040_w2,28,0.06199893105291288
cam040_w2,29,0.0005344735435595938
cam040_w2,30,0.046499198289684664
cam040_w2,31,0.029930518439337254
cam040_w2,32,0.0
cam040_w2,33,0.1362907536076964
cam040_w2,34,0.012292891501870658
cam040_w2,35,0.0010689470871191875
cam040_w2,36,0.0005344735435595938
cam040_w2,37,0.019241047568145375
cam040_w2,38,0.0
cam040_w2,39,0.0085515766969535
cam040_w2,40,0.0
cam040_w2,41,0.010689470871191877
cam040_w2,42,0.008017103153393906
cam040_w2,43,0.009620523784072688
cam040_w2,44,0.02244788882950294
cam040_w2,45,0.0085515766969535
cam040_w2,46,0.15873864243719935
cam040_w2,47,0.08284339925173703
cam040_w2,48,0.09299839657936933
cam040_w2,49,0.19561731694281134
cam040_w2,50,0.2528059861036879
cam040_w2,51,0.13896312132549438
cam040_w2,52,0.2426509887760556
cam040_w2,53,0.07856761090326028
cam040_w2,54,0.06627471940138963
cam040_w2,55,0.12399786210582577
cam040_w2,56,0.2335649385355425
cam040_w2,57,0.06360235168359166
cam040_w2,58,0.3180117584179583
cam040_w2,59,0.0
cam040_w2,60,0.006413682522715126
cam040_w2,61,0.0037413148049171567
cam040_w2,62,0.028861571352218066
cam040_w2,63,0.02244788882950294
cam040_w2,64,0.0005344735435595938
cam040_w2,65,0.0
cam040_w2,66,0.008017103153393906
cam040_w2,67,0.017103153393907
cam040_w2,68,0.09460181721004811
cam040_w2,69,0.33297701763762694
cam040_w2,70,0.1127739176910743
cam040_w2,71,0.06253340459647247
cam040_w2,72,0.0016034206306787815
cam040_w2,73,0.0010689470871191875
cam040_w2,74,0.0005344735435595938
cam040_w2,75,0.0
cam040_w2,76,0.0
cam040_w2,77,0.0
cam040_w2,78,0.0
cam040_w2,79,0.0
cam040_w2,80,0.0
cam040_w2,81,0.0
cam040_w2,82,0.0
cam040_w2,83,0.0
cam040_w2,84,0.0
cam040_w2,85,0.0
cam040_w2,86,0.003933910306845004
cam040_w2,87,0.0
cam040_w2,88,0.05664830841856806
cam040_w2,89,0.25885129819040126
cam040_w2,90,0.08969315499606609
cam040_w2,91,0.06530291109362707
cam040_w2,92,0.08575924468922108
cam040_w2,93,0.2832415420928403
cam040_w2,94,0.44059795436664045
cam040_w2,95,0.3162863886703383
cam040_w2,96,0.4885916601101495
cam040_w2,97,0.0007867820613690008
cam040_w2,98,0.01809598741148702
cam040_w2,99,0.3288749016522423
cam040_w2,100,0.25806451612903225
cam040_w2,101,0.5090479937057435
cam040_w2,102,0.15420928402832415
cam040_w2,103,0.4704956726986625
cam040_w2,104,0.03776553894571204
cam040_w2,105,0.00865460267505901
cam040_w2,106,0.5743509047993706
cam040_w2,107,0.5271439811172305
cam040_w2,108,0.42014162077104644
cam040_w2,109,0.2753737214791503
cam040_w2,110,0.03225806451612903
cam040_w2,111,0.4083398898505114
cam040_w2,112,0.37844217151848936
cam040_w2,113,0.23367427222659323
cam040_w2,114,0.6892210857592447
cam040_w2,115,0.7096774193548387
cam040_w2,116,0.4012588512981904
cam040_w2,117,0.7844217151848938
cam040_w2,118,0.23288749016522423
cam040_w2,119,0.007867820613690008
cam040_w2,120,0.08025177025963807
cam040_w2,121,0.006294256490952006
cam040_w2,122,0.0
cam040_w2,123,0.004720692368214005
cam040_w2,124,0.013375295043273014
cam040_w2,125,0.1125098347757671
cam040_w2,126,0.11014948859166011
cam040_w2,127,0.045633359559402044
cam040_w2,128,0.0
cam040_w2,129,0.0
cam040_w2,130,0.04012588512981904
cam040_w2,131,0.0
cam040_w2,132,0.06687647521636507
cam040_w2,133,0.046420141620771044
cam040_w2,134,0.007867820613690008
cam040_w2,135,0.06530291109362707
cam040_w2,136,0.0
cam040_w2,137,0.0
cam040_w2,138,0.00865460267505901
cam040_w2,139,0.0
cam040_w2,140,0.003933910306845004
cam040_w2,141,0.0
cam040_w2,142,0.03776553894571204
cam040_w2,143,0.10149488591660111
cam040_w2,144,0.05664830841856806
cam040_w2,145,0.007867820613690008
cam040_w2,146,0.0
cam040_w2,147,0.0
cam040_w2,148,0.0
cam040_w2,149,0.0
cam040_w2,150,0.0
cam040_w2,151,0.0
cam040_w2,152,0.0
cam040_w2,153,0.0
cam040_w2,154,0.0
cam040_w2,155,0.0
cam040_w2,156,0.0
cam040_w2,157,0.0
cam040_w2,158,0.0
cam040_w2,159,0.0
cam040_w2,160,0.0
cam040_w2,161,0.0
cam040_w2,162,0.0
cam040_w2,163,0.0
cam040_w2,164,0.014189693801344288
cam040_w2,165,0.0074682598954443615
cam040_w2,166,0.0
cam040_w2,167,0.024645257654966394
cam040_w2,168,0.24719940253920836
cam040_w2,169,0.10156833457804332
cam040_w2,170,0.1530993278566094
cam040_w2,171,0.4398805078416729
cam040_w2,172,0.4719940253920836
cam040_w2,173,0.614637789395071
cam040_w2,174,0.8618371919342793
cam040_w2,175,0.16355489171023152
cam040_w2,176,0.6497386109036595
cam040_w2,177,0.4525765496639283
cam040_w2,178,0.44510828976848393
cam040_w2,179,0.7378640776699029
cam040_w2,180,0.4122479462285287
cam040_w2,181,0.8088125466766244
cam040_w2,182,0.14712471994025392
cam040_w2,183,0.002987303958177745
cam040_w2,184,0.12322628827483197
cam040_w2,185,0.044062733383121735
cam040_w2,186,0.01717699775952203
cam040_w2,187,0.011202389843166542
cam040_w2,188,0.028379387602688575
cam040_w2,189,0.0
cam040_w2,190,0.017923823749066467
cam040_w2,191,0.01568334578043316
cam040_w2,192,0.010455563853622106
cam040_w2,193,0.08364451082897685
cam040_w2,194,0.005227781926811053
cam040_w2,195,0.20014936519790888
cam040_w2,196,0.26138909634055263
cam040_w2,197,0.3928304705003734
cam040_w2,198,0.11725168035847648
cam040_w2,199,0.47423450336071693
cam040_w2,200,0.140403286034354
cam040_w2,201,0.1837191934279313
cam040_w2,202,0.21433905899925318
cam040_w2,203,0.1135175504107543
cam040_w2,204,0.07393577296489919
cam040_w2,205,0.024645257654966394
cam040_w2,206,0.035847647498132934
cam040_w2,207,0.0037341299477221808
cam040_w2,208,0.01717699775952203
cam040_w2,209,0.05526512322628827
cam040_w2,210,0.0037341299477221808
cam040_w2,211,0.005227781926811053
cam040_w2,212,0.006721433905899925
cam040_w2,213,0.008961911874533234
cam040_w2,214,0.008215085884988798
cam040_w2,215,0.05003734129947722
cam040_w2,216,0.06945481702763256
cam040_w2,217,0.011202389843166542
cam040_w2,218,0.005227781926811053
cam040_w2,219,0.03286034353995519
cam040_w2,220,0.014189693801344288
cam040_w2,221,0.0
cam040_w2,222,0.0
cam040_w2,223,0.0
cam040_w2,224,0.0
cam040_w2,225,0.0
cam040_w2,226,0.0
cam040_w2,227,0.0
cam040_w2,228,0.0
cam040_w2,229,0.0
cam040_w2,230,0.0
cam040_w2,231,0.0
cam040_w2,232,0.0
cam040_w2,233,0.0
cam040_w2,234,0.0
cam040_w2,235,0.0
cam040_w2,236,0.0012911555842479018
cam040_w2,237,0.0
cam040_w2,238,0.02130406714009038
cam040_w2,239,0.09554551323434474
cam040_w2,240,0.1407359586830213
cam040_w2,241,0.2027114267269206
cam040_w2,242,0.40735958683021306
cam040_w2,243,0.657198192382182
cam040_w2,244,0.4118786313750807
cam040_w2,245,0.6920593931568754
cam040_w2,246,0.4557779212395094
cam040_w2,247,0.34538411878631375
cam040_w2,248,0.38218205293737895
cam040_w2,249,0.5248547449967721
cam040_w2,250,0.0645577792123951
cam040_w2,251,0.029051000645577793
cam040_w2,252,0.0032278889606197547
cam040_w2,253,0.02775984506132989
cam040_w2,254,0.02130406714009038
cam040_w2,255,0.0012911555842479018
cam040_w2,256,0.023886378308586184
cam040_w2,257,0.051000645577792124
cam040_w2,258,0.1988379599741769
cam040_w2,259,0.012911555842479019
cam040_w2,260,0.012911555842479019
cam040_w2,261,0.009683666881859263
cam040_w2,262,0.05035506778566817
cam040_w2,263,0.08005164622336991
cam040_w2,264,0.15687540348612009
cam040_w2,265,0.6132989025177534
cam040_w2,266,0.8579728857327308
cam040_w2,267,0.07553260167850226
cam040_w2,268,0.029696578437701744
cam040_w2,269,0.5093608779857973
cam040_w2,270,0.0025823111684958036
cam040_w2,271,0.029696578437701744
cam040_w2,272,0.01872175597159458
cam040_w2,273,0.0025823111684958036
cam040_w2,274,0.05358295674628793
cam040_w2,275,0.05358295674628793
cam040_w2,276,0.276952872821175
cam040_w2,277,0.08779857972885732
cam040_w2,278,0.009038089089735314
cam040_w2,279,0.04131697869593286
cam040_w2,280,0.06520335700451904
cam040_w2,281,0.06262104583602324
cam040_w2,282,0.035506778566817304
cam040_w2,283,0.05422853453841188
cam040_w2,284,0.07553260167850226
cam040_w2,285,0.13040671400903808
cam040_w2,286,0.0645577792123951
cam040_w2,287,0.03357004519044545
cam040_w2,288,0.1762427372498386
cam040_w2,289,0.0
cam040_w2,290,0.03227888960619755
cam040_w2,291,0.0
cam040_w2,292,0.045836023240800515
cam040_w2,293,0.07488702388637831
cam040_w2,294,0.025177533892834086
cam040_w2,295,0.01355713363460297
cam040_w2,296,0.015493867010974823
cam040_w2,297,0.0
cam040_w2,298,0.0
cam040_w2,299,0.007746933505487412
cam040_w2,300,0.0
cam040_w2,301,0.0052173913043478265
cam040_w2,302,0.0
cam040_w2,303,0.0
cam040_w2,304,0.0
cam040_w2,305,0.0
cam040_w2,306,0.002173913043478261
cam040_w2,307,0.0052173913043478265
cam040_w2,308,0.015217391304347827
cam040_w2,309,0.0
cam040_w2,310,0.008695652173913044
cam040_w2,311,0.007391304347826087
cam040_w2,312,0.006956521739130435
cam040_w2,313,0.04695652173913043
cam040_w2,314,0.027391304347826086
cam040_w2,315,0.007391304347826087
cam040_w2,316,0.01
cam040_w2,317,0.029130434782608697
cam040_w2,318,0.2782608695652174
cam040_w2,319,0.14869565217391303
cam040_w2,320,0.22826086956521738
cam040_w2,321,0.02434782608695652
cam040_w2,322,0.41347826086956524
cam040_w2,323,0.07
cam040_w2,324,0.08304347826086957
cam040_w2,325,0.08652173913043479
cam040_w2,326,0.09652173913043478
cam040_w2,327,0.17956521739130435
cam040_w2,328,0.24130434782608695
cam040_w2,329,0.0908695652173913
cam040_w2,330,0.29130434782608694
cam040_w2,331,0.542608695652174
cam040_w2,332,0.49869565217391304
cam040_w2,333,0.16217391304347825
cam040_w2,334,0.06826086956521739
cam040_w2,335,0.03608695652173913
cam040_w2,336,0.027391304347826086
cam040_w2,337,0.020869565217391306
cam040_w2,338,0.035217391304347825
cam040_w2,339,0.01608695652173913
cam040_w2,340,0.03
cam040_w2,341,0.043478260869565216
cam040_w2,342,0.15260869565217391
cam040_w2,343,0.03130434782608696
cam040_w2,344,0.10260869565217391
cam040_w2,345,0.0791304347826087
cam040_w2,346,0.02826086956521739
cam040_w2,347,0.029130434782608697
cam040_w2,348,0.043043478260869565
cam040_w2,349,0.2917391304347826
cam040_w2,350,0.08391304347826087
cam040_w2,351,0.2882608695652174
cam040_w2,352,0.11
cam040_w2,353,0.5304347826086957
cam040_w2,354,0.04043478260869565
cam040_w2,355,0.026956521739130435
cam040_w2,356,0.1517391304347826
cam040_w2,357,0.20521739130434782
cam040_w2,358,0.22086956521739132
cam040_w2,359,0.2408695652173913
cam040_w2,360,0.06652173913043478
cam040_w2,361,0.05391304347826087
cam040_w2,362,0.05565217391304348
cam040_w2,363,0.12478260869565218
cam040_w2,364,0.007391304347826087
cam040_w2,365,0.058695652173913045
cam040_w2,366,0.007391304347826087
cam040_w2,367,0.05608695652173913
cam040_w2,368,0.09
cam040_w2,369,0.03391304347826087
cam040_w2,370,0.01608695652173913
cam040_w2,371,0.03956521739130435
cam040_w2,372,0.03956521739130435
cam040_w2,373,0.028695652173913042
cam040_w2,374,0.04
cam040_w2,375,0.01
cam040_w4,1,0.05986465382613222
cam040_w4,2,0.05674128058302967
cam040_w4,3,0.02030192608016658
cam040_w4,4,0.03331598125976054
cam040_w4,5,0.0
cam040_w4,6,0.5741801145236856
cam040_w4,7,0.0
cam040_w4,8,0.0
cam040_w4,9,0.0
cam040_w4,10,0.02394586153045289
cam040_w4,11,0.18375845913586675
cam040_w4,12,0.32899531494013534
cam040_w4,13,0.2280062467464862
cam040_w4,14,0.6382092660072879
cam040_w4,15,0.6137428422696513
cam040_w4,16,0.8682977615825092
cam040_w4,17,0.551795939614784
cam040_w4,18,0.0
cam040_w4,19,0.0
cam040_w4,20,0.004685059864653826
cam040_w4,21,0.0
cam040_w4,22,0.0
cam040_w4,23,0.0
cam040_w4,24,0.001041124414367517
cam040_w4,25,0.0026028110359187923
cam040_w4,26,0.010411244143675169
cam040_w4,27,0.004164497657470068
cam040_w4,28,0.008328995314940135
cam040_w4,29,0.168141592920354
cam040_w4,30,0.08745445080687142
cam040_w4,31,0.06871421134825612
cam040_w4,32,0.04372722540343571
cam040_w4,33,0.22748568453930246
cam040_w4,34,0.14523685580426862
cam040_w4,35,0.02706923477355544
cam040_w4,36,0.001041124414367517
cam040_w4,37,0.03591879229567933
cam040_w4,38,0.0026028110359187923
cam040_w4,39,0.0
cam040_w4,40,0.003643935450286309
cam040_w4,41,0.0005205622071837585
cam040_w4,42,0.002082248828735034
cam040_w4,43,0.014055179593961478
cam040_w4,44,0.007287870900572618
cam040_w4,45,0.014055179593961478
cam040_w4,46,0.03956272774596564
cam040_w4,47,0.0
cam040_w4,48,0.0026028110359187923
cam040_w4,49,0.05986465382613222
cam040_w4,50,0.013014055179593961
cam040_w4,51,0.1301405517959396
cam040_w4,52,0.02030192608016658
cam040_w4,53,0.1691827173347215
cam040_w4,54,0.4653826132222801
cam040_w4,55,0.10983862571577303
cam040_w4,56,0.11504424778761062
cam040_w4,57,0.04268610098906819
cam040_w4,58,0.07548152004164498
cam040_w4,59,0.11192087454450807
cam040_w4,60,0.10671525247267048
cam040_w4,61,0.05361790733992712
cam040_w4,62,0.14211348256116607
cam040_w4,63,0.011452368558042686
cam040_w4,64,0.0
cam040_w4,65,0.0463300364393545
cam040_w4,66,0.011452368558042686
cam040_w4,67,0.010931806350858927
cam040_w4,68,0.04320666319625195
cam040_w4,69,0.01717855283706403
cam040_w4,70,0.017699115044247787
cam040_w4,71,0.01978136387298282
cam040_w4,72,0.0
cam040_w4,73,0.003643935450286309
cam040_w4,74,0.025507548152004164
cam040_w4,75,0.0
cam040_w4,76,0.0
cam040_w4,77,0.0
cam040_w4,78,0.0
cam040_w4,79,0.0
cam040_w4,80,0.0
cam040_w4,81,0.0
cam040_w4,82,0.0
cam040_w4,83,0.007704160246533128
cam040_w4,84,0.0
cam040_w4,85,0.0
cam040_w4,86,0.09784283513097072
cam040_w4,87,0.16409861325115563
cam040_w4,88,0.05007704160246533
cam040_w4,89,0.10785824345146379
cam040_w4,90,0.32280431432973805
cam040_w4,91,0.37673343605546994
cam040_w4,92,0.15947611710323575
cam040_w4,93,0.3898305084745763
cam040_w4,94,0.6987673343605547
cam040_w4,95,0.4437596302003082
cam040_w4,96,0.0015408320493066256
cam040_w4,97,0.7565485362095532
cam040_w4,98,0.37211093990755006
cam040_w4,99,0.1086286594761171
cam040_w4,100,0.16563944530046226
cam040_w4,101,0.0
cam040_w4,102,0.0
cam040_w4,103,0.07010785824345146
cam040_w4,104,0.1448382126348228
cam040_w4,105,0.31587057010785824
cam040_w4,106,0.6024653312788906
cam040_w4,107,0.5947611710323575
cam040_w4,108,0.08859784283513097
cam040_w4,109,0.0061633281972265025
cam040_w4,110,0.17719568567026195
cam040_w4,111,0.44992295839753466
cam040_w4,112,0.0
cam040_w4,113,0.1140215716486903
cam040_w4,114,0.43759630200308164
cam040_w4,115,0.2765793528505393
cam040_w4,116,0.0
cam040_w4,117,0.0
cam040_w4,118,0.030816640986132512
cam040_w4,119,0.0
cam040_w4,120,0.0
cam040_w4,121,0.0
cam040_w4,122,0.0
cam040_w4,123,0.0
cam040_w4,124,0.030816640986132512
cam040_w4,125,0.08782742681047766
cam040_w4,126,0.2172573189522342
cam040_w4,127,0.1386748844375963
cam040_w4,128,0.0
cam040_w4,129,0.0
cam040_w4,130,0.0
cam040_w4,131,0.0
cam040_w4,132,0.006933744221879815
cam040_w4,133,0.0
cam040_w4,134,0.0
cam040_w4,135,0.004622496147919877
cam040_w4,136,0.0
cam040_w4,137,0.01078582434514638
cam040_w4,138,0.011556240369799691
cam040_w4,139,0.010015408320493066
cam040_w4,140,0.0015408320493066256
cam040_w4,141,0.030046224961479198
cam040_w4,142,0.31124807395993837
cam040_w4,143,0.11248073959938366
cam040_w4,144,0.09476117103235747
cam040_w4,145,0.07164869029275808
cam040_w4,146,0.0007704160246533128
cam040_w4,147,0.0
cam040_w4,148,0.0
cam040_w4,149,0.0
cam040_w4,150,0.0
cam040_w4,151,0.0
cam040_w4,152,0.0
cam040_w4,153,0.0
cam040_w4,154,0.0
cam040_w4,155,0.0
cam040_w4,156,0.0
cam040_w4,157,0.0029563932002956393
cam040_w4,158,0.0
cam040_w4,159,0.0
cam040_w4,160,0.0022172949002217295
cam040_w4,161,0.28750923872875095
cam040_w4,162,0.0
cam040_w4,163,0.0
cam040_w4,164,0.0
cam040_w4,165,0.188470066518847
cam040_w4,166,0.0
cam040_w4,167,0.0
cam040_w4,168,0.03991130820399113
cam040_w4,169,0.3089430894308943
cam040_w4,170,0.5328898743532889
cam040_w4,171,0.4079822616407982
cam040_w4,172,0.19955654101995565
cam040_w4,173,0.3983739837398374
cam040_w4,174,0.17960088691796008
cam040_w4,175,0.4079822616407982
cam040_w4,176,0.43015521064301554
cam040_w4,177,0.24759793052475979
cam040_w4,178,0.2586844050258684
cam040_w4,179,0.5358462675535847
cam040_w4,180,0.16925351071692535
cam040_w4,181,0.4065040650406504
cam040_w4,182,0.754619364375462
cam040_w4,183,0.475240206947524
cam040_w4,184,0.6659275683665927
cam040_w4,185,0.7442719881744272
cam040_w4,186,0.6082779009608278
cam040_w4,187,0.4153732446415373
cam040_w4,188,0.44198078344419806
cam040_w4,189,0.3244641537324464
cam040_w4,190,0.07243163340724317
cam040_w4,191,0.059127864005912786
cam040_w4,192,0.017738359201773836
cam040_w4,193,0.04730229120473023
cam040_w4,194,0.013303769401330377
cam040_w4,195,0.005912786400591279
cam040_w4,196,0.04656319290465632
cam040_w4,197,0.0
cam040_w4,198,0.057649667405764965
cam040_w4,199,0.08573540280857354
cam040_w4,200,0.06430155210643015
cam040_w4,201,0.051736881005173686
cam040_w4,202,0.019216555801921657
cam040_w4,203,0.026607538802660754
cam040_w4,204,0.0
cam040_w4,205,0.010347376201034738
cam040_w4,206,0.010347376201034738
cam040_w4,207,0.0
cam040_w4,208,0.0014781966001478197
cam040_w4,209,0.016260162601626018
cam040_w4,210,0.04951958610495196
cam040_w4,211,0.031781226903178125
cam040_w4,212,0.0
cam040_w4,213,0.0
cam040_w4,214,0.03399852180339985
cam040_w4,215,0.0
cam040_w4,216,0.03547671840354767
cam040_w4,217,0.08425720620842572
cam040_w4,218,0.008869179600886918
cam040_w4,219,0.005173688100517369
cam040_w4,220,0.010347376201034738
cam040_w4,221,0.0
cam040_w4,222,0.008869179600886918
cam040_w4,223,0.0
cam040_w4,224,0.0
cam040_w4,225,0.0
cam040_w4,226,0.0
cam040_w4,227,0.0
cam040_w4,228,0.0
cam040_w4,229,0.0
cam040_w4,230,0.0
cam040_w4,231,0.0
cam040_w4,232,0.0
cam040_w4,233,0.0
cam040_w4,234,0.0
cam040_w4,235,0.0
cam040_w4,236,0.009931719428926133
cam040_w4,237,0.0
cam040_w4,238,0.004345127250155183
cam040_w4,239,0.027932960893854747
cam040_w4,240,0.006828057107386716
cam040_w4,241,0.018001241464928614
cam040_w4,242,0.025450031036623216
cam040_w4,243,0.08752327746741155
cam040_w4,244,0.14711359404096835
cam040_w4,245,0.13594040968342644
cam040_w4,246,0.03414028553693358
cam040_w4,247,0.1111111111111111
cam040_w4,248,0.3116076970825574
cam040_w4,249,0.07386716325263812
cam040_w4,250,0.5785226567349472
cam040_w4,251,0.4314090626939789
cam040_w4,252,0.3159528243327126
cam040_w4,253,0.3780260707635009
cam040_w4,254,0.2085661080074488
cam040_w4,255,0.07262569832402235
cam040_w4,256,0.0595903165735568
cam040_w4,257,0.15394165114835506
cam040_w4,258,0.16201117318435754
cam040_w4,259,0.09373060211049038
cam040_w4,260,0.25139664804469275
cam040_w4,261,0.07883302296710118
cam040_w4,262,0.07510862818125388
cam040_w4,263,0.19490999379267535
cam040_w4,264,0.03476101800124146
cam040_w4,265,0.19863438857852267
cam040_w4,266,0.12911235257603973
cam040_w4,267,0.11669770328988206
cam040_w4,268,0.06765983860955928
cam040_w4,269,0.09869646182495345
cam040_w4,270,0.14711359404096835
cam040_w4,271,0.09124767225325885
cam040_w4,272,0.07883302296710118
cam040_w4,273,0.0
cam040_w4,274,0.002482929857231533
cam040_w4,275,0.06393544382371198
cam040_w4,276,0.01675977653631285
cam040_w4,277,0.13283674736188703
cam040_w4,278,0.08317815021725636
cam040_w4,279,0.05834885164494103
cam040_w4,280,0.03972687771570453
cam040_w4,281,0.04531346989447548
cam040_w4,282,0.06579764121663563
cam040_w4,283,0.09435133457479826
cam040_w4,284,0.06641837368094351
cam040_w4,285,0.13904407200496585
cam040_w4,286,0.06517690875232775
cam040_w4,287,0.0223463687150838
cam040_w4,288,0.0074487895716946
cam040_w4,289,0.06952203600248293
cam040_w4,290,0.027312228429546864
cam040_w4,291,0.035381750465549346
cam040_w4,292,0.07200496585971446
cam040_w4,293,0.00931098696461825
cam040_w4,294,0.006828057107386716
cam040_w4,295,0.0297951582867784
cam040_w4,296,0.024829298572315334
cam040_w4,297,0.0
cam040_w4,298,0.01303538175046555
cam040_w4,299,0.0
cam040_w4,300,0.0012414649286157666
cam040_w4,301,0.0017368649587494573
cam040_w4,302,0.0
cam040_w4,303,0.0
cam040_w4,304,0.0004342162396873643
cam040_w4,305,0.0
cam040_w4,306,0.0
cam040_w4,307,0.0
cam040_w4,308,0.0060790273556231
cam040_w4,309,0.0021710811984368217
cam040_w4,310,0.0034737299174989146
cam040_w4,311,0.0
cam040_w4,312,0.007815892314372557
cam040_w4,313,0.0
cam040_w4,314,0.0034737299174989146
cam040_w4,315,0.0
cam040_w4,316,0.0121580547112462
cam040_w4,317,0.0316977854971776
cam040_w4,318,0.06556665219279201
cam040_w4,319,0.11159357359965262
cam040_w4,320,0.024750325662179766
cam040_w4,321,0.04515848892748589
cam040_w4,322,0.049066435084672164
cam040_w4,323,0.049066435084672164
cam040_w4,324,0.08901432913590969
cam040_w4,325,0.08988276161528441
cam040_w4,326,0.08336951801997394
cam040_w4,327,0.00998697351280938
cam040_w4,328,0.10681719496309162
cam040_w4,329,0.1276595744680851
cam040_w4,330,0.056013894919669995
cam040_w4,331,0.16587060356057318
cam040_w4,332,0.28614850195397307
cam040_w4,333,0.4355188884064264
cam040_w4,334,0.3009118541033435
cam040_w4,335,0.27442466348241423
cam040_w4,336,0.2045158488927486
cam040_w4,337,0.26617455492835435
cam040_w4,338,0.03430308293530178
cam040_w4,339,0.14025184541901867
cam040_w4,340,0.19583152409900131
cam040_w4,341,0.07946157186278767
cam040_w4,342,0.025618758141554496
cam040_w4,343,0.10551454624402953
cam040_w4,344,0.303951367781155
cam040_w4,345,0.38254450716456795
cam040_w4,346,0.03603994789405124
cam040_w4,347,0.3247937472861485
cam040_w4,348,0.12158054711246201
cam040_w4,349,0.12505427702996091
cam040_w4,350,0.2900564481111594
cam040_w4,351,0.16673903603994789
cam040_w4,352,0.03213200173686496
cam040_w4,353,0.1471993052540165
cam040_w4,354,0.10681719496309162
cam040_w4,355,0.06904038211029093
cam040_w4,356,0.19973947025618757
cam040_w4,357,0.182370820668693
cam040_w4,358,0.13113330438558402
cam040_w4,359,0.265740338688667
cam040_w4,360,0.4537559704732957
cam040_w4,361,0.08119843682153713
cam040_w4,362,0.0911854103343465
cam040_w4,363,0.09769865392965697
cam040_w4,364,0.12809379070777246
cam040_w4,365,0.09161962657403387
cam040_w4,366,0.24663482414242294
cam040_w4,367,0.07729049066435084
cam040_w4,368,0.02518454190186713
cam040_w4,369,0.06990881458966565
cam040_w4,370,0.07598784194528875
cam040_w4,371,0.07772470690403821
cam040_w4,372,0.04472427268779852
cam040_w4,373,0.006513243595310464
cam040_w4,374,0.07729049066435084
cam040_w4,375,0.019539730785931395
cam040_w5,1,0.009299781181619256
cam040_w5,2,0.015317286652078774
cam040_w5,3,0.0
cam040_w5,4,0.0010940919037199124
cam040_w5,5,0.2855579868708972
cam040_w5,6,0.42286652078774617
cam040_w5,7,0.18435448577680524
cam040_w5,8,0.42778993435448576
cam040_w5,9,0.3227571115973742
cam040_w5,10,0.008205689277899343
cam040_w5,11,0.5530634573304157
cam040_w5,12,0.3522975929978118
cam040_w5,13,0.7160831509846827
cam040_w5,14,0.32439824945295404
cam040_w5,15,0.4841356673960613
cam040_w5,16,0.1012035010940919
cam040_w5,17,0.6991247264770241
cam040_w5,18,0.10940919037199125
cam040_w5,19,0.018599562363238512
cam040_w5,20,0.5716630196936543
cam040_w5,21,0.5092997811816192
cam040_w5,22,0.0
cam040_w5,23,0.0
cam040_w5,24,0.0
cam040_w5,25,0.0
cam040_w5,26,0.0
cam040_w5,27,0.08588621444201312
cam040_w5,28,0.2565645514223195
cam040_w5,29,0.022428884026258207
cam040_w5,30,0.05087527352297593
cam040_w5,31,0.16028446389496717
cam040_w5,32,0.5158643326039387
cam040_w5,33,0.4217724288840263
cam040_w5,34,0.5973741794310722
cam040_w5,35,0.17888402625820568
cam040_w5,36,0.38074398249452956
cam040_w5,37,0.5103938730853391
cam040_w5,38,0.11925601750547046
cam040_w5,39,0.2111597374179431
cam040_w5,40,0.020787746170678335
cam040_w5,41,0.3774617067833698
cam040_w5,42,0.5038293216630197
cam040_w5,43,0.34846827133479213
cam040_w5,44,0.10776805251641138
cam040_w5,45,0.5328227571115973
cam040_w5,46,0.3265864332603939
cam040_w5,47,0.11214442013129103
cam040_w5,48,0.6898249452954048
cam040_w5,49,0.4907002188183807
cam040_w5,50,0.09245076586433261
cam040_w5,51,0.18654266958424506
cam040_w5,52,0.08150984682713348
cam040_w5,53,0.0350109409190372
cam040_w5,54,0.019146608315098467
cam040_w5,55,0.14059080962800874
cam040_w5,56,0.4649890590809628
cam040_w5,57,0.5787746170678337
cam040_w5,58,0.5404814004376368
cam040_w5,59,0.5612691466083151
cam040_w5,60,0.6077680525164114
cam040_w5,61,0.009299781181619256
cam040_w5,62,0.07549234135667396
cam040_w5,63,0.13074398249452954
cam040_w5,64,0.5656455142231948
cam040_w5,65,0.3490153172866521
cam040_w5,66,0.29704595185995625
cam040_w5,67,0.162472647702407
cam040_w5,68,0.29704595185995625
cam040_w5,69,0.4234135667396061
cam040_w5,70,0.08424507658643327
cam040_w5,71,0.12964989059080964
cam040_w5,72,0.02461706783369803
cam040_w5,73,0.002188183807439825
cam040_w5,74,0.0032822757111597373
cam040_w5,75,0.0
cam040_w5,76,0.0
cam040_w5,77,0.0
cam040_w5,78,0.0
cam040_w5,79,0.0
cam040_w5,80,0.0
cam040_w5,81,0.0
cam040_w5,82,0.0
cam040_w5,83,0.050149700598802395
cam040_w5,84,0.03143712574850299
cam040_w5,85,0.0007485029940119761
cam040_w5,86,0.0
cam040_w5,87,0.0
cam040_w5,88,0.035179640718562874
cam040_w5,89,0.0
cam040_w5,90,0.0
cam040_w5,91,0.0
cam040_w5,92,0.020209580838323353
cam040_w5,93,0.19461077844311378
cam040_w5,94,0.04341317365269461
cam040_w5,95,0.3023952095808383
cam040_w5,96,0.2619760479041916
cam040_w5,97,0.5838323353293413
cam040_w5,98,0.31511976047904194
cam040_w5,99,0.8046407185628742
cam040_w5,100,0.13697604790419163
cam040_w5,101,0.24850299401197604
cam040_w5,102,0.7874251497005988
cam040_w5,103,0.8308383233532934
cam040_w5,104,0.6803892215568862
cam040_w5,105,0.8585329341317365
cam040_w5,106,0.12949101796407186
cam040_w5,107,0.2791916167664671
cam040_w5,108,0.8555389221556886
cam040_w5,109,0.9026946107784432
cam040_w5,110,0.8255988023952096
cam040_w5,111,0.782185628742515
cam040_w5,112,0.4565868263473054
cam040_w5,113,0.0748502994011976
cam040_w5,114,0.46407185628742514
cam040_w5,115,0.42065868263473055
cam040_w5,116,0.28293413173652693
cam040_w5,117,0.002245508982035928
cam040_w5,118,0.0
cam040_w5,119,0.0344311377245509
cam040_w5,120,0.5329341317365269
cam040_w5,121,0.23203592814371257
cam040_w5,122,0.5868263473053892
cam040_w5,123,0.4124251497005988
cam040_w5,124,0.06062874251497006
cam040_w5,125,0.563622754491018
cam040_w5,126,0.10404191616766467
cam040_w5,127,0.03293413173652695
cam040_w5,128,0.01721556886227545
cam040_w5,129,0.46407185628742514
cam040_w5,130,0.0
cam040_w5,131,0.0
cam040_w5,132,0.0
cam040_w5,133,0.0
cam040_w5,134,0.0688622754491018
cam040_w5,135,0.0
cam040_w5,136,0.0
cam040_w5,137,0.0
cam040_w5,138,0.002245508982035928
cam040_w5,139,0.008233532934131737
cam040_w5,140,0.0007485029940119761
cam040_w5,141,0.0037425149700598802
cam040_w5,142,0.11377245508982035
cam040_w5,143,0.023952095808383235
cam040_w5,144,0.005239520958083832
cam040_w5,145,0.014970059880239521
cam040_w5,146,0.005239520958083832
cam040_w5,147,0.0029940119760479044
cam040_w5,148,0.0
cam040_w5,149,0.0
cam040_w5,150,0.0
cam040_w5,151,0.0
cam040_w5,152,0.0
cam040_w5,153,0.0
cam040_w5,154,0.0014936519790888724
cam040_w5,155,0.0
cam040_w5,156,0.002987303958177745
cam040_w5,157,0.0014936519790888724
cam040_w5,158,0.035847647498132934
cam040_w5,159,0.0
cam040_w5,160,0.0
cam040_w5,161,0.1344286781179985
cam040_w5,162,0.0
cam040_w5,163,0.0
cam040_w5,164,0.008961911874533234
cam040_w5,165,0.07766990291262135
cam040_w5,166,0.02539208364451083
cam040_w5,167,0.006721433905899925
cam040_w5,168,0.08289768483943241
cam040_w5,169,0.08289768483943241
cam040_w5,170,0.30694548170276326
cam040_w5,171,0.3308439133681852
cam040_w5,172,0.5937266616878267
cam040_w5,173,0.5631067961165048
cam040_w5,174,0.0268857356235997
cam040_w5,175,0.0
cam040_w5,176,0.2666168782673637
cam040_w5,177,0.0
cam040_w5,178,0.0
cam040_w5,179,0.0037341299477221808
cam040_w5,180,0.0074682598954443615
cam040_w5,181,0.01344286781179985
cam040_w5,182,0.009708737864077669
cam040_w5,183,0.012696041822255415
cam040_w5,184,0.022404779686333084
cam040_w5,185,0.002987303958177745
cam040_w5,186,0.05750560119492158
cam040_w5,187,0.04555638536221061
cam040_w5,188,0.05675877520537715
cam040_w5,189,0.01717699775952203
cam040_w5,190,0.10903659447348768
cam040_w5,191,0.22852875280059745
cam040_w5,192,0.0351008215085885
cam040_w5,193,0.1508588498879761
cam040_w5,194,0.15832710978342046
cam040_w5,195,0.04555638536221061
cam040_w5,196,0.028379387602688575
cam040_w5,197,0.0948469006721434
cam040_w5,198,0.06796116504854369
cam040_w5,199,0.1486183719193428
cam040_w5,200,0.1508588498879761
cam040_w5,201,0.01568334578043316
cam040_w5,202,0.005227781926811053
cam040_w5,203,0.006721433905899925
cam040_w5,204,0.020911127707244213
cam040_w5,205,0.0
cam040_w5,206,0.002987303958177745
cam040_w5,207,0.010455563853622106
cam040_w5,208,0.016430171769977596
cam040_w5,209,0.0
cam040_w5,210,0.0
cam040_w5,211,0.018670649738610903
cam040_w5,212,0.06497386109036594
cam040_w5,213,0.0
cam040_w5,214,0.022404779686333084
cam040_w5,215,0.0
cam040_w5,216,0.020164301717699777
cam040_w5,217,0.05899925317401045
cam040_w5,218,0.0642270351008215
cam040_w5,219,0.021657953696788648
cam040_w5,220,0.008961911874533234
cam040_w5,221,0.02389843166542196
cam040_w5,222,0.0
cam040_w5,223,0.0
cam040_w5,224,0.016430171769977596
cam040_w5,225,0.0
cam040_w5,226,0.0
cam040_w5,227,0.0
cam040_w5,228,0.0
cam040_w5,229,0.0045045045045045045
cam040_w5,230,0.0
cam040_w5,231,0.003861003861003861
cam040_w5,232,0.0
cam040_w5,233,0.005791505791505791
cam040_w5,234,0.0
cam040_w5,235,0.003861003861003861
cam040_w5,236,0.032175032175032175
cam040_w5,237,0.010939510939510939
cam040_w5,238,0.032818532818532815
cam040_w5,239,0.006435006435006435
cam040_w5,240,0.04247104247104247
cam040_w5,241,0.1776061776061776
cam040_w5,242,0.13127413127413126
cam040_w5,243,0.02574002574002574
cam040_w5,244,0.04568854568854569
cam040_w5,245,0.06628056628056628
cam040_w5,246,0.3256113256113256
cam040_w5,247,0.39575289575289574
cam040_w5,248,0.33462033462033464
cam040_w5,249,0.13384813384813385
cam040_w5,250,0.04054054054054054
cam040_w5,251,0.02252252252252252
cam040_w5,252,0.07078507078507079
cam040_w5,253,0.18532818532818532
cam040_w5,254,0.34234234234234234
cam040_w5,255,0.6724581724581724
cam040_w5,256,0.11003861003861004
cam040_w5,257,0.04568854568854569
cam040_w5,258,0.07207207207207207
cam040_w5,259,0.006435006435006435
cam040_w5,260,0.018018018018018018
cam040_w5,261,0.01287001287001287
cam040_w5,262,0.043758043758043756
cam040_w5,263,0.035392535392535396
cam040_w5,264,0.025096525096525095
cam040_w5,265,0.05019305019305019
cam040_w5,266,0.027670527670527672
cam040_w5,267,0.023809523809523808
cam040_w5,268,0.13127413127413126
cam040_w5,269,0.05662805662805663
cam040_w5,270,0.12548262548262548
cam040_w5,271,0.009652509652509652
cam040_w5,272,0.525096525096525
cam040_w5,273,0.08622908622908623
cam040_w5,274,0.1718146718146718
cam040_w5,275,0.04633204633204633
cam040_w5,276,0.0006435006435006435
cam040_w5,277,0.023809523809523808
cam040_w5,278,0.04054054054054054
cam040_w5,279,0.07915057915057915
cam040_w5,280,0.18983268983268983
cam040_w5,281,0.0694980694980695
cam040_w5,282,0.023166023166023165
cam040_w5,283,0.11840411840411841
cam040_w5,284,0.15122265122265122
cam040_w5,285,0.212998712998713
cam040_w5,286,0.015444015444015444
cam040_w5,287,0.06628056628056628
cam040_w5,288,0.007078507078507079
cam040_w5,289,0.015444015444015444
cam040_w5,290,0.02445302445302445
cam040_w5,291,0.05148005148005148
cam040_w5,292,0.059202059202059204
cam040_w5,293,0.02059202059202059
cam040_w5,294,0.009009009009009009
cam040_w5,295,0.026383526383526385
cam040_w5,296,0.0
cam040_w5,297,0.010939510939510939
cam040_w5,298,0.009009009009009009
cam040_w5,299,0.04504504504504504
cam040_w5,300,0.006435006435006435
cam040_w5,301,0.0
cam040_w5,302,0.0013026487190620929
cam040_w5,303,0.0021710811984368217
cam040_w5,304,0.0
cam040_w5,305,0.0004342162396873643
cam040_w5,306,0.0013026487190620929
cam040_w5,307,0.0004342162396873643
cam040_w5,308,0.026921406860616587
cam040_w5,309,0.00998697351280938
cam040_w5,310,0.01910551454624403
cam040_w5,311,0.01693443334780721
cam040_w5,312,0.0008684324793747286
cam040_w5,313,0.006513243595310464
cam040_w5,314,0.07034303082935302
cam040_w5,315,0.04472427268779852
cam040_w5,316,0.3382544507164568
cam040_w5,317,0.1411202778983934
cam040_w5,318,0.331306990881459
cam040_w5,319,0.23751628310898829
cam040_w5,320,0.3295701259227095
cam040_w5,321,0.4585323491098567
cam040_w5,322,0.34997828918801566
cam040_w5,323,0.2996092053842814
cam040_w5,324,0.08380373425966131
cam040_w5,325,0.37299174989144596
cam040_w5,326,0.2883195831524099
cam040_w5,327,0.49848024316109424
cam040_w5,328,0.39947894051237515
cam040_w5,329,0.41424229266174556
cam040_w5,330,0.19583152409900131
cam040_w5,331,0.09422492401215805
cam040_w5,332,0.26052974381241856
cam040_w5,333,0.5301780286582718
cam040_w5,334,0.1228831958315241
cam040_w5,335,0.2006079027355623
cam040_w5,336,0.11723838471558837
cam040_w5,337,0.06252713851498046
cam040_w5,338,0.04125054277029961
cam040_w5,339,0.22188449848024316
cam040_w5,340,0.08423795049934868
cam040_w5,341,0.11029092488059053
cam040_w5,342,0.33174120712114635
cam040_w5,343,0.6213634389926184
cam040_w5,344,0.27920104211897523
cam040_w5,345,0.38384715588363005
cam040_w5,346,0.09596178897090751
cam040_w5,347,0.04081632653061224
cam040_w5,348,0.11810681719496309
cam040_w5,349,0.049066435084672164
cam040_w5,350,0.04342162396873643
cam040_w5,351,0.15240990013026487
cam040_w5,352,0.04081632653061224
cam040_w5,353,0.07034303082935302
cam040_w5,354,0.38384715588363005
cam040_w5,355,0.3538862353452019
cam040_w5,356,0.2965696917064698
cam040_w5,357,0.11593573599652628
cam040_w5,358,0.0972644376899696
cam040_w5,359,0.2053842813721233
cam040_w5,360,0.27920104211897523
cam040_w5,361,0.07381676074685194
cam040_w5,362,0.11115935735996527
cam040_w5,363,0.03256621797655232
cam040_w5,364,0.24272687798523665
cam040_w5,365,0.3300043421623969
cam040_w5,366,0.08380373425966131
cam040_w5,367,0.2735562310030395
cam040_w5,368,0.16977854971775944
cam040_w5,369,0.4424663482414242
cam040_w5,370,0.38514980460269216
cam040_w5,371,0.26313504125054277
cam040_w5,372,0.26356925749023014
cam040_w5,373,0.425531914893617
cam040_w5,374,0.11854103343465046
cam040_w5,375,0.10638297872340426
cam040_w6,1,0.0
cam040_w6,2,0.0
cam040_w6,3,0.0636042402826855
cam040_w6,4,0.09422850412249706
cam040_w6,5,0.10129564193168433
cam040_w6,6,0.5594817432273262
cam040_w6,7,0.3504122497055359
cam040_w6,8,0.428150765606596
cam040_w6,9,0.4552414605418139
cam040_w6,10,0.15959952885747938
cam040_w6,11,0.4028268551236749
cam040_w6,12,0.44758539458186103
cam040_w6,13,0.28091872791519434
cam040_w6,14,0.3244994110718492
cam040_w6,15,0.6531213191990577
cam040_w6,16,0.45111896348645464
cam040_w6,17,0.24440518256772673
cam040_w6,18,0.3404004711425206
cam040_w6,19,0.48115429917550057
cam040_w6,20,0.18138987043580684
cam040_w6,21,0.7055359246171967
cam040_w6,22,0.02944640753828033
cam040_w6,23,0.0
cam040_w6,24,0.0088339222614841
cam040_w6,25,0.0
cam040_w6,26,0.012367491166077738
cam040_w6,27,0.16431095406360424
cam040_w6,28,0.0
cam040_w6,29,0.2332155477031802
cam040_w6,30,0.33627797408716137
cam040_w6,31,0.052414605418138985
cam040_w6,32,0.0
cam040_w6,33,0.0
cam040_w6,34,0.0
cam040_w6,35,0.00530035335689046
cam040_w6,36,0.0
cam040_w6,37,0.0
cam040_w6,38,0.0
cam040_w6,39,0.0
cam040_w6,40,0.007067137809187279
cam040_w6,41,0.06419316843345112
cam040_w6,42,0.0
cam040_w6,43,0.0
cam040_w6,44,0.018256772673733806
cam040_w6,45,0.0
cam040_w6,46,0.0
cam040_w6,47,0.0005889281507656066
cam040_w6,48,0.009422850412249705
cam040_w6,49,0.0005889281507656066
cam040_w6,50,0.001177856301531213
cam040_w6,51,0.06831566548881036
cam040_w6,52,0.016489988221436984
cam040_w6,53,0.07538280329799764
cam040_w6,54,0.00530035335689046
cam040_w6,55,0.16372202591283863
cam040_w6,56,0.00530035335689046
cam040_w6,57,0.10541813898704358
cam040_w6,58,0.0076560659599528855
cam040_w6,59,0.024734982332155476
cam040_w6,60,0.03769140164899882
cam040_w6,61,0.05123674911660778
cam040_w6,62,0.021790341578327443
cam040_w6,63,0.012956419316843345
cam040_w6,64,0.00530035335689046
cam040_w6,65,0.0005889281507656066
cam040_w6,66,0.009422850412249705
cam040_w6,67,0.043580683156654886
cam040_w6,68,0.0
cam040_w6,69,0.0535924617196702
cam040_w6,70,0.0812720848056537
cam040_w6,71,0.016489988221436984
cam040_w6,72,0.0
cam040_w6,73,0.004122497055359246
cam040_w6,74,0.0
cam040_w6,75,0.0
cam040_w6,76,0.0
cam040_w6,77,0.0
cam040_w6,78,0.0
cam040_w6,79,0.0
cam040_w6,80,0.0
cam040_w6,81,0.0
cam040_w6,82,0.0
cam040_w6,83,0.0
cam040_w6,84,0.0
cam040_w6,85,0.054426705370101594
cam040_w6,86,0.07329462989840348
cam040_w6,87,0.0
cam040_w6,88,0.08490566037735849
cam040_w6,89,0.0021770682148040637
cam040_w6,90,0.09433962264150944
cam040_w6,91,0.16037735849056603
cam040_w6,92,0.08563134978229318
cam040_w6,93,0.15602322206095792
cam040_w6,94,0.038461538461538464
cam040_w6,95,0.44194484760522496
cam040_w6,96,0.5181422351233672
cam040_w6,97,0.4825834542815675
cam040_w6,98,0.6502177068214804
cam040_w6,99,0.44702467343976776
cam040_w6,100,0.7053701015965167
cam040_w6,101,0.3214804063860668
cam040_w6,102,0.4397677793904209
cam040_w6,103,0.23947750362844702
cam040_w6,104,0.6567489114658926
cam040_w6,105,0.07474600870827286
cam040_w6,106,0.3686502177068215
cam040_w6,107,0.6168359941944848
cam040_w6,108,0.3062409288824383
cam040_w6,109,0.4876632801161103
cam040_w6,110,0.5870827285921626
cam040_w6,111,0.17851959361393324
cam040_w6,112,0.7191582002902758
cam040_w6,113,0.4216255442670537
cam040_w6,114,0.49709724238026126
cam040_w6,115,0.8468795355587808
cam040_w6,116,0.48911465892597966
cam040_w6,117,0.5413642960812772
cam040_w6,118,0.2169811320754717
cam040_w6,119,0.7423802612481858
cam040_w6,120,0.18505079825834542
cam040_w6,121,0.0
cam040_w6,122,0.22496371552975328
cam040_w6,123,0.10087082728592163
cam040_w6,124,0.08490566037735849
cam040_w6,125,0.4056603773584906
cam040_w6,126,0.06966618287373004
cam040_w6,127,0.47895500725689405
cam040_w6,128,0.22859216255442671
cam040_w6,129,0.0
cam040_w6,130,0.001451378809869376
cam040_w6,131,0.0
cam040_w6,132,0.0
cam040_w6,133,0.0
cam040_w6,134,0.0
cam040_w6,135,0.0
cam040_w6,136,0.0
cam040_w6,137,0.0
cam040_w6,138,0.0
cam040_w6,139,0.0
cam040_w6,140,0.0
cam040_w6,141,0.0
cam040_w6,142,0.013788098693759071
cam040_w6,143,0.0043541364296081275
cam040_w6,144,0.0050798258345428155
cam040_w6,145,0.0
cam040_w6,146,0.0
cam040_w6,147,0.000725689404934688
cam040_w6,148,0.0
cam040_w6,149,0.0
cam040_w6,150,0.0
cam040_w6,151,0.0
cam040_w6,152,0.0
cam040_w6,153,0.0
cam040_w6,154,0.0
cam040_w6,155,0.0
cam040_w6,156,0.0
cam040_w6,157,0.0
cam040_w6,158,0.0
cam040_w6,159,0.0
cam040_w6,160,0.06462821403752605
cam040_w6,161,0.0
cam040_w6,162,0.0
cam040_w6,163,0.0
cam040_w6,164,0.0
cam040_w6,165,0.0
cam040_w6,166,0.0
cam040_w6,167,0.0
cam040_w6,168,0.03822098679638638
cam040_w6,169,0.03613620569840167
cam040_w6,170,0.09589993050729674
cam040_w6,171,0.28214037526059765
cam040_w6,172,0.4065323141070188
cam040_w6,173,0.20222376650451704
cam040_w6,174,0.32453092425295343
cam040_w6,175,0.5788742182070883
cam040_w6,176,0.07018763029881862
cam040_w6,177,0.015288394718554551
cam040_w6,178,0.020152883947185545
cam040_w6,179,0.0118137595552467
cam040_w6,180,0.06879777623349548
cam040_w6,181,0.0
cam040_w6,182,0.05142460041695622
cam040_w6,183,0.0
cam040_w6,184,0.006254343293954135
cam040_w6,185,0.0
cam040_w6,186,0.0
cam040_w6,187,0.007644197359277276
cam040_w6,188,0.015288394718554551
cam040_w6,189,0.027102154273801252
cam040_w6,190,0.09242529534398888
cam040_w6,191,0.08061153578874218
cam040_w6,192,0.23697011813759555
cam040_w6,193,0.2453092425295344
cam040_w6,194,0.7498262682418346
cam040_w6,195,0.9555246699096595
cam040_w6,196,0.6984016678248783
cam040_w6,197,0.37595552466990967
cam040_w6,198,0.020152883947185545
cam040_w6,199,0.048644892286309936
cam040_w6,200,0.0034746351633078527
cam040_w6,201,0.035441278665740095
cam040_w6,202,0.0
cam040_w6,203,0.0
cam040_w6,204,0.0
cam040_w6,205,0.0020847810979847115
cam040_w6,206,0.0
cam040_w6,207,0.0
cam040_w6,208,0.0
cam040_w6,209,0.0
cam040_w6,210,0.0
cam040_w6,211,0.022932592077831826
cam040_w6,212,0.01667824878387769
cam040_w6,213,0.0
cam040_w6,214,0.0236275191104934
cam040_w6,215,0.015983321751216122
cam040_w6,216,0.15010423905489922
cam040_w6,217,0.43502432244614314
cam040_w6,218,0.33634468380820015
cam040_w6,219,0.18554551772063932
cam040_w6,220,0.12786657400972898
cam040_w6,221,0.0
cam040_w6,222,0.0020847810979847115
cam040_w6,223,0.0
cam040_w6,224,0.0
cam040_w6,225,0.0
cam040_w6,226,0.0
cam040_w6,227,0.0
cam040_w6,228,0.0
cam040_w6,229,0.003073140749846343
cam040_w6,230,0.0043023970497848806
cam040_w6,231,0.0
cam040_w6,232,0.023355869698832205
cam040_w6,233,0.0
cam040_w6,234,0.0
cam040_w6,235,0.0
cam040_w6,236,0.0
cam040_w6,237,0.0
cam040_w6,238,0.0
cam040_w6,239,0.0
cam040_w6,240,0.02642901044867855
cam040_w6,241,0.04240934234787953
cam040_w6,242,0.06515058389674247
cam040_w6,243,0.06576521204671174
cam040_w6,244,0.04732636754763368
cam040_w6,245,0.013521819299323909
cam040_w6,246,0.107559926244622
cam040_w6,247,0.22802704363859866
cam040_w6,248,0.09956976029502151
cam040_w6,249,0.4130301167793485
cam040_w6,250,0.08543331284572833
cam040_w6,251,0.1997541487400123
cam040_w6,252,0.04548248309772587
cam040_w6,253,0.3816840811309158
cam040_w6,254,0.2661339889366933
cam040_w6,255,0.23847572218807622
cam040_w6,256,0.09526736324523663
cam040_w6,257,0.03380454824830977
cam040_w6,258,0.09956976029502151
cam040_w6,259,0.004917025199754148
cam040_w6,260,0.003073140749846343
cam040_w6,261,0.0043023970497848806
cam040_w6,262,0.006760909649661954
cam040_w6,263,0.01290719114935464
cam040_w6,264,0.011063306699446834
cam040_w6,265,0.01782421634910879
cam040_w6,266,0.008604794099569761
cam040_w6,267,0.046097111247695145
cam040_w6,268,0.06207744314689613
cam040_w6,269,0.0215119852489244
cam040_w6,270,0.022126613398893668
cam040_w6,271,0.11186232329440689
cam040_w6,272,0.4228641671788568
cam040_w6,273,0.05531653349723417
cam040_w6,274,0.24093423478795328
cam040_w6,275,0.09895513214505225
cam040_w6,276,0.006146281499692686
cam040_w6,277,0.0036877688998156115
cam040_w6,278,0.005531653349723417
cam040_w6,279,0.006760909649661954
cam040_w6,280,0.006146281499692686
cam040_w6,281,0.03810694529809465
cam040_w6,282,0.0528580208973571
cam040_w6,283,0.10325752919483712
cam040_w6,284,0.06515058389674247
cam040_w6,285,0.013521819299323909
cam040_w6,286,0.005531653349723417
cam040_w6,287,0.024585125998770743
cam040_w6,288,0.03995082974800246
cam040_w6,289,0.01782421634910879
cam040_w6,290,0.00921942224953903
cam040_w6,291,0.0977258758451137
cam040_w6,292,0.08850645359557467
cam040_w6,293,0.01782421634910879
cam040_w6,294,0.044253226797787336
cam040_w6,295,0.022126613398893668
cam040_w6,296,0.028887523048555623
cam040_w6,297,0.006760909649661954
cam040_w6,298,0.0
cam040_w6,299,0.0
cam040_w6,300,0.002458512599877074
cam040_w6,301,0.0
cam040_w6,302,0.0
cam040_w6,303,0.0
cam040_w6,304,0.0
cam040_w6,305,0.0
cam040_w6,306,0.0
cam040_w6,307,0.0
cam040_w6,308,0.0
cam040_w6,309,0.0
cam040_w6,310,0.0
cam040_w6,311,0.0
cam040_w6,312,0.004342162396873643
cam040_w6,313,0.00911854103343465
cam040_w6,314,0.0008684324793747286
cam040_w6,315,0.03517151541467651
cam040_w6,316,0.007381676074685193
cam040_w6,317,0.02301346070343031
cam040_w6,318,0.04776378636561007
cam040_w6,319,0.02735562310030395
cam040_w6,320,0.3174120712114633
cam040_w6,321,0.028658271819366043
cam040_w6,322,0.16847590099869736
cam040_w6,323,0.06252713851498046
cam040_w6,324,0.053842813721233174
cam040_w6,325,0.18323925314806774
cam040_w6,326,0.2761615284411637
cam040_w6,327,0.21233174120712114
cam040_w6,328,0.02518454190186713
cam040_w6,329,0.13330438558402083
cam040_w6,330,0.02214502822405558
cam040_w6,331,0.1910551454624403
cam040_w6,332,0.29396439426834564
cam040_w6,333,0.05167173252279635
cam040_w6,334,0.12331741207121147
cam040_w6,335,0.10421189752496743
cam040_w6,336,0.06426400347372992
cam040_w6,337,0.07989578810247504
cam040_w6,338,0.04689535388623534
cam040_w6,339,0.27833260963960055
cam040_w6,340,0.6139817629179332
cam040_w6,341,0.15284411636995224
cam040_w6,342,0.17194963091619628
cam040_w6,343,0.05254016500217108
cam040_w6,344,0.030829353017802867
cam040_w6,345,0.1836734693877551
cam040_w6,346,0.24489795918367346
cam040_w6,347,0.08076422058184976
cam040_w6,348,0.026921406860616587
cam040_w6,349,0.16934433347807207
cam040_w6,350,0.27876682587928786
cam040_w6,351,0.3404255319148936
cam040_w6,352,0.1107251411202779
cam040_w6,353,0.31958315240990015
cam040_w6,354,0.2396873643074251
cam040_w6,355,0.25618758141554493
cam040_w6,356,0.4897959183673469
cam040_w6,357,0.3161094224924012
cam040_w6,358,0.22405557967867998
cam040_w6,359,0.5523230568823274
cam040_w6,360,0.0924880590534086
cam040_w6,361,0.24924012158054712
cam040_w6,362,0.19887103777681286
cam040_w6,363,0.04819800260529744
cam040_w6,364,0.19800260529743813
cam040_w6,365,0.15979157620495008
cam040_w6,366,0.04342162396873643
cam040_w6,367,0.2323056882327399
cam040_w6,368,0.1094224924012158
cam040_w6,369,0.15631784628745116
cam040_w6,370,0.10421189752496743
cam040_w6,371,0.05644811115935736
cam040_w6,372,0.09596178897090751
cam040_w6,373,0.0060790273556231
cam040_w6,374,0.05167173252279635
cam040_w6,375,0.013460703430308293
cam228_w2,1,0.0
cam228_w2,2,0.0
cam228_w2,3,0.0
cam228_w2,4,0.0
cam228_w2,5,0.0
cam228_w2,6,0.0
cam228_w2,7,0.0
cam228_w2,8,0.0
cam228_w2,9,0.0
cam228_w2,10,0.0
cam228_w2,11,0.0
cam228_w2,12,0.0
cam228_w2,13,0.06330532212885154
cam228_w2,14,0.5103641456582633
cam228_w2,15,0.0
cam228_w2,16,0.0
cam228_w2,17,0.292436974789916
cam228_w2,18,0.005042016806722689
cam228_w2,19,0.04257703081232493
cam228_w2,20,0.3238095238095238
cam228_w2,21,0.22408963585434175
cam228_w2,22,0.016246498599439777
cam228_w2,23,0.6397759103641456
cam228_w2,24,0.039775910364145656
cam228_w2,25,0.28739495798319326
cam228_w2,26,0.07226890756302522
cam228_w2,27,0.3719887955182073
cam228_w2,28,0.48739495798319327
cam228_w2,29,0.004481792717086834
cam228_w2,30,0.0
cam228_w2,31,0.0
cam228_w2,32,0.026330532212885154
cam228_w2,33,0.01568627450980392
cam228_w2,34,0.0
cam228_w2,35,0.0
cam228_w2,36,0.0
cam228_w2,37,0.0
cam228_w2,38,0.0
cam228_w2,39,0.0
cam228_w2,40,0.0
cam228_w2,41,0.0
cam228_w2,42,0.0
cam228_w2,43,0.0
cam228_w2,44,0.0005602240896358543
cam228_w2,45,0.0
cam228_w2,46,0.0
cam228_w2,47,0.0
cam228_w2,48,0.0011204481792717086
cam228_w2,49,0.0028011204481792717
cam228_w2,50,0.0
cam228_w2,51,0.0
cam228_w2,52,0.0
cam228_w2,53,0.0
cam228_w2,54,0.0
cam228_w2,55,0.0
cam228_w2,56,0.0
cam228_w2,57,0.0
cam228_w2,58,0.0
cam228_w2,59,0.0
cam228_w2,60,0.00392156862745098
cam228_w2,61,0.0028011204481792717
cam228_w2,62,0.011764705882352941
cam228_w2,63,0.0056022408963585435
cam228_w2,64,0.0
cam228_w2,65,0.0
cam228_w2,66,0.0
cam228_w2,67,0.0005602240896358543
cam228_w2,68,0.00392156862745098
cam228_w2,69,0.007282913165266107
cam228_w2,70,0.011204481792717087
cam228_w2,71,0.0
cam228_w2,72,0.0
cam228_w2,73,0.0
cam228_w2,74,0.0
cam228_w2,75,0.0
cam228_w2,76,0.0
cam228_w2,77,0.0
cam228_w2,78,0.0
cam228_w2,79,0.0
cam228_w2,80,0.0
cam228_w2,81,0.0
cam228_w2,82,0.0
cam228_w2,83,0.0
cam228_w2,84,0.0
cam228_w2,85,0.0
cam228_w2,86,0.0
cam228_w2,87,0.01174496644295302
cam228_w2,88,0.10234899328859061
cam228_w2,89,0.0
cam228_w2,90,0.0
cam228_w2,91,0.0
cam228_w2,92,0.0
cam228_w2,93,0.012583892617449664
cam228_w2,94,0.13674496644295303
cam228_w2,95,0.0
cam228_w2,96,0.0436241610738255
cam228_w2,97,0.0
cam228_w2,98,0.09899328859060402
cam228_w2,99,0.02936241610738255
cam228_w2,100,0.23657718120805368
cam228_w2,101,0.1174496644295302
cam228_w2,102,0.3976510067114094
cam228_w2,103,0.863255033557047
cam228_w2,104,0.09731543624161074
cam228_w2,105,0.0
cam228_w2,106,0.11325503355704698
cam228_w2,107,0.27684563758389263
cam228_w2,108,0.0
cam228_w2,109,0.07550335570469799
cam228_w2,110,0.45302013422818793
cam228_w2,111,0.24161073825503357
cam228_w2,112,0.6820469798657718
cam228_w2,113,0.575503355704698
cam228_w2,114,0.41359060402684567
cam228_w2,115,0.2986577181208054
cam228_w2,116,0.5595637583892618
cam228_w2,117,0.5998322147651006
cam228_w2,118,0.18791946308724833
cam228_w2,119,0.0
cam228_w2,120,0.026845637583892617
cam228_w2,121,0.0
cam228_w2,122,0.007550335570469799
cam228_w2,123,0.053691275167785234
cam228_w2,124,0.45721476510067116
cam228_w2,125,0.35318791946308725
cam228_w2,126,0.01174496644295302
cam228_w2,127,0.5360738255033557
cam228_w2,128,0.07802013422818792
cam228_w2,129,0.028523489932885907
cam228_w2,130,0.46140939597315433
cam228_w2,131,0.5260067114093959
cam228_w2,132,0.050335570469798654
cam228_w2,133,0.03104026845637584
cam228_w2,134,0.0
cam228_w2,135,0.0
cam228_w2,136,0.0
cam228_w2,137,0.0
cam228_w2,138,0.0
cam228_w2,139,0.0
cam228_w2,140,0.0
cam228_w2,141,0.0
cam228_w2,142,0.0
cam228_w2,143,0.0
cam228_w2,144,0.061241610738255035
cam228_w2,145,0.010067114093959731
cam228_w2,146,0.012583892617449664
cam228_w2,147,0.0
cam228_w2,148,0.0
cam228_w2,149,0.0
cam228_w2,150,0.0
cam228_w2,151,0.0
cam228_w2,152,0.0
cam228_w2,153,0.0031570639305445935
cam228_w2,154,0.0
cam228_w2,155,0.0
cam228_w2,156,0.0
cam228_w2,157,0.0
cam228_w2,158,0.0
cam228_w2,159,0.0
cam228_w2,160,0.0
cam228_w2,161,0.0
cam228_w2,162,0.0
cam228_w2,163,0.0
cam228_w2,164,0.0
cam228_w2,165,0.0
cam228_w2,166,0.0
cam228_w2,167,0.0
cam228_w2,168,0.03314917127071823
cam228_w2,169,0.0
cam228_w2,170,0.06866614048934491
cam228_w2,171,0.17363851617995266
cam228_w2,172,0.2052091554853986
cam228_w2,173,0.0
cam228_w2,174,0.4222573007103394
cam228_w2,175,0.15390686661404893
cam228_w2,176,0.3788476716653512
cam228_w2,177,0.15706393054459353
cam228_w2,178,0.23835832675611682
cam228_w2,179,0.0749802683504341
cam228_w2,180,0.16022099447513813
cam228_w2,181,0.3362273086029992
cam228_w2,182,0.08918705603788477
cam228_w2,183,0.05761641673243883
cam228_w2,184,0.30544593528018943
cam228_w2,185,0.13575374901341752
cam228_w2,186,0.11523283346487766
cam228_w2,187,0.0
cam228_w2,188,0.0
cam228_w2,189,0.0055248618784530384
cam228_w2,190,0.050513022888713496
cam228_w2,191,0.0
cam228_w2,192,0.0
cam228_w2,193,0.0023677979479084454
cam228_w2,194,0.09944751381215469
cam228_w2,195,0.0
cam228_w2,196,0.0
cam228_w2,197,0.056827150749802685
cam228_w2,198,0.006314127861089187
cam228_w2,199,0.04419889502762431
cam228_w2,200,0.012628255722178374
cam228_w2,201,0.1239147592738753
cam228_w2,202,0.06787687450670876
cam228_w2,203,0.05445935280189424
cam228_w2,204,0.003946329913180742
cam228_w2,205,0.0
cam228_w2,206,0.011049723756906077
cam228_w2,207,0.04577742699289661
cam228_w2,208,0.006314127861089187
cam228_w2,209,0.050513022888713496
cam228_w2,210,0.022888713496448304
cam228_w2,211,0.02920284135753749
cam228_w2,212,0.013417521704814523
cam228_w2,213,0.014206787687450671
cam228_w2,214,0.0
cam228_w2,215,0.0
cam228_w2,216,0.026835043409629045
cam228_w2,217,0.012628255722178374
cam228_w2,218,0.0962904498816101
cam228_w2,219,0.014206787687450671
cam228_w2,220,0.06077348066298342
cam228_w2,221,0.0
cam228_w2,222,0.0
cam228_w2,223,0.0
cam228_w2,224,0.0007892659826361484
cam228_w2,225,0.0
cam228_w2,226,0.0
cam228_w2,227,0.0
cam228_w2,228,0.0
cam228_w2,229,0.0
cam228_w2,230,0.0
cam228_w2,231,0.0
cam228_w2,232,0.0
cam228_w2,233,0.011140235910878113
cam228_w2,234,0.0
cam228_w2,235,0.0
cam228_w2,236,0.0
cam228_w2,237,0.0
cam228_w2,238,0.0
cam228_w2,239,0.0
cam228_w2,240,0.005242463958060288
cam228_w2,241,0.001965923984272608
cam228_w2,242,0.0
cam228_w2,243,0.0
cam228_w2,244,0.010484927916120577
cam228_w2,245,0.009829619921363041
cam228_w2,246,0.023591087811271297
cam228_w2,247,0.0
cam228_w2,248,0.03800786369593709
cam228_w2,249,0.04325032765399738
cam228_w2,250,0.12647444298820446
cam228_w2,251,0.020314547837483616
cam228_w2,252,0.06684141546526867
cam228_w2,253,0.0910878112712975
cam228_w2,254,0.08125819134993446
cam228_w2,255,0.08977719528178243
cam228_w2,256,0.3106159895150721
cam228_w2,257,0.00327653997378768
cam228_w2,258,0.0
cam228_w2,259,0.04193971166448231
cam228_w2,260,0.06028833551769332
cam228_w2,261,0.01310615989515072
cam228_w2,262,0.00327653997378768
cam228_w2,263,0.01703800786369594
cam228_w2,264,0.0
cam228_w2,265,0.02490170380078637
cam228_w2,266,0.0
cam228_w2,267,0.010484927916120577
cam228_w2,268,0.20511140235910877
cam228_w2,269,0.005897771952817824
cam228_w2,270,0.0
cam228_w2,271,0.005242463958060288
cam228_w2,272,0.009829619921363041
cam228_w2,273,0.012450851900393184
cam228_w2,274,0.00655307994757536
cam228_w2,275,0.02621231979030144
cam228_w2,276,0.0
cam228_w2,277,0.0
cam228_w2,278,0.02817824377457405
cam228_w2,279,0.0
cam228_w2,280,0.009829619921363041
cam228_w2,281,0.013761467889908258
cam228_w2,282,0.019659239842726082
cam228_w2,283,0.07470511140235911
cam228_w2,284,0.127129750982962
cam228_w2,285,0.0399737876802097
cam228_w2,286,0.03800786369593709
cam228_w2,287,0.03800786369593709
cam228_w2,288,0.0
cam228_w2,289,0.0
cam228_w2,290,0.022935779816513763
cam228_w2,291,0.019003931847968544
cam228_w2,292,0.00655307994757536
cam228_w2,293,0.14416775884665792
cam228_w2,294,0.10222804718217562
cam228_w2,295,0.063564875491481
cam228_w2,296,0.00327653997378768
cam228_w2,297,0.0
cam228_w2,298,0.009174311926605505
cam228_w2,299,0.003931847968545216
cam228_w2,300,0.0
cam228_w2,301,0.0
cam228_w2,302,0.0
cam228_w2,303,0.0
cam228_w2,304,0.00303951367781155
cam228_w2,305,0.00303951367781155
cam228_w2,306,0.0021710811984368217
cam228_w2,307,0.0
cam228_w2,308,0.0
cam228_w2,309,0.0034737299174989146
cam228_w2,310,0.004776378636561007
cam228_w2,311,0.0
cam228_w2,312,0.008684324793747287
cam228_w2,313,0.0
cam228_w2,314,0.013894919669995658
cam228_w2,315,0.0060790273556231
cam228_w2,316,0.03734259661311333
cam228_w2,317,0.08033000434216239
cam228_w2,318,0.0243161094224924
cam228_w2,319,0.02040816326530612
cam228_w2,320,0.1458966565349544
cam228_w2,321,0.05340859748154581
cam228_w2,322,0.03386886669561442
cam228_w2,323,0.008250108554059922
cam228_w2,324,0.04168475900998697
cam228_w2,325,0.061658706035605734
cam228_w2,326,0.03864524533217542
cam228_w2,327,0.04559270516717325
cam228_w2,328,0.16500217108119844
cam228_w2,329,0.030395136778115502
cam228_w2,330,0.1337386018237082
cam228_w2,331,0.12939643942683457
cam228_w2,332,0.34433347807207987
cam228_w2,333,0.20495006513243597
cam228_w2,334,0.34607034303082934
cam228_w2,335,0.22839774207555363
cam228_w2,336,0.16673903603994789
cam228_w2,337,0.43986105080330007
cam228_w2,338,0.34259661311333045
cam228_w2,339,0.4598349978289188
cam228_w2,340,0.30481980026052974
cam228_w2,341,0.24880590534085975
cam228_w2,342,0.07511940946591403
cam228_w2,343,0.20017368649587494
cam228_w2,344,0.04125054277029961
cam228_w2,345,0.1910551454624403
cam228_w2,346,0.25749023013460703
cam228_w2,347,0.26183239253148066
cam228_w2,348,0.27225358228397745
cam228_w2,349,0.11984368215371255
cam228_w2,350,0.03603994789405124
cam228_w2,351,0.04559270516717325
cam228_w2,352,0.3300043421623969
cam228_w2,353,0.19366044290056447
cam228_w2,354,0.04950065132435953
cam228_w2,355,0.12505427702996091
cam228_w2,356,0.30916196265740337
cam228_w2,357,0.03517151541467651
cam228_w2,358,0.4524533217542336
cam228_w2,359,0.08944854537559704
cam228_w2,360,0.08684324793747286
cam228_w2,361,0.04385584020842379
cam228_w2,362,0.026052974381241857
cam228_w2,363,0.09900130264871906
cam228_w2,364,0.025618758141554496
cam228_w2,365,0.04211897524967434
cam228_w2,366,0.08554059921841077
cam228_w2,367,0.07251411202778985
cam228_w2,368,0.10508033000434217
cam228_w2,369,0.12071211463308727
cam228_w2,370,0.0
cam228_w2,371,0.057750759878419454
cam228_w2,372,0.03126356925749023
cam228_w2,373,0.014329135909683021
cam228_w2,374,0.0021710811984368217
cam228_w2,375,0.026052974381241857
cam228_w6,1,0.0
cam228_w6,2,0.001806140878988561
cam228_w6,3,0.011438892233594221
cam228_w6,4,0.24804334738109574
cam228_w6,5,0.0
cam228_w6,6,0.0
cam228_w6,7,0.020469596628537028
cam228_w6,8,0.019867549668874173
cam228_w6,9,0.030704394942805538
cam228_w6,10,0.0
cam228_w6,11,0.025285972305839857
cam228_w6,12,0.0
cam228_w6,13,0.0
cam228_w6,14,0.0030102347983142685
cam228_w6,15,0.0
cam228_w6,16,0.0
cam228_w6,17,0.0
cam228_w6,18,0.0
cam228_w6,19,0.0
cam228_w6,20,0.0
cam228_w6,21,0.0
cam228_w6,22,0.0
cam228_w6,23,0.0
cam228_w6,24,0.0
cam228_w6,25,0.007826610475617099
cam228_w6,26,0.0012040939193257074
cam228_w6,27,0.01625526791089705
cam228_w6,28,0.015653220951234198
cam228_w6,29,0.0
cam228_w6,30,0.0
cam228_w6,31,0.1691751956652619
cam228_w6,32,0.023479831426851294
cam228_w6,33,0.0
cam228_w6,34,0.0
cam228_w6,35,0.005418422636965683
cam228_w6,36,0.052980132450331126
cam228_w6,37,0.0
cam228_w6,38,0.0
cam228_w6,39,0.0
cam228_w6,40,0.06562311860325105
cam228_w6,41,0.0
cam228_w6,42,0.0
cam228_w6,43,0.0
cam228_w6,44,0.0
cam228_w6,45,0.028898254063816978
cam228_w6,46,0.03190848886213125
cam228_w6,47,0.005418422636965683
cam228_w6,48,0.06441902468392535
cam228_w6,49,0.029500301023479832
cam228_w6,50,0.0885009030704395
cam228_w6,51,0.18422636965683323
cam228_w6,52,0.48043347381095725
cam228_w6,53,0.2408187838651415
cam228_w6,54,0.14810355207706202
cam228_w6,55,0.006622516556291391
cam228_w6,56,0.0006020469596628537
cam228_w6,57,0.017459361830222758
cam228_w6,58,0.01926550270921132
cam228_w6,59,0.3082480433473811
cam228_w6,60,0.08609271523178808
cam228_w6,61,0.06863335340156532
cam228_w6,62,0.18783865141481035
cam228_w6,63,0.052980132450331126
cam228_w6,64,0.04394942805538832
cam228_w6,65,0.036122817579771226
cam228_w6,66,0.0006020469596628537
cam228_w6,67,0.0012040939193257074
cam228_w6,68,0.010836845273931367
cam228_w6,69,0.0
cam228_w6,70,0.009030704394942806
cam228_w6,71,0.0
cam228_w6,72,0.0
cam228_w6,73,0.0
cam228_w6,74,0.0
cam228_w6,75,0.0
cam228_w6,76,0.0
cam228_w6,77,0.0
cam228_w6,78,0.0
cam228_w6,79,0.0
cam228_w6,80,0.0
cam228_w6,81,0.0
cam228_w6,82,0.0
cam228_w6,83,0.0
cam228_w6,84,0.0
cam228_w6,85,0.0
cam228_w6,86,0.1141439205955335
cam228_w6,87,0.10504549214226634
cam228_w6,88,0.010752688172043012
cam228_w6,89,0.01902398676592225
cam228_w6,90,0.11083540115798181
cam228_w6,91,0.058726220016542596
cam228_w6,92,0.22580645161290322
cam228_w6,93,0.06368899917287014
cam228_w6,94,0.5748552522746071
cam228_w6,95,0.3225806451612903
cam228_w6,96,0.22580645161290322
cam228_w6,97,0.9139784946236559
cam228_w6,98,0.5533498759305211
cam228_w6,99,0.0
cam228_w6,100,0.02977667493796526
cam228_w6,101,0.05293631100082713
cam228_w6,102,0.10918114143920596
cam228_w6,103,0.7758478081058726
cam228_w6,104,0.7162944582299421
cam228_w6,105,0.6286186931348222
cam228_w6,106,0.46153846153846156
cam228_w6,107,0.30851943755169564
cam228_w6,108,0.12324234904880066
cam228_w6,109,0.26220016542597185
cam228_w6,110,0.4185277088502895
cam228_w6,111,0.5674110835401158
cam228_w6,112,0.8842018196856907
cam228_w6,113,0.9205955334987593
cam228_w6,114,0.6451612903225806
cam228_w6,115,0.07526881720430108
cam228_w6,116,0.12076095947063689
cam228_w6,117,0.008271298593879239
cam228_w6,118,0.0
cam228_w6,119,0.0
cam228_w6,120,0.0
cam228_w6,121,0.0
cam228_w6,122,0.0
cam228_w6,123,0.006617038875103391
cam228_w6,124,0.15053763440860216
cam228_w6,125,0.45492142266335817
cam228_w6,126,0.0
cam228_w6,127,0.028949545078577336
cam228_w6,128,0.0
cam228_w6,129,0.0
cam228_w6,130,0.0
cam228_w6,131,0.0
cam228_w6,132,0.0
cam228_w6,133,0.0
cam228_w6,134,0.0
cam228_w6,135,0.0
cam228_w6,136,0.0
cam228_w6,137,0.0
cam228_w6,138,0.0
cam228_w6,139,0.0
cam228_w6,140,0.0
cam228_w6,141,0.0016542597187758478
cam228_w6,142,0.008271298593879239
cam228_w6,143,0.023986765922249794
cam228_w6,144,0.005789909015715467
cam228_w6,145,0.0033085194375516956
cam228_w6,146,0.0
cam228_w6,147,0.0
cam228_w6,148,0.0
cam228_w6,149,0.0
cam228_w6,150,0.0
cam228_w6,151,0.0
cam228_w6,152,0.0
cam228_w6,153,0.0
cam228_w6,154,0.0
cam228_w6,155,0.0
cam228_w6,156,0.0
cam228_w6,157,0.0
cam228_w6,158,0.0
cam228_w6,159,0.0
cam228_w6,160,0.0
cam228_w6,161,0.0
cam228_w6,162,0.0
cam228_w6,163,0.0
cam228_w6,164,0.0
cam228_w6,165,0.0
cam228_w6,166,0.007531380753138075
cam228_w6,167,0.0
cam228_w6,168,0.0
cam228_w6,169,0.0
cam228_w6,170,0.04435146443514645
cam228_w6,171,0.0
cam228_w6,172,0.05690376569037657
cam228_w6,173,0.031799163179916316
cam228_w6,174,0.1489539748953975
cam228_w6,175,0.0016736401673640166
cam228_w6,176,0.0
cam228_w6,177,0.005857740585774059
cam228_w6,178,0.1589958158995816
cam228_w6,179,0.049372384937238493
cam228_w6,180,0.0
cam228_w6,181,0.09874476987447699
cam228_w6,182,0.11213389121338913
cam228_w6,183,0.03933054393305439
cam228_w6,184,0.22761506276150628
cam228_w6,185,0.04602510460251046
cam228_w6,186,0.12635983263598327
cam228_w6,187,0.0008368200836820083
cam228_w6,188,0.0
cam228_w6,189,0.0
cam228_w6,190,0.02594142259414226
cam228_w6,191,0.0
cam228_w6,192,0.0
cam228_w6,193,0.0
cam228_w6,194,0.0
cam228_w6,195,0.0
cam228_w6,196,0.0
cam228_w6,197,0.0
cam228_w6,198,0.0100418410041841
cam228_w6,199,0.0008368200836820083
cam228_w6,200,0.042677824267782424
cam228_w6,201,0.0
cam228_w6,202,0.10460251046025104
cam228_w6,203,0.010878661087866108
cam228_w6,204,0.0066945606694560665
cam228_w6,205,0.031799163179916316
cam228_w6,206,0.1096234309623431
cam228_w6,207,0.0
cam228_w6,208,0.0
cam228_w6,209,0.0
cam228_w6,210,0.0
cam228_w6,211,0.0
cam228_w6,212,0.0
cam228_w6,213,0.0
cam228_w6,214,0.0
cam228_w6,215,0.0
cam228_w6,216,0.0
cam228_w6,217,0.031799163179916316
cam228_w6,218,0.05355648535564853
cam228_w6,219,0.09707112970711297
cam228_w6,220,0.0
cam228_w6,221,0.0
cam228_w6,222,0.0
cam228_w6,223,0.002510460251046025
cam228_w6,224,0.0
cam228_w6,225,0.0
cam228_w6,226,0.0
cam228_w6,227,0.0
cam228_w6,228,0.0
cam228_w6,229,0.0
cam228_w6,230,0.0
cam228_w6,231,0.0
cam228_w6,232,0.0
cam228_w6,233,0.0
cam228_w6,234,0.0
cam228_w6,235,0.012048192771084338
cam228_w6,236,0.0
cam228_w6,237,0.0
cam228_w6,238,0.027639971651311126
cam228_w6,239,0.05598866052445074
cam228_w6,240,0.03118355776045358
cam228_w6,241,0.0
cam228_w6,242,0.0815024805102764
cam228_w6,243,0.11835577604535791
cam228_w6,244,0.05457122608079376
cam228_w6,245,0.03047484053862509
cam228_w6,246,0.03827072997873848
cam228_w6,247,0.0
cam228_w6,248,0.1034727143869596
cam228_w6,249,0.0892983699503898
cam228_w6,250,0.01842664776754075
cam228_w6,251,0.019844082211197732
cam228_w6,252,0.12119064493267187
cam228_w6,253,0.0666194188518781
cam228_w6,254,0.022678951098511695
cam228_w6,255,0.002126151665485471
cam228_w6,256,0.01913536498936924
cam228_w6,257,0.0
cam228_w6,258,0.002126151665485471
cam228_w6,259,0.04961020552799433
cam228_w6,260,0.01913536498936924
cam228_w6,261,0.05315379163713678
cam228_w6,262,0.029057406094968107
cam228_w6,263,0.0673281360737066
cam228_w6,264,0.24167257264351524
cam228_w6,265,0.2303330970942594
cam228_w6,266,0.023387668320340185
cam228_w6,267,0.01913536498936924
cam228_w6,268,0.001417434443656981
cam228_w6,269,0.0
cam228_w6,270,0.029057406094968107
cam228_w6,271,0.01842664776754075
cam228_w6,272,0.0007087172218284905
cam228_w6,273,0.007795889440113395
cam228_w6,274,0.0
cam228_w6,275,0.0
cam228_w6,276,0.005669737774627924
cam228_w6,277,0.0
cam228_w6,278,0.0
cam228_w6,279,0.0007087172218284905
cam228_w6,280,0.002126151665485471
cam228_w6,281,0.04394046775336641
cam228_w6,282,0.01842664776754075
cam228_w6,283,0.07866761162296244
cam228_w6,284,0.0
cam228_w6,285,0.021970233876683204
cam228_w6,286,0.03047484053862509
cam228_w6,287,0.0446491849751949
cam228_w6,288,0.0
cam228_w6,289,0.011339475549255847
cam228_w6,290,0.009213323883770375
cam228_w6,291,0.007087172218284904
cam228_w6,292,0.0
cam228_w6,293,0.0
cam228_w6,294,0.003543586109142452
cam228_w6,295,0.03543586109142452
cam228_w6,296,0.08362863217576187
cam228_w6,297,0.059532246633593196
cam228_w6,298,0.059532246633593196
cam228_w6,299,0.0
cam228_w6,300,0.001417434443656981
cam228_w6,301,0.0
cam228_w6,302,0.0
cam228_w6,303,0.0
cam228_w6,304,0.0
cam228_w6,305,0.0
cam228_w6,306,0.0
cam228_w6,307,0.000869187309865276
cam228_w6,308,0.0
cam228_w6,309,0.003042155584528466
cam228_w6,310,0.0
cam228_w6,311,0.0
cam228_w6,312,0.003042155584528466
cam228_w6,313,0.000869187309865276
cam228_w6,314,0.0
cam228_w6,315,0.0
cam228_w6,316,0.003911342894393742
cam228_w6,317,0.007388092133854845
cam228_w6,318,0.005649717514124294
cam228_w6,319,0.015210777922642329
cam228_w6,320,0.009561060408518035
cam228_w6,321,0.005649717514124294
cam228_w6,322,0.12255541069100391
cam228_w6,323,0.1156019122120817
cam228_w6,324,0.0651890482398957
cam228_w6,325,0.11386353759235116
cam228_w6,326,0.11082138200782268
cam228_w6,327,0.04389395914819644
cam228_w6,328,0.02607561929595828
cam228_w6,329,0.0469361147327249
cam228_w6,330,0.0
cam228_w6,331,0.01303780964797914
cam228_w6,332,0.035636679704476315
cam228_w6,333,0.001303780964797914
cam228_w6,334,0.0
cam228_w6,335,0.05997392438070404
cam228_w6,336,0.03780964797913951
cam228_w6,337,0.05997392438070404
cam228_w6,338,0.22859626249456758
cam228_w6,339,0.14993481095176012
cam228_w6,340,0.1247283789656671
cam228_w6,341,0.024771838331160364
cam228_w6,342,0.026944806605823556
cam228_w6,343,0.19382877009995655
cam228_w6,344,0.042590178183398525
cam228_w6,345,0.09647979139504563
cam228_w6,346,0.2025206431986093
cam228_w6,347,0.13906996957844414
cam228_w6,348,0.12255541069100391
cam228_w6,349,0.2277270751847023
cam228_w6,350,0.017818339852238158
cam228_w6,351,0.024771838331160364
cam228_w6,352,0.015210777922642329
cam228_w6,353,0.06953498478922207
cam228_w6,354,0.04737070838765754
cam228_w6,355,0.0
cam228_w6,356,0.018687527162103434
cam228_w6,357,0.04737070838765754
cam228_w6,358,0.04085180356366797
cam228_w6,359,0.0
cam228_w6,360,0.02607561929595828
cam228_w6,361,0.01912212081703607
cam228_w6,362,0.09865275966970882
cam228_w6,363,0.0595393307257714
cam228_w6,364,0.02955236853541938
cam228_w6,365,0.027379400260756193
cam228_w6,366,0.07431551499348109
cam228_w6,367,0.0
cam228_w6,368,0.001303780964797914
cam228_w6,369,0.09169926119078661
cam228_w6,370,0.16862233811386354
cam228_w6,371,0.18687527162103434
cam228_w6,372,0.003911342894393742
cam228_w6,373,0.001738374619730552
cam228_w6,374,0.0021729682746631897
cam228_w6,375,0.03737505432420687
cam229_w1,1,0.05162523900573614
cam229_w1,2,0.207138304652645
cam229_w1,3,0.07329509241555131
cam229_w1,4,0.39133205863607395
cam229_w1,5,0.39260675589547483
cam229_w1,6,0.0
cam229_w1,7,0.020395156150414276
cam229_w1,8,0.0
cam229_w1,9,0.06500956022944551
cam229_w1,10,0.2887189292543021
cam229_w1,11,0.3467176545570427
cam229_w1,12,0.8419375398342893
cam229_w1,13,0.1988527724665392
cam229_w1,14,0.0
cam229_w1,15,0.0
cam229_w1,16,0.45315487571701724
cam229_w1,17,0.43021032504780116
cam229_w1,18,0.0082855321861058
cam229_w1,19,0.14850223072020396
cam229_w1,20,0.0745697896749522
cam229_w1,21,0.51434034416826
cam229_w1,22,0.14722753346080306
cam229_w1,23,0.0025493945188017845
cam229_w1,24,0.1822817080943276
cam229_w1,25,0.3741236456341619
cam229_w1,26,0.3989802421924793
cam229_w1,27,0.16443594646271512
cam229_w1,28,0.017208413001912046
cam229_w1,29,0.0
cam229_w1,30,0.014659018483110261
cam229_w1,31,0.0019120458891013384
cam229_w1,32,0.004461440407903123
cam229_w1,33,0.0
cam229_w1,34,0.0
cam229_w1,35,0.0
cam229_w1,36,0.0038240917782026767
cam229_w1,37,0.0
cam229_w1,38,0.05035054174633524
cam229_w1,39,0.01338432122370937
cam229_w1,40,0.0331421287444232
cam229_w1,41,0.13957934990439771
cam229_w1,42,0.0
cam229_w1,43,0.0
cam229_w1,44,0.01338432122370937
cam229_w1,45,0.012109623964308477
cam229_w1,46,0.006373486297004461
cam229_w1,47,0.09687699171446781
cam229_w1,48,0.207138304652645
cam229_w1,49,0.08604206500956023
cam229_w1,50,0.12237093690248566
cam229_w1,51,0.24601657106437222
cam229_w1,52,0.3435309114085405
cam229_w1,53,0.019120458891013385
cam229_w1,54,0.017845761631612493
cam229_w1,55,0.47418738049713194
cam229_w1,56,0.16061185468451242
cam229_w1,57,0.3263224984066284
cam229_w1,58,0.16634799235181644
cam229_w1,59,0.12109623964308477
cam229_w1,60,0.07711918419375398
cam229_w1,61,0.09687699171446781
cam229_w1,62,0.1408540471637986
cam229_w1,63,0.3052899936265137
cam229_w1,64,0.29190567240280435
cam229_w1,65,0.1491395793499044
cam229_w1,66,0.12173358827278521
cam229_w1,67,0.16252390057361377
cam229_w1,68,0.289993626513703
cam229_w1,69,0.29700446144040793
cam229_w1,70,0.027405991077119184
cam229_w1,71,0.0012746972594008922
cam229_w1,72,0.0019120458891013384
cam229_w1,73,0.0
cam229_w1,74,0.0
cam229_w1,75,0.0
cam229_w1,76,0.0
cam229_w1,77,0.0
cam229_w1,78,0.0
cam229_w1,79,0.0
cam229_w1,80,0.0
cam229_w1,81,0.0
cam229_w1,82,0.0
cam229_w1,83,0.0
cam229_w1,84,0.06335204490777867
cam229_w1,85,0.1996792301523657
cam229_w1,86,0.12670408981555734
cam229_w1,87,0.21090617481956697
cam229_w1,88,0.5485164394546913
cam229_w1,89,0.0
cam229_w1,90,0.006415396952686447
cam229_w1,91,0.0
cam229_w1,92,0.0272654370489174
cam229_w1,93,0.4210104250200481
cam229_w1,94,0.9542902967121091
cam229_w1,95,0.7506014434643143
cam229_w1,96,0.136327185244587
cam229_w1,97,0.2181234963913392
cam229_w1,98,0.07698476343223737
cam229_w1,99,0.09222133119486768
cam229_w1,100,0.3376102646351243
cam229_w1,101,0.5709703287890938
cam229_w1,102,0.8227746591820368
cam229_w1,103,0.4210104250200481
cam229_w1,104,0.5461106655974338
cam229_w1,105,0.3744987971130714
cam229_w1,106,0.04170008019246191
cam229_w1,107,0.2991178829190056
cam229_w1,108,0.9647153167602245
cam229_w1,109,0.08660785886126704
cam229_w1,110,0.25821972734562953
cam229_w1,111,0.2822774659182037
cam229_w1,112,0.27425821972734565
cam229_w1,113,0.5918203688853247
cam229_w1,114,0.05533279871692061
cam229_w1,115,0.3023255813953488
cam229_w1,116,0.15637530072173217
cam229_w1,117,0.58700882117081
cam229_w1,118,0.6455493183640738
cam229_w1,119,0.23416198877305533
cam229_w1,120,0.6936647955092221
cam229_w1,121,0.0
cam229_w1,122,0.07297514033680834
cam229_w1,123,0.044105854049719326
cam229_w1,124,0.1892542101042502
cam229_w1,125,0.08019246190858059
cam229_w1,126,0.08340016038492382
cam229_w1,127,0.5108259823576584
cam229_w1,128,0.010425020048115477
cam229_w1,129,0.0
cam229_w1,130,0.26623897353648757
cam229_w1,131,0.0
cam229_w1,132,0.0
cam229_w1,133,0.0
cam229_w1,134,0.0
cam229_w1,135,0.0056134723336006415
cam229_w1,136,0.0
cam229_w1,137,0.0
cam229_w1,138,0.018444266238973536
cam229_w1,139,0.0
cam229_w1,140,0.0
cam229_w1,141,0.05533279871692061
cam229_w1,142,0.15557337610264635
cam229_w1,143,0.1491579791499599
cam229_w1,144,0.0
cam229_w1,145,0.007217321571772253
cam229_w1,146,0.0
cam229_w1,147,0.0
cam229_w1,148,0.0
cam229_w1,149,0.0
cam229_w1,150,0.0
cam229_w1,151,0.0
cam229_w1,152,0.0
cam229_w1,153,0.0
cam229_w1,154,0.0
cam229_w1,155,0.0
cam229_w1,156,0.003861003861003861
cam229_w1,157,0.0
cam229_w1,158,0.0
cam229_w1,159,0.0
cam229_w1,160,0.0015444015444015444
cam229_w1,161,0.020077220077220077
cam229_w1,162,0.0
cam229_w1,163,0.0
cam229_w1,164,0.0
cam229_w1,165,0.0015444015444015444
cam229_w1,166,0.0
cam229_w1,167,0.0
cam229_w1,168,0.10579150579150579
cam229_w1,169,0.11351351351351352
cam229_w1,170,0.6
cam229_w1,171,0.7166023166023165
cam229_w1,172,0.37142857142857144
cam229_w1,173,0.8247104247104247
cam229_w1,174,0.8293436293436294
cam229_w1,175,0.5359073359073359
cam229_w1,176,0.01776061776061776
cam229_w1,177,0.04633204633204633
cam229_w1,178,0.18996138996138995
cam229_w1,179,0.8532818532818532
cam229_w1,180,0.38146718146718145
cam229_w1,181,0.003088803088803089
cam229_w1,182,0.04942084942084942
cam229_w1,183,0.044015444015444015
cam229_w1,184,0.0069498069498069494
cam229_w1,185,0.0
cam229_w1,186,0.0
cam229_w1,187,0.0
cam229_w1,188,0.0
cam229_w1,189,0.009266409266409266
cam229_w1,190,0.0
cam229_w1,191,0.0
cam229_w1,192,0.0
cam229_w1,193,0.0023166023166023165
cam229_w1,194,0.0694980694980695
cam229_w1,195,0.0
cam229_w1,196,0.1945945945945946
cam229_w1,197,0.16061776061776062
cam229_w1,198,0.43397683397683395
cam229_w1,199,0.6810810810810811
cam229_w1,200,0.47104247104247104
cam229_w1,201,0.003861003861003861
cam229_w1,202,0.01776061776061776
cam229_w1,203,0.003088803088803089
cam229_w1,204,0.0
cam229_w1,205,0.0
cam229_w1,206,0.0
cam229_w1,207,0.016216216216216217
cam229_w1,208,0.0007722007722007722
cam229_w1,209,0.07876447876447877
cam229_w1,210,0.0007722007722007722
cam229_w1,211,0.006177606177606178
cam229_w1,212,0.0015444015444015444
cam229_w1,213,0.013127413127413128
cam229_w1,214,0.0069498069498069494
cam229_w1,215,0.03088803088803089
cam229_w1,216,0.06486486486486487
cam229_w1,217,0.03474903474903475
cam229_w1,218,0.05405405405405406
cam229_w1,219,0.025482625482625483
cam229_w1,220,0.0
cam229_w1,221,0.0
cam229_w1,222,0.0
cam229_w1,223,0.0
cam229_w1,224,0.0
cam229_w1,225,0.0
cam229_w1,226,0.0
cam229_w1,227,0.0
cam229_w1,228,0.0
cam229_w1,229,0.005394470667565745
cam229_w1,230,0.0
cam229_w1,231,0.0
cam229_w1,232,0.0
cam229_w1,233,0.0
cam229_w1,234,0.0
cam229_w1,235,0.0
cam229_w1,236,0.0
cam229_w1,237,0.0
cam229_w1,238,0.0
cam229_w1,239,0.0020229265003371545
cam229_w1,240,0.006743088334457181
cam229_w1,241,0.0
cam229_w1,242,0.051921780175320294
cam229_w1,243,0.24207687120701282
cam229_w1,244,0.17936614969656103
cam229_w1,245,0.07484828051247472
cam229_w1,246,0.31490222521915034
cam229_w1,247,0.3681726230613621
cam229_w1,248,0.14430209035738367
cam229_w1,249,0.08361429534726905
cam229_w1,250,0.5832771409305462
cam229_w1,251,0.4538098449089683
cam229_w1,252,0.2231962238705327
cam229_w1,253,0.2043155765340526
cam229_w1,254,0.25826028320971006
cam229_w1,255,0.18071476736345246
cam229_w1,256,0.7403910991233985
cam229_w1,257,0.1665542818610924
cam229_w1,258,0.060687795010114634
cam229_w1,259,0.007417397167902899
cam229_w1,260,0.0006743088334457181
cam229_w1,261,0.041132838840188805
cam229_w1,262,0.004720161834120027
cam229_w1,263,0.008091706001348618
cam229_w1,264,0.07687120701281187
cam229_w1,265,0.06877950101146325
cam229_w1,266,0.016857720836142953
cam229_w1,267,0.0
cam229_w1,268,0.018880647336480108
cam229_w1,269,0.018880647336480108
cam229_w1,270,0.041132838840188805
cam229_w1,271,0.045853000674308836
cam229_w1,272,0.08091706001348618
cam229_w1,273,0.005394470667565745
cam229_w1,274,0.0
cam229_w1,275,0.06203641267700607
cam229_w1,276,0.03169251517194875
cam229_w1,277,0.07484828051247472
cam229_w1,278,0.049224544841537425
cam229_w1,279,0.09170600134861767
cam229_w1,280,0.06877950101146325
cam229_w1,281,0.09238031018206339
cam229_w1,282,0.11193526635198921
cam229_w1,283,0.33041132838840187
cam229_w1,284,0.45111260957518545
cam229_w1,285,0.7451112609575186
cam229_w1,286,0.42346594740391097
cam229_w1,287,0.004045853000674309
cam229_w1,288,0.0020229265003371545
cam229_w1,289,0.015509103169251517
cam229_w1,290,0.0033715441672285905
cam229_w1,291,0.0
cam229_w1,292,0.009440323668240054
cam229_w1,293,0.01078894133513149
cam229_w1,294,0.037761294672960216
cam229_w1,295,0.012811867835468645
cam229_w1,296,0.045853000674308836
cam229_w1,297,0.18476062036412677
cam229_w1,298,0.026972353337828724
cam229_w1,299,0.0
cam229_w1,300,0.0026972353337828725
cam229_w1,301,0.0
cam229_w1,302,0.00303951367781155
cam229_w1,303,0.005210594876248371
cam229_w1,304,0.0
cam229_w1,305,0.0
cam229_w1,306,0.0004342162396873643
cam229_w1,307,0.0
cam229_w1,308,0.0013026487190620929
cam229_w1,309,0.00303951367781155
cam229_w1,310,0.0
cam229_w1,311,0.0
cam229_w1,312,0.0004342162396873643
cam229_w1,313,0.0
cam229_w1,314,0.0
cam229_w1,315,0.00998697351280938
cam229_w1,316,0.013460703430308293
cam229_w1,317,0.03517151541467651
cam229_w1,318,0.024750325662179766
cam229_w1,319,0.2544507164567955
cam229_w1,320,0.05036908380373426
cam229_w1,321,0.024750325662179766
cam229_w1,322,0.02127659574468085
cam229_w1,323,0.028658271819366043
cam229_w1,324,0.007381676074685193
cam229_w1,325,0.14372557533651759
cam229_w1,326,0.20104211897524968
cam229_w1,327,0.1046461137646548
cam229_w1,328,0.0755536257056014
cam229_w1,329,0.014329135909683021
cam229_w1,330,0.03386886669561442
cam229_w1,331,0.0039079461571862786
cam229_w1,332,0.05167173252279635
cam229_w1,333,0.27225358228397745
cam229_w1,334,0.16804168475901
cam229_w1,335,0.19018671298306555
cam229_w1,336,0.07815892314372558
cam229_w1,337,0.015197568389057751
cam229_w1,338,0.007815892314372557
cam229_w1,339,0.13026487190620928
cam229_w1,340,0.0316977854971776
cam229_w1,341,0.07251411202778985
cam229_w1,342,0.19583152409900131
cam229_w1,343,0.04776378636561007
cam229_w1,344,0.19496309161962658
cam229_w1,345,0.33955709943551887
cam229_w1,346,0.061224489795918366
cam229_w1,347,0.10073816760746852
cam229_w1,348,0.0911854103343465
cam229_w1,349,0.02822405557967868
cam229_w1,350,0.21363438992618325
cam229_w1,351,0.1337386018237082
cam229_w1,352,0.5071645679548415
cam229_w1,353,0.4411636995223621
cam229_w1,354,0.35084672166739034
cam229_w1,355,0.2214502822405558
cam229_w1,356,0.22926617455492834
cam229_w1,357,0.3482414242292662
cam229_w1,358,0.11115935735996527
cam229_w1,359,0.026052974381241857
cam229_w1,360,0.05644811115935736
cam229_w1,361,0.11159357359965262
cam229_w1,362,0.05123751628310899
cam229_w1,363,0.00303951367781155
cam229_w1,364,0.0017368649587494573
cam229_w1,365,0.01606600086843248
cam229_w1,366,0.13938341293964393
cam229_w1,367,0.016500217108119844
cam229_w1,368,0.015197568389057751
cam229_w1,369,0.01910551454624403
cam229_w1,370,0.0911854103343465
cam229_w1,371,0.06382978723404255
cam229_w1,372,0.0864090316977855
cam229_w1,373,0.07859313938341293
cam229_w1,374,0.07034303082935302
cam229_w1,375,0.3139383412939644
cam229_w2,1,0.0
cam229_w2,2,0.17220902612826602
cam229_w2,3,0.013657957244655582
cam229_w2,4,0.03800475059382423
cam229_w2,5,0.0
cam229_w2,6,0.13123515439429928
cam229_w2,7,0.028503562945368172
cam229_w2,8,0.0
cam229_w2,9,0.00831353919239905
cam229_w2,10,0.0
cam229_w2,11,0.0
cam229_w2,12,0.44239904988123513
cam229_w2,13,0.2209026128266033
cam229_w2,14,0.042161520190023755
cam229_w2,15,0.31353919239904987
cam229_w2,16,0.7606888361045131
cam229_w2,17,0.0
cam229_w2,18,0.39073634204275537
cam229_w2,19,0.2695961995249406
cam229_w2,20,0.040973871733966744
cam229_w2,21,0.1668646080760095
cam229_w2,22,0.0172209026128266
cam229_w2,23,0.8557007125890737
cam229_w2,24,0.6336104513064132
cam229_w2,25,0.38836104513064135
cam229_w2,26,0.0
cam229_w2,27,0.0
cam229_w2,28,0.0
cam229_w2,29,0.0
cam229_w2,30,0.0
cam229_w2,31,0.0
cam229_w2,32,0.0
cam229_w2,33,0.0
cam229_w2,34,0.0
cam229_w2,35,0.0
cam229_w2,36,0.0
cam229_w2,37,0.012470308788598575
cam229_w2,38,0.0
cam229_w2,39,0.0
cam229_w2,40,0.009501187648456057
cam229_w2,41,0.013657957244655582
cam229_w2,42,0.0
cam229_w2,43,0.0
cam229_w2,44,0.0
cam229_w2,45,0.004750593824228029
cam229_w2,46,0.0
cam229_w2,47,0.0
cam229_w2,48,0.040973871733966744
cam229_w2,49,0.0
cam229_w2,50,0.0
cam229_w2,51,0.02672209026128266
cam229_w2,52,0.012470308788598575
cam229_w2,53,0.013657957244655582
cam229_w2,54,0.1514251781472684
cam229_w2,55,0.028503562945368172
cam229_w2,56,0.13954869358669833
cam229_w2,57,0.019596199524940617
cam229_w2,58,0.12767220902612827
cam229_w2,59,0.019002375296912115
cam229_w2,60,0.055819477434679333
cam229_w2,61,0.10451306413301663
cam229_w2,62,0.13598574821852732
cam229_w2,63,0.16389548693586697
cam229_w2,64,0.0
cam229_w2,65,0.0011876484560570072
cam229_w2,66,0.0
cam229_w2,67,0.06591448931116389
cam229_w2,68,0.0332541567695962
cam229_w2,69,0.030878859857482184
cam229_w2,70,0.0166270783847981
cam229_w2,71,0.020783847980997625
cam229_w2,72,0.0
cam229_w2,73,0.0023752969121140144
cam229_w2,74,0.0
cam229_w2,75,0.0
cam229_w2,76,0.0
cam229_w2,77,0.0
cam229_w2,78,0.0
cam229_w2,79,0.0
cam229_w2,80,0.0
cam229_w2,81,0.0
cam229_w2,82,0.0
cam229_w2,83,0.0016181229773462784
cam229_w2,84,0.029935275080906147
cam229_w2,85,0.04773462783171521
cam229_w2,86,0.16909385113268607
cam229_w2,87,0.045307443365695796
cam229_w2,88,0.313915857605178
cam229_w2,89,0.4320388349514563
cam229_w2,90,0.5711974110032363
cam229_w2,91,0.03802588996763754
cam229_w2,92,0.4506472491909385
cam229_w2,93,0.7030744336569579
cam229_w2,94,0.5711974110032363
cam229_w2,95,0.008090614886731391
cam229_w2,96,0.01779935275080906
cam229_w2,97,0.0
cam229_w2,98,0.04288025889967637
cam229_w2,99,0.13511326860841424
cam229_w2,100,0.3187702265372168
cam229_w2,101,0.8001618122977346
cam229_w2,102,0.4190938511326861
cam229_w2,103,0.063915857605178
cam229_w2,104,0.22896440129449838
cam229_w2,105,0.3389967637540453
cam229_w2,106,0.1739482200647249
cam229_w2,107,0.7135922330097088
cam229_w2,108,0.9781553398058253
cam229_w2,109,0.9433656957928802
cam229_w2,110,0.1011326860841424
cam229_w2,111,0.0
cam229_w2,112,0.0
cam229_w2,113,0.0
cam229_w2,114,0.0
cam229_w2,115,0.0
cam229_w2,116,0.0186084142394822
cam229_w2,117,0.0048543689320388345
cam229_w2,118,0.03559870550161812
cam229_w2,119,0.009708737864077669
cam229_w2,120,0.22491909385113268
cam229_w2,121,0.8058252427184466
cam229_w2,122,0.5954692556634305
cam229_w2,123,0.2936893203883495
cam229_w2,124,0.22896440129449838
cam229_w2,125,0.46682847896440127
cam229_w2,126,0.42475728155339804
cam229_w2,127,0.941747572815534
cam229_w2,128,0.12540453074433658
cam229_w2,129,0.3179611650485437
cam229_w2,130,0.020226537216828478
cam229_w2,131,0.030744336569579287
cam229_w2,132,0.016181229773462782
cam229_w2,133,0.0
cam229_w2,134,0.0
cam229_w2,135,0.0
cam229_w2,136,0.0
cam229_w2,137,0.0
cam229_w2,138,0.0008090614886731392
cam229_w2,139,0.0
cam229_w2,140,0.0
cam229_w2,141,0.30258899676375406
cam229_w2,142,0.5250809061488673
cam229_w2,143,0.5242718446601942
cam229_w2,144,0.0
cam229_w2,145,0.0
cam229_w2,146,0.0
cam229_w2,147,0.0
cam229_w2,148,0.0
cam229_w2,149,0.0
cam229_w2,150,0.0
cam229_w2,151,0.0
cam229_w2,152,0.0
cam229_w2,153,0.0
cam229_w2,154,0.0
cam229_w2,155,0.0
cam229_w2,156,0.0
cam229_w2,157,0.0
cam229_w2,158,0.0032310177705977385
cam229_w2,159,0.0
cam229_w2,160,0.0
cam229_w2,161,0.0
cam229_w2,162,0.0
cam229_w2,163,0.0
cam229_w2,164,0.0
cam229_w2,165,0.0
cam229_w2,166,0.0
cam229_w2,167,0.022617124394184167
cam229_w2,168,0.07673667205169628
cam229_w2,169,0.5040387722132472
cam229_w2,170,0.23505654281098545
cam229_w2,171,0.3077544426494346
cam229_w2,172,0.14054927302100162
cam229_w2,173,0.5654281098546042
cam229_w2,174,0.7132471728594507
cam229_w2,175,0.11066235864297254
cam229_w2,176,0.1260096930533118
cam229_w2,177,0.03150242326332795
cam229_w2,178,0.006462035541195477
cam229_w2,179,0.005654281098546042
cam229_w2,180,0.009693053311793215
cam229_w2,181,0.03715670436187399
cam229_w2,182,0.0444264943457189
cam229_w2,183,0.10096930533117932
cam229_w2,184,0.04038772213247173
cam229_w2,185,0.033117932148626815
cam229_w2,186,0.07835218093699516
cam229_w2,187,0.07269789983844911
cam229_w2,188,0.30290791599353795
cam229_w2,189,0.22617124394184168
cam229_w2,190,0.009693053311793215
cam229_w2,191,0.05331179321486268
cam229_w2,192,0.1122778675282714
cam229_w2,193,0.03877221324717286
cam229_w2,194,0.19305331179321486
cam229_w2,195,0.6631663974151858
cam229_w2,196,0.22697899838449112
cam229_w2,197,0.0
cam229_w2,198,0.009693053311793215
cam229_w2,199,0.008077544426494346
cam229_w2,200,0.02665589660743134
cam229_w2,201,0.21243941841680128
cam229_w2,202,0.05331179321486268
cam229_w2,203,0.0
cam229_w2,204,0.0
cam229_w2,205,0.0
cam229_w2,206,0.0
cam229_w2,207,0.0
cam229_w2,208,0.0
cam229_w2,209,0.0016155088852988692
cam229_w2,210,0.0
cam229_w2,211,0.0
cam229_w2,212,0.0008077544426494346
cam229_w2,213,0.0
cam229_w2,214,0.0
cam229_w2,215,0.0
cam229_w2,216,0.004846526655896607
cam229_w2,217,0.05411954765751212
cam229_w2,218,0.061389337641357025
cam229_w2,219,0.0210016155088853
cam229_w2,220,0.0
cam229_w2,221,0.0
cam229_w2,222,0.01050080775444265
cam229_w2,223,0.004038772213247173
cam229_w2,224,0.0
cam229_w2,225,0.0
cam229_w2,226,0.0
cam229_w2,227,0.0
cam229_w2,228,0.0
cam229_w2,229,0.0
cam229_w2,230,0.008569545154911009
cam229_w2,231,0.0
cam229_w2,232,0.0032959789057350032
cam229_w2,233,0.0
cam229_w2,234,0.0
cam229_w2,235,0.0
cam229_w2,236,0.0006591957811470006
cam229_w2,237,0.0
cam229_w2,238,0.005273566249176005
cam229_w2,239,0.035596572181938034
cam229_w2,240,0.14634146341463414
cam229_w2,241,0.15227422544495714
cam229_w2,242,0.5669083717864206
cam229_w2,243,0.26499670402109426
cam229_w2,244,0.46671061305207645
cam229_w2,245,0.07382992748846408
cam229_w2,246,0.3025708635464733
cam229_w2,247,0.47000659195781147
cam229_w2,248,0.22940013183915622
cam229_w2,249,0.3961766644693474
cam229_w2,250,0.2742254449571523
cam229_w2,251,0.37771918259723136
cam229_w2,252,0.6499670402109426
cam229_w2,253,0.5563612392880686
cam229_w2,254,0.4475939353988134
cam229_w2,255,0.34146341463414637
cam229_w2,256,0.024390243902439025
cam229_w2,257,0.01845748187211602
cam229_w2,258,0.051417270929466054
cam229_w2,259,0.04087013843111404
cam229_w2,260,0.003955174686882004
cam229_w2,261,0.007251153592617007
cam229_w2,262,0.044166117336849046
cam229_w2,263,0.0013183915622940012
cam229_w2,264,0.08701384311140409
cam229_w2,265,0.17666446934739619
cam229_w2,266,0.3025708635464733
cam229_w2,267,0.43902439024390244
cam229_w2,268,0.6064601186552406
cam229_w2,269,0.3111404087013843
cam229_w2,270,0.43638760711931446
cam229_w2,271,0.3005932762030323
cam229_w2,272,0.16084377059986815
cam229_w2,273,0.024390243902439025
cam229_w2,274,0.3032300593276203
cam229_w2,275,0.26763348714568225
cam229_w2,276,0.12986156888595912
cam229_w2,277,0.0065919578114700065
cam229_w2,278,0.03098220171390903
cam229_w2,279,0.0936058009228741
cam229_w2,280,0.2083058668424522
cam229_w2,281,0.5912986156888596
cam229_w2,282,0.043506921555702044
cam229_w2,283,0.35992089650626236
cam229_w2,284,0.0
cam229_w2,285,0.0
cam229_w2,286,0.0
cam229_w2,287,0.0
cam229_w2,288,0.00988793671720501
cam229_w2,289,0.0065919578114700065
cam229_w2,290,0.016479894528675015
cam229_w2,291,0.017798286090969017
cam229_w2,292,0.1021753460777851
cam229_w2,293,0.003955174686882004
cam229_w2,294,0.04021094264996704
cam229_w2,295,0.004614370468029005
cam229_w2,296,0.0
cam229_w2,297,0.0
cam229_w2,298,0.0
cam229_w2,299,0.0
cam229_w2,300,0.0
cam229_w2,301,0.0
cam229_w2,302,0.0
cam229_w2,303,0.0
cam229_w2,304,0.0
cam229_w2,305,0.0
cam229_w2,306,0.005215123859191656
cam229_w2,307,0.0
cam229_w2,308,0.0
cam229_w2,309,0.0
cam229_w2,310,0.002607561929595828
cam229_w2,311,0.0
cam229_w2,312,0.011299435028248588
cam229_w2,313,0.000869187309865276
cam229_w2,314,0.0217296827466319
cam229_w2,315,0.012168622338113864
cam229_w2,316,0.022598870056497175
cam229_w2,317,0.0995219469795741
cam229_w2,318,0.25684485006518903
cam229_w2,319,0.6001738374619731
cam229_w2,320,0.35158626684050415
cam229_w2,321,0.3854845719252499
cam229_w2,322,0.12603215993046502
cam229_w2,323,0.01564537157757497
cam229_w2,324,0.09430682312038244
cam229_w2,325,0.13255106475445458
cam229_w2,326,0.06692742285962625
cam229_w2,327,0.07170795306388526
cam229_w2,328,0.06562364189482833
cam229_w2,329,0.009995654063450673
cam229_w2,330,0.017818339852238158
cam229_w2,331,0.04997827031725337
cam229_w2,332,0.2542372881355932
cam229_w2,333,0.17209908735332463
cam229_w2,334,0.2381573229030856
cam229_w2,335,0.07909604519774012
cam229_w2,336,0.02824858757062147
cam229_w2,337,0.035202086049543675
cam229_w2,338,0.11647109952194698
cam229_w2,339,0.14167753150804
cam229_w2,340,0.13342025206431987
cam229_w2,341,0.17687961755758366
cam229_w2,342,0.22381573229030857
cam229_w2,343,0.06562364189482833
cam229_w2,344,0.0
cam229_w2,345,0.03389830508474576
cam229_w2,346,0.2320730117340287
cam229_w2,347,0.1295089091699261
cam229_w2,348,0.09908735332464146
cam229_w2,349,0.09908735332464146
cam229_w2,350,0.05345501955671447
cam229_w2,351,0.2664059104737071
cam229_w2,352,0.048674489352455455
cam229_w2,353,0.096045197740113
cam229_w2,354,0.03389830508474576
cam229_w2,355,0.09908735332464146
cam229_w2,356,0.12212081703607128
cam229_w2,357,0.08257279443720121
cam229_w2,358,0.10734463276836158
cam229_w2,359,0.041286397218600605
cam229_w2,360,0.09430682312038244
cam229_w2,361,0.21164710995219468
cam229_w2,362,0.11125597566275533
cam229_w2,363,0.21164710995219468
cam229_w2,364,0.003476749239461104
cam229_w2,365,0.14950021729682747
cam229_w2,366,0.11038678835289005
cam229_w2,367,0.3033463711429813
cam229_w2,368,0.18513689700130379
cam229_w2,369,0.49587136027813994
cam229_w2,370,0.03911342894393742
cam229_w2,371,0.022598870056497175
cam229_w2,372,0.017818339852238158
cam229_w2,373,0.0
cam229_w2,374,0.007822685788787484
cam229_w2,375,0.003476749239461104
cam231_w1,1,0.0
cam231_w1,2,0.032721010332950634
cam231_w1,3,0.27210103329506313
cam231_w1,4,0.0
cam231_w1,5,0.001148105625717566
cam231_w1,6,0.0
cam231_w1,7,0.05568312284730195
cam231_w1,8,0.03616532721010333
cam231_w1,9,0.19460390355912743
cam231_w1,10,0.09586681974741676
cam231_w1,11,0.6102181400688863
cam231_w1,12,0.1549942594718714
cam231_w1,13,0.5505166475315729
cam231_w1,14,0.32950631458094143
cam231_w1,15,0.3932261768082664
cam231_w1,16,0.13719862227324914
cam231_w1,17,0.473593570608496
cam231_w1,18,0.05912743972445465
cam231_w1,19,0.005166475315729047
cam231_w1,20,0.0028702640642939152
cam231_w1,21,0.004592422502870264
cam231_w1,22,0.023536165327210104
cam231_w1,23,0.0
cam231_w1,24,0.0
cam231_w1,25,0.0
cam231_w1,26,0.005166475315729047
cam231_w1,27,0.008610792192881744
cam231_w1,28,0.08553386911595867
cam231_w1,29,0.19058553386911595
cam231_w1,30,0.009184845005740528
cam231_w1,31,0.053386911595866816
cam231_w1,32,0.07979334098737084
cam231_w1,33,0.07175660160734787
cam231_w1,34,0.33983926521239954
cam231_w1,35,0.6750861079219288
cam231_w1,36,0.08668197474167623
cam231_w1,37,0.04190585533869116
cam231_w1,38,0.33295063145809417
cam231_w1,39,0.21928817451205512
cam231_w1,40,0.7835820895522388
cam231_w1,41,0.7634902411021814
cam231_w1,42,0.5780711825487945
cam231_w1,43,0.35246842709529275
cam231_w1,44,0.7629161882893226
cam231_w1,45,0.006314580941446613
cam231_w1,46,0.012055109070034443
cam231_w1,47,0.003444316877152698
cam231_w1,48,0.001148105625717566
cam231_w1,49,0.04247990815154994
cam231_w1,50,0.016073478760045924
cam231_w1,51,0.3960964408725603
cam231_w1,52,0.011481056257175661
cam231_w1,53,0.020091848450057407
cam231_w1,54,0.009184845005740528
cam231_w1,55,0.012629161882893225
cam231_w1,56,0.012055109070034443
cam231_w1,57,0.017795637198622274
cam231_w1,58,0.02066590126291619
cam231_w1,59,0.000574052812858783
cam231_w1,60,0.0843857634902411
cam231_w1,61,0.0539609644087256
cam231_w1,62,0.001722158438576349
cam231_w1,63,0.03903559127439724
cam231_w1,64,0.004592422502870264
cam231_w1,65,0.013777267508610792
cam231_w1,66,0.006314580941446613
cam231_w1,67,0.0
cam231_w1,68,0.05166475315729047
cam231_w1,69,0.19001148105625718
cam231_w1,70,0.0
cam231_w1,71,0.0
cam231_w1,72,0.0
cam231_w1,73,0.0
cam231_w1,74,0.0
cam231_w1,75,0.0
cam231_w1,76,0.0
cam231_w1,77,0.0
cam231_w1,78,0.0
cam231_w1,79,0.0
cam231_w1,80,0.0
cam231_w1,81,0.0
cam231_w1,82,0.008130081300813009
cam231_w1,83,0.0450849963045085
cam231_w1,84,0.18255728011825573
cam231_w1,85,0.5868440502586844
cam231_w1,86,0.5018477457501848
cam231_w1,87,0.0
cam231_w1,88,0.1973392461197339
cam231_w1,89,0.28972653362897266
cam231_w1,90,0.0
cam231_w1,91,0.2638580931263858
cam231_w1,92,0.1352549889135255
cam231_w1,93,0.0
cam231_w1,94,0.20473022912047303
cam231_w1,95,0.3340724316334072
cam231_w1,96,0.0
cam231_w1,97,0.0
cam231_w1,98,0.0
cam231_w1,99,0.022912047302291204
cam231_w1,100,0.04951958610495196
cam231_w1,101,0.35698447893569846
cam231_w1,102,0.21655580192165558
cam231_w1,103,0.3244641537324464
cam231_w1,104,0.08869179600886919
cam231_w1,105,0.17886178861788618
cam231_w1,106,0.11899482631189948
cam231_w1,107,0.0
cam231_w1,108,0.0
cam231_w1,109,0.0
cam231_w1,110,0.0022172949002217295
cam231_w1,111,0.0
cam231_w1,112,0.0
cam231_w1,113,0.0
cam231_w1,114,0.005912786400591279
cam231_w1,115,0.09238728750923873
cam231_w1,116,0.17590539541759054
cam231_w1,117,0.2631189948263119
cam231_w1,118,0.17738359201773837
cam231_w1,119,0.7036215816703622
cam231_w1,120,0.4538063562453806
cam231_w1,121,0.8329637841832964
cam231_w1,122,0.6541019955654102
cam231_w1,123,0.4005912786400591
cam231_w1,124,0.8152254249815225
cam231_w1,125,0.42276422764227645
cam231_w1,126,0.3325942350332594
cam231_w1,127,0.467110125646711
cam231_w1,128,0.010347376201034738
cam231_w1,129,0.005912786400591279
cam231_w1,130,0.0
cam231_w1,131,0.0
cam231_w1,132,0.0
cam231_w1,133,0.0
cam231_w1,134,0.0
cam231_w1,135,0.0
cam231_w1,136,0.0
cam231_w1,137,0.0
cam231_w1,138,0.0
cam231_w1,139,0.0
cam231_w1,140,0.0
cam231_w1,141,0.005173688100517369
cam231_w1,142,0.0
cam231_w1,143,0.0
cam231_w1,144,0.0
cam231_w1,145,0.0
cam231_w1,146,0.0
cam231_w1,147,0.0
cam231_w1,148,0.0
cam231_w1,149,0.0
cam231_w1,150,0.0
cam231_w1,151,0.0
cam231_w1,152,0.0
cam231_w1,153,0.0
cam231_w1,154,0.0
cam231_w1,155,0.0
cam231_w1,156,0.0
cam231_w1,157,0.0
cam231_w1,158,0.0
cam231_w1,159,0.0
cam231_w1,160,0.0
cam231_w1,161,0.0
cam231_w1,162,0.0
cam231_w1,163,0.0
cam231_w1,164,0.0
cam231_w1,165,0.0
cam231_w1,166,0.0
cam231_w1,167,0.0
cam231_w1,168,0.03434816549570648
cam231_w1,169,0.0
cam231_w1,170,0.0702576112412178
cam231_w1,171,0.06557377049180328
cam231_w1,172,0.12412177985948478
cam231_w1,173,0.23965651834504292
cam231_w1,174,0.1405152224824356
cam231_w1,175,0.2607338017174083
cam231_w1,176,0.33021077283372363
cam231_w1,177,0.03200624512099922
cam231_w1,178,0.60967993754879
cam231_w1,179,0.07103825136612021
cam231_w1,180,0.0
cam231_w1,181,0.01092896174863388
cam231_w1,182,0.0
cam231_w1,183,0.02576112412177986
cam231_w1,184,0.0
cam231_w1,185,0.0
cam231_w1,186,0.0
cam231_w1,187,0.0
cam231_w1,188,0.00156128024980484
cam231_w1,189,0.0
cam231_w1,190,0.0
cam231_w1,191,0.0
cam231_w1,192,0.0
cam231_w1,193,0.00624512099921936
cam231_w1,194,0.0
cam231_w1,195,0.11085089773614364
cam231_w1,196,0.09992193598750976
cam231_w1,197,0.09523809523809523
cam231_w1,198,0.10616705698672912
cam231_w1,199,0.4558938329430133
cam231_w1,200,0.2029664324746292
cam231_w1,201,0.00234192037470726
cam231_w1,202,0.0
cam231_w1,203,0.0
cam231_w1,204,0.00078064012490242
cam231_w1,205,0.0
cam231_w1,206,0.0
cam231_w1,207,0.0
cam231_w1,208,0.0
cam231_w1,209,0.0351288056206089
cam231_w1,210,0.0
cam231_w1,211,0.00702576112412178
cam231_w1,212,0.0
cam231_w1,213,0.01249024199843872
cam231_w1,214,0.0039032006245121
cam231_w1,215,0.0
cam231_w1,216,0.00234192037470726
cam231_w1,217,0.00312256049960968
cam231_w1,218,0.0
cam231_w1,219,0.04059328649492584
cam231_w1,220,0.0
cam231_w1,221,0.0
cam231_w1,222,0.0
cam231_w1,223,0.0
cam231_w1,224,0.0
cam231_w1,225,0.0
cam231_w1,226,0.0
cam231_w1,227,0.0
cam231_w1,228,0.0
cam231_w1,229,0.0
cam231_w1,230,0.0
cam231_w1,231,0.0
cam231_w1,232,0.0
cam231_w1,233,0.0
cam231_w1,234,0.0
cam231_w1,235,0.0
cam231_w1,236,0.0
cam231_w1,237,0.0
cam231_w1,238,0.0
cam231_w1,239,0.0
cam231_w1,240,0.006016042780748663
cam231_w1,241,0.01270053475935829
cam231_w1,242,0.0
cam231_w1,243,0.008021390374331552
cam231_w1,244,0.040106951871657755
cam231_w1,245,0.06751336898395723
cam231_w1,246,0.14705882352941177
cam231_w1,247,0.4959893048128342
cam231_w1,248,0.2540106951871658
cam231_w1,249,0.5367647058823529
cam231_w1,250,0.04344919786096257
cam231_w1,251,0.012032085561497326
cam231_w1,252,0.009358288770053475
cam231_w1,253,0.1303475935828877
cam231_w1,254,0.11096256684491979
cam231_w1,255,0.15641711229946523
cam231_w1,256,0.8235294117647058
cam231_w1,257,0.15106951871657753
cam231_w1,258,0.006016042780748663
cam231_w1,259,0.004010695187165776
cam231_w1,260,0.030080213903743314
cam231_w1,261,0.0006684491978609625
cam231_w1,262,0.010026737967914439
cam231_w1,263,0.01804812834224599
cam231_w1,264,0.0
cam231_w1,265,0.017379679144385027
cam231_w1,266,0.0
cam231_w1,267,0.0006684491978609625
cam231_w1,268,0.007352941176470588
cam231_w1,269,0.0
cam231_w1,270,0.01537433155080214
cam231_w1,271,0.008021390374331552
cam231_w1,272,0.02072192513368984
cam231_w1,273,0.0
cam231_w1,274,0.001336898395721925
cam231_w1,275,0.010026737967914439
cam231_w1,276,0.002005347593582888
cam231_w1,277,0.007352941176470588
cam231_w1,278,0.0
cam231_w1,279,0.0
cam231_w1,280,0.0
cam231_w1,281,0.006016042780748663
cam231_w1,282,0.0
cam231_w1,283,0.014037433155080214
cam231_w1,284,0.007352941176470588
cam231_w1,285,0.006016042780748663
cam231_w1,286,0.02606951871657754
cam231_w1,287,0.00267379679144385
cam231_w1,288,0.0
cam231_w1,289,0.0
cam231_w1,290,0.004679144385026738
cam231_w1,291,0.0
cam231_w1,292,0.0
cam231_w1,293,0.06417112299465241
cam231_w1,294,0.02339572192513369
cam231_w1,295,0.0
cam231_w1,296,0.0033422459893048127
cam231_w1,297,0.004679144385026738
cam231_w1,298,0.0066844919786096255
cam231_w1,299,0.0
cam231_w1,300,0.0
cam231_w1,301,0.0
cam231_w1,302,0.0
cam231_w1,303,0.0
cam231_w1,304,0.0
cam231_w1,305,0.0008684324793747286
cam231_w1,306,0.022579244463742945
cam231_w1,307,0.0
cam231_w1,308,0.0
cam231_w1,309,0.0
cam231_w1,310,0.0013026487190620929
cam231_w1,311,0.0
cam231_w1,312,0.0
cam231_w1,313,0.0
cam231_w1,314,0.0
cam231_w1,315,0.0
cam231_w1,316,0.005644811115935736
cam231_w1,317,0.016500217108119844
cam231_w1,318,0.0
cam231_w1,319,0.013894919669995658
cam231_w1,320,0.017368649587494574
cam231_w1,321,0.0
cam231_w1,322,0.00911854103343465
cam231_w1,323,0.00303951367781155
cam231_w1,324,0.10204081632653061
cam231_w1,325,0.019539730785931395
cam231_w1,326,0.15848892748588797
cam231_w1,327,0.02214502822405558
cam231_w1,328,0.024750325662179766
cam231_w1,329,0.0547112462006079
cam231_w1,330,0.04342162396873643
cam231_w1,331,0.008250108554059922
cam231_w1,332,0.16456795484151107
cam231_w1,333,0.16239687364307426
cam231_w1,334,0.05557967867998263
cam231_w1,335,0.12592270950933565
cam231_w1,336,0.17802865827181938
cam231_w1,337,0.017802865827181935
cam231_w1,338,0.016500217108119844
cam231_w1,339,0.025618758141554496
cam231_w1,340,0.08858011289622232
cam231_w1,341,0.008684324793747287
cam231_w1,342,0.01606600086843248
cam231_w1,343,0.02518454190186713
cam231_w1,344,0.011289622231871473
cam231_w1,345,0.030395136778115502
cam231_w1,346,0.03603994789405124
cam231_w1,347,0.03517151541467651
cam231_w1,348,0.2045158488927486
cam231_w1,349,0.2236213634389926
cam231_w1,350,0.21710811984368214
cam231_w1,351,0.018671298306556665
cam231_w1,352,0.0039079461571862786
cam231_w1,353,0.17194963091619628
cam231_w1,354,0.10638297872340426
cam231_w1,355,0.020842379504993486
cam231_w1,356,0.22231871471993053
cam231_w1,357,0.27442466348241423
cam231_w1,358,0.03821102909248806
cam231_w1,359,0.01997394702561876
cam231_w1,360,0.09552757273122015
cam231_w1,361,0.029092488059053408
cam231_w1,362,0.18193660442900564
cam231_w1,363,0.18106817194963093
cam231_w1,364,0.1923577941815024
cam231_w1,365,0.01910551454624403
cam231_w1,366,0.3890577507598784
cam231_w1,367,0.09205384281372124
cam231_w1,368,0.01997394702561876
cam231_w1,369,0.0021710811984368217
cam231_w1,370,0.013894919669995658
cam231_w1,371,0.014763352149370386
cam231_w1,372,0.04125054277029961
cam231_w1,373,0.02127659574468085
cam231_w1,374,0.11854103343465046
cam231_w1,375,0.0
cam231_w6,1,0.0
cam231_w6,2,0.0
cam231_w6,3,0.0
cam231_w6,4,0.0
cam231_w6,5,0.0
cam231_w6,6,0.0
cam231_w6,7,0.0
cam231_w6,8,0.0
cam231_w6,9,0.0
cam231_w6,10,0.0
cam231_w6,11,0.0
cam231_w6,12,0.0
cam231_w6,13,0.0
cam231_w6,14,0.0
cam231_w6,15,0.0
cam231_w6,16,0.0
cam231_w6,17,0.10712684894666069
cam231_w6,18,0.08023307933662036
cam231_w6,19,0.0
cam231_w6,20,0.0
cam231_w6,21,0.0
cam231_w6,22,0.0
cam231_w6,23,0.0
cam231_w6,24,0.0
cam231_w6,25,0.0
cam231_w6,26,0.0
cam231_w6,27,0.0
cam231_w6,28,0.0
cam231_w6,29,0.0
cam231_w6,30,0.0
cam231_w6,31,0.0
cam231_w6,32,0.0
cam231_w6,33,0.010757507844016136
cam231_w6,34,0.183325862841775
cam231_w6,35,0.11250560286866876
cam231_w6,36,0.0
cam231_w6,37,0.03182429403854774
cam231_w6,38,0.1537427162707306
cam231_w6,39,0.44643657552666965
cam231_w6,40,0.20215150156880324
cam231_w6,41,0.6311071268489467
cam231_w6,42,0.08740475123263111
cam231_w6,43,0.183325862841775
cam231_w6,44,0.3348274316450022
cam231_w6,45,0.5912147019273868
cam231_w6,46,0.03272075302554908
cam231_w6,47,0.04482294935006723
cam231_w6,48,0.0
cam231_w6,49,0.005378753922008068
cam231_w6,50,0.006723442402510085
cam231_w6,51,0.0
cam231_w6,52,0.008516360376512775
cam231_w6,53,0.02734199910354101
cam231_w6,54,0.006723442402510085
cam231_w6,55,0.0
cam231_w6,56,0.014343343792021516
cam231_w6,57,0.0923352756611385
cam231_w6,58,0.27431645002241145
cam231_w6,59,0.08202599731062304
cam231_w6,60,0.05199462124607799
cam231_w6,61,0.03227252353204841
cam231_w6,62,0.04392649036306589
cam231_w6,63,0.10129986553115194
cam231_w6,64,0.5589421783953384
cam231_w6,65,0.1201255042581802
cam231_w6,66,0.012998655311519497
cam231_w6,67,0.03989242492155984
cam231_w6,68,0.0
cam231_w6,69,0.0022411474675033617
cam231_w6,70,0.03854773644105782
cam231_w6,71,0.0
cam231_w6,72,0.0
cam231_w6,73,0.0
cam231_w6,74,0.0
cam231_w6,75,0.0
cam231_w6,76,0.0
cam231_w6,77,0.0
cam231_w6,78,0.0
cam231_w6,79,0.0
cam231_w6,80,0.0
cam231_w6,81,0.0
cam231_w6,82,0.0
cam231_w6,83,0.0
cam231_w6,84,0.0
cam231_w6,85,0.0
cam231_w6,86,0.0
cam231_w6,87,0.0
cam231_w6,88,0.010169491525423728
cam231_w6,89,0.19491525423728814
cam231_w6,90,0.002542372881355932
cam231_w6,91,0.19830508474576272
cam231_w6,92,0.0
cam231_w6,93,0.1016949152542373
cam231_w6,94,0.05593220338983051
cam231_w6,95,0.2271186440677966
cam231_w6,96,0.35847457627118645
cam231_w6,97,0.8872881355932203
cam231_w6,98,0.5228813559322034
cam231_w6,99,0.5372881355932203
cam231_w6,100,0.4966101694915254
cam231_w6,101,0.8271186440677966
cam231_w6,102,0.3220338983050847
cam231_w6,103,0.04152542372881356
cam231_w6,104,0.036440677966101696
cam231_w6,105,0.33559322033898303
cam231_w6,106,0.15593220338983052
cam231_w6,107,0.6949152542372882
cam231_w6,108,0.0
cam231_w6,109,0.06525423728813559
cam231_w6,110,0.8144067796610169
cam231_w6,111,0.0
cam231_w6,112,0.36271186440677966
cam231_w6,113,0.2245762711864407
cam231_w6,114,0.0
cam231_w6,115,0.10932203389830508
cam231_w6,116,0.7610169491525424
cam231_w6,117,0.0
cam231_w6,118,0.0
cam231_w6,119,0.015254237288135594
cam231_w6,120,0.01694915254237288
cam231_w6,121,0.23898305084745763
cam231_w6,122,0.6711864406779661
cam231_w6,123,0.0
cam231_w6,124,0.0
cam231_w6,125,0.31271186440677967
cam231_w6,126,0.2542372881355932
cam231_w6,127,0.005084745762711864
cam231_w6,128,0.0
cam231_w6,129,0.10338983050847457
cam231_w6,130,0.21525423728813559
cam231_w6,131,0.0
cam231_w6,132,0.001694915254237288
cam231_w6,133,0.0
cam231_w6,134,0.0
cam231_w6,135,0.0
cam231_w6,136,0.0
cam231_w6,137,0.0
cam231_w6,138,0.0
cam231_w6,139,0.0
cam231_w6,140,0.0
cam231_w6,141,0.009322033898305085
cam231_w6,142,0.010169491525423728
cam231_w6,143,0.0
cam231_w6,144,0.0
cam231_w6,145,0.006779661016949152
cam231_w6,146,0.0
cam231_w6,147,0.0
cam231_w6,148,0.0
cam231_w6,149,0.0
cam231_w6,150,0.0
cam231_w6,151,0.0
cam231_w6,152,0.0
cam231_w6,153,0.0
cam231_w6,154,0.001597444089456869
cam231_w6,155,0.0
cam231_w6,156,0.0
cam231_w6,157,0.0
cam231_w6,158,0.06070287539936102
cam231_w6,159,0.0
cam231_w6,160,0.031150159744408944
cam231_w6,161,0.15175718849840256
cam231_w6,162,0.0
cam231_w6,163,0.0
cam231_w6,164,0.1253993610223642
cam231_w6,165,0.07188498402555911
cam231_w6,166,0.3498402555910543
cam231_w6,167,0.0
cam231_w6,168,0.0
cam231_w6,169,0.0439297124600639
cam231_w6,170,0.0
cam231_w6,171,0.36661341853035145
cam231_w6,172,0.5231629392971247
cam231_w6,173,0.02476038338658147
cam231_w6,174,0.10862619808306709
cam231_w6,175,0.0463258785942492
cam231_w6,176,0.01757188498402556
cam231_w6,177,0.0
cam231_w6,178,0.16134185303514376
cam231_w6,179,0.38738019169329074
cam231_w6,180,0.1485623003194888
cam231_w6,181,0.04712460063897764
cam231_w6,182,0.2547923322683706
cam231_w6,183,0.8937699680511182
cam231_w6,184,0.39456869009584666
cam231_w6,185,0.0
cam231_w6,186,0.0
cam231_w6,187,0.0023961661341853034
cam231_w6,188,0.06309904153354633
cam231_w6,189,0.01437699680511182
cam231_w6,190,0.0
cam231_w6,191,0.0
cam231_w6,192,0.0
cam231_w6,193,0.001597444089456869
cam231_w6,194,0.00878594249201278
cam231_w6,195,0.03194888178913738
cam231_w6,196,0.0023961661341853034
cam231_w6,197,0.0023961661341853034
cam231_w6,198,0.0023961661341853034
cam231_w6,199,0.0
cam231_w6,200,0.0
cam231_w6,201,0.0
cam231_w6,202,0.0
cam231_w6,203,0.0
cam231_w6,204,0.0
cam231_w6,205,0.0
cam231_w6,206,0.0
cam231_w6,207,0.0
cam231_w6,208,0.0
cam231_w6,209,0.0
cam231_w6,210,0.0
cam231_w6,211,0.0
cam231_w6,212,0.0
cam231_w6,213,0.0
cam231_w6,214,0.0
cam231_w6,215,0.012779552715654952
cam231_w6,216,0.04712460063897764
cam231_w6,217,0.029552715654952075
cam231_w6,218,0.0
cam231_w6,219,0.0
cam231_w6,220,0.0
cam231_w6,221,0.0
cam231_w6,222,0.0
cam231_w6,223,0.0
cam231_w6,224,0.0
cam231_w6,225,0.0
cam231_w6,226,0.0
cam231_w6,227,0.003973509933774834
cam231_w6,228,0.0
cam231_w6,229,0.0
cam231_w6,230,0.0
cam231_w6,231,0.0
cam231_w6,232,0.0
cam231_w6,233,0.0
cam231_w6,234,0.0
cam231_w6,235,0.0
cam231_w6,236,0.0
cam231_w6,237,0.0
cam231_w6,238,0.0
cam231_w6,239,0.017880794701986755
cam231_w6,240,0.0026490066225165563
cam231_w6,241,0.0
cam231_w6,242,0.025165562913907286
cam231_w6,243,0.025827814569536423
cam231_w6,244,0.06887417218543046
cam231_w6,245,0.19933774834437087
cam231_w6,246,0.176158940397351
cam231_w6,247,0.29668874172185433
cam231_w6,248,0.3258278145695364
cam231_w6,249,0.43973509933774835
cam231_w6,250,0.6158940397350994
cam231_w6,251,0.13443708609271524
cam231_w6,252,0.21258278145695364
cam231_w6,253,0.003973509933774834
cam231_w6,254,0.2596026490066225
cam231_w6,255,0.0
cam231_w6,256,0.0
cam231_w6,257,0.006622516556291391
cam231_w6,258,0.25364238410596024
cam231_w6,259,0.004635761589403974
cam231_w6,260,0.026490066225165563
cam231_w6,261,0.0
cam231_w6,262,0.0
cam231_w6,263,0.006622516556291391
cam231_w6,264,0.02052980132450331
cam231_w6,265,0.00728476821192053
cam231_w6,266,0.0
cam231_w6,267,0.0
cam231_w6,268,0.0
cam231_w6,269,0.0
cam231_w6,270,0.0
cam231_w6,271,0.0
cam231_w6,272,0.001986754966887417
cam231_w6,273,0.017218543046357615
cam231_w6,274,0.01456953642384106
cam231_w6,275,0.0
cam231_w6,276,0.011258278145695364
cam231_w6,277,0.0
cam231_w6,278,0.0
cam231_w6,279,0.007947019867549669
cam231_w6,280,0.0
cam231_w6,281,0.0
cam231_w6,282,0.039735099337748346
cam231_w6,283,0.15695364238410597
cam231_w6,284,0.001986754966887417
cam231_w6,285,0.07152317880794702
cam231_w6,286,0.0
cam231_w6,287,0.0
cam231_w6,288,0.011920529801324504
cam231_w6,289,0.0
cam231_w6,290,0.009271523178807948
cam231_w6,291,0.0
cam231_w6,292,0.007947019867549669
cam231_w6,293,0.048344370860927154
cam231_w6,294,0.17947019867549668
cam231_w6,295,0.07483443708609272
cam231_w6,296,0.0
cam231_w6,297,0.0
cam231_w6,298,0.0
cam231_w6,299,0.0
cam231_w6,300,0.0
cam231_w6,301,0.0
cam231_w6,302,0.0
cam231_w6,303,0.0
cam231_w6,304,0.0
cam231_w6,305,0.0
cam231_w6,306,0.0
cam231_w6,307,0.0
cam231_w6,308,0.0
cam231_w6,309,0.0
cam231_w6,310,0.0
cam231_w6,311,0.0
cam231_w6,312,0.0
cam231_w6,313,0.0
cam231_w6,314,0.0
cam231_w6,315,0.0034737299174989146
cam231_w6,316,0.0
cam231_w6,317,0.06773773339122884
cam231_w6,318,0.04950065132435953
cam231_w6,319,0.03821102909248806
cam231_w6,320,0.09422492401215805
cam231_w6,321,0.09769865392965697
cam231_w6,322,0.19018671298306555
cam231_w6,323,0.13156752062527138
cam231_w6,324,0.03821102909248806
cam231_w6,325,0.0182370820668693
cam231_w6,326,0.11333043855840208
cam231_w6,327,0.05123751628310899
cam231_w6,328,0.020842379504993486
cam231_w6,329,0.0
cam231_w6,330,0.023881893182805036
cam231_w6,331,0.0039079461571862786
cam231_w6,332,0.009552757273122015
cam231_w6,333,0.04602692140686062
cam231_w6,334,0.11202778983933999
cam231_w6,335,0.22579244463742945
cam231_w6,336,0.04342162396873643
cam231_w6,337,0.04038211029092488
cam231_w6,338,0.0026052974381241857
cam231_w6,339,0.006947459834997829
cam231_w6,340,0.0
cam231_w6,341,0.05948762483716891
cam231_w6,342,0.11723838471558837
cam231_w6,343,0.10811984368215372
cam231_w6,344,0.25575336517585756
cam231_w6,345,0.10898827616152844
cam231_w6,346,0.1337386018237082
cam231_w6,347,0.09465914025184542
cam231_w6,348,0.07338254450716457
cam231_w6,349,0.011289622231871473
cam231_w6,350,0.01997394702561876
cam231_w6,351,0.04211897524967434
cam231_w6,352,0.028658271819366043
cam231_w6,353,0.07034303082935302
cam231_w6,354,0.08163265306122448
cam231_w6,355,0.13156752062527138
cam231_w6,356,0.3226226660877117
cam231_w6,357,0.01910551454624403
cam231_w6,358,0.13634389926183238
cam231_w6,359,0.04515848892748589
cam231_w6,360,0.03560573165436387
cam231_w6,361,0.03690838037342597
cam231_w6,362,0.03256621797655232
cam231_w6,363,0.011289622231871473
cam231_w6,364,0.04776378636561007
cam231_w6,365,0.04993486756404689
cam231_w6,366,0.019539730785931395
cam231_w6,367,0.11854103343465046
cam231_w6,368,0.03213200173686496
cam231_w6,369,0.030395136778115502
cam231_w6,370,0.058184976118106815
cam231_w6,371,0.08076422058184976
cam231_w6,372,0.08988276161528441
cam231_w6,373,0.04559270516717325
cam231_w6,374,0.011289622231871473
cam231_w6,375,0.026052974381241857
cam241_w1,1,0.006532066508313539
cam241_w1,2,0.05641330166270784
cam241_w1,3,0.0
cam241_w1,4,0.0
cam241_w1,5,0.0
cam241_w1,6,0.0
cam241_w1,7,0.0
cam241_w1,8,0.0
cam241_w1,9,0.0
cam241_w1,10,0.007125890736342043
cam241_w1,11,0.017814726840855107
cam241_w1,12,0.0
cam241_w1,13,0.0
cam241_w1,14,0.23931116389548693
cam241_w1,15,0.14608076009501186
cam241_w1,16,0.009501187648456057
cam241_w1,17,0.1324228028503563
cam241_w1,18,0.027315914489311165
cam241_w1,19,0.0017814726840855108
cam241_w1,20,0.0
cam241_w1,21,0.0
cam241_w1,22,0.0
cam241_w1,23,0.06413301662707839
cam241_w1,24,0.0
cam241_w1,25,0.0
cam241_w1,26,0.20783847980997625
cam241_w1,27,0.016033254156769598
cam241_w1,28,0.1330166270783848
cam241_w1,29,0.2209026128266033
cam241_w1,30,0.08729216152019002
cam241_w1,31,0.4156769596199525
cam241_w1,32,0.16923990498812352
cam241_w1,33,0.0
cam241_w1,34,0.0
cam241_w1,35,0.0
cam241_w1,36,0.0
cam241_w1,37,0.0
cam241_w1,38,0.0
cam241_w1,39,0.0
cam241_w1,40,0.0
cam241_w1,41,0.0
cam241_w1,42,0.013064133016627079
cam241_w1,43,0.0
cam241_w1,44,0.0
cam241_w1,45,0.0
cam241_w1,46,0.0
cam241_w1,47,0.011876484560570071
cam241_w1,48,0.00831353919239905
cam241_w1,49,0.1021377672209026
cam241_w1,50,0.02553444180522565
cam241_w1,51,0.14667458432304037
cam241_w1,52,0.20665083135391923
cam241_w1,53,0.0011876484560570072
cam241_w1,54,0.0
cam241_w1,55,0.07719714964370546
cam241_w1,56,0.03800475059382423
cam241_w1,57,0.0
cam241_w1,58,0.0
cam241_w1,59,0.0
cam241_w1,60,0.0029691211401425177
cam241_w1,61,0.1995249406175772
cam241_w1,62,0.0
cam241_w1,63,0.0
cam241_w1,64,0.0
cam241_w1,65,0.0
cam241_w1,66,0.0035629453681710215
cam241_w1,67,0.17695961995249407
cam241_w1,68,0.029097387173396674
cam241_w1,69,0.011876484560570071
cam241_w1,70,0.0
cam241_w1,71,0.0
cam241_w1,72,0.0
cam241_w1,73,0.0
cam241_w1,74,0.0
cam241_w1,75,0.0
cam241_w1,76,0.0
cam241_w1,77,0.0
cam241_w1,78,0.0
cam241_w1,79,0.0
cam241_w1,80,0.0
cam241_w1,81,0.0
cam241_w1,82,0.02943722943722944
cam241_w1,83,0.0
cam241_w1,84,0.0
cam241_w1,85,0.02857142857142857
cam241_w1,86,0.0
cam241_w1,87,0.11168831168831168
cam241_w1,88,0.08225108225108226
cam241_w1,89,0.3601731601731602
cam241_w1,90,0.13073593073593073
cam241_w1,91,0.0
cam241_w1,92,0.0
cam241_w1,93,0.0
cam241_w1,94,0.05974025974025974
cam241_w1,95,0.011255411255411256
cam241_w1,96,0.4727272727272727
cam241_w1,97,0.18961038961038962
cam241_w1,98,0.07012987012987013
cam241_w1,99,0.09004329004329005
cam241_w1,100,0.587012987012987
cam241_w1,101,0.08051948051948052
cam241_w1,102,0.01471861471861472
cam241_w1,103,0.004329004329004329
cam241_w1,104,0.5168831168831168
cam241_w1,105,0.5073593073593073
cam241_w1,106,0.2597402597402597
cam241_w1,107,0.37662337662337664
cam241_w1,108,0.42943722943722945
cam241_w1,109,0.5038961038961038
cam241_w1,110,0.21731601731601732
cam241_w1,111,0.09956709956709957
cam241_w1,112,0.12121212121212122
cam241_w1,113,0.129004329004329
cam241_w1,114,0.07272727272727272
cam241_w1,115,0.5177489177489177
cam241_w1,116,0.535064935064935
cam241_w1,117,0.4017316017316017
cam241_w1,118,0.08744588744588745
cam241_w1,119,0.2354978354978355
cam241_w1,120,0.44502164502164504
cam241_w1,121,0.04935064935064935
cam241_w1,122,0.23809523809523808
cam241_w1,123,0.032034632034632034
cam241_w1,124,0.29783549783549784
cam241_w1,125,0.41818181818181815
cam241_w1,126,0.4961038961038961
cam241_w1,127,0.08658008658008658
cam241_w1,128,0.1393939393939394
cam241_w1,129,0.7844155844155845
cam241_w1,130,0.6805194805194805
cam241_w1,131,0.6277056277056277
cam241_w1,132,0.8519480519480519
cam241_w1,133,0.6190476190476191
cam241_w1,134,0.0025974025974025974
cam241_w1,135,0.0
cam241_w1,136,0.0
cam241_w1,137,0.0
cam241_w1,138,0.0
cam241_w1,139,0.0
cam241_w1,140,0.0
cam241_w1,141,0.0354978354978355
cam241_w1,142,0.02077922077922078
cam241_w1,143,0.19653679653679654
cam241_w1,144,0.07012987012987013
cam241_w1,145,0.0761904761904762
cam241_w1,146,0.0
cam241_w1,147,0.0
cam241_w1,148,0.0
cam241_w1,149,0.0
cam241_w1,150,0.0
cam241_w1,151,0.0
cam241_w1,152,0.0
cam241_w1,153,0.0
cam241_w1,154,0.0
cam241_w1,155,0.0
cam241_w1,156,0.0
cam241_w1,157,0.0
cam241_w1,158,0.0
cam241_w1,159,0.0
cam241_w1,160,0.0
cam241_w1,161,0.0
cam241_w1,162,0.0
cam241_w1,163,0.0
cam241_w1,164,0.0
cam241_w1,165,0.0
cam241_w1,166,0.0
cam241_w1,167,0.0
cam241_w1,168,0.0
cam241_w1,169,0.07317073170731707
cam241_w1,170,0.11751662971175167
cam241_w1,171,0.12269031781226904
cam241_w1,172,0.2852919438285292
cam241_w1,173,0.43237250554323725
cam241_w1,174,0.12195121951219512
cam241_w1,175,0.3451589061345159
cam241_w1,176,0.3178122690317812
cam241_w1,177,0.0
cam241_w1,178,0.0
cam241_w1,179,0.004434589800443459
cam241_w1,180,0.0
cam241_w1,181,0.0022172949002217295
cam241_w1,182,0.012564671101256468
cam241_w1,183,0.04212860310421286
cam241_w1,184,0.0
cam241_w1,185,0.0
cam241_w1,186,0.011086474501108648
cam241_w1,187,0.0
cam241_w1,188,0.0022172949002217295
cam241_w1,189,0.0029563932002956393
cam241_w1,190,0.0066518847006651885
cam241_w1,191,0.0
cam241_w1,192,0.019955654101995565
cam241_w1,193,0.008130081300813009
cam241_w1,194,0.04582409460458241
cam241_w1,195,0.11751662971175167
cam241_w1,196,0.18255728011825573
cam241_w1,197,0.13229859571322986
cam241_w1,198,0.164079822616408
cam241_w1,199,0.017738359201773836
cam241_w1,200,0.07390983000739099
cam241_w1,201,0.059127864005912786
cam241_w1,202,0.0
cam241_w1,203,0.0
cam241_w1,204,0.0
cam241_w1,205,0.0
cam241_w1,206,0.0
cam241_w1,207,0.0
cam241_w1,208,0.0
cam241_w1,209,0.0
cam241_w1,210,0.0
cam241_w1,211,0.0
cam241_w1,212,0.005173688100517369
cam241_w1,213,0.020694752402069475
cam241_w1,214,0.038433111603843315
cam241_w1,215,0.0014781966001478197
cam241_w1,216,0.0
cam241_w1,217,0.0
cam241_w1,218,0.0
cam241_w1,219,0.0
cam241_w1,220,0.0
cam241_w1,221,0.0
cam241_w1,222,0.003695491500369549
cam241_w1,223,0.0
cam241_w1,224,0.0
cam241_w1,225,0.0
cam241_w1,226,0.0
cam241_w1,227,0.0
cam241_w1,228,0.0
cam241_w1,229,0.0
cam241_w1,230,0.0
cam241_w1,231,0.0
cam241_w1,232,0.0
cam241_w1,233,0.0
cam241_w1,234,0.0
cam241_w1,235,0.0
cam241_w1,236,0.0
cam241_w1,237,0.0
cam241_w1,238,0.031724137931034485
cam241_w1,239,0.05517241379310345
cam241_w1,240,0.19310344827586207
cam241_w1,241,0.2558620689655172
cam241_w1,242,0.08551724137931034
cam241_w1,243,0.08068965517241379
cam241_w1,244,0.12482758620689655
cam241_w1,245,0.39655172413793105
cam241_w1,246,0.36
cam241_w1,247,0.6717241379310345
cam241_w1,248,0.18482758620689654
cam241_w1,249,0.3489655172413793
cam241_w1,250,0.06758620689655172
cam241_w1,251,0.000689655172413793
cam241_w1,252,0.0
cam241_w1,253,0.011724137931034483
cam241_w1,254,0.021379310344827585
cam241_w1,255,0.011724137931034483
cam241_w1,256,0.0
cam241_w1,257,0.0
cam241_w1,258,0.0
cam241_w1,259,0.008275862068965517
cam241_w1,260,0.004827586206896552
cam241_w1,261,0.011034482758620689
cam241_w1,262,0.04
cam241_w1,263,0.000689655172413793
cam241_w1,264,0.057931034482758624
cam241_w1,265,0.14206896551724138
cam241_w1,266,0.05379310344827586
cam241_w1,267,0.15517241379310345
cam241_w1,268,0.08551724137931034
cam241_w1,269,0.04827586206896552
cam241_w1,270,0.019310344827586208
cam241_w1,271,0.05655172413793103
cam241_w1,272,0.0
cam241_w1,273,0.0020689655172413794
cam241_w1,274,0.0
cam241_w1,275,0.018620689655172412
cam241_w1,276,0.0
cam241_w1,277,0.001379310344827586
cam241_w1,278,0.0
cam241_w1,279,0.006206896551724138
cam241_w1,280,0.02
cam241_w1,281,0.08827586206896551
cam241_w1,282,0.17172413793103447
cam241_w1,283,0.04275862068965517
cam241_w1,284,0.001379310344827586
cam241_w1,285,0.0
cam241_w1,286,0.0
cam241_w1,287,0.034482758620689655
cam241_w1,288,0.0
cam241_w1,289,0.014482758620689656
cam241_w1,290,0.05517241379310345
cam241_w1,291,0.022758620689655173
cam241_w1,292,0.005517241379310344
cam241_w1,293,0.032413793103448274
cam241_w1,294,0.038620689655172416
cam241_w1,295,0.0
cam241_w1,296,0.0034482758620689655
cam241_w1,297,0.0
cam241_w1,298,0.0
cam241_w1,299,0.0
cam241_w1,300,0.0
cam241_w1,301,0.0
cam241_w1,302,0.002628120893561104
cam241_w1,303,0.0008760402978537013
cam241_w1,304,0.002628120893561104
cam241_w1,305,0.0
cam241_w1,306,0.0
cam241_w1,307,0.0
cam241_w1,308,0.003504161191414805
cam241_w1,309,0.010950503723171266
cam241_w1,310,0.01445466491458607
cam241_w1,311,0.005256241787122208
cam241_w1,312,0.06964520367936924
cam241_w1,313,0.08103372755146737
cam241_w1,314,0.13447218572054315
cam241_w1,315,0.08760402978537013
cam241_w1,316,0.18922470433639949
cam241_w1,317,0.11782742006132282
cam241_w1,318,0.3442838370565046
cam241_w1,319,0.1988611476127902
cam241_w1,320,0.14323258869908015
cam241_w1,321,0.3070521243977223
cam241_w1,322,0.060008760402978534
cam241_w1,323,0.10249671484888305
cam241_w1,324,0.25229960578186594
cam241_w1,325,0.15681121331581252
cam241_w1,326,0.04204993429697766
cam241_w1,327,0.021901007446342532
cam241_w1,328,0.04555409548839247
cam241_w1,329,0.07446342531756461
cam241_w1,330,0.22820849759088918
cam241_w1,331,0.15505913272010513
cam241_w1,332,0.04774419623302672
cam241_w1,333,0.07840560665790626
cam241_w1,334,0.09154621112571178
cam241_w1,335,0.006570302233902759
cam241_w1,336,0.006570302233902759
cam241_w1,337,0.1471747700394218
cam241_w1,338,0.024529128339903637
cam241_w1,339,0.08103372755146737
cam241_w1,340,0.025843188786684186
cam241_w1,341,0.0
cam241_w1,342,0.016644765659220323
cam241_w1,343,0.023653088042049936
cam241_w1,344,0.03723171265878231
cam241_w1,345,0.018396846254927726
cam241_w1,346,0.1366622864651774
cam241_w1,347,0.09067017082785808
cam241_w1,348,0.6259307928164696
cam241_w1,349,0.017958826106000875
cam241_w1,350,0.0
cam241_w1,351,0.05913272010512484
cam241_w1,352,0.059570740254051686
cam241_w1,353,0.08059570740254052
cam241_w1,354,0.029347349978098992
cam241_w1,355,0.009198423127463863
cam241_w1,356,0.2829610162067455
cam241_w1,357,0.5247481384143671
cam241_w1,358,0.17608409986859397
cam241_w1,359,0.4629872974156811
cam241_w1,360,0.24091108190976784
cam241_w1,361,0.2518615856329391
cam241_w1,362,0.01401664476565922
cam241_w1,363,0.033289531318440646
cam241_w1,364,0.002628120893561104
cam241_w1,365,0.010950503723171266
cam241_w1,366,0.01401664476565922
cam241_w1,367,0.017520805957074025
cam241_w1,368,0.06482698204117389
cam241_w1,369,0.03153745072273324
cam241_w1,370,0.009636443276390714
cam241_w1,371,0.06219886114761279
cam241_w1,372,0.08147174770039421
cam241_w1,373,0.11782742006132282
cam241_w1,374,0.07840560665790626
cam241_w1,375,0.08804204993429698
cam245_w3,1,0.0
cam245_w3,2,0.0
cam245_w3,3,0.0
cam245_w3,4,0.0
cam245_w3,5,0.012924071082390954
cam245_w3,6,0.0
cam245_w3,7,0.04792676359719979
cam245_w3,8,0.0
cam245_w3,9,0.0
cam245_w3,10,0.007000538502961767
cam245_w3,11,0.05277329025309639
cam245_w3,12,0.0032310177705977385
cam245_w3,13,0.07646742057081314
cam245_w3,14,0.004846526655896607
cam245_w3,15,0.0
cam245_w3,16,0.0
cam245_w3,17,0.0
cam245_w3,18,0.2730210016155089
cam245_w3,19,0.11416262789445342
cam245_w3,20,0.10123855681206247
cam245_w3,21,0.09316101238556812
cam245_w3,22,0.0010770059235325794
cam245_w3,23,0.0
cam245_w3,24,0.03231017770597738
cam245_w3,25,0.04738826063543349
cam245_w3,26,0.0
cam245_w3,27,0.012385568120624663
cam245_w3,28,0.49326871297792135
cam245_w3,29,0.13731825525040386
cam245_w3,30,0.42326332794830374
cam245_w3,31,0.14808831448572968
cam245_w3,32,0.08723747980613894
cam245_w3,33,0.0032310177705977385
cam245_w3,34,0.004846526655896607
cam245_w3,35,0.008616047388260635
cam245_w3,36,0.03715670436187399
cam245_w3,37,0.005385029617662897
cam245_w3,38,0.0
cam245_w3,39,0.0
cam245_w3,40,0.014539579967689823
cam245_w3,41,0.0026925148088314485
cam245_w3,42,0.015616585891222402
cam245_w3,43,0.0732364028002154
cam245_w3,44,0.023155627355950458
cam245_w3,45,0.1050080775444265
cam245_w3,46,0.1583198707592892
cam245_w3,47,0.17609046849757673
cam245_w3,48,0.3607969843834141
cam245_w3,49,0.5955842757135165
cam245_w3,50,0.5950457727517501
cam245_w3,51,0.053850296176628974
cam245_w3,52,0.3559504577275175
cam245_w3,53,0.0840064620355412
cam245_w3,54,0.06408185245018848
cam245_w3,55,0.2143241787829833
cam245_w3,56,0.005385029617662897
cam245_w3,57,0.07754442649434572
cam245_w3,58,0.017770597738287562
cam245_w3,59,0.16585891222401722
cam245_w3,60,0.2460958535271944
cam245_w3,61,0.010231556273559504
cam245_w3,62,0.0
cam245_w3,63,0.004846526655896607
cam245_w3,64,0.007539041464728056
cam245_w3,65,0.0
cam245_w3,66,0.0
cam245_w3,67,0.011308562197092083
cam245_w3,68,0.026925148088314487
cam245_w3,69,0.028540656973613354
cam245_w3,70,0.0420032310177706
cam245_w3,71,0.0
cam245_w3,72,0.0
cam245_w3,73,0.0
cam245_w3,74,0.0
cam245_w3,75,0.0
cam245_w3,76,0.0
cam245_w3,77,0.0
cam245_w3,78,0.0
cam245_w3,79,0.0
cam245_w3,80,0.0
cam245_w3,81,0.0
cam245_w3,82,0.0
cam245_w3,83,0.0
cam245_w3,84,0.0
cam245_w3,85,0.0
cam245_w3,86,0.0
cam245_w3,87,0.0
cam245_w3,88,0.04929051530993279
cam245_w3,89,0.0
cam245_w3,90,0.0
cam245_w3,91,0.0
cam245_w3,92,0.0
cam245_w3,93,0.0
cam245_w3,94,0.0022404779686333084
cam245_w3,95,0.1463778939507095
cam245_w3,96,0.40627333831217327
cam245_w3,97,0.34204630321135177
cam245_w3,98,0.35847647498132934
cam245_w3,99,0.0642270351008215
cam245_w3,100,0.010455563853622106
cam245_w3,101,0.00597460791635549
cam245_w3,102,0.035847647498132934
cam245_w3,103,0.11650485436893204
cam245_w3,104,0.3905899925317401
cam245_w3,105,0.19118745332337567
cam245_w3,106,0.3719193427931292
cam245_w3,107,0.537714712471994
cam245_w3,108,0.0
cam245_w3,109,0.0
cam245_w3,110,0.0
cam245_w3,111,0.0
cam245_w3,112,0.0074682598954443615
cam245_w3,113,0.009708737864077669
cam245_w3,114,0.0
cam245_w3,115,0.0
cam245_w3,116,0.0014936519790888724
cam245_w3,117,0.1053024645257655
cam245_w3,118,0.22554144884241972
cam245_w3,119,0.005227781926811053
cam245_w3,120,0.08065720687079911
cam245_w3,121,0.0537714712471994
cam245_w3,122,0.03136669156086632
cam245_w3,123,0.002987303958177745
cam245_w3,124,0.0
cam245_w3,125,0.004480955937266617
cam245_w3,126,0.0
cam245_w3,127,0.0
cam245_w3,128,0.0
cam245_w3,129,0.0
cam245_w3,130,0.0
cam245_w3,131,0.0
cam245_w3,132,0.0
cam245_w3,133,0.0
cam245_w3,134,0.0
cam245_w3,135,0.0
cam245_w3,136,0.0
cam245_w3,137,0.0014936519790888724
cam245_w3,138,0.0
cam245_w3,139,0.0
cam245_w3,140,0.0007468259895444362
cam245_w3,141,0.0037341299477221808
cam245_w3,142,0.004480955937266617
cam245_w3,143,0.05078416728902166
cam245_w3,144,0.012696041822255415
cam245_w3,145,0.020911127707244213
cam245_w3,146,0.020911127707244213
cam245_w3,147,0.0
cam245_w3,148,0.014189693801344288
cam245_w3,149,0.0022404779686333084
cam245_w3,150,0.0
cam245_w3,151,0.0
cam245_w3,152,0.0
cam245_w3,153,0.0
cam245_w3,154,0.0
cam245_w3,155,0.0
cam245_w3,156,0.0
cam245_w3,157,0.0
cam245_w3,158,0.0
cam245_w3,159,0.0
cam245_w3,160,0.0
cam245_w3,161,0.0
cam245_w3,162,0.0
cam245_w3,163,0.00392156862745098
cam245_w3,164,0.0
cam245_w3,165,0.0
cam245_w3,166,0.0
cam245_w3,167,0.0
cam245_w3,168,0.0
cam245_w3,169,0.000784313725490196
cam245_w3,170,0.013333333333333334
cam245_w3,171,0.0203921568627451
cam245_w3,172,0.009411764705882352
cam245_w3,173,0.07529411764705882
cam245_w3,174,0.10666666666666667
cam245_w3,175,0.11843137254901961
cam245_w3,176,0.03764705882352941
cam245_w3,177,0.0596078431372549
cam245_w3,178,0.058823529411764705
cam245_w3,179,0.3780392156862745
cam245_w3,180,0.04784313725490196
cam245_w3,181,0.08313725490196078
cam245_w3,182,0.1349019607843137
cam245_w3,183,0.13568627450980392
cam245_w3,184,0.09803921568627451
cam245_w3,185,0.1011764705882353
cam245_w3,186,0.006274509803921568
cam245_w3,187,0.014901960784313726
cam245_w3,188,0.08941176470588236
cam245_w3,189,0.07294117647058823
cam245_w3,190,0.07372549019607844
cam245_w3,191,0.08627450980392157
cam245_w3,192,0.04549019607843137
cam245_w3,193,0.21019607843137256
cam245_w3,194,0.1027450980392157
cam245_w3,195,0.2407843137254902
cam245_w3,196,0.3968627450980392
cam245_w3,197,0.1952941176470588
cam245_w3,198,0.5152941176470588
cam245_w3,199,0.4611764705882353
cam245_w3,200,0.30117647058823527
cam245_w3,201,0.10431372549019607
cam245_w3,202,0.0392156862745098
cam245_w3,203,0.15058823529411763
cam245_w3,204,0.18980392156862744
cam245_w3,205,0.000784313725490196
cam245_w3,206,0.10901960784313726
cam245_w3,207,0.009411764705882352
cam245_w3,208,0.0196078431372549
cam245_w3,209,0.01019607843137255
cam245_w3,210,0.021176470588235293
cam245_w3,211,0.011764705882352941
cam245_w3,212,0.0
cam245_w3,213,0.0
cam245_w3,214,0.010980392156862745
cam245_w3,215,0.00392156862745098
cam245_w3,216,0.0392156862745098
cam245_w3,217,0.03058823529411765
cam245_w3,218,0.0
cam245_w3,219,0.004705882352941176
cam245_w3,220,0.0
cam245_w3,221,0.0
cam245_w3,222,0.0
cam245_w3,223,0.0
cam245_w3,224,0.0
cam245_w3,225,0.0
cam245_w3,226,0.0
cam245_w3,227,0.0
cam245_w3,228,0.0
cam245_w3,229,0.0
cam245_w3,230,0.0
cam245_w3,231,0.0
cam245_w3,232,0.0
cam245_w3,233,0.015513897866839044
cam245_w3,234,0.003232062055591467
cam245_w3,235,0.014221073044602456
cam245_w3,236,0.0
cam245_w3,237,0.0
cam245_w3,238,0.012928248222365869
cam245_w3,239,0.03232062055591468
cam245_w3,240,0.011635423400129283
cam245_w3,241,0.04460245636716225
cam245_w3,242,0.07045895281189399
cam245_w3,243,0.10084033613445378
cam245_w3,244,0.07045895281189399
cam245_w3,245,0.11441499676793794
cam245_w3,246,0.17129928894634777
cam245_w3,247,0.12217194570135746
cam245_w3,248,0.10148674854557208
cam245_w3,249,0.10148674854557208
cam245_w3,250,0.35100193923723333
cam245_w3,251,0.28248222365869424
cam245_w3,252,0.01616031027795734
cam245_w3,253,0.0989010989010989
cam245_w3,254,0.0698125404007757
cam245_w3,255,0.07304460245636717
cam245_w3,256,0.08209437621202327
cam245_w3,257,0.04330963154492566
cam245_w3,258,0.0
cam245_w3,259,0.029734970911441498
cam245_w3,260,0.007110536522301228
cam245_w3,261,0.001292824822236587
cam245_w3,262,0.01616031027795734
cam245_w3,263,0.001292824822236587
cam245_w3,264,0.02068519715578539
cam245_w3,265,0.023917259211376857
cam245_w3,266,0.02068519715578539
cam245_w3,267,0.051712992889463474
cam245_w3,268,0.18487394957983194
cam245_w3,269,0.11376858435681965
cam245_w3,270,0.16612798965740141
cam245_w3,271,0.0
cam245_w3,272,0.027795733678086618
cam245_w3,273,0.023270846800258566
cam245_w3,274,0.015513897866839044
cam245_w3,275,0.0
cam245_w3,276,0.011635423400129283
cam245_w3,277,0.005171299288946348
cam245_w3,278,0.0200387847446671
cam245_w3,279,0.0
cam245_w3,280,0.0
cam245_w3,281,0.01616031027795734
cam245_w3,282,0.04848093083387201
cam245_w3,283,0.0982546864899806
cam245_w3,284,0.03425985778926956
cam245_w3,285,0.007110536522301228
cam245_w3,286,0.0
cam245_w3,287,0.0
cam245_w3,288,0.003232062055591467
cam245_w3,289,0.0
cam245_w3,290,0.013574660633484163
cam245_w3,291,0.04589528118939883
cam245_w3,292,0.03684550743374273
cam245_w3,293,0.029088558500323207
cam245_w3,294,0.0
cam245_w3,295,0.0
cam245_w3,296,0.0
cam245_w3,297,0.0
cam245_w3,298,0.0
cam245_w3,299,0.0
cam245_w3,300,0.0
cam245_w3,301,0.0
cam245_w3,302,0.0
cam245_w3,303,0.0
cam245_w3,304,0.0
cam245_w3,305,0.008315098468271335
cam245_w3,306,0.01225382932166302
cam245_w3,307,0.008315098468271335
cam245_w3,308,0.0175054704595186
cam245_w3,309,0.002188183807439825
cam245_w3,310,0.01925601750547046
cam245_w3,311,0.03894967177242888
cam245_w3,312,0.023194748358862146
cam245_w3,313,0.037636761487964986
cam245_w3,314,0.022319474835886213
cam245_w3,315,0.06345733041575492
cam245_w3,316,0.030196936542669583
cam245_w3,317,0.20218818380743983
cam245_w3,318,0.07964989059080962
cam245_w3,319,0.08927789934354485
cam245_w3,320,0.11684901531728666
cam245_w3,321,0.12078774617067833
cam245_w3,322,0.20919037199124726
cam245_w3,323,0.11816192560175055
cam245_w3,324,0.23807439824945295
cam245_w3,325,0.20087527352297593
cam245_w3,326,0.1527352297592998
cam245_w3,327,0.13654266958424507
cam245_w3,328,0.3452954048140044
cam245_w3,329,0.12647702407002187
cam245_w3,330,0.17024070021881837
cam245_w3,331,0.09890590809628008
cam245_w3,332,0.11859956236323851
cam245_w3,333,0.05908096280087528
cam245_w3,334,0.04901531728665208
cam245_w3,335,0.017943107221006564
cam245_w3,336,0.02888402625820569
cam245_w3,337,0.004814004376367615
cam245_w3,338,0.035448577680525166
cam245_w3,339,0.028446389496717725
cam245_w3,340,0.04814004376367615
cam245_w3,341,0.07702407002188184
cam245_w3,342,0.10065645514223195
cam245_w3,343,0.12078774617067833
cam245_w3,344,0.09584245076586433
cam245_w3,345,0.06783369803063458
cam245_w3,346,0.022757111597374178
cam245_w3,347,0.07614879649890591
cam245_w3,348,0.044201312910284465
cam245_w3,349,0.03894967177242888
cam245_w3,350,0.061706783369803064
cam245_w3,351,0.020568927789934355
cam245_w3,352,0.10897155361050329
cam245_w3,353,0.11903719912472648
cam245_w3,354,0.07439824945295405
cam245_w3,355,0.22975929978118162
cam245_w3,356,0.19737417943107222
cam245_w3,357,0.10678336980306345
cam245_w3,358,0.18555798687089717
cam245_w3,359,0.03282275711159737
cam245_w3,360,0.09277899343544858
cam245_w3,361,0.04770240700218818
cam245_w3,362,0.02888402625820569
cam245_w3,363,0.0962800875273523
cam245_w3,364,0.03413566739606127
cam245_w3,365,0.016192560175054705
cam245_w3,366,0.00612691466083151
cam245_w3,367,0.017067833698030634
cam245_w3,368,0.014442013129102845
cam245_w3,369,0.07571115973741795
cam245_w3,370,0.0
cam245_w3,371,0.020568927789934355
cam245_w3,372,0.04638949671772429
cam245_w3,373,0.03413566739606127
cam245_w3,374,0.045076586433260395
cam245_w3,375,0.019693654266958426
cam302_w3,1,0.0
cam302_w3,2,0.0
cam302_w3,3,0.0
cam302_w3,4,0.0
cam302_w3,5,0.01417004048582996
cam302_w3,6,0.008771929824561403
cam302_w3,7,0.0
cam302_w3,8,0.0
cam302_w3,9,0.18556005398110662
cam302_w3,10,0.05465587044534413
cam302_w3,11,0.0
cam302_w3,12,0.2854251012145749
cam302_w3,13,0.029689608636977057
cam302_w3,14,0.3657219973009447
cam302_w3,15,0.021592442645074223
cam302_w3,16,0.39946018893387314
cam302_w3,17,0.5843454790823212
cam302_w3,18,0.21120107962213225
cam302_w3,19,0.21862348178137653
cam302_w3,20,0.019568151147098516
cam302_w3,21,0.645748987854251
cam302_w3,22,0.32186234817813764
cam302_w3,23,0.20040485829959515
cam302_w3,24,0.5229419703103914
cam302_w3,25,0.5006747638326585
cam302_w3,26,0.6120107962213225
cam302_w3,27,0.597165991902834
cam302_w3,28,0.7807017543859649
cam302_w3,29,0.7557354925775979
cam302_w3,30,0.6916329284750338
cam302_w3,31,0.5310391363022942
cam302_w3,32,0.16936572199730093
cam302_w3,33,0.06882591093117409
cam302_w3,34,0.3475033738191633
cam302_w3,35,0.7753036437246964
cam302_w3,36,0.36774628879892035
cam302_w3,37,0.17611336032388664
cam302_w3,38,0.5492577597840755
cam302_w3,39,0.0
cam302_w3,40,0.0
cam302_w3,41,0.0006747638326585695
cam302_w3,42,0.0
cam302_w3,43,0.0
cam302_w3,44,0.0
cam302_w3,45,0.0
cam302_w3,46,0.30701754385964913
cam302_w3,47,0.008097165991902834
cam302_w3,48,0.0
cam302_w3,49,0.032388663967611336
cam302_w3,50,0.012145748987854251
cam302_w3,51,0.06882591093117409
cam302_w3,52,0.0
cam302_w3,53,0.0033738191632928477
cam302_w3,54,0.0
cam302_w3,55,0.019568151147098516
cam302_w3,56,0.018218623481781375
cam302_w3,57,0.08029689608636977
cam302_w3,58,0.03171390013495277
cam302_w3,59,0.1106612685560054
cam302_w3,60,0.11201079622132254
cam302_w3,61,0.11808367071524967
cam302_w3,62,0.0020242914979757085
cam302_w3,63,0.049257759784075573
cam302_w3,64,0.0
cam302_w3,65,0.0
cam302_w3,66,0.001349527665317139
cam302_w3,67,0.0
cam302_w3,68,0.008097165991902834
cam302_w3,69,0.0155195681511471
cam302_w3,70,0.010796221322537112
cam302_w3,71,0.006072874493927126
cam302_w3,72,0.007422402159244264
cam302_w3,73,0.0
cam302_w3,74,0.0
cam302_w3,75,0.0
cam302_w3,76,0.0
cam302_w3,77,0.0
cam302_w3,78,0.0
cam302_w3,79,0.0
cam302_w3,80,0.0
cam302_w3,81,0.0
cam302_w3,82,0.0
cam302_w3,83,0.0
cam302_w3,84,0.0
cam302_w3,85,0.0
cam302_w3,86,0.0
cam302_w3,87,0.0
cam302_w3,88,0.0
cam302_w3,89,0.0
cam302_w3,90,0.0
cam302_w3,91,0.05894308943089431
cam302_w3,92,0.0
cam302_w3,93,0.18292682926829268
cam302_w3,94,0.05386178861788618
cam302_w3,95,0.027439024390243903
cam302_w3,96,0.054878048780487805
cam302_w3,97,0.3130081300813008
cam302_w3,98,0.23983739837398374
cam302_w3,99,0.14532520325203252
cam302_w3,100,0.0
cam302_w3,101,0.29471544715447157
cam302_w3,102,0.1951219512195122
cam302_w3,103,0.717479674796748
cam302_w3,104,0.741869918699187
cam302_w3,105,0.49390243902439024
cam302_w3,106,0.8323170731707317
cam302_w3,107,0.6392276422764228
cam302_w3,108,0.8577235772357723
cam302_w3,109,0.4898373983739837
cam302_w3,110,0.19308943089430894
cam302_w3,111,0.01016260162601626
cam302_w3,112,0.9329268292682927
cam302_w3,113,0.6991869918699187
cam302_w3,114,0.08638211382113821
cam302_w3,115,0.22459349593495934
cam302_w3,116,0.5254065040650406
cam302_w3,117,0.0
cam302_w3,118,0.0
cam302_w3,119,0.0
cam302_w3,120,0.0
cam302_w3,121,0.0
cam302_w3,122,0.0
cam302_w3,123,0.0
cam302_w3,124,0.0
cam302_w3,125,0.0
cam302_w3,126,0.0
cam302_w3,127,0.027439024390243903
cam302_w3,128,0.034552845528455285
cam302_w3,129,0.0
cam302_w3,130,0.0
cam302_w3,131,0.0
cam302_w3,132,0.0
cam302_w3,133,0.0
cam302_w3,134,0.0
cam302_w3,135,0.0
cam302_w3,136,0.0
cam302_w3,137,0.0
cam302_w3,138,0.0
cam302_w3,139,0.0
cam302_w3,140,0.0
cam302_w3,141,0.006097560975609756
cam302_w3,142,0.023373983739837397
cam302_w3,143,0.11382113821138211
cam302_w3,144,0.0
cam302_w3,145,0.0040650406504065045
cam302_w3,146,0.0
cam302_w3,147,0.0
cam302_w3,148,0.0
cam302_w3,149,0.0
cam302_w3,150,0.0
cam302_w3,151,0.0
cam302_w3,152,0.0
cam302_w3,153,0.0
cam302_w3,154,0.0
cam302_w3,155,0.0
cam302_w3,156,0.0025996533795493936
cam302_w3,157,0.0
cam302_w3,158,0.0
cam302_w3,159,0.0
cam302_w3,160,0.0
cam302_w3,161,0.0034662045060658577
cam302_w3,162,0.0
cam302_w3,163,0.0
cam302_w3,164,0.0
cam302_w3,165,0.02512998266897747
cam302_w3,166,0.0
cam302_w3,167,0.005199306759098787
cam302_w3,168,0.0
cam302_w3,169,0.0017331022530329288
cam302_w3,170,0.0025996533795493936
cam302_w3,171,0.08665511265164645
cam302_w3,172,0.10918544194107452
cam302_w3,173,0.13258232235701906
cam302_w3,174,0.3197573656845754
cam302_w3,175,0.43154246100519933
cam302_w3,176,0.08405545927209705
cam302_w3,177,0.4809358752166378
cam302_w3,178,0.1681109185441941
cam302_w3,179,0.08232235701906412
cam302_w3,180,0.00779896013864818
cam302_w3,181,0.016464471403812825
cam302_w3,182,0.006065857885615251
cam302_w3,183,0.1733102253032929
cam302_w3,184,0.31022530329289427
cam302_w3,185,0.2902946273830156
cam302_w3,186,0.1559792027729636
cam302_w3,187,0.5164644714038128
cam302_w3,188,0.07365684575389948
cam302_w3,189,0.05199306759098787
cam302_w3,190,0.24523396880415946
cam302_w3,191,0.4246100519930676
cam302_w3,192,0.33708838821490467
cam302_w3,193,0.42114384748700173
cam302_w3,194,0.0
cam302_w3,195,0.0
cam302_w3,196,0.006065857885615251
cam302_w3,197,0.0
cam302_w3,198,0.010398613518197574
cam302_w3,199,0.0
cam302_w3,200,0.0008665511265164644
cam302_w3,201,0.0
cam302_w3,202,0.02079722703639515
cam302_w3,203,0.006932409012131715
cam302_w3,204,0.0
cam302_w3,205,0.006065857885615251
cam302_w3,206,0.0
cam302_w3,207,0.0
cam302_w3,208,0.0
cam302_w3,209,0.0
cam302_w3,210,0.0
cam302_w3,211,0.0
cam302_w3,212,0.0
cam302_w3,213,0.0
cam302_w3,214,0.0
cam302_w3,215,0.010398613518197574
cam302_w3,216,0.009532062391681109
cam302_w3,217,0.0
cam302_w3,218,0.0
cam302_w3,219,0.0
cam302_w3,220,0.0
cam302_w3,221,0.0
cam302_w3,222,0.009532062391681109
cam302_w3,223,0.0
cam302_w3,224,0.0
cam302_w3,225,0.0
cam302_w3,226,0.0
cam302_w3,227,0.0
cam302_w3,228,0.0
cam302_w3,229,0.0
cam302_w3,230,0.0
cam302_w3,231,0.0
cam302_w3,232,0.0034059945504087193
cam302_w3,233,0.0
cam302_w3,234,0.07561307901907358
cam302_w3,235,0.03337874659400545
cam302_w3,236,0.0
cam302_w3,237,0.0
cam302_w3,238,0.0
cam302_w3,239,0.0
cam302_w3,240,0.0034059945504087193
cam302_w3,241,0.0006811989100817438
cam302_w3,242,0.0
cam302_w3,243,0.0006811989100817438
cam302_w3,244,0.0
cam302_w3,245,0.02316076294277929
cam302_w3,246,0.0020435967302452314
cam302_w3,247,0.004768392370572207
cam302_w3,248,0.01907356948228883
cam302_w3,249,0.06607629427792916
cam302_w3,250,0.167574931880109
cam302_w3,251,0.03474114441416894
cam302_w3,252,0.11852861035422343
cam302_w3,253,0.02452316076294278
cam302_w3,254,0.23978201634877383
cam302_w3,255,0.010899182561307902
cam302_w3,256,0.05653950953678474
cam302_w3,257,0.01907356948228883
cam302_w3,258,0.007493188010899182
cam302_w3,259,0.0170299727520436
cam302_w3,260,0.4952316076294278
cam302_w3,261,0.0034059945504087193
cam302_w3,262,0.49182561307901906
cam302_w3,263,0.05722070844686648
cam302_w3,264,0.010899182561307902
cam302_w3,265,0.014986376021798364
cam302_w3,266,0.07629427792915532
cam302_w3,267,0.07425068119891008
cam302_w3,268,0.35626702997275206
cam302_w3,269,0.007493188010899182
cam302_w3,270,0.004768392370572207
cam302_w3,271,0.0034059945504087193
cam302_w3,272,0.0
cam302_w3,273,0.01907356948228883
cam302_w3,274,0.0034059945504087193
cam302_w3,275,0.006130790190735695
cam302_w3,276,0.0
cam302_w3,277,0.0020435967302452314
cam302_w3,278,0.048365122615803814
cam302_w3,279,0.005449591280653951
cam302_w3,280,0.04427792915531335
cam302_w3,281,0.047683923705722074
cam302_w3,282,0.05040871934604905
cam302_w3,283,0.03746594005449591
cam302_w3,284,0.004087193460490463
cam302_w3,285,0.04904632152588556
cam302_w3,286,0.02316076294277929
cam302_w3,287,0.014986376021798364
cam302_w3,288,0.012942779291553134
cam302_w3,289,0.0
cam302_w3,290,0.01226158038147139
cam302_w3,291,0.006130790190735695
cam302_w3,292,0.022479564032697547
cam302_w3,293,0.006811989100817439
cam302_w3,294,0.015667574931880108
cam302_w3,295,0.030653950953678476
cam302_w3,296,0.0020435967302452314
cam302_w3,297,0.0
cam302_w3,298,0.0006811989100817438
cam302_w3,299,0.005449591280653951
cam302_w3,300,0.0
cam302_w3,301,0.0026490066225165563
cam302_w3,302,0.0
cam302_w3,303,0.0
cam302_w3,304,0.0
cam302_w3,305,0.0
cam302_w3,306,0.0
cam302_w3,307,0.0
cam302_w3,308,0.0
cam302_w3,309,0.0
cam302_w3,310,0.0
cam302_w3,311,0.0
cam302_w3,312,0.0026490066225165563
cam302_w3,313,0.0004415011037527594
cam302_w3,314,0.0026490066225165563
cam302_w3,315,0.0026490066225165563
cam302_w3,316,0.031788079470198675
cam302_w3,317,0.004856512141280353
cam302_w3,318,0.003973509933774834
cam302_w3,319,0.02075055187637969
cam302_w3,320,0.031788079470198675
cam302_w3,321,0.051655629139072845
cam302_w3,322,0.04105960264900662
cam302_w3,323,0.05695364238410596
cam302_w3,324,0.047240618101545256
cam302_w3,325,0.02119205298013245
cam302_w3,326,0.14437086092715232
cam302_w3,327,0.015894039735099338
cam302_w3,328,0.14657836644591613
cam302_w3,329,0.08962472406181016
cam302_w3,330,0.25342163355408387
cam302_w3,331,0.45916114790286977
cam302_w3,332,0.3408388520971302
cam302_w3,333,0.22428256070640176
cam302_w3,334,0.44370860927152317
cam302_w3,335,0.008388520971302429
cam302_w3,336,0.21324503311258278
cam302_w3,337,0.039293598233995586
cam302_w3,338,0.0772626931567329
cam302_w3,339,0.1152317880794702
cam302_w3,340,0.13289183222958056
cam302_w3,341,0.031788079470198675
cam302_w3,342,0.14392935982339955
cam302_w3,343,0.35496688741721855
cam302_w3,344,0.1421633554083885
cam302_w3,345,0.05121412803532009
cam302_w3,346,0.0013245033112582781
cam302_w3,347,0.0008830022075055188
cam302_w3,348,0.03576158940397351
cam302_w3,349,0.28962472406181017
cam302_w3,350,0.006181015452538631
cam302_w3,351,0.0
cam302_w3,352,0.00706401766004415
cam302_w3,353,0.004856512141280353
cam302_w3,354,0.024724061810154525
cam302_w3,355,0.004415011037527594
cam302_w3,356,0.038852097130242826
cam302_w3,357,0.018101545253863136
cam302_w3,358,0.10728476821192053
cam302_w3,359,0.0640176600441501
cam302_w3,360,0.03620309050772627
cam302_w3,361,0.10463576158940398
cam302_w3,362,0.09448123620309051
cam302_w3,363,0.20044150110375275
cam302_w3,364,0.23311258278145697
cam302_w3,365,0.13995584988962473
cam302_w3,366,0.010154525386313467
cam302_w3,367,0.09448123620309051
cam302_w3,368,0.039293598233995586
cam302_w3,369,0.030022075055187638
cam302_w3,370,0.0781456953642384
cam302_w3,371,0.28300220750551874
cam302_w3,372,0.0282560706401766
cam302_w3,373,0.1827814569536424
cam302_w3,374,0.006622516556291391
cam302_w3,375,0.023399558498896248
cam302_w4,1,0.02655367231638418
cam302_w4,2,0.0
cam302_w4,3,0.0
cam302_w4,4,0.04576271186440678
cam302_w4,5,0.1016949152542373
cam302_w4,6,0.16214689265536722
cam302_w4,7,0.0
cam302_w4,8,0.07853107344632769
cam302_w4,9,0.18192090395480226
cam302_w4,10,0.42598870056497173
cam302_w4,11,0.0192090395480226
cam302_w4,12,0.0
cam302_w4,13,0.0
cam302_w4,14,0.0
cam302_w4,15,0.0
cam302_w4,16,0.0
cam302_w4,17,0.0
cam302_w4,18,0.00903954802259887
cam302_w4,19,0.22259887005649717
cam302_w4,20,0.00903954802259887
cam302_w4,21,0.2062146892655367
cam302_w4,22,0.03559322033898305
cam302_w4,23,0.3649717514124294
cam302_w4,24,0.18361581920903955
cam302_w4,25,0.4406779661016949
cam302_w4,26,0.6242937853107344
cam302_w4,27,0.20112994350282487
cam302_w4,28,0.1943502824858757
cam302_w4,29,0.07005649717514124
cam302_w4,30,0.03446327683615819
cam302_w4,31,0.0
cam302_w4,32,0.48700564971751414
cam302_w4,33,0.24293785310734464
cam302_w4,34,0.47231638418079097
cam302_w4,35,0.7028248587570621
cam302_w4,36,0.3135593220338983
cam302_w4,37,0.196045197740113
cam302_w4,38,0.4423728813559322
cam302_w4,39,0.10847457627118644
cam302_w4,40,0.39096045197740115
cam302_w4,41,0.10338983050847457
cam302_w4,42,0.10677966101694915
cam302_w4,43,0.19322033898305085
cam302_w4,44,0.011299435028248588
cam302_w4,45,0.0
cam302_w4,46,0.01807909604519774
cam302_w4,47,0.21694915254237288
cam302_w4,48,0.07401129943502825
cam302_w4,49,0.0
cam302_w4,50,0.010734463276836158
cam302_w4,51,0.02824858757062147
cam302_w4,52,0.02598870056497175
cam302_w4,53,0.04180790960451977
cam302_w4,54,0.12994350282485875
cam302_w4,55,0.04293785310734463
cam302_w4,56,0.01751412429378531
cam302_w4,57,0.0288135593220339
cam302_w4,58,0.0
cam302_w4,59,0.0062146892655367235
cam302_w4,60,0.0
cam302_w4,61,0.001694915254237288
cam302_w4,62,0.0022598870056497176
cam302_w4,63,0.07175141242937853
cam302_w4,64,0.03446327683615819
cam302_w4,65,0.1096045197740113
cam302_w4,66,0.09661016949152543
cam302_w4,67,0.013559322033898305
cam302_w4,68,0.0
cam302_w4,69,0.0655367231638418
cam302_w4,70,0.3711864406779661
cam302_w4,71,0.0
cam302_w4,72,0.0
cam302_w4,73,0.0
cam302_w4,74,0.0
cam302_w4,75,0.0
cam302_w4,76,0.0
cam302_w4,77,0.0
cam302_w4,78,0.0
cam302_w4,79,0.0
cam302_w4,80,0.0
cam302_w4,81,0.0
cam302_w4,82,0.0
cam302_w4,83,0.0
cam302_w4,84,0.0
cam302_w4,85,0.0
cam302_w4,86,0.0494641384995878
cam302_w4,87,0.0898598516075845
cam302_w4,88,0.0032976092333058533
cam302_w4,89,0.08903544929925804
cam302_w4,90,0.07749381698268755
cam302_w4,91,0.06100577081615829
cam302_w4,92,0.4237427864798021
cam302_w4,93,0.0
cam302_w4,94,0.0
cam302_w4,95,0.00741962077493817
cam302_w4,96,0.010717230008244023
cam302_w4,97,0.5127782357790602
cam302_w4,98,0.3792250618301731
cam302_w4,99,0.6306677658697445
cam302_w4,100,0.7980214344600165
cam302_w4,101,0.6521022258862325
cam302_w4,102,0.403957131079967
cam302_w4,103,0.1574608408903545
cam302_w4,104,0.7642209398186315
cam302_w4,105,0.5193734542456719
cam302_w4,106,0.3173948887056884
cam302_w4,107,0.0
cam302_w4,108,0.006595218466611707
cam302_w4,109,0.0016488046166529267
cam302_w4,110,0.018136850783182192
cam302_w4,111,0.010717230008244023
cam302_w4,112,0.018961253091508656
cam302_w4,113,0.00247320692497939
cam302_w4,114,0.0
cam302_w4,115,0.12530915086562242
cam302_w4,116,0.028029678483099753
cam302_w4,117,0.5127782357790602
cam302_w4,118,0.14509480626545754
cam302_w4,119,0.38582028029678483
cam302_w4,120,0.5119538334707338
cam302_w4,121,0.4971145919208574
cam302_w4,122,0.00494641384995878
cam302_w4,123,0.00247320692497939
cam302_w4,124,0.2737015663643858
cam302_w4,125,0.6545754328112119
cam302_w4,126,0.0
cam302_w4,127,0.028854080791426217
cam302_w4,128,0.6372629843363561
cam302_w4,129,0.38582028029678483
cam302_w4,130,0.00741962077493817
cam302_w4,131,0.010717230008244023
cam302_w4,132,0.01483924154987634
cam302_w4,133,0.00989282769991756
cam302_w4,134,0.0
cam302_w4,135,0.0
cam302_w4,136,0.0016488046166529267
cam302_w4,137,0.01236603462489695
cam302_w4,138,0.0
cam302_w4,139,0.0
cam302_w4,140,0.018961253091508656
cam302_w4,141,0.05193734542456719
cam302_w4,142,0.07914262159934048
cam302_w4,143,0.018961253091508656
cam302_w4,144,0.0
cam302_w4,145,0.00989282769991756
cam302_w4,146,0.00247320692497939
cam302_w4,147,0.0
cam302_w4,148,0.0
cam302_w4,149,0.0
cam302_w4,150,0.0
cam302_w4,151,0.0
cam302_w4,152,0.0
cam302_w4,153,0.0
cam302_w4,154,0.0
cam302_w4,155,0.005723630417007359
cam302_w4,156,0.0
cam302_w4,157,0.0
cam302_w4,158,0.0
cam302_w4,159,0.0
cam302_w4,160,0.12428454619787407
cam302_w4,161,0.0
cam302_w4,162,0.0
cam302_w4,163,0.0
cam302_w4,164,0.0
cam302_w4,165,0.06623058053965658
cam302_w4,166,0.0
cam302_w4,167,0.0
cam302_w4,168,0.2714636140637776
cam302_w4,169,0.1267375306623058
cam302_w4,170,0.0
cam302_w4,171,0.3082583810302535
cam302_w4,172,0.7563368765331153
cam302_w4,173,0.7669664758789861
cam302_w4,174,0.7105478331970564
cam302_w4,175,0.4897792313982011
cam302_w4,176,0.6647587898609976
cam302_w4,177,0.9215044971381848
cam302_w4,178,0.830744071954211
cam302_w4,179,0.7604251839738349
cam302_w4,180,0.003270645952575634
cam302_w4,181,0.016353229762878167
cam302_w4,182,0.008176614881439084
cam302_w4,183,0.04006541291905151
cam302_w4,184,0.003270645952575634
cam302_w4,185,0.0024529844644317253
cam302_w4,186,0.0
cam302_w4,187,0.0
cam302_w4,188,0.017988552739165987
cam302_w4,189,0.0008176614881439084
cam302_w4,190,0.0
cam302_w4,191,0.0
cam302_w4,192,0.004905968928863451
cam302_w4,193,0.003270645952575634
cam302_w4,194,0.001635322976287817
cam302_w4,195,0.004088307440719542
cam302_w4,196,0.04088307440719542
cam302_w4,197,0.022894521668029435
cam302_w4,198,0.044153720359771054
cam302_w4,199,0.008176614881439084
cam302_w4,200,0.022076860179885527
cam302_w4,201,0.005723630417007359
cam302_w4,202,0.03188879803761243
cam302_w4,203,0.03434178250204415
cam302_w4,204,0.024529844644317254
cam302_w4,205,0.029435813573180702
cam302_w4,206,0.0024529844644317253
cam302_w4,207,0.0008176614881439084
cam302_w4,208,0.023712183156173343
cam302_w4,209,0.018806214227309895
cam302_w4,210,0.07604251839738348
cam302_w4,211,0.0
cam302_w4,212,0.006541291905151268
cam302_w4,213,0.0
cam302_w4,214,0.017170891251022075
cam302_w4,215,0.03107113654946852
cam302_w4,216,0.09893704006541292
cam302_w4,217,0.03434178250204415
cam302_w4,218,0.0
cam302_w4,219,0.007358953393295176
cam302_w4,220,0.0
cam302_w4,221,0.0
cam302_w4,222,0.004905968928863451
cam302_w4,223,0.0
cam302_w4,224,0.0
cam302_w4,225,0.0
cam302_w4,226,0.0
cam302_w4,227,0.0
cam302_w4,228,0.0
cam302_w4,229,0.0
cam302_w4,230,0.004814305364511692
cam302_w4,231,0.0
cam302_w4,232,0.013755158184319119
cam302_w4,233,0.20495185694635487
cam302_w4,234,0.0
cam302_w4,235,0.0
cam302_w4,236,0.0
cam302_w4,237,0.0
cam302_w4,238,0.0
cam302_w4,239,0.001375515818431912
cam302_w4,240,0.018569463548830812
cam302_w4,241,0.09491059147180192
cam302_w4,242,0.09422283356258597
cam302_w4,243,0.029573590096286108
cam302_w4,244,0.19669876203576342
cam302_w4,245,0.16781292984869325
cam302_w4,246,0.4264099037138927
cam302_w4,247,0.19738651994497936
cam302_w4,248,0.2393397524071527
cam302_w4,249,0.5350756533700137
cam302_w4,250,0.5013755158184319
cam302_w4,251,0.53232462173315
cam302_w4,252,0.024759284731774415
cam302_w4,253,0.07909215955983494
cam302_w4,254,0.109353507565337
cam302_w4,255,0.06946354883081156
cam302_w4,256,0.35832187070151306
cam302_w4,257,0.004814305364511692
cam302_w4,258,0.07015130674002751
cam302_w4,259,0.0
cam302_w4,260,0.0020632737276478678
cam302_w4,261,0.0
cam302_w4,262,0.0
cam302_w4,263,0.25997248968363135
cam302_w4,264,0.0
cam302_w4,265,0.014442916093535076
cam302_w4,266,0.0
cam302_w4,267,0.0
cam302_w4,268,0.0
cam302_w4,269,0.028198074277854195
cam302_w4,270,0.0020632737276478678
cam302_w4,271,0.0
cam302_w4,272,0.07359009628610728
cam302_w4,273,0.008940852819807428
cam302_w4,274,0.14167812929848694
cam302_w4,275,0.0
cam302_w4,276,0.002751031636863824
cam302_w4,277,0.01925722145804677
cam302_w4,278,0.02269601100412655
cam302_w4,279,0.008253094910591471
cam302_w4,280,0.06671251719394773
cam302_w4,281,0.24965612104539203
cam302_w4,282,0.3363136176066025
cam302_w4,283,0.08253094910591471
cam302_w4,284,0.17950481430536452
cam302_w4,285,0.039889958734525444
cam302_w4,286,0.015130674002751032
cam302_w4,287,0.026822558459422285
cam302_w4,288,0.013755158184319119
cam302_w4,289,0.15474552957359008
cam302_w4,290,0.47386519944979366
cam302_w4,291,0.0
cam302_w4,292,0.0
cam302_w4,293,0.008940852819807428
cam302_w4,294,0.0068775790921595595
cam302_w4,295,0.0
cam302_w4,296,0.0
cam302_w4,297,0.0
cam302_w4,298,0.0
cam302_w4,299,0.0
cam302_w4,300,0.0
cam302_w4,301,0.0
cam302_w4,302,0.0
cam302_w4,303,0.0
cam302_w4,304,0.0
cam302_w4,305,0.0
cam302_w4,306,0.0013117621337997377
cam302_w4,307,0.020988194140795804
cam302_w4,308,0.0
cam302_w4,309,0.0
cam302_w4,310,0.0026235242675994755
cam302_w4,311,0.0
cam302_w4,312,0.0
cam302_w4,313,0.0
cam302_w4,314,0.016178399650196764
cam302_w4,315,0.003060778312199388
cam302_w4,316,0.0008745080891998251
cam302_w4,317,0.0
cam302_w4,318,0.0
cam302_w4,319,0.031482291211193704
cam302_w4,320,0.018364669873196328
cam302_w4,321,0.1425448185395715
cam302_w4,322,0.11587232181897683
cam302_w4,323,0.021425448185395716
cam302_w4,324,0.048535198950590296
cam302_w4,325,0.16834280717096634
cam302_w4,326,0.1985133362483603
cam302_w4,327,0.160034980323568
cam302_w4,328,0.014429383471797114
cam302_w4,329,0.043725404459991256
cam302_w4,330,0.05465675557498907
cam302_w4,331,0.017052907739396588
cam302_w4,332,0.06471359860078706
cam302_w4,333,0.17577612592916483
cam302_w4,334,0.05378224748578924
cam302_w4,335,0.16790555312636643
cam302_w4,336,0.021425448185395716
cam302_w4,337,0.048097944905990384
cam302_w4,338,0.21687800612155664
cam302_w4,339,0.013992129427197202
cam302_w4,340,0.1045037166593791
cam302_w4,341,0.038478355924792304
cam302_w4,342,0.19720157411456055
cam302_w4,343,0.0
cam302_w4,344,0.043725404459991256
cam302_w4,345,0.006121556624398776
cam302_w4,346,0.06777437691298645
cam302_w4,347,0.02229995627459554
cam302_w4,348,0.00043725404459991256
cam302_w4,349,0.08526453869698294
cam302_w4,350,0.2531700918233494
cam302_w4,351,0.06733712286838653
cam302_w4,352,0.0
cam302_w4,353,0.030170529077393964
cam302_w4,354,0.034105815478793176
cam302_w4,355,0.041101880192391776
cam302_w4,356,0.015741145605596852
cam302_w4,357,0.055094009619588984
cam302_w4,358,0.048535198950590296
cam302_w4,359,0.06821163095758635
cam302_w4,360,0.022737210319195452
cam302_w4,361,0.012243113248797552
cam302_w4,362,0.3519895059029296
cam302_w4,363,0.019676432006996064
cam302_w4,364,0.043725404459991256
cam302_w4,365,0.139921294271972
cam302_w4,366,0.17533887188456493
cam302_w4,367,0.059466550065588104
cam302_w4,368,0.020550940096195888
cam302_w4,369,0.00043725404459991256
cam302_w4,370,0.0
cam302_w4,371,0.008307826847398338
cam302_w4,372,0.010494097070397902
cam302_w4,373,0.0034980323567993005
cam302_w4,374,0.003935286401399213
cam302_w4,375,0.024923480542195016
cam304_w1,1,0.6623655913978495
cam304_w1,2,0.5690322580645162
cam304_w1,3,0.6004301075268818
cam304_w1,4,0.6309677419354839
cam304_w1,5,0.3363440860215054
cam304_w1,6,0.01763440860215054
cam304_w1,7,0.028817204301075268
cam304_w1,8,0.0
cam304_w1,9,0.04387096774193548
cam304_w1,10,0.0
cam304_w1,11,0.0
cam304_w1,12,0.014623655913978495
cam304_w1,13,0.02924731182795699
cam304_w1,14,0.02924731182795699
cam304_w1,15,0.0
cam304_w1,16,0.0
cam304_w1,17,0.0
cam304_w1,18,0.0
cam304_w1,19,0.0
cam304_w1,20,0.08946236559139785
cam304_w1,21,0.047311827956989246
cam304_w1,22,0.0
cam304_w1,23,0.0
cam304_w1,24,0.11913978494623656
cam304_w1,25,0.1393548387096774
cam304_w1,26,0.03397849462365592
cam304_w1,27,0.08172043010752689
cam304_w1,28,0.0
cam304_w1,29,0.0017204301075268817
cam304_w1,30,0.0
cam304_w1,31,0.0
cam304_w1,32,0.06279569892473118
cam304_w1,33,0.22236559139784945
cam304_w1,34,0.02924731182795699
cam304_w1,35,0.47483870967741937
cam304_w1,36,0.25161290322580643
cam304_w1,37,0.25290322580645164
cam304_w1,38,0.025376344086021504
cam304_w1,39,0.0
cam304_w1,40,0.0
cam304_w1,41,0.0
cam304_w1,42,0.0
cam304_w1,43,0.0
cam304_w1,44,0.0
cam304_w1,45,0.0
cam304_w1,46,0.0
cam304_w1,47,0.0
cam304_w1,48,0.0
cam304_w1,49,0.0
cam304_w1,50,0.0
cam304_w1,51,0.0
cam304_w1,52,0.0
cam304_w1,53,0.4021505376344086
cam304_w1,54,0.9187096774193548
cam304_w1,55,0.5402150537634408
cam304_w1,56,0.9049462365591397
cam304_w1,57,0.7036559139784946
cam304_w1,58,0.8696774193548387
cam304_w1,59,0.9720430107526882
cam304_w1,60,0.9694623655913979
cam304_w1,61,0.6481720430107527
cam304_w1,62,0.08731182795698925
cam304_w1,63,0.042150537634408604
cam304_w1,64,0.20688172043010752
cam304_w1,65,0.0189247311827957
cam304_w1,66,0.012903225806451613
cam304_w1,67,0.0017204301075268817
cam304_w1,68,0.022795698924731184
cam304_w1,69,0.033118279569892474
cam304_w1,70,0.03956989247311828
cam304_w1,71,0.003010752688172043
cam304_w1,72,0.31913978494623657
cam304_w1,73,0.024516129032258065
cam304_w1,74,0.004731182795698925
cam304_w1,75,0.006881720430107527
cam304_w1,76,0.0
cam304_w1,77,0.0
cam304_w1,78,0.0
cam304_w1,79,0.0
cam304_w1,80,0.0
cam304_w1,81,0.0
cam304_w1,82,0.0
cam304_w1,83,0.0
cam304_w1,84,0.0
cam304_w1,85,0.0
cam304_w1,86,0.013900245298446443
cam304_w1,87,0.04987735077677841
cam304_w1,88,0.1668029435813573
cam304_w1,89,0.285363859362224
cam304_w1,90,0.5028618152085037
cam304_w1,91,0.7080948487326247
cam304_w1,92,0.39411283728536384
cam304_w1,93,0.32788225674570726
cam304_w1,94,0.0
cam304_w1,95,0.02044153720359771
cam304_w1,96,0.8053965658217498
cam304_w1,97,0.4987735077677841
cam304_w1,98,0.04987735077677841
cam304_w1,99,0.023712183156173343
cam304_w1,100,0.022076860179885527
cam304_w1,101,0.3793949304987735
cam304_w1,102,0.4783319705641864
cam304_w1,103,0.6663941128372853
cam304_w1,104,0.0
cam304_w1,105,0.0
cam304_w1,106,0.01553556827473426
cam304_w1,107,0.2616516762060507
cam304_w1,108,0.116107931316435
cam304_w1,109,0.19215044971381848
cam304_w1,110,0.22649223221586262
cam304_w1,111,0.04660670482420278
cam304_w1,112,0.1381847914963205
cam304_w1,113,0.0
cam304_w1,114,0.006541291905151268
cam304_w1,115,0.03107113654946852
cam304_w1,116,0.008176614881439084
cam304_w1,117,0.03515944399018806
cam304_w1,118,0.005723630417007359
cam304_w1,119,0.1439084219133279
cam304_w1,120,0.06541291905151267
cam304_w1,121,0.03188879803761243
cam304_w1,122,0.11774325429272281
cam304_w1,123,0.446443172526574
cam304_w1,124,0.5699100572363042
cam304_w1,125,0.30335241210139
cam304_w1,126,0.5273916598528209
cam304_w1,127,0.0
cam304_w1,128,0.009811937857726901
cam304_w1,129,0.07031888798037612
cam304_w1,130,0.0
cam304_w1,131,0.0
cam304_w1,132,0.0
cam304_w1,133,0.004905968928863451
cam304_w1,134,0.0
cam304_w1,135,0.009811937857726901
cam304_w1,136,0.0
cam304_w1,137,0.0
cam304_w1,138,0.0024529844644317253
cam304_w1,139,0.08013082583810302
cam304_w1,140,0.06541291905151267
cam304_w1,141,0.06295993458708095
cam304_w1,142,0.3965658217497956
cam304_w1,143,0.02616516762060507
cam304_w1,144,0.0024529844644317253
cam304_w1,145,0.0
cam304_w1,146,0.0
cam304_w1,147,0.0
cam304_w1,148,0.0
cam304_w1,149,0.0
cam304_w1,150,0.0
cam304_w1,151,0.0
cam304_w1,152,0.0
cam304_w1,153,0.0
cam304_w1,154,0.0
cam304_w1,155,0.0
cam304_w1,156,0.0
cam304_w1,157,0.0
cam304_w1,158,0.0
cam304_w1,159,0.0
cam304_w1,160,0.011579818031430935
cam304_w1,161,0.0
cam304_w1,162,0.0
cam304_w1,163,0.0
cam304_w1,164,0.0
cam304_w1,165,0.0
cam304_w1,166,0.0
cam304_w1,167,0.0
cam304_w1,168,0.0
cam304_w1,169,0.0016542597187758478
cam304_w1,170,0.007444168734491315
cam304_w1,171,0.12241521918941274
cam304_w1,172,0.456575682382134
cam304_w1,173,0.26468155500413565
cam304_w1,174,0.554177005789909
cam304_w1,175,0.08023159636062861
cam304_w1,176,0.06865177832919768
cam304_w1,177,0.02315963606286187
cam304_w1,178,0.09594706368899918
cam304_w1,179,0.017369727047146403
cam304_w1,180,0.5632754342431762
cam304_w1,181,0.3680727874276261
cam304_w1,182,0.07278742762613731
cam304_w1,183,0.15963606286186932
cam304_w1,184,0.07444168734491315
cam304_w1,185,0.021505376344086023
cam304_w1,186,0.01240694789081886
cam304_w1,187,0.026468155500413565
cam304_w1,188,0.04797353184449959
cam304_w1,189,0.09594706368899918
cam304_w1,190,0.050454921422663356
cam304_w1,191,0.0
cam304_w1,192,0.06865177832919768
cam304_w1,193,0.05459057071960298
cam304_w1,194,0.058726220016542596
cam304_w1,195,0.03970223325062035
cam304_w1,196,0.018196856906534328
cam304_w1,197,0.043010752688172046
cam304_w1,198,0.021505376344086023
cam304_w1,199,0.05707196029776675
cam304_w1,200,0.004962779156327543
cam304_w1,201,0.006617038875103391
cam304_w1,202,0.0033085194375516956
cam304_w1,203,0.0
cam304_w1,204,0.043010752688172046
cam304_w1,205,0.043837882547559964
cam304_w1,206,0.065343258891646
cam304_w1,207,0.005789909015715467
cam304_w1,208,0.0206782464846981
cam304_w1,209,0.006617038875103391
cam304_w1,210,0.019851116625310174
cam304_w1,211,0.0
cam304_w1,212,0.0033085194375516956
cam304_w1,213,0.0
cam304_w1,214,0.0
cam304_w1,215,0.015715467328370553
cam304_w1,216,0.030603804797353185
cam304_w1,217,0.0
cam304_w1,218,0.0024813895781637717
cam304_w1,219,0.043837882547559964
cam304_w1,220,0.0
cam304_w1,221,0.0041356492969396195
cam304_w1,222,0.0
cam304_w1,223,0.0
cam304_w1,224,0.0
cam304_w1,225,0.0
cam304_w1,226,0.0
cam304_w1,227,0.0
cam304_w1,228,0.0
cam304_w1,229,0.0
cam304_w1,230,0.01257445400397088
cam304_w1,231,0.004632693580410324
cam304_w1,232,0.0
cam304_w1,233,0.0
cam304_w1,234,0.0
cam304_w1,235,0.0
cam304_w1,236,0.0
cam304_w1,237,0.0
cam304_w1,238,0.0
cam304_w1,239,0.001985440105890139
cam304_w1,240,0.0006618133686300463
cam304_w1,241,0.02183984116479153
cam304_w1,242,0.054268696227663796
cam304_w1,243,0.05956320317670417
cam304_w1,244,0.019192587690271344
cam304_w1,245,0.14824619457313037
cam304_w1,246,0.0066181336863004635
cam304_w1,247,0.10258107213765719
cam304_w1,248,0.3084050297816016
cam304_w1,249,0.2442091330244871
cam304_w1,250,0.6121773659827928
cam304_w1,251,0.15155526141628062
cam304_w1,252,0.4056915949702184
cam304_w1,253,0.12905360688285902
cam304_w1,254,0.08206485771012574
cam304_w1,255,0.21244209133024486
cam304_w1,256,0.0
cam304_w1,257,0.03838517538054269
cam304_w1,258,0.025810721376571807
cam304_w1,259,0.011250827266710787
cam304_w1,260,0.007941760423560556
cam304_w1,261,0.0013236267372600927
cam304_w1,262,0.0013236267372600927
cam304_w1,263,0.04632693580410324
cam304_w1,264,0.031105228325612178
cam304_w1,265,0.0
cam304_w1,266,0.027134348113831898
cam304_w1,267,0.06816677696889477
cam304_w1,268,0.099933818663137
cam304_w1,269,0.13236267372600927
cam304_w1,270,0.07279947054930509
cam304_w1,271,0.05559232296492389
cam304_w1,272,0.04698874917273329
cam304_w1,273,0.08074123097286565
cam304_w1,274,0.03838517538054269
cam304_w1,275,0.08338848444738584
cam304_w1,276,0.0
cam304_w1,277,0.0641958967571145
cam304_w1,278,0.12772998014559894
cam304_w1,279,0.12177365982792852
cam304_w1,280,0.128391793514229
cam304_w1,281,0.06154864328259431
cam304_w1,282,0.008603573792190603
cam304_w1,283,0.007941760423560556
cam304_w1,284,0.11515552614162806
cam304_w1,285,0.031105228325612178
cam304_w1,286,0.009265387160820648
cam304_w1,287,0.0
cam304_w1,288,0.019192587690271344
cam304_w1,289,0.005956320317670417
cam304_w1,290,0.036399735274652546
cam304_w1,291,0.005956320317670417
cam304_w1,292,0.053606882859033755
cam304_w1,293,0.00727994705493051
cam304_w1,294,0.003970880211780278
cam304_w1,295,0.0
cam304_w1,296,0.0
cam304_w1,297,0.0
cam304_w1,298,0.0
cam304_w1,299,0.0
cam304_w1,300,0.0
cam304_w1,301,0.0
cam304_w1,302,0.0
cam304_w1,303,0.0
cam304_w1,304,0.0
cam304_w1,305,0.0
cam304_w1,306,0.0
cam304_w1,307,0.0004361098996947231
cam304_w1,308,0.009158307893589184
cam304_w1,309,0.0
cam304_w1,310,0.0
cam304_w1,311,0.0
cam304_w1,312,0.0034888791975577847
cam304_w1,313,0.0
cam304_w1,314,0.0170082860880942
cam304_w1,315,0.0004361098996947231
cam304_w1,316,0.027474923680767552
cam304_w1,317,0.009594417793283908
cam304_w1,318,0.04797208896641954
cam304_w1,319,0.013519406890536415
cam304_w1,320,0.00436109899694723
cam304_w1,321,0.06541648495420846
cam304_w1,322,0.00872219799389446
cam304_w1,323,0.020933275185346708
cam304_w1,324,0.0453554295682512
cam304_w1,325,0.02398604448320977
cam304_w1,326,0.04491931966855647
cam304_w1,327,0.026166593981683386
cam304_w1,328,0.05146096816397732
cam304_w1,329,0.06498037505451373
cam304_w1,330,0.3296990841692106
cam304_w1,331,0.0510248582642826
cam304_w1,332,0.12865242040994332
cam304_w1,333,0.1870911469690362
cam304_w1,334,0.18621892716964675
cam304_w1,335,0.19886611426079373
cam304_w1,336,0.1077191452245966
cam304_w1,337,0.12559965111208024
cam304_w1,338,0.19406890536415178
cam304_w1,339,0.1927605756650676
cam304_w1,340,0.17662450937636284
cam304_w1,341,0.2245965983427824
cam304_w1,342,0.13475795900566942
cam304_w1,343,0.10161360662887048
cam304_w1,344,0.2211077191452246
cam304_w1,345,0.4077627562145661
cam304_w1,346,0.15743567378979503
cam304_w1,347,0.2577409507195813
cam304_w1,348,0.35761011774967294
cam304_w1,349,0.5002180549498474
cam304_w1,350,0.3139991277802006
cam304_w1,351,0.1639773222852159
cam304_w1,352,0.055822067160924554
cam304_w1,353,0.19014391626689925
cam304_w1,354,0.05625817706061927
cam304_w1,355,0.0680331443523768
cam304_w1,356,0.23113824683820322
cam304_w1,357,0.19930222416048846
cam304_w1,358,0.05756650675970344
cam304_w1,359,0.14391626689925863
cam304_w1,360,0.28783253379851725
cam304_w1,361,0.12123855211513301
cam304_w1,362,0.10117749672917575
cam304_w1,363,0.16746620148277366
cam304_w1,364,0.18054949847361534
cam304_w1,365,0.07457479284779764
cam304_w1,366,0.06672481465329264
cam304_w1,367,0.16528565198430004
cam304_w1,368,0.06759703445268207
cam304_w1,369,0.2773658962058439
cam304_w1,370,0.16572176188399476
cam304_w1,371,0.6432621020497166
cam304_w1,372,0.32839075447012644
cam304_w1,373,0.19799389446140428
cam304_w1,374,0.09856083733100741
cam304_w1,375,0.2158744003488879
cam304_w4,1,0.9920560747663552
cam304_w4,2,0.26214953271028035
cam304_w4,3,0.27850467289719627
cam304_w4,4,0.24766355140186916
cam304_w4,5,0.23130841121495327
cam304_w4,6,0.10981308411214953
cam304_w4,7,0.202803738317757
cam304_w4,8,0.15934579439252336
cam304_w4,9,0.07429906542056075
cam304_w4,10,0.20981308411214952
cam304_w4,11,0.2738317757009346
cam304_w4,12,0.202803738317757
cam304_w4,13,0.16635514018691588
cam304_w4,14,0.1425233644859813
cam304_w4,15,0.38878504672897196
cam304_w4,16,0.1724299065420561
cam304_w4,17,0.19672897196261682
cam304_w4,18,0.3663551401869159
cam304_w4,19,0.6668224299065421
cam304_w4,20,0.6831775700934579
cam304_w4,21,0.13551401869158877
cam304_w4,22,0.08224299065420561
cam304_w4,23,0.07009345794392523
cam304_w4,24,0.11542056074766355
cam304_w4,25,0.06355140186915888
cam304_w4,26,0.2588785046728972
cam304_w4,27,0.36121495327102804
cam304_w4,28,0.3018691588785047
cam304_w4,29,0.09439252336448598
cam304_w4,30,0.03364485981308411
cam304_w4,31,0.1724299065420561
cam304_w4,32,0.10841121495327102
cam304_w4,33,0.21542056074766355
cam304_w4,34,0.32570093457943927
cam304_w4,35,0.7186915887850467
cam304_w4,36,0.6074766355140186
cam304_w4,37,0.29439252336448596
cam304_w4,38,0.197196261682243
cam304_w4,39,0.10373831775700934
cam304_w4,40,0.21869158878504674
cam304_w4,41,0.4088785046728972
cam304_w4,42,0.4570093457943925
cam304_w4,43,0.002336448598130841
cam304_w4,44,0.27429906542056076
cam304_w4,45,0.42429906542056073
cam304_w4,46,0.00046728971962616824
cam304_w4,47,0.0616822429906542
cam304_w4,48,0.002803738317757009
cam304_w4,49,0.0
cam304_w4,50,0.03925233644859813
cam304_w4,51,0.08411214953271028
cam304_w4,52,0.3144859813084112
cam304_w4,53,0.06261682242990654
cam304_w4,54,0.1724299065420561
cam304_w4,55,0.06448598130841121
cam304_w4,56,0.003738317757009346
cam304_w4,57,0.21588785046728973
cam304_w4,58,0.05841121495327103
cam304_w4,59,0.2191588785046729
cam304_w4,60,0.26542056074766357
cam304_w4,61,0.13598130841121495
cam304_w4,62,0.15794392523364487
cam304_w4,63,0.007009345794392523
cam304_w4,64,0.03130841121495327
cam304_w4,65,0.12990654205607477
cam304_w4,66,0.03878504672897196
cam304_w4,67,0.022897196261682243
cam304_w4,68,0.033177570093457946
cam304_w4,69,0.2130841121495327
cam304_w4,70,0.10841121495327102
cam304_w4,71,0.03130841121495327
cam304_w4,72,0.004205607476635514
cam304_w4,73,0.007009345794392523
cam304_w4,74,0.0
cam304_w4,75,0.00046728971962616824
cam304_w4,76,0.0
cam304_w4,77,0.0
cam304_w4,78,0.0
cam304_w4,79,0.0
cam304_w4,80,0.0
cam304_w4,81,0.0
cam304_w4,82,0.0
cam304_w4,83,0.0
cam304_w4,84,0.0
cam304_w4,85,0.0
cam304_w4,86,0.08734270910436713
cam304_w4,87,0.056254626202812734
cam304_w4,88,0.3271650629163583
cam304_w4,89,0.15618060695780903
cam304_w4,90,0.3915618060695781
cam304_w4,91,0.0384900074019245
cam304_w4,92,0.22057735011102886
cam304_w4,93,0.2694300518134715
cam304_w4,94,0.0
cam304_w4,95,0.0014803849000740192
cam304_w4,96,0.3464100666173205
cam304_w4,97,0.0
cam304_w4,98,0.0
cam304_w4,99,0.0
cam304_w4,100,0.0614359733530718
cam304_w4,101,0.11324944485566248
cam304_w4,102,0.3804589193190229
cam304_w4,103,0.04515173945225759
cam304_w4,104,0.0
cam304_w4,105,0.0
cam304_w4,106,0.008882309400444115
cam304_w4,107,0.23834196891191708
cam304_w4,108,0.4063656550703183
cam304_w4,109,0.41894892672094747
cam304_w4,110,0.03182827535159141
cam304_w4,111,0.047372316802368614
cam304_w4,112,0.07994078460399703
cam304_w4,113,0.27461139896373055
cam304_w4,114,0.0
cam304_w4,115,0.0
cam304_w4,116,0.12583271650629163
cam304_w4,117,0.008882309400444115
cam304_w4,118,0.06735751295336788
cam304_w4,119,0.026646928201332347
cam304_w4,120,0.005921539600296077
cam304_w4,121,0.0
cam304_w4,122,0.06365655070318282
cam304_w4,123,0.07475943745373798
cam304_w4,124,0.08142116950407106
cam304_w4,125,0.11472982975573649
cam304_w4,126,0.5877128053293856
cam304_w4,127,0.3560325684678016
cam304_w4,128,0.06587712805329386
cam304_w4,129,0.3493708364174685
cam304_w4,130,0.5455218356772761
cam304_w4,131,0.09622501850481126
cam304_w4,132,0.0
cam304_w4,133,0.0
cam304_w4,134,0.0
cam304_w4,135,0.0044411547002220575
cam304_w4,136,0.0
cam304_w4,137,0.0
cam304_w4,138,0.0
cam304_w4,139,0.02220577350111029
cam304_w4,140,0.0
cam304_w4,141,0.006661732050333087
cam304_w4,142,0.11843079200592153
cam304_w4,143,0.07401924500370097
cam304_w4,144,0.22945965951147299
cam304_w4,145,0.0
cam304_w4,146,0.0
cam304_w4,147,0.0
cam304_w4,148,0.0
cam304_w4,149,0.0
cam304_w4,150,0.0
cam304_w4,151,0.0
cam304_w4,152,0.0
cam304_w4,153,0.0
cam304_w4,154,0.0
cam304_w4,155,0.0
cam304_w4,156,0.007269789983844911
cam304_w4,157,0.0
cam304_w4,158,0.0
cam304_w4,159,0.0
cam304_w4,160,0.0
cam304_w4,161,0.0
cam304_w4,162,0.0
cam304_w4,163,0.0
cam304_w4,164,0.0
cam304_w4,165,0.0
cam304_w4,166,0.004038772213247173
cam304_w4,167,0.0
cam304_w4,168,0.0
cam304_w4,169,0.0032310177705977385
cam304_w4,170,0.09612277867528271
cam304_w4,171,0.284329563812601
cam304_w4,172,0.0
cam304_w4,173,0.01615508885298869
cam304_w4,174,0.19709208400646203
cam304_w4,175,0.5048465266558966
cam304_w4,176,0.3788368336025848
cam304_w4,177,0.9418416801292407
cam304_w4,178,0.907108239095315
cam304_w4,179,0.4176090468497577
cam304_w4,180,0.0
cam304_w4,181,0.021809369951534735
cam304_w4,182,0.0
cam304_w4,183,0.0
cam304_w4,184,0.033925686591276254
cam304_w4,185,0.0444264943457189
cam304_w4,186,0.0032310177705977385
cam304_w4,187,0.0024232633279483036
cam304_w4,188,0.0
cam304_w4,189,0.0016155088852988692
cam304_w4,190,0.0
cam304_w4,191,0.004038772213247173
cam304_w4,192,0.0
cam304_w4,193,0.0
cam304_w4,194,0.1098546042003231
cam304_w4,195,0.0008077544426494346
cam304_w4,196,0.1421647819063005
cam304_w4,197,0.035541195476575124
cam304_w4,198,0.17932148626817448
cam304_w4,199,0.5113085621970921
cam304_w4,200,0.7819063004846527
cam304_w4,201,0.27221324717285944
cam304_w4,202,0.004038772213247173
cam304_w4,203,0.0
cam304_w4,204,0.0
cam304_w4,205,0.0024232633279483036
cam304_w4,206,0.0
cam304_w4,207,0.0
cam304_w4,208,0.004038772213247173
cam304_w4,209,0.004846526655896607
cam304_w4,210,0.0032310177705977385
cam304_w4,211,0.0032310177705977385
cam304_w4,212,0.0008077544426494346
cam304_w4,213,0.036348949919224556
cam304_w4,214,0.03231017770597738
cam304_w4,215,0.029079159935379646
cam304_w4,216,0.0024232633279483036
cam304_w4,217,0.022617124394184167
cam304_w4,218,0.0
cam304_w4,219,0.0
cam304_w4,220,0.0016155088852988692
cam304_w4,221,0.0
cam304_w4,222,0.0
cam304_w4,223,0.0
cam304_w4,224,0.0
cam304_w4,225,0.0
cam304_w4,226,0.0
cam304_w4,227,0.0
cam304_w4,228,0.0
cam304_w4,229,0.0068775790921595595
cam304_w4,230,0.0
cam304_w4,231,0.0171939477303989
cam304_w4,232,0.0
cam304_w4,233,0.0
cam304_w4,234,0.0
cam304_w4,235,0.0
cam304_w4,236,0.0
cam304_w4,237,0.0
cam304_w4,238,0.0
cam304_w4,239,0.0
cam304_w4,240,0.007565337001375516
cam304_w4,241,0.0
cam304_w4,242,0.008253094910591471
cam304_w4,243,0.0041265474552957355
cam304_w4,244,0.0020632737276478678
cam304_w4,245,0.10041265474552957
cam304_w4,246,0.11966987620357634
cam304_w4,247,0.2173314993122421
cam304_w4,248,0.37895460797799174
cam304_w4,249,0.2730398899587345
cam304_w4,250,0.06602475928473177
cam304_w4,251,0.21182943603851445
cam304_w4,252,0.5488308115543329
cam304_w4,253,0.09559834938101788
cam304_w4,254,0.8143053645116919
cam304_w4,255,0.547455295735901
cam304_w4,256,0.5722145804676754
cam304_w4,257,0.008253094910591471
cam304_w4,258,0.0
cam304_w4,259,0.0041265474552957355
cam304_w4,260,0.024071526822558458
cam304_w4,261,0.0171939477303989
cam304_w4,262,0.03576341127922971
cam304_w4,263,0.007565337001375516
cam304_w4,264,0.10041265474552957
cam304_w4,265,0.14167812929848694
cam304_w4,266,0.5089408528198074
cam304_w4,267,0.3149931224209078
cam304_w4,268,0.2579092159559835
cam304_w4,269,0.03782668500687758
cam304_w4,270,0.28473177441540576
cam304_w4,271,0.46286107290233836
cam304_w4,272,0.06533700137551582
cam304_w4,273,0.054332874828060526
cam304_w4,274,0.011004126547455296
cam304_w4,275,0.002751031636863824
cam304_w4,276,0.0
cam304_w4,277,0.0041265474552957355
cam304_w4,278,0.016506189821182942
cam304_w4,279,0.030949105914718018
cam304_w4,280,0.11210453920220083
cam304_w4,281,0.1643741403026135
cam304_w4,282,0.5653370013755158
cam304_w4,283,0.7751031636863824
cam304_w4,284,0.18019257221458046
cam304_w4,285,0.3390646492434663
cam304_w4,286,0.20701513067400276
cam304_w4,287,0.0
cam304_w4,288,0.016506189821182942
cam304_w4,289,0.013067400275103164
cam304_w4,290,0.02269601100412655
cam304_w4,291,0.000687757909215956
cam304_w4,292,0.015130674002751032
cam304_w4,293,0.0639614855570839
cam304_w4,294,0.18019257221458046
cam304_w4,295,0.05089408528198074
cam304_w4,296,0.0
cam304_w4,297,0.005502063273727648
cam304_w4,298,0.0
cam304_w4,299,0.0
cam304_w4,300,0.0
cam304_w4,301,0.0
cam304_w4,302,0.002172024326672459
cam304_w4,303,0.0
cam304_w4,304,0.0
cam304_w4,305,0.0
cam304_w4,306,0.0
cam304_w4,307,0.0
cam304_w4,308,0.0
cam304_w4,309,0.0
cam304_w4,310,0.0
cam304_w4,311,0.0
cam304_w4,312,0.0004344048653344917
cam304_w4,313,0.0
cam304_w4,314,0.0
cam304_w4,315,0.0013032145960034753
cam304_w4,316,0.016072980017376195
cam304_w4,317,0.014335360556038228
cam304_w4,318,0.0
cam304_w4,319,0.006516072980017376
cam304_w4,320,0.03431798436142485
cam304_w4,321,0.061251086012163336
cam304_w4,322,0.12337098175499565
cam304_w4,323,0.0894874022589053
cam304_w4,324,0.10860121633362294
cam304_w4,325,0.030408340573414423
cam304_w4,326,0.030842745438748913
cam304_w4,327,0.013466550825369244
cam304_w4,328,0.029105125977410946
cam304_w4,329,0.0421372719374457
cam304_w4,330,0.10121633362293658
cam304_w4,331,0.0017376194613379669
cam304_w4,332,0.030408340573414423
cam304_w4,333,0.13423110338835795
cam304_w4,334,0.04865334491746308
cam304_w4,335,0.10295395308427455
cam304_w4,336,0.1159860990443093
cam304_w4,337,0.14031277150304083
cam304_w4,338,0.1476976542137272
cam304_w4,339,0.0738488271068636
cam304_w4,340,0.1576889661164205
cam304_w4,341,0.07515204170286707
cam304_w4,342,0.0369244135534318
cam304_w4,343,0.14986967854039965
cam304_w4,344,0.036055603822762815
cam304_w4,345,0.2467419635099913
cam304_w4,346,0.16377063423110338
cam304_w4,347,0.1681146828844483
cam304_w4,348,0.36620330147697655
cam304_w4,349,0.12033014769765421
cam304_w4,350,0.04083405734144222
cam304_w4,351,0.006516072980017376
cam304_w4,352,0.052562988705473504
cam304_w4,353,0.010425716768027803
cam304_w4,354,0.01216333622936577
cam304_w4,355,0.03475238922675934
cam304_w4,356,0.004344048653344918
cam304_w4,357,0.016072980017376195
cam304_w4,358,0.14422241529105126
cam304_w4,359,0.051259774109470024
cam304_w4,360,0.2593397046046916
cam304_w4,361,0.25890529973935705
cam304_w4,362,0.13857515204170287
cam304_w4,363,0.0004344048653344917
cam304_w4,364,0.016072980017376195
cam304_w4,365,0.03127715030408341
cam304_w4,366,0.11468288444830582
cam304_w4,367,0.13987836663770634
cam304_w4,368,0.03127715030408341
cam304_w4,369,0.10078192875760209
cam304_w4,370,0.028236316246741965
cam304_w4,371,0.1107732406602954
cam304_w4,372,0.16550825369244135
cam304_w4,373,0.25412684622067766
cam304_w4,374,0.013900955690703735
cam304_w4,375,0.009122502172024326
cam307_w6,1,0.0
cam307_w6,2,0.06699751861042183
cam307_w6,3,0.02543424317617866
cam307_w6,4,0.4665012406947891
cam307_w6,5,0.6594292803970223
cam307_w6,6,0.11228287841191067
cam307_w6,7,0.00620347394540943
cam307_w6,8,0.3988833746898263
cam307_w6,9,0.0
cam307_w6,10,0.0006203473945409429
cam307_w6,11,0.0
cam307_w6,12,0.1935483870967742
cam307_w6,13,0.0
cam307_w6,14,0.0
cam307_w6,15,0.003101736972704715
cam307_w6,16,0.009925558312655087
cam307_w6,17,0.0
cam307_w6,18,0.2890818858560794
cam307_w6,19,0.12903225806451613
cam307_w6,20,0.40074441687344914
cam307_w6,21,0.3250620347394541
cam307_w6,22,0.7915632754342432
cam307_w6,23,0.1271712158808933
cam307_w6,24,0.0
cam307_w6,25,0.0
cam307_w6,26,0.0
cam307_w6,27,0.0
cam307_w6,28,0.0
cam307_w6,29,0.0
cam307_w6,30,0.0
cam307_w6,31,0.0
cam307_w6,32,0.0
cam307_w6,33,0.0
cam307_w6,34,0.004962779156327543
cam307_w6,35,0.0
cam307_w6,36,0.0
cam307_w6,37,0.00620347394540943
cam307_w6,38,0.04404466501240695
cam307_w6,39,0.0
cam307_w6,40,0.015508684863523574
cam307_w6,41,0.038461538461538464
cam307_w6,42,0.09615384615384616
cam307_w6,43,0.06389578163771713
cam307_w6,44,0.05397022332506204
cam307_w6,45,0.27729528535980147
cam307_w6,46,0.04466501240694789
cam307_w6,47,0.05893300248138958
cam307_w6,48,0.0
cam307_w6,49,0.14267990074441686
cam307_w6,50,0.3579404466501241
cam307_w6,51,0.0018610421836228288
cam307_w6,52,0.22580645161290322
cam307_w6,53,0.40074441687344914
cam307_w6,54,0.12406947890818859
cam307_w6,55,0.07444168734491315
cam307_w6,56,0.31203473945409427
cam307_w6,57,0.3033498759305211
cam307_w6,58,0.22146401985111663
cam307_w6,59,0.5880893300248139
cam307_w6,60,0.5849875930521092
cam307_w6,61,0.1687344913151365
cam307_w6,62,0.019851116625310174
cam307_w6,63,0.0024813895781637717
cam307_w6,64,0.0
cam307_w6,65,0.0
cam307_w6,66,0.0
cam307_w6,67,0.0018610421836228288
cam307_w6,68,0.07692307692307693
cam307_w6,69,0.10173697270471464
cam307_w6,70,0.016129032258064516
cam307_w6,71,0.0
cam307_w6,72,0.0
cam307_w6,73,0.004342431761786601
cam307_w6,74,0.0
cam307_w6,75,0.0
cam307_w6,76,0.0
cam307_w6,77,0.0
cam307_w6,78,0.0
cam307_w6,79,0.0
cam307_w6,80,0.0
cam307_w6,81,0.0
cam307_w6,82,0.0
cam307_w6,83,0.0
cam307_w6,84,0.0
cam307_w6,85,0.0
cam307_w6,86,0.0
cam307_w6,87,0.0
cam307_w6,88,0.0
cam307_w6,89,0.0
cam307_w6,90,0.06893819334389857
cam307_w6,91,0.00792393026941363
cam307_w6,92,0.12440570522979398
cam307_w6,93,0.012678288431061807
cam307_w6,94,0.1901743264659271
cam307_w6,95,0.23375594294770205
cam307_w6,96,0.3335974643423138
cam307_w6,97,0.5990491283676703
cam307_w6,98,0.07923930269413629
cam307_w6,99,0.10697305863708399
cam307_w6,100,0.29556259904912835
cam307_w6,101,0.29160063391442154
cam307_w6,102,0.48019017432646594
cam307_w6,103,0.7797147385103012
cam307_w6,104,0.43106180665610144
cam307_w6,105,0.16719492868462757
cam307_w6,106,0.6521394611727417
cam307_w6,107,0.45166402535657685
cam307_w6,108,0.7757527733755943
cam307_w6,109,0.14659270998415214
cam307_w6,110,0.01347068145800317
cam307_w6,111,0.011093502377179081
cam307_w6,112,0.0
cam307_w6,113,0.3652931854199683
cam307_w6,114,0.3367670364500792
cam307_w6,115,0.26465927099841524
cam307_w6,116,0.1862123613312203
cam307_w6,117,0.49445324881141045
cam307_w6,118,0.026148969889064975
cam307_w6,119,0.06339144215530904
cam307_w6,120,0.061806656101426306
cam307_w6,121,0.618066561014263
cam307_w6,122,0.40332805071315375
cam307_w6,123,0.012678288431061807
cam307_w6,124,0.003961965134706815
cam307_w6,125,0.0
cam307_w6,126,0.03724247226624406
cam307_w6,127,0.03407290015847861
cam307_w6,128,0.10855784469096671
cam307_w6,129,0.1109350237717908
cam307_w6,130,0.02377179080824089
cam307_w6,131,0.375594294770206
cam307_w6,132,0.011885895404120444
cam307_w6,133,0.0
cam307_w6,134,0.02377179080824089
cam307_w6,135,0.0
cam307_w6,136,0.0
cam307_w6,137,0.0
cam307_w6,138,0.0
cam307_w6,139,0.004754358161648178
cam307_w6,140,0.009508716323296355
cam307_w6,141,0.003169572107765452
cam307_w6,142,0.14421553090332806
cam307_w6,143,0.01347068145800317
cam307_w6,144,0.008716323296354992
cam307_w6,145,0.04992076069730586
cam307_w6,146,0.006339144215530904
cam307_w6,147,0.0
cam307_w6,148,0.0
cam307_w6,149,0.0
cam307_w6,150,0.0
cam307_w6,151,0.0
cam307_w6,152,0.0
cam307_w6,153,0.0
cam307_w6,154,0.0
cam307_w6,155,0.0
cam307_w6,156,0.0
cam307_w6,157,0.0
cam307_w6,158,0.0
cam307_w6,159,0.0
cam307_w6,160,0.0
cam307_w6,161,0.0
cam307_w6,162,0.0
cam307_w6,163,0.0
cam307_w6,164,0.0
cam307_w6,165,0.0
cam307_w6,166,0.02366412213740458
cam307_w6,167,0.0
cam307_w6,168,0.022900763358778626
cam307_w6,169,0.05267175572519084
cam307_w6,170,0.09923664122137404
cam307_w6,171,0.24732824427480915
cam307_w6,172,0.3290076335877863
cam307_w6,173,0.12137404580152672
cam307_w6,174,0.08473282442748091
cam307_w6,175,0.4251908396946565
cam307_w6,176,0.2824427480916031
cam307_w6,177,0.749618320610687
cam307_w6,178,0.8320610687022901
cam307_w6,179,0.5641221374045802
cam307_w6,180,0.5244274809160305
cam307_w6,181,0.2748091603053435
cam307_w6,182,0.2366412213740458
cam307_w6,183,0.02900763358778626
cam307_w6,184,0.003816793893129771
cam307_w6,185,0.0
cam307_w6,186,0.008396946564885497
cam307_w6,187,0.0
cam307_w6,188,0.0
cam307_w6,189,0.0
cam307_w6,190,0.0053435114503816794
cam307_w6,191,0.0
cam307_w6,192,0.0
cam307_w6,193,0.0
cam307_w6,194,0.016793893129770993
cam307_w6,195,0.019083969465648856
cam307_w6,196,0.022137404580152672
cam307_w6,197,0.0
cam307_w6,198,0.0
cam307_w6,199,0.0
cam307_w6,200,0.021374045801526718
cam307_w6,201,0.06870229007633588
cam307_w6,202,0.004580152671755725
cam307_w6,203,0.016793893129770993
cam307_w6,204,0.0
cam307_w6,205,0.0
cam307_w6,206,0.017557251908396947
cam307_w6,207,0.09312977099236641
cam307_w6,208,0.0053435114503816794
cam307_w6,209,0.016793893129770993
cam307_w6,210,0.012213740458015267
cam307_w6,211,0.03358778625954199
cam307_w6,212,0.025954198473282442
cam307_w6,213,0.0015267175572519084
cam307_w6,214,0.0
cam307_w6,215,0.03587786259541985
cam307_w6,216,0.009923664122137405
cam307_w6,217,0.02748091603053435
cam307_w6,218,0.11221374045801527
cam307_w6,219,0.028244274809160305
cam307_w6,220,0.0
cam307_w6,221,0.0
cam307_w6,222,0.0
cam307_w6,223,0.0
cam307_w6,224,0.0
cam307_w6,225,0.0
cam307_w6,226,0.0
cam307_w6,227,0.0
cam307_w6,228,0.0
cam307_w6,229,0.0
cam307_w6,230,0.006130790190735695
cam307_w6,231,0.0
cam307_w6,232,0.0
cam307_w6,233,0.0
cam307_w6,234,0.0
cam307_w6,235,0.013623978201634877
cam307_w6,236,0.0027247956403269754
cam307_w6,237,0.0
cam307_w6,238,0.04495912806539509
cam307_w6,239,0.02656675749318801
cam307_w6,240,0.021798365122615803
cam307_w6,241,0.01907356948228883
cam307_w6,242,0.0170299727520436
cam307_w6,243,0.11716621253405994
cam307_w6,244,0.08787465940054497
cam307_w6,245,0.18324250681198911
cam307_w6,246,0.21798365122615804
cam307_w6,247,0.22888283378746593
cam307_w6,248,0.14986376021798364
cam307_w6,249,0.41757493188010897
cam307_w6,250,0.2847411444141689
cam307_w6,251,0.5524523160762943
cam307_w6,252,0.3460490463215259
cam307_w6,253,0.16961852861035423
cam307_w6,254,0.013623978201634877
cam307_w6,255,0.06335149863760219
cam307_w6,256,0.02452316076294278
cam307_w6,257,0.02656675749318801
cam307_w6,258,0.039509536784741145
cam307_w6,259,0.03814713896457766
cam307_w6,260,0.0326975476839237
cam307_w6,261,0.0013623978201634877
cam307_w6,262,0.0388283378746594
cam307_w6,263,0.017711171662125342
cam307_w6,264,0.04087193460490463
cam307_w6,265,0.008174386920980926
cam307_w6,266,0.014986376021798364
cam307_w6,267,0.020435967302452316
cam307_w6,268,0.08991825613079019
cam307_w6,269,0.03746594005449591
cam307_w6,270,0.04223433242506812
cam307_w6,271,0.06948228882833787
cam307_w6,272,0.14168937329700274
cam307_w6,273,0.1709809264305177
cam307_w6,274,0.0667574931880109
cam307_w6,275,0.13215258855585832
cam307_w6,276,0.23433242506811988
cam307_w6,277,0.007493188010899182
cam307_w6,278,0.16212534059945505
cam307_w6,279,0.030653950953678476
cam307_w6,280,0.03474114441416894
cam307_w6,281,0.1396457765667575
cam307_w6,282,0.24046321525885558
cam307_w6,283,0.02111716621253406
cam307_w6,284,0.13896457765667575
cam307_w6,285,0.12057220708446867
cam307_w6,286,0.05790190735694823
cam307_w6,287,0.04495912806539509
cam307_w6,288,0.018392370572207085
cam307_w6,289,0.017711171662125342
cam307_w6,290,0.07288828337874659
cam307_w6,291,0.14168937329700274
cam307_w6,292,0.04223433242506812
cam307_w6,293,0.008855585831062671
cam307_w6,294,0.0013623978201634877
cam307_w6,295,0.04632152588555858
cam307_w6,296,0.0027247956403269754
cam307_w6,297,0.0006811989100817438
cam307_w6,298,0.0
cam307_w6,299,0.0
cam307_w6,300,0.0
cam307_w6,301,0.0034737299174989146
cam307_w6,302,0.0060790273556231
cam307_w6,303,0.0
cam307_w6,304,0.0
cam307_w6,305,0.0
cam307_w6,306,0.0
cam307_w6,307,0.0
cam307_w6,308,0.006947459834997829
cam307_w6,309,0.0004342162396873643
cam307_w6,310,0.006947459834997829
cam307_w6,311,0.0
cam307_w6,312,0.005644811115935736
cam307_w6,313,0.02214502822405558
cam307_w6,314,0.01606600086843248
cam307_w6,315,0.02214502822405558
cam307_w6,316,0.057316543638732086
cam307_w6,317,0.056013894919669995
cam307_w6,318,0.19062092922275292
cam307_w6,319,0.17585757707338254
cam307_w6,320,0.2214502822405558
cam307_w6,321,0.25010855405992183
cam307_w6,322,0.05036908380373426
cam307_w6,323,0.06643508467216674
cam307_w6,324,0.053842813721233174
cam307_w6,325,0.10030395136778116
cam307_w6,326,0.09986973512809379
cam307_w6,327,0.07077724706904039
cam307_w6,328,0.07989578810247504
cam307_w6,329,0.13677811550151975
cam307_w6,330,0.09900130264871906
cam307_w6,331,0.25097698653929656
cam307_w6,332,0.177594442032132
cam307_w6,333,0.0039079461571862786
cam307_w6,334,0.02127659574468085
cam307_w6,335,0.1511072514112028
cam307_w6,336,0.15892314372557534
cam307_w6,337,0.14850195397307858
cam307_w6,338,0.10160660008684325
cam307_w6,339,0.2435953104646114
cam307_w6,340,0.2713851498046027
cam307_w6,341,0.02040816326530612
cam307_w6,342,0.015197568389057751
cam307_w6,343,0.10160660008684325
cam307_w6,344,0.09292227529309596
cam307_w6,345,0.11940946591402518
cam307_w6,346,0.04732957012592271
cam307_w6,347,0.0755536257056014
cam307_w6,348,0.10898827616152844
cam307_w6,349,0.16022579244463742
cam307_w6,350,0.20495006513243597
cam307_w6,351,0.28658271819366044
cam307_w6,352,0.25141120277898393
cam307_w6,353,0.17933130699088146
cam307_w6,354,0.5579678679982631
cam307_w6,355,0.2127659574468085
cam307_w6,356,0.07859313938341293
cam307_w6,357,0.01606600086843248
cam307_w6,358,0.04081632653061224
cam307_w6,359,0.04211897524967434
cam307_w6,360,0.07946157186278767
cam307_w6,361,0.0790273556231003
cam307_w6,362,0.15023881893182806
cam307_w6,363,0.1945288753799392
cam307_w6,364,0.12635692574902302
cam307_w6,365,0.182370820668693
cam307_w6,366,0.5223621363438993
cam307_w6,367,0.03343465045592705
cam307_w6,368,0.06296135475466783
cam307_w6,369,0.018671298306556665
cam307_w6,370,0.09205384281372124
cam307_w6,371,0.02214502822405558
cam307_w6,372,0.010855405992184108
cam307_w6,373,0.04646113764654798
cam307_w6,374,0.015197568389057751
cam307_w6,375,0.03951367781155015
cam308_w3,1,0.0
cam308_w3,2,0.02676864244741874
cam308_w3,3,0.0
cam308_w3,4,0.0019120458891013384
cam308_w3,5,0.039515615041427664
cam308_w3,6,0.0
cam308_w3,7,0.0
cam308_w3,8,0.0
cam308_w3,9,0.0
cam308_w3,10,0.03760356915232632
cam308_w3,11,0.11918419375398343
cam308_w3,12,0.03186743148502231
cam308_w3,13,0.16507329509241556
cam308_w3,14,0.0
cam308_w3,15,0.03123008285532186
cam308_w3,16,0.03505417463352454
cam308_w3,17,0.05417463352453792
cam308_w3,18,0.0006373486297004461
cam308_w3,19,0.0
cam308_w3,20,0.017845761631612493
cam308_w3,21,0.21351179094964945
cam308_w3,22,0.0
cam308_w3,23,0.03441682600382409
cam308_w3,24,0.0579987253027406
cam308_w3,25,0.10834926704907584
cam308_w3,26,0.0006373486297004461
cam308_w3,27,0.005098789037603569
cam308_w3,28,0.055449330783938815
cam308_w3,29,0.08476736775015933
cam308_w3,30,0.18419375398342894
cam308_w3,31,0.1574251115360102
cam308_w3,32,0.2319949012109624
cam308_w3,33,0.039515615041427664
cam308_w3,34,0.15360101975780752
cam308_w3,35,0.5289993626513703
cam308_w3,36,0.0012746972594008922
cam308_w3,37,0.055449330783938815
cam308_w3,38,0.0038240917782026767
cam308_w3,39,0.03441682600382409
cam308_w3,40,0.005098789037603569
cam308_w3,41,0.0
cam308_w3,42,0.0
cam308_w3,43,0.010197578075207138
cam308_w3,44,0.049075844486934354
cam308_w3,45,0.033779477374123644
cam308_w3,46,0.0031867431485022306
cam308_w3,47,0.06819630337794774
cam308_w3,48,0.2536647546207776
cam308_w3,49,0.027405991077119184
cam308_w3,50,0.09241555130656469
cam308_w3,51,0.0
cam308_w3,52,0.021032504780114723
cam308_w3,53,0.0
cam308_w3,54,0.019120458891013385
cam308_w3,55,0.02804333970681963
cam308_w3,56,0.04461440407903123
cam308_w3,57,0.03186743148502231
cam308_w3,58,0.12619502868068833
cam308_w3,59,0.017845761631612493
cam308_w3,60,0.028680688336520075
cam308_w3,61,0.21159974506054813
cam308_w3,62,0.010197578075207138
cam308_w3,63,0.012746972594008922
cam308_w3,64,0.018483110261312937
cam308_w3,65,0.0031867431485022306
cam308_w3,66,0.0006373486297004461
cam308_w3,67,0.0
cam308_w3,68,0.007010834926704908
cam308_w3,69,0.023581899298916506
cam308_w3,70,0.025493945188017845
cam308_w3,71,0.032504780114722756
cam308_w3,72,0.033779477374123644
cam308_w3,73,0.0
cam308_w3,74,0.0
cam308_w3,75,0.06373486297004462
cam308_w3,76,0.0
cam308_w3,77,0.0
cam308_w3,78,0.0
cam308_w3,79,0.0
cam308_w3,80,0.000847457627118644
cam308_w3,81,0.0
cam308_w3,82,0.0
cam308_w3,83,0.002542372881355932
cam308_w3,84,0.0
cam308_w3,85,0.0
cam308_w3,86,0.0
cam308_w3,87,0.0
cam308_w3,88,0.0
cam308_w3,89,0.000847457627118644
cam308_w3,90,0.000847457627118644
cam308_w3,91,0.025423728813559324
cam308_w3,92,0.2796610169491525
cam308_w3,93,0.08050847457627118
cam308_w3,94,0.18389830508474575
cam308_w3,95,0.0
cam308_w3,96,0.18898305084745762
cam308_w3,97,0.15932203389830507
cam308_w3,98,0.13728813559322034
cam308_w3,99,0.2211864406779661
cam308_w3,100,0.10932203389830508
cam308_w3,101,0.2584745762711864
cam308_w3,102,0.3652542372881356
cam308_w3,103,0.7686440677966102
cam308_w3,104,0.47796610169491527
cam308_w3,105,0.5677966101694916
cam308_w3,106,0.9279661016949152
cam308_w3,107,0.19915254237288135
cam308_w3,108,0.4279661016949153
cam308_w3,109,0.000847457627118644
cam308_w3,110,0.05508474576271186
cam308_w3,111,0.03220338983050847
cam308_w3,112,0.00847457627118644
cam308_w3,113,0.01440677966101695
cam308_w3,114,0.0
cam308_w3,115,0.015254237288135594
cam308_w3,116,0.013559322033898305
cam308_w3,117,0.05254237288135593
cam308_w3,118,0.0211864406779661
cam308_w3,119,0.0711864406779661
cam308_w3,120,0.027966101694915254
cam308_w3,121,0.12372881355932204
cam308_w3,122,0.2245762711864407
cam308_w3,123,0.0788135593220339
cam308_w3,124,0.1211864406779661
cam308_w3,125,0.08050847457627118
cam308_w3,126,0.1152542372881356
cam308_w3,127,0.1271186440677966
cam308_w3,128,0.1576271186440678
cam308_w3,129,0.2559322033898305
cam308_w3,130,0.1694915254237288
cam308_w3,131,0.5855932203389831
cam308_w3,132,0.03220338983050847
cam308_w3,133,0.17457627118644067
cam308_w3,134,0.3440677966101695
cam308_w3,135,0.638135593220339
cam308_w3,136,0.5915254237288136
cam308_w3,137,0.19491525423728814
cam308_w3,138,0.02457627118644068
cam308_w3,139,0.0
cam308_w3,140,0.0211864406779661
cam308_w3,141,0.05084745762711865
cam308_w3,142,0.029661016949152543
cam308_w3,143,0.0
cam308_w3,144,0.00423728813559322
cam308_w3,145,0.0
cam308_w3,146,0.0
cam308_w3,147,0.0
cam308_w3,148,0.0
cam308_w3,149,0.0
cam308_w3,150,0.0
cam308_w3,151,0.0
cam308_w3,152,0.0
cam308_w3,153,0.0
cam308_w3,154,0.0
cam308_w3,155,0.0
cam308_w3,156,0.0008688097306689834
cam308_w3,157,0.0
cam308_w3,158,0.0
cam308_w3,159,0.0
cam308_w3,160,0.0
cam308_w3,161,0.0
cam308_w3,162,0.0
cam308_w3,163,0.0
cam308_w3,164,0.0
cam308_w3,165,0.0026064291920069507
cam308_w3,166,0.006081668114682885
cam308_w3,167,0.0026064291920069507
cam308_w3,168,0.0686359687228497
cam308_w3,169,0.13379669852302345
cam308_w3,170,0.0034752389226759338
cam308_w3,171,0.0
cam308_w3,172,0.0
cam308_w3,173,0.0
cam308_w3,174,0.1833188531711555
cam308_w3,175,0.3492615117289314
cam308_w3,176,0.2841007819287576
cam308_w3,177,0.48045178105994785
cam308_w3,178,0.9678540399652477
cam308_w3,179,0.7193744569939183
cam308_w3,180,0.5760208514335361
cam308_w3,181,0.0
cam308_w3,182,0.0
cam308_w3,183,0.0
cam308_w3,184,0.0
cam308_w3,185,0.0
cam308_w3,186,0.0
cam308_w3,187,0.0
cam308_w3,188,0.0026064291920069507
cam308_w3,189,0.0
cam308_w3,190,0.0
cam308_w3,191,0.0
cam308_w3,192,0.0
cam308_w3,193,0.0
cam308_w3,194,0.0
cam308_w3,195,0.0034752389226759338
cam308_w3,196,0.0034752389226759338
cam308_w3,197,0.0017376194613379669
cam308_w3,198,0.04083405734144222
cam308_w3,199,0.03214596003475239
cam308_w3,200,0.03996524761077324
cam308_w3,201,0.030408340573414423
cam308_w3,202,0.04865334491746308
cam308_w3,203,0.0
cam308_w3,204,0.0
cam308_w3,205,0.01737619461337967
cam308_w3,206,0.08774978279756733
cam308_w3,207,0.15117289313640314
cam308_w3,208,0.09556907037358818
cam308_w3,209,0.0
cam308_w3,210,0.0
cam308_w3,211,0.0
cam308_w3,212,0.0
cam308_w3,213,0.0
cam308_w3,214,0.0
cam308_w3,215,0.052128583840139006
cam308_w3,216,0.05734144222415291
cam308_w3,217,0.020851433536055605
cam308_w3,218,0.0894874022589053
cam308_w3,219,0.043440486533449174
cam308_w3,220,0.0
cam308_w3,221,0.004344048653344918
cam308_w3,222,0.0034752389226759338
cam308_w3,223,0.0
cam308_w3,224,0.0
cam308_w3,225,0.0
cam308_w3,226,0.0
cam308_w3,227,0.0
cam308_w3,228,0.0
cam308_w3,229,0.0007017543859649122
cam308_w3,230,0.0
cam308_w3,231,0.0
cam308_w3,232,0.0
cam308_w3,233,0.0
cam308_w3,234,0.0
cam308_w3,235,0.0
cam308_w3,236,0.0
cam308_w3,237,0.0
cam308_w3,238,0.011228070175438596
cam308_w3,239,0.002807017543859649
cam308_w3,240,0.04842105263157895
cam308_w3,241,0.0
cam308_w3,242,0.0
cam308_w3,243,0.002807017543859649
cam308_w3,244,0.028070175438596492
cam308_w3,245,0.08842105263157894
cam308_w3,246,0.032280701754385965
cam308_w3,247,0.06315789473684211
cam308_w3,248,0.16701754385964912
cam308_w3,249,0.24701754385964914
cam308_w3,250,0.07508771929824562
cam308_w3,251,0.1312280701754386
cam308_w3,252,0.47789473684210526
cam308_w3,253,0.26596491228070174
cam308_w3,254,0.15228070175438596
cam308_w3,255,0.5515789473684211
cam308_w3,256,0.11298245614035088
cam308_w3,257,0.1080701754385965
cam308_w3,258,0.004210526315789474
cam308_w3,259,0.04912280701754386
cam308_w3,260,0.08210526315789474
cam308_w3,261,0.03859649122807018
cam308_w3,262,0.05754385964912281
cam308_w3,263,0.062456140350877196
cam308_w3,264,0.08140350877192983
cam308_w3,265,0.13052631578947368
cam308_w3,266,0.08421052631578947
cam308_w3,267,0.14666666666666667
cam308_w3,268,0.018245614035087718
cam308_w3,269,0.023859649122807018
cam308_w3,270,0.10245614035087719
cam308_w3,271,0.015438596491228071
cam308_w3,272,0.0
cam308_w3,273,0.023157894736842106
cam308_w3,274,0.12842105263157894
cam308_w3,275,0.08140350877192983
cam308_w3,276,0.011929824561403509
cam308_w3,277,0.019649122807017545
cam308_w3,278,0.0968421052631579
cam308_w3,279,0.0035087719298245615
cam308_w3,280,0.18666666666666668
cam308_w3,281,0.22245614035087719
cam308_w3,282,0.042105263157894736
cam308_w3,283,0.09052631578947369
cam308_w3,284,0.13894736842105262
cam308_w3,285,0.27228070175438596
cam308_w3,286,0.24
cam308_w3,287,0.042105263157894736
cam308_w3,288,0.17543859649122806
cam308_w3,289,0.0007017543859649122
cam308_w3,290,0.004210526315789474
cam308_w3,291,0.035789473684210524
cam308_w3,292,0.05263157894736842
cam308_w3,293,0.11789473684210526
cam308_w3,294,0.14175438596491227
cam308_w3,295,0.14736842105263157
cam308_w3,296,0.01263157894736842
cam308_w3,297,0.0007017543859649122
cam308_w3,298,0.011929824561403509
cam308_w3,299,0.0
cam308_w3,300,0.0
cam308_w3,301,0.0
cam308_w3,302,0.0
cam308_w3,303,0.0004347826086956522
cam308_w3,304,0.0004347826086956522
cam308_w3,305,0.0
cam308_w3,306,0.0
cam308_w3,307,0.0
cam308_w3,308,0.0
cam308_w3,309,0.0
cam308_w3,310,0.0
cam308_w3,311,0.0034782608695652175
cam308_w3,312,0.0
cam308_w3,313,0.0
cam308_w3,314,0.013478260869565217
cam308_w3,315,0.011304347826086957
cam308_w3,316,0.10086956521739131
cam308_w3,317,0.03391304347826087
cam308_w3,318,0.09043478260869565
cam308_w3,319,0.09521739130434782
cam308_w3,320,0.1317391304347826
cam308_w3,321,0.08608695652173913
cam308_w3,322,0.02217391304347826
cam308_w3,323,0.24217391304347827
cam308_w3,324,0.21347826086956523
cam308_w3,325,0.09478260869565218
cam308_w3,326,0.11
cam308_w3,327,0.03217391304347826
cam308_w3,328,0.13391304347826086
cam308_w3,329,0.1508695652173913
cam308_w3,330,0.29739130434782607
cam308_w3,331,0.5378260869565218
cam308_w3,332,0.0026086956521739132
cam308_w3,333,0.01217391304347826
cam308_w3,334,0.09695652173913044
cam308_w3,335,0.006956521739130435
cam308_w3,336,0.11434782608695652
cam308_w3,337,0.025652173913043478
cam308_w3,338,0.31782608695652176
cam308_w3,339,0.1191304347826087
cam308_w3,340,0.1565217391304348
cam308_w3,341,0.09956521739130435
cam308_w3,342,0.38217391304347825
cam308_w3,343,0.19086956521739132
cam308_w3,344,0.14695652173913043
cam308_w3,345,0.10434782608695652
cam308_w3,346,0.22565217391304349
cam308_w3,347,0.09652173913043478
cam308_w3,348,0.06869565217391305
cam308_w3,349,0.08652173913043479
cam308_w3,350,0.571304347826087
cam308_w3,351,0.025652173913043478
cam308_w3,352,0.035652173913043476
cam308_w3,353,0.06826086956521739
cam308_w3,354,0.09043478260869565
cam308_w3,355,0.07739130434782608
cam308_w3,356,0.05391304347826087
cam308_w3,357,0.12565217391304348
cam308_w3,358,0.07739130434782608
cam308_w3,359,0.04391304347826087
cam308_w3,360,0.09347826086956522
cam308_w3,361,0.05956521739130435
cam308_w3,362,0.04391304347826087
cam308_w3,363,0.12565217391304348
cam308_w3,364,0.06739130434782609
cam308_w3,365,0.10217391304347827
cam308_w3,366,0.06826086956521739
cam308_w3,367,0.009565217391304347
cam308_w3,368,0.0017391304347826088
cam308_w3,369,0.024782608695652172
cam308_w3,370,0.003043478260869565
cam308_w3,371,0.04
cam308_w3,372,0.18478260869565216
cam308_w3,373,0.14652173913043479
cam308_w3,374,0.02608695652173913
cam308_w3,375,0.025217391304347827
cam308_w5,1,0.00885478158205431
cam308_w5,2,0.0
cam308_w5,3,0.0
cam308_w5,4,0.0
cam308_w5,5,0.0
cam308_w5,6,0.0
cam308_w5,7,0.0
cam308_w5,8,0.0
cam308_w5,9,0.010035419126328217
cam308_w5,10,0.0
cam308_w5,11,0.0
cam308_w5,12,0.0
cam308_w5,13,0.0
cam308_w5,14,0.0005903187721369539
cam308_w5,15,0.04132231404958678
cam308_w5,16,0.0011806375442739079
cam308_w5,17,0.0
cam308_w5,18,0.004132231404958678
cam308_w5,19,0.0017709563164108619
cam308_w5,20,0.004722550177095631
cam308_w5,21,0.047815820543093274
cam308_w5,22,0.24380165289256198
cam308_w5,23,0.410271546635183
cam308_w5,24,0.006493506493506494
cam308_w5,25,0.07615112160566706
cam308_w5,26,0.08382526564344746
cam308_w5,27,0.384297520661157
cam308_w5,28,0.3795749704840614
cam308_w5,29,0.20484061393152303
cam308_w5,30,0.3541912632821724
cam308_w5,31,0.09858323494687131
cam308_w5,32,0.3919716646989374
cam308_w5,33,0.21428571428571427
cam308_w5,34,0.07792207792207792
cam308_w5,35,0.07851239669421488
cam308_w5,36,0.39138134592680046
cam308_w5,37,0.9037780401416765
cam308_w5,38,0.6523022432113341
cam308_w5,39,0.29811097992916175
cam308_w5,40,0.0023612750885478157
cam308_w5,41,0.0
cam308_w5,42,0.1399055489964581
cam308_w5,43,0.333530106257379
cam308_w5,44,0.28394332939787487
cam308_w5,45,0.9793388429752066
cam308_w5,46,0.4970484061393152
cam308_w5,47,0.8878394332939787
cam308_w5,48,0.13754427390791027
cam308_w5,49,0.6782762691853601
cam308_w5,50,0.6977567886658795
cam308_w5,51,0.5454545454545454
cam308_w5,52,0.09031877213695395
cam308_w5,53,0.02538370720188902
cam308_w5,54,0.0005903187721369539
cam308_w5,55,0.0011806375442739079
cam308_w5,56,0.023612750885478158
cam308_w5,57,0.2361275088547816
cam308_w5,58,0.07851239669421488
cam308_w5,59,0.03659976387249114
cam308_w5,60,0.02715466351829988
cam308_w5,61,0.03541912632821724
cam308_w5,62,0.01948051948051948
cam308_w5,63,0.04309327036599764
cam308_w5,64,0.032467532467532464
cam308_w5,65,0.04132231404958678
cam308_w5,66,0.07083825265643448
cam308_w5,67,0.020070838252656435
cam308_w5,68,0.011216056670602124
cam308_w5,69,0.010625737898465172
cam308_w5,70,0.03600944510035419
cam308_w5,71,0.03364817001180637
cam308_w5,72,0.0059031877213695395
cam308_w5,73,0.024793388429752067
cam308_w5,74,0.0
cam308_w5,75,0.0
cam308_w5,76,0.0
cam308_w5,77,0.0
cam308_w5,78,0.0
cam308_w5,79,0.0
cam308_w5,80,0.0
cam308_w5,81,0.0
cam308_w5,82,0.0
cam308_w5,83,0.0
cam308_w5,84,0.0
cam308_w5,85,0.0
cam308_w5,86,0.0
cam308_w5,87,0.0
cam308_w5,88,0.007075471698113208
cam308_w5,89,0.0
cam308_w5,90,0.0
cam308_w5,91,0.0
cam308_w5,92,0.003930817610062893
cam308_w5,93,0.009433962264150943
cam308_w5,94,0.08883647798742138
cam308_w5,95,0.0
cam308_w5,96,0.0
cam308_w5,97,0.4716981132075472
cam308_w5,98,0.6014150943396226
cam308_w5,99,0.2688679245283019
cam308_w5,100,0.4229559748427673
cam308_w5,101,0.06367924528301887
cam308_w5,102,0.1690251572327044
cam308_w5,103,0.5007861635220126
cam308_w5,104,0.21619496855345913
cam308_w5,105,0.13679245283018868
cam308_w5,106,0.054245283018867926
cam308_w5,107,0.7382075471698113
cam308_w5,108,0.20676100628930819
cam308_w5,109,0.6768867924528302
cam308_w5,110,0.5172955974842768
cam308_w5,111,0.6352201257861635
cam308_w5,112,0.10377358490566038
cam308_w5,113,0.1069182389937107
cam308_w5,114,0.0015723270440251573
cam308_w5,115,0.0110062893081761
cam308_w5,116,0.0
cam308_w5,117,0.009433962264150943
cam308_w5,118,0.12342767295597484
cam308_w5,119,0.19654088050314467
cam308_w5,120,0.5031446540880503
cam308_w5,121,0.17452830188679244
cam308_w5,122,0.3011006289308176
cam308_w5,123,0.07075471698113207
cam308_w5,124,0.1540880503144654
cam308_w5,125,0.2672955974842767
cam308_w5,126,0.0007861635220125787
cam308_w5,127,0.04716981132075472
cam308_w5,128,0.050314465408805034
cam308_w5,129,0.014150943396226415
cam308_w5,130,0.0
cam308_w5,131,0.0
cam308_w5,132,0.0047169811320754715
cam308_w5,133,0.0015723270440251573
cam308_w5,134,0.0
cam308_w5,135,0.0
cam308_w5,136,0.0
cam308_w5,137,0.0
cam308_w5,138,0.00550314465408805
cam308_w5,139,0.0
cam308_w5,140,0.0015723270440251573
cam308_w5,141,0.03459119496855346
cam308_w5,142,0.10141509433962265
cam308_w5,143,0.0007861635220125787
cam308_w5,144,0.0
cam308_w5,145,0.019654088050314465
cam308_w5,146,0.0
cam308_w5,147,0.0
cam308_w5,148,0.0
cam308_w5,149,0.0
cam308_w5,150,0.0
cam308_w5,151,0.0
cam308_w5,152,0.0
cam308_w5,153,0.0
cam308_w5,154,0.006606110652353427
cam308_w5,155,0.01981833195706028
cam308_w5,156,0.0
cam308_w5,157,0.0
cam308_w5,158,0.0
cam308_w5,159,0.0
cam308_w5,160,0.0
cam308_w5,161,0.0
cam308_w5,162,0.00495458298926507
cam308_w5,163,0.0
cam308_w5,164,0.0
cam308_w5,165,0.0
cam308_w5,166,0.03220478943022296
cam308_w5,167,0.018166804293971925
cam308_w5,168,0.03963666391412056
cam308_w5,169,0.16928158546655656
cam308_w5,170,0.5375722543352601
cam308_w5,171,0.11147811725846409
cam308_w5,172,0.4607762180016515
cam308_w5,173,0.41370767960363336
cam308_w5,174,0.7720891824938068
cam308_w5,175,0.4161849710982659
cam308_w5,176,0.20809248554913296
cam308_w5,177,0.17753922378199835
cam308_w5,178,0.5227085053674649
cam308_w5,179,0.43022295623451695
cam308_w5,180,0.0
cam308_w5,181,0.016515276630883566
cam308_w5,182,0.0
cam308_w5,183,0.0033030553261767133
cam308_w5,184,0.002477291494632535
cam308_w5,185,0.00495458298926507
cam308_w5,186,0.018992568125516102
cam308_w5,187,0.0033030553261767133
cam308_w5,188,0.007431874483897605
cam308_w5,189,0.0
cam308_w5,190,0.005780346820809248
cam308_w5,191,0.014037985136251032
cam308_w5,192,0.02972749793559042
cam308_w5,193,0.0
cam308_w5,194,0.002477291494632535
cam308_w5,195,0.05945499587118084
cam308_w5,196,0.0
cam308_w5,197,0.0016515276630883566
cam308_w5,198,0.028075970272502065
cam308_w5,199,0.00495458298926507
cam308_w5,200,0.016515276630883566
cam308_w5,201,0.0
cam308_w5,202,0.0016515276630883566
cam308_w5,203,0.0
cam308_w5,204,0.0
cam308_w5,205,0.018992568125516102
cam308_w5,206,0.0
cam308_w5,207,0.0016515276630883566
cam308_w5,208,0.01568951279933939
cam308_w5,209,0.09744013212221304
cam308_w5,210,0.007431874483897605
cam308_w5,211,0.01486374896779521
cam308_w5,212,0.04459124690338563
cam308_w5,213,0.22791081750619324
cam308_w5,214,0.0
cam308_w5,215,0.04128819157720892
cam308_w5,216,0.0
cam308_w5,217,0.022295623451692816
cam308_w5,218,0.0
cam308_w5,219,0.0033030553261767133
cam308_w5,220,0.0
cam308_w5,221,0.0
cam308_w5,222,0.0
cam308_w5,223,0.008257638315441783
cam308_w5,224,0.012386457473162676
cam308_w5,225,0.00495458298926507
cam308_w5,226,0.0
cam308_w5,227,0.002148997134670487
cam308_w5,228,0.0
cam308_w5,229,0.0
cam308_w5,230,0.0
cam308_w5,231,0.0
cam308_w5,232,0.0
cam308_w5,233,0.0
cam308_w5,234,0.0
cam308_w5,235,0.0071633237822349575
cam308_w5,236,0.0035816618911174787
cam308_w5,237,0.0035816618911174787
cam308_w5,238,0.0
cam308_w5,239,0.044412607449856735
cam308_w5,240,0.08595988538681948
cam308_w5,241,0.04011461318051576
cam308_w5,242,0.1977077363896848
cam308_w5,243,0.04011461318051576
cam308_w5,244,0.01504297994269341
cam308_w5,245,0.0014326647564469914
cam308_w5,246,0.20630372492836677
cam308_w5,247,0.19054441260744986
cam308_w5,248,0.07879656160458452
cam308_w5,249,0.330945558739255
cam308_w5,250,0.08739255014326648
cam308_w5,251,0.34742120343839544
cam308_w5,252,0.06017191977077364
cam308_w5,253,0.08810888252148998
cam308_w5,254,0.0651862464183381
cam308_w5,255,0.1361031518624642
cam308_w5,256,0.15687679083094555
cam308_w5,257,0.025071633237822348
cam308_w5,258,0.052292263610315186
cam308_w5,259,0.14541547277936961
cam308_w5,260,0.1010028653295129
cam308_w5,261,0.014326647564469915
cam308_w5,262,0.1683381088825215
cam308_w5,263,0.08094555873925502
cam308_w5,264,0.5952722063037249
cam308_w5,265,0.17550143266475646
cam308_w5,266,0.7614613180515759
cam308_w5,267,0.44269340974212035
cam308_w5,268,0.22492836676217765
cam308_w5,269,0.19627507163323782
cam308_w5,270,0.054441260744985676
cam308_w5,271,0.08094555873925502
cam308_w5,272,0.025071633237822348
cam308_w5,273,0.014326647564469915
cam308_w5,274,0.09670487106017192
cam308_w5,275,0.14541547277936961
cam308_w5,276,0.0057306590257879654
cam308_w5,277,0.14398280802292263
cam308_w5,278,0.04011461318051576
cam308_w5,279,0.015759312320916905
cam308_w5,280,0.044412607449856735
cam308_w5,281,0.14541547277936961
cam308_w5,282,0.022922636103151862
cam308_w5,283,0.025787965616045846
cam308_w5,284,0.07521489971346705
cam308_w5,285,0.04727793696275072
cam308_w5,286,0.03724928366762178
cam308_w5,287,0.0014326647564469914
cam308_w5,288,0.013610315186246419
cam308_w5,289,0.0
cam308_w5,290,0.04083094555873926
cam308_w5,291,0.0
cam308_w5,292,0.04512893982808023
cam308_w5,293,0.054441260744985676
cam308_w5,294,0.03151862464183381
cam308_w5,295,0.0014326647564469914
cam308_w5,296,0.029369627507163324
cam308_w5,297,0.015759312320916905
cam308_w5,298,0.0007163323782234957
cam308_w5,299,0.0064469914040114614
cam308_w5,300,0.0
cam308_w5,301,0.0
cam308_w5,302,0.0
cam308_w5,303,0.0
cam308_w5,304,0.0
cam308_w5,305,0.0
cam308_w5,306,0.0
cam308_w5,307,0.0
cam308_w5,308,0.0017605633802816902
cam308_w5,309,0.0
cam308_w5,310,0.0
cam308_w5,311,0.0
cam308_w5,312,0.0022007042253521128
cam308_w5,313,0.0013204225352112676
cam308_w5,314,0.0
cam308_w5,315,0.0044014084507042256
cam308_w5,316,0.023327464788732395
cam308_w5,317,0.06778169014084508
cam308_w5,318,0.043133802816901406
cam308_w5,319,0.0625
cam308_w5,320,0.06205985915492958
cam308_w5,321,0.03169014084507042
cam308_w5,322,0.025528169014084508
cam308_w5,323,0.10475352112676056
cam308_w5,324,0.11003521126760564
cam308_w5,325,0.16285211267605634
cam308_w5,326,0.13512323943661972
cam308_w5,327,0.43045774647887325
cam308_w5,328,0.5092429577464789
cam308_w5,329,0.06073943661971831
cam308_w5,330,0.03697183098591549
cam308_w5,331,0.06778169014084508
cam308_w5,332,0.02068661971830986
cam308_w5,333,0.0994718309859155
cam308_w5,334,0.1813380281690141
cam308_w5,335,0.18970070422535212
cam308_w5,336,0.30149647887323944
cam308_w5,337,0.22183098591549297
cam308_w5,338,0.20818661971830985
cam308_w5,339,0.1993838028169014
cam308_w5,340,0.20774647887323944
cam308_w5,341,0.17693661971830985
cam308_w5,342,0.29577464788732394
cam308_w5,343,0.007922535211267605
cam308_w5,344,0.1267605633802817
cam308_w5,345,0.09595070422535211
cam308_w5,346,0.1131161971830986
cam308_w5,347,0.023327464788732395
cam308_w5,348,0.06029929577464789
cam308_w5,349,0.012764084507042254
cam308_w5,350,0.022887323943661973
cam308_w5,351,0.09066901408450705
cam308_w5,352,0.18485915492957747
cam308_w5,353,0.025088028169014086
cam308_w5,354,0.14172535211267606
cam308_w5,355,0.2306338028169014
cam308_w5,356,0.40933098591549294
cam308_w5,357,0.2011443661971831
cam308_w5,358,0.1267605633802817
cam308_w5,359,0.02464788732394366
cam308_w5,360,0.01716549295774648
cam308_w5,361,0.016285211267605633
cam308_w5,362,0.013204225352112676
cam308_w5,363,0.03125
cam308_w5,364,0.03917253521126761
cam308_w5,365,0.015404929577464789
cam308_w5,366,0.0880281690140845
cam308_w5,367,0.003961267605633803
cam308_w5,368,0.006602112676056338
cam308_w5,369,0.015404929577464789
cam308_w5,370,0.06778169014084508
cam308_w5,371,0.09859154929577464
cam308_w5,372,0.28036971830985913
cam308_w5,373,0.08318661971830986
cam308_w5,374,0.19410211267605634
cam308_w5,375,0.10607394366197183
cam309_w1,1,0.0
cam309_w1,2,0.0
cam309_w1,3,0.0036900369003690036
cam309_w1,4,0.0
cam309_w1,5,0.0
cam309_w1,6,0.0
cam309_w1,7,0.008610086100861008
cam309_w1,8,0.0
cam309_w1,9,0.0
cam309_w1,10,0.0
cam309_w1,11,0.010455104551045511
cam309_w1,12,0.1033210332103321
cam309_w1,13,0.11562115621156212
cam309_w1,14,0.42988929889298894
cam309_w1,15,0.4059040590405904
cam309_w1,16,0.0006150061500615006
cam309_w1,17,0.0
cam309_w1,18,0.0
cam309_w1,19,0.022755227552275523
cam309_w1,20,0.0
cam309_w1,21,0.13284132841328414
cam309_w1,22,0.502460024600246
cam309_w1,23,0.0
cam309_w1,24,0.023370233702337023
cam309_w1,25,0.0
cam309_w1,26,0.1875768757687577
cam309_w1,27,0.7890528905289053
cam309_w1,28,0.0971709717097171
cam309_w1,29,0.041820418204182044
cam309_w1,30,0.6008610086100861
cam309_w1,31,0.3843788437884379
cam309_w1,32,0.0006150061500615006
cam309_w1,33,0.027675276752767528
cam309_w1,34,0.20418204182041821
cam309_w1,35,0.04858548585485855
cam309_w1,36,0.007995079950799507
cam309_w1,37,0.04366543665436654
cam309_w1,38,0.0012300123001230013
cam309_w1,39,0.17896678966789667
cam309_w1,40,0.023985239852398525
cam309_w1,41,0.35301353013530135
cam309_w1,42,0.07380073800738007
cam309_w1,43,0.06088560885608856
cam309_w1,44,0.3462484624846248
cam309_w1,45,0.006765067650676507
cam309_w1,46,0.0
cam309_w1,47,0.16051660516605165
cam309_w1,48,0.03198031980319803
cam309_w1,49,0.6617466174661747
cam309_w1,50,0.12669126691266913
cam309_w1,51,0.8610086100861009
cam309_w1,52,0.12300123001230012
cam309_w1,53,0.023370233702337023
cam309_w1,54,0.12730627306273062
cam309_w1,55,0.35547355473554737
cam309_w1,56,0.07380073800738007
cam309_w1,57,0.014145141451414513
cam309_w1,58,0.028290282902829027
cam309_w1,59,0.015375153751537515
cam309_w1,60,0.03013530135301353
cam309_w1,61,0.01783517835178352
cam309_w1,62,0.10516605166051661
cam309_w1,63,0.04551045510455105
cam309_w1,64,0.05166051660516605
cam309_w1,65,0.024600246002460024
cam309_w1,66,0.15252152521525214
cam309_w1,67,0.21279212792127922
cam309_w1,68,0.09348093480934809
cam309_w1,69,0.055965559655596554
cam309_w1,70,0.004920049200492005
cam309_w1,71,0.0024600246002460025
cam309_w1,72,0.022755227552275523
cam309_w1,73,0.0
cam309_w1,74,0.0018450184501845018
cam309_w1,75,0.012915129151291513
cam309_w1,76,0.0
cam309_w1,77,0.0
cam309_w1,78,0.0
cam309_w1,79,0.005212858384013901
cam309_w1,80,0.0
cam309_w1,81,0.0
cam309_w1,82,0.0
cam309_w1,83,0.0
cam309_w1,84,0.0
cam309_w1,85,0.01998262380538662
cam309_w1,86,0.0
cam309_w1,87,0.0
cam309_w1,88,0.3475238922675934
cam309_w1,89,0.07819287576020852
cam309_w1,90,0.17723718505647262
cam309_w1,91,0.0
cam309_w1,92,0.007819287576020852
cam309_w1,93,0.317115551694179
cam309_w1,94,0.39096437880104257
cam309_w1,95,0.3205907906168549
cam309_w1,96,0.008688097306689836
cam309_w1,97,0.07993049522154648
cam309_w1,98,0.40834057341442226
cam309_w1,99,0.6880973066898349
cam309_w1,100,0.7619461337966985
cam309_w1,101,0.792354474370113
cam309_w1,102,0.6707211120764552
cam309_w1,103,0.8853171155516942
cam309_w1,104,0.5317115551694179
cam309_w1,105,0.4474370112945265
cam309_w1,106,0.04083405734144222
cam309_w1,107,0.17810599478714162
cam309_w1,108,0.0
cam309_w1,109,0.680278019113814
cam309_w1,110,0.6394439617723718
cam309_w1,111,0.16941789748045177
cam309_w1,112,0.04778453518679409
cam309_w1,113,0.0034752389226759338
cam309_w1,114,0.0
cam309_w1,115,0.0
cam309_w1,116,0.008688097306689836
cam309_w1,117,0.0
cam309_w1,118,0.008688097306689836
cam309_w1,119,0.0790616854908775
cam309_w1,120,0.40573414422241527
cam309_w1,121,0.7497827975673328
cam309_w1,122,0.12510860121633363
cam309_w1,123,0.0
cam309_w1,124,0.0017376194613379669
cam309_w1,125,0.0
cam309_w1,126,0.0069504778453518675
cam309_w1,127,0.0008688097306689834
cam309_w1,128,0.004344048653344918
cam309_w1,129,0.016507384882710686
cam309_w1,130,0.020851433536055605
cam309_w1,131,0.4257167680278019
cam309_w1,132,0.1364031277150304
cam309_w1,133,0.24066029539530842
cam309_w1,134,0.15377932232841007
cam309_w1,135,0.0
cam309_w1,136,0.0
cam309_w1,137,0.01737619461337967
cam309_w1,138,0.0
cam309_w1,139,0.0
cam309_w1,140,0.013900955690703735
cam309_w1,141,0.044309296264118156
cam309_w1,142,0.052128583840139006
cam309_w1,143,0.005212858384013901
cam309_w1,144,0.013032145960034752
cam309_w1,145,0.0
cam309_w1,146,0.0
cam309_w1,147,0.0
cam309_w1,148,0.0
cam309_w1,149,0.0
cam309_w1,150,0.0
cam309_w1,151,0.0
cam309_w1,152,0.0
cam309_w1,153,0.0
cam309_w1,154,0.0
cam309_w1,155,0.0
cam309_w1,156,0.0
cam309_w1,157,0.0
cam309_w1,158,0.0
cam309_w1,159,0.0
cam309_w1,160,0.0
cam309_w1,161,0.001694915254237288
cam309_w1,162,0.0
cam309_w1,163,0.007627118644067797
cam309_w1,164,0.005932203389830509
cam309_w1,165,0.0
cam309_w1,166,0.00423728813559322
cam309_w1,167,0.011864406779661017
cam309_w1,168,0.030508474576271188
cam309_w1,169,0.11440677966101695
cam309_w1,170,0.03559322033898305
cam309_w1,171,0.35423728813559324
cam309_w1,172,0.3601694915254237
cam309_w1,173,0.4923728813559322
cam309_w1,174,0.28559322033898304
cam309_w1,175,0.026271186440677965
cam309_w1,176,0.20847457627118643
cam309_w1,177,0.41694915254237286
cam309_w1,178,0.02457627118644068
cam309_w1,179,0.03983050847457627
cam309_w1,180,0.07372881355932204
cam309_w1,181,0.022033898305084745
cam309_w1,182,0.0
cam309_w1,183,0.0
cam309_w1,184,0.0
cam309_w1,185,0.0
cam309_w1,186,0.002542372881355932
cam309_w1,187,0.0
cam309_w1,188,0.002542372881355932
cam309_w1,189,0.0
cam309_w1,190,0.0
cam309_w1,191,0.0
cam309_w1,192,0.0
cam309_w1,193,0.01864406779661017
cam309_w1,194,0.001694915254237288
cam309_w1,195,0.0
cam309_w1,196,0.012711864406779662
cam309_w1,197,0.020338983050847456
cam309_w1,198,0.011016949152542373
cam309_w1,199,0.01864406779661017
cam309_w1,200,0.007627118644067797
cam309_w1,201,0.0
cam309_w1,202,0.0
cam309_w1,203,0.026271186440677965
cam309_w1,204,0.023728813559322035
cam309_w1,205,0.03983050847457627
cam309_w1,206,0.015254237288135594
cam309_w1,207,0.0
cam309_w1,208,0.06779661016949153
cam309_w1,209,0.0211864406779661
cam309_w1,210,0.0
cam309_w1,211,0.007627118644067797
cam309_w1,212,0.0
cam309_w1,213,0.04152542372881356
cam309_w1,214,0.0
cam309_w1,215,0.011016949152542373
cam309_w1,216,0.03898305084745763
cam309_w1,217,0.22033898305084745
cam309_w1,218,0.026271186440677965
cam309_w1,219,0.14915254237288136
cam309_w1,220,0.01440677966101695
cam309_w1,221,0.007627118644067797
cam309_w1,222,0.0
cam309_w1,223,0.002542372881355932
cam309_w1,224,0.0
cam309_w1,225,0.0
cam309_w1,226,0.0
cam309_w1,227,0.0006680026720106881
cam309_w1,228,0.0
cam309_w1,229,0.0013360053440213762
cam309_w1,230,0.014696058784235137
cam309_w1,231,0.0
cam309_w1,232,0.0
cam309_w1,233,0.0
cam309_w1,234,0.0026720106880427524
cam309_w1,235,0.0
cam309_w1,236,0.007348029392117568
cam309_w1,237,0.0
cam309_w1,238,0.0006680026720106881
cam309_w1,239,0.0394121576486306
cam309_w1,240,0.011356045424181697
cam309_w1,241,0.04809619238476954
cam309_w1,242,0.09953239812959253
cam309_w1,243,0.012692050768203072
cam309_w1,244,0.01736806947227789
cam309_w1,245,0.07147628590514363
cam309_w1,246,0.10955243820975284
cam309_w1,247,0.4923179692718771
cam309_w1,248,0.2578490313961256
cam309_w1,249,0.14228456913827656
cam309_w1,250,0.42150968603874417
cam309_w1,251,0.5891783567134269
cam309_w1,252,0.2859051436205745
cam309_w1,253,0.3967935871743487
cam309_w1,254,0.46760187040748163
cam309_w1,255,0.27521710086840345
cam309_w1,256,0.0006680026720106881
cam309_w1,257,0.0006680026720106881
cam309_w1,258,0.0026720106880427524
cam309_w1,259,0.0006680026720106881
cam309_w1,260,0.016700066800267203
cam309_w1,261,0.01603206412825651
cam309_w1,262,0.0013360053440213762
cam309_w1,263,0.02404809619238477
cam309_w1,264,0.009352037408149633
cam309_w1,265,0.018036072144288578
cam309_w1,266,0.0
cam309_w1,267,0.0
cam309_w1,268,0.0026720106880427524
cam309_w1,269,0.0
cam309_w1,270,0.02338009352037408
cam309_w1,271,0.007348029392117568
cam309_w1,272,0.008684034736138945
cam309_w1,273,0.018036072144288578
cam309_w1,274,0.01002004008016032
cam309_w1,275,0.0033400133600534404
cam309_w1,276,0.035404141616566465
cam309_w1,277,0.006680026720106881
cam309_w1,278,0.02404809619238477
cam309_w1,279,0.11289245156980628
cam309_w1,280,0.07682030728122913
cam309_w1,281,0.026720106880427523
cam309_w1,282,0.024716098864395457
cam309_w1,283,0.011356045424181697
cam309_w1,284,0.025384101536406144
cam309_w1,285,0.011356045424181697
cam309_w1,286,0.0006680026720106881
cam309_w1,287,0.018704074816299265
cam309_w1,288,0.006680026720106881
cam309_w1,289,0.047428189712758854
cam309_w1,290,0.0841683366733467
cam309_w1,291,0.06613226452905811
cam309_w1,292,0.018036072144288578
cam309_w1,293,0.0
cam309_w1,294,0.0
cam309_w1,295,0.005344021376085505
cam309_w1,296,0.0
cam309_w1,297,0.0
cam309_w1,298,0.0
cam309_w1,299,0.0
cam309_w1,300,0.0
cam309_w1,301,0.0
cam309_w1,302,0.0
cam309_w1,303,0.0
cam309_w1,304,0.0039079461571862786
cam309_w1,305,0.0
cam309_w1,306,0.00911854103343465
cam309_w1,307,0.0
cam309_w1,308,0.0
cam309_w1,309,0.0
cam309_w1,310,0.0
cam309_w1,311,0.03386886669561442
cam309_w1,312,0.006513243595310464
cam309_w1,313,0.03560573165436387
cam309_w1,314,0.012592270950933565
cam309_w1,315,0.006947459834997829
cam309_w1,316,0.011289622231871473
cam309_w1,317,0.013026487190620929
cam309_w1,318,0.10377768128528007
cam309_w1,319,0.04429005644811116
cam309_w1,320,0.05036908380373426
cam309_w1,321,0.0182370820668693
cam309_w1,322,0.013460703430308293
cam309_w1,323,0.013460703430308293
cam309_w1,324,0.15848892748588797
cam309_w1,325,0.052105948762483714
cam309_w1,326,0.007815892314372557
cam309_w1,327,0.13069908814589665
cam309_w1,328,0.02214502822405558
cam309_w1,329,0.061658706035605734
cam309_w1,330,0.10594876248371689
cam309_w1,331,0.13069908814589665
cam309_w1,332,0.09596178897090751
cam309_w1,333,0.29092488059053406
cam309_w1,334,0.25097698653929656
cam309_w1,335,0.17498914459400783
cam309_w1,336,0.1094224924012158
cam309_w1,337,0.2857142857142857
cam309_w1,338,0.1471993052540165
cam309_w1,339,0.18150238818931827
cam309_w1,340,0.07859313938341293
cam309_w1,341,0.08380373425966131
cam309_w1,342,0.0
cam309_w1,343,0.012592270950933565
cam309_w1,344,0.03386886669561442
cam309_w1,345,0.08250108554059922
cam309_w1,346,0.17498914459400783
cam309_w1,347,0.1923577941815024
cam309_w1,348,0.06382978723404255
cam309_w1,349,0.15979157620495008
cam309_w1,350,0.052105948762483714
cam309_w1,351,0.11506730351715154
cam309_w1,352,0.07381676074685194
cam309_w1,353,0.10725141120277898
cam309_w1,354,0.07815892314372558
cam309_w1,355,0.04211897524967434
cam309_w1,356,0.2045158488927486
cam309_w1,357,0.08988276161528441
cam309_w1,358,0.062092922275293096
cam309_w1,359,0.0864090316977855
cam309_w1,360,0.08076422058184976
cam309_w1,361,0.13113330438558402
cam309_w1,362,0.052974381241858444
cam309_w1,363,0.1458966565349544
cam309_w1,364,0.15718627876682587
cam309_w1,365,0.10290924880590534
cam309_w1,366,0.0034737299174989146
cam309_w1,367,0.0004342162396873643
cam309_w1,368,0.0026052974381241857
cam309_w1,369,0.05167173252279635
cam309_w1,370,0.1532783326096396
cam309_w1,371,0.0008684324793747286
cam309_w1,372,0.06382978723404255
cam309_w1,373,0.04298740772904907
cam309_w1,374,0.1289622231871472
cam309_w1,375,0.00998697351280938
cam309_w3,1,0.0
cam309_w3,2,0.0
cam309_w3,3,0.0
cam309_w3,4,0.023557126030624265
cam309_w3,5,0.01707891637220259
cam309_w3,6,0.015312131919905771
cam309_w3,7,0.0
cam309_w3,8,0.0
cam309_w3,9,0.11837455830388692
cam309_w3,10,0.03651354534746761
cam309_w3,11,0.0
cam309_w3,12,0.0
cam309_w3,13,0.035924617196702
cam309_w3,14,0.12661955241460543
cam309_w3,15,0.07243816254416961
cam309_w3,16,0.0
cam309_w3,17,0.3380447585394582
cam309_w3,18,0.2997644287396938
cam309_w3,19,0.3669022379269729
cam309_w3,20,0.04299175500588928
cam309_w3,21,0.09481743227326266
cam309_w3,22,0.11896348645465253
cam309_w3,23,0.06949352179034157
cam309_w3,24,0.014134275618374558
cam309_w3,25,0.0005889281507656066
cam309_w3,26,0.010011778563015312
cam309_w3,27,0.2067137809187279
cam309_w3,28,0.610718492343934
cam309_w3,29,0.3492343934040047
cam309_w3,30,0.27267373380447585
cam309_w3,31,0.0
cam309_w3,32,0.04534746760895171
cam309_w3,33,0.001177856301531213
cam309_w3,34,0.022968197879858657
cam309_w3,35,0.061248527679623084
cam309_w3,36,0.0
cam309_w3,37,0.02061248527679623
cam309_w3,38,0.03828032979976443
cam309_w3,39,0.2697290930506478
cam309_w3,40,0.4163722025912839
cam309_w3,41,0.0088339222614841
cam309_w3,42,0.0
cam309_w3,43,0.048292108362779744
cam309_w3,44,0.11071849234393404
cam309_w3,45,0.018256772673733806
cam309_w3,46,0.06419316843345112
cam309_w3,47,0.06831566548881036
cam309_w3,48,0.24617196702002356
cam309_w3,49,0.23910482921083628
cam309_w3,50,0.2049469964664311
cam309_w3,51,0.4093050647820966
cam309_w3,52,0.43227326266195526
cam309_w3,53,0.3339222614840989
cam309_w3,54,0.2479387514723204
cam309_w3,55,0.395170789163722
cam309_w3,56,0.5011778563015312
cam309_w3,57,0.10777385159010601
cam309_w3,58,0.30977620730270905
cam309_w3,59,0.3221436984687868
cam309_w3,60,0.12014134275618374
cam309_w3,61,0.12073027090694935
cam309_w3,62,0.02061248527679623
cam309_w3,63,0.05889281507656066
cam309_w3,64,0.13015312131919907
cam309_w3,65,0.02061248527679623
cam309_w3,66,0.052414605418138985
cam309_w3,67,0.04122497055359246
cam309_w3,68,0.027090694935217905
cam309_w3,69,0.10895170789163722
cam309_w3,70,0.09246171967020024
cam309_w3,71,0.002944640753828033
cam309_w3,72,0.0
cam309_w3,73,0.0017667844522968198
cam309_w3,74,0.0
cam309_w3,75,0.0
cam309_w3,76,0.0
cam309_w3,77,0.0
cam309_w3,78,0.0
cam309_w3,79,0.0
cam309_w3,80,0.0
cam309_w3,81,0.0
cam309_w3,82,0.0
cam309_w3,83,0.0
cam309_w3,84,0.0
cam309_w3,85,0.18088737201365188
cam309_w3,86,0.0
cam309_w3,87,0.017064846416382253
cam309_w3,88,0.052901023890784986
cam309_w3,89,0.13993174061433447
cam309_w3,90,0.05716723549488054
cam309_w3,91,0.6143344709897611
cam309_w3,92,0.12116040955631399
cam309_w3,93,0.3225255972696246
cam309_w3,94,0.3848122866894198
cam309_w3,95,0.0
cam309_w3,96,0.05716723549488054
cam309_w3,97,0.6510238907849829
cam309_w3,98,0.13737201365187712
cam309_w3,99,0.0
cam309_w3,100,0.005119453924914676
cam309_w3,101,0.0
cam309_w3,102,0.19539249146757678
cam309_w3,103,0.4283276450511945
cam309_w3,104,0.3856655290102389
cam309_w3,105,0.043515358361774746
cam309_w3,106,0.0
cam309_w3,107,0.507679180887372
cam309_w3,108,0.537542662116041
cam309_w3,109,0.48976109215017066
cam309_w3,110,0.024744027303754267
cam309_w3,111,0.00938566552901024
cam309_w3,112,0.005972696245733789
cam309_w3,113,0.023890784982935155
cam309_w3,114,0.005119453924914676
cam309_w3,115,0.04863481228668942
cam309_w3,116,0.0
cam309_w3,117,0.0017064846416382253
cam309_w3,118,0.0
cam309_w3,119,0.011092150170648464
cam309_w3,120,0.05716723549488054
cam309_w3,121,0.13395904436860068
cam309_w3,122,0.6800341296928327
cam309_w3,123,0.6049488054607508
cam309_w3,124,0.6040955631399317
cam309_w3,125,0.4104095563139932
cam309_w3,126,0.24744027303754265
cam309_w3,127,0.0
cam309_w3,128,0.09385665529010238
cam309_w3,129,0.0
cam309_w3,130,0.0
cam309_w3,131,0.0
cam309_w3,132,0.007679180887372013
cam309_w3,133,0.040955631399317405
cam309_w3,134,0.0
cam309_w3,135,0.0008532423208191126
cam309_w3,136,0.0
cam309_w3,137,0.0
cam309_w3,138,0.0
cam309_w3,139,0.006825938566552901
cam309_w3,140,0.0
cam309_w3,141,0.10324232081911262
cam309_w3,142,0.09982935153583618
cam309_w3,143,0.006825938566552901
cam309_w3,144,0.015358361774744027
cam309_w3,145,0.0008532423208191126
cam309_w3,146,0.0
cam309_w3,147,0.0
cam309_w3,148,0.0
cam309_w3,149,0.0
cam309_w3,150,0.0
cam309_w3,151,0.0
cam309_w3,152,0.0
cam309_w3,153,0.0
cam309_w3,154,0.0
cam309_w3,155,0.0
cam309_w3,156,0.0
cam309_w3,157,0.0
cam309_w3,158,0.0
cam309_w3,159,0.0
cam309_w3,160,0.01157613535173642
cam309_w3,161,0.0
cam309_w3,162,0.0
cam309_w3,163,0.0
cam309_w3,164,0.0
cam309_w3,165,0.008904719501335707
cam309_w3,166,0.0
cam309_w3,167,0.05253784505788068
cam309_w3,168,0.07569011576135352
cam309_w3,169,0.012466607301869992
cam309_w3,170,0.1772039180765806
cam309_w3,171,0.25289403383793413
cam309_w3,172,0.2929652715939448
cam309_w3,173,0.1522707034728406
cam309_w3,174,0.2894033837934105
cam309_w3,175,0.1219946571682992
cam309_w3,176,0.3045414069456812
cam309_w3,177,0.6081923419412288
cam309_w3,178,0.053428317008014245
cam309_w3,179,0.025823686553873553
cam309_w3,180,0.02226179875333927
cam309_w3,181,0.06767586821015138
cam309_w3,182,0.3081032947462155
cam309_w3,183,0.5031166518254675
cam309_w3,184,0.22974176313446126
cam309_w3,185,0.27960819234194123
cam309_w3,186,0.11665182546749778
cam309_w3,187,0.05609973285841496
cam309_w3,188,0.0
cam309_w3,189,0.0026714158504007124
cam309_w3,190,0.0
cam309_w3,191,0.0
cam309_w3,192,0.0
cam309_w3,193,0.028495102404274265
cam309_w3,194,0.12110418521816563
cam309_w3,195,0.04096170970614425
cam309_w3,196,0.015138023152270703
cam309_w3,197,0.016028495102404273
cam309_w3,198,0.018699910952804988
cam309_w3,199,0.0
cam309_w3,200,0.004452359750667854
cam309_w3,201,0.0
cam309_w3,202,0.0
cam309_w3,203,0.005342831700801425
cam309_w3,204,0.0
cam309_w3,205,0.0
cam309_w3,206,0.008014247551202136
cam309_w3,207,0.0
cam309_w3,208,0.01157613535173642
cam309_w3,209,0.004452359750667854
cam309_w3,210,0.0
cam309_w3,211,0.005342831700801425
cam309_w3,212,0.015138023152270703
cam309_w3,213,0.0008904719501335708
cam309_w3,214,0.019590382902938557
cam309_w3,215,0.016028495102404273
cam309_w3,216,0.034728406055209264
cam309_w3,217,0.028495102404274265
cam309_w3,218,0.0
cam309_w3,219,0.02315227070347284
cam309_w3,220,0.0
cam309_w3,221,0.0
cam309_w3,222,0.0
cam309_w3,223,0.0
cam309_w3,224,0.0
cam309_w3,225,0.0
cam309_w3,226,0.0
cam309_w3,227,0.0
cam309_w3,228,0.004054054054054054
cam309_w3,229,0.0
cam309_w3,230,0.0
cam309_w3,231,0.01891891891891892
cam309_w3,232,0.0
cam309_w3,233,0.0
cam309_w3,234,0.0
cam309_w3,235,0.015540540540540541
cam309_w3,236,0.0006756756756756757
cam309_w3,237,0.04391891891891892
cam309_w3,238,0.033783783783783786
cam309_w3,239,0.008783783783783784
cam309_w3,240,0.10337837837837838
cam309_w3,241,0.08648648648648649
cam309_w3,242,0.3858108108108108
cam309_w3,243,0.43851351351351353
cam309_w3,244,0.31013513513513513
cam309_w3,245,0.4337837837837838
cam309_w3,246,0.22094594594594594
cam309_w3,247,0.09391891891891892
cam309_w3,248,0.11554054054054054
cam309_w3,249,0.24594594594594596
cam309_w3,250,0.20472972972972972
cam309_w3,251,0.5081081081081081
cam309_w3,252,0.33783783783783783
cam309_w3,253,0.004054054054054054
cam309_w3,254,0.016216216216216217
cam309_w3,255,0.006756756756756757
cam309_w3,256,0.016216216216216217
cam309_w3,257,0.007432432432432433
cam309_w3,258,0.0033783783783783786
cam309_w3,259,0.10270270270270271
cam309_w3,260,0.0
cam309_w3,261,0.0
cam309_w3,262,0.010135135135135136
cam309_w3,263,0.06959459459459459
cam309_w3,264,0.0006756756756756757
cam309_w3,265,0.0
cam309_w3,266,0.10202702702702703
cam309_w3,267,0.04256756756756757
cam309_w3,268,0.00472972972972973
cam309_w3,269,0.04594594594594595
cam309_w3,270,0.06283783783783783
cam309_w3,271,0.008108108108108109
cam309_w3,272,0.032432432432432434
cam309_w3,273,0.10067567567567567
cam309_w3,274,0.0722972972972973
cam309_w3,275,0.275
cam309_w3,276,0.27905405405405403
cam309_w3,277,0.08175675675675675
cam309_w3,278,0.010135135135135136
cam309_w3,279,0.327027027027027
cam309_w3,280,0.4925675675675676
cam309_w3,281,0.4527027027027027
cam309_w3,282,0.252027027027027
cam309_w3,283,0.29324324324324325
cam309_w3,284,0.28243243243243243
cam309_w3,285,0.024324324324324326
cam309_w3,286,0.002027027027027027
cam309_w3,287,0.013513513513513514
cam309_w3,288,0.04864864864864865
cam309_w3,289,0.03310810810810811
cam309_w3,290,0.03648648648648649
cam309_w3,291,0.0777027027027027
cam309_w3,292,0.043243243243243246
cam309_w3,293,0.006081081081081081
cam309_w3,294,0.0
cam309_w3,295,0.022972972972972974
cam309_w3,296,0.0
cam309_w3,297,0.0
cam309_w3,298,0.0
cam309_w3,299,0.014864864864864866
cam309_w3,300,0.0
cam309_w3,301,0.0
cam309_w3,302,0.002172024326672459
cam309_w3,303,0.002172024326672459
cam309_w3,304,0.006516072980017376
cam309_w3,305,0.013466550825369244
cam309_w3,306,0.0017376194613379669
cam309_w3,307,0.00999131190269331
cam309_w3,308,0.0008688097306689834
cam309_w3,309,0.007384882710686359
cam309_w3,310,0.06255430060816682
cam309_w3,311,0.046046915725456126
cam309_w3,312,0.0
cam309_w3,313,0.051694178974804515
cam309_w3,314,0.06255430060816682
cam309_w3,315,0.04300608166811468
cam309_w3,316,0.09904430929626412
cam309_w3,317,0.06255430060816682
cam309_w3,318,0.07341442224152911
cam309_w3,319,0.12510860121633363
cam309_w3,320,0.1429192006950478
cam309_w3,321,0.10990443092962641
cam309_w3,322,0.10642919200695047
cam309_w3,323,0.21676802780191137
cam309_w3,324,0.1429192006950478
cam309_w3,325,0.03388357949609035
cam309_w3,326,0.15334491746307558
cam309_w3,327,0.07645525629887055
cam309_w3,328,0.2371850564726325
cam309_w3,329,0.25065160729800173
cam309_w3,330,0.15986099044309296
cam309_w3,331,0.1898349261511729
cam309_w3,332,0.1416159860990443
cam309_w3,333,0.34795829713292786
cam309_w3,334,0.18722849695916594
cam309_w3,335,0.1898349261511729
cam309_w3,336,0.17984361424847958
cam309_w3,337,0.13944396177237184
cam309_w3,338,0.2767158992180712
cam309_w3,339,0.24413553431798435
cam309_w3,340,0.17593397046046916
cam309_w3,341,0.13466550825369245
cam309_w3,342,0.20199826238053867
cam309_w3,343,0.0629887054735013
cam309_w3,344,0.044309296264118156
cam309_w3,345,0.007384882710686359
cam309_w3,346,0.02997393570807993
cam309_w3,347,0.04908774978279757
cam309_w3,348,0.1898349261511729
cam309_w3,349,0.09730668983492616
cam309_w3,350,0.16377063423110338
cam309_w3,351,0.18549087749782797
cam309_w3,352,0.20373588184187663
cam309_w3,353,0.2728062554300608
cam309_w3,354,0.1672458731537793
cam309_w3,355,0.09383145091225022
cam309_w3,356,0.17636837532580366
cam309_w3,357,0.15595134665508253
cam309_w3,358,0.10816681146828845
cam309_w3,359,0.3848827106863597
cam309_w3,360,0.08905299739357081
cam309_w3,361,0.11989574283231973
cam309_w3,362,0.2467419635099913
cam309_w3,363,0.013032145960034752
cam309_w3,364,0.14856646394439618
cam309_w3,365,0.16290182450043442
cam309_w3,366,0.37445699391833187
cam309_w3,367,0.18201563857515204
cam309_w3,368,0.19331016507384882
cam309_w3,369,0.08253692441355343
cam309_w3,370,0.12814943527367506
cam309_w3,371,0.07602085143353605
cam309_w3,372,0.1420503909643788
cam309_w3,373,0.0004344048653344917
cam309_w3,374,0.023023457862728063
cam309_w3,375,0.004344048653344918
cam309_w6,1,0.0
cam309_w6,2,0.0
cam309_w6,3,0.0
cam309_w6,4,0.0
cam309_w6,5,0.0
cam309_w6,6,0.0
cam309_w6,7,0.0
cam309_w6,8,0.0
cam309_w6,9,0.0
cam309_w6,10,0.0
cam309_w6,11,0.0
cam309_w6,12,0.0
cam309_w6,13,0.0
cam309_w6,14,0.0
cam309_w6,15,0.03622327790973872
cam309_w6,16,0.35748218527315917
cam309_w6,17,0.14370546318289787
cam309_w6,18,0.2755344418052256
cam309_w6,19,0.19061757719714964
cam309_w6,20,0.7820665083135392
cam309_w6,21,0.2589073634204275
cam309_w6,22,0.1169833729216152
cam309_w6,23,0.4334916864608076
cam309_w6,24,0.7410926365795725
cam309_w6,25,0.45724465558194777
cam309_w6,26,0.11104513064133016
cam309_w6,27,0.5552256532066508
cam309_w6,28,0.7505938242280285
cam309_w6,29,0.582541567695962
cam309_w6,30,0.0
cam309_w6,31,0.0023752969121140144
cam309_w6,32,0.029097387173396674
cam309_w6,33,0.04453681710213777
cam309_w6,34,0.10332541567695962
cam309_w6,35,0.0017814726840855108
cam309_w6,36,0.07541567695961995
cam309_w6,37,0.23159144893111638
cam309_w6,38,0.08669833729216152
cam309_w6,39,0.04691211401425178
cam309_w6,40,0.0029691211401425177
cam309_w6,41,0.0
cam309_w6,42,0.0
cam309_w6,43,0.0
cam309_w6,44,0.0011876484560570072
cam309_w6,45,0.0
cam309_w6,46,0.05641330166270784
cam309_w6,47,0.007125890736342043
cam309_w6,48,0.006532066508313539
cam309_w6,49,0.0
cam309_w6,50,0.0017814726840855108
cam309_w6,51,0.00831353919239905
cam309_w6,52,0.019596199524940617
cam309_w6,53,0.0017814726840855108
cam309_w6,54,0.04334916864608076
cam309_w6,55,0.016033254156769598
cam309_w6,56,0.0023752969121140144
cam309_w6,57,0.013064133016627079
cam309_w6,58,0.0023752969121140144
cam309_w6,59,0.005344418052256532
cam309_w6,60,0.012470308788598575
cam309_w6,61,0.013657957244655582
cam309_w6,62,0.083729216152019
cam309_w6,63,0.03859857482185273
cam309_w6,64,0.07066508313539192
cam309_w6,65,0.008907363420427554
cam309_w6,66,0.040973871733966744
cam309_w6,67,0.0059382422802850355
cam309_w6,68,0.083729216152019
cam309_w6,69,0.09026128266033254
cam309_w6,70,0.0035629453681710215
cam309_w6,71,0.006532066508313539
cam309_w6,72,0.02494061757719715
cam309_w6,73,0.0
cam309_w6,74,0.0
cam309_w6,75,0.0
cam309_w6,76,0.0
cam309_w6,77,0.0
cam309_w6,78,0.0
cam309_w6,79,0.0
cam309_w6,80,0.0
cam309_w6,81,0.013605442176870748
cam309_w6,82,0.0008503401360544217
cam309_w6,83,0.0
cam309_w6,84,0.004251700680272109
cam309_w6,85,0.0
cam309_w6,86,0.0
cam309_w6,87,0.01870748299319728
cam309_w6,88,0.0008503401360544217
cam309_w6,89,0.0
cam309_w6,90,0.04931972789115646
cam309_w6,91,0.022108843537414966
cam309_w6,92,0.0
cam309_w6,93,0.06547619047619048
cam309_w6,94,0.0
cam309_w6,95,0.18877551020408162
cam309_w6,96,0.5246598639455783
cam309_w6,97,0.2066326530612245
cam309_w6,98,0.24914965986394558
cam309_w6,99,0.26700680272108845
cam309_w6,100,0.32482993197278914
cam309_w6,101,0.45408163265306123
cam309_w6,102,0.7040816326530612
cam309_w6,103,0.5085034013605442
cam309_w6,104,0.8129251700680272
cam309_w6,105,0.7448979591836735
cam309_w6,106,0.7287414965986394
cam309_w6,107,0.3129251700680272
cam309_w6,108,0.7049319727891157
cam309_w6,109,0.3937074829931973
cam309_w6,110,0.858843537414966
cam309_w6,111,0.6267006802721088
cam309_w6,112,0.02465986394557823
cam309_w6,113,0.06802721088435375
cam309_w6,114,0.12329931972789115
cam309_w6,115,0.017006802721088437
cam309_w6,116,0.09693877551020408
cam309_w6,117,0.01020408163265306
cam309_w6,118,0.0977891156462585
cam309_w6,119,0.3120748299319728
cam309_w6,120,0.017006802721088437
cam309_w6,121,0.3401360544217687
cam309_w6,122,0.43537414965986393
cam309_w6,123,0.5034013605442177
cam309_w6,124,0.0
cam309_w6,125,0.32142857142857145
cam309_w6,126,0.008503401360544218
cam309_w6,127,0.015306122448979591
cam309_w6,128,0.06377551020408163
cam309_w6,129,0.02891156462585034
cam309_w6,130,0.004251700680272109
cam309_w6,131,0.004251700680272109
cam309_w6,132,0.0
cam309_w6,133,0.0
cam309_w6,134,0.0
cam309_w6,135,0.0
cam309_w6,136,0.0
cam309_w6,137,0.0
cam309_w6,138,0.0
cam309_w6,139,0.0
cam309_w6,140,0.0
cam309_w6,141,0.002551020408163265
cam309_w6,142,0.1054421768707483
cam309_w6,143,0.03571428571428571
cam309_w6,144,0.0
cam309_w6,145,0.027210884353741496
cam309_w6,146,0.0
cam309_w6,147,0.0
cam309_w6,148,0.0
cam309_w6,149,0.0
cam309_w6,150,0.0
cam309_w6,151,0.0
cam309_w6,152,0.0
cam309_w6,153,0.0
cam309_w6,154,0.0
cam309_w6,155,0.0
cam309_w6,156,0.0
cam309_w6,157,0.0016542597187758478
cam309_w6,158,0.0024813895781637717
cam309_w6,159,0.0
cam309_w6,160,0.0
cam309_w6,161,0.021505376344086023
cam309_w6,162,0.0
cam309_w6,163,0.0
cam309_w6,164,0.0
cam309_w6,165,0.0
cam309_w6,166,0.0033085194375516956
cam309_w6,167,0.033085194375516956
cam309_w6,168,0.0
cam309_w6,169,0.0008271298593879239
cam309_w6,170,0.07526881720430108
cam309_w6,171,0.18444995864350702
cam309_w6,172,0.19768403639371382
cam309_w6,173,0.6674937965260546
cam309_w6,174,0.48635235732009924
cam309_w6,175,0.19106699751861042
cam309_w6,176,0.18114143920595532
cam309_w6,177,0.30355665839536805
cam309_w6,178,0.3250620347394541
cam309_w6,179,0.17204301075268819
cam309_w6,180,0.39950372208436724
cam309_w6,181,0.20926385442514475
cam309_w6,182,0.03556658395368073
cam309_w6,183,0.05624483043837883
cam309_w6,184,0.07775020678246485
cam309_w6,185,0.0
cam309_w6,186,0.015715467328370553
cam309_w6,187,0.016542597187758478
cam309_w6,188,0.07692307692307693
cam309_w6,189,0.22332506203473945
cam309_w6,190,0.11331679073614558
cam309_w6,191,0.0
cam309_w6,192,0.0
cam309_w6,193,0.0016542597187758478
cam309_w6,194,0.011579818031430935
cam309_w6,195,0.010752688172043012
cam309_w6,196,0.0
cam309_w6,197,0.028949545078577336
cam309_w6,198,0.0
cam309_w6,199,0.0041356492969396195
cam309_w6,200,0.030603804797353185
cam309_w6,201,0.01488833746898263
cam309_w6,202,0.004962779156327543
cam309_w6,203,0.0008271298593879239
cam309_w6,204,0.008271298593879239
cam309_w6,205,0.1488833746898263
cam309_w6,206,0.1621174524400331
cam309_w6,207,0.0
cam309_w6,208,0.0008271298593879239
cam309_w6,209,0.0
cam309_w6,210,0.0
cam309_w6,211,0.0
cam309_w6,212,0.0
cam309_w6,213,0.0
cam309_w6,214,0.004962779156327543
cam309_w6,215,0.005789909015715467
cam309_w6,216,0.033085194375516956
cam309_w6,217,0.0827129859387924
cam309_w6,218,0.04797353184449959
cam309_w6,219,0.0
cam309_w6,220,0.0
cam309_w6,221,0.0
cam309_w6,222,0.0
cam309_w6,223,0.0
cam309_w6,224,0.0
cam309_w6,225,0.0
cam309_w6,226,0.0
cam309_w6,227,0.0
cam309_w6,228,0.0
cam309_w6,229,0.0
cam309_w6,230,0.0
cam309_w6,231,0.0
cam309_w6,232,0.0
cam309_w6,233,0.0
cam309_w6,234,0.006954102920723227
cam309_w6,235,0.002086230876216968
cam309_w6,236,0.0034770514603616135
cam309_w6,237,0.018776077885952713
cam309_w6,238,0.0076495132127955496
cam309_w6,239,0.024339360222531293
cam309_w6,240,0.019471488178025034
cam309_w6,241,0.011126564673157162
cam309_w6,242,0.03268428372739916
cam309_w6,243,0.18915159944367177
cam309_w6,244,0.0034770514603616135
cam309_w6,245,0.03546592489568846
cam309_w6,246,0.009735744089012517
cam309_w6,247,0.2426981919332406
cam309_w6,248,0.01321279554937413
cam309_w6,249,0.0917941585535466
cam309_w6,250,0.11613351877607789
cam309_w6,251,0.13282336578581364
cam309_w6,252,0.07719054242002782
cam309_w6,253,0.13351877607788595
cam309_w6,254,0.33031988873435325
cam309_w6,255,0.017385257301808066
cam309_w6,256,0.0
cam309_w6,257,0.0013908205841446453
cam309_w6,258,0.027121001390820583
cam309_w6,259,0.0
cam309_w6,260,0.0
cam309_w6,261,0.004172461752433936
cam309_w6,262,0.009040333796940195
cam309_w6,263,0.01321279554937413
cam309_w6,264,0.027816411682892908
cam309_w6,265,0.017385257301808066
cam309_w6,266,0.005563282336578581
cam309_w6,267,0.015994436717663423
cam309_w6,268,0.02920723226703755
cam309_w6,269,0.009735744089012517
cam309_w6,270,0.05910987482614743
cam309_w6,271,0.013908205841446454
cam309_w6,272,0.03546592489568846
cam309_w6,273,0.004867872044506259
cam309_w6,274,0.0
cam309_w6,275,0.002086230876216968
cam309_w6,276,0.02294853963838665
cam309_w6,277,0.0458970792767733
cam309_w6,278,0.04659248956884562
cam309_w6,279,0.056328233657858134
cam309_w6,280,0.04450625869262865
cam309_w6,281,0.17593880389429764
cam309_w6,282,0.043115438108484005
cam309_w6,283,0.043115438108484005
cam309_w6,284,0.03477051460361613
cam309_w6,285,0.0
cam309_w6,286,0.0006954102920723226
cam309_w6,287,0.034075104311543813
cam309_w6,288,0.006954102920723227
cam309_w6,289,0.04450625869262865
cam309_w6,290,0.01321279554937413
cam309_w6,291,0.06467315716272601
cam309_w6,292,0.015299026425591099
cam309_w6,293,0.05702364394993046
cam309_w6,294,0.043115438108484005
cam309_w6,295,0.0
cam309_w6,296,0.009040333796940195
cam309_w6,297,0.002086230876216968
cam309_w6,298,0.0
cam309_w6,299,0.0
cam309_w6,300,0.005563282336578581
cam309_w6,301,0.0
cam309_w6,302,0.0
cam309_w6,303,0.0
cam309_w6,304,0.003044802087864289
cam309_w6,305,0.0013049151805132667
cam309_w6,306,0.003044802087864289
cam309_w6,307,0.010004349717268378
cam309_w6,308,0.0039147455415398
cam309_w6,309,0.0
cam309_w6,310,0.022618529795563287
cam309_w6,311,0.0
cam309_w6,312,0.0034797738147020443
cam309_w6,313,0.023053501522401043
cam309_w6,314,0.003044802087864289
cam309_w6,315,0.0013049151805132667
cam309_w6,316,0.0026098303610265334
cam309_w6,317,0.007394519356241845
cam309_w6,318,0.10874293170943888
cam309_w6,319,0.0017398869073510222
cam309_w6,320,0.09525880817746847
cam309_w6,321,0.010439321444106133
cam309_w6,322,0.2092214006089604
cam309_w6,323,0.06829056111352762
cam309_w6,324,0.05698129621574598
cam309_w6,325,0.0
cam309_w6,326,0.0117442366246194
cam309_w6,327,0.03001304915180513
cam309_w6,328,0.008264462809917356
cam309_w6,329,0.013049151805132666
cam309_w6,330,0.02609830361026533
cam309_w6,331,0.11178773379730318
cam309_w6,332,0.18921270117442365
cam309_w6,333,0.019573727707699
cam309_w6,334,0.2727272727272727
cam309_w6,335,0.06959547629404089
cam309_w6,336,0.2966507177033493
cam309_w6,337,0.020878642888212267
cam309_w6,338,0.050456720313179645
cam309_w6,339,0.013919095258808177
cam309_w6,340,0.024793388429752067
cam309_w6,341,0.04784688995215311
cam309_w6,342,0.08351457155284907
cam309_w6,343,0.15311004784688995
cam309_w6,344,0.04219225750326229
cam309_w6,345,0.08003479773814702
cam309_w6,346,0.02566333188342758
cam309_w6,347,0.3531970421922575
cam309_w6,348,0.04088734232274902
cam309_w6,349,0.007394519356241845
cam309_w6,350,0.016093953892996955
cam309_w6,351,0.03827751196172249
cam309_w6,352,0.025228360156589823
cam309_w6,353,0.07698999565028274
cam309_w6,354,0.0008699434536755111
cam309_w6,355,0.20313179643323184
cam309_w6,356,0.03305785123966942
cam309_w6,357,0.03305785123966942
cam309_w6,358,0.2944758590691605
cam309_w6,359,0.12788168769030014
cam309_w6,360,0.2614180078294911
cam309_w6,361,0.2309699869508482
cam309_w6,362,0.11178773379730318
cam309_w6,363,0.019573727707699
cam309_w6,364,0.058286211396259245
cam309_w6,365,0.19617224880382775
cam309_w6,366,0.36363636363636365
cam309_w6,367,0.09786863853849499
cam309_w6,368,0.0987385819921705
cam309_w6,369,0.19356241844280123
cam309_w6,370,0.14615050021748585
cam309_w6,371,0.047411918225315354
cam309_w6,372,0.11309264897781644
cam309_w6,373,0.0861244019138756
cam309_w6,374,0.11918225315354503
cam309_w6,375,0.03218790778599391
cam516_w5,1,0.0
cam516_w5,2,0.0
cam516_w5,3,0.004086398131932283
cam516_w5,4,0.13134851138353765
cam516_w5,5,0.002335084646818447
cam516_w5,6,0.0
cam516_w5,7,0.00642148277875073
cam516_w5,8,0.09748978400467016
cam516_w5,9,0.17162872154115585
cam516_w5,10,0.15761821366024517
cam516_w5,11,0.08231173380035026
cam516_w5,12,0.30531231757151195
cam516_w5,13,0.0
cam516_w5,14,0.0005837711617046118
cam516_w5,15,0.0
cam516_w5,16,0.10741389375364857
cam516_w5,17,0.626970227670753
cam516_w5,18,0.23409223584354932
cam516_w5,19,0.23234092235843548
cam516_w5,20,0.20023350846468185
cam516_w5,21,0.005253940455341506
cam516_w5,22,0.024518388791593695
cam516_w5,23,0.008756567425569177
cam516_w5,24,0.017513134851138354
cam516_w5,25,0.015178050204319907
cam516_w5,26,0.2720373613543491
cam516_w5,27,0.053706946876824285
cam516_w5,28,0.002918855808523059
cam516_w5,29,0.00642148277875073
cam516_w5,30,0.01576182136602452
cam516_w5,31,0.5866900175131349
cam516_w5,32,0.06187974314068885
cam516_w5,33,0.0
cam516_w5,34,0.0
cam516_w5,35,0.0
cam516_w5,36,0.0
cam516_w5,37,0.0
cam516_w5,38,0.0
cam516_w5,39,0.0
cam516_w5,40,0.008172796263864565
cam516_w5,41,0.0017513134851138354
cam516_w5,42,0.044366608289550497
cam516_w5,43,0.025102159953298307
cam516_w5,44,0.017513134851138354
cam516_w5,45,0.2708698190309399
cam516_w5,46,0.30589608873321655
cam516_w5,47,0.1389375364856976
cam516_w5,48,0.021015761821366025
cam516_w5,49,0.0
cam516_w5,50,0.1044950379451255
cam516_w5,51,0.08814944541739637
cam516_w5,52,0.0005837711617046118
cam516_w5,53,0.2224168126094571
cam516_w5,54,0.3858727378867484
cam516_w5,55,0.0035026269702276708
cam516_w5,56,0.06363105662580268
cam516_w5,57,0.0070052539404553416
cam516_w5,58,0.00642148277875073
cam516_w5,59,0.4903677758318739
cam516_w5,60,0.19731465265615877
cam516_w5,61,0.002918855808523059
cam516_w5,62,0.04495037945125511
cam516_w5,63,0.008756567425569177
cam516_w5,64,0.010507880910683012
cam516_w5,65,0.014594279042615295
cam516_w5,66,0.017513134851138354
cam516_w5,67,0.0846468184471687
cam516_w5,68,0.21657910099241098
cam516_w5,69,0.10040863981319323
cam516_w5,70,0.0
cam516_w5,71,0.0
cam516_w5,72,0.0
cam516_w5,73,0.0
cam516_w5,74,0.0
cam516_w5,75,0.0
cam516_w5,76,0.0
cam516_w5,77,0.0
cam516_w5,78,0.0
cam516_w5,79,0.0
cam516_w5,80,0.0
cam516_w5,81,0.0
cam516_w5,82,0.0
cam516_w5,83,0.017485428809325562
cam516_w5,84,0.1357202331390508
cam516_w5,85,0.16985845129059118
cam516_w5,86,0.2248126561199001
cam516_w5,87,0.05245628642797669
cam516_w5,88,0.2622814321398834
cam516_w5,89,0.24895920066611157
cam516_w5,90,0.4279766860949209
cam516_w5,91,0.14154870940882597
cam516_w5,92,0.0016652789342214821
cam516_w5,93,0.16486261448792672
cam516_w5,94,0.0
cam516_w5,95,0.0
cam516_w5,96,0.004163197335553705
cam516_w5,97,0.0
cam516_w5,98,0.013322231473771857
cam516_w5,99,0.0
cam516_w5,100,0.0
cam516_w5,101,0.0
cam516_w5,102,0.006661115736885929
cam516_w5,103,0.0
cam516_w5,104,0.051623646960865945
cam516_w5,105,0.0974188176519567
cam516_w5,106,0.005828476269775187
cam516_w5,107,0.019983347210657785
cam516_w5,108,0.03663613655287261
cam516_w5,109,0.03413821815154038
cam516_w5,110,0.10241465445462115
cam516_w5,111,0.2597835137385512
cam516_w5,112,0.0
cam516_w5,113,0.0033305578684429643
cam516_w5,114,0.05578684429641965
cam516_w5,115,0.0
cam516_w5,116,0.09825145711906745
cam516_w5,117,0.019150707743547043
cam516_w5,118,0.004163197335553705
cam516_w5,119,0.22980849292256453
cam516_w5,120,0.15154038301415487
cam516_w5,121,0.08326394671107411
cam516_w5,122,0.1765195670274771
cam516_w5,123,0.5828476269775187
cam516_w5,124,0.3014154870940883
cam516_w5,125,0.11823480432972523
cam516_w5,126,0.9084096586178185
cam516_w5,127,0.1906744379683597
cam516_w5,128,0.01582014987510408
cam516_w5,129,0.014154870940882597
cam516_w5,130,0.06910907577019151
cam516_w5,131,0.03913405495420483
cam516_w5,132,0.0
cam516_w5,133,0.0
cam516_w5,134,0.0
cam516_w5,135,0.0
cam516_w5,136,0.0
cam516_w5,137,0.0
cam516_w5,138,0.004163197335553705
cam516_w5,139,0.004995836802664446
cam516_w5,140,0.07410491257285595
cam516_w5,141,0.12656119900083265
cam516_w5,142,0.05661948376353039
cam516_w5,143,0.00749375520399667
cam516_w5,144,0.002497918401332223
cam516_w5,145,0.0
cam516_w5,146,0.0
cam516_w5,147,0.0
cam516_w5,148,0.0
cam516_w5,149,0.0
cam516_w5,150,0.0
cam516_w5,151,0.0
cam516_w5,152,0.0
cam516_w5,153,0.0
cam516_w5,154,0.0
cam516_w5,155,0.0
cam516_w5,156,0.01486013986013986
cam516_w5,157,0.0
cam516_w5,158,0.012237762237762238
cam516_w5,159,0.0034965034965034965
cam516_w5,160,0.013986013986013986
cam516_w5,161,0.0
cam516_w5,162,0.0
cam516_w5,163,0.0
cam516_w5,164,0.0
cam516_w5,165,0.0034965034965034965
cam516_w5,166,0.005244755244755245
cam516_w5,167,0.1547202797202797
cam516_w5,168,0.038461538461538464
cam516_w5,169,0.21416083916083917
cam516_w5,170,0.11625874125874126
cam516_w5,171,0.19755244755244755
cam516_w5,172,0.6258741258741258
cam516_w5,173,0.6083916083916084
cam516_w5,174,0.02097902097902098
cam516_w5,175,0.07692307692307693
cam516_w5,176,0.05944055944055944
cam516_w5,177,0.3924825174825175
cam516_w5,178,0.05419580419580419
cam516_w5,179,0.0
cam516_w5,180,0.009615384615384616
cam516_w5,181,0.0
cam516_w5,182,0.06468531468531469
cam516_w5,183,0.03671328671328671
cam516_w5,184,0.0236013986013986
cam516_w5,185,0.062062937062937064
cam516_w5,186,0.006993006993006993
cam516_w5,187,0.006993006993006993
cam516_w5,188,0.004370629370629371
cam516_w5,189,0.15384615384615385
cam516_w5,190,0.009615384615384616
cam516_w5,191,0.04108391608391608
cam516_w5,192,0.11975524475524475
cam516_w5,193,0.03583916083916084
cam516_w5,194,0.1215034965034965
cam516_w5,195,0.2631118881118881
cam516_w5,196,0.06905594405594405
cam516_w5,197,0.14685314685314685
cam516_w5,198,0.8321678321678322
cam516_w5,199,0.025349650349650348
cam516_w5,200,0.16346153846153846
cam516_w5,201,0.0743006993006993
cam516_w5,202,0.10402097902097902
cam516_w5,203,0.1284965034965035
cam516_w5,204,0.0
cam516_w5,205,0.004370629370629371
cam516_w5,206,0.0
cam516_w5,207,0.013986013986013986
cam516_w5,208,0.006993006993006993
cam516_w5,209,0.021853146853146852
cam516_w5,210,0.0008741258741258741
cam516_w5,211,0.019230769230769232
cam516_w5,212,0.009615384615384616
cam516_w5,213,0.026223776223776224
cam516_w5,214,0.033216783216783216
cam516_w5,215,0.038461538461538464
cam516_w5,216,0.0
cam516_w5,217,0.011363636363636364
cam516_w5,218,0.006993006993006993
cam516_w5,219,0.0034965034965034965
cam516_w5,220,0.008741258741258742
cam516_w5,221,0.007867132867132868
cam516_w5,222,0.0
cam516_w5,223,0.0
cam516_w5,224,0.0
cam516_w5,225,0.0
cam516_w5,226,0.0
cam516_w5,227,0.0
cam516_w5,228,0.0
cam516_w5,229,0.005852231163130944
cam516_w5,230,0.0
cam516_w5,231,0.0
cam516_w5,232,0.0
cam516_w5,233,0.009509875640087784
cam516_w5,234,0.0
cam516_w5,235,0.0
cam516_w5,236,0.000731528895391368
cam516_w5,237,0.006583760058522311
cam516_w5,238,0.0
cam516_w5,239,0.01755669348939283
cam516_w5,240,0.008778346744696415
cam516_w5,241,0.011704462326261888
cam516_w5,242,0.038771031455742504
cam516_w5,243,0.038039502560351136
cam516_w5,244,0.0073152889539136795
cam516_w5,245,0.1258229700073153
cam516_w5,246,0.02487198244330651
cam516_w5,247,0.08632040965618142
cam516_w5,248,0.07973664959765911
cam516_w5,249,0.2143379663496708
cam516_w5,250,0.182882223847842
cam516_w5,251,0.3913679590343819
cam516_w5,252,0.20190197512801755
cam516_w5,253,0.006583760058522311
cam516_w5,254,0.011704462326261888
cam516_w5,255,0.012435991221653255
cam516_w5,256,0.05047549378200439
cam516_w5,257,0.029261155815654718
cam516_w5,258,0.03145574250182882
cam516_w5,259,0.04974396488661302
cam516_w5,260,0.011704462326261888
cam516_w5,261,0.08412582297000731
cam516_w5,262,0.15435259692757863
cam516_w5,263,0.18141916605705927
cam516_w5,264,0.018288222384784197
cam516_w5,265,0.10314557425018288
cam516_w5,266,0.016093635698610095
cam516_w5,267,0.03291880029261156
cam516_w5,268,0.2516459400146306
cam516_w5,269,0.37307973664959765
cam516_w5,270,0.0036576444769568397
cam516_w5,271,0.03730797366495977
cam516_w5,272,0.0548646671543526
cam516_w5,273,0.006583760058522311
cam516_w5,274,0.1097293343087052
cam516_w5,275,0.04901243599122165
cam516_w5,276,0.0
cam516_w5,277,0.05267008046817849
cam516_w5,278,0.018288222384784197
cam516_w5,279,0.0
cam516_w5,280,0.024140453547915143
cam516_w5,281,0.1141185076810534
cam516_w5,282,0.07754206291148501
cam516_w5,283,0.02487198244330651
cam516_w5,284,0.41477688368690563
cam516_w5,285,0.09509875640087784
cam516_w5,286,0.07754206291148501
cam516_w5,287,0.06510607168983175
cam516_w5,288,0.0043891733723482075
cam516_w5,289,0.008778346744696415
cam516_w5,290,0.033650329188002925
cam516_w5,291,0.014630577907827359
cam516_w5,292,0.02852962692026335
cam516_w5,293,0.013167520117044623
cam516_w5,294,0.02852962692026335
cam516_w5,295,0.013167520117044623
cam516_w5,296,0.010972933430870519
cam516_w5,297,0.0
cam516_w5,298,0.002926115581565472
cam516_w5,299,0.0
cam516_w5,300,0.0
cam516_w5,301,0.0
cam516_w5,302,0.0
cam516_w5,303,0.0
cam516_w5,304,0.0
cam516_w5,305,0.0
cam516_w5,306,0.05652936021034181
cam516_w5,307,0.0008764241893076249
cam516_w5,308,0.02366345311130587
cam516_w5,309,0.08150744960560911
cam516_w5,310,0.010078878177037686
cam516_w5,311,0.03943908851884312
cam516_w5,312,0.03549517966695881
cam516_w5,313,0.021910604732690624
cam516_w5,314,0.0
cam516_w5,315,0.013146362839614373
cam516_w5,316,0.13978965819456618
cam516_w5,317,0.18492550394390886
cam516_w5,318,0.007011393514460999
cam516_w5,319,0.12226117440841368
cam516_w5,320,0.05390008764241893
cam516_w5,321,0.1056091148115688
cam516_w5,322,0.1016652059596845
cam516_w5,323,0.024539877300613498
cam516_w5,324,0.14899211218229624
cam516_w5,325,0.042068361086765996
cam516_w5,326,0.15950920245398773
cam516_w5,327,0.04163014899211218
cam516_w5,328,0.18711656441717792
cam516_w5,329,0.18492550394390886
cam516_w5,330,0.27344434706397897
cam516_w5,331,0.43558282208588955
cam516_w5,332,0.21034180543382996
cam516_w5,333,0.39351446099912357
cam516_w5,334,0.04294478527607362
cam516_w5,335,0.03680981595092025
cam516_w5,336,0.24145486415425066
cam516_w5,337,0.2918492550394391
cam516_w5,338,0.15819456617002628
cam516_w5,339,0.29666958808063104
cam516_w5,340,0.1796669588080631
cam516_w5,341,0.0052585451358457495
cam516_w5,342,0.0985977212971078
cam516_w5,343,0.12971078001752848
cam516_w5,344,0.05959684487291849
cam516_w5,345,0.07230499561787905
cam516_w5,346,0.21954425942156003
cam516_w5,347,0.04250657318141981
cam516_w5,348,0.11218229623137599
cam516_w5,349,0.060473269062226116
cam516_w5,350,0.15381244522348816
cam516_w5,351,0.2953549517966696
cam516_w5,352,0.14943032427695005
cam516_w5,353,0.22962313759859773
cam516_w5,354,0.4333917616126205
cam516_w5,355,0.23838737949167396
cam516_w5,356,0.14636283961437335
cam516_w5,357,0.10999123575810692
cam516_w5,358,0.28790534618755476
cam516_w5,359,0.1936897458369851
cam516_w5,360,0.20552147239263804
cam516_w5,361,0.0
cam516_w5,362,0.039000876424189306
cam516_w5,363,0.25503943908851884
cam516_w5,364,0.01971954425942156
cam516_w5,365,0.016652059596844872
cam516_w5,366,0.025416301489921123
cam516_w5,367,0.04688869412795793
cam516_w5,368,0.018843120070113933
cam516_w5,369,0.008764241893076249
cam516_w5,370,0.008326029798422436
cam516_w5,371,0.08019281332164768
cam516_w5,372,0.009640666082383873
cam516_w5,373,0.039000876424189306
cam516_w5,374,0.035056967572304996
cam516_w5,375,0.2366345311130587
cam516_w6,1,0.0
cam516_w6,2,0.0
cam516_w6,3,0.0
cam516_w6,4,0.0
cam516_w6,5,0.0
cam516_w6,6,0.0
cam516_w6,7,0.012084592145015106
cam516_w6,8,0.1564954682779456
cam516_w6,9,0.0
cam516_w6,10,0.04471299093655589
cam516_w6,11,0.0
cam516_w6,12,0.0
cam516_w6,13,0.0
cam516_w6,14,0.05558912386706949
cam516_w6,15,0.0
cam516_w6,16,0.3486404833836858
cam516_w6,17,0.018731117824773415
cam516_w6,18,0.19395770392749245
cam516_w6,19,0.33172205438066465
cam516_w6,20,0.0
cam516_w6,21,0.0012084592145015106
cam516_w6,22,0.0
cam516_w6,23,0.03564954682779456
cam516_w6,24,0.15770392749244713
cam516_w6,25,0.0
cam516_w6,26,0.0
cam516_w6,27,0.0036253776435045317
cam516_w6,28,0.0036253776435045317
cam516_w6,29,0.005438066465256798
cam516_w6,30,0.00906344410876133
cam516_w6,31,0.0
cam516_w6,32,0.012084592145015106
cam516_w6,33,0.0
cam516_w6,34,0.0
cam516_w6,35,0.0
cam516_w6,36,0.0
cam516_w6,37,0.0006042296072507553
cam516_w6,38,0.0
cam516_w6,39,0.004229607250755287
cam516_w6,40,0.0
cam516_w6,41,0.0036253776435045317
cam516_w6,42,0.0
cam516_w6,43,0.03081570996978852
cam516_w6,44,0.0018126888217522659
cam516_w6,45,0.05377643504531722
cam516_w6,46,0.05861027190332326
cam516_w6,47,0.0036253776435045317
cam516_w6,48,0.0006042296072507553
cam516_w6,49,0.03746223564954683
cam516_w6,50,0.0
cam516_w6,51,0.00785498489425982
cam516_w6,52,0.0
cam516_w6,53,0.0012084592145015106
cam516_w6,54,0.0
cam516_w6,55,0.0006042296072507553
cam516_w6,56,0.010876132930513595
cam516_w6,57,0.0072507552870090634
cam516_w6,58,0.027190332326283987
cam516_w6,59,0.00785498489425982
cam516_w6,60,0.004229607250755287
cam516_w6,61,0.0
cam516_w6,62,0.0036253776435045317
cam516_w6,63,0.013897280966767372
cam516_w6,64,0.013897280966767372
cam516_w6,65,0.0
cam516_w6,66,0.0
cam516_w6,67,0.0
cam516_w6,68,0.016314199395770394
cam516_w6,69,0.023564954682779457
cam516_w6,70,0.002416918429003021
cam516_w6,71,0.0
cam516_w6,72,0.0
cam516_w6,73,0.0
cam516_w6,74,0.0
cam516_w6,75,0.0
cam516_w6,76,0.0
cam516_w6,77,0.0
cam516_w6,78,0.0
cam516_w6,79,0.0
cam516_w6,80,0.0
cam516_w6,81,0.0
cam516_w6,82,0.0
cam516_w6,83,0.0
cam516_w6,84,0.0
cam516_w6,85,0.0
cam516_w6,86,0.0
cam516_w6,87,0.0
cam516_w6,88,0.12894248608534323
cam516_w6,89,0.0
cam516_w6,90,0.0
cam516_w6,91,0.0
cam516_w6,92,0.05194805194805195
cam516_w6,93,0.0
cam516_w6,94,0.0
cam516_w6,95,0.24025974025974026
cam516_w6,96,0.14656771799628943
cam516_w6,97,0.00927643784786642
cam516_w6,98,0.07235621521335807
cam516_w6,99,0.19202226345083487
cam516_w6,100,0.4090909090909091
cam516_w6,101,0.6289424860853432
cam516_w6,102,0.14285714285714285
cam516_w6,103,0.16512059369202226
cam516_w6,104,0.008348794063079777
cam516_w6,105,0.0018552875695732839
cam516_w6,106,0.0
cam516_w6,107,0.029684601113172542
cam516_w6,108,0.17717996289424862
cam516_w6,109,0.4322820037105751
cam516_w6,110,0.11410018552875696
cam516_w6,111,0.26159554730983303
cam516_w6,112,0.16419294990723562
cam516_w6,113,0.2912801484230056
cam516_w6,114,0.05844155844155844
cam516_w6,115,0.0
cam516_w6,116,0.0
cam516_w6,117,0.08348794063079777
cam516_w6,118,0.02504638218923933
cam516_w6,119,0.11317254174397032
cam516_w6,120,0.3682745825602968
cam516_w6,121,0.013914656771799629
cam516_w6,122,0.09647495361781076
cam516_w6,123,0.19294990723562153
cam516_w6,124,0.7578849721706865
cam516_w6,125,0.22448979591836735
cam516_w6,126,0.3608534322820037
cam516_w6,127,0.48886827458256027
cam516_w6,128,0.0
cam516_w6,129,0.26716141001855287
cam516_w6,130,0.15862708719851576
cam516_w6,131,0.02504638218923933
cam516_w6,132,0.0
cam516_w6,133,0.0
cam516_w6,134,0.0
cam516_w6,135,0.0
cam516_w6,136,0.0
cam516_w6,137,0.0
cam516_w6,138,0.0
cam516_w6,139,0.0
cam516_w6,140,0.0009276437847866419
cam516_w6,141,0.0
cam516_w6,142,0.0
cam516_w6,143,0.0
cam516_w6,144,0.0
cam516_w6,145,0.0027829313543599257
cam516_w6,146,0.014842300556586271
cam516_w6,147,0.0
cam516_w6,148,0.0
cam516_w6,149,0.0
cam516_w6,150,0.0
cam516_w6,151,0.0
cam516_w6,152,0.0
cam516_w6,153,0.0
cam516_w6,154,0.0
cam516_w6,155,0.0
cam516_w6,156,0.0
cam516_w6,157,0.0
cam516_w6,158,0.0
cam516_w6,159,0.0
cam516_w6,160,0.0
cam516_w6,161,0.0015785319652722968
cam516_w6,162,0.0
cam516_w6,163,0.0
cam516_w6,164,0.0
cam516_w6,165,0.0
cam516_w6,166,0.0
cam516_w6,167,0.0055248618784530384
cam516_w6,168,0.0
cam516_w6,169,0.0
cam516_w6,170,0.0055248618784530384
cam516_w6,171,0.0
cam516_w6,172,0.09707971586424625
cam516_w6,173,0.09944751381215469
cam516_w6,174,0.19652722967640096
cam516_w6,175,0.35990528808208366
cam516_w6,176,0.01499605367008682
cam516_w6,177,0.48382004735595896
cam516_w6,178,0.43725335438042623
cam516_w6,179,0.24388318863456984
cam516_w6,180,0.46724546172059983
cam516_w6,181,0.5256511444356748
cam516_w6,182,0.7813733228097869
cam516_w6,183,0.728492501973165
cam516_w6,184,0.39857932123125495
cam516_w6,185,0.5201262825572218
cam516_w6,186,0.15706393054459353
cam516_w6,187,0.056827150749802685
cam516_w6,188,0.06866614048934491
cam516_w6,189,0.028413575374901343
cam516_w6,190,0.0023677979479084454
cam516_w6,191,0.017363851617995266
cam516_w6,192,0.004735595895816891
cam516_w6,193,0.004735595895816891
cam516_w6,194,0.049723756906077346
cam516_w6,195,0.0
cam516_w6,196,0.06393054459352802
cam516_w6,197,0.03472770323599053
cam516_w6,198,0.0
cam516_w6,199,0.0
cam516_w6,200,0.007103393843725336
cam516_w6,201,0.007103393843725336
cam516_w6,202,0.020520915548539857
cam516_w6,203,0.056037884767166535
cam516_w6,204,0.06314127861089187
cam516_w6,205,0.05288082083662194
cam516_w6,206,0.0
cam516_w6,207,0.028413575374901343
cam516_w6,208,0.10023677979479084
cam516_w6,209,0.009471191791633781
cam516_w6,210,0.050513022888713496
cam516_w6,211,0.0007892659826361484
cam516_w6,212,0.0
cam516_w6,213,0.0244672454617206
cam516_w6,214,0.026835043409629045
cam516_w6,215,0.007892659826361484
cam516_w6,216,0.0031570639305445935
cam516_w6,217,0.0
cam516_w6,218,0.007103393843725336
cam516_w6,219,0.009471191791633781
cam516_w6,220,0.007892659826361484
cam516_w6,221,0.0
cam516_w6,222,0.0
cam516_w6,223,0.0
cam516_w6,224,0.0
cam516_w6,225,0.0
cam516_w6,226,0.0
cam516_w6,227,0.0
cam516_w6,228,0.0
cam516_w6,229,0.0
cam516_w6,230,0.0
cam516_w6,231,0.0
cam516_w6,232,0.0
cam516_w6,233,0.0
cam516_w6,234,0.0
cam516_w6,235,0.004210526315789474
cam516_w6,236,0.0
cam516_w6,237,0.005614035087719298
cam516_w6,238,0.0
cam516_w6,239,0.0
cam516_w6,240,0.062456140350877196
cam516_w6,241,0.07649122807017544
cam516_w6,242,0.047017543859649125
cam516_w6,243,0.05403508771929825
cam516_w6,244,0.2926315789473684
cam516_w6,245,0.26456140350877194
cam516_w6,246,0.223859649122807
cam516_w6,247,0.24070175438596492
cam516_w6,248,0.39017543859649123
cam516_w6,249,0.38456140350877194
cam516_w6,250,0.13263157894736843
cam516_w6,251,0.22596491228070176
cam516_w6,252,0.037192982456140354
cam516_w6,253,0.007017543859649123
cam516_w6,254,0.019649122807017545
cam516_w6,255,0.036491228070175435
cam516_w6,256,0.0456140350877193
cam516_w6,257,0.0077192982456140355
cam516_w6,258,0.028771929824561403
cam516_w6,259,0.002807017543859649
cam516_w6,260,0.03929824561403509
cam516_w6,261,0.1550877192982456
cam516_w6,262,0.19649122807017544
cam516_w6,263,0.028771929824561403
cam516_w6,264,0.19719298245614036
cam516_w6,265,0.016842105263157894
cam516_w6,266,0.13824561403508773
cam516_w6,267,0.02456140350877193
cam516_w6,268,0.11859649122807017
cam516_w6,269,0.09473684210526316
cam516_w6,270,0.06736842105263158
cam516_w6,271,0.035789473684210524
cam516_w6,272,0.05403508771929825
cam516_w6,273,0.018947368421052633
cam516_w6,274,0.0
cam516_w6,275,0.014035087719298246
cam516_w6,276,0.005614035087719298
cam516_w6,277,0.002105263157894737
cam516_w6,278,0.0014035087719298245
cam516_w6,279,0.05333333333333334
cam516_w6,280,0.008421052631578947
cam516_w6,281,0.018947368421052633
cam516_w6,282,0.10105263157894737
cam516_w6,283,0.03508771929824561
cam516_w6,284,0.05754385964912281
cam516_w6,285,0.16421052631578947
cam516_w6,286,0.06315789473684211
cam516_w6,287,0.013333333333333334
cam516_w6,288,0.002105263157894737
cam516_w6,289,0.025964912280701753
cam516_w6,290,0.07368421052631578
cam516_w6,291,0.031578947368421054
cam516_w6,292,0.056842105263157895
cam516_w6,293,0.019649122807017545
cam516_w6,294,0.03508771929824561
cam516_w6,295,0.00631578947368421
cam516_w6,296,0.00631578947368421
cam516_w6,297,0.0
cam516_w6,298,0.0
cam516_w6,299,0.0
cam516_w6,300,0.0
cam516_w6,301,0.004342162396873643
cam516_w6,302,0.0
cam516_w6,303,0.0008684324793747286
cam516_w6,304,0.0
cam516_w6,305,0.0
cam516_w6,306,0.021710811984368215
cam516_w6,307,0.0004342162396873643
cam516_w6,308,0.010855405992184108
cam516_w6,309,0.02518454190186713
cam516_w6,310,0.006947459834997829
cam516_w6,311,0.03300043421623969
cam516_w6,312,0.02518454190186713
cam516_w6,313,0.06773773339122884
cam516_w6,314,0.14285714285714285
cam516_w6,315,0.08944854537559704
cam516_w6,316,0.049066435084672164
cam516_w6,317,0.18410768562744248
cam516_w6,318,0.17542336083369517
cam516_w6,319,0.47980894485453757
cam516_w6,320,0.14937038645245332
cam516_w6,321,0.04298740772904907
cam516_w6,322,0.018671298306556665
cam516_w6,323,0.1350412505427703
cam516_w6,324,0.06426400347372992
cam516_w6,325,0.13330438558402083
cam516_w6,326,0.10160660008684325
cam516_w6,327,0.08076422058184976
cam516_w6,328,0.20191055145462442
cam516_w6,329,0.052105948762483714
cam516_w6,330,0.01910551454624403
cam516_w6,331,0.01997394702561876
cam516_w6,332,0.030829353017802867
cam516_w6,333,0.03126356925749023
cam516_w6,334,0.29222752930959617
cam516_w6,335,0.10377768128528007
cam516_w6,336,0.04646113764654798
cam516_w6,337,0.04993486756404689
cam516_w6,338,0.18758141554494137
cam516_w6,339,0.0864090316977855
cam516_w6,340,0.0851063829787234
cam516_w6,341,0.06773773339122884
cam516_w6,342,0.057750759878419454
cam516_w6,343,0.16066000868432478
cam516_w6,344,0.09813287016934433
cam516_w6,345,0.1762917933130699
cam516_w6,346,0.18541033434650456
cam516_w6,347,0.20625271385149804
cam516_w6,348,0.24229266174554928
cam516_w6,349,0.03864524533217542
cam516_w6,350,0.062092922275293096
cam516_w6,351,0.12592270950933565
cam516_w6,352,0.1450282240555797
cam516_w6,353,0.20277898393399912
cam516_w6,354,0.22492401215805471
cam516_w6,355,0.059921841076856275
cam516_w6,356,0.061658706035605734
cam516_w6,357,0.01910551454624403
cam516_w6,358,0.010421189752496743
cam516_w6,359,0.04125054277029961
cam516_w6,360,0.09509335649153278
cam516_w6,361,0.03300043421623969
cam516_w6,362,0.08336951801997394
cam516_w6,363,0.19887103777681286
cam516_w6,364,0.061658706035605734
cam516_w6,365,0.010855405992184108
cam516_w6,366,0.13330438558402083
cam516_w6,367,0.15848892748588797
cam516_w6,368,0.01997394702561876
cam516_w6,369,0.04602692140686062
cam516_w6,370,0.008250108554059922
cam516_w6,371,0.10551454624402953
cam516_w6,372,0.0486322188449848
cam516_w6,373,0.013894919669995658
cam516_w6,374,0.062092922275293096
cam516_w6,375,0.12635692574902302
cam537_w2,1,0.07465007776049767
cam537_w2,2,0.017107309486780714
cam537_w2,3,0.0
cam537_w2,4,0.03939865215137377
cam537_w2,5,0.0705028512182478
cam537_w2,6,0.0015552099533437014
cam537_w2,7,0.3188180404354588
cam537_w2,8,0.16485225505443235
cam537_w2,9,0.008812856402280975
cam537_w2,10,0.011923276308968377
cam537_w2,11,0.006220839813374806
cam537_w2,12,0.006220839813374806
cam537_w2,13,0.021254536029030584
cam537_w2,14,0.005184033177812338
cam537_w2,15,0.0
cam537_w2,16,0.003110419906687403
cam537_w2,17,0.006220839813374806
cam537_w2,18,0.0015552099533437014
cam537_w2,19,0.0010368066355624676
cam537_w2,20,0.007257646448937273
cam537_w2,21,0.0
cam537_w2,22,0.006220839813374806
cam537_w2,23,0.002073613271124935
cam537_w2,24,0.014515292897874546
cam537_w2,25,0.027475375842405392
cam537_w2,26,0.31207879730430277
cam537_w2,27,0.029548989113530325
cam537_w2,28,0.041472265422498704
cam537_w2,29,0.18040435458786935
cam537_w2,30,0.6391912908242613
cam537_w2,31,0.17055469155002592
cam537_w2,32,0.004665629860031105
cam537_w2,33,0.00933125972006221
cam537_w2,34,0.005702436495593572
cam537_w2,35,0.022291342664593053
cam537_w2,36,0.038880248833592534
cam537_w2,37,0.0782789009849663
cam537_w2,38,0.0736132711249352
cam537_w2,39,0.02177293934681182
cam537_w2,40,0.10834629341627787
cam537_w2,41,0.010368066355624676
cam537_w2,42,0.002592016588906169
cam537_w2,43,0.01347848626231208
cam537_w2,44,0.003110419906687403
cam537_w2,45,0.0
cam537_w2,46,0.03473302229134267
cam537_w2,47,0.0720580611715915
cam537_w2,48,0.3535510627268014
cam537_w2,49,0.010368066355624676
cam537_w2,50,0.04665629860031104
cam537_w2,51,0.041990668740279936
cam537_w2,52,0.027993779160186624
cam537_w2,53,0.14204250907205807
cam537_w2,54,0.0705028512182478
cam537_w2,55,0.013996889580093312
cam537_w2,56,0.05132192846034215
cam537_w2,57,0.05754276827371695
cam537_w2,58,0.47330222913426645
cam537_w2,59,0.4152410575427683
cam537_w2,60,0.006220839813374806
cam537_w2,61,0.0
cam537_w2,62,0.006220839813374806
cam537_w2,63,0.0
cam537_w2,64,0.01347848626231208
cam537_w2,65,0.03784344219803007
cam537_w2,66,0.036288232244686365
cam537_w2,67,0.09383100051840332
cam537_w2,68,0.008812856402280975
cam537_w2,69,0.005184033177812338
cam537_w2,70,0.00829445308449974
cam537_w2,71,0.002592016588906169
cam537_w2,72,0.0
cam537_w2,73,0.0
cam537_w2,74,0.0
cam537_w2,75,0.0
cam537_w2,76,0.0
cam537_w2,77,0.0
cam537_w2,78,0.0
cam537_w2,79,0.0
cam537_w2,80,0.0
cam537_w2,81,0.0
cam537_w2,82,0.0
cam537_w2,83,0.0
cam537_w2,84,0.0
cam537_w2,85,0.0
cam537_w2,86,0.0
cam537_w2,87,0.0
cam537_w2,88,0.0
cam537_w2,89,0.0
cam537_w2,90,0.0
cam537_w2,91,0.0078125
cam537_w2,92,0.0
cam537_w2,93,0.0
cam537_w2,94,0.025
cam537_w2,95,0.13046875
cam537_w2,96,0.0
cam537_w2,97,0.07109375
cam537_w2,98,0.0
cam537_w2,99,0.14375
cam537_w2,100,0.34296875
cam537_w2,101,0.1734375
cam537_w2,102,0.23359375
cam537_w2,103,0.0
cam537_w2,104,0.0046875
cam537_w2,105,0.00390625
cam537_w2,106,0.0
cam537_w2,107,0.16328125
cam537_w2,108,0.00625
cam537_w2,109,0.23046875
cam537_w2,110,0.04921875
cam537_w2,111,0.07578125
cam537_w2,112,0.0828125
cam537_w2,113,0.37578125
cam537_w2,114,0.06171875
cam537_w2,115,0.07578125
cam537_w2,116,0.4578125
cam537_w2,117,0.45703125
cam537_w2,118,0.35
cam537_w2,119,0.51484375
cam537_w2,120,0.015625
cam537_w2,121,0.0
cam537_w2,122,0.015625
cam537_w2,123,0.028125
cam537_w2,124,0.0015625
cam537_w2,125,0.02890625
cam537_w2,126,0.05546875
cam537_w2,127,0.0
cam537_w2,128,0.0
cam537_w2,129,0.0
cam537_w2,130,0.10546875
cam537_w2,131,0.0
cam537_w2,132,0.02890625
cam537_w2,133,0.415625
cam537_w2,134,0.01484375
cam537_w2,135,0.00234375
cam537_w2,136,0.0109375
cam537_w2,137,0.0
cam537_w2,138,0.0
cam537_w2,139,0.0
cam537_w2,140,0.034375
cam537_w2,141,0.01796875
cam537_w2,142,0.0390625
cam537_w2,143,0.0078125
cam537_w2,144,0.009375
cam537_w2,145,0.00390625
cam537_w2,146,0.0
cam537_w2,147,0.00625
cam537_w2,148,0.0
cam537_w2,149,0.0
cam537_w2,150,0.0
cam537_w2,151,0.0
cam537_w2,152,0.0
cam537_w2,153,0.0
cam537_w2,154,0.0
cam537_w2,155,0.009322033898305085
cam537_w2,156,0.0
cam537_w2,157,0.0
cam537_w2,158,0.0
cam537_w2,159,0.025423728813559324
cam537_w2,160,0.02711864406779661
cam537_w2,161,0.0
cam537_w2,162,0.0
cam537_w2,163,0.005084745762711864
cam537_w2,164,0.001694915254237288
cam537_w2,165,0.0
cam537_w2,166,0.017796610169491526
cam537_w2,167,0.005084745762711864
cam537_w2,168,0.0
cam537_w2,169,0.0635593220338983
cam537_w2,170,0.2440677966101695
cam537_w2,171,0.6067796610169491
cam537_w2,172,0.2805084745762712
cam537_w2,173,0.027966101694915254
cam537_w2,174,0.012711864406779662
cam537_w2,175,0.03728813559322034
cam537_w2,176,0.0
cam537_w2,177,0.023728813559322035
cam537_w2,178,0.0847457627118644
cam537_w2,179,0.39152542372881355
cam537_w2,180,0.211864406779661
cam537_w2,181,0.7703389830508475
cam537_w2,182,0.8084745762711865
cam537_w2,183,0.923728813559322
cam537_w2,184,0.614406779661017
cam537_w2,185,0.22203389830508474
cam537_w2,186,0.8127118644067797
cam537_w2,187,0.7
cam537_w2,188,0.06779661016949153
cam537_w2,189,0.013559322033898305
cam537_w2,190,0.0847457627118644
cam537_w2,191,0.04067796610169491
cam537_w2,192,0.17542372881355933
cam537_w2,193,0.06864406779661017
cam537_w2,194,0.038135593220338986
cam537_w2,195,0.0
cam537_w2,196,0.023728813559322035
cam537_w2,197,0.005084745762711864
cam537_w2,198,0.0
cam537_w2,199,0.000847457627118644
cam537_w2,200,0.00847457627118644
cam537_w2,201,0.0
cam537_w2,202,0.0
cam537_w2,203,0.10084745762711865
cam537_w2,204,0.01694915254237288
cam537_w2,205,0.0
cam537_w2,206,0.06949152542372881
cam537_w2,207,0.20254237288135593
cam537_w2,208,0.0
cam537_w2,209,0.011864406779661017
cam537_w2,210,0.0
cam537_w2,211,0.012711864406779662
cam537_w2,212,0.009322033898305085
cam537_w2,213,0.02457627118644068
cam537_w2,214,0.02457627118644068
cam537_w2,215,0.043220338983050846
cam537_w2,216,0.023728813559322035
cam537_w2,217,0.20508474576271185
cam537_w2,218,0.010169491525423728
cam537_w2,219,0.0
cam537_w2,220,0.07288135593220339
cam537_w2,221,0.0
cam537_w2,222,0.0
cam537_w2,223,0.0
cam537_w2,224,0.006779661016949152
cam537_w2,225,0.0
cam537_w2,226,0.0
cam537_w2,227,0.009829619921363041
cam537_w2,228,0.0
cam537_w2,229,0.0
cam537_w2,230,0.0
cam537_w2,231,0.0
cam537_w2,232,0.0
cam537_w2,233,0.0
cam537_w2,234,0.001310615989515072
cam537_w2,235,0.000655307994757536
cam537_w2,236,0.009174311926605505
cam537_w2,237,0.0
cam537_w2,238,0.001965923984272608
cam537_w2,239,0.0674967234600262
cam537_w2,240,0.07011795543905636
cam537_w2,241,0.12647444298820446
cam537_w2,242,0.11664482306684142
cam537_w2,243,0.21887287024901703
cam537_w2,244,0.09305373525557012
cam537_w2,245,0.2673656618610747
cam537_w2,246,0.20117955439056356
cam537_w2,247,0.2608125819134993
cam537_w2,248,0.13368283093053734
cam537_w2,249,0.2712975098296199
cam537_w2,250,0.3656618610747051
cam537_w2,251,0.41415465268676277
cam537_w2,252,0.09370904325032765
cam537_w2,253,0.34993446920052423
cam537_w2,254,0.1199213630406291
cam537_w2,255,0.8197903014416776
cam537_w2,256,0.1926605504587156
cam537_w2,257,0.007208387942332897
cam537_w2,258,0.020314547837483616
cam537_w2,259,0.000655307994757536
cam537_w2,260,0.0045871559633027525
cam537_w2,261,0.08584534731323722
cam537_w2,262,0.10419397116644823
cam537_w2,263,0.07011795543905636
cam537_w2,264,0.011140235910878113
cam537_w2,265,0.022935779816513763
cam537_w2,266,0.03669724770642202
cam537_w2,267,0.10222804718217562
cam537_w2,268,0.08060288335517693
cam537_w2,269,0.1651376146788991
cam537_w2,270,0.33682830930537355
cam537_w2,271,0.5910878112712975
cam537_w2,272,0.007863695937090432
cam537_w2,273,0.03145478374836173
cam537_w2,274,0.007208387942332897
cam537_w2,275,0.035386631716906945
cam537_w2,276,0.04062909567496723
cam537_w2,277,0.05439056356487549
cam537_w2,278,0.028833551769331587
cam537_w2,279,0.05045871559633028
cam537_w2,280,0.04259501965923984
cam537_w2,281,0.08977719528178243
cam537_w2,282,0.15399737876802097
cam537_w2,283,0.21363040629095675
cam537_w2,284,0.17693315858453473
cam537_w2,285,0.32437745740498036
cam537_w2,286,0.22870249017038008
cam537_w2,287,0.03669724770642202
cam537_w2,288,0.01834862385321101
cam537_w2,289,0.020314547837483616
cam537_w2,290,0.030799475753604193
cam537_w2,291,0.01834862385321101
cam537_w2,292,0.04652686762778506
cam537_w2,293,0.05307994757536042
cam537_w2,294,0.0982961992136304
cam537_w2,295,0.007863695937090432
cam537_w2,296,0.009829619921363041
cam537_w2,297,0.0
cam537_w2,298,0.005897771952817824
cam537_w2,299,0.0
cam537_w2,300,0.0
cam537_w2,301,0.0
cam537_w2,302,0.0
cam537_w2,303,0.0
cam537_w2,304,0.0
cam537_w2,305,0.0
cam537_w2,306,0.0
cam537_w2,307,0.0
cam537_w2,308,0.0
cam537_w2,309,0.0
cam537_w2,310,0.0
cam537_w2,311,0.0
cam537_w2,312,0.0
cam537_w2,313,0.0
cam537_w2,314,0.0
cam537_w2,315,0.016581632653061226
cam537_w2,316,0.0
cam537_w2,317,0.0
cam537_w2,318,0.0
cam537_w2,319,0.003826530612244898
cam537_w2,320,0.0
cam537_w2,321,0.012755102040816327
cam537_w2,322,0.0
cam537_w2,323,0.01403061224489796
cam537_w2,324,0.0
cam537_w2,325,0.0
cam537_w2,326,0.006377551020408163
cam537_w2,327,0.01403061224489796
cam537_w2,328,0.0
cam537_w2,329,0.0
cam537_w2,330,0.0
cam537_w2,331,0.0
cam537_w2,332,0.002551020408163265
cam537_w2,333,0.0
cam537_w2,334,0.025510204081632654
cam537_w2,335,0.0
cam537_w2,336,0.0
cam537_w2,337,0.04081632653061224
cam537_w2,338,0.0
cam537_w2,339,0.0
cam537_w2,340,0.026785714285714284
cam537_w2,341,0.002551020408163265
cam537_w2,342,0.09566326530612244
cam537_w2,343,0.02040816326530612
cam537_w2,344,0.01913265306122449
cam537_w2,345,0.04591836734693878
cam537_w2,346,0.08163265306122448
cam537_w2,347,0.0012755102040816326
cam537_w2,348,0.03188775510204082
cam537_w2,349,0.12244897959183673
cam537_w2,350,0.044642857142857144
cam537_w2,351,0.11862244897959184
cam537_w2,352,0.14795918367346939
cam537_w2,353,0.09566326530612244
cam537_w2,354,0.10841836734693877
cam537_w2,355,0.11862244897959184
cam537_w2,356,0.05612244897959184
cam537_w2,357,0.026785714285714284
cam537_w2,358,0.12755102040816327
cam537_w2,359,0.4451530612244898
cam537_w2,360,0.1989795918367347
cam537_w2,361,0.20280612244897958
cam537_w2,362,0.08801020408163265
cam537_w2,363,0.2653061224489796
cam537_w2,364,0.058673469387755105
cam537_w2,365,0.10076530612244898
cam537_w2,366,0.4451530612244898
cam537_w2,367,0.24107142857142858
cam537_w2,368,0.13010204081632654
cam537_w2,369,0.01403061224489796
cam537_w2,370,0.03443877551020408
cam537_w2,371,0.039540816326530615
cam537_w2,372,0.006377551020408163
cam537_w2,373,0.09056122448979592
cam537_w2,374,0.3482142857142857
cam537_w2,375,0.29336734693877553
cam537_w3,1,0.0
cam537_w3,2,0.0036900369003690036
cam537_w3,3,0.04858548585485855
cam537_w3,4,0.0
cam537_w3,5,0.0006150061500615006
cam537_w3,6,0.06088560885608856
cam537_w3,7,0.011685116851168511
cam537_w3,8,0.14022140221402213
cam537_w3,9,0.13099630996309963
cam537_w3,10,0.3837638376383764
cam537_w3,11,0.03505535055350553
cam537_w3,12,0.28044280442804426
cam537_w3,13,0.7238622386223862
cam537_w3,14,0.7619926199261993
cam537_w3,15,0.0
cam537_w3,16,0.11316113161131611
cam537_w3,17,0.551660516605166
cam537_w3,18,0.07134071340713408
cam537_w3,19,0.7779827798277983
cam537_w3,20,0.955719557195572
cam537_w3,21,0.02952029520295203
cam537_w3,22,0.33210332103321033
cam537_w3,23,0.13161131611316113
cam537_w3,24,0.6193111931119312
cam537_w3,25,0.17712177121771217
cam537_w3,26,0.0
cam537_w3,27,0.01845018450184502
cam537_w3,28,0.13099630996309963
cam537_w3,29,0.6353013530135302
cam537_w3,30,0.43911439114391143
cam537_w3,31,0.8019680196801968
cam537_w3,32,0.519680196801968
cam537_w3,33,0.24600246002460024
cam537_w3,34,0.486469864698647
cam537_w3,35,0.36100861008610086
cam537_w3,36,0.05043050430504305
cam537_w3,37,0.5264452644526445
cam537_w3,38,0.3942189421894219
cam537_w3,39,0.22878228782287824
cam537_w3,40,0.11193111931119311
cam537_w3,41,0.003075030750307503
cam537_w3,42,0.05781057810578106
cam537_w3,43,0.0971709717097171
cam537_w3,44,0.46063960639606394
cam537_w3,45,0.5264452644526445
cam537_w3,46,0.17589175891758918
cam537_w3,47,0.17343173431734318
cam537_w3,48,0.4735547355473555
cam537_w3,49,0.1088560885608856
cam537_w3,50,0.11931119311193111
cam537_w3,51,0.21894218942189422
cam537_w3,52,0.26691266912669126
cam537_w3,53,0.05289052890528905
cam537_w3,54,0.07626076260762607
cam537_w3,55,0.06765067650676507
cam537_w3,56,0.1045510455104551
cam537_w3,57,0.13776137761377613
cam537_w3,58,0.20848708487084872
cam537_w3,59,0.09471094710947109
cam537_w3,60,0.24661746617466174
cam537_w3,61,0.13776137761377613
cam537_w3,62,0.34993849938499383
cam537_w3,63,0.1002460024600246
cam537_w3,64,0.05904059040590406
cam537_w3,65,0.01845018450184502
cam537_w3,66,0.07687576875768758
cam537_w3,67,0.05965559655596556
cam537_w3,68,0.31365313653136534
cam537_w3,69,0.08118081180811808
cam537_w3,70,0.17281672816728166
cam537_w3,71,0.1088560885608856
cam537_w3,72,0.015375153751537515
cam537_w3,73,0.016605166051660517
cam537_w3,74,0.0
cam537_w3,75,0.0
cam537_w3,76,0.0
cam537_w3,77,0.0
cam537_w3,78,0.0
cam537_w3,79,0.0
cam537_w3,80,0.0
cam537_w3,81,0.0
cam537_w3,82,0.0
cam537_w3,83,0.0
cam537_w3,84,0.0
cam537_w3,85,0.013900955690703735
cam537_w3,86,0.09643788010425716
cam537_w3,87,0.015638575152041704
cam537_w3,88,0.0
cam537_w3,89,0.4126846220677672
cam537_w3,90,0.05039096437880104
cam537_w3,91,0.6759339704604691
cam537_w3,92,0.8557775847089487
cam537_w3,93,0.4908774978279757
cam537_w3,94,0.0
cam537_w3,95,0.0
cam537_w3,96,0.0
cam537_w3,97,0.10165073848827107
cam537_w3,98,0.0069504778453518675
cam537_w3,99,0.0
cam537_w3,100,0.022589052997393572
cam537_w3,101,0.05560382276281494
cam537_w3,102,0.08861859252823631
cam537_w3,103,0.317984361424848
cam537_w3,104,0.03996524761077324
cam537_w3,105,0.2867072111207645
cam537_w3,106,0.46568201563857514
cam537_w3,107,0.11120764552562988
cam537_w3,108,0.03388357949609035
cam537_w3,109,0.6029539530842746
cam537_w3,110,0.14422241529105126
cam537_w3,111,0.22849695916594265
cam537_w3,112,0.5082536924413553
cam537_w3,113,0.7932232841007819
cam537_w3,114,0.5360556038227628
cam537_w3,115,0.48305821025195483
cam537_w3,116,0.20417028670721113
cam537_w3,117,0.6377063423110338
cam537_w3,118,0.38922675933970463
cam537_w3,119,0.5386620330147698
cam537_w3,120,0.889661164205039
cam537_w3,121,0.9079061685490878
cam537_w3,122,0.4126846220677672
cam537_w3,123,0.3996524761077324
cam537_w3,124,0.891398783666377
cam537_w3,125,0.8027801911381407
cam537_w3,126,0.8201563857515204
cam537_w3,127,0.9226759339704604
cam537_w3,128,0.26064291920069504
cam537_w3,129,0.12510860121633363
cam537_w3,130,0.013032145960034752
cam537_w3,131,0.028670721112076455
cam537_w3,132,0.0
cam537_w3,133,0.1424847958297133
cam537_w3,134,0.09035621198957429
cam537_w3,135,0.0
cam537_w3,136,0.0842745438748914
cam537_w3,137,0.0017376194613379669
cam537_w3,138,0.013032145960034752
cam537_w3,139,0.0
cam537_w3,140,0.0
cam537_w3,141,0.0
cam537_w3,142,0.0
cam537_w3,143,0.01998262380538662
cam537_w3,144,0.09730668983492616
cam537_w3,145,0.026064291920069503
cam537_w3,146,0.006081668114682885
cam537_w3,147,0.019113814074717638
cam537_w3,148,0.0
cam537_w3,149,0.0
cam537_w3,150,0.0
cam537_w3,151,0.0
cam537_w3,152,0.0
cam537_w3,153,0.0
cam537_w3,154,0.0
cam537_w3,155,0.0008077544426494346
cam537_w3,156,0.0
cam537_w3,157,0.01050080775444265
cam537_w3,158,0.012116316639741519
cam537_w3,159,0.0
cam537_w3,160,0.0
cam537_w3,161,0.006462035541195477
cam537_w3,162,0.0
cam537_w3,163,0.0
cam537_w3,164,0.009693053311793215
cam537_w3,165,0.0
cam537_w3,166,0.0864297253634895
cam537_w3,167,0.004846526655896607
cam537_w3,168,0.048465266558966075
cam537_w3,169,0.1429725363489499
cam537_w3,170,0.3570274636510501
cam537_w3,171,0.1801292407108239
cam537_w3,172,0.21809369951534732
cam537_w3,173,0.4693053311793215
cam537_w3,174,0.19709208400646203
cam537_w3,175,0.24878836833602586
cam537_w3,176,0.7075928917609047
cam537_w3,177,0.5759289176090469
cam537_w3,178,0.5516962843295639
cam537_w3,179,0.09208400646203554
cam537_w3,180,0.12116316639741519
cam537_w3,181,0.19224555735056542
cam537_w3,182,0.26736672051696286
cam537_w3,183,0.0210016155088853
cam537_w3,184,0.024232633279483037
cam537_w3,185,0.06058158319870759
cam537_w3,186,0.09450726978998385
cam537_w3,187,0.011308562197092083
cam537_w3,188,0.008077544426494346
cam537_w3,189,0.0032310177705977385
cam537_w3,190,0.0
cam537_w3,191,0.024232633279483037
cam537_w3,192,0.0
cam537_w3,193,0.08319870759289176
cam537_w3,194,0.045234248788368334
cam537_w3,195,0.45638126009693053
cam537_w3,196,0.49434571890145396
cam537_w3,197,0.6752827140549273
cam537_w3,198,0.10258481421647819
cam537_w3,199,0.05250403877221325
cam537_w3,200,0.0
cam537_w3,201,0.07835218093699516
cam537_w3,202,0.0630048465266559
cam537_w3,203,0.0420032310177706
cam537_w3,204,0.046849757673667204
cam537_w3,205,0.035541195476575124
cam537_w3,206,0.024232633279483037
cam537_w3,207,0.39095315024232635
cam537_w3,208,0.13651050080775445
cam537_w3,209,0.42164781906300486
cam537_w3,210,0.09612277867528271
cam537_w3,211,0.008885298869143781
cam537_w3,212,0.049273021001615507
cam537_w3,213,0.0
cam537_w3,214,0.005654281098546042
cam537_w3,215,0.008885298869143781
cam537_w3,216,0.08239095315024232
cam537_w3,217,0.06462035541195477
cam537_w3,218,0.004038772213247173
cam537_w3,219,0.0
cam537_w3,220,0.009693053311793215
cam537_w3,221,0.01050080775444265
cam537_w3,222,0.0
cam537_w3,223,0.0
cam537_w3,224,0.0016155088852988692
cam537_w3,225,0.0
cam537_w3,226,0.0
cam537_w3,227,0.0
cam537_w3,228,0.0
cam537_w3,229,0.0
cam537_w3,230,0.0
cam537_w3,231,0.0
cam537_w3,232,0.0
cam537_w3,233,0.0
cam537_w3,234,0.0
cam537_w3,235,0.0
cam537_w3,236,0.0
cam537_w3,237,0.01820633850303439
cam537_w3,238,0.03843560350640594
cam537_w3,239,0.055967633175994604
cam537_w3,240,0.027646662171274445
cam537_w3,241,0.03573836817262306
cam537_w3,242,0.06271072151045179
cam537_w3,243,0.13283884018880648
cam537_w3,244,0.25016857720836144
cam537_w3,245,0.3122049898853675
cam537_w3,246,0.449763991908294
cam537_w3,247,0.32906271072151044
cam537_w3,248,0.34322319622387054
cam537_w3,249,0.571813890761969
cam537_w3,250,0.1706001348617667
cam537_w3,251,0.23465947403910992
cam537_w3,252,0.4881995954146999
cam537_w3,253,0.20903573836817263
cam537_w3,254,0.09372892784895483
cam537_w3,255,0.12879298718813217
cam537_w3,256,0.11395819285232636
cam537_w3,257,0.08833445718138908
cam537_w3,258,0.0815913688469319
cam537_w3,259,0.024949426837491573
cam537_w3,260,0.06540795684423466
cam537_w3,261,0.11935266351989211
cam537_w3,262,0.10586648685097774
cam537_w3,263,0.10923803101820634
cam537_w3,264,0.3088334457181389
cam537_w3,265,0.09710047201618341
cam537_w3,266,0.19824679703304113
cam537_w3,267,0.33648010788941335
cam537_w3,268,0.18071476736345246
cam537_w3,269,0.08698583951449763
cam537_w3,270,0.08091706001348618
cam537_w3,271,0.09979770734996629
cam537_w3,272,0.1341874578556979
cam537_w3,273,0.0020229265003371545
cam537_w3,274,0.10586648685097774
cam537_w3,275,0.030343897505057317
cam537_w3,276,0.08698583951449763
cam537_w3,277,0.19420094403236682
cam537_w3,278,0.09979770734996629
cam537_w3,279,0.03236682400539447
cam537_w3,280,0.0964261631827377
cam537_w3,281,0.1368846931894808
cam537_w3,282,0.42144302090357383
cam537_w3,283,0.37626432906271073
cam537_w3,284,0.31018206338503035
cam537_w3,285,0.012811867835468645
cam537_w3,286,0.07687120701281187
cam537_w3,287,0.004045853000674309
cam537_w3,288,0.056641942009440324
cam537_w3,289,0.006068779501011463
cam537_w3,290,0.041132838840188805
cam537_w3,291,0.044504383007417395
cam537_w3,292,0.11800404585300067
cam537_w3,293,0.09575185434929198
cam537_w3,294,0.005394470667565745
cam537_w3,295,0.01820633850303439
cam537_w3,296,0.0006743088334457181
cam537_w3,297,0.007417397167902899
cam537_w3,298,0.0
cam537_w3,299,0.0033715441672285905
cam537_w3,300,0.0
cam537_w3,301,0.0026845637583892616
cam537_w3,302,0.0006711409395973154
cam537_w3,303,0.0006711409395973154
cam537_w3,304,0.0
cam537_w3,305,0.0
cam537_w3,306,0.0
cam537_w3,307,0.0
cam537_w3,308,0.004697986577181208
cam537_w3,309,0.0020134228187919465
cam537_w3,310,0.0
cam537_w3,311,0.00738255033557047
cam537_w3,312,0.0
cam537_w3,313,0.0
cam537_w3,314,0.0
cam537_w3,315,0.0006711409395973154
cam537_w3,316,0.0013422818791946308
cam537_w3,317,0.005369127516778523
cam537_w3,318,0.0087248322147651
cam537_w3,319,0.003355704697986577
cam537_w3,320,0.02214765100671141
cam537_w3,321,0.03691275167785235
cam537_w3,322,0.01476510067114094
cam537_w3,323,0.046308724832214765
cam537_w3,324,0.016107382550335572
cam537_w3,325,0.028859060402684565
cam537_w3,326,0.016778523489932886
cam537_w3,327,0.138255033557047
cam537_w3,328,0.11879194630872483
cam537_w3,329,0.1563758389261745
cam537_w3,330,0.12080536912751678
cam537_w3,331,0.06711409395973154
cam537_w3,332,0.25033557046979865
cam537_w3,333,0.08053691275167785
cam537_w3,334,0.20671140939597316
cam537_w3,335,0.15503355704697985
cam537_w3,336,0.18926174496644296
cam537_w3,337,0.11476510067114094
cam537_w3,338,0.36711409395973155
cam537_w3,339,0.21409395973154363
cam537_w3,340,0.4879194630872483
cam537_w3,341,0.3006711409395973
cam537_w3,342,0.21006711409395973
cam537_w3,343,0.5389261744966443
cam537_w3,344,0.38993288590604025
cam537_w3,345,0.01476510067114094
cam537_w3,346,0.006040268456375839
cam537_w3,347,0.07785234899328859
cam537_w3,348,0.2
cam537_w3,349,0.09194630872483221
cam537_w3,350,0.15167785234899328
cam537_w3,351,0.16711409395973154
cam537_w3,352,0.20268456375838925
cam537_w3,353,0.11476510067114094
cam537_w3,354,0.30604026845637583
cam537_w3,355,0.07986577181208054
cam537_w3,356,0.23154362416107382
cam537_w3,357,0.4798657718120805
cam537_w3,358,0.20671140939597316
cam537_w3,359,0.17651006711409395
cam537_w3,360,0.36711409395973155
cam537_w3,361,0.0026845637583892616
cam537_w3,362,0.09194630872483221
cam537_w3,363,0.05838926174496644
cam537_w3,364,0.006040268456375839
cam537_w3,365,0.03154362416107383
cam537_w3,366,0.04093959731543624
cam537_w3,367,0.12818791946308725
cam537_w3,368,0.02953020134228188
cam537_w3,369,0.0
cam537_w3,370,0.012751677852348993
cam537_w3,371,0.026174496644295303
cam537_w3,372,0.03557046979865772
cam537_w3,373,0.09463087248322148
cam537_w3,374,0.06442953020134229
cam537_w3,375,0.11946308724832215
cam537_w4,1,0.009750152346130409
cam537_w4,2,0.0
cam537_w4,3,0.0
cam537_w4,4,0.32967702620353445
cam537_w4,5,0.0
cam537_w4,6,0.02010968921389397
cam537_w4,7,0.009750152346130409
cam537_w4,8,0.37842778793418647
cam537_w4,9,0.009750152346130409
cam537_w4,10,0.04692260816575259
cam537_w4,11,0.0
cam537_w4,12,0.0030469226081657527
cam537_w4,13,0.006093845216331505
cam537_w4,14,0.0
cam537_w4,15,0.007921998781230956
cam537_w4,16,0.22425350396099938
cam537_w4,17,0.20353443022547227
cam537_w4,18,0.3662400975015235
cam537_w4,19,0.01218769043266301
cam537_w4,20,0.010968921389396709
cam537_w4,21,0.04631322364411944
cam537_w4,22,0.03412553321145643
cam537_w4,23,0.018281535648994516
cam537_w4,24,0.3388177940280317
cam537_w4,25,0.2017062766605728
cam537_w4,26,0.038391224862888484
cam537_w4,27,0.04082876294942109
cam537_w4,28,0.02681291895185862
cam537_w4,29,0.5655088360755637
cam537_w4,30,0.09018890920170627
cam537_w4,31,0.0
cam537_w4,32,0.3753808653260207
cam537_w4,33,0.0006093845216331506
cam537_w4,34,0.003656307129798903
cam537_w4,35,0.01340645947592931
cam537_w4,36,0.003656307129798903
cam537_w4,37,0.018281535648994516
cam537_w4,38,0.007921998781230956
cam537_w4,39,0.0
cam537_w4,40,0.0
cam537_w4,41,0.07068860450944546
cam537_w4,42,0.010968921389396709
cam537_w4,43,0.0006093845216331506
cam537_w4,44,0.014015843997562462
cam537_w4,45,0.04143814747105423
cam537_w4,46,0.039000609384521635
cam537_w4,47,0.07068860450944546
cam537_w4,48,0.09993906154783669
cam537_w4,49,0.004875076173065204
cam537_w4,50,0.019500304692260818
cam537_w4,51,0.18525289457647776
cam537_w4,52,0.15843997562461914
cam537_w4,53,0.10176721511273613
cam537_w4,54,0.30408287629494213
cam537_w4,55,0.506398537477148
cam537_w4,56,0.03595368677635588
cam537_w4,57,0.5088360755636807
cam537_w4,58,0.5277269957343084
cam537_w4,59,0.21937842778793418
cam537_w4,60,0.005484460694698354
cam537_w4,61,0.029250457038391225
cam537_w4,62,0.01157830591102986
cam537_w4,63,0.0
cam537_w4,64,0.02254722730042657
cam537_w4,65,0.001218769043266301
cam537_w4,66,0.032297379646556976
cam537_w4,67,0.043266301035953685
cam537_w4,68,0.019500304692260818
cam537_w4,69,0.09750152346130408
cam537_w4,70,0.22364411943936624
cam537_w4,71,0.024984765386959172
cam537_w4,72,0.0
cam537_w4,73,0.0
cam537_w4,74,0.0
cam537_w4,75,0.0
cam537_w4,76,0.0
cam537_w4,77,0.0
cam537_w4,78,0.0
cam537_w4,79,0.0
cam537_w4,80,0.0
cam537_w4,81,0.0
cam537_w4,82,0.0
cam537_w4,83,0.22168284789644013
cam537_w4,84,0.3616504854368932
cam537_w4,85,0.0024271844660194173
cam537_w4,86,0.007281553398058253
cam537_w4,87,0.0
cam537_w4,88,0.42475728155339804
cam537_w4,89,0.3276699029126214
cam537_w4,90,0.616504854368932
cam537_w4,91,0.215210355987055
cam537_w4,92,0.4627831715210356
cam537_w4,93,0.7063106796116505
cam537_w4,94,0.6035598705501618
cam537_w4,95,0.5671521035598706
cam537_w4,96,0.7135922330097088
cam537_w4,97,0.4085760517799353
cam537_w4,98,0.7176375404530745
cam537_w4,99,0.709546925566343
cam537_w4,100,0.6237864077669902
cam537_w4,101,0.6666666666666666
cam537_w4,102,0.23948220064724918
cam537_w4,103,0.1634304207119741
cam537_w4,104,0.5906148867313916
cam537_w4,105,0.9676375404530745
cam537_w4,106,0.42718446601941745
cam537_w4,107,0.2669902912621359
cam537_w4,108,0.3478964401294498
cam537_w4,109,0.14320388349514562
cam537_w4,110,0.029935275080906147
cam537_w4,111,0.3478964401294498
cam537_w4,112,0.4199029126213592
cam537_w4,113,0.1755663430420712
cam537_w4,114,0.021844660194174758
cam537_w4,115,0.7119741100323624
cam537_w4,116,0.0024271844660194173
cam537_w4,117,0.0
cam537_w4,118,0.18608414239482202
cam537_w4,119,0.8147249190938511
cam537_w4,120,0.22411003236245955
cam537_w4,121,0.6610032362459547
cam537_w4,122,0.9110032362459547
cam537_w4,123,0.6092233009708737
cam537_w4,124,0.03155339805825243
cam537_w4,125,0.24190938511326862
cam537_w4,126,0.44093851132686085
cam537_w4,127,0.2872168284789644
cam537_w4,128,0.10598705501618123
cam537_w4,129,0.021844660194174758
cam537_w4,130,0.05501618122977346
cam537_w4,131,0.009708737864077669
cam537_w4,132,0.00889967637540453
cam537_w4,133,0.0
cam537_w4,134,0.0
cam537_w4,135,0.0
cam537_w4,136,0.0
cam537_w4,137,0.0
cam537_w4,138,0.0056634304207119745
cam537_w4,139,0.014563106796116505
cam537_w4,140,0.0056634304207119745
cam537_w4,141,0.0
cam537_w4,142,0.006472491909385114
cam537_w4,143,0.0
cam537_w4,144,0.127831715210356
cam537_w4,145,0.3478964401294498
cam537_w4,146,0.0412621359223301
cam537_w4,147,0.0024271844660194173
cam537_w4,148,0.0
cam537_w4,149,0.0
cam537_w4,150,0.0
cam537_w4,151,0.0
cam537_w4,152,0.0
cam537_w4,153,0.0
cam537_w4,154,0.0
cam537_w4,155,0.0
cam537_w4,156,0.0
cam537_w4,157,0.005303030303030303
cam537_w4,158,0.007575757575757576
cam537_w4,159,0.0
cam537_w4,160,0.0
cam537_w4,161,0.0
cam537_w4,162,0.0007575757575757576
cam537_w4,163,0.0
cam537_w4,164,0.0
cam537_w4,165,0.0
cam537_w4,166,0.0
cam537_w4,167,0.0
cam537_w4,168,0.0
cam537_w4,169,0.0
cam537_w4,170,0.0
cam537_w4,171,0.019696969696969695
cam537_w4,172,0.014393939393939395
cam537_w4,173,0.026515151515151516
cam537_w4,174,0.09848484848484848
cam537_w4,175,0.23712121212121212
cam537_w4,176,0.23939393939393938
cam537_w4,177,0.3212121212121212
cam537_w4,178,0.21893939393939393
cam537_w4,179,0.4484848484848485
cam537_w4,180,0.5060606060606061
cam537_w4,181,0.0
cam537_w4,182,0.008333333333333333
cam537_w4,183,0.0
cam537_w4,184,0.011363636363636364
cam537_w4,185,0.024242424242424242
cam537_w4,186,0.05909090909090909
cam537_w4,187,0.3606060606060606
cam537_w4,188,0.00909090909090909
cam537_w4,189,0.0
cam537_w4,190,0.0022727272727272726
cam537_w4,191,0.0
cam537_w4,192,0.017424242424242425
cam537_w4,193,0.015151515151515152
cam537_w4,194,0.02196969696969697
cam537_w4,195,0.0
cam537_w4,196,0.008333333333333333
cam537_w4,197,0.006818181818181818
cam537_w4,198,0.0030303030303030303
cam537_w4,199,0.04924242424242424
cam537_w4,200,0.02196969696969697
cam537_w4,201,0.024242424242424242
cam537_w4,202,0.04242424242424243
cam537_w4,203,0.010606060606060607
cam537_w4,204,0.0
cam537_w4,205,0.004545454545454545
cam537_w4,206,0.004545454545454545
cam537_w4,207,0.0030303030303030303
cam537_w4,208,0.0
cam537_w4,209,0.009848484848484848
cam537_w4,210,0.0
cam537_w4,211,0.0030303030303030303
cam537_w4,212,0.0015151515151515152
cam537_w4,213,0.008333333333333333
cam537_w4,214,0.003787878787878788
cam537_w4,215,0.0
cam537_w4,216,0.003787878787878788
cam537_w4,217,0.07424242424242425
cam537_w4,218,0.048484848484848485
cam537_w4,219,0.15454545454545454
cam537_w4,220,0.0446969696969697
cam537_w4,221,0.005303030303030303
cam537_w4,222,0.0015151515151515152
cam537_w4,223,0.025757575757575757
cam537_w4,224,0.017424242424242425
cam537_w4,225,0.004545454545454545
cam537_w4,226,0.0
cam537_w4,227,0.0
cam537_w4,228,0.0
cam537_w4,229,0.0
cam537_w4,230,0.0006743088334457181
cam537_w4,231,0.0
cam537_w4,232,0.0
cam537_w4,233,0.0
cam537_w4,234,0.0
cam537_w4,235,0.0
cam537_w4,236,0.0
cam537_w4,237,0.0
cam537_w4,238,0.04383007417397168
cam537_w4,239,0.012811867835468645
cam537_w4,240,0.028320971004720162
cam537_w4,241,0.01820633850303439
cam537_w4,242,0.01753202966958867
cam537_w4,243,0.008766014834794335
cam537_w4,244,0.016183412002697236
cam537_w4,245,0.014160485502360081
cam537_w4,246,0.03438975050573163
cam537_w4,247,0.0856372218476062
cam537_w4,248,0.17194875252865813
cam537_w4,249,0.5603506405933918
cam537_w4,250,0.25354012137559
cam537_w4,251,0.11328388401888065
cam537_w4,252,0.11935266351989211
cam537_w4,253,0.0930546190155091
cam537_w4,254,0.060687795010114634
cam537_w4,255,0.4942683749157114
cam537_w4,256,0.08833445718138908
cam537_w4,257,0.04383007417397168
cam537_w4,258,0.1901550910316925
cam537_w4,259,0.037086985839514496
cam537_w4,260,0.1604855023600809
cam537_w4,261,0.07484828051247472
cam537_w4,262,0.02899527983816588
cam537_w4,263,0.016183412002697236
cam537_w4,264,0.007417397167902899
cam537_w4,265,0.0
cam537_w4,266,0.009440323668240054
cam537_w4,267,0.018880647336480108
cam537_w4,268,0.02157788267026298
cam537_w4,269,0.033041132838840186
cam537_w4,270,0.03438975050573163
cam537_w4,271,0.10519217801753203
cam537_w4,272,0.018880647336480108
cam537_w4,273,0.0
cam537_w4,274,0.004045853000674309
cam537_w4,275,0.026298044504383007
cam537_w4,276,0.008091706001348618
cam537_w4,277,0.06136210384356035
cam537_w4,278,0.041807147673634526
cam537_w4,279,0.007417397167902899
cam537_w4,280,0.014834794335805798
cam537_w4,281,0.04383007417397168
cam537_w4,282,0.0
cam537_w4,283,0.03910991233985165
cam537_w4,284,0.006743088334457181
cam537_w4,285,0.0
cam537_w4,286,0.04652730950775455
cam537_w4,287,0.018880647336480108
cam537_w4,288,0.018880647336480108
cam537_w4,289,0.011463250168577209
cam537_w4,290,0.027646662171274445
cam537_w4,291,0.0020229265003371545
cam537_w4,292,0.0
cam537_w4,293,0.0
cam537_w4,294,0.0020229265003371545
cam537_w4,295,0.041132838840188805
cam537_w4,296,0.10249494268374916
cam537_w4,297,0.22454484153742413
cam537_w4,298,0.0
cam537_w4,299,0.026298044504383007
cam537_w4,300,0.0
cam537_w4,301,0.0
cam537_w4,302,0.0
cam537_w4,303,0.0008635578583765112
cam537_w4,304,0.0
cam537_w4,305,0.0
cam537_w4,306,0.0
cam537_w4,307,0.0
cam537_w4,308,0.0034542314335060447
cam537_w4,309,0.0
cam537_w4,310,0.0008635578583765112
cam537_w4,311,0.0
cam537_w4,312,0.0
cam537_w4,313,0.0
cam537_w4,314,0.0
cam537_w4,315,0.0069084628670120895
cam537_w4,316,0.004317789291882556
cam537_w4,317,0.0
cam537_w4,318,0.0
cam537_w4,319,0.0
cam537_w4,320,0.0
cam537_w4,321,0.0
cam537_w4,322,0.0
cam537_w4,323,0.008635578583765112
cam537_w4,324,0.006044905008635579
cam537_w4,325,0.0
cam537_w4,326,0.0051813471502590676
cam537_w4,327,0.011226252158894647
cam537_w4,328,0.012953367875647668
cam537_w4,329,0.012089810017271158
cam537_w4,330,0.008635578583765112
cam537_w4,331,0.0
cam537_w4,332,0.0008635578583765112
cam537_w4,333,0.0
cam537_w4,334,0.0
cam537_w4,335,0.031088082901554404
cam537_w4,336,0.008635578583765112
cam537_w4,337,0.016407599309153715
cam537_w4,338,0.07167530224525043
cam537_w4,339,0.0
cam537_w4,340,0.018134715025906734
cam537_w4,341,0.02072538860103627
cam537_w4,342,0.0
cam537_w4,343,0.0
cam537_w4,344,0.0017271157167530224
cam537_w4,345,0.0051813471502590676
cam537_w4,346,0.0
cam537_w4,347,0.07081174438687392
cam537_w4,348,0.008635578583765112
cam537_w4,349,0.025043177892918825
cam537_w4,350,0.10621761658031088
cam537_w4,351,0.08290155440414508
cam537_w4,352,0.008635578583765112
cam537_w4,353,0.12435233160621761
cam537_w4,354,0.11830742659758203
cam537_w4,355,0.07858376511226252
cam537_w4,356,0.15630397236614854
cam537_w4,357,0.09758203799654577
cam537_w4,358,0.02936096718480138
cam537_w4,359,0.28324697754749567
cam537_w4,360,0.0
cam537_w4,361,0.2374784110535406
cam537_w4,362,0.3160621761658031
cam537_w4,363,0.15284974093264247
cam537_w4,364,0.12521588946459414
cam537_w4,365,0.24438687392055267
cam537_w4,366,0.2599309153713299
cam537_w4,367,0.10880829015544041
cam537_w4,368,0.21243523316062177
cam537_w4,369,0.22711571675302245
cam537_w4,370,0.09412780656303972
cam537_w4,371,0.10276338514680483
cam537_w4,372,0.14335060449050085
cam537_w4,373,0.21848013816925735
cam537_w4,374,0.08031088082901554
cam537_w4,375,0.10535405872193437
cam537_w6,1,0.0
cam537_w6,2,0.1458721291123526
cam537_w6,3,0.040347610180012414
cam537_w6,4,0.022967101179391682
cam537_w6,5,0.10862818125387957
cam537_w6,6,0.008690254500310366
cam537_w6,7,0.0037243947858473
cam537_w6,8,0.00558659217877095
cam537_w6,9,0.18311607697082558
cam537_w6,10,0.54252017380509
cam537_w6,11,0.22656734947237742
cam537_w6,12,0.595903165735568
cam537_w6,13,0.8628181253879578
cam537_w6,14,0.6374922408441962
cam537_w6,15,0.074487895716946
cam537_w6,16,0.9404096834264432
cam537_w6,17,0.46306641837368095
cam537_w6,18,0.021725636250775917
cam537_w6,19,0.16076970825574177
cam537_w6,20,0.8367473618870267
cam537_w6,21,0.4475481067659839
cam537_w6,22,0.44009931719428924
cam537_w6,23,0.8063314711359404
cam537_w6,24,0.0
cam537_w6,25,0.0
cam537_w6,26,0.002482929857231533
cam537_w6,27,0.0
cam537_w6,28,0.0
cam537_w6,29,0.018001241464928614
cam537_w6,30,0.0031036623215394167
cam537_w6,31,0.0
cam537_w6,32,0.12352576039726877
cam537_w6,33,0.019242706393544383
cam537_w6,34,0.23711980136561142
cam537_w6,35,0.17628801986343887
cam537_w6,36,0.7374301675977654
cam537_w6,37,0.0
cam537_w6,38,0.028553693358162633
cam537_w6,39,0.01738050900062073
cam537_w6,40,0.0031036623215394167
cam537_w6,41,0.0260707635009311
cam537_w6,42,0.06765983860955928
cam537_w6,43,0.0
cam537_w6,44,0.0
cam537_w6,45,0.03786468032278088
cam537_w6,46,0.0
cam537_w6,47,0.0074487895716946
cam537_w6,48,0.035381750465549346
cam537_w6,49,0.05462445685909373
cam537_w6,50,0.0
cam537_w6,51,0.019242706393544383
cam537_w6,52,0.0148975791433892
cam537_w6,53,0.186219739292365
cam537_w6,54,0.00186219739292365
cam537_w6,55,0.12787088764742396
cam537_w6,56,0.1458721291123526
cam537_w6,57,0.500310366232154
cam537_w6,58,0.0893854748603352
cam537_w6,59,0.12290502793296089
cam537_w6,60,0.7690875232774674
cam537_w6,61,0.20608317815021726
cam537_w6,62,0.5518311607697083
cam537_w6,63,0.004345127250155183
cam537_w6,64,0.002482929857231533
cam537_w6,65,0.012414649286157667
cam537_w6,66,0.032898820608317815
cam537_w6,67,0.040347610180012414
cam537_w6,68,0.035381750465549346
cam537_w6,69,0.05027932960893855
cam537_w6,70,0.0260707635009311
cam537_w6,71,0.013656114214773432
cam537_w6,72,0.0031036623215394167
cam537_w6,73,0.008690254500310366
cam537_w6,74,0.0
cam537_w6,75,0.0
cam537_w6,76,0.0
cam537_w6,77,0.0
cam537_w6,78,0.0
cam537_w6,79,0.0
cam537_w6,80,0.0
cam537_w6,81,0.0
cam537_w6,82,0.0
cam537_w6,83,0.0
cam537_w6,84,0.0
cam537_w6,85,0.0
cam537_w6,86,0.0
cam537_w6,87,0.0
cam537_w6,88,0.00624512099921936
cam537_w6,89,0.00546448087431694
cam537_w6,90,0.12256049960967993
cam537_w6,91,0.1249024199843872
cam537_w6,92,0.06713505074160812
cam537_w6,93,0.0234192037470726
cam537_w6,94,0.594847775175644
cam537_w6,95,0.6128024980483997
cam537_w6,96,0.5768930523028883
cam537_w6,97,0.7993754879000781
cam537_w6,98,0.4519906323185012
cam537_w6,99,0.4246682279469165
cam537_w6,100,0.7946916471506635
cam537_w6,101,0.5003903200624512
cam537_w6,102,0.7790788446526151
cam537_w6,103,0.30991412958626074
cam537_w6,104,0.3153786104605777
cam537_w6,105,0.10772833723653395
cam537_w6,106,0.7548790007806401
cam537_w6,107,0.8290398126463701
cam537_w6,108,0.7853239656518345
cam537_w6,109,0.6112412177985949
cam537_w6,110,0.04449648711943794
cam537_w6,111,0.00702576112412178
cam537_w6,112,0.00156128024980484
cam537_w6,113,0.0039032006245121
cam537_w6,114,0.11241217798594848
cam537_w6,115,0.19672131147540983
cam537_w6,116,0.7298985167837627
cam537_w6,117,0.19281811085089773
cam537_w6,118,0.2654176424668228
cam537_w6,119,0.12334113973458236
cam537_w6,120,0.09133489461358314
cam537_w6,121,0.629976580796253
cam537_w6,122,0.07650273224043716
cam537_w6,123,0.0
cam537_w6,124,0.03981264637002342
cam537_w6,125,0.01014832162373146
cam537_w6,126,0.01327088212334114
cam537_w6,127,0.1131928181108509
cam537_w6,128,0.00156128024980484
cam537_w6,129,0.0
cam537_w6,130,0.00156128024980484
cam537_w6,131,0.00936768149882904
cam537_w6,132,0.01717408274785324
cam537_w6,133,0.0039032006245121
cam537_w6,134,0.0
cam537_w6,135,0.00078064012490242
cam537_w6,136,0.0
cam537_w6,137,0.02654176424668228
cam537_w6,138,0.00156128024980484
cam537_w6,139,0.01717408274785324
cam537_w6,140,0.00858704137392662
cam537_w6,141,0.06479313036690086
cam537_w6,142,0.12646370023419204
cam537_w6,143,0.0
cam537_w6,144,0.00078064012490242
cam537_w6,145,0.00078064012490242
cam537_w6,146,0.00156128024980484
cam537_w6,147,0.0039032006245121
cam537_w6,148,0.0
cam537_w6,149,0.0
cam537_w6,150,0.0
cam537_w6,151,0.0
cam537_w6,152,0.0
cam537_w6,153,0.0
cam537_w6,154,0.0
cam537_w6,155,0.0
cam537_w6,156,0.01283987915407855
cam537_w6,157,0.0
cam537_w6,158,0.0
cam537_w6,159,0.0
cam537_w6,160,0.0022658610271903325
cam537_w6,161,0.017371601208459216
cam537_w6,162,0.0
cam537_w6,163,0.0
cam537_w6,164,0.0
cam537_w6,165,0.00906344410876133
cam537_w6,166,0.0
cam537_w6,167,0.0022658610271903325
cam537_w6,168,0.0
cam537_w6,169,0.0075528700906344415
cam537_w6,170,0.006797583081570997
cam537_w6,171,0.1933534743202417
cam537_w6,172,0.270392749244713
cam537_w6,173,0.29531722054380666
cam537_w6,174,0.2892749244712991
cam537_w6,175,0.6533232628398792
cam537_w6,176,0.1714501510574018
cam537_w6,177,0.035498489425981876
cam537_w6,178,0.6533232628398792
cam537_w6,179,0.7892749244712991
cam537_w6,180,0.03625377643504532
cam537_w6,181,0.015105740181268883
cam537_w6,182,0.09516616314199396
cam537_w6,183,0.10347432024169184
cam537_w6,184,0.0
cam537_w6,185,0.015105740181268883
cam537_w6,186,0.006042296072507553
cam537_w6,187,0.008308157099697885
cam537_w6,188,0.0
cam537_w6,189,0.013595166163141994
cam537_w6,190,0.0188821752265861
cam537_w6,191,0.01812688821752266
cam537_w6,192,0.022658610271903322
cam537_w6,193,0.0022658610271903325
cam537_w6,194,0.21978851963746224
cam537_w6,195,0.41012084592145015
cam537_w6,196,0.12537764350453173
cam537_w6,197,0.11782477341389729
cam537_w6,198,0.008308157099697885
cam537_w6,199,0.055891238670694864
cam537_w6,200,0.05211480362537765
cam537_w6,201,0.0
cam537_w6,202,0.04909365558912387
cam537_w6,203,0.005287009063444109
cam537_w6,204,0.006797583081570997
cam537_w6,205,0.005287009063444109
cam537_w6,206,0.03700906344410876
cam537_w6,207,0.06268882175226587
cam537_w6,208,0.02039274924471299
cam537_w6,209,0.0377643504531722
cam537_w6,210,0.08836858006042296
cam537_w6,211,0.030966767371601207
cam537_w6,212,0.0015105740181268882
cam537_w6,213,0.02039274924471299
cam537_w6,214,0.01661631419939577
cam537_w6,215,0.03851963746223565
cam537_w6,216,0.0634441087613293
cam537_w6,217,0.06948640483383686
cam537_w6,218,0.02945619335347432
cam537_w6,219,0.01283987915407855
cam537_w6,220,0.0
cam537_w6,221,0.008308157099697885
cam537_w6,222,0.01812688821752266
cam537_w6,223,0.0
cam537_w6,224,0.0
cam537_w6,225,0.0
cam537_w6,226,0.0
cam537_w6,227,0.0
cam537_w6,228,0.0
cam537_w6,229,0.011370814908401769
cam537_w6,230,0.0
cam537_w6,231,0.0
cam537_w6,232,0.0
cam537_w6,233,0.0
cam537_w6,234,0.0
cam537_w6,235,0.002526847757422615
cam537_w6,236,0.0
cam537_w6,237,0.047378395451674035
cam537_w6,238,0.0
cam537_w6,239,0.003158559696778269
cam537_w6,240,0.024005053695514846
cam537_w6,241,0.19330385344283008
cam537_w6,242,0.17624763108022742
cam537_w6,243,0.229943145925458
cam537_w6,244,0.018951358180669616
cam537_w6,245,0.11244472520530638
cam537_w6,246,0.03916614024005054
cam537_w6,247,0.04864181933038535
cam537_w6,248,0.04990524320909665
cam537_w6,249,0.06001263423878711
cam537_w6,250,0.4952621604548326
cam537_w6,251,0.2552116234996841
cam537_w6,252,0.08085912823752368
cam537_w6,253,0.17624763108022742
cam537_w6,254,0.2488945041061276
cam537_w6,255,0.2722678458622868
cam537_w6,256,0.03853442830069488
cam537_w6,257,0.05180037902716361
cam537_w6,258,0.027163613392293114
cam537_w6,259,0.04295641187618446
cam537_w6,260,0.035375868603916616
cam537_w6,261,0.034112444725205304
cam537_w6,262,0.045483259633607075
cam537_w6,263,0.2602653190145294
cam537_w6,264,0.015161086544535692
cam537_w6,265,0.12192040429564119
cam537_w6,266,0.010739102969046115
cam537_w6,267,0.00505369551484523
cam537_w6,268,0.036007580543272265
cam537_w6,269,0.010739102969046115
cam537_w6,270,0.02969046114971573
cam537_w6,271,0.022109917877447885
cam537_w6,272,0.002526847757422615
cam537_w6,273,0.022109917877447885
cam537_w6,274,0.03853442830069488
cam537_w6,275,0.016424510423247
cam537_w6,276,0.020846493998736577
cam537_w6,277,0.04864181933038535
cam537_w6,278,0.036007580543272265
cam537_w6,279,0.11370814908401769
cam537_w6,280,0.05243209096651927
cam537_w6,281,0.08464939987365762
cam537_w6,282,0.1269740998104864
cam537_w6,283,0.0764371446620341
cam537_w6,284,0.025900189513581806
cam537_w6,285,0.034112444725205304
cam537_w6,286,0.032849020846494
cam537_w6,287,0.04042956411876184
cam537_w6,288,0.04295641187618446
cam537_w6,289,0.03095388502842704
cam537_w6,290,0.027795325331648767
cam537_w6,291,0.10612760581174985
cam537_w6,292,0.024005053695514846
cam537_w6,293,0.006317119393556538
cam537_w6,294,0.0018951358180669614
cam537_w6,295,0.015161086544535692
cam537_w6,296,0.0
cam537_w6,297,0.0
cam537_w6,298,0.0
cam537_w6,299,0.0
cam537_w6,300,0.0
cam537_w6,301,0.004507888805409466
cam537_w6,302,0.0
cam537_w6,303,0.0
cam537_w6,304,0.0
cam537_w6,305,0.0
cam537_w6,306,0.0
cam537_w6,307,0.0
cam537_w6,308,0.0
cam537_w6,309,0.0
cam537_w6,310,0.0
cam537_w6,311,0.003005259203606311
cam537_w6,312,0.0
cam537_w6,313,0.0
cam537_w6,314,0.0007513148009015778
cam537_w6,315,0.014274981217129978
cam537_w6,316,0.004507888805409466
cam537_w6,317,0.003756574004507889
cam537_w6,318,0.015026296018031555
cam537_w6,319,0.019534184823441023
cam537_w6,320,0.03606311044327573
cam537_w6,321,0.021036814425244178
cam537_w6,322,0.06836964688204357
cam537_w6,323,0.042073628850488355
cam537_w6,324,0.188580015026296
cam537_w6,325,0.1825694966190834
cam537_w6,326,0.2569496619083396
cam537_w6,327,0.2659654395191585
cam537_w6,328,0.25845229151014276
cam537_w6,329,0.07738542449286251
cam537_w6,330,0.009767092411720512
cam537_w6,331,0.2697220135236664
cam537_w6,332,0.17054845980465816
cam537_w6,333,0.11870773854244929
cam537_w6,334,0.3441021788129226
cam537_w6,335,0.20135236664162284
cam537_w6,336,0.11419984973703982
cam537_w6,337,0.11119459053343352
cam537_w6,338,0.10743801652892562
cam537_w6,339,0.29902329075882794
cam537_w6,340,0.012772351615326822
cam537_w6,341,0.07663410969196092
cam537_w6,342,0.06461307287753569
cam537_w6,343,0.033809166040571
cam537_w6,344,0.030803906836964687
cam537_w6,345,0.25469571750563486
cam537_w6,346,0.09391435011269722
cam537_w6,347,0.0067618332081141996
cam537_w6,348,0.12622088655146507
cam537_w6,349,0.2329075882794891
cam537_w6,350,0.07287753568745305
cam537_w6,351,0.3876784372652141
cam537_w6,352,0.318557475582269
cam537_w6,353,0.31555221637866265
cam537_w6,354,0.022539444027047332
cam537_w6,355,0.2231404958677686
cam537_w6,356,0.04357625845229151
cam537_w6,357,0.11344853493613824
cam537_w6,358,0.20360631104432758
cam537_w6,359,0.7858752817430503
cam537_w6,360,0.6386175807663411
cam537_w6,361,0.33884297520661155
cam537_w6,362,0.3350864012021037
cam537_w6,363,0.5950413223140496
cam537_w6,364,0.46431254695717505
cam537_w6,365,0.6739293764087152
cam537_w6,366,0.2742299023290759
cam537_w6,367,0.20586025544703232
cam537_w6,368,0.4222389181066867
cam537_w6,369,0.09391435011269722
cam537_w6,370,0.169045830202855
cam537_w6,371,0.33884297520661155
cam537_w6,372,0.2877535687453043
cam537_w6,373,0.2096168294515402
cam537_w6,374,0.32231404958677684
cam537_w6,375,0.5492111194590533
cam787_w1,1,0.008542141230068337
cam787_w1,2,0.0
cam787_w1,3,0.030751708428246014
cam787_w1,4,0.0
cam787_w1,5,0.0
cam787_w1,6,0.0
cam787_w1,7,0.0
cam787_w1,8,0.0
cam787_w1,9,0.0
cam787_w1,10,0.002277904328018223
cam787_w1,11,0.0
cam787_w1,12,0.0
cam787_w1,13,0.0
cam787_w1,14,0.02164009111617312
cam787_w1,15,0.0
cam787_w1,16,0.08200455580865604
cam787_w1,17,0.0005694760820045558
cam787_w1,18,0.2488610478359909
cam787_w1,19,0.0
cam787_w1,20,0.007403189066059226
cam787_w1,21,0.003416856492027335
cam787_w1,22,0.01366742596810934
cam787_w1,23,0.0056947608200455585
cam787_w1,24,0.22722095671981776
cam787_w1,25,0.003416856492027335
cam787_w1,26,0.0
cam787_w1,27,0.0
cam787_w1,28,0.0
cam787_w1,29,0.0011389521640091116
cam787_w1,30,0.10649202733485194
cam787_w1,31,0.1611617312072893
cam787_w1,32,0.01082004555808656
cam787_w1,33,0.07289293849658314
cam787_w1,34,0.042710706150341685
cam787_w1,35,0.042710706150341685
cam787_w1,36,0.034738041002277904
cam787_w1,37,0.0011389521640091116
cam787_w1,38,0.05239179954441914
cam787_w1,39,0.06548974943052392
cam787_w1,40,0.00683371298405467
cam787_w1,41,0.0
cam787_w1,42,0.05353075170842825
cam787_w1,43,0.02562642369020501
cam787_w1,44,0.018223234624145785
cam787_w1,45,0.00968109339407745
cam787_w1,46,0.23405466970387243
cam787_w1,47,0.04726651480637813
cam787_w1,48,0.2716400911161731
cam787_w1,49,0.3337129840546697
cam787_w1,50,0.4157175398633257
cam787_w1,51,0.023917995444191344
cam787_w1,52,0.04612756264236902
cam787_w1,53,0.03132118451025057
cam787_w1,54,0.055239179954441914
cam787_w1,55,0.3132118451025057
cam787_w1,56,0.21355353075170844
cam787_w1,57,0.14009111617312073
cam787_w1,58,0.15546697038724375
cam787_w1,59,0.265375854214123
cam787_w1,60,0.3712984054669704
cam787_w1,61,0.035876993166287015
cam787_w1,62,0.03929384965831435
cam787_w1,63,0.014236902050113895
cam787_w1,64,0.07175398633257403
cam787_w1,65,0.041571753986332574
cam787_w1,66,0.01765375854214123
cam787_w1,67,0.1326879271070615
cam787_w1,68,0.008542141230068337
cam787_w1,69,0.08029612756264237
cam787_w1,70,0.003416856492027335
cam787_w1,71,0.0
cam787_w1,72,0.0
cam787_w1,73,0.0
cam787_w1,74,0.0
cam787_w1,75,0.0
cam787_w1,76,0.0
cam787_w1,77,0.0
cam787_w1,78,0.0
cam787_w1,79,0.0
cam787_w1,80,0.0
cam787_w1,81,0.0
cam787_w1,82,0.0
cam787_w1,83,0.0
cam787_w1,84,0.0
cam787_w1,85,0.003912363067292645
cam787_w1,86,0.057902973395931145
cam787_w1,87,0.061815336463223784
cam787_w1,88,0.28169014084507044
cam787_w1,89,0.22769953051643194
cam787_w1,90,0.7386541471048513
cam787_w1,91,0.350547730829421
cam787_w1,92,0.23161189358372458
cam787_w1,93,0.5367762128325508
cam787_w1,94,0.6604068857589984
cam787_w1,95,0.48043818466353677
cam787_w1,96,0.7942097026604069
cam787_w1,97,0.3474178403755869
cam787_w1,98,0.0
cam787_w1,99,0.5805946791862285
cam787_w1,100,0.09624413145539906
cam787_w1,101,0.5500782472613458
cam787_w1,102,0.22613458528951486
cam787_w1,103,0.026604068857589983
cam787_w1,104,0.35602503912363065
cam787_w1,105,0.5422535211267606
cam787_w1,106,0.5610328638497653
cam787_w1,107,0.45461658841940533
cam787_w1,108,0.06885758998435054
cam787_w1,109,0.3779342723004695
cam787_w1,110,0.10485133020344288
cam787_w1,111,0.6502347417840375
cam787_w1,112,0.1486697965571205
cam787_w1,113,0.43740219092331767
cam787_w1,114,0.02269170579029734
cam787_w1,115,0.6885758998435054
cam787_w1,116,0.19796557120500782
cam787_w1,117,0.9702660406885759
cam787_w1,118,0.5884194053208138
cam787_w1,119,0.9898278560250391
cam787_w1,120,0.5892018779342723
cam787_w1,121,0.6205007824726134
cam787_w1,122,0.14241001564945227
cam787_w1,123,0.460093896713615
cam787_w1,124,0.08998435054773082
cam787_w1,125,0.15805946791862285
cam787_w1,126,0.0
cam787_w1,127,0.11502347417840375
cam787_w1,128,0.14710485133020346
cam787_w1,129,0.0594679186228482
cam787_w1,130,0.26291079812206575
cam787_w1,131,0.2863849765258216
cam787_w1,132,0.001564945226917058
cam787_w1,133,0.006259780907668232
cam787_w1,134,0.0
cam787_w1,135,0.000782472613458529
cam787_w1,136,0.0
cam787_w1,137,0.0
cam787_w1,138,0.000782472613458529
cam787_w1,139,0.010954616588419406
cam787_w1,140,0.0
cam787_w1,141,0.000782472613458529
cam787_w1,142,0.11737089201877934
cam787_w1,143,0.023474178403755867
cam787_w1,144,0.0297339593114241
cam787_w1,145,0.005477308294209703
cam787_w1,146,0.0
cam787_w1,147,0.0
cam787_w1,148,0.0
cam787_w1,149,0.0
cam787_w1,150,0.0
cam787_w1,151,0.0
cam787_w1,152,0.0
cam787_w1,153,0.0
cam787_w1,154,0.0
cam787_w1,155,0.0
cam787_w1,156,0.0
cam787_w1,157,0.0
cam787_w1,158,0.0
cam787_w1,159,0.0
cam787_w1,160,0.0
cam787_w1,161,0.0
cam787_w1,162,0.0
cam787_w1,163,0.0
cam787_w1,164,0.0
cam787_w1,165,0.07401812688821752
cam787_w1,166,0.37084592145015105
cam787_w1,167,0.5581570996978852
cam787_w1,168,0.15256797583081572
cam787_w1,169,0.3240181268882175
cam787_w1,170,0.49773413897280966
cam787_w1,171,0.3640483383685801
cam787_w1,172,0.4561933534743202
cam787_w1,173,0.3217522658610272
cam787_w1,174,0.10045317220543806
cam787_w1,175,0.3549848942598187
cam787_w1,176,0.7522658610271903
cam787_w1,177,0.7930513595166163
cam787_w1,178,0.5430513595166163
cam787_w1,179,0.6344410876132931
cam787_w1,180,0.547583081570997
cam787_w1,181,0.46827794561933533
cam787_w1,182,0.06268882175226587
cam787_w1,183,0.04154078549848943
cam787_w1,184,0.0015105740181268882
cam787_w1,185,0.0022658610271903325
cam787_w1,186,0.005287009063444109
cam787_w1,187,0.005287009063444109
cam787_w1,188,0.0
cam787_w1,189,0.027190332326283987
cam787_w1,190,0.0581570996978852
cam787_w1,191,0.06722054380664652
cam787_w1,192,0.02039274924471299
cam787_w1,193,0.019637462235649546
cam787_w1,194,0.311178247734139
cam787_w1,195,0.015861027190332326
cam787_w1,196,0.11782477341389729
cam787_w1,197,0.09818731117824774
cam787_w1,198,0.028700906344410877
cam787_w1,199,0.0015105740181268882
cam787_w1,200,0.0
cam787_w1,201,0.0
cam787_w1,202,0.006042296072507553
cam787_w1,203,0.0022658610271903325
cam787_w1,204,0.0007552870090634441
cam787_w1,205,0.0
cam787_w1,206,0.0
cam787_w1,207,0.035498489425981876
cam787_w1,208,0.04380664652567976
cam787_w1,209,0.0037764350453172208
cam787_w1,210,0.010574018126888218
cam787_w1,211,0.0
cam787_w1,212,0.010574018126888218
cam787_w1,213,0.0037764350453172208
cam787_w1,214,0.07326283987915408
cam787_w1,215,0.024924471299093656
cam787_w1,216,0.0037764350453172208
cam787_w1,217,0.009818731117824773
cam787_w1,218,0.006797583081570997
cam787_w1,219,0.0015105740181268882
cam787_w1,220,0.0
cam787_w1,221,0.0075528700906344415
cam787_w1,222,0.0
cam787_w1,223,0.0
cam787_w1,224,0.0
cam787_w1,225,0.0
cam787_w1,226,0.0
cam787_w1,227,0.0
cam787_w1,228,0.0
cam787_w1,229,0.0
cam787_w1,230,0.0
cam787_w1,231,0.007994670219853431
cam787_w1,232,0.0
cam787_w1,233,0.0
cam787_w1,234,0.0033311125916055963
cam787_w1,235,0.0
cam787_w1,236,0.0
cam787_w1,237,0.0
cam787_w1,238,0.0033311125916055963
cam787_w1,239,0.04730179880079947
cam787_w1,240,0.0
cam787_w1,241,0.013324450366422385
cam787_w1,242,0.08727514990006663
cam787_w1,243,0.0832778147901399
cam787_w1,244,0.09393737508327782
cam787_w1,245,0.31312458361092604
cam787_w1,246,0.40772818121252496
cam787_w1,247,0.19920053297801465
cam787_w1,248,0.670219853431046
cam787_w1,249,0.6175882744836776
cam787_w1,250,0.7361758827448368
cam787_w1,251,0.5409726848767489
cam787_w1,252,0.1492338441039307
cam787_w1,253,0.5149900066622252
cam787_w1,254,0.08461025982678215
cam787_w1,255,0.023317788141239172
cam787_w1,256,0.019320453031312457
cam787_w1,257,0.013324450366422385
cam787_w1,258,0.018654230512991338
cam787_w1,259,0.019986675549633577
cam787_w1,260,0.0006662225183211193
cam787_w1,261,0.005996002664890073
cam787_w1,262,0.004663557628247834
cam787_w1,263,0.019986675549633577
cam787_w1,264,0.009993337774816789
cam787_w1,265,0.013990672884743505
cam787_w1,266,0.06329113924050633
cam787_w1,267,0.4943371085942705
cam787_w1,268,0.03397734843437708
cam787_w1,269,0.10592938041305797
cam787_w1,270,0.038640906062624915
cam787_w1,271,0.029980013324450366
cam787_w1,272,0.03597601598934044
cam787_w1,273,0.0
cam787_w1,274,0.020652898067954697
cam787_w1,275,0.001998667554963358
cam787_w1,276,0.010659560293137908
cam787_w1,277,0.05862758161225849
cam787_w1,278,0.13324450366422386
cam787_w1,279,0.09860093271152565
cam787_w1,280,0.10193204530313124
cam787_w1,281,0.04596935376415723
cam787_w1,282,0.0033311125916055963
cam787_w1,283,0.01798800799467022
cam787_w1,284,0.017321785476349102
cam787_w1,285,0.01798800799467022
cam787_w1,286,0.014656895403064623
cam787_w1,287,0.010659560293137908
cam787_w1,288,0.013990672884743505
cam787_w1,289,0.10459693537641572
cam787_w1,290,0.0
cam787_w1,291,0.004663557628247834
cam787_w1,292,0.06862091938707528
cam787_w1,293,0.029313790806129246
cam787_w1,294,0.0
cam787_w1,295,0.039973351099267154
cam787_w1,296,0.0
cam787_w1,297,0.0
cam787_w1,298,0.0
cam787_w1,299,0.0
cam787_w1,300,0.0
cam787_w1,301,0.0
cam787_w1,302,0.0
cam787_w1,303,0.0
cam787_w1,304,0.0
cam787_w1,305,0.006584723441615452
cam787_w1,306,0.0
cam787_w1,307,0.0
cam787_w1,308,0.0
cam787_w1,309,0.0030728709394205445
cam787_w1,310,0.0
cam787_w1,311,0.0030728709394205445
cam787_w1,312,0.0
cam787_w1,313,0.0
cam787_w1,314,0.004828797190517998
cam787_w1,315,0.024582967515364356
cam787_w1,316,0.003950834064969272
cam787_w1,317,0.0
cam787_w1,318,0.0504828797190518
cam787_w1,319,0.028094820017559263
cam787_w1,320,0.053555750658472345
cam787_w1,321,0.11194029850746269
cam787_w1,322,0.22431957857769974
cam787_w1,323,0.028094820017559263
cam787_w1,324,0.07857769973661106
cam787_w1,325,0.19622475856014046
cam787_w1,326,0.1286215978928885
cam787_w1,327,0.03994732221246708
cam787_w1,328,0.11281826163301141
cam787_w1,329,0.07857769973661106
cam787_w1,330,0.033362598770851626
cam787_w1,331,0.061018437225636525
cam787_w1,332,0.058823529411764705
cam787_w1,333,0.09043020193151888
cam787_w1,334,0.1804214223002634
cam787_w1,335,0.2019315188762072
cam787_w1,336,0.13520632133450394
cam787_w1,337,0.3226514486391572
cam787_w1,338,0.2594381035996488
cam787_w1,339,0.0733099209833187
cam787_w1,340,0.03511852502194908
cam787_w1,341,0.16769095697980685
cam787_w1,342,0.1453028972783143
cam787_w1,343,0.0649692712906058
cam787_w1,344,0.2840210711150132
cam787_w1,345,0.08296751536435469
cam787_w1,346,0.05487269534679543
cam787_w1,347,0.17251975417032483
cam787_w1,348,0.17822651448639157
cam787_w1,349,0.3086040386303775
cam787_w1,350,0.2844600526777875
cam787_w1,351,0.06321334503950835
cam787_w1,352,0.05575065847234416
cam787_w1,353,0.056189640035118525
cam787_w1,354,0.012730465320456541
cam787_w1,355,0.001755926251097454
cam787_w1,356,0.03204565408252853
cam787_w1,357,0.017120280948200176
cam787_w1,358,0.019315188762071993
cam787_w1,359,0.14135206321334504
cam787_w1,360,0.046532045654082525
cam787_w1,361,0.1391571553994732
cam787_w1,362,0.15232660228270412
cam787_w1,363,0.04521510096575944
cam787_w1,364,0.10184372256365233
cam787_w1,365,0.048287971905179985
cam787_w1,366,0.10886742756804214
cam787_w1,367,0.0052677787532923615
cam787_w1,368,0.05750658472344162
cam787_w1,369,0.053994732221246705
cam787_w1,370,0.03028972783143108
cam787_w1,371,0.025899912203687446
cam787_w1,372,0.04477611940298507
cam787_w1,373,0.001755926251097454
cam787_w1,374,0.004389815627743635
cam787_w1,375,0.03467954345917471
cam787_w3,1,0.0
cam787_w3,2,0.0
cam787_w3,3,0.0
cam787_w3,4,0.0
cam787_w3,5,0.0
cam787_w3,6,0.0
cam787_w3,7,0.0
cam787_w3,8,0.0
cam787_w3,9,0.0
cam787_w3,10,0.0
cam787_w3,11,0.0
cam787_w3,12,0.0
cam787_w3,13,0.0
cam787_w3,14,0.0
cam787_w3,15,0.007909604519774011
cam787_w3,16,0.0
cam787_w3,17,0.0
cam787_w3,18,0.00903954802259887
cam787_w3,19,0.0
cam787_w3,20,0.015254237288135594
cam787_w3,21,0.020903954802259886
cam787_w3,22,0.0
cam787_w3,23,0.15423728813559323
cam787_w3,24,0.014124293785310734
cam787_w3,25,0.025423728813559324
cam787_w3,26,0.15706214689265538
cam787_w3,27,0.0
cam787_w3,28,0.15310734463276837
cam787_w3,29,0.411864406779661
cam787_w3,30,0.0
cam787_w3,31,0.21638418079096045
cam787_w3,32,0.2519774011299435
cam787_w3,33,0.07231638418079096
cam787_w3,34,0.19265536723163842
cam787_w3,35,0.3870056497175141
cam787_w3,36,0.19887005649717515
cam787_w3,37,0.14293785310734464
cam787_w3,38,0.0062146892655367235
cam787_w3,39,0.0
cam787_w3,40,0.0022598870056497176
cam787_w3,41,0.023728813559322035
cam787_w3,42,0.0
cam787_w3,43,0.003389830508474576
cam787_w3,44,0.005084745762711864
cam787_w3,45,0.012429378531073447
cam787_w3,46,0.011864406779661017
cam787_w3,47,0.011864406779661017
cam787_w3,48,0.031073446327683617
cam787_w3,49,0.27231638418079096
cam787_w3,50,0.38531073446327685
cam787_w3,51,0.4124293785310734
cam787_w3,52,0.12542372881355932
cam787_w3,53,0.05084745762711865
cam787_w3,54,0.05141242937853107
cam787_w3,55,0.001694915254237288
cam787_w3,56,0.12937853107344632
cam787_w3,57,0.2248587570621469
cam787_w3,58,0.05423728813559322
cam787_w3,59,0.0423728813559322
cam787_w3,60,0.06949152542372881
cam787_w3,61,0.21694915254237288
cam787_w3,62,0.07231638418079096
cam787_w3,63,0.21412429378531073
cam787_w3,64,0.24067796610169492
cam787_w3,65,0.34011299435028247
cam787_w3,66,0.0039548022598870055
cam787_w3,67,0.004519774011299435
cam787_w3,68,0.007909604519774011
cam787_w3,69,0.01638418079096045
cam787_w3,70,0.031073446327683617
cam787_w3,71,0.0005649717514124294
cam787_w3,72,0.0
cam787_w3,73,0.0
cam787_w3,74,0.0
cam787_w3,75,0.0
cam787_w3,76,0.0
cam787_w3,77,0.0
cam787_w3,78,0.0
cam787_w3,79,0.0
cam787_w3,80,0.0
cam787_w3,81,0.0
cam787_w3,82,0.0
cam787_w3,83,0.0
cam787_w3,84,0.0
cam787_w3,85,0.013481363996827915
cam787_w3,86,0.0
cam787_w3,87,0.0
cam787_w3,88,0.0015860428231562252
cam787_w3,89,0.1942902458366376
cam787_w3,90,0.39492466296590006
cam787_w3,91,0.07692307692307693
cam787_w3,92,0.5233941316415543
cam787_w3,93,0.09754163362410785
cam787_w3,94,0.7248215701823949
cam787_w3,95,0.6447264076130056
cam787_w3,96,0.176050753370341
cam787_w3,97,0.19825535289452814
cam787_w3,98,0.5796986518636004
cam787_w3,99,0.0
cam787_w3,100,0.0
cam787_w3,101,0.0007930214115781126
cam787_w3,102,0.030927835051546393
cam787_w3,103,0.06978588421887391
cam787_w3,104,0.10229976209357652
cam787_w3,105,0.43616177636796194
cam787_w3,106,0.6137985725614592
cam787_w3,107,0.7470261697065821
cam787_w3,108,0.9540047581284695
cam787_w3,109,0.9199048374306106
cam787_w3,110,0.43061062648691517
cam787_w3,111,0.45043616177636797
cam787_w3,112,0.04916732751784298
cam787_w3,113,0.0
cam787_w3,114,0.017446471054718478
cam787_w3,115,0.09833465503568596
cam787_w3,116,0.0
cam787_w3,117,0.0
cam787_w3,118,0.007930214115781126
cam787_w3,119,0.0015860428231562252
cam787_w3,120,0.18715305313243458
cam787_w3,121,0.14432989690721648
cam787_w3,122,0.0
cam787_w3,123,0.3394131641554322
cam787_w3,124,0.26883425852498016
cam787_w3,125,0.7525773195876289
cam787_w3,126,0.1514670896114195
cam787_w3,127,0.0
cam787_w3,128,0.022204599524187154
cam787_w3,129,0.06502775574940524
cam787_w3,130,0.02696272799365583
cam787_w3,131,0.0
cam787_w3,132,0.0
cam787_w3,133,0.0
cam787_w3,134,0.01506740681998414
cam787_w3,135,0.003965107057890563
cam787_w3,136,0.01823949246629659
cam787_w3,137,0.08643933386201427
cam787_w3,138,0.0
cam787_w3,139,0.047581284694686754
cam787_w3,140,0.0
cam787_w3,141,0.02775574940523394
cam787_w3,142,0.16653449643140364
cam787_w3,143,0.09833465503568596
cam787_w3,144,0.0007930214115781126
cam787_w3,145,0.0
cam787_w3,146,0.0
cam787_w3,147,0.0
cam787_w3,148,0.0
cam787_w3,149,0.0
cam787_w3,150,0.0
cam787_w3,151,0.0
cam787_w3,152,0.0
cam787_w3,153,0.0
cam787_w3,154,0.0
cam787_w3,155,0.0
cam787_w3,156,0.0
cam787_w3,157,0.0
cam787_w3,158,0.0
cam787_w3,159,0.0
cam787_w3,160,0.0023455824863174357
cam787_w3,161,0.0
cam787_w3,162,0.006254886630179828
cam787_w3,163,0.0007818608287724785
cam787_w3,164,0.003909304143862392
cam787_w3,165,0.0
cam787_w3,166,0.0
cam787_w3,167,0.07505863956215794
cam787_w3,168,0.04691164972634871
cam787_w3,169,0.09147771696637999
cam787_w3,170,0.12197028928850664
cam787_w3,171,0.22126661454261143
cam787_w3,172,0.6755277560594214
cam787_w3,173,0.5465207193119624
cam787_w3,174,0.12118842845973417
cam787_w3,175,0.0727130570758405
cam787_w3,176,0.6489444878811571
cam787_w3,177,0.49569976544175137
cam787_w3,178,0.00547302580140735
cam787_w3,179,0.0
cam787_w3,180,0.0
cam787_w3,181,0.0437842064112588
cam787_w3,182,0.4949179046129789
cam787_w3,183,0.8428459734167318
cam787_w3,184,0.11024237685691947
cam787_w3,185,0.01563721657544957
cam787_w3,186,0.01563721657544957
cam787_w3,187,0.0
cam787_w3,188,0.003909304143862392
cam787_w3,189,0.0
cam787_w3,190,0.04769351055512119
cam787_w3,191,0.029710711493354185
cam787_w3,192,0.0
cam787_w3,193,0.020328381548084442
cam787_w3,194,0.0
cam787_w3,195,0.06489444878811572
cam787_w3,196,0.09616888193901485
cam787_w3,197,0.0
cam787_w3,198,0.22361219702892884
cam787_w3,199,0.007818608287724784
cam787_w3,200,0.039093041438623924
cam787_w3,201,0.017200938232994525
cam787_w3,202,0.027365129007036748
cam787_w3,203,0.0007818608287724785
cam787_w3,204,0.004691164972634871
cam787_w3,205,0.003909304143862392
cam787_w3,206,0.019546520719311962
cam787_w3,207,0.0
cam787_w3,208,0.008600469116497263
cam787_w3,209,0.0
cam787_w3,210,0.006254886630179828
cam787_w3,211,0.0
cam787_w3,212,0.003909304143862392
cam787_w3,213,0.014855355746677092
cam787_w3,214,0.04534792806880375
cam787_w3,215,0.007036747458952306
cam787_w3,216,0.03440187646598905
cam787_w3,217,0.004691164972634871
cam787_w3,218,0.0
cam787_w3,219,0.001563721657544957
cam787_w3,220,0.0
cam787_w3,221,0.0
cam787_w3,222,0.0
cam787_w3,223,0.0
cam787_w3,224,0.0
cam787_w3,225,0.0
cam787_w3,226,0.0
cam787_w3,227,0.0
cam787_w3,228,0.0
cam787_w3,229,0.0
cam787_w3,230,0.0
cam787_w3,231,0.011938202247191011
cam787_w3,232,0.0
cam787_w3,233,0.0
cam787_w3,234,0.0
cam787_w3,235,0.0
cam787_w3,236,0.0
cam787_w3,237,0.0
cam787_w3,238,0.0
cam787_w3,239,0.042837078651685394
cam787_w3,240,0.09550561797752809
cam787_w3,241,0.30407303370786515
cam787_w3,242,0.16151685393258428
cam787_w3,243,0.25280898876404495
cam787_w3,244,0.30758426966292135
cam787_w3,245,0.22191011235955055
cam787_w3,246,0.39747191011235955
cam787_w3,247,0.04564606741573034
cam787_w3,248,0.5196629213483146
cam787_w3,249,0.08426966292134831
cam787_w3,250,0.018258426966292134
cam787_w3,251,0.04845505617977528
cam787_w3,252,0.07514044943820225
cam787_w3,253,0.08567415730337079
cam787_w3,254,0.11657303370786516
cam787_w3,255,0.1348314606741573
cam787_w3,256,0.48314606741573035
cam787_w3,257,0.5189606741573034
cam787_w3,258,0.05688202247191011
cam787_w3,259,0.10112359550561797
cam787_w3,260,0.02247191011235955
cam787_w3,261,0.03651685393258427
cam787_w3,262,0.05337078651685393
cam787_w3,263,0.021769662921348316
cam787_w3,264,0.0007022471910112359
cam787_w3,265,0.028089887640449437
cam787_w3,266,0.018258426966292134
cam787_w3,267,0.016151685393258428
cam787_w3,268,0.05196629213483146
cam787_w3,269,0.04424157303370786
cam787_w3,270,0.008426966292134831
cam787_w3,271,0.04424157303370786
cam787_w3,272,0.11025280898876405
cam787_w3,273,0.028089887640449437
cam787_w3,274,0.06179775280898876
cam787_w3,275,0.0007022471910112359
cam787_w3,276,0.004213483146067416
cam787_w3,277,0.01544943820224719
cam787_w3,278,0.05547752808988764
cam787_w3,279,0.028792134831460675
cam787_w3,280,0.05337078651685393
cam787_w3,281,0.028089887640449437
cam787_w3,282,0.021769662921348316
cam787_w3,283,0.06179775280898876
cam787_w3,284,0.056179775280898875
cam787_w3,285,0.2598314606741573
cam787_w3,286,0.21910112359550563
cam787_w3,287,0.04073033707865169
cam787_w3,288,0.12289325842696629
cam787_w3,289,0.016853932584269662
cam787_w3,290,0.04073033707865169
cam787_w3,291,0.03932584269662921
cam787_w3,292,0.05547752808988764
cam787_w3,293,0.023876404494382022
cam787_w3,294,0.013342696629213483
cam787_w3,295,0.0449438202247191
cam787_w3,296,0.02598314606741573
cam787_w3,297,0.028089887640449437
cam787_w3,298,0.24297752808988765
cam787_w3,299,0.0
cam787_w3,300,0.018960674157303372
cam787_w3,301,0.0
cam787_w3,302,0.0
cam787_w3,303,0.0
cam787_w3,304,0.0
cam787_w3,305,0.0
cam787_w3,306,0.0
cam787_w3,307,0.0004342162396873643
cam787_w3,308,0.0017368649587494573
cam787_w3,309,0.0316977854971776
cam787_w3,310,0.0
cam787_w3,311,0.0
cam787_w3,312,0.0060790273556231
cam787_w3,313,0.0008684324793747286
cam787_w3,314,0.0021710811984368217
cam787_w3,315,0.0
cam787_w3,316,0.006513243595310464
cam787_w3,317,0.015631784628745114
cam787_w3,318,0.0
cam787_w3,319,0.01997394702561876
cam787_w3,320,0.03517151541467651
cam787_w3,321,0.17325227963525835
cam787_w3,322,0.1862787668258793
cam787_w3,323,0.062092922275293096
cam787_w3,324,0.11246200607902736
cam787_w3,325,0.10030395136778116
cam787_w3,326,0.21710811984368214
cam787_w3,327,0.07207989578810248
cam787_w3,328,0.08554059921841077
cam787_w3,329,0.07034303082935302
cam787_w3,330,0.2735562310030395
cam787_w3,331,0.2687798523664785
cam787_w3,332,0.08858011289622232
cam787_w3,333,0.17238384715588362
cam787_w3,334,0.06990881458966565
cam787_w3,335,0.2166739036039948
cam787_w3,336,0.05948762483716891
cam787_w3,337,0.36213634389926186
cam787_w3,338,0.013894919669995658
cam787_w3,339,0.0972644376899696
cam787_w3,340,0.16673903603994789
cam787_w3,341,0.026052974381241857
cam787_w3,342,0.07164567954841511
cam787_w3,343,0.03343465045592705
cam787_w3,344,0.07729049066435084
cam787_w3,345,0.1984368215371255
cam787_w3,346,0.20798957881024752
cam787_w3,347,0.2092922275293096
cam787_w3,348,0.08858011289622232
cam787_w3,349,0.10073816760746852
cam787_w3,350,0.2175423360833695
cam787_w3,351,0.4181502388189318
cam787_w3,352,0.11115935735996527
cam787_w3,353,0.06600086843247938
cam787_w3,354,0.12071211463308727
cam787_w3,355,0.16891011723838473
cam787_w3,356,0.07121146330872774
cam787_w3,357,0.10725141120277898
cam787_w3,358,0.24880590534085975
cam787_w3,359,0.2544507164567955
cam787_w3,360,0.006947459834997829
cam787_w3,361,0.17108119843682154
cam787_w3,362,0.04559270516717325
cam787_w3,363,0.13156752062527138
cam787_w3,364,0.016500217108119844
cam787_w3,365,0.04689535388623534
cam787_w3,366,0.238384715588363
cam787_w3,367,0.21016066000868433
cam787_w3,368,0.16239687364307426
cam787_w3,369,0.021710811984368215
cam787_w3,370,0.04602692140686062
cam787_w3,371,0.18584455058619193
cam787_w3,372,0.04342162396873643
cam787_w3,373,0.1450282240555797
cam787_w3,374,0.07598784194528875
cam787_w3,375,0.010421189752496743
cam787_w4,1,0.0
cam787_w4,2,0.0
cam787_w4,3,0.0
cam787_w4,4,0.06404833836858007
cam787_w4,5,0.01570996978851964
cam787_w4,6,0.012084592145015106
cam787_w4,7,0.0
cam787_w4,8,0.0
cam787_w4,9,0.0
cam787_w4,10,0.0
cam787_w4,11,0.18489425981873112
cam787_w4,12,0.0
cam787_w4,13,0.0036253776435045317
cam787_w4,14,0.19214501510574017
cam787_w4,15,0.03927492447129909
cam787_w4,16,0.06827794561933535
cam787_w4,17,0.0006042296072507553
cam787_w4,18,0.2882175226586103
cam787_w4,19,0.7842900302114804
cam787_w4,20,0.3129909365558912
cam787_w4,21,0.0018126888217522659
cam787_w4,22,0.23746223564954683
cam787_w4,23,0.0
cam787_w4,24,0.4416918429003021
cam787_w4,25,0.572809667673716
cam787_w4,26,0.5480362537764351
cam787_w4,27,0.7981873111782477
cam787_w4,28,0.7709969788519637
cam787_w4,29,0.34259818731117825
cam787_w4,30,0.024773413897280966
cam787_w4,31,0.13595166163141995
cam787_w4,32,0.24108761329305137
cam787_w4,33,0.03141993957703928
cam787_w4,34,0.00785498489425982
cam787_w4,35,0.008459214501510574
cam787_w4,36,0.013897280966767372
cam787_w4,37,0.012688821752265862
cam787_w4,38,0.038066465256797584
cam787_w4,39,0.018731117824773415
cam787_w4,40,0.035045317220543805
cam787_w4,41,0.09909365558912386
cam787_w4,42,0.014501510574018127
cam787_w4,43,0.03323262839879154
cam787_w4,44,0.029607250755287008
cam787_w4,45,0.07009063444108761
cam787_w4,46,0.0
cam787_w4,47,0.03746223564954683
cam787_w4,48,0.02175226586102719
cam787_w4,49,0.05498489425981873
cam787_w4,50,0.09969788519637462
cam787_w4,51,0.13595166163141995
cam787_w4,52,0.4580060422960725
cam787_w4,53,0.08398791540785498
cam787_w4,54,0.09546827794561934
cam787_w4,55,0.5039274924471299
cam787_w4,56,0.6761329305135951
cam787_w4,57,0.0
cam787_w4,58,0.00906344410876133
cam787_w4,59,0.03262839879154079
cam787_w4,60,0.02175226586102719
cam787_w4,61,0.030211480362537766
cam787_w4,62,0.01933534743202417
cam787_w4,63,0.03262839879154079
cam787_w4,64,0.172809667673716
cam787_w4,65,0.012084592145015106
cam787_w4,66,0.0018126888217522659
cam787_w4,67,0.013293051359516616
cam787_w4,68,0.0036253776435045317
cam787_w4,69,0.029607250755287008
cam787_w4,70,0.023564954682779457
cam787_w4,71,0.0030211480362537764
cam787_w4,72,0.0
cam787_w4,73,0.0
cam787_w4,74,0.06283987915407856
cam787_w4,75,0.0
cam787_w4,76,0.0
cam787_w4,77,0.00916030534351145
cam787_w4,78,0.0
cam787_w4,79,0.0
cam787_w4,80,0.0
cam787_w4,81,0.0
cam787_w4,82,0.0
cam787_w4,83,0.0
cam787_w4,84,0.0
cam787_w4,85,0.011450381679389313
cam787_w4,86,0.0
cam787_w4,87,0.0816793893129771
cam787_w4,88,0.18702290076335878
cam787_w4,89,0.0
cam787_w4,90,0.0
cam787_w4,91,0.0183206106870229
cam787_w4,92,0.6068702290076335
cam787_w4,93,0.649618320610687
cam787_w4,94,0.0
cam787_w4,95,0.07862595419847328
cam787_w4,96,0.0030534351145038168
cam787_w4,97,0.39923664122137403
cam787_w4,98,0.8030534351145038
cam787_w4,99,0.40992366412213743
cam787_w4,100,0.9374045801526718
cam787_w4,101,0.3480916030534351
cam787_w4,102,0.07938931297709924
cam787_w4,103,0.0
cam787_w4,104,0.01603053435114504
cam787_w4,105,0.0
cam787_w4,106,0.0
cam787_w4,107,0.05725190839694656
cam787_w4,108,0.6351145038167939
cam787_w4,109,0.6717557251908397
cam787_w4,110,0.7969465648854962
cam787_w4,111,0.7198473282442748
cam787_w4,112,0.6511450381679389
cam787_w4,113,0.732824427480916
cam787_w4,114,0.6908396946564885
cam787_w4,115,0.017557251908396947
cam787_w4,116,0.0
cam787_w4,117,0.3267175572519084
cam787_w4,118,0.2480916030534351
cam787_w4,119,0.6312977099236641
cam787_w4,120,0.5992366412213741
cam787_w4,121,0.6763358778625954
cam787_w4,122,0.5511450381679389
cam787_w4,123,0.6458015267175573
cam787_w4,124,0.07404580152671755
cam787_w4,125,0.04198473282442748
cam787_w4,126,0.0
cam787_w4,127,0.0
cam787_w4,128,0.0
cam787_w4,129,0.0
cam787_w4,130,0.0
cam787_w4,131,0.0
cam787_w4,132,0.0
cam787_w4,133,0.0
cam787_w4,134,0.0
cam787_w4,135,0.0
cam787_w4,136,0.0
cam787_w4,137,0.0
cam787_w4,138,0.0
cam787_w4,139,0.0
cam787_w4,140,0.0
cam787_w4,141,0.0
cam787_w4,142,0.012977099236641221
cam787_w4,143,0.03969465648854962
cam787_w4,144,0.026717557251908396
cam787_w4,145,0.00916030534351145
cam787_w4,146,0.0
cam787_w4,147,0.0
cam787_w4,148,0.0
cam787_w4,149,0.0
cam787_w4,150,0.0
cam787_w4,151,0.0
cam787_w4,152,0.0
cam787_w4,153,0.0
cam787_w4,154,0.0
cam787_w4,155,0.0
cam787_w4,156,0.004792332268370607
cam787_w4,157,0.0
cam787_w4,158,0.0
cam787_w4,159,0.0
cam787_w4,160,0.0
cam787_w4,161,0.0
cam787_w4,162,0.0
cam787_w4,163,0.0
cam787_w4,164,0.0
cam787_w4,165,0.010383386581469648
cam787_w4,166,0.036741214057507986
cam787_w4,167,0.03035143769968051
cam787_w4,168,0.003194888178913738
cam787_w4,169,0.08067092651757188
cam787_w4,170,0.3937699680511182
cam787_w4,171,0.3250798722044728
cam787_w4,172,0.019968051118210862
cam787_w4,173,0.3170926517571885
cam787_w4,174,0.481629392971246
cam787_w4,175,0.26757188498402557
cam787_w4,176,0.6389776357827476
cam787_w4,177,0.6349840255591054
cam787_w4,178,0.5926517571884984
cam787_w4,179,0.4928115015974441
cam787_w4,180,0.8833865814696485
cam787_w4,181,0.7268370607028753
cam787_w4,182,0.8554313099041534
cam787_w4,183,0.20287539936102236
cam787_w4,184,0.4704472843450479
cam787_w4,185,0.04313099041533546
cam787_w4,186,0.0
cam787_w4,187,0.0
cam787_w4,188,0.0
cam787_w4,189,0.00878594249201278
cam787_w4,190,0.0
cam787_w4,191,0.0
cam787_w4,192,0.0
cam787_w4,193,0.005591054313099041
cam787_w4,194,0.006389776357827476
cam787_w4,195,0.09584664536741214
cam787_w4,196,0.0007987220447284345
cam787_w4,197,0.25559105431309903
cam787_w4,198,0.6269968051118211
cam787_w4,199,0.6940894568690096
cam787_w4,200,0.22044728434504793
cam787_w4,201,0.013578274760383386
cam787_w4,202,0.05990415335463259
cam787_w4,203,0.003993610223642172
cam787_w4,204,0.003993610223642172
cam787_w4,205,0.012779552715654952
cam787_w4,206,0.0
cam787_w4,207,0.0
cam787_w4,208,0.0
cam787_w4,209,0.0
cam787_w4,210,0.0
cam787_w4,211,0.00718849840255591
cam787_w4,212,0.0
cam787_w4,213,0.0
cam787_w4,214,0.0
cam787_w4,215,0.022364217252396165
cam787_w4,216,0.01597444089456869
cam787_w4,217,0.04952076677316294
cam787_w4,218,0.00878594249201278
cam787_w4,219,0.003993610223642172
cam787_w4,220,0.0023961661341853034
cam787_w4,221,0.0
cam787_w4,222,0.009584664536741214
cam787_w4,223,0.006389776357827476
cam787_w4,224,0.0
cam787_w4,225,0.0
cam787_w4,226,0.0
cam787_w4,227,0.0
cam787_w4,228,0.0
cam787_w4,229,0.0
cam787_w4,230,0.0
cam787_w4,231,0.0
cam787_w4,232,0.0
cam787_w4,233,0.0
cam787_w4,234,0.0
cam787_w4,235,0.018880647336480108
cam787_w4,236,0.0
cam787_w4,237,0.0
cam787_w4,238,0.0
cam787_w4,239,0.014834794335805798
cam787_w4,240,0.009440323668240054
cam787_w4,241,0.006743088334457181
cam787_w4,242,0.0006743088334457181
cam787_w4,243,0.0
cam787_w4,244,0.06743088334457181
cam787_w4,245,0.049898853674983146
cam787_w4,246,0.08226567768037761
cam787_w4,247,0.09979770734996629
cam787_w4,248,0.020903573836817263
cam787_w4,249,0.019554956169925825
cam787_w4,250,0.03641267700606878
cam787_w4,251,0.07956844234659474
cam787_w4,252,0.16250842886041808
cam787_w4,253,0.50708024275118
cam787_w4,254,0.09507754551584625
cam787_w4,255,0.07484828051247472
cam787_w4,256,0.008766014834794335
cam787_w4,257,0.0020229265003371545
cam787_w4,258,0.009440323668240054
cam787_w4,259,0.09238031018206339
cam787_w4,260,0.033715441672285906
cam787_w4,261,0.08900876601483479
cam787_w4,262,0.1523937963587323
cam787_w4,263,0.053270397842211735
cam787_w4,264,0.007417397167902899
cam787_w4,265,0.05933917734322319
cam787_w4,266,0.03169251517194875
cam787_w4,267,0.041807147673634526
cam787_w4,268,0.0
cam787_w4,269,0.016857720836142953
cam787_w4,270,0.05933917734322319
cam787_w4,271,0.08698583951449763
cam787_w4,272,0.23735670937289277
cam787_w4,273,0.04248145650708024
cam787_w4,274,0.026972353337828724
cam787_w4,275,0.014834794335805798
cam787_w4,276,0.026298044504383007
cam787_w4,277,0.030343897505057317
cam787_w4,278,0.02899527983816588
cam787_w4,279,0.2002697235333783
cam787_w4,280,0.018880647336480108
cam787_w4,281,0.23937963587322994
cam787_w4,282,0.10654079568442347
cam787_w4,283,0.026972353337828724
cam787_w4,284,0.024275118004045852
cam787_w4,285,0.027646662171274445
cam787_w4,286,0.011463250168577209
cam787_w4,287,0.24072825354012137
cam787_w4,288,0.15037086985839515
cam787_w4,289,0.006743088334457181
cam787_w4,290,0.02899527983816588
cam787_w4,291,0.0
cam787_w4,292,0.0026972353337828725
cam787_w4,293,0.023600809170600135
cam787_w4,294,0.016857720836142953
cam787_w4,295,0.03978422117329737
cam787_w4,296,0.033715441672285906
cam787_w4,297,0.006743088334457181
cam787_w4,298,0.016857720836142953
cam787_w4,299,0.008766014834794335
cam787_w4,300,0.004045853000674309
cam787_w4,301,0.0
cam787_w4,302,0.0
cam787_w4,303,0.0
cam787_w4,304,0.0
cam787_w4,305,0.0
cam787_w4,306,0.0
cam787_w4,307,0.0
cam787_w4,308,0.0
cam787_w4,309,0.0026052974381241857
cam787_w4,310,0.0008684324793747286
cam787_w4,311,0.0039079461571862786
cam787_w4,312,0.0
cam787_w4,313,0.0
cam787_w4,314,0.008250108554059922
cam787_w4,315,0.005210594876248371
cam787_w4,316,0.004776378636561007
cam787_w4,317,0.010855405992184108
cam787_w4,318,0.0425531914893617
cam787_w4,319,0.027789839339991317
cam787_w4,320,0.09986973512809379
cam787_w4,321,0.10421189752496743
cam787_w4,322,0.18280503690838038
cam787_w4,323,0.12027789839339992
cam787_w4,324,0.16760746851932262
cam787_w4,325,0.057750759878419454
cam787_w4,326,0.11897524967433783
cam787_w4,327,0.24793747286148501
cam787_w4,328,0.18671298306556666
cam787_w4,329,0.17368649587494572
cam787_w4,330,0.17672600955275727
cam787_w4,331,0.26487190620929224
cam787_w4,332,0.2839774207555363
cam787_w4,333,0.2323056882327399
cam787_w4,334,0.1762917933130699
cam787_w4,335,0.17672600955275727
cam787_w4,336,0.19409465914025184
cam787_w4,337,0.11419887103777682
cam787_w4,338,0.07729049066435084
cam787_w4,339,0.11593573599652628
cam787_w4,340,0.15675206252713852
cam787_w4,341,0.17802865827181938
cam787_w4,342,0.25879287885366914
cam787_w4,343,0.20104211897524968
cam787_w4,344,0.24012158054711247
cam787_w4,345,0.1849761181068172
cam787_w4,346,0.24663482414242294
cam787_w4,347,0.16587060356057318
cam787_w4,348,0.17325227963525835
cam787_w4,349,0.05080330004342162
cam787_w4,350,0.3617021276595745
cam787_w4,351,0.062092922275293096
cam787_w4,352,0.16934433347807207
cam787_w4,353,0.35345201910551455
cam787_w4,354,0.11202778983933999
cam787_w4,355,0.16283108988276163
cam787_w4,356,0.2535822839774208
cam787_w4,357,0.24620060790273557
cam787_w4,358,0.01910551454624403
cam787_w4,359,0.13677811550151975
cam787_w4,360,0.19279201042118976
cam787_w4,361,0.34259661311333045
cam787_w4,362,0.19496309161962658
cam787_w4,363,0.2566217976552323
cam787_w4,364,0.40382110290924883
cam787_w4,365,0.4806773773339123
cam787_w4,366,0.13243595310464612
cam787_w4,367,0.4125054277029961
cam787_w4,368,0.23273990447242726
cam787_w4,369,0.15501519756838905
cam787_w4,370,0.14068606165870604
cam787_w4,371,0.02518454190186713
cam787_w4,372,0.04515848892748589
cam787_w4,373,0.015631784628745114
cam787_w4,374,0.0
cam787_w4,375,0.0004342162396873643
cam787_w5,1,0.0
cam787_w5,2,0.0012084592145015106
cam787_w5,3,0.0
cam787_w5,4,0.0006042296072507553
cam787_w5,5,0.0
cam787_w5,6,0.036858006042296075
cam787_w5,7,0.0006042296072507553
cam787_w5,8,0.01570996978851964
cam787_w5,9,0.18670694864048337
cam787_w5,10,0.23867069486404835
cam787_w5,11,0.03564954682779456
cam787_w5,12,0.25317220543806646
cam787_w5,13,0.6978851963746223
cam787_w5,14,0.3256797583081571
cam787_w5,15,0.21389728096676738
cam787_w5,16,0.11782477341389729
cam787_w5,17,0.5401812688821752
cam787_w5,18,0.29788519637462235
cam787_w5,19,0.0
cam787_w5,20,0.0
cam787_w5,21,0.0
cam787_w5,22,0.16012084592145015
cam787_w5,23,0.08459214501510574
cam787_w5,24,0.29063444108761327
cam787_w5,25,0.05558912386706949
cam787_w5,26,0.0
cam787_w5,27,0.14380664652567976
cam787_w5,28,0.0283987915407855
cam787_w5,29,0.0
cam787_w5,30,0.0
cam787_w5,31,0.0
cam787_w5,32,0.0030211480362537764
cam787_w5,33,0.002416918429003021
cam787_w5,34,0.0072507552870090634
cam787_w5,35,0.0030211480362537764
cam787_w5,36,0.0
cam787_w5,37,0.004229607250755287
cam787_w5,38,0.0018126888217522659
cam787_w5,39,0.0012084592145015106
cam787_w5,40,0.0006042296072507553
cam787_w5,41,0.00785498489425982
cam787_w5,42,0.0072507552870090634
cam787_w5,43,0.01933534743202417
cam787_w5,44,0.010876132930513595
cam787_w5,45,0.042900302114803626
cam787_w5,46,0.021148036253776436
cam787_w5,47,0.042900302114803626
cam787_w5,48,0.004833836858006042
cam787_w5,49,0.03625377643504532
cam787_w5,50,0.05981873111782477
cam787_w5,51,0.2930513595166163
cam787_w5,52,0.0
cam787_w5,53,0.0
cam787_w5,54,0.016314199395770394
cam787_w5,55,0.018731117824773415
cam787_w5,56,0.0036253776435045317
cam787_w5,57,0.013897280966767372
cam787_w5,58,0.004833836858006042
cam787_w5,59,0.0
cam787_w5,60,0.017522658610271902
cam787_w5,61,0.0
cam787_w5,62,0.0036253776435045317
cam787_w5,63,0.015105740181268883
cam787_w5,64,0.1311178247734139
cam787_w5,65,0.10694864048338369
cam787_w5,66,0.04833836858006042
cam787_w5,67,0.0283987915407855
cam787_w5,68,0.11540785498489425
cam787_w5,69,0.006042296072507553
cam787_w5,70,0.04894259818731118
cam787_w5,71,0.004229607250755287
cam787_w5,72,0.0
cam787_w5,73,0.0072507552870090634
cam787_w5,74,0.0
cam787_w5,75,0.00785498489425982
cam787_w5,76,0.0
cam787_w5,77,0.0
cam787_w5,78,0.0
cam787_w5,79,0.0
cam787_w5,80,0.0
cam787_w5,81,0.0
cam787_w5,82,0.0
cam787_w5,83,0.0
cam787_w5,84,0.0
cam787_w5,85,0.05593220338983051
cam787_w5,86,0.0
cam787_w5,87,0.01440677966101695
cam787_w5,88,0.005932203389830509
cam787_w5,89,0.003389830508474576
cam787_w5,90,0.10254237288135593
cam787_w5,91,0.21101694915254238
cam787_w5,92,0.0
cam787_w5,93,0.00847457627118644
cam787_w5,94,0.02457627118644068
cam787_w5,95,0.39915254237288134
cam787_w5,96,0.2076271186440678
cam787_w5,97,0.39915254237288134
cam787_w5,98,0.0
cam787_w5,99,0.16101694915254236
cam787_w5,100,0.19491525423728814
cam787_w5,101,0.044915254237288135
cam787_w5,102,0.6016949152542372
cam787_w5,103,0.18728813559322033
cam787_w5,104,0.06864406779661017
cam787_w5,105,0.8822033898305085
cam787_w5,106,0.823728813559322
cam787_w5,107,0.22203389830508474
cam787_w5,108,0.19915254237288135
cam787_w5,109,0.11101694915254237
cam787_w5,110,0.002542372881355932
cam787_w5,111,0.24322033898305084
cam787_w5,112,0.14745762711864407
cam787_w5,113,0.04152542372881356
cam787_w5,114,0.5177966101694915
cam787_w5,115,0.0
cam787_w5,116,0.0
cam787_w5,117,0.32033898305084746
cam787_w5,118,0.0
cam787_w5,119,0.0
cam787_w5,120,0.005932203389830509
cam787_w5,121,0.00423728813559322
cam787_w5,122,0.0
cam787_w5,123,0.00423728813559322
cam787_w5,124,0.09745762711864407
cam787_w5,125,0.2754237288135593
cam787_w5,126,0.19491525423728814
cam787_w5,127,0.1016949152542373
cam787_w5,128,0.11694915254237288
cam787_w5,129,0.12033898305084746
cam787_w5,130,0.6889830508474576
cam787_w5,131,0.7457627118644068
cam787_w5,132,0.4194915254237288
cam787_w5,133,0.3576271186440678
cam787_w5,134,0.5305084745762711
cam787_w5,135,0.23389830508474577
cam787_w5,136,0.576271186440678
cam787_w5,137,0.638135593220339
cam787_w5,138,0.04576271186440678
cam787_w5,139,0.5838983050847457
cam787_w5,140,0.23728813559322035
cam787_w5,141,0.0
cam787_w5,142,0.0
cam787_w5,143,0.02711864406779661
cam787_w5,144,0.029661016949152543
cam787_w5,145,0.04067796610169491
cam787_w5,146,0.0
cam787_w5,147,0.011864406779661017
cam787_w5,148,0.0
cam787_w5,149,0.0
cam787_w5,150,0.0
cam787_w5,151,0.0
cam787_w5,152,0.0
cam787_w5,153,0.0
cam787_w5,154,0.0
cam787_w5,155,0.0
cam787_w5,156,0.0
cam787_w5,157,0.0
cam787_w5,158,0.0008176614881439084
cam787_w5,159,0.0
cam787_w5,160,0.0
cam787_w5,161,0.0
cam787_w5,162,0.0
cam787_w5,163,0.0
cam787_w5,164,0.0
cam787_w5,165,0.0
cam787_w5,166,0.0
cam787_w5,167,0.0
cam787_w5,168,0.0
cam787_w5,169,0.01062959934587081
cam787_w5,170,0.0
cam787_w5,171,0.0
cam787_w5,172,0.004905968928863451
cam787_w5,173,0.006541291905151268
cam787_w5,174,0.0
cam787_w5,175,0.04251839738348324
cam787_w5,176,0.0
cam787_w5,177,0.0
cam787_w5,178,0.2910874897792314
cam787_w5,179,0.15944399018806213
cam787_w5,180,0.1373671300081766
cam787_w5,181,0.27555192150449714
cam787_w5,182,0.4897792313982011
cam787_w5,183,0.48814390842191335
cam787_w5,184,0.5968928863450531
cam787_w5,185,0.9386753883892068
cam787_w5,186,0.6843826655764513
cam787_w5,187,0.8659035159443991
cam787_w5,188,0.9918233851185609
cam787_w5,189,0.8618152085036794
cam787_w5,190,0.07604251839738348
cam787_w5,191,0.008176614881439084
cam787_w5,192,0.4578904333605887
cam787_w5,193,0.28945216680294356
cam787_w5,194,0.1668029435813573
cam787_w5,195,0.004088307440719542
cam787_w5,196,0.0
cam787_w5,197,0.003270645952575634
cam787_w5,198,0.0
cam787_w5,199,0.011447260834014717
cam787_w5,200,0.0
cam787_w5,201,0.004088307440719542
cam787_w5,202,0.007358953393295176
cam787_w5,203,0.0
cam787_w5,204,0.013900245298446443
cam787_w5,205,0.0
cam787_w5,206,0.0
cam787_w5,207,0.01553556827473426
cam787_w5,208,0.03107113654946852
cam787_w5,209,0.03761242845461979
cam787_w5,210,0.0
cam787_w5,211,0.008176614881439084
cam787_w5,212,0.0
cam787_w5,213,0.02044153720359771
cam787_w5,214,0.0
cam787_w5,215,0.0
cam787_w5,216,0.0
cam787_w5,217,0.1054783319705642
cam787_w5,218,0.03679476696647588
cam787_w5,219,0.0024529844644317253
cam787_w5,220,0.0
cam787_w5,221,0.005723630417007359
cam787_w5,222,0.0
cam787_w5,223,0.0
cam787_w5,224,0.0
cam787_w5,225,0.0
cam787_w5,226,0.0
cam787_w5,227,0.0
cam787_w5,228,0.005956320317670417
cam787_w5,229,0.0
cam787_w5,230,0.0
cam787_w5,231,0.0
cam787_w5,232,0.0033090668431502318
cam787_w5,233,0.0006618133686300463
cam787_w5,234,0.0
cam787_w5,235,0.009265387160820648
cam787_w5,236,0.004632693580410324
cam787_w5,237,0.01455989410986102
cam787_w5,238,0.0
cam787_w5,239,0.15089344804765056
cam787_w5,240,0.00727994705493051
cam787_w5,241,0.0
cam787_w5,242,0.01455989410986102
cam787_w5,243,0.0
cam787_w5,244,0.10324288550628723
cam787_w5,245,0.05493050959629384
cam787_w5,246,0.14956982131039048
cam787_w5,247,0.0006618133686300463
cam787_w5,248,0.04434149569821311
cam787_w5,249,0.25876902713434813
cam787_w5,250,0.1846459298477829
cam787_w5,251,0.34612839179351423
cam787_w5,252,0.528788881535407
cam787_w5,253,0.16677696889477167
cam787_w5,254,0.24487094639311713
cam787_w5,255,0.17538054268696227
cam787_w5,256,0.15089344804765056
cam787_w5,257,0.4043679682329583
cam787_w5,258,0.022501654533421574
cam787_w5,259,0.0006618133686300463
cam787_w5,260,0.0006618133686300463
cam787_w5,261,0.013236267372600927
cam787_w5,262,0.0
cam787_w5,263,0.005956320317670417
cam787_w5,264,0.010589013898080741
cam787_w5,265,0.04897418927862343
cam787_w5,266,0.03309066843150232
cam787_w5,267,0.027134348113831898
cam787_w5,268,0.26935804103242883
cam787_w5,269,0.18530774321641297
cam787_w5,270,0.6949040370615487
cam787_w5,271,0.3123759099933819
cam787_w5,272,0.2442091330244871
cam787_w5,273,0.03772336201191264
cam787_w5,274,0.045665122435473195
cam787_w5,275,0.008603573792190603
cam787_w5,276,0.0
cam787_w5,277,0.027796161482461945
cam787_w5,278,0.029781601588352084
cam787_w5,279,0.03044341495698213
cam787_w5,280,0.09199205823957644
cam787_w5,281,0.03044341495698213
cam787_w5,282,0.004632693580410324
cam787_w5,283,0.019192587690271344
cam787_w5,284,0.04963600264725347
cam787_w5,285,0.10191925876902713
cam787_w5,286,0.11317008603573792
cam787_w5,287,0.08074123097286565
cam787_w5,288,0.013236267372600927
cam787_w5,289,0.0
cam787_w5,290,0.005294506949040371
cam787_w5,291,0.02514890800794176
cam787_w5,292,0.013236267372600927
cam787_w5,293,0.005294506949040371
cam787_w5,294,0.04963600264725347
cam787_w5,295,0.03970880211780278
cam787_w5,296,0.01257445400397088
cam787_w5,297,0.13831899404367967
cam787_w5,298,0.0
cam787_w5,299,0.0
cam787_w5,300,0.0066181336863004635
cam787_w5,301,0.0
cam787_w5,302,0.0
cam787_w5,303,0.0
cam787_w5,304,0.0
cam787_w5,305,0.0
cam787_w5,306,0.0
cam787_w5,307,0.0
cam787_w5,308,0.0
cam787_w5,309,0.005210594876248371
cam787_w5,310,0.0
cam787_w5,311,0.0
cam787_w5,312,0.0013026487190620929
cam787_w5,313,0.0026052974381241857
cam787_w5,314,0.0
cam787_w5,315,0.0
cam787_w5,316,0.0
cam787_w5,317,0.006513243595310464
cam787_w5,318,0.04385584020842379
cam787_w5,319,0.019539730785931395
cam787_w5,320,0.03386886669561442
cam787_w5,321,0.029526704298740773
cam787_w5,322,0.05340859748154581
cam787_w5,323,0.08206686930091185
cam787_w5,324,0.024750325662179766
cam787_w5,325,0.09900130264871906
cam787_w5,326,0.1897524967433782
cam787_w5,327,0.19409465914025184
cam787_w5,328,0.27442466348241423
cam787_w5,329,0.28050369083803733
cam787_w5,330,0.11940946591402518
cam787_w5,331,0.265740338688667
cam787_w5,332,0.3343465045592705
cam787_w5,333,0.425531914893617
cam787_w5,334,0.23404255319148937
cam787_w5,335,0.1619626574033869
cam787_w5,336,0.01910551454624403
cam787_w5,337,0.10117238384715588
cam787_w5,338,0.42509769865392966
cam787_w5,339,0.09075119409465914
cam787_w5,340,0.1389491966999566
cam787_w5,341,0.40555796786799825
cam787_w5,342,0.5896656534954408
cam787_w5,343,0.06600086843247938
cam787_w5,344,0.5319148936170213
cam787_w5,345,0.059921841076856275
cam787_w5,346,0.04732957012592271
cam787_w5,347,0.3269648284845853
cam787_w5,348,0.022579244463742945
cam787_w5,349,0.19973947025618757
cam787_w5,350,0.19018671298306555
cam787_w5,351,0.03821102909248806
cam787_w5,352,0.019539730785931395
cam787_w5,353,0.14806773773339124
cam787_w5,354,0.017802865827181935
cam787_w5,355,0.1801997394702562
cam787_w5,356,0.12983065566652194
cam787_w5,357,0.3491098567086409
cam787_w5,358,0.21406860616587062
cam787_w5,359,0.43247937472861486
cam787_w5,360,0.6265740338688667
cam787_w5,361,0.3022145028224056
cam787_w5,362,0.46330872774641774
cam787_w5,363,0.24793747286148501
cam787_w5,364,0.20755536257056015
cam787_w5,365,0.5119409465914025
cam787_w5,366,0.4455058619192358
cam787_w5,367,0.3161094224924012
cam787_w5,368,0.03256621797655232
cam787_w5,369,0.03560573165436387
cam787_w5,370,0.03821102909248806
cam787_w5,371,0.1511072514112028
cam787_w5,372,0.059053408597481545
cam787_w5,373,0.07859313938341293
cam787_w5,374,0.010855405992184108
cam787_w5,375,0.05557967867998263
cam788_w4,1,0.0
cam788_w4,2,0.013293051359516616
cam788_w4,3,0.0
cam788_w4,4,0.0
cam788_w4,5,0.0
cam788_w4,6,0.0006042296072507553
cam788_w4,7,0.0
cam788_w4,8,0.05800604229607251
cam788_w4,9,0.0634441087613293
cam788_w4,10,0.002416918429003021
cam788_w4,11,0.12205438066465257
cam788_w4,12,0.04471299093655589
cam788_w4,13,0.4809667673716012
cam788_w4,14,0.13595166163141995
cam788_w4,15,0.23444108761329305
cam788_w4,16,0.06404833836858007
cam788_w4,17,0.4700906344410876
cam788_w4,18,0.5250755287009063
cam788_w4,19,0.20181268882175227
cam788_w4,20,0.6398791540785499
cam788_w4,21,0.02054380664652568
cam788_w4,22,0.0
cam788_w4,23,0.0
cam788_w4,24,0.0012084592145015106
cam788_w4,25,0.005438066465256798
cam788_w4,26,0.13897280966767372
cam788_w4,27,0.6084592145015105
cam788_w4,28,0.37280966767371604
cam788_w4,29,0.0
cam788_w4,30,0.0
cam788_w4,31,0.010876132930513595
cam788_w4,32,0.008459214501510574
cam788_w4,33,0.06827794561933535
cam788_w4,34,0.0
cam788_w4,35,0.005438066465256798
cam788_w4,36,0.0
cam788_w4,37,0.04169184290030212
cam788_w4,38,0.010876132930513595
cam788_w4,39,0.08580060422960725
cam788_w4,40,0.0006042296072507553
cam788_w4,41,0.07492447129909366
cam788_w4,42,0.006042296072507553
cam788_w4,43,0.00906344410876133
cam788_w4,44,0.03927492447129909
cam788_w4,45,0.047129909365558914
cam788_w4,46,0.14078549848942598
cam788_w4,47,0.143202416918429
cam788_w4,48,0.4761329305135952
cam788_w4,49,0.0
cam788_w4,50,0.016314199395770394
cam788_w4,51,0.009667673716012085
cam788_w4,52,0.04108761329305136
cam788_w4,53,0.0688821752265861
cam788_w4,54,0.030211480362537766
cam788_w4,55,0.20966767371601208
cam788_w4,56,0.32265861027190335
cam788_w4,57,0.2797583081570997
cam788_w4,58,0.03262839879154079
cam788_w4,59,0.2700906344410876
cam788_w4,60,0.1770392749244713
cam788_w4,61,0.2646525679758308
cam788_w4,62,0.014501510574018127
cam788_w4,63,0.02416918429003021
cam788_w4,64,0.062235649546827795
cam788_w4,65,0.029607250755287008
cam788_w4,66,0.05075528700906345
cam788_w4,67,0.04108761329305136
cam788_w4,68,0.015105740181268883
cam788_w4,69,0.08761329305135952
cam788_w4,70,0.04350453172205438
cam788_w4,71,0.013897280966767372
cam788_w4,72,0.0
cam788_w4,73,0.0018126888217522659
cam788_w4,74,0.0
cam788_w4,75,0.005438066465256798
cam788_w4,76,0.0
cam788_w4,77,0.0
cam788_w4,78,0.0
cam788_w4,79,0.0
cam788_w4,80,0.0
cam788_w4,81,0.0
cam788_w4,82,0.0
cam788_w4,83,0.0024752475247524753
cam788_w4,84,0.028877887788778877
cam788_w4,85,0.0
cam788_w4,86,0.0008250825082508251
cam788_w4,87,0.0
cam788_w4,88,0.026402640264026403
cam788_w4,89,0.16666666666666666
cam788_w4,90,0.5462046204620462
cam788_w4,91,0.2995049504950495
cam788_w4,92,0.4174917491749175
cam788_w4,93,0.12871287128712872
cam788_w4,94,0.013201320132013201
cam788_w4,95,0.033003300330033
cam788_w4,96,0.1674917491749175
cam788_w4,97,0.19306930693069307
cam788_w4,98,0.10066006600660066
cam788_w4,99,0.2037953795379538
cam788_w4,100,0.38943894389438943
cam788_w4,101,0.5561056105610561
cam788_w4,102,0.650990099009901
cam788_w4,103,0.21617161716171618
cam788_w4,104,0.8094059405940595
cam788_w4,105,0.6641914191419142
cam788_w4,106,0.0297029702970297
cam788_w4,107,0.594059405940594
cam788_w4,108,0.29042904290429045
cam788_w4,109,0.12871287128712872
cam788_w4,110,0.0
cam788_w4,111,0.0
cam788_w4,112,0.012376237623762377
cam788_w4,113,0.0
cam788_w4,114,0.0
cam788_w4,115,0.0
cam788_w4,116,0.05115511551155116
cam788_w4,117,0.0891089108910891
cam788_w4,118,0.16831683168316833
cam788_w4,119,0.12046204620462046
cam788_w4,120,0.5767326732673267
cam788_w4,121,0.1254125412541254
cam788_w4,122,0.009075907590759076
cam788_w4,123,0.4612211221122112
cam788_w4,124,0.7508250825082509
cam788_w4,125,0.21947194719471946
cam788_w4,126,0.0924092409240924
cam788_w4,127,0.24174917491749176
cam788_w4,128,0.23432343234323433
cam788_w4,129,0.0
cam788_w4,130,0.0
cam788_w4,131,0.01485148514851485
cam788_w4,132,0.0
cam788_w4,133,0.0
cam788_w4,134,0.0
cam788_w4,135,0.0
cam788_w4,136,0.0
cam788_w4,137,0.0049504950495049506
cam788_w4,138,0.014026402640264026
cam788_w4,139,0.0
cam788_w4,140,0.0
cam788_w4,141,0.16336633663366337
cam788_w4,142,0.05363036303630363
cam788_w4,143,0.004125412541254125
cam788_w4,144,0.010726072607260726
cam788_w4,145,0.022277227722772276
cam788_w4,146,0.0
cam788_w4,147,0.0
cam788_w4,148,0.0
cam788_w4,149,0.0
cam788_w4,150,0.0
cam788_w4,151,0.0
cam788_w4,152,0.0
cam788_w4,153,0.0
cam788_w4,154,0.0
cam788_w4,155,0.004061738424045491
cam788_w4,156,0.0
cam788_w4,157,0.0
cam788_w4,158,0.0
cam788_w4,159,0.0
cam788_w4,160,0.006498781478472786
cam788_w4,161,0.0
cam788_w4,162,0.002437043054427295
cam788_w4,163,0.008123476848090982
cam788_w4,164,0.00974817221770918
cam788_w4,165,0.04305442729488221
cam788_w4,166,0.021121039805036556
cam788_w4,167,0.09910641754670999
cam788_w4,168,0.24532900081234768
cam788_w4,169,0.17709179528838342
cam788_w4,170,0.17059301380991065
cam788_w4,171,0.32656376929325753
cam788_w4,172,0.45978878960194963
cam788_w4,173,0.2770105605199025
cam788_w4,174,0.5735174654752234
cam788_w4,175,0.670186839967506
cam788_w4,176,0.004061738424045491
cam788_w4,177,0.0008123476848090983
cam788_w4,178,0.056051990251827784
cam788_w4,179,0.0
cam788_w4,180,0.0
cam788_w4,181,0.15759545085296506
cam788_w4,182,0.11860276198212835
cam788_w4,183,0.16815597075548336
cam788_w4,184,0.06742485783915515
cam788_w4,185,0.46791226645004064
cam788_w4,186,0.11941510966693746
cam788_w4,187,0.0
cam788_w4,188,0.00487408610885459
cam788_w4,189,0.0
cam788_w4,190,0.011372867587327376
cam788_w4,191,0.0016246953696181965
cam788_w4,192,0.08042242079610074
cam788_w4,193,0.09423233143785541
cam788_w4,194,0.03736799350121852
cam788_w4,195,0.0
cam788_w4,196,0.017059301380991064
cam788_w4,197,0.03899268887083672
cam788_w4,198,0.0
cam788_w4,199,0.010560519902518278
cam788_w4,200,0.006498781478472786
cam788_w4,201,0.012997562956945572
cam788_w4,202,0.00974817221770918
cam788_w4,203,0.004061738424045491
cam788_w4,204,0.04224207961007311
cam788_w4,205,0.022745735174654752
cam788_w4,206,0.03168155970755483
cam788_w4,207,0.056051990251827784
cam788_w4,208,0.021121039805036556
cam788_w4,209,0.008935824532900082
cam788_w4,210,0.007311129163281885
cam788_w4,211,0.010560519902518278
cam788_w4,212,0.025182778229082048
cam788_w4,213,0.03411860276198213
cam788_w4,214,0.06580016246953696
cam788_w4,215,0.07148659626320066
cam788_w4,216,0.17059301380991065
cam788_w4,217,0.00487408610885459
cam788_w4,218,0.016246953696181964
cam788_w4,219,0.006498781478472786
cam788_w4,220,0.008935824532900082
cam788_w4,221,0.030869212022745736
cam788_w4,222,0.006498781478472786
cam788_w4,223,0.004061738424045491
cam788_w4,224,0.0016246953696181965
cam788_w4,225,0.0
cam788_w4,226,0.0
cam788_w4,227,0.0
cam788_w4,228,0.0
cam788_w4,229,0.0
cam788_w4,230,0.0027434842249657062
cam788_w4,231,0.00411522633744856
cam788_w4,232,0.0
cam788_w4,233,0.00205761316872428
cam788_w4,234,0.0
cam788_w4,235,0.0006858710562414266
cam788_w4,236,0.0013717421124828531
cam788_w4,237,0.0
cam788_w4,238,0.003429355281207133
cam788_w4,239,0.029492455418381344
cam788_w4,240,0.030864197530864196
cam788_w4,241,0.024691358024691357
cam788_w4,242,0.01577503429355281
cam788_w4,243,0.06927297668038408
cam788_w4,244,0.013031550068587106
cam788_w4,245,0.09190672153635117
cam788_w4,246,0.027434842249657063
cam788_w4,247,0.16186556927297668
cam788_w4,248,0.39231824417009603
cam788_w4,249,0.5061728395061729
cam788_w4,250,0.4224965706447188
cam788_w4,251,0.41838134430727025
cam788_w4,252,0.5253772290809328
cam788_w4,253,0.17901234567901234
cam788_w4,254,0.3655692729766804
cam788_w4,255,0.345679012345679
cam788_w4,256,0.16255144032921812
cam788_w4,257,0.14883401920438957
cam788_w4,258,0.266803840877915
cam788_w4,259,0.3120713305898491
cam788_w4,260,0.29766803840877915
cam788_w4,261,0.3216735253772291
cam788_w4,262,0.5775034293552812
cam788_w4,263,0.4094650205761317
cam788_w4,264,0.008916323731138546
cam788_w4,265,0.0
cam788_w4,266,0.12277091906721536
cam788_w4,267,0.0013717421124828531
cam788_w4,268,0.028120713305898493
cam788_w4,269,0.01646090534979424
cam788_w4,270,0.009602194787379973
cam788_w4,271,0.006172839506172839
cam788_w4,272,0.013031550068587106
cam788_w4,273,0.0
cam788_w4,274,0.019204389574759947
cam788_w4,275,0.02606310013717421
cam788_w4,276,0.06172839506172839
cam788_w4,277,0.0
cam788_w4,278,0.009602194787379973
cam788_w4,279,0.0075445816186556925
cam788_w4,280,0.05829903978052126
cam788_w4,281,0.00205761316872428
cam788_w4,282,0.2777777777777778
cam788_w4,283,0.01646090534979424
cam788_w4,284,0.23113854595336078
cam788_w4,285,0.09259259259259259
cam788_w4,286,0.05692729766803841
cam788_w4,287,0.008916323731138546
cam788_w4,288,0.015089163237311385
cam788_w4,289,0.0102880658436214
cam788_w4,290,0.006858710562414266
cam788_w4,291,0.10356652949245541
cam788_w4,292,0.2222222222222222
cam788_w4,293,0.05761316872427984
cam788_w4,294,0.0438957475994513
cam788_w4,295,0.00411522633744856
cam788_w4,296,0.0
cam788_w4,297,0.0
cam788_w4,298,0.0
cam788_w4,299,0.0027434842249657062
cam788_w4,300,0.0
cam788_w4,301,0.008347978910369069
cam788_w4,302,0.0021968365553602814
cam788_w4,303,0.0004393673110720562
cam788_w4,304,0.0
cam788_w4,305,0.005272407732864675
cam788_w4,306,0.0
cam788_w4,307,0.0021968365553602814
cam788_w4,308,0.003954305799648506
cam788_w4,309,0.0
cam788_w4,310,0.006151142355008787
cam788_w4,311,0.0048330404217926184
cam788_w4,312,0.020650263620386643
cam788_w4,313,0.012302284710017574
cam788_w4,314,0.022847100175746926
cam788_w4,315,0.08655536028119508
cam788_w4,316,0.08216168717047452
cam788_w4,317,0.0210896309314587
cam788_w4,318,0.015377855887521968
cam788_w4,319,0.15246045694200352
cam788_w4,320,0.06502636203866433
cam788_w4,321,0.018892794376098417
cam788_w4,322,0.04305799648506151
cam788_w4,323,0.06370826010544815
cam788_w4,324,0.013620386643233744
cam788_w4,325,0.12785588752196836
cam788_w4,326,0.13181019332161686
cam788_w4,327,0.13532513181019332
cam788_w4,328,0.06678383128295255
cam788_w4,329,0.0048330404217926184
cam788_w4,330,0.11818980667838312
cam788_w4,331,0.06063268892794376
cam788_w4,332,0.10413005272407733
cam788_w4,333,0.04437609841827768
cam788_w4,334,0.22144112478031636
cam788_w4,335,0.2016695957820738
cam788_w4,336,0.03646748681898067
cam788_w4,337,0.15202108963093147
cam788_w4,338,0.16036906854130054
cam788_w4,339,0.2728471001757469
cam788_w4,340,0.1555360281195079
cam788_w4,341,0.3154657293497364
cam788_w4,342,0.1634446397188049
cam788_w4,343,0.19420035149384884
cam788_w4,344,0.19068541300527242
cam788_w4,345,0.1827768014059754
cam788_w4,346,0.1695957820738137
cam788_w4,347,0.03471001757469244
cam788_w4,348,0.08479789103690685
cam788_w4,349,0.04789103690685413
cam788_w4,350,0.01845342706502636
cam788_w4,351,0.1304920913884007
cam788_w4,352,0.012741652021089631
cam788_w4,353,0.06282952548330405
cam788_w4,354,0.008347978910369069
cam788_w4,355,0.07337434094903339
cam788_w4,356,0.040421792618629174
cam788_w4,357,0.13268892794376097
cam788_w4,358,0.006151142355008787
cam788_w4,359,0.13093145869947276
cam788_w4,360,0.06985940246045694
cam788_w4,361,0.024165202108963092
cam788_w4,362,0.09622144112478032
cam788_w4,363,0.1634446397188049
cam788_w4,364,0.09226713532513181
cam788_w4,365,0.29086115992970124
cam788_w4,366,0.19244288224956063
cam788_w4,367,0.2056239015817223
cam788_w4,368,0.003954305799648506
cam788_w4,369,0.025483304042179262
cam788_w4,370,0.14191564147627417
cam788_w4,371,0.06282952548330405
cam788_w4,372,0.11467486818980668
cam788_w4,373,0.05184534270650264
cam788_w4,374,0.010105448154657293
cam788_w4,375,0.07952548330404217
cam788_w5,1,0.0
cam788_w5,2,0.0
cam788_w5,3,0.0
cam788_w5,4,0.0
cam788_w5,5,0.0
cam788_w5,6,0.0
cam788_w5,7,0.0
cam788_w5,8,0.0
cam788_w5,9,0.1686103012633625
cam788_w5,10,0.0
cam788_w5,11,0.0
cam788_w5,12,0.0
cam788_w5,13,0.0
cam788_w5,14,0.0
cam788_w5,15,0.0
cam788_w5,16,0.0
cam788_w5,17,0.0
cam788_w5,18,0.0413022351797862
cam788_w5,19,0.28765792031098153
cam788_w5,20,0.0
cam788_w5,21,0.0
cam788_w5,22,0.0
cam788_w5,23,0.013605442176870748
cam788_w5,24,0.0
cam788_w5,25,0.03741496598639456
cam788_w5,26,0.0
cam788_w5,27,0.03644314868804665
cam788_w5,28,0.1783284742468416
cam788_w5,29,0.0
cam788_w5,30,0.0
cam788_w5,31,0.00048590864917395527
cam788_w5,32,0.0
cam788_w5,33,0.028182701652089408
cam788_w5,34,0.16229348882410108
cam788_w5,35,0.35179786200194363
cam788_w5,36,0.1661807580174927
cam788_w5,37,0.05782312925170068
cam788_w5,38,0.3012633624878523
cam788_w5,39,0.00048590864917395527
cam788_w5,40,0.0
cam788_w5,41,0.0
cam788_w5,42,0.004373177842565598
cam788_w5,43,0.0009718172983479105
cam788_w5,44,0.0058309037900874635
cam788_w5,45,0.0
cam788_w5,46,0.0
cam788_w5,47,0.0
cam788_w5,48,0.00048590864917395527
cam788_w5,49,0.0
cam788_w5,50,0.00923226433430515
cam788_w5,51,0.00923226433430515
cam788_w5,52,0.006802721088435374
cam788_w5,53,0.1661807580174927
cam788_w5,54,0.04859086491739553
cam788_w5,55,0.014577259475218658
cam788_w5,56,0.010689990281827016
cam788_w5,57,0.10738581146744412
cam788_w5,58,0.20505344995140914
cam788_w5,59,0.35082604470359574
cam788_w5,60,0.1000971817298348
cam788_w5,61,0.16229348882410108
cam788_w5,62,0.0
cam788_w5,63,0.017978620019436346
cam788_w5,64,0.0
cam788_w5,65,0.0
cam788_w5,66,0.003887269193391642
cam788_w5,67,0.0
cam788_w5,68,0.006316812439261419
cam788_w5,69,0.04859086491739553
cam788_w5,70,0.024295432458697766
cam788_w5,71,0.2910592808551992
cam788_w5,72,0.034013605442176874
cam788_w5,73,0.0
cam788_w5,74,0.0
cam788_w5,75,0.0
cam788_w5,76,0.0
cam788_w5,77,0.0
cam788_w5,78,0.0
cam788_w5,79,0.0
cam788_w5,80,0.0
cam788_w5,81,0.0
cam788_w5,82,0.0
cam788_w5,83,0.0
cam788_w5,84,0.0
cam788_w5,85,0.0
cam788_w5,86,0.0
cam788_w5,87,0.0
cam788_w5,88,0.0
cam788_w5,89,0.0
cam788_w5,90,0.0
cam788_w5,91,0.0
cam788_w5,92,0.0
cam788_w5,93,0.0
cam788_w5,94,0.0
cam788_w5,95,0.0
cam788_w5,96,0.0014035087719298245
cam788_w5,97,0.2554385964912281
cam788_w5,98,0.047017543859649125
cam788_w5,99,0.4182456140350877
cam788_w5,100,0.6056140350877193
cam788_w5,101,0.49122807017543857
cam788_w5,102,0.6989473684210527
cam788_w5,103,0.3136842105263158
cam788_w5,104,0.5698245614035088
cam788_w5,105,0.14035087719298245
cam788_w5,106,0.8933333333333333
cam788_w5,107,0.2792982456140351
cam788_w5,108,0.02526315789473684
cam788_w5,109,0.0007017543859649122
cam788_w5,110,0.0
cam788_w5,111,0.0
cam788_w5,112,0.0007017543859649122
cam788_w5,113,0.002807017543859649
cam788_w5,114,0.0
cam788_w5,115,0.002105263157894737
cam788_w5,116,0.0
cam788_w5,117,0.019649122807017545
cam788_w5,118,0.03508771929824561
cam788_w5,119,0.0
cam788_w5,120,0.05754385964912281
cam788_w5,121,0.0
cam788_w5,122,0.05403508771929825
cam788_w5,123,0.0014035087719298245
cam788_w5,124,0.015438596491228071
cam788_w5,125,0.05543859649122807
cam788_w5,126,0.655438596491228
cam788_w5,127,0.34385964912280703
cam788_w5,128,0.02245614035087719
cam788_w5,129,0.8414035087719298
cam788_w5,130,0.6771929824561403
cam788_w5,131,0.503859649122807
cam788_w5,132,0.0035087719298245615
cam788_w5,133,0.06736842105263158
cam788_w5,134,0.016842105263157894
cam788_w5,135,0.0
cam788_w5,136,0.0007017543859649122
cam788_w5,137,0.0
cam788_w5,138,0.005614035087719298
cam788_w5,139,0.0035087719298245615
cam788_w5,140,0.0077192982456140355
cam788_w5,141,0.007017543859649123
cam788_w5,142,0.005614035087719298
cam788_w5,143,0.0077192982456140355
cam788_w5,144,0.04421052631578947
cam788_w5,145,0.02736842105263158
cam788_w5,146,0.0
cam788_w5,147,0.0
cam788_w5,148,0.0
cam788_w5,149,0.0
cam788_w5,150,0.0
cam788_w5,151,0.0
cam788_w5,152,0.01559177888022679
cam788_w5,153,0.0
cam788_w5,154,0.0
cam788_w5,155,0.0
cam788_w5,156,0.0
cam788_w5,157,0.0
cam788_w5,158,0.0
cam788_w5,159,0.0
cam788_w5,160,0.0
cam788_w5,161,0.001417434443656981
cam788_w5,162,0.0007087172218284905
cam788_w5,163,0.0
cam788_w5,164,0.09071580439404678
cam788_w5,165,0.029057406094968107
cam788_w5,166,0.0
cam788_w5,167,0.0
cam788_w5,168,0.0
cam788_w5,169,0.0
cam788_w5,170,0.0
cam788_w5,171,0.007087172218284904
cam788_w5,172,0.06520198440822111
cam788_w5,173,0.07654145995747696
cam788_w5,174,0.031892274982282066
cam788_w5,175,0.21119773210489015
cam788_w5,176,0.42593905031892276
cam788_w5,177,0.09709425939050319
cam788_w5,178,0.0
cam788_w5,179,0.004252303330970942
cam788_w5,180,0.0
cam788_w5,181,0.0
cam788_w5,182,0.0063784549964564135
cam788_w5,183,0.08079376328844791
cam788_w5,184,0.027639971651311126
cam788_w5,185,0.6732813607370659
cam788_w5,186,0.703756201275691
cam788_w5,187,0.222537207654146
cam788_w5,188,0.0
cam788_w5,189,0.001417434443656981
cam788_w5,190,0.0
cam788_w5,191,0.0
cam788_w5,192,0.0
cam788_w5,193,0.0
cam788_w5,194,0.008504606661941885
cam788_w5,195,0.004252303330970942
cam788_w5,196,0.013465627214741318
cam788_w5,197,0.15804394046775336
cam788_w5,198,0.18284904323175052
cam788_w5,199,0.003543586109142452
cam788_w5,200,0.03472714386959603
cam788_w5,201,0.026222537207654145
cam788_w5,202,0.010630758327427357
cam788_w5,203,0.0
cam788_w5,204,0.0
cam788_w5,205,0.0007087172218284905
cam788_w5,206,0.009922041105598866
cam788_w5,207,0.011339475549255847
cam788_w5,208,0.0
cam788_w5,209,0.04606661941885188
cam788_w5,210,0.059532246633593196
cam788_w5,211,0.0
cam788_w5,212,0.0
cam788_w5,213,0.0
cam788_w5,214,0.004252303330970942
cam788_w5,215,0.0007087172218284905
cam788_w5,216,0.0
cam788_w5,217,0.014174344436569808
cam788_w5,218,0.026931254429482635
cam788_w5,219,0.0
cam788_w5,220,0.0
cam788_w5,221,0.0
cam788_w5,222,0.0
cam788_w5,223,0.0
cam788_w5,224,0.0
cam788_w5,225,0.0
cam788_w5,226,0.0
cam788_w5,227,0.0
cam788_w5,228,0.0
cam788_w5,229,0.0
cam788_w5,230,0.013265950726468731
cam788_w5,231,0.0
cam788_w5,232,0.0
cam788_w5,233,0.0
cam788_w5,234,0.0
cam788_w5,235,0.0
cam788_w5,236,0.0
cam788_w5,237,0.0
cam788_w5,238,0.0
cam788_w5,239,0.0
cam788_w5,240,0.00505369551484523
cam788_w5,241,0.04485154769425142
cam788_w5,242,0.03979785217940619
cam788_w5,243,0.10928616550852811
cam788_w5,244,0.4478837650031586
cam788_w5,245,0.0
cam788_w5,246,0.20151610865445357
cam788_w5,247,0.053063802905874924
cam788_w5,248,0.3240682248894504
cam788_w5,249,0.5578016424510424
cam788_w5,250,0.016424510423247
cam788_w5,251,0.024636765634870498
cam788_w5,252,0.5281111813013266
cam788_w5,253,0.16424510423247
cam788_w5,254,0.016424510423247
cam788_w5,255,0.0
cam788_w5,256,0.03790271636133923
cam788_w5,257,0.016424510423247
cam788_w5,258,0.006317119393556538
cam788_w5,259,0.008843967150979154
cam788_w5,260,0.03790271636133923
cam788_w5,261,0.0
cam788_w5,262,0.032849020846494
cam788_w5,263,0.006948831332912192
cam788_w5,264,0.011370814908401769
cam788_w5,265,0.009475679090334808
cam788_w5,266,0.04295641187618446
cam788_w5,267,0.16171825647504737
cam788_w5,268,0.30006317119393555
cam788_w5,269,0.20972836386607707
cam788_w5,270,0.2520530638029059
cam788_w5,271,0.06317119393556538
cam788_w5,272,0.39608338597599496
cam788_w5,273,0.04042956411876184
cam788_w5,274,0.006948831332912192
cam788_w5,275,0.2160454832596336
cam788_w5,276,0.42198357548957677
cam788_w5,277,0.0
cam788_w5,278,0.008843967150979154
cam788_w5,279,0.012002526847757423
cam788_w5,280,0.0082122552116235
cam788_w5,281,0.017056222362602652
cam788_w5,282,0.03916614024005054
cam788_w5,283,0.004421983575489577
cam788_w5,284,0.032849020846494
cam788_w5,285,0.014529374605180037
cam788_w5,286,0.03790271636133923
cam788_w5,287,0.034112444725205304
cam788_w5,288,0.016424510423247
cam788_w5,289,0.015161086544535692
cam788_w5,290,0.0018951358180669614
cam788_w5,291,0.0
cam788_w5,292,0.0574857864813645
cam788_w5,293,0.012634238787113077
cam788_w5,294,0.033480732785849655
cam788_w5,295,0.00505369551484523
cam788_w5,296,0.004421983575489577
cam788_w5,297,0.0
cam788_w5,298,0.002526847757422615
cam788_w5,299,0.0012634238787113076
cam788_w5,300,0.0012634238787113076
cam788_w5,301,0.0
cam788_w5,302,0.0
cam788_w5,303,0.0
cam788_w5,304,0.0
cam788_w5,305,0.0
cam788_w5,306,0.0009070294784580499
cam788_w5,307,0.0031746031746031746
cam788_w5,308,0.004988662131519274
cam788_w5,309,0.004081632653061225
cam788_w5,310,0.0022675736961451248
cam788_w5,311,0.0
cam788_w5,312,0.004988662131519274
cam788_w5,313,0.0045351473922902496
cam788_w5,314,0.005442176870748299
cam788_w5,315,0.011791383219954649
cam788_w5,316,0.010884353741496598
cam788_w5,317,0.006802721088435374
cam788_w5,318,0.008616780045351474
cam788_w5,319,0.018594104308390022
cam788_w5,320,0.052607709750566896
cam788_w5,321,0.07029478458049887
cam788_w5,322,0.14603174603174604
cam788_w5,323,0.308843537414966
cam788_w5,324,0.23764172335600908
cam788_w5,325,0.07845804988662132
cam788_w5,326,0.044897959183673466
cam788_w5,327,0.11564625850340136
cam788_w5,328,0.11292517006802721
cam788_w5,329,0.06303854875283446
cam788_w5,330,0.09659863945578231
cam788_w5,331,0.1383219954648526
cam788_w5,332,0.3002267573696145
cam788_w5,333,0.039909297052154194
cam788_w5,334,0.027664399092970523
cam788_w5,335,0.08253968253968254
cam788_w5,336,0.08752834467120181
cam788_w5,337,0.09478458049886622
cam788_w5,338,0.07891156462585033
cam788_w5,339,0.30793650793650795
cam788_w5,340,0.3383219954648526
cam788_w5,341,0.3056689342403628
cam788_w5,342,0.2072562358276644
cam788_w5,343,0.37188208616780044
cam788_w5,344,0.40634920634920635
cam788_w5,345,0.5954648526077098
cam788_w5,346,0.46303854875283446
cam788_w5,347,0.20680272108843537
cam788_w5,348,0.2707482993197279
cam788_w5,349,0.19682539682539682
cam788_w5,350,0.11337868480725624
cam788_w5,351,0.2802721088435374
cam788_w5,352,0.5736961451247166
cam788_w5,353,0.2857142857142857
cam788_w5,354,0.5428571428571428
cam788_w5,355,0.38639455782312926
cam788_w5,356,0.28798185941043086
cam788_w5,357,0.6489795918367347
cam788_w5,358,0.617687074829932
cam788_w5,359,0.4145124716553288
cam788_w5,360,0.006802721088435374
cam788_w5,361,0.018140589569160998
cam788_w5,362,0.06757369614512472
cam788_w5,363,0.12108843537414966
cam788_w5,364,0.03492063492063492
cam788_w5,365,0.22403628117913832
cam788_w5,366,0.09977324263038549
cam788_w5,367,0.13151927437641722
cam788_w5,368,0.12789115646258503
cam788_w5,369,0.22857142857142856
cam788_w5,370,0.4780045351473923
cam788_w5,371,0.0072562358276643995
cam788_w5,372,0.010430839002267574
cam788_w5,373,0.010884353741496598
cam788_w5,374,0.021768707482993196
cam788_w5,375,0.011337868480725623
cam791_w4,1,0.0
cam791_w4,2,0.0
cam791_w4,3,0.005649717514124294
cam791_w4,4,0.0
cam791_w4,5,0.0
cam791_w4,6,0.0
cam791_w4,7,0.0
cam791_w4,8,0.0
cam791_w4,9,0.007909604519774011
cam791_w4,10,0.06497175141242938
cam791_w4,11,0.021468926553672316
cam791_w4,12,0.0
cam791_w4,13,0.0
cam791_w4,14,0.002824858757062147
cam791_w4,15,0.001694915254237288
cam791_w4,16,0.13333333333333333
cam791_w4,17,0.21129943502824858
cam791_w4,18,0.0
cam791_w4,19,0.05536723163841808
cam791_w4,20,0.1638418079096045
cam791_w4,21,0.0
cam791_w4,22,0.07740112994350283
cam791_w4,23,0.0
cam791_w4,24,0.39943502824858756
cam791_w4,25,0.0
cam791_w4,26,0.0005649717514124294
cam791_w4,27,0.001694915254237288
cam791_w4,28,0.010169491525423728
cam791_w4,29,0.002824858757062147
cam791_w4,30,0.0
cam791_w4,31,0.025423728813559324
cam791_w4,32,0.11581920903954802
cam791_w4,33,0.4694915254237288
cam791_w4,34,0.4728813559322034
cam791_w4,35,0.005649717514124294
cam791_w4,36,0.023728813559322035
cam791_w4,37,0.04293785310734463
cam791_w4,38,0.39378531073446327
cam791_w4,39,0.061016949152542375
cam791_w4,40,0.2016949152542373
cam791_w4,41,0.10790960451977401
cam791_w4,42,0.3045197740112994
cam791_w4,43,0.0
cam791_w4,44,0.5491525423728814
cam791_w4,45,0.0022598870056497176
cam791_w4,46,0.010169491525423728
cam791_w4,47,0.011299435028248588
cam791_w4,48,0.005084745762711864
cam791_w4,49,0.0039548022598870055
cam791_w4,50,0.010734463276836158
cam791_w4,51,0.011299435028248588
cam791_w4,52,0.007909604519774011
cam791_w4,53,0.05875706214689266
cam791_w4,54,0.1096045197740113
cam791_w4,55,0.0655367231638418
cam791_w4,56,0.14576271186440679
cam791_w4,57,0.23333333333333334
cam791_w4,58,0.05649717514124294
cam791_w4,59,0.03502824858757062
cam791_w4,60,0.0
cam791_w4,61,0.007909604519774011
cam791_w4,62,0.07175141242937853
cam791_w4,63,0.04406779661016949
cam791_w4,64,0.031638418079096044
cam791_w4,65,0.05536723163841808
cam791_w4,66,0.0
cam791_w4,67,0.09548022598870057
cam791_w4,68,0.010169491525423728
cam791_w4,69,0.05254237288135593
cam791_w4,70,0.024858757062146894
cam791_w4,71,0.15084745762711865
cam791_w4,72,0.02768361581920904
cam791_w4,73,0.00903954802259887
cam791_w4,74,0.0192090395480226
cam791_w4,75,0.0005649717514124294
cam791_w4,76,0.0
cam791_w4,77,0.0
cam791_w4,78,0.0
cam791_w4,79,0.0
cam791_w4,80,0.0
cam791_w4,81,0.0
cam791_w4,82,0.0
cam791_w4,83,0.0
cam791_w4,84,0.0
cam791_w4,85,0.0
cam791_w4,86,0.0
cam791_w4,87,0.0
cam791_w4,88,0.05034856700232378
cam791_w4,89,0.34779240898528274
cam791_w4,90,0.278853601859024
cam791_w4,91,0.0
cam791_w4,92,0.12161115414407436
cam791_w4,93,0.1386522075910147
cam791_w4,94,0.07591014717273431
cam791_w4,95,0.11773818745158791
cam791_w4,96,0.045701006971340045
cam791_w4,97,0.40821068938807126
cam791_w4,98,0.006196746707978312
cam791_w4,99,0.020139426800929512
cam791_w4,100,0.6204492641363284
cam791_w4,101,0.8543764523625097
cam791_w4,102,0.6312935708752905
cam791_w4,103,0.8249419054996127
cam791_w4,104,0.9635941130906274
cam791_w4,105,0.3578621223857475
cam791_w4,106,0.037180480247869865
cam791_w4,107,0.020139426800929512
cam791_w4,108,0.012393493415956624
cam791_w4,109,0.29047250193648333
cam791_w4,110,0.2927962819519752
cam791_w4,111,0.40821068938807126
cam791_w4,112,0.7149496514329977
cam791_w4,113,0.7621998450813323
cam791_w4,114,0.6653756777691712
cam791_w4,115,0.3330751355538342
cam791_w4,116,0.726568551510457
cam791_w4,117,0.482571649883811
cam791_w4,118,0.46398140975987606
cam791_w4,119,0.3160340821068939
cam791_w4,120,0.2114639814097599
cam791_w4,121,0.5011618900077459
cam791_w4,122,0.5600309837335399
cam791_w4,123,0.1541440743609605
cam791_w4,124,0.046475600309837335
cam791_w4,125,0.8179705654531371
cam791_w4,126,0.27575522850503487
cam791_w4,127,0.30983733539891556
cam791_w4,128,0.020139426800929512
cam791_w4,129,0.343144848954299
cam791_w4,130,0.9488768396591789
cam791_w4,131,0.11696359411309062
cam791_w4,132,0.0
cam791_w4,133,0.055770720371804805
cam791_w4,134,0.047250193648334625
cam791_w4,135,0.3911696359411309
cam791_w4,136,0.8435321456235476
cam791_w4,137,0.0
cam791_w4,138,0.0
cam791_w4,139,0.15646785437645236
cam791_w4,140,0.0
cam791_w4,141,0.17428350116189
cam791_w4,142,0.21378776142525174
cam791_w4,143,0.8218435321456236
cam791_w4,144,0.015491866769945779
cam791_w4,145,0.0
cam791_w4,146,0.0
cam791_w4,147,0.0
cam791_w4,148,0.0
cam791_w4,149,0.0
cam791_w4,150,0.0
cam791_w4,151,0.0
cam791_w4,152,0.0
cam791_w4,153,0.0
cam791_w4,154,0.0
cam791_w4,155,0.0
cam791_w4,156,0.0015698587127158557
cam791_w4,157,0.0
cam791_w4,158,0.0
cam791_w4,159,0.0
cam791_w4,160,0.0
cam791_w4,161,0.0
cam791_w4,162,0.0
cam791_w4,163,0.0
cam791_w4,164,0.0
cam791_w4,165,0.0
cam791_w4,166,0.0
cam791_w4,167,0.0
cam791_w4,168,0.0
cam791_w4,169,0.0031397174254317113
cam791_w4,170,0.0
cam791_w4,171,0.02119309262166405
cam791_w4,172,0.0423861852433281
cam791_w4,173,0.08634222919937205
cam791_w4,174,0.0847723704866562
cam791_w4,175,0.22291993720565148
cam791_w4,176,0.3328100470957614
cam791_w4,177,0.13186813186813187
cam791_w4,178,0.1130298273155416
cam791_w4,179,0.5989010989010989
cam791_w4,180,0.7566718995290423
cam791_w4,181,0.8414442700156985
cam791_w4,182,0.022762951334379906
cam791_w4,183,0.0
cam791_w4,184,0.008634222919937205
cam791_w4,185,0.004709576138147566
cam791_w4,186,0.007849293563579277
cam791_w4,187,0.012558869701726845
cam791_w4,188,0.0
cam791_w4,189,0.0015698587127158557
cam791_w4,190,0.0
cam791_w4,191,0.01020408163265306
cam791_w4,192,0.003924646781789639
cam791_w4,193,0.0
cam791_w4,194,0.0
cam791_w4,195,0.0007849293563579278
cam791_w4,196,0.002354788069073783
cam791_w4,197,0.01805337519623234
cam791_w4,198,0.04866562009419152
cam791_w4,199,0.015698587127158554
cam791_w4,200,0.0007849293563579278
cam791_w4,201,0.0007849293563579278
cam791_w4,202,0.08948194662480377
cam791_w4,203,0.01098901098901099
cam791_w4,204,0.0015698587127158557
cam791_w4,205,0.033751962323390894
cam791_w4,206,0.076138147566719
cam791_w4,207,0.0847723704866562
cam791_w4,208,0.02197802197802198
cam791_w4,209,0.0
cam791_w4,210,0.008634222919937205
cam791_w4,211,0.0
cam791_w4,212,0.0
cam791_w4,213,0.0
cam791_w4,214,0.0
cam791_w4,215,0.0
cam791_w4,216,0.022762951334379906
cam791_w4,217,0.003924646781789639
cam791_w4,218,0.09419152276295134
cam791_w4,219,0.01098901098901099
cam791_w4,220,0.10125588697017268
cam791_w4,221,0.002354788069073783
cam791_w4,222,0.03296703296703297
cam791_w4,223,0.0
cam791_w4,224,0.0
cam791_w4,225,0.0
cam791_w4,226,0.0
cam791_w4,227,0.0
cam791_w4,228,0.0006203473945409429
cam791_w4,229,0.008684863523573201
cam791_w4,230,0.0018610421836228288
cam791_w4,231,0.0
cam791_w4,232,0.0
cam791_w4,233,0.0
cam791_w4,234,0.0
cam791_w4,235,0.0
cam791_w4,236,0.0
cam791_w4,237,0.0
cam791_w4,238,0.017369727047146403
cam791_w4,239,0.0006203473945409429
cam791_w4,240,0.0
cam791_w4,241,0.019851116625310174
cam791_w4,242,0.04962779156327544
cam791_w4,243,0.10669975186104218
cam791_w4,244,0.15446650124069478
cam791_w4,245,0.0837468982630273
cam791_w4,246,0.1315136476426799
cam791_w4,247,0.07009925558312655
cam791_w4,248,0.0880893300248139
cam791_w4,249,0.1433002481389578
cam791_w4,250,0.1935483870967742
cam791_w4,251,0.05334987593052109
cam791_w4,252,0.02915632754342432
cam791_w4,253,0.2518610421836228
cam791_w4,254,0.14081885856079404
cam791_w4,255,0.08436724565756824
cam791_w4,256,0.14764267990074442
cam791_w4,257,0.014267990074441687
cam791_w4,258,0.07444168734491315
cam791_w4,259,0.052109181141439205
cam791_w4,260,0.005583126550868486
cam791_w4,261,0.03784119106699752
cam791_w4,262,0.04528535980148883
cam791_w4,263,0.0750620347394541
cam791_w4,264,0.034739454094292806
cam791_w4,265,0.11600496277915633
cam791_w4,266,0.18424317617866004
cam791_w4,267,0.2524813895781638
cam791_w4,268,0.1433002481389578
cam791_w4,269,0.0750620347394541
cam791_w4,270,0.033498759305210915
cam791_w4,271,0.06327543424317618
cam791_w4,272,0.031017369727047148
cam791_w4,273,0.04528535980148883
cam791_w4,274,0.07009925558312655
cam791_w4,275,0.05086848635235732
cam791_w4,276,0.011166253101736972
cam791_w4,277,0.009305210918114143
cam791_w4,278,0.05334987593052109
cam791_w4,279,0.019230769230769232
cam791_w4,280,0.09615384615384616
cam791_w4,281,0.1780397022332506
cam791_w4,282,0.3436724565756824
cam791_w4,283,0.09429280397022333
cam791_w4,284,0.04156327543424317
cam791_w4,285,0.0
cam791_w4,286,0.0
cam791_w4,287,0.008684863523573201
cam791_w4,288,0.026674937965260544
cam791_w4,289,0.04528535980148883
cam791_w4,290,0.0750620347394541
cam791_w4,291,0.07444168734491315
cam791_w4,292,0.03163771712158809
cam791_w4,293,0.016749379652605458
cam791_w4,294,0.003101736972704715
cam791_w4,295,0.028535980148883373
cam791_w4,296,0.0012406947890818859
cam791_w4,297,0.0
cam791_w4,298,0.0
cam791_w4,299,0.0
cam791_w4,300,0.0
cam791_w4,301,0.0017398869073510222
cam791_w4,302,0.0
cam791_w4,303,0.0
cam791_w4,304,0.0
cam791_w4,305,0.0017398869073510222
cam791_w4,306,0.0
cam791_w4,307,0.00043497172683775554
cam791_w4,308,0.0
cam791_w4,309,0.0
cam791_w4,310,0.0078294910830796
cam791_w4,311,0.0
cam791_w4,312,0.037407568508046975
cam791_w4,313,0.015224010439321443
cam791_w4,314,0.0
cam791_w4,315,0.023053501522401043
cam791_w4,316,0.016963897346672467
cam791_w4,317,0.07307525010874293
cam791_w4,318,0.04480208786428882
cam791_w4,319,0.030882992605480643
cam791_w4,320,0.09656372335798173
cam791_w4,321,0.16702914310569814
cam791_w4,322,0.32057416267942584
cam791_w4,323,0.26663766855154414
cam791_w4,324,0.24923879947803393
cam791_w4,325,0.06394084384515007
cam791_w4,326,0.1661591996520226
cam791_w4,327,0.08046976946498477
cam791_w4,328,0.1692040017398869
cam791_w4,329,0.14615050021748585
cam791_w4,330,0.008264462809917356
cam791_w4,331,0.11352762070465419
cam791_w4,332,0.3531970421922575
cam791_w4,333,0.19356241844280123
cam791_w4,334,0.17877337973031754
cam791_w4,335,0.0987385819921705
cam791_w4,336,0.007394519356241845
cam791_w4,337,0.1535450195737277
cam791_w4,338,0.0830795998260113
cam791_w4,339,0.15397999130056547
cam791_w4,340,0.14310569812962157
cam791_w4,341,0.14267072640278383
cam791_w4,342,0.2466289691170074
cam791_w4,343,0.2553284036537625
cam791_w4,344,0.3188342757720748
cam791_w4,345,0.4758590691605046
cam791_w4,346,0.28577642453240537
cam791_w4,347,0.3627664201826881
cam791_w4,348,0.2766420182688125
cam791_w4,349,0.11004784688995216
cam791_w4,350,0.24793388429752067
cam791_w4,351,0.16093953892996954
cam791_w4,352,0.14310569812962157
cam791_w4,353,0.06394084384515007
cam791_w4,354,0.09743366681165724
cam791_w4,355,0.2483688560243584
cam791_w4,356,0.09134406263592866
cam791_w4,357,0.026533275337103087
cam791_w4,358,0.09047411918225315
cam791_w4,359,0.012179208351457155
cam791_w4,360,0.08786428882122663
cam791_w4,361,0.012614180078294911
cam791_w4,362,0.02174858634188778
cam791_w4,363,0.0013049151805132667
cam791_w4,364,0.005654632448890822
cam791_w4,365,0.0008699434536755111
cam791_w4,366,0.025228360156589823
cam791_w4,367,0.02566333188342758
cam791_w4,368,0.06133101348412353
cam791_w4,369,0.07959982601130927
cam791_w4,370,0.11831230969986951
cam791_w4,371,0.0156589821661592
cam791_w4,372,0.234884732492388
cam791_w4,373,0.11309264897781644
cam791_w4,374,0.13658112222705523
cam791_w4,375,0.16659417137886037
cam791_w5,1,0.004592422502870264
cam791_w5,2,0.0
cam791_w5,3,0.0
cam791_w5,4,0.0
cam791_w5,5,0.13088404133180254
cam791_w5,6,0.0
cam791_w5,7,0.0
cam791_w5,8,0.011481056257175661
cam791_w5,9,0.0
cam791_w5,10,0.330654420206659
cam791_w5,11,0.09012629161882893
cam791_w5,12,0.21641791044776118
cam791_w5,13,0.32721010332950634
cam791_w5,14,0.0
cam791_w5,15,0.38748564867967855
cam791_w5,16,0.6836969001148105
cam791_w5,17,0.3277841561423651
cam791_w5,18,0.08610792192881746
cam791_w5,19,0.4845005740528129
cam791_w5,20,0.41446613088404133
cam791_w5,21,0.001148105625717566
cam791_w5,22,0.0
cam791_w5,23,0.0
cam791_w5,24,0.5671641791044776
cam791_w5,25,0.004018369690011481
cam791_w5,26,0.0
cam791_w5,27,0.016647531572904706
cam791_w5,28,0.3030998851894374
cam791_w5,29,0.351894374282434
cam791_w5,30,0.7336394948335246
cam791_w5,31,0.004018369690011481
cam791_w5,32,0.13375430539609645
cam791_w5,33,0.3857634902411022
cam791_w5,34,0.6963260619977037
cam791_w5,35,0.7095292766934558
cam791_w5,36,0.1624569460390356
cam791_w5,37,0.09414466130884042
cam791_w5,38,0.012055109070034443
cam791_w5,39,0.0
cam791_w5,40,0.006888633754305396
cam791_w5,41,0.010907003444316877
cam791_w5,42,0.0
cam791_w5,43,0.27497129735935705
cam791_w5,44,0.014351320321469576
cam791_w5,45,0.032721010332950634
cam791_w5,46,0.04936854190585534
cam791_w5,47,0.5562571756601608
cam791_w5,48,0.6859931113662457
cam791_w5,49,0.35533869115958666
cam791_w5,50,0.04420206659012629
cam791_w5,51,0.4833524684270953
cam791_w5,52,0.25889781859931116
cam791_w5,53,0.1010332950631458
cam791_w5,54,0.2927669345579793
cam791_w5,55,0.5028702640642939
cam791_w5,56,0.4380022962112514
cam791_w5,57,0.21182548794489092
cam791_w5,58,0.13088404133180254
cam791_w5,59,0.03157290470723306
cam791_w5,60,0.07347876004592423
cam791_w5,61,0.0774971297359357
cam791_w5,62,0.07462686567164178
cam791_w5,63,0.0
cam791_w5,64,0.006888633754305396
cam791_w5,65,0.013777267508610792
cam791_w5,66,0.027554535017221583
cam791_w5,67,0.04879448909299656
cam791_w5,68,0.053386911595866816
cam791_w5,69,0.07347876004592423
cam791_w5,70,0.04936854190585534
cam791_w5,71,0.00975889781859931
cam791_w5,72,0.0
cam791_w5,73,0.0
cam791_w5,74,0.0057405281285878304
cam791_w5,75,0.001722158438576349
cam791_w5,76,0.0
cam791_w5,77,0.0
cam791_w5,78,0.0
cam791_w5,79,0.0
cam791_w5,80,0.0
cam791_w5,81,0.0
cam791_w5,82,0.0
cam791_w5,83,0.0
cam791_w5,84,0.0
cam791_w5,85,0.0
cam791_w5,86,0.0
cam791_w5,87,0.005422153369481022
cam791_w5,88,0.0
cam791_w5,89,0.0
cam791_w5,90,0.004647560030983733
cam791_w5,91,0.044151820294345466
cam791_w5,92,0.21223857474825716
cam791_w5,93,0.4500387296669249
cam791_w5,94,0.4144074360960496
cam791_w5,95,0.0
cam791_w5,96,0.0
cam791_w5,97,0.010844306738962044
cam791_w5,98,0.3493415956622773
cam791_w5,99,0.27188226181254843
cam791_w5,100,0.8272656855151046
cam791_w5,101,0.013168086754453912
cam791_w5,102,0.0
cam791_w5,103,0.27188226181254843
cam791_w5,104,0.3601859024012393
cam791_w5,105,0.31913245546088304
cam791_w5,106,0.47095274980635166
cam791_w5,107,0.49109217660728116
cam791_w5,108,0.3841982958946553
cam791_w5,109,0.016266460108443067
cam791_w5,110,0.031758326878388844
cam791_w5,111,0.031758326878388844
cam791_w5,112,0.019364833462432222
cam791_w5,113,0.313710302091402
cam791_w5,114,0.18667699457784662
cam791_w5,115,0.010844306738962044
cam791_w5,116,0.24941905499612704
cam791_w5,117,0.10224632068164213
cam791_w5,118,0.5027110766847405
cam791_w5,119,0.36173508907823393
cam791_w5,120,0.046475600309837335
cam791_w5,121,0.6800929512006196
cam791_w5,122,0.3059643687064291
cam791_w5,123,0.11773818745158791
cam791_w5,124,0.33230054221533695
cam791_w5,125,0.12238574748257165
cam791_w5,126,0.3981409759876065
cam791_w5,127,0.4817970565453137
cam791_w5,128,0.0
cam791_w5,129,0.0
cam791_w5,130,0.0
cam791_w5,131,0.000774593338497289
cam791_w5,132,0.005422153369481022
cam791_w5,133,0.0
cam791_w5,134,0.0
cam791_w5,135,0.015491866769945779
cam791_w5,136,0.0
cam791_w5,137,0.0
cam791_w5,138,0.0
cam791_w5,139,0.0
cam791_w5,140,0.003098373353989156
cam791_w5,141,0.0038729666924864447
cam791_w5,142,0.020914020139426802
cam791_w5,143,0.017815646785437646
cam791_w5,144,0.0
cam791_w5,145,0.0
cam791_w5,146,0.0
cam791_w5,147,0.0
cam791_w5,148,0.0
cam791_w5,149,0.0
cam791_w5,150,0.0
cam791_w5,151,0.0
cam791_w5,152,0.0
cam791_w5,153,0.001579778830963665
cam791_w5,154,0.0
cam791_w5,155,0.0
cam791_w5,156,0.0
cam791_w5,157,0.0
cam791_w5,158,0.0
cam791_w5,159,0.001579778830963665
cam791_w5,160,0.0
cam791_w5,161,0.0
cam791_w5,162,0.0
cam791_w5,163,0.0071090047393364926
cam791_w5,164,0.005529225908372828
cam791_w5,165,0.0
cam791_w5,166,0.004739336492890996
cam791_w5,167,0.10742496050552923
cam791_w5,168,0.1429699842022117
cam791_w5,169,0.1911532385466035
cam791_w5,170,0.00315955766192733
cam791_w5,171,0.23222748815165878
cam791_w5,172,0.693522906793049
cam791_w5,173,0.7551342812006319
cam791_w5,174,0.8001579778830964
cam791_w5,175,0.7164296998420221
cam791_w5,176,0.43759873617693523
cam791_w5,177,0.5308056872037915
cam791_w5,178,0.19194312796208532
cam791_w5,179,0.029225908372827805
cam791_w5,180,0.556872037914692
cam791_w5,181,0.6832543443917851
cam791_w5,182,0.7898894154818326
cam791_w5,183,0.023696682464454975
cam791_w5,184,0.014218009478672985
cam791_w5,185,0.023696682464454975
cam791_w5,186,0.016587677725118485
cam791_w5,187,0.036334913112164295
cam791_w5,188,0.12796208530805686
cam791_w5,189,0.002369668246445498
cam791_w5,190,0.008688783570300158
cam791_w5,191,0.07424960505529225
cam791_w5,192,0.1240126382306477
cam791_w5,193,0.26619273301737756
cam791_w5,194,0.12164296998420221
cam791_w5,195,0.11532385466034756
cam791_w5,196,0.5434439178515008
cam791_w5,197,0.08135860979462875
cam791_w5,198,0.15876777251184834
cam791_w5,199,0.21642969984202212
cam791_w5,200,0.02448657187993681
cam791_w5,201,0.014218009478672985
cam791_w5,202,0.026066350710900472
cam791_w5,203,0.0
cam791_w5,204,0.008688783570300158
cam791_w5,205,0.007898894154818325
cam791_w5,206,0.0
cam791_w5,207,0.0
cam791_w5,208,0.0
cam791_w5,209,0.001579778830963665
cam791_w5,210,0.09320695102685624
cam791_w5,211,0.0
cam791_w5,212,0.01579778830963665
cam791_w5,213,0.05292259083728278
cam791_w5,214,0.016587677725118485
cam791_w5,215,0.022116903633491312
cam791_w5,216,0.04818325434439179
cam791_w5,217,0.07345971563981042
cam791_w5,218,0.08372827804107424
cam791_w5,219,0.0071090047393364926
cam791_w5,220,0.013428120063191154
cam791_w5,221,0.03949447077409163
cam791_w5,222,0.00631911532385466
cam791_w5,223,0.0
cam791_w5,224,0.0
cam791_w5,225,0.0
cam791_w5,226,0.0
cam791_w5,227,0.0
cam791_w5,228,0.0
cam791_w5,229,0.0
cam791_w5,230,0.017363344051446947
cam791_w5,231,0.0
cam791_w5,232,0.0
cam791_w5,233,0.0045016077170418
cam791_w5,234,0.0
cam791_w5,235,0.0
cam791_w5,236,0.003215434083601286
cam791_w5,237,0.01929260450160772
cam791_w5,238,0.01414790996784566
cam791_w5,239,0.00964630225080386
cam791_w5,240,0.02122186495176849
cam791_w5,241,0.1967845659163987
cam791_w5,242,0.07009646302250803
cam791_w5,243,0.005787781350482315
cam791_w5,244,0.05080385852090032
cam791_w5,245,0.1157556270096463
cam791_w5,246,0.1864951768488746
cam791_w5,247,0.1787781350482315
cam791_w5,248,0.41672025723472667
cam791_w5,249,0.4302250803858521
cam791_w5,250,0.12990353697749196
cam791_w5,251,0.5639871382636656
cam791_w5,252,0.5299035369774919
cam791_w5,253,0.021864951768488745
cam791_w5,254,0.11254019292604502
cam791_w5,255,0.1607717041800643
cam791_w5,256,0.08295819935691319
cam791_w5,257,0.2752411575562701
cam791_w5,258,0.5672025723472669
cam791_w5,259,0.380064308681672
cam791_w5,260,0.2797427652733119
cam791_w5,261,0.03279742765273312
cam791_w5,262,0.10803858520900321
cam791_w5,263,0.023794212218649517
cam791_w5,264,0.18713826366559486
cam791_w5,265,0.002572347266881029
cam791_w5,266,0.15434083601286175
cam791_w5,267,0.6090032154340836
cam791_w5,268,0.17363344051446947
cam791_w5,269,0.1987138263665595
cam791_w5,270,0.0360128617363344
cam791_w5,271,0.0045016077170418
cam791_w5,272,0.06752411575562701
cam791_w5,273,0.013504823151125401
cam791_w5,274,0.012861736334405145
cam791_w5,275,0.03022508038585209
cam791_w5,276,0.02572347266881029
cam791_w5,277,0.02765273311897106
cam791_w5,278,0.14983922829581994
cam791_w5,279,0.1864951768488746
cam791_w5,280,0.02829581993569132
cam791_w5,281,0.010932475884244373
cam791_w5,282,0.003215434083601286
cam791_w5,283,0.00964630225080386
cam791_w5,284,0.06495176848874598
cam791_w5,285,0.02315112540192926
cam791_w5,286,0.07781350482315112
cam791_w5,287,0.1157556270096463
cam791_w5,288,0.015434083601286173
cam791_w5,289,0.0
cam791_w5,290,0.012861736334405145
cam791_w5,291,0.0038585209003215433
cam791_w5,292,0.04823151125401929
cam791_w5,293,0.029581993569131833
cam791_w5,294,0.021864951768488745
cam791_w5,295,0.0090032154340836
cam791_w5,296,0.013504823151125401
cam791_w5,297,0.030868167202572346
cam791_w5,298,0.0
cam791_w5,299,0.0
cam791_w5,300,0.0
cam791_w5,301,0.0
cam791_w5,302,0.0
cam791_w5,303,0.0004344048653344917
cam791_w5,304,0.0
cam791_w5,305,0.0
cam791_w5,306,0.0
cam791_w5,307,0.0
cam791_w5,308,0.0026064291920069507
cam791_w5,309,0.0
cam791_w5,310,0.0
cam791_w5,311,0.0013032145960034753
cam791_w5,312,0.0004344048653344917
cam791_w5,313,0.006516072980017376
cam791_w5,314,0.0013032145960034753
cam791_w5,315,0.0047784535186794095
cam791_w5,316,0.0026064291920069507
cam791_w5,317,0.04821894005212858
cam791_w5,318,0.04474370112945265
cam791_w5,319,0.060816681146828845
cam791_w5,320,0.030408340573414423
cam791_w5,321,0.04908774978279757
cam791_w5,322,0.1368375325803649
cam791_w5,323,0.043874891398783665
cam791_w5,324,0.15682015638575153
cam791_w5,325,0.1355343179843614
cam791_w5,326,0.13900955690703737
cam791_w5,327,0.17723718505647262
cam791_w5,328,0.2741094700260643
cam791_w5,329,0.023023457862728063
cam791_w5,330,0.13423110338835795
cam791_w5,331,0.18809730668983493
cam791_w5,332,0.03431798436142485
cam791_w5,333,0.22893136403127715
cam791_w5,334,0.09165942658557776
cam791_w5,335,0.21372719374456994
cam791_w5,336,0.19331016507384882
cam791_w5,337,0.20330147697654213
cam791_w5,338,0.07211120764552563
cam791_w5,339,0.368375325803649
cam791_w5,340,0.21285838401390095
cam791_w5,341,0.06559513466550826
cam791_w5,342,0.03258036490008688
cam791_w5,343,0.08470894874022589
cam791_w5,344,0.1524761077324066
cam791_w5,345,0.09252823631624674
cam791_w5,346,0.0894874022589053
cam791_w5,347,0.17158992180712423
cam791_w5,348,0.15030408340573415
cam791_w5,349,0.1155516941789748
cam791_w5,350,0.1585577758470895
cam791_w5,351,0.34578627280625546
cam791_w5,352,0.18245004344048654
cam791_w5,353,0.19331016507384882
cam791_w5,354,0.09730668983492616
cam791_w5,355,0.10121633362293658
cam791_w5,356,0.07254561251086013
cam791_w5,357,0.14465682015638576
cam791_w5,358,0.04126846220677671
cam791_w5,359,0.10686359687228497
cam791_w5,360,0.131624674196351
cam791_w5,361,0.07167680278019113
cam791_w5,362,0.016941789748045177
cam791_w5,363,0.007384882710686359
cam791_w5,364,0.01737619461337967
cam791_w5,365,0.007819287576020852
cam791_w5,366,0.002172024326672459
cam791_w5,367,0.13509991311902694
cam791_w5,368,0.13379669852302345
cam791_w5,369,0.0069504778453518675
cam791_w5,370,0.014335360556038228
cam791_w5,371,0.03866203301476977
cam791_w5,372,0.028236316246741965
cam791_w5,373,0.07515204170286707
cam791_w5,374,0.18635968722849697
cam791_w5,375,0.02432667245873154
cam791_w6,1,0.21968150265414454
cam791_w6,2,0.0
cam791_w6,3,0.0
cam791_w6,4,0.0
cam791_w6,5,0.0
cam791_w6,6,0.0
cam791_w6,7,0.0
cam791_w6,8,0.0
cam791_w6,9,0.0
cam791_w6,10,0.0
cam791_w6,11,0.0
cam791_w6,12,0.0
cam791_w6,13,0.0
cam791_w6,14,0.0
cam791_w6,15,0.0
cam791_w6,16,0.029808084932625562
cam791_w6,17,0.1690485912617395
cam791_w6,18,0.002449979583503471
cam791_w6,19,0.009799918334013884
cam791_w6,20,0.02531645569620253
cam791_w6,21,0.02531645569620253
cam791_w6,22,0.010208248264597795
cam791_w6,23,0.0
cam791_w6,24,0.17231523070641078
cam791_w6,25,0.0008166598611678236
cam791_w6,26,0.04287464271131074
cam791_w6,27,0.44507962433646386
cam791_w6,28,0.13066557778685178
cam791_w6,29,0.027766435279706004
cam791_w6,30,0.4107799101674153
cam791_w6,31,0.19477337688852592
cam791_w6,32,0.0032666394446712946
cam791_w6,33,0.09391588403429972
cam791_w6,34,0.6847692935892201
cam791_w6,35,0.5663536137198857
cam791_w6,36,0.5100040832993058
cam791_w6,37,0.07635769701919151
cam791_w6,38,0.2319314005716619
cam791_w6,39,0.2805226623111474
cam791_w6,40,0.5026541445487954
cam791_w6,41,0.5634953042057983
cam791_w6,42,0.049407921600653326
cam791_w6,43,0.19232339730502246
cam791_w6,44,0.025724785626786442
cam791_w6,45,0.02735810534912209
cam791_w6,46,0.0620661494487546
cam791_w6,47,0.1727235606369947
cam791_w6,48,0.06002449979583503
cam791_w6,49,0.021233156390363415
cam791_w6,50,0.3568803593303389
cam791_w6,51,0.013883217639853002
cam791_w6,52,0.019191506737443853
cam791_w6,53,0.006941608819926501
cam791_w6,54,0.07635769701919151
cam791_w6,55,0.1212739893834218
cam791_w6,56,0.06329113924050633
cam791_w6,57,0.017558187015108206
cam791_w6,58,0.015924867292772562
cam791_w6,59,0.060432829726418946
cam791_w6,60,0.11229073091057575
cam791_w6,61,0.002449979583503471
cam791_w6,62,0.07513270722743977
cam791_w6,63,0.029808084932625562
cam791_w6,64,0.004083299305839118
cam791_w6,65,0.030216414863209473
cam791_w6,66,0.00449162923642303
cam791_w6,67,0.008166598611678236
cam791_w6,68,0.05512454062882809
cam791_w6,69,0.11964066966108616
cam791_w6,70,0.02041649652919559
cam791_w6,71,0.004083299305839118
cam791_w6,72,0.0
cam791_w6,73,0.0
cam791_w6,74,0.0004083299305839118
cam791_w6,75,0.0
cam791_w6,76,0.0
cam791_w6,77,0.0
cam791_w6,78,0.0
cam791_w6,79,0.0
cam791_w6,80,0.0
cam791_w6,81,0.0
cam791_w6,82,0.006196746707978312
cam791_w6,83,0.11309062742060419
cam791_w6,84,0.1959721146398141
cam791_w6,85,0.6467854376452362
cam791_w6,86,0.33927188226181254
cam791_w6,87,0.3996901626646011
cam791_w6,88,0.0
cam791_w6,89,0.6289697908597986
cam791_w6,90,0.069713400464756
cam791_w6,91,0.5251742835011619
cam791_w6,92,0.31061192873741283
cam791_w6,93,0.5019364833462432
cam791_w6,94,0.38574748257164987
cam791_w6,95,0.2316034082106894
cam791_w6,96,0.9016266460108443
cam791_w6,97,0.3067389620449264
cam791_w6,98,0.0
cam791_w6,99,0.6150271107668474
cam791_w6,100,0.004647560030983733
cam791_w6,101,0.7939581719597212
cam791_w6,102,0.5135553834237025
cam791_w6,103,0.14175058094500387
cam791_w6,104,0.021688613477924088
cam791_w6,105,0.017815646785437646
cam791_w6,106,0.0
cam791_w6,107,0.46475600309837334
cam791_w6,108,0.5251742835011619
cam791_w6,109,0.675445391169636
cam791_w6,110,0.044151820294345466
cam791_w6,111,0.2974438419829589
cam791_w6,112,0.0
cam791_w6,113,0.004647560030983733
cam791_w6,114,0.010069713400464756
cam791_w6,115,0.0
cam791_w6,116,0.006971340046475601
cam791_w6,117,0.0
cam791_w6,118,0.0077459333849728895
cam791_w6,119,0.0
cam791_w6,120,0.0
cam791_w6,121,0.010069713400464756
cam791_w6,122,0.016266460108443067
cam791_w6,123,0.0
cam791_w6,124,0.011618900077459334
cam791_w6,125,0.1533694810224632
cam791_w6,126,0.18512780790085206
cam791_w6,127,0.36638264910921764
cam791_w6,128,0.07203718048024788
cam791_w6,129,0.048024786986831915
cam791_w6,130,0.24941905499612704
cam791_w6,131,0.021688613477924088
cam791_w6,132,0.022463206816421378
cam791_w6,133,0.17738187451587917
cam791_w6,134,0.0
cam791_w6,135,0.0
cam791_w6,136,0.0
cam791_w6,137,0.0
cam791_w6,138,0.0
cam791_w6,139,0.000774593338497289
cam791_w6,140,0.0
cam791_w6,141,0.08907823392718822
cam791_w6,142,0.042602633617350893
cam791_w6,143,0.021688613477924088
cam791_w6,144,0.025561580170410533
cam791_w6,145,0.0
cam791_w6,146,0.0
cam791_w6,147,0.0
cam791_w6,148,0.0
cam791_w6,149,0.0
cam791_w6,150,0.0
cam791_w6,151,0.0
cam791_w6,152,0.0
cam791_w6,153,0.0
cam791_w6,154,0.0
cam791_w6,155,0.0
cam791_w6,156,0.0008130081300813008
cam791_w6,157,0.0
cam791_w6,158,0.0
cam791_w6,159,0.0
cam791_w6,160,0.03577235772357724
cam791_w6,161,0.16422764227642275
cam791_w6,162,0.05203252032520325
cam791_w6,163,0.0
cam791_w6,164,0.043089430894308944
cam791_w6,165,0.06504065040650407
cam791_w6,166,0.21788617886178863
cam791_w6,167,0.16260162601626016
cam791_w6,168,0.3853658536585366
cam791_w6,169,0.16422764227642275
cam791_w6,170,0.15609756097560976
cam791_w6,171,0.2975609756097561
cam791_w6,172,0.0
cam791_w6,173,0.0
cam791_w6,174,0.005691056910569106
cam791_w6,175,0.05365853658536585
cam791_w6,176,0.06747967479674796
cam791_w6,177,0.16260162601626016
cam791_w6,178,0.367479674796748
cam791_w6,179,0.1991869918699187
cam791_w6,180,0.0943089430894309
cam791_w6,181,0.8585365853658536
cam791_w6,182,0.47560975609756095
cam791_w6,183,0.6878048780487804
cam791_w6,184,0.751219512195122
cam791_w6,185,0.42845528455284554
cam791_w6,186,0.0
cam791_w6,187,0.0016260162601626016
cam791_w6,188,0.0016260162601626016
cam791_w6,189,0.0
cam791_w6,190,0.01707317073170732
cam791_w6,191,0.013821138211382113
cam791_w6,192,0.052845528455284556
cam791_w6,193,0.15609756097560976
cam791_w6,194,0.3276422764227642
cam791_w6,195,0.0
cam791_w6,196,0.022764227642276424
cam791_w6,197,0.015447154471544716
cam791_w6,198,0.0
cam791_w6,199,0.0065040650406504065
cam791_w6,200,0.0024390243902439024
cam791_w6,201,0.06991869918699187
cam791_w6,202,0.0
cam791_w6,203,0.0
cam791_w6,204,0.023577235772357725
cam791_w6,205,0.02926829268292683
cam791_w6,206,0.03739837398373984
cam791_w6,207,0.13821138211382114
cam791_w6,208,0.22276422764227644
cam791_w6,209,0.015447154471544716
cam791_w6,210,0.043089430894308944
cam791_w6,211,0.06097560975609756
cam791_w6,212,0.0008130081300813008
cam791_w6,213,0.0
cam791_w6,214,0.00975609756097561
cam791_w6,215,0.0
cam791_w6,216,0.011382113821138212
cam791_w6,217,0.06097560975609756
cam791_w6,218,0.02926829268292683
cam791_w6,219,0.013821138211382113
cam791_w6,220,0.0
cam791_w6,221,0.0
cam791_w6,222,0.0
cam791_w6,223,0.0
cam791_w6,224,0.0024390243902439024
cam791_w6,225,0.0
cam791_w6,226,0.0
cam791_w6,227,0.0
cam791_w6,228,0.0
cam791_w6,229,0.003790271636133923
cam791_w6,230,0.01010739102969046
cam791_w6,231,0.0
cam791_w6,232,0.018951358180669616
cam791_w6,233,0.01831964624131396
cam791_w6,234,0.0
cam791_w6,235,0.0
cam791_w6,236,0.0
cam791_w6,237,0.003790271636133923
cam791_w6,238,0.0
cam791_w6,239,0.010739102969046115
cam791_w6,240,0.005685407454200884
cam791_w6,241,0.0
cam791_w6,242,0.015792798483891344
cam791_w6,243,0.003790271636133923
cam791_w6,244,0.19393556538218573
cam791_w6,245,0.0574857864813645
cam791_w6,246,0.06253948199620973
cam791_w6,247,0.14150347441566646
cam791_w6,248,0.31838281743524954
cam791_w6,249,0.28490208464939987
cam791_w6,250,0.17435249526216046
cam791_w6,251,0.06948831332912192
cam791_w6,252,0.03474415666456096
cam791_w6,253,0.027163613392293114
cam791_w6,254,0.11307643714466203
cam791_w6,255,0.25900189513581806
cam791_w6,256,0.045483259633607075
cam791_w6,257,0.2122552116234997
cam791_w6,258,0.07517372078332281
cam791_w6,259,0.5900189513581807
cam791_w6,260,0.25142135186355025
cam791_w6,261,0.016424510423247
cam791_w6,262,0.02969046114971573
cam791_w6,263,0.008843967150979154
cam791_w6,264,0.030322173089071383
cam791_w6,265,0.015161086544535692
cam791_w6,266,0.19267214150347442
cam791_w6,267,0.14150347441566646
cam791_w6,268,0.2710044219835755
cam791_w6,269,0.47694251421351863
cam791_w6,270,0.2886923562855338
cam791_w6,271,0.5596967782691092
cam791_w6,272,0.14529374605180037
cam791_w6,273,0.012002526847757423
cam791_w6,274,0.01010739102969046
cam791_w6,275,0.0012634238787113076
cam791_w6,276,0.003790271636133923
cam791_w6,277,0.00505369551484523
cam791_w6,278,0.051168667087807956
cam791_w6,279,0.015792798483891344
cam791_w6,280,0.04232469993682881
cam791_w6,281,0.18256475047378395
cam791_w6,282,0.14213518635502212
cam791_w6,283,0.04864181933038535
cam791_w6,284,0.06380290587492103
cam791_w6,285,0.00505369551484523
cam791_w6,286,0.01831964624131396
cam791_w6,287,0.09854706253948199
cam791_w6,288,0.016424510423247
cam791_w6,289,0.006317119393556538
cam791_w6,290,0.0
cam791_w6,291,0.06190777005685408
cam791_w6,292,0.02021478205938092
cam791_w6,293,0.02337334175615919
cam791_w6,294,0.025268477574226154
cam791_w6,295,0.03663929248262792
cam791_w6,296,0.029058749210360075
cam791_w6,297,0.004421983575489577
cam791_w6,298,0.0
cam791_w6,299,0.0
cam791_w6,300,0.0
cam791_w6,301,0.0030408340573414424
cam791_w6,302,0.0
cam791_w6,303,0.0
cam791_w6,304,0.0
cam791_w6,305,0.003909643788010426
cam791_w6,306,0.007384882710686359
cam791_w6,307,0.01216333622936577
cam791_w6,308,0.0004344048653344917
cam791_w6,309,0.002172024326672459
cam791_w6,310,0.0034752389226759338
cam791_w6,311,0.007819287576020852
cam791_w6,312,0.0026064291920069507
cam791_w6,313,0.02432667245873154
cam791_w6,314,0.008253692441355343
cam791_w6,315,0.019113814074717638
cam791_w6,316,0.02476107732406603
cam791_w6,317,0.23284100781928757
cam791_w6,318,0.11685490877497828
cam791_w6,319,0.23848827106863596
cam791_w6,320,0.05386620330147698
cam791_w6,321,0.043874891398783665
cam791_w6,322,0.09643788010425716
cam791_w6,323,0.036490008688097306
cam791_w6,324,0.09209383145091225
cam791_w6,325,0.17289313640312773
cam791_w6,326,0.12293657688966117
cam791_w6,327,0.1841876629018245
cam791_w6,328,0.2836663770634231
cam791_w6,329,0.13119026933101652
cam791_w6,330,0.14031277150304083
cam791_w6,331,0.10903562119895743
cam791_w6,332,0.19591659426585578
cam791_w6,333,0.33405734144222415
cam791_w6,334,0.46177237185056474
cam791_w6,335,0.2636837532580365
cam791_w6,336,0.035621198957428324
cam791_w6,337,0.1107732406602954
cam791_w6,338,0.08079930495221546
cam791_w6,339,0.08253692441355343
cam791_w6,340,0.07254561251086013
cam791_w6,341,0.34404865334491747
cam791_w6,342,0.6225021720243267
cam791_w6,343,0.3618592528236316
cam791_w6,344,0.634231103388358
cam791_w6,345,0.843614248479583
cam791_w6,346,0.4374456993918332
cam791_w6,347,0.19591659426585578
cam791_w6,348,0.0629887054735013
cam791_w6,349,0.08166811468288444
cam791_w6,350,0.07819287576020852
cam791_w6,351,0.1672458731537793
cam791_w6,352,0.26585577758470896
cam791_w6,353,0.5660295395308428
cam791_w6,354,0.7458731537793223
cam791_w6,355,0.6781059947871416
cam791_w6,356,0.28192875760208513
cam791_w6,357,0.3149435273675065
cam791_w6,358,0.32363162467419637
cam791_w6,359,0.2958297132927889
cam791_w6,360,0.17072111207645527
cam791_w6,361,0.15638575152041703
cam791_w6,362,0.17767158992180712
cam791_w6,363,0.4109470026064292
cam791_w6,364,0.0369244135534318
cam791_w6,365,0.03909643788010426
cam791_w6,366,0.022154648132059078
cam791_w6,367,0.0030408340573414424
cam791_w6,368,0.01216333622936577
cam791_w6,369,0.02736750651607298
cam791_w6,370,0.009122502172024326
cam791_w6,371,0.02736750651607298
cam791_w6,372,0.017810599478714162
cam791_w6,373,0.0026064291920069507
cam791_w6,374,0.016507384882710686
cam791_w6,375,0.023892267593397045
cam795_w1,1,0.0006042296072507553
cam795_w1,2,0.18549848942598188
cam795_w1,3,0.0
cam795_w1,4,0.00785498489425982
cam795_w1,5,0.11299093655589124
cam795_w1,6,0.17341389728096676
cam795_w1,7,0.0
cam795_w1,8,0.19516616314199395
cam795_w1,9,0.00785498489425982
cam795_w1,10,0.6966767371601208
cam795_w1,11,0.11722054380664652
cam795_w1,12,0.0
cam795_w1,13,0.006042296072507553
cam795_w1,14,0.0
cam795_w1,15,0.0
cam795_w1,16,0.04471299093655589
cam795_w1,17,0.38731117824773414
cam795_w1,18,0.1015105740181269
cam795_w1,19,0.4362537764350453
cam795_w1,20,0.29003021148036257
cam795_w1,21,0.7667673716012084
cam795_w1,22,0.026586102719033233
cam795_w1,23,0.711178247734139
cam795_w1,24,0.47371601208459213
cam795_w1,25,0.2066465256797583
cam795_w1,26,0.5003021148036254
cam795_w1,27,0.029607250755287008
cam795_w1,28,0.0
cam795_w1,29,0.0
cam795_w1,30,0.0
cam795_w1,31,0.0
cam795_w1,32,0.2108761329305136
cam795_w1,33,0.0
cam795_w1,34,0.04471299093655589
cam795_w1,35,0.06706948640483383
cam795_w1,36,0.0
cam795_w1,37,0.13293051359516617
cam795_w1,38,0.0
cam795_w1,39,0.04169184290030212
cam795_w1,40,0.0
cam795_w1,41,0.006646525679758308
cam795_w1,42,0.0
cam795_w1,43,0.06102719033232629
cam795_w1,44,0.07492447129909366
cam795_w1,45,0.0012084592145015106
cam795_w1,46,0.03927492447129909
cam795_w1,47,0.0
cam795_w1,48,0.06948640483383686
cam795_w1,49,0.17039274924471298
cam795_w1,50,0.056193353474320244
cam795_w1,51,0.015105740181268883
cam795_w1,52,0.2175226586102719
cam795_w1,53,0.17401812688821752
cam795_w1,54,0.3214501510574018
cam795_w1,55,0.01570996978851964
cam795_w1,56,0.2253776435045317
cam795_w1,57,0.09848942598187312
cam795_w1,58,0.12326283987915408
cam795_w1,59,0.022960725075528703
cam795_w1,60,0.012084592145015106
cam795_w1,61,0.008459214501510574
cam795_w1,62,0.019939577039274924
cam795_w1,63,0.03444108761329305
cam795_w1,64,0.01933534743202417
cam795_w1,65,0.044108761329305135
cam795_w1,66,0.08580060422960725
cam795_w1,67,0.316012084592145
cam795_w1,68,0.3921450151057402
cam795_w1,69,0.07915407854984895
cam795_w1,70,0.08459214501510574
cam795_w1,71,0.044108761329305135
cam795_w1,72,0.02054380664652568
cam795_w1,73,0.02054380664652568
cam795_w1,74,0.0030211480362537764
cam795_w1,75,0.0018126888217522659
cam795_w1,76,0.0
cam795_w1,77,0.0
cam795_w1,78,0.0
cam795_w1,79,0.0
cam795_w1,80,0.0
cam795_w1,81,0.0
cam795_w1,82,0.0
cam795_w1,83,0.0
cam795_w1,84,0.0
cam795_w1,85,0.0
cam795_w1,86,0.002369668246445498
cam795_w1,87,0.0
cam795_w1,88,0.0
cam795_w1,89,0.0
cam795_w1,90,0.0
cam795_w1,91,0.045813586097946286
cam795_w1,92,0.03475513428120063
cam795_w1,93,0.020537124802527645
cam795_w1,94,0.13112164296998421
cam795_w1,95,0.2740916271721959
cam795_w1,96,0.26619273301737756
cam795_w1,97,0.5173775671406003
cam795_w1,98,0.41232227488151657
cam795_w1,99,0.04186413902053712
cam795_w1,100,0.0
cam795_w1,101,0.31990521327014215
cam795_w1,102,0.6461295418641391
cam795_w1,103,0.4099526066350711
cam795_w1,104,0.03949447077409163
cam795_w1,105,0.023696682464454975
cam795_w1,106,0.04186413902053712
cam795_w1,107,0.4960505529225908
cam795_w1,108,0.11769352290679305
cam795_w1,109,0.01579778830963665
cam795_w1,110,0.07109004739336493
cam795_w1,111,0.12796208530805686
cam795_w1,112,0.466824644549763
cam795_w1,113,0.6311216429699842
cam795_w1,114,0.542654028436019
cam795_w1,115,0.4873617693522907
cam795_w1,116,0.7867298578199052
cam795_w1,117,0.580568720379147
cam795_w1,118,0.34755134281200634
cam795_w1,119,0.32385466034755134
cam795_w1,120,0.5015797788309637
cam795_w1,121,0.08372827804107424
cam795_w1,122,0.20774091627172195
cam795_w1,123,0.0315955766192733
cam795_w1,124,0.04107424960505529
cam795_w1,125,0.04028436018957346
cam795_w1,126,0.008688783570300158
cam795_w1,127,0.0
cam795_w1,128,0.026856240126382307
cam795_w1,129,0.04660347551342812
cam795_w1,130,0.0
cam795_w1,131,0.0
cam795_w1,132,0.0
cam795_w1,133,0.0
cam795_w1,134,0.0
cam795_w1,135,0.0
cam795_w1,136,0.0
cam795_w1,137,0.0
cam795_w1,138,0.0
cam795_w1,139,0.0
cam795_w1,140,0.00315955766192733
cam795_w1,141,0.01263823064770932
cam795_w1,142,0.0071090047393364926
cam795_w1,143,0.020537124802527645
cam795_w1,144,0.01263823064770932
cam795_w1,145,0.005529225908372828
cam795_w1,146,0.0
cam795_w1,147,0.0
cam795_w1,148,0.0
cam795_w1,149,0.0
cam795_w1,150,0.0
cam795_w1,151,0.0
cam795_w1,152,0.0
cam795_w1,153,0.0
cam795_w1,154,0.0
cam795_w1,155,0.0
cam795_w1,156,0.0
cam795_w1,157,0.0
cam795_w1,158,0.008994276369582993
cam795_w1,159,0.0
cam795_w1,160,0.0
cam795_w1,161,0.0
cam795_w1,162,0.0
cam795_w1,163,0.004905968928863451
cam795_w1,164,0.005723630417007359
cam795_w1,165,0.0
cam795_w1,166,0.005723630417007359
cam795_w1,167,0.0
cam795_w1,168,0.007358953393295176
cam795_w1,169,0.004905968928863451
cam795_w1,170,0.06459525756336877
cam795_w1,171,0.09893704006541292
cam795_w1,172,0.050695012264922325
cam795_w1,173,0.428454619787408
cam795_w1,174,0.1373671300081766
cam795_w1,175,0.10220768601798855
cam795_w1,176,0.023712183156173343
cam795_w1,177,0.15944399018806213
cam795_w1,178,0.2722812755519215
cam795_w1,179,0.705641864268193
cam795_w1,180,0.8593622240392478
cam795_w1,181,0.749795584627964
cam795_w1,182,0.23221586263287
cam795_w1,183,0.0866721177432543
cam795_w1,184,0.10629599345870809
cam795_w1,185,0.11283728536385937
cam795_w1,186,0.0
cam795_w1,187,0.019623875715453803
cam795_w1,188,0.006541291905151268
cam795_w1,189,0.003270645952575634
cam795_w1,190,0.04251839738348324
cam795_w1,191,0.016353229762878167
cam795_w1,192,0.028618152085036794
cam795_w1,193,0.0
cam795_w1,194,0.006541291905151268
cam795_w1,195,0.0580539656582175
cam795_w1,196,0.0008176614881439084
cam795_w1,197,0.24938675388389206
cam795_w1,198,0.13164349959116925
cam795_w1,199,0.15290269828291086
cam795_w1,200,0.007358953393295176
cam795_w1,201,0.0
cam795_w1,202,0.0
cam795_w1,203,0.0
cam795_w1,204,0.0
cam795_w1,205,0.009811937857726901
cam795_w1,206,0.0
cam795_w1,207,0.01062959934587081
cam795_w1,208,0.08258381030253475
cam795_w1,209,0.09975470155355683
cam795_w1,210,0.02698282910874898
cam795_w1,211,0.05233033524121014
cam795_w1,212,0.004088307440719542
cam795_w1,213,0.0
cam795_w1,214,0.0
cam795_w1,215,0.0024529844644317253
cam795_w1,216,0.07113654946852004
cam795_w1,217,0.09239574816026165
cam795_w1,218,0.32542927228127555
cam795_w1,219,0.0
cam795_w1,220,0.0
cam795_w1,221,0.0
cam795_w1,222,0.0
cam795_w1,223,0.0
cam795_w1,224,0.0024529844644317253
cam795_w1,225,0.0
cam795_w1,226,0.0
cam795_w1,227,0.0
cam795_w1,228,0.0
cam795_w1,229,0.0
cam795_w1,230,0.0006811989100817438
cam795_w1,231,0.0
cam795_w1,232,0.0
cam795_w1,233,0.0013623978201634877
cam795_w1,234,0.007493188010899182
cam795_w1,235,0.0
cam795_w1,236,0.0
cam795_w1,237,0.0
cam795_w1,238,0.0
cam795_w1,239,0.008174386920980926
cam795_w1,240,0.02656675749318801
cam795_w1,241,0.015667574931880108
cam795_w1,242,0.03678474114441417
cam795_w1,243,0.22479564032697547
cam795_w1,244,0.19822888283378748
cam795_w1,245,0.10626702997275204
cam795_w1,246,0.3235694822888283
cam795_w1,247,0.14373297002724797
cam795_w1,248,0.2438692098092643
cam795_w1,249,0.040190735694822885
cam795_w1,250,0.08651226158038147
cam795_w1,251,0.279291553133515
cam795_w1,252,0.22615803814713897
cam795_w1,253,0.13555858310626703
cam795_w1,254,0.2935967302452316
cam795_w1,255,0.005449591280653951
cam795_w1,256,0.009536784741144414
cam795_w1,257,0.025204359673024524
cam795_w1,258,0.07425068119891008
cam795_w1,259,0.22411444141689374
cam795_w1,260,0.02656675749318801
cam795_w1,261,0.017711171662125342
cam795_w1,262,0.05858310626702997
cam795_w1,263,0.14237057220708446
cam795_w1,264,0.08719346049046321
cam795_w1,265,0.009536784741144414
cam795_w1,266,0.06948228882833787
cam795_w1,267,0.2779291553133515
cam795_w1,268,0.07561307901907358
cam795_w1,269,0.036103542234332424
cam795_w1,270,0.01907356948228883
cam795_w1,271,0.051771117166212535
cam795_w1,272,0.004087193460490463
cam795_w1,273,0.011580381471389645
cam795_w1,274,0.05040871934604905
cam795_w1,275,0.08719346049046321
cam795_w1,276,0.052452316076294275
cam795_w1,277,0.13760217983651227
cam795_w1,278,0.07288828337874659
cam795_w1,279,0.12193460490463215
cam795_w1,280,0.01430517711171662
cam795_w1,281,0.15803814713896458
cam795_w1,282,0.2949591280653951
cam795_w1,283,0.1164850136239782
cam795_w1,284,0.32561307901907355
cam795_w1,285,0.2935967302452316
cam795_w1,286,0.11512261580381472
cam795_w1,287,0.27043596730245234
cam795_w1,288,0.040190735694822885
cam795_w1,289,0.004087193460490463
cam795_w1,290,0.0027247956403269754
cam795_w1,291,0.010217983651226158
cam795_w1,292,0.03337874659400545
cam795_w1,293,0.04495912806539509
cam795_w1,294,0.0
cam795_w1,295,0.036103542234332424
cam795_w1,296,0.010217983651226158
cam795_w1,297,0.012942779291553134
cam795_w1,298,0.0
cam795_w1,299,0.01226158038147139
cam795_w1,300,0.006130790190735695
cam795_w1,301,0.0026064291920069507
cam795_w1,302,0.0
cam795_w1,303,0.0
cam795_w1,304,0.013900955690703735
cam795_w1,305,0.0
cam795_w1,306,0.0017376194613379669
cam795_w1,307,0.016072980017376195
cam795_w1,308,0.0030408340573414424
cam795_w1,309,0.0
cam795_w1,310,0.013032145960034752
cam795_w1,311,0.0008688097306689834
cam795_w1,312,0.0034752389226759338
cam795_w1,313,0.021720243266724587
cam795_w1,314,0.015204170286707211
cam795_w1,315,0.009122502172024326
cam795_w1,316,0.02041702867072111
cam795_w1,317,0.053431798436142486
cam795_w1,318,0.1889661164205039
cam795_w1,319,0.09643788010425716
cam795_w1,320,0.11728931364031277
cam795_w1,321,0.11859252823631625
cam795_w1,322,0.0994787141615986
cam795_w1,323,0.09904430929626412
cam795_w1,324,0.28627280625543006
cam795_w1,325,0.08514335360556038
cam795_w1,326,0.19287576020851432
cam795_w1,327,0.39270199826238056
cam795_w1,328,0.3040834057341442
cam795_w1,329,0.28279756733275413
cam795_w1,330,0.35447437011294525
cam795_w1,331,0.44874022589053
cam795_w1,332,0.4365768896611642
cam795_w1,333,0.2741094700260643
cam795_w1,334,0.33970460469157254
cam795_w1,335,0.20677671589921806
cam795_w1,336,0.1259774109470026
cam795_w1,337,0.6481320590790617
cam795_w1,338,0.03735881841876629
cam795_w1,339,0.314509122502172
cam795_w1,340,0.29235447437011297
cam795_w1,341,0.17072111207645527
cam795_w1,342,0.2319721980886186
cam795_w1,343,0.14335360556038226
cam795_w1,344,0.12510860121633363
cam795_w1,345,0.18201563857515204
cam795_w1,346,0.16116420503909643
cam795_w1,347,0.20417028670721113
cam795_w1,348,0.0994787141615986
cam795_w1,349,0.009122502172024326
cam795_w1,350,0.06689834926151172
cam795_w1,351,0.3149435273675065
cam795_w1,352,0.2788879235447437
cam795_w1,353,0.37185056472632494
cam795_w1,354,0.2793223284100782
cam795_w1,355,0.25890529973935705
cam795_w1,356,0.24978279756733276
cam795_w1,357,0.03953084274543875
cam795_w1,358,0.3336229365768897
cam795_w1,359,0.0030408340573414424
cam795_w1,360,0.013466550825369244
cam795_w1,361,0.03866203301476977
cam795_w1,362,0.14900086880973068
cam795_w1,363,0.10034752389226759
cam795_w1,364,0.10686359687228497
cam795_w1,365,0.2784535186794092
cam795_w1,366,0.36099044309296263
cam795_w1,367,0.09079061685490877
cam795_w1,368,0.2749782797567333
cam795_w1,369,0.07341442224152911
cam795_w1,370,0.03301476976542137
cam795_w1,371,0.061251086012163336
cam795_w1,372,0.14335360556038226
cam795_w1,373,0.24283231972198088
cam795_w1,374,0.02476107732406603
cam795_w1,375,0.04257167680278019
cam795_w2,1,0.051963746223564956
cam795_w2,2,0.0018126888217522659
cam795_w2,3,0.13534743202416918
cam795_w2,4,0.20906344410876132
cam795_w2,5,0.0018126888217522659
cam795_w2,6,0.12930513595166163
cam795_w2,7,0.5697885196374622
cam795_w2,8,0.1268882175226586
cam795_w2,9,0.0
cam795_w2,10,0.05075528700906345
cam795_w2,11,0.11238670694864049
cam795_w2,12,0.11722054380664652
cam795_w2,13,0.026586102719033233
cam795_w2,14,0.005438066465256798
cam795_w2,15,0.03867069486404834
cam795_w2,16,0.00906344410876133
cam795_w2,17,0.03927492447129909
cam795_w2,18,0.12628398791540785
cam795_w2,19,0.45196374622356494
cam795_w2,20,0.3256797583081571
cam795_w2,21,0.04773413897280967
cam795_w2,22,0.6471299093655589
cam795_w2,23,0.0012084592145015106
cam795_w2,24,0.04773413897280967
cam795_w2,25,0.2791540785498489
cam795_w2,26,0.19154078549848944
cam795_w2,27,0.23564954682779457
cam795_w2,28,0.5969788519637462
cam795_w2,29,0.008459214501510574
cam795_w2,30,0.0006042296072507553
cam795_w2,31,0.4918429003021148
cam795_w2,32,0.0
cam795_w2,33,0.009667673716012085
cam795_w2,34,0.004229607250755287
cam795_w2,35,0.008459214501510574
cam795_w2,36,0.006646525679758308
cam795_w2,37,0.00785498489425982
cam795_w2,38,0.002416918429003021
cam795_w2,39,0.0030211480362537764
cam795_w2,40,0.004833836858006042
cam795_w2,41,0.0
cam795_w2,42,0.0
cam795_w2,43,0.008459214501510574
cam795_w2,44,0.0
cam795_w2,45,0.03746223564954683
cam795_w2,46,0.021148036253776436
cam795_w2,47,0.20362537764350452
cam795_w2,48,0.024773413897280966
cam795_w2,49,0.027794561933534745
cam795_w2,50,0.06404833836858007
cam795_w2,51,0.09607250755287008
cam795_w2,52,0.0036253776435045317
cam795_w2,53,0.0
cam795_w2,54,0.013293051359516616
cam795_w2,55,0.02054380664652568
cam795_w2,56,0.054380664652567974
cam795_w2,57,0.014501510574018127
cam795_w2,58,0.14138972809667674
cam795_w2,59,0.12507552870090635
cam795_w2,60,0.5287009063444109
cam795_w2,61,0.3740181268882175
cam795_w2,62,0.02054380664652568
cam795_w2,63,0.021148036253776436
cam795_w2,64,0.004229607250755287
cam795_w2,65,0.09909365558912386
cam795_w2,66,0.2308157099697885
cam795_w2,67,0.27492447129909364
cam795_w2,68,0.6211480362537765
cam795_w2,69,0.35891238670694864
cam795_w2,70,0.0018126888217522659
cam795_w2,71,0.01027190332326284
cam795_w2,72,0.0
cam795_w2,73,0.0030211480362537764
cam795_w2,74,0.0036253776435045317
cam795_w2,75,0.0
cam795_w2,76,0.0
cam795_w2,77,0.0
cam795_w2,78,0.0
cam795_w2,79,0.0
cam795_w2,80,0.0
cam795_w2,81,0.0
cam795_w2,82,0.0
cam795_w2,83,0.0
cam795_w2,84,0.0
cam795_w2,85,0.0
cam795_w2,86,0.0
cam795_w2,87,0.0
cam795_w2,88,0.0
cam795_w2,89,0.0
cam795_w2,90,0.0
cam795_w2,91,0.016474464579901153
cam795_w2,92,0.10790774299835255
cam795_w2,93,0.09060955518945635
cam795_w2,94,0.11779242174629324
cam795_w2,95,0.0815485996705107
cam795_w2,96,0.41515650741350907
cam795_w2,97,0.2602965403624382
cam795_w2,98,0.657331136738056
cam795_w2,99,0.6466227347611203
cam795_w2,100,0.4612850082372323
cam795_w2,101,0.5205930807248764
cam795_w2,102,0.10790774299835255
cam795_w2,103,0.0
cam795_w2,104,0.019769357495881382
cam795_w2,105,0.011532125205930808
cam795_w2,106,0.0
cam795_w2,107,0.26688632619439867
cam795_w2,108,0.014827018121911038
cam795_w2,109,0.06342668863261944
cam795_w2,110,0.06013179571663921
cam795_w2,111,0.4769357495881384
cam795_w2,112,0.5164744645799012
cam795_w2,113,0.06754530477759473
cam795_w2,114,0.5881383855024712
cam795_w2,115,0.48517298187808894
cam795_w2,116,0.7462932454695222
cam795_w2,117,0.6515650741350906
cam795_w2,118,0.0
cam795_w2,119,0.1301482701812191
cam795_w2,120,0.7553542009884678
cam795_w2,121,0.1515650741350906
cam795_w2,122,0.13179571663920922
cam795_w2,123,0.5815485996705108
cam795_w2,124,0.0032948929159802307
cam795_w2,125,0.019769357495881382
cam795_w2,126,0.16062602965403625
cam795_w2,127,0.3797364085667216
cam795_w2,128,0.0
cam795_w2,129,0.0
cam795_w2,130,0.018121911037891267
cam795_w2,131,0.0
cam795_w2,132,0.0
cam795_w2,133,0.0
cam795_w2,134,0.0032948929159802307
cam795_w2,135,0.0
cam795_w2,136,0.002471169686985173
cam795_w2,137,0.0
cam795_w2,138,0.0016474464579901153
cam795_w2,139,0.0
cam795_w2,140,0.01070840197693575
cam795_w2,141,0.0
cam795_w2,142,0.14332784184514002
cam795_w2,143,0.0214168039538715
cam795_w2,144,0.009884678747940691
cam795_w2,145,0.0
cam795_w2,146,0.0
cam795_w2,147,0.0008237232289950577
cam795_w2,148,0.0
cam795_w2,149,0.0
cam795_w2,150,0.0
cam795_w2,151,0.0
cam795_w2,152,0.0
cam795_w2,153,0.0
cam795_w2,154,0.0
cam795_w2,155,0.0
cam795_w2,156,0.0030911901081916537
cam795_w2,157,0.0
cam795_w2,158,0.0
cam795_w2,159,0.0
cam795_w2,160,0.0
cam795_w2,161,0.0
cam795_w2,162,0.0
cam795_w2,163,0.0
cam795_w2,164,0.0077279752704791345
cam795_w2,165,0.0
cam795_w2,166,0.0
cam795_w2,167,0.0
cam795_w2,168,0.0015455950540958269
cam795_w2,169,0.0015455950540958269
cam795_w2,170,0.0
cam795_w2,171,0.10432766615146831
cam795_w2,172,0.07032457496136012
cam795_w2,173,0.04791344667697063
cam795_w2,174,0.13446676970633695
cam795_w2,175,0.26120556414219476
cam795_w2,176,0.10664605873261206
cam795_w2,177,0.13523956723338484
cam795_w2,178,0.3693972179289026
cam795_w2,179,0.20401854714064915
cam795_w2,180,0.15996908809891808
cam795_w2,181,0.02936630602782071
cam795_w2,182,0.020865533230293665
cam795_w2,183,0.1321483771251932
cam795_w2,184,0.014683153013910355
cam795_w2,185,0.0077279752704791345
cam795_w2,186,0.00231839258114374
cam795_w2,187,0.02241112828438949
cam795_w2,188,0.019319938176197836
cam795_w2,189,0.05564142194744977
cam795_w2,190,0.09505409582689335
cam795_w2,191,0.13292117465224113
cam795_w2,192,0.09041731066460587
cam795_w2,193,0.04095826893353941
cam795_w2,194,0.05409582689335394
cam795_w2,195,0.15687789799072643
cam795_w2,196,0.09273570324574962
cam795_w2,197,0.03941267387944358
cam795_w2,198,0.03554868624420402
cam795_w2,199,0.06646058732612056
cam795_w2,200,0.10664605873261206
cam795_w2,201,0.0
cam795_w2,202,0.0
cam795_w2,203,0.0
cam795_w2,204,0.010046367851622875
cam795_w2,205,0.00927357032457496
cam795_w2,206,0.0
cam795_w2,207,0.01313755795981453
cam795_w2,208,0.012364760432766615
cam795_w2,209,0.03168469860896445
cam795_w2,210,0.012364760432766615
cam795_w2,211,0.010046367851622875
cam795_w2,212,0.0
cam795_w2,213,0.0
cam795_w2,214,0.0
cam795_w2,215,0.06414219474497682
cam795_w2,216,0.03632148377125193
cam795_w2,217,0.06027820710973725
cam795_w2,218,0.02241112828438949
cam795_w2,219,0.010819165378670788
cam795_w2,220,0.0030911901081916537
cam795_w2,221,0.0
cam795_w2,222,0.010819165378670788
cam795_w2,223,0.0
cam795_w2,224,0.0
cam795_w2,225,0.0
cam795_w2,226,0.0
cam795_w2,227,0.0
cam795_w2,228,0.0
cam795_w2,229,0.0
cam795_w2,230,0.0
cam795_w2,231,0.0
cam795_w2,232,0.0
cam795_w2,233,0.0
cam795_w2,234,0.0
cam795_w2,235,0.0
cam795_w2,236,0.0
cam795_w2,237,0.006189821182943604
cam795_w2,238,0.001375515818431912
cam795_w2,239,0.02888583218707015
cam795_w2,240,0.02269601100412655
cam795_w2,241,0.07702888583218707
cam795_w2,242,0.12242090784044017
cam795_w2,243,0.37207702888583216
cam795_w2,244,0.6059147180192572
cam795_w2,245,0.22627235213204952
cam795_w2,246,0.655433287482806
cam795_w2,247,0.27716643741403024
cam795_w2,248,0.7090784044016506
cam795_w2,249,0.12723521320495185
cam795_w2,250,0.24759284731774414
cam795_w2,251,0.48693259972489683
cam795_w2,252,0.2716643741403026
cam795_w2,253,0.5116918844566712
cam795_w2,254,0.007565337001375516
cam795_w2,255,0.07221458046767538
cam795_w2,256,0.24140302613480055
cam795_w2,257,0.12379642365887207
cam795_w2,258,0.018569463548830812
cam795_w2,259,0.013755158184319119
cam795_w2,260,0.018569463548830812
cam795_w2,261,0.021320495185694635
cam795_w2,262,0.013067400275103164
cam795_w2,263,0.10041265474552957
cam795_w2,264,0.25240715268225583
cam795_w2,265,0.14580467675378267
cam795_w2,266,0.09284731774415406
cam795_w2,267,0.1203576341127923
cam795_w2,268,0.171939477303989
cam795_w2,269,0.052269601100412656
cam795_w2,270,0.04883081155433287
cam795_w2,271,0.01031636863823934
cam795_w2,272,0.02063273727647868
cam795_w2,273,0.02269601100412655
cam795_w2,274,0.02200825309491059
cam795_w2,275,0.04470426409903714
cam795_w2,276,0.01581843191196699
cam795_w2,277,0.026822558459422285
cam795_w2,278,0.0
cam795_w2,279,0.0034387895460797797
cam795_w2,280,0.04264099037138927
cam795_w2,281,0.04401650618982118
cam795_w2,282,0.0171939477303989
cam795_w2,283,0.02544704264099037
cam795_w2,284,0.13892709766162312
cam795_w2,285,0.1375515818431912
cam795_w2,286,0.008940852819807428
cam795_w2,287,0.11829436038514443
cam795_w2,288,0.006189821182943604
cam795_w2,289,0.013755158184319119
cam795_w2,290,0.0343878954607978
cam795_w2,291,0.04745529573590096
cam795_w2,292,0.07977991746905089
cam795_w2,293,0.08184319119669876
cam795_w2,294,0.029573590096286108
cam795_w2,295,0.03851444291609354
cam795_w2,296,0.14305364511691884
cam795_w2,297,0.0041265474552957355
cam795_w2,298,0.03163686382393398
cam795_w2,299,0.008940852819807428
cam795_w2,300,0.0
cam795_w2,301,0.0
cam795_w2,302,0.0
cam795_w2,303,0.0
cam795_w2,304,0.0
cam795_w2,305,0.0
cam795_w2,306,0.0
cam795_w2,307,0.0021710811984368217
cam795_w2,308,0.013894919669995658
cam795_w2,309,0.0
cam795_w2,310,0.004342162396873643
cam795_w2,311,0.0034737299174989146
cam795_w2,312,0.0
cam795_w2,313,0.0
cam795_w2,314,0.0
cam795_w2,315,0.010855405992184108
cam795_w2,316,0.0
cam795_w2,317,0.04993486756404689
cam795_w2,318,0.06773773339122884
cam795_w2,319,0.052974381241858444
cam795_w2,320,0.1107251411202779
cam795_w2,321,0.06469821971341728
cam795_w2,322,0.012592270950933565
cam795_w2,323,0.08771168041684758
cam795_w2,324,0.08163265306122448
cam795_w2,325,0.2835432045158489
cam795_w2,326,0.09986973512809379
cam795_w2,327,0.14763352149370387
cam795_w2,328,0.09292227529309596
cam795_w2,329,0.011289622231871473
cam795_w2,330,0.05644811115935736
cam795_w2,331,0.014763352149370386
cam795_w2,332,0.0486322188449848
cam795_w2,333,0.011289622231871473
cam795_w2,334,0.01997394702561876
cam795_w2,335,0.23664785062961355
cam795_w2,336,0.15154146765089013
cam795_w2,337,0.059053408597481545
cam795_w2,338,0.0486322188449848
cam795_w2,339,0.1741207121146331
cam795_w2,340,0.059053408597481545
cam795_w2,341,0.06513243595310464
cam795_w2,342,0.18801563178462874
cam795_w2,343,0.24750325662179765
cam795_w2,344,0.20798957881024752
cam795_w2,345,0.2835432045158489
cam795_w2,346,0.09552757273122015
cam795_w2,347,0.15414676508901434
cam795_w2,348,0.26921406860616587
cam795_w2,349,0.16760746851932262
cam795_w2,350,0.0060790273556231
cam795_w2,351,0.014763352149370386
cam795_w2,352,0.0243161094224924
cam795_w2,353,0.23708206686930092
cam795_w2,354,0.07511940946591403
cam795_w2,355,0.06600086843247938
cam795_w2,356,0.3712548849326965
cam795_w2,357,0.12462006079027356
cam795_w2,358,0.1715154146765089
cam795_w2,359,0.33651758575770735
cam795_w2,360,0.3234910985670864
cam795_w2,361,0.2349109856708641
cam795_w2,362,0.16587060356057318
cam795_w2,363,0.02344767694311767
cam795_w2,364,0.09639600521059488
cam795_w2,365,0.052105948762483714
cam795_w2,366,0.08684324793747286
cam795_w2,367,0.23751628310898829
cam795_w2,368,0.01693443334780721
cam795_w2,369,0.08814589665653495
cam795_w2,370,0.00911854103343465
cam795_w2,371,0.06860616587060356
cam795_w2,372,0.011723838471558836
cam795_w2,373,0.04168475900998697
cam795_w2,374,0.01997394702561876
cam795_w2,375,0.009552757273122015
cam795_w3,1,0.0
cam795_w3,2,0.0
cam795_w3,3,0.113345521023766
cam795_w3,4,0.10968921389396709
cam795_w3,5,0.0
cam795_w3,6,0.0006093845216331506
cam795_w3,7,0.0
cam795_w3,8,0.0
cam795_w3,9,0.03595368677635588
cam795_w3,10,0.0
cam795_w3,11,0.0
cam795_w3,12,0.0
cam795_w3,13,0.1480804387568556
cam795_w3,14,0.3010359536867764
cam795_w3,15,0.0
cam795_w3,16,0.0
cam795_w3,17,0.0018281535648994515
cam795_w3,18,0.10176721511273613
cam795_w3,19,0.0627666057282145
cam795_w3,20,0.0
cam795_w3,21,0.04570383912248629
cam795_w3,22,0.04631322364411944
cam795_w3,23,0.538695917123705
cam795_w3,24,0.4875076173065204
cam795_w3,25,0.2961608775137112
cam795_w3,26,0.0
cam795_w3,27,0.08409506398537477
cam795_w3,28,0.04814137720901889
cam795_w3,29,0.002437538086532602
cam795_w3,30,0.06946983546617916
cam795_w3,31,0.7562461913467398
cam795_w3,32,0.03656307129798903
cam795_w3,33,0.0
cam795_w3,34,0.0
cam795_w3,35,0.0
cam795_w3,36,0.001218769043266301
cam795_w3,37,0.0
cam795_w3,38,0.0
cam795_w3,39,0.0
cam795_w3,40,0.0
cam795_w3,41,0.0
cam795_w3,42,0.0
cam795_w3,43,0.0
cam795_w3,44,0.0030469226081657527
cam795_w3,45,0.0
cam795_w3,46,0.02437538086532602
cam795_w3,47,0.006093845216331505
cam795_w3,48,0.04692260816575259
cam795_w3,49,0.018281535648994516
cam795_w3,50,0.22181596587446678
cam795_w3,51,0.2279098110907983
cam795_w3,52,0.12248628884826325
cam795_w3,53,0.5569774527726996
cam795_w3,54,0.7599024984765387
cam795_w3,55,0.7434491163924436
cam795_w3,56,0.48689823278488725
cam795_w3,57,0.11090798293723339
cam795_w3,58,0.6368068251066423
cam795_w3,59,0.01340645947592931
cam795_w3,60,0.014015843997562462
cam795_w3,61,0.015234613040828763
cam795_w3,62,0.5557586837294333
cam795_w3,63,0.31444241316270566
cam795_w3,64,0.8446069469835467
cam795_w3,65,0.018281535648994516
cam795_w3,66,0.019500304692260818
cam795_w3,67,0.28153564899451555
cam795_w3,68,0.11212675198049969
cam795_w3,69,0.04753199268738574
cam795_w3,70,0.002437538086532602
cam795_w3,71,0.0
cam795_w3,72,0.0
cam795_w3,73,0.0
cam795_w3,74,0.01157830591102986
cam795_w3,75,0.0
cam795_w3,76,0.0
cam795_w3,77,0.0
cam795_w3,78,0.0
cam795_w3,79,0.0
cam795_w3,80,0.0
cam795_w3,81,0.0
cam795_w3,82,0.0
cam795_w3,83,0.0
cam795_w3,84,0.0
cam795_w3,85,0.0
cam795_w3,86,0.0
cam795_w3,87,0.04836065573770492
cam795_w3,88,0.4860655737704918
cam795_w3,89,0.6844262295081968
cam795_w3,90,0.7106557377049181
cam795_w3,91,0.6475409836065574
cam795_w3,92,0.3598360655737705
cam795_w3,93,0.0
cam795_w3,94,0.003278688524590164
cam795_w3,95,0.3221311475409836
cam795_w3,96,0.16885245901639345
cam795_w3,97,0.4860655737704918
cam795_w3,98,0.7098360655737705
cam795_w3,99,0.6844262295081968
cam795_w3,100,0.8770491803278688
cam795_w3,101,0.5254098360655738
cam795_w3,102,0.0
cam795_w3,103,0.0
cam795_w3,104,0.0
cam795_w3,105,0.0
cam795_w3,106,0.0
cam795_w3,107,0.0
cam795_w3,108,0.04590163934426229
cam795_w3,109,0.009836065573770493
cam795_w3,110,0.4639344262295082
cam795_w3,111,0.6352459016393442
cam795_w3,112,0.29508196721311475
cam795_w3,113,0.002459016393442623
cam795_w3,114,0.6852459016393443
cam795_w3,115,0.9016393442622951
cam795_w3,116,0.031967213114754096
cam795_w3,117,0.018032786885245903
cam795_w3,118,0.0
cam795_w3,119,0.000819672131147541
cam795_w3,120,0.0
cam795_w3,121,0.001639344262295082
cam795_w3,122,0.08688524590163935
cam795_w3,123,0.0
cam795_w3,124,0.2778688524590164
cam795_w3,125,0.2942622950819672
cam795_w3,126,0.000819672131147541
cam795_w3,127,0.0
cam795_w3,128,0.03278688524590164
cam795_w3,129,0.0
cam795_w3,130,0.0
cam795_w3,131,0.0
cam795_w3,132,0.0
cam795_w3,133,0.0
cam795_w3,134,0.0
cam795_w3,135,0.02459016393442623
cam795_w3,136,0.0
cam795_w3,137,0.0
cam795_w3,138,0.0
cam795_w3,139,0.0
cam795_w3,140,0.0
cam795_w3,141,0.0
cam795_w3,142,0.027868852459016394
cam795_w3,143,0.06557377049180328
cam795_w3,144,0.002459016393442623
cam795_w3,145,0.006557377049180328
cam795_w3,146,0.02622950819672131
cam795_w3,147,0.0
cam795_w3,148,0.0
cam795_w3,149,0.0
cam795_w3,150,0.0
cam795_w3,151,0.0
cam795_w3,152,0.0
cam795_w3,153,0.0
cam795_w3,154,0.0
cam795_w3,155,0.0
cam795_w3,156,0.0
cam795_w3,157,0.0
cam795_w3,158,0.0
cam795_w3,159,0.0
cam795_w3,160,0.003946329913180742
cam795_w3,161,0.008681925808997633
cam795_w3,162,0.0
cam795_w3,163,0.003946329913180742
cam795_w3,164,0.012628255722178374
cam795_w3,165,0.23362273086029992
cam795_w3,166,0.5564325177584846
cam795_w3,167,0.23599052880820837
cam795_w3,168,0.2494080505130229
cam795_w3,169,0.34490923441199683
cam795_w3,170,0.0
cam795_w3,171,0.23283346487766376
cam795_w3,172,0.4293606945540647
cam795_w3,173,0.9605367008681925
cam795_w3,174,0.8524072612470402
cam795_w3,175,0.8255722178374112
cam795_w3,176,0.8089976322020521
cam795_w3,177,0.8531965272296764
cam795_w3,178,0.9163378058405682
cam795_w3,179,0.43646408839779005
cam795_w3,180,0.0244672454617206
cam795_w3,181,0.03393843725335438
cam795_w3,182,0.007103393843725336
cam795_w3,183,0.06708760852407261
cam795_w3,184,0.01499605367008682
cam795_w3,185,0.04577742699289661
cam795_w3,186,0.017363851617995266
cam795_w3,187,0.012628255722178374
cam795_w3,188,0.017363851617995266
cam795_w3,189,0.010260457774269928
cam795_w3,190,0.03393843725335438
cam795_w3,191,0.11049723756906077
cam795_w3,192,0.049723756906077346
cam795_w3,193,0.1894238358326756
cam795_w3,194,0.2296764009471192
cam795_w3,195,0.07813733228097869
cam795_w3,196,0.3322809786898185
cam795_w3,197,0.505130228887135
cam795_w3,198,0.027624309392265192
cam795_w3,199,0.6606156274664562
cam795_w3,200,0.36148382004735596
cam795_w3,201,0.06077348066298342
cam795_w3,202,0.0244672454617206
cam795_w3,203,0.042620363062352014
cam795_w3,204,0.007103393843725336
cam795_w3,205,0.05998421468034728
cam795_w3,206,0.011049723756906077
cam795_w3,207,0.003946329913180742
cam795_w3,208,0.0015785319652722968
cam795_w3,209,0.030781373322809787
cam795_w3,210,0.018942383583267563
cam795_w3,211,0.017363851617995266
cam795_w3,212,0.007892659826361484
cam795_w3,213,0.0023677979479084454
cam795_w3,214,0.004735595895816891
cam795_w3,215,0.014206787687450671
cam795_w3,216,0.009471191791633781
cam795_w3,217,0.016574585635359115
cam795_w3,218,0.25887924230465664
cam795_w3,219,0.03314917127071823
cam795_w3,220,0.007892659826361484
cam795_w3,221,0.03314917127071823
cam795_w3,222,0.0
cam795_w3,223,0.0
cam795_w3,224,0.0
cam795_w3,225,0.0
cam795_w3,226,0.0
cam795_w3,227,0.0
cam795_w3,228,0.0
cam795_w3,229,0.004427577482605946
cam795_w3,230,0.0
cam795_w3,231,0.0
cam795_w3,232,0.0
cam795_w3,233,0.003795066413662239
cam795_w3,234,0.0
cam795_w3,235,0.008855154965211892
cam795_w3,236,0.0196078431372549
cam795_w3,237,0.02403542061986085
cam795_w3,238,0.0056925996204933585
cam795_w3,239,0.010752688172043012
cam795_w3,240,0.018975332068311195
cam795_w3,241,0.2612270714737508
cam795_w3,242,0.2713472485768501
cam795_w3,243,0.055660974067046176
cam795_w3,244,0.1265022137887413
cam795_w3,245,0.3523086654016445
cam795_w3,246,0.006957621758380772
cam795_w3,247,0.01265022137887413
cam795_w3,248,0.16382036685641999
cam795_w3,249,0.33206831119544594
cam795_w3,250,0.25616698292220114
cam795_w3,251,0.01454775458570525
cam795_w3,252,0.002530044275774826
cam795_w3,253,0.0
cam795_w3,254,0.010120177103099304
cam795_w3,255,0.029728020240354206
cam795_w3,256,0.11511701454775458
cam795_w3,257,0.16761543327008221
cam795_w3,258,0.5983554712207464
cam795_w3,259,0.5180265654648957
cam795_w3,260,0.17963314358001264
cam795_w3,261,0.001265022137887413
cam795_w3,262,0.0031625553447185324
cam795_w3,263,0.013282732447817837
cam795_w3,264,0.004427577482605946
cam795_w3,265,0.13978494623655913
cam795_w3,266,0.02340290955091714
cam795_w3,267,0.006325110689437065
cam795_w3,268,0.0
cam795_w3,269,0.0006325110689437065
cam795_w3,270,0.002530044275774826
cam795_w3,271,0.0
cam795_w3,272,0.012017710309930424
cam795_w3,273,0.006957621758380772
cam795_w3,274,0.031625553447185324
cam795_w3,275,0.048703352308665404
cam795_w3,276,0.04490828589500316
cam795_w3,277,0.018975332068311195
cam795_w3,278,0.03542061986084757
cam795_w3,279,0.015180265654648957
cam795_w3,280,0.013282732447817837
cam795_w3,281,0.17077798861480076
cam795_w3,282,0.25806451612903225
cam795_w3,283,0.3225806451612903
cam795_w3,284,0.03478810879190386
cam795_w3,285,0.006325110689437065
cam795_w3,286,0.013915243516761544
cam795_w3,287,0.051233396584440226
cam795_w3,288,0.02530044275774826
cam795_w3,289,0.0
cam795_w3,290,0.1062618595825427
cam795_w3,291,0.0018975332068311196
cam795_w3,292,0.19101834282099936
cam795_w3,293,0.05755850727387729
cam795_w3,294,0.018975332068311195
cam795_w3,295,0.0967741935483871
cam795_w3,296,0.0
cam795_w3,297,0.003795066413662239
cam795_w3,298,0.0
cam795_w3,299,0.0
cam795_w3,300,0.0
cam795_w3,301,0.0
cam795_w3,302,0.0
cam795_w3,303,0.0
cam795_w3,304,0.0
cam795_w3,305,0.0
cam795_w3,306,0.030829353017802867
cam795_w3,307,0.0
cam795_w3,308,0.0
cam795_w3,309,0.0
cam795_w3,310,0.015197568389057751
cam795_w3,311,0.0
cam795_w3,312,0.00911854103343465
cam795_w3,313,0.0004342162396873643
cam795_w3,314,0.0039079461571862786
cam795_w3,315,0.014763352149370386
cam795_w3,316,0.03300043421623969
cam795_w3,317,0.1398176291793313
cam795_w3,318,0.013026487190620929
cam795_w3,319,0.08293530178028659
cam795_w3,320,0.06600086843247938
cam795_w3,321,0.30959617889709073
cam795_w3,322,0.0
cam795_w3,323,0.2640034737299175
cam795_w3,324,0.06643508467216674
cam795_w3,325,0.005210594876248371
cam795_w3,326,0.23447676943117673
cam795_w3,327,0.004342162396873643
cam795_w3,328,0.060790273556231005
cam795_w3,329,0.17238384715588362
cam795_w3,330,0.06904038211029093
cam795_w3,331,0.17108119843682154
cam795_w3,332,0.13460703430308293
cam795_w3,333,0.049066435084672164
cam795_w3,334,0.0004342162396873643
cam795_w3,335,0.03603994789405124
cam795_w3,336,0.03560573165436387
cam795_w3,337,0.014763352149370386
cam795_w3,338,0.17194963091619628
cam795_w3,339,0.03343465045592705
cam795_w3,340,0.0
cam795_w3,341,0.056013894919669995
cam795_w3,342,0.14546244029526703
cam795_w3,343,0.008250108554059922
cam795_w3,344,0.026921406860616587
cam795_w3,345,0.010421189752496743
cam795_w3,346,0.02040816326530612
cam795_w3,347,0.007815892314372557
cam795_w3,348,0.10160660008684325
cam795_w3,349,0.0
cam795_w3,350,0.04211897524967434
cam795_w3,351,0.26183239253148066
cam795_w3,352,0.021710811984368215
cam795_w3,353,0.08858011289622232
cam795_w3,354,0.04689535388623534
cam795_w3,355,0.09509335649153278
cam795_w3,356,0.3925314806773773
cam795_w3,357,0.15718627876682587
cam795_w3,358,0.33651758575770735
cam795_w3,359,0.018671298306556665
cam795_w3,360,0.5597047329570126
cam795_w3,361,0.0
cam795_w3,362,0.028658271819366043
cam795_w3,363,0.02518454190186713
cam795_w3,364,0.0985670864090317
cam795_w3,365,0.026921406860616587
cam795_w3,366,0.004342162396873643
cam795_w3,367,0.009552757273122015
cam795_w3,368,0.1471993052540165
cam795_w3,369,0.12331741207121147
cam795_w3,370,0.21797655232305688
cam795_w3,371,0.056013894919669995
cam795_w3,372,0.3586626139817629
cam795_w3,373,0.17716022579244464
cam795_w3,374,0.11506730351715154
cam795_w3,375,0.07598784194528875
cam796_w1,1,0.030222693531283137
cam796_w1,2,0.0
cam796_w1,3,0.0
cam796_w1,4,0.03711558854718982
cam796_w1,5,0.0
cam796_w1,6,0.0
cam796_w1,7,0.0
cam796_w1,8,0.0
cam796_w1,9,0.0408271474019088
cam796_w1,10,0.0
cam796_w1,11,0.0
cam796_w1,12,0.0
cam796_w1,13,0.10922587486744433
cam796_w1,14,0.018027571580063628
cam796_w1,15,0.13891834570519618
cam796_w1,16,0.09437963944856839
cam796_w1,17,0.18716861081654296
cam796_w1,18,0.0
cam796_w1,19,0.0
cam796_w1,20,0.0
cam796_w1,21,0.0
cam796_w1,22,0.0
cam796_w1,23,0.0
cam796_w1,24,0.010604453870625663
cam796_w1,25,0.028101802757158005
cam796_w1,26,0.0005302226935312832
cam796_w1,27,0.0
cam796_w1,28,0.002651113467656416
cam796_w1,29,0.017497348886532343
cam796_w1,30,0.016967126193001062
cam796_w1,31,0.12937433722163308
cam796_w1,32,0.12142099681866383
cam796_w1,33,0.2104984093319194
cam796_w1,34,0.08536585365853659
cam796_w1,35,0.03711558854718982
cam796_w1,36,0.0
cam796_w1,37,0.009013785790031814
cam796_w1,38,0.5079533404029692
cam796_w1,39,0.12513255567338283
cam796_w1,40,0.7598091198303287
cam796_w1,41,0.36585365853658536
cam796_w1,42,0.20413573700954402
cam796_w1,43,0.37009544008483564
cam796_w1,44,0.2741251325556734
cam796_w1,45,0.5344644750795334
cam796_w1,46,0.02545068928950159
cam796_w1,47,0.030752916224814422
cam796_w1,48,0.013785790031813362
cam796_w1,49,0.05726405090137858
cam796_w1,50,0.28472958642629903
cam796_w1,51,0.12990455991516436
cam796_w1,52,0.0
cam796_w1,53,0.0005302226935312832
cam796_w1,54,0.0
cam796_w1,55,0.02014846235418876
cam796_w1,56,0.10498409331919406
cam796_w1,57,0.18292682926829268
cam796_w1,58,0.24602332979851538
cam796_w1,59,0.1765641569459173
cam796_w1,60,0.01166489925768823
cam796_w1,61,0.5365853658536586
cam796_w1,62,0.3743372216330859
cam796_w1,63,0.45970307529162246
cam796_w1,64,0.2916224814422057
cam796_w1,65,0.03234358430540827
cam796_w1,66,0.3154825026511135
cam796_w1,67,0.0010604453870625664
cam796_w1,68,0.008483563096500531
cam796_w1,69,0.005832449628844115
cam796_w1,70,0.012725344644750796
cam796_w1,71,0.0
cam796_w1,72,0.006362672322375398
cam796_w1,73,0.0
cam796_w1,74,0.0
cam796_w1,75,0.0
cam796_w1,76,0.0
cam796_w1,77,0.0
cam796_w1,78,0.0
cam796_w1,79,0.0
cam796_w1,80,0.0
cam796_w1,81,0.0
cam796_w1,82,0.0
cam796_w1,83,0.0
cam796_w1,84,0.0
cam796_w1,85,0.0
cam796_w1,86,0.0
cam796_w1,87,0.0
cam796_w1,88,0.0
cam796_w1,89,0.0
cam796_w1,90,0.06967840735068913
cam796_w1,91,0.11026033690658499
cam796_w1,92,0.0030627871362940277
cam796_w1,93,0.0
cam796_w1,94,0.26952526799387444
cam796_w1,95,0.6569678407350689
cam796_w1,96,0.33996937212863704
cam796_w1,97,0.07963246554364471
cam796_w1,98,0.29555895865237364
cam796_w1,99,0.06967840735068913
cam796_w1,100,0.0
cam796_w1,101,0.02450229709035222
cam796_w1,102,0.22970903522205208
cam796_w1,103,0.6753445635528331
cam796_w1,104,0.2006125574272588
cam796_w1,105,0.6393568147013783
cam796_w1,106,0.6715160796324655
cam796_w1,107,0.3346094946401225
cam796_w1,108,0.9073506891271057
cam796_w1,109,0.26339969372128635
cam796_w1,110,0.6248085758039816
cam796_w1,111,0.37978560490045943
cam796_w1,112,0.23506891271056662
cam796_w1,113,0.3430321592649311
cam796_w1,114,0.8062787136294027
cam796_w1,115,0.6707503828483921
cam796_w1,116,0.016079632465543645
cam796_w1,117,0.05972434915773354
cam796_w1,118,0.3437978560490046
cam796_w1,119,0.31852986217457885
cam796_w1,120,0.3009188361408882
cam796_w1,121,0.5099540581929556
cam796_w1,122,0.12021439509954059
cam796_w1,123,0.9272588055130169
cam796_w1,124,0.6316998468606432
cam796_w1,125,0.0
cam796_w1,126,0.026033690658499236
cam796_w1,127,0.0015313935681470138
cam796_w1,128,0.0222052067381317
cam796_w1,129,0.2120980091883614
cam796_w1,130,0.05742725880551302
cam796_w1,131,0.0
cam796_w1,132,0.015313935681470138
cam796_w1,133,0.0
cam796_w1,134,0.0
cam796_w1,135,0.0
cam796_w1,136,0.0
cam796_w1,137,0.0
cam796_w1,138,0.0
cam796_w1,139,0.002297090352220521
cam796_w1,140,0.0
cam796_w1,141,0.0015313935681470138
cam796_w1,142,0.03139356814701378
cam796_w1,143,0.022970903522205207
cam796_w1,144,0.005359877488514548
cam796_w1,145,0.0
cam796_w1,146,0.0
cam796_w1,147,0.0
cam796_w1,148,0.0
cam796_w1,149,0.0
cam796_w1,150,0.0
cam796_w1,151,0.0
cam796_w1,152,0.0
cam796_w1,153,0.0
cam796_w1,154,0.0
cam796_w1,155,0.0
cam796_w1,156,0.0
cam796_w1,157,0.0
cam796_w1,158,0.0
cam796_w1,159,0.0
cam796_w1,160,0.0
cam796_w1,161,0.0
cam796_w1,162,0.0
cam796_w1,163,0.0
cam796_w1,164,0.0
cam796_w1,165,0.0
cam796_w1,166,0.0
cam796_w1,167,0.01448225923244026
cam796_w1,168,0.0
cam796_w1,169,0.0
cam796_w1,170,0.0
cam796_w1,171,0.0
cam796_w1,172,0.024619840695148443
cam796_w1,173,0.07965242577842144
cam796_w1,174,0.11803041274438812
cam796_w1,175,0.38377986965966693
cam796_w1,176,0.03837798696596669
cam796_w1,177,0.14771904417089066
cam796_w1,178,0.5054308472121651
cam796_w1,179,0.6393917451122375
cam796_w1,180,0.2280955829109341
cam796_w1,181,0.22447501810282405
cam796_w1,182,0.13106444605358436
cam796_w1,183,0.004344677769732078
cam796_w1,184,0.0
cam796_w1,185,0.002172338884866039
cam796_w1,186,0.0
cam796_w1,187,0.002172338884866039
cam796_w1,188,0.013034033309196235
cam796_w1,189,0.024619840695148443
cam796_w1,190,0.023171614771904415
cam796_w1,191,0.09847936278059377
cam796_w1,192,0.025343953656770456
cam796_w1,193,0.01882693700217234
cam796_w1,194,0.0065170166545981175
cam796_w1,195,0.005792903692976104
cam796_w1,196,0.002896451846488052
cam796_w1,197,0.018102824040550327
cam796_w1,198,0.1173062997827661
cam796_w1,199,0.03041274438812455
cam796_w1,200,0.0
cam796_w1,201,0.09558291093410572
cam796_w1,202,0.2498189717595945
cam796_w1,203,0.12961622013034033
cam796_w1,204,0.015206372194062274
cam796_w1,205,0.00941346850108617
cam796_w1,206,0.0
cam796_w1,207,0.007965242577842143
cam796_w1,208,0.02389572773352643
cam796_w1,209,0.013034033309196235
cam796_w1,210,0.013758146270818247
cam796_w1,211,0.01882693700217234
cam796_w1,212,0.09558291093410572
cam796_w1,213,0.10644460535843592
cam796_w1,214,0.008689355539464157
cam796_w1,215,0.020275162925416364
cam796_w1,216,0.013034033309196235
cam796_w1,217,0.04055032585083273
cam796_w1,218,0.036929761042722664
cam796_w1,219,0.06444605358435916
cam796_w1,220,0.0
cam796_w1,221,0.0
cam796_w1,222,0.007965242577842143
cam796_w1,223,0.0
cam796_w1,224,0.0
cam796_w1,225,0.0
cam796_w1,226,0.0
cam796_w1,227,0.0
cam796_w1,228,0.0
cam796_w1,229,0.0
cam796_w1,230,0.0
cam796_w1,231,0.05975609756097561
cam796_w1,232,0.0
cam796_w1,233,0.0
cam796_w1,234,0.0
cam796_w1,235,0.00853658536585366
cam796_w1,236,0.0
cam796_w1,237,0.0012195121951219512
cam796_w1,238,0.08658536585365853
cam796_w1,239,0.018902439024390243
cam796_w1,240,0.01402439024390244
cam796_w1,241,0.1445121951219512
cam796_w1,242,0.10304878048780487
cam796_w1,243,0.14939024390243902
cam796_w1,244,0.010365853658536586
cam796_w1,245,0.10365853658536585
cam796_w1,246,0.05365853658536585
cam796_w1,247,0.17256097560975608
cam796_w1,248,0.12682926829268293
cam796_w1,249,0.16829268292682928
cam796_w1,250,0.524390243902439
cam796_w1,251,0.08536585365853659
cam796_w1,252,0.22926829268292684
cam796_w1,253,0.6390243902439025
cam796_w1,254,0.651219512195122
cam796_w1,255,0.025
cam796_w1,256,0.09451219512195122
cam796_w1,257,0.03170731707317073
cam796_w1,258,0.016463414634146342
cam796_w1,259,0.18841463414634146
cam796_w1,260,0.1048780487804878
cam796_w1,261,0.03536585365853658
cam796_w1,262,0.14268292682926828
cam796_w1,263,0.03536585365853658
cam796_w1,264,0.15121951219512195
cam796_w1,265,0.03170731707317073
cam796_w1,266,0.13475609756097562
cam796_w1,267,0.44878048780487806
cam796_w1,268,0.2865853658536585
cam796_w1,269,0.08475609756097562
cam796_w1,270,0.04939024390243903
cam796_w1,271,0.00853658536585366
cam796_w1,272,0.031097560975609756
cam796_w1,273,0.01768292682926829
cam796_w1,274,0.0
cam796_w1,275,0.08963414634146341
cam796_w1,276,0.1402439024390244
cam796_w1,277,0.0
cam796_w1,278,0.007926829268292683
cam796_w1,279,0.04573170731707317
cam796_w1,280,0.04573170731707317
cam796_w1,281,0.09634146341463415
cam796_w1,282,0.2682926829268293
cam796_w1,283,0.2914634146341463
cam796_w1,284,0.054878048780487805
cam796_w1,285,0.03048780487804878
cam796_w1,286,0.010365853658536586
cam796_w1,287,0.023170731707317073
cam796_w1,288,0.009146341463414634
cam796_w1,289,0.04573170731707317
cam796_w1,290,0.04939024390243903
cam796_w1,291,0.09939024390243903
cam796_w1,292,0.11890243902439024
cam796_w1,293,0.06402439024390244
cam796_w1,294,0.0
cam796_w1,295,0.02378048780487805
cam796_w1,296,0.0
cam796_w1,297,0.0024390243902439024
cam796_w1,298,0.0
cam796_w1,299,0.018902439024390243
cam796_w1,300,0.0
cam796_w1,301,0.0
cam796_w1,302,0.0
cam796_w1,303,0.0004570383912248629
cam796_w1,304,0.0
cam796_w1,305,0.0
cam796_w1,306,0.0
cam796_w1,307,0.0
cam796_w1,308,0.0
cam796_w1,309,0.0
cam796_w1,310,0.0
cam796_w1,311,0.0
cam796_w1,312,0.009140767824497258
cam796_w1,313,0.009597806215722121
cam796_w1,314,0.007312614259597806
cam796_w1,315,0.005027422303473492
cam796_w1,316,0.051645338208409504
cam796_w1,317,0.02330895795246801
cam796_w1,318,0.03153564899451554
cam796_w1,319,0.08089579524680073
cam796_w1,320,0.13619744058500913
cam796_w1,321,0.06764168190127971
cam796_w1,322,0.015996343692870202
cam796_w1,323,0.0603290676416819
cam796_w1,324,0.07769652650822668
cam796_w1,325,0.044789762340036565
cam796_w1,326,0.050274223034734916
cam796_w1,327,0.06946983546617916
cam796_w1,328,0.12842778793418647
cam796_w1,329,0.17915904936014626
cam796_w1,330,0.19378427787934185
cam796_w1,331,0.04890310786106033
cam796_w1,332,0.0370201096892139
cam796_w1,333,0.136654478976234
cam796_w1,334,0.11425959780621572
cam796_w1,335,0.170018281535649
cam796_w1,336,0.20978062157221206
cam796_w1,337,0.2806215722120658
cam796_w1,338,0.11928702010968921
cam796_w1,339,0.031992687385740404
cam796_w1,340,0.07358318098720293
cam796_w1,341,0.04661791590493602
cam796_w1,342,0.28473491773308957
cam796_w1,343,0.12477148080438757
cam796_w1,344,0.048446069469835464
cam796_w1,345,0.012340036563071298
cam796_w1,346,0.18281535648994515
cam796_w1,347,0.23537477148080438
cam796_w1,348,0.022851919561243144
cam796_w1,349,0.16270566727605118
cam796_w1,350,0.12248628884826325
cam796_w1,351,0.2819926873857404
cam796_w1,352,0.22074954296160879
cam796_w1,353,0.12705667276051189
cam796_w1,354,0.15493601462522852
cam796_w1,355,0.05850091407678245
cam796_w1,356,0.41910420475319926
cam796_w1,357,0.048446069469835464
cam796_w1,358,0.09917733089579525
cam796_w1,359,0.41819012797074956
cam796_w1,360,0.12431444241316271
cam796_w1,361,0.5589579524680073
cam796_w1,362,0.1256855575868373
cam796_w1,363,0.1896709323583181
cam796_w1,364,0.024680073126142597
cam796_w1,365,0.12340036563071298
cam796_w1,366,0.5575868372943327
cam796_w1,367,0.5511882998171846
cam796_w1,368,0.031078610603290677
cam796_w1,369,0.04890310786106033
cam796_w1,370,0.28153564899451555
cam796_w1,371,0.06444241316270567
cam796_w1,372,0.011882998171846435
cam796_w1,373,0.031078610603290677
cam796_w1,374,0.018281535648994516
cam796_w1,375,0.0013711151736745886
cam796_w2,1,0.0
cam796_w2,2,0.0
cam796_w2,3,0.0
cam796_w2,4,0.12220843672456576
cam796_w2,5,0.043424317617866005
cam796_w2,6,0.008064516129032258
cam796_w2,7,0.0037220843672456576
cam796_w2,8,0.13337468982630274
cam796_w2,9,0.19292803970223324
cam796_w2,10,0.08064516129032258
cam796_w2,11,0.013027295285359801
cam796_w2,12,0.06885856079404466
cam796_w2,13,0.0
cam796_w2,14,0.0
cam796_w2,15,0.021712158808933003
cam796_w2,16,0.04404466501240695
cam796_w2,17,0.34305210918114143
cam796_w2,18,0.630272952853598
cam796_w2,19,0.3411910669975186
cam796_w2,20,0.1011166253101737
cam796_w2,21,0.7679900744416873
cam796_w2,22,0.2655086848635236
cam796_w2,23,0.015508684863523574
cam796_w2,24,0.003101736972704715
cam796_w2,25,0.0
cam796_w2,26,0.011786600496277916
cam796_w2,27,0.008064516129032258
cam796_w2,28,0.006823821339950372
cam796_w2,29,0.7102977667493796
cam796_w2,30,0.022332506203473945
cam796_w2,31,0.0
cam796_w2,32,0.14826302729528537
cam796_w2,33,0.005583126550868486
cam796_w2,34,0.03287841191066997
cam796_w2,35,0.0006203473945409429
cam796_w2,36,0.0
cam796_w2,37,0.02357320099255583
cam796_w2,38,0.293424317617866
cam796_w2,39,0.12903225806451613
cam796_w2,40,0.4640198511166253
cam796_w2,41,0.5700992555831266
cam796_w2,42,0.034119106699751864
cam796_w2,43,0.06017369727047146
cam796_w2,44,0.011786600496277916
cam796_w2,45,0.019230769230769232
cam796_w2,46,0.009305210918114143
cam796_w2,47,0.047766749379652605
cam796_w2,48,0.01240694789081886
cam796_w2,49,0.11600496277915633
cam796_w2,50,0.04032258064516129
cam796_w2,51,0.0
cam796_w2,52,0.1488833746898263
cam796_w2,53,0.13213399503722084
cam796_w2,54,0.03287841191066997
cam796_w2,55,0.06947890818858561
cam796_w2,56,0.0024813895781637717
cam796_w2,57,0.05272952853598015
cam796_w2,58,0.0
cam796_w2,59,0.0967741935483871
cam796_w2,60,0.019851116625310174
cam796_w2,61,0.047766749379652605
cam796_w2,62,0.11724565756823821
cam796_w2,63,0.02357320099255583
cam796_w2,64,0.0024813895781637717
cam796_w2,65,0.07133995037220843
cam796_w2,66,0.04218362282878412
cam796_w2,67,0.03287841191066997
cam796_w2,68,0.29590570719602977
cam796_w2,69,0.2990074441687345
cam796_w2,70,0.24751861042183623
cam796_w2,71,0.033498759305210915
cam796_w2,72,0.0
cam796_w2,73,0.0
cam796_w2,74,0.0
cam796_w2,75,0.0
cam796_w2,76,0.0
cam796_w2,77,0.0
cam796_w2,78,0.0
cam796_w2,79,0.0
cam796_w2,80,0.0
cam796_w2,81,0.0
cam796_w2,82,0.0
cam796_w2,83,0.0
cam796_w2,84,0.04987735077677841
cam796_w2,85,0.008176614881439084
cam796_w2,86,0.0
cam796_w2,87,0.007358953393295176
cam796_w2,88,0.11120196238757155
cam796_w2,89,0.04251839738348324
cam796_w2,90,0.004088307440719542
cam796_w2,91,0.0
cam796_w2,92,0.04088307440719542
cam796_w2,93,0.050695012264922325
cam796_w2,94,0.107113654946852
cam796_w2,95,0.2722812755519215
cam796_w2,96,0.5764513491414555
cam796_w2,97,0.32297628781684384
cam796_w2,98,0.38430089942763695
cam796_w2,99,0.6377759607522485
cam796_w2,100,0.5519215044971382
cam796_w2,101,0.47506132461161077
cam796_w2,102,0.4627964022894522
cam796_w2,103,0.43172526573998365
cam796_w2,104,0.8242027800490597
cam796_w2,105,0.4129190515126738
cam796_w2,106,0.8094848732624693
cam796_w2,107,0.848732624693377
cam796_w2,108,0.820932134096484
cam796_w2,109,0.30662305805396567
cam796_w2,110,0.8503679476696647
cam796_w2,111,0.6573998364677024
cam796_w2,112,0.5200327064595257
cam796_w2,113,0.41618969746524936
cam796_w2,114,0.9141455437448897
cam796_w2,115,0.2992641046606705
cam796_w2,116,0.053147996729354045
cam796_w2,117,0.07604251839738348
cam796_w2,118,0.07931316434995912
cam796_w2,119,0.0
cam796_w2,120,0.0024529844644317253
cam796_w2,121,0.0
cam796_w2,122,0.017170891251022075
cam796_w2,123,0.07031888798037612
cam796_w2,124,0.08830744071954211
cam796_w2,125,0.025347506132461162
cam796_w2,126,0.47914963205233035
cam796_w2,127,0.44071954210956665
cam796_w2,128,0.0
cam796_w2,129,0.0
cam796_w2,130,0.42354865085854454
cam796_w2,131,0.107113654946852
cam796_w2,132,0.008176614881439084
cam796_w2,133,0.0024529844644317253
cam796_w2,134,0.0008176614881439084
cam796_w2,135,0.0
cam796_w2,136,0.0
cam796_w2,137,0.0
cam796_w2,138,0.0
cam796_w2,139,0.0
cam796_w2,140,0.0
cam796_w2,141,0.011447260834014717
cam796_w2,142,0.03188879803761243
cam796_w2,143,0.017988552739165987
cam796_w2,144,0.008994276369582993
cam796_w2,145,0.001635322976287817
cam796_w2,146,0.0
cam796_w2,147,0.0
cam796_w2,148,0.0
cam796_w2,149,0.0
cam796_w2,150,0.0
cam796_w2,151,0.0
cam796_w2,152,0.0
cam796_w2,153,0.0
cam796_w2,154,0.0
cam796_w2,155,0.0
cam796_w2,156,0.0
cam796_w2,157,0.0
cam796_w2,158,0.0
cam796_w2,159,0.0
cam796_w2,160,0.0
cam796_w2,161,0.0
cam796_w2,162,0.0
cam796_w2,163,0.0015625
cam796_w2,164,0.0
cam796_w2,165,0.0
cam796_w2,166,0.0
cam796_w2,167,0.00625
cam796_w2,168,0.0171875
cam796_w2,169,0.1046875
cam796_w2,170,0.08125
cam796_w2,171,0.26953125
cam796_w2,172,0.11640625
cam796_w2,173,0.6828125
cam796_w2,174,0.39375
cam796_w2,175,0.4359375
cam796_w2,176,0.746875
cam796_w2,177,0.721875
cam796_w2,178,0.05546875
cam796_w2,179,0.0078125
cam796_w2,180,0.00078125
cam796_w2,181,0.0
cam796_w2,182,0.04296875
cam796_w2,183,0.065625
cam796_w2,184,0.37265625
cam796_w2,185,0.7921875
cam796_w2,186,0.92578125
cam796_w2,187,0.553125
cam796_w2,188,0.31328125
cam796_w2,189,0.0
cam796_w2,190,0.0703125
cam796_w2,191,0.01953125
cam796_w2,192,0.13828125
cam796_w2,193,0.00703125
cam796_w2,194,0.0484375
cam796_w2,195,0.01171875
cam796_w2,196,0.33203125
cam796_w2,197,0.11796875
cam796_w2,198,0.03984375
cam796_w2,199,0.0046875
cam796_w2,200,0.02265625
cam796_w2,201,0.05078125
cam796_w2,202,0.078125
cam796_w2,203,0.02421875
cam796_w2,204,0.0015625
cam796_w2,205,0.0
cam796_w2,206,0.0203125
cam796_w2,207,0.015625
cam796_w2,208,0.0
cam796_w2,209,0.0
cam796_w2,210,0.0
cam796_w2,211,0.00078125
cam796_w2,212,0.0
cam796_w2,213,0.00859375
cam796_w2,214,0.0
cam796_w2,215,0.0078125
cam796_w2,216,0.003125
cam796_w2,217,0.06328125
cam796_w2,218,0.06796875
cam796_w2,219,0.0109375
cam796_w2,220,0.04296875
cam796_w2,221,0.00078125
cam796_w2,222,0.00625
cam796_w2,223,0.0078125
cam796_w2,224,0.00546875
cam796_w2,225,0.0
cam796_w2,226,0.0
cam796_w2,227,0.0
cam796_w2,228,0.0
cam796_w2,229,0.0
cam796_w2,230,0.002004008016032064
cam796_w2,231,0.0
cam796_w2,232,0.0
cam796_w2,233,0.007348029392117568
cam796_w2,234,0.0
cam796_w2,235,0.0
cam796_w2,236,0.0
cam796_w2,237,0.0
cam796_w2,238,0.0013360053440213762
cam796_w2,239,0.0
cam796_w2,240,0.008684034736138945
cam796_w2,241,0.0
cam796_w2,242,0.04342017368069472
cam796_w2,243,0.049432197728790914
cam796_w2,244,0.02738810955243821
cam796_w2,245,0.2124248496993988
cam796_w2,246,0.05143620574482298
cam796_w2,247,0.29124916499666
cam796_w2,248,0.11623246492985972
cam796_w2,249,0.28390113560454244
cam796_w2,250,0.09084836339345358
cam796_w2,251,0.4395457581830327
cam796_w2,252,0.07949231796927188
cam796_w2,253,0.004676018704074816
cam796_w2,254,0.028056112224448898
cam796_w2,255,0.028724114896459586
cam796_w2,256,0.026052104208416832
cam796_w2,257,0.0013360053440213762
cam796_w2,258,0.006012024048096192
cam796_w2,259,0.01068804275217101
cam796_w2,260,0.053440213760855046
cam796_w2,261,0.012692050768203072
cam796_w2,262,0.01068804275217101
cam796_w2,263,0.06613226452905811
cam796_w2,264,0.09352037408149633
cam796_w2,265,0.004676018704074816
cam796_w2,266,0.04275217100868404
cam796_w2,267,0.17768871075484302
cam796_w2,268,0.038744154976619906
cam796_w2,269,0.4028056112224449
cam796_w2,270,0.07682030728122913
cam796_w2,271,0.17568470273881096
cam796_w2,272,0.11489645958583834
cam796_w2,273,0.0
cam796_w2,274,0.04542418169672679
cam796_w2,275,0.0841683366733467
cam796_w2,276,0.21442885771543085
cam796_w2,277,0.002004008016032064
cam796_w2,278,0.0013360053440213762
cam796_w2,279,0.07481629926519706
cam796_w2,280,0.04342017368069472
cam796_w2,281,0.06880427521710086
cam796_w2,282,0.053440213760855046
cam796_w2,283,0.08350033400133601
cam796_w2,284,0.041416165664662656
cam796_w2,285,0.008684034736138945
cam796_w2,286,0.06279225116900468
cam796_w2,287,0.008016032064128256
cam796_w2,288,0.006680026720106881
cam796_w2,289,0.02404809619238477
cam796_w2,290,0.02137608550434202
cam796_w2,291,0.0013360053440213762
cam796_w2,292,0.0614562458249833
cam796_w2,293,0.12024048096192384
cam796_w2,294,0.06546426185704743
cam796_w2,295,0.035404141616566465
cam796_w2,296,0.009352037408149633
cam796_w2,297,0.0
cam796_w2,298,0.0026720106880427524
cam796_w2,299,0.0
cam796_w2,300,0.0
cam796_w2,301,0.0
cam796_w2,302,0.0
cam796_w2,303,0.0
cam796_w2,304,0.0008684324793747286
cam796_w2,305,0.004776378636561007
cam796_w2,306,0.03560573165436387
cam796_w2,307,0.0004342162396873643
cam796_w2,308,0.09596178897090751
cam796_w2,309,0.08293530178028659
cam796_w2,310,0.19279201042118976
cam796_w2,311,0.0
cam796_w2,312,0.0
cam796_w2,313,0.006513243595310464
cam796_w2,314,0.022579244463742945
cam796_w2,315,0.0034737299174989146
cam796_w2,316,0.04298740772904907
cam796_w2,317,0.06817194963091619
cam796_w2,318,0.04168475900998697
cam796_w2,319,0.00303951367781155
cam796_w2,320,0.03473729917498915
cam796_w2,321,0.11723838471558837
cam796_w2,322,0.16500217108119844
cam796_w2,323,0.10421189752496743
cam796_w2,324,0.0
cam796_w2,325,0.07207989578810248
cam796_w2,326,0.0911854103343465
cam796_w2,327,0.05644811115935736
cam796_w2,328,0.056882327399044724
cam796_w2,329,0.09813287016934433
cam796_w2,330,0.05080330004342162
cam796_w2,331,0.27876682587928786
cam796_w2,332,0.28310898827616154
cam796_w2,333,0.09161962657403387
cam796_w2,334,0.2687798523664785
cam796_w2,335,0.0021710811984368217
cam796_w2,336,0.027789839339991317
cam796_w2,337,0.14372557533651759
cam796_w2,338,0.013894919669995658
cam796_w2,339,0.07425097698653929
cam796_w2,340,0.07251411202778985
cam796_w2,341,0.013026487190620929
cam796_w2,342,0.013026487190620929
cam796_w2,343,0.0694745983499783
cam796_w2,344,0.06556665219279201
cam796_w2,345,0.13634389926183238
cam796_w2,346,0.27920104211897523
cam796_w2,347,0.0911854103343465
cam796_w2,348,0.17542336083369517
cam796_w2,349,0.19800260529743813
cam796_w2,350,0.08858011289622232
cam796_w2,351,0.19496309161962658
cam796_w2,352,0.22709509335649153
cam796_w2,353,0.11463308727746417
cam796_w2,354,0.17672600955275727
cam796_w2,355,0.4867564046895354
cam796_w2,356,0.5722970039079461
cam796_w2,357,0.2761615284411637
cam796_w2,358,0.4871906209292228
cam796_w2,359,0.03256621797655232
cam796_w2,360,0.1033434650455927
cam796_w2,361,0.04168475900998697
cam796_w2,362,0.09639600521059488
cam796_w2,363,0.0
cam796_w2,364,0.04776378636561007
cam796_w2,365,0.006947459834997829
cam796_w2,366,0.013026487190620929
cam796_w2,367,0.2053842813721233
cam796_w2,368,0.18671298306556666
cam796_w2,369,0.17498914459400783
cam796_w2,370,0.10030395136778116
cam796_w2,371,0.5657837603126357
cam796_w2,372,0.030829353017802867
cam796_w2,373,0.008684324793747287
cam796_w2,374,0.010421189752496743
cam796_w2,375,0.1593573599652627
cam796_w5,1,0.0811561978877154
cam796_w5,2,0.13841022790439134
cam796_w5,3,0.03446359088382435
cam796_w5,4,0.31739855475264034
cam796_w5,5,0.1895497498610339
cam796_w5,6,0.0
cam796_w5,7,0.0
cam796_w5,8,0.0
cam796_w5,9,0.0
cam796_w5,10,0.0
cam796_w5,11,0.4330183435241801
cam796_w5,12,0.44858254585881047
cam796_w5,13,0.245136186770428
cam796_w5,14,0.3096164535853252
cam796_w5,15,0.6753752084491385
cam796_w5,16,0.03668704836020011
cam796_w5,17,0.6448026681489717
cam796_w5,18,0.0
cam796_w5,19,0.03501945525291829
cam796_w5,20,0.13340744858254586
cam796_w5,21,0.08615897720956087
cam796_w5,22,0.005002779321845469
cam796_w5,23,0.33351862145636463
cam796_w5,24,0.008893829905503057
cam796_w5,25,0.0
cam796_w5,26,0.34185658699277377
cam796_w5,27,0.2695942190105614
cam796_w5,28,0.4735964424680378
cam796_w5,29,0.32795997776542524
cam796_w5,30,0.0
cam796_w5,31,0.0016675931072818232
cam796_w5,32,0.0011117287381878821
cam796_w5,33,0.0016675931072818232
cam796_w5,34,0.005002779321845469
cam796_w5,35,0.0011117287381878821
cam796_w5,36,0.0027793218454697055
cam796_w5,37,0.0
cam796_w5,38,0.0
cam796_w5,39,0.0
cam796_w5,40,0.0
cam796_w5,41,0.01556420233463035
cam796_w5,42,0.0
cam796_w5,43,0.0
cam796_w5,44,0.0
cam796_w5,45,0.0
cam796_w5,46,0.0
cam796_w5,47,0.0
cam796_w5,48,0.0
cam796_w5,49,0.0
cam796_w5,50,0.0216787103946637
cam796_w5,51,0.048916064480266815
cam796_w5,52,0.1528627015008338
cam796_w5,53,0.23624235686492495
cam796_w5,54,0.09171762090050027
cam796_w5,55,0.0044469149527515284
cam796_w5,56,0.10450250138966093
cam796_w5,57,0.19788771539744301
cam796_w5,58,0.010005558643690939
cam796_w5,59,0.20900500277932185
cam796_w5,60,0.07337409672040023
cam796_w5,61,0.1245136186770428
cam796_w5,62,0.03724291272929405
cam796_w5,63,0.03557531962201223
cam796_w5,64,0.009449694274596998
cam796_w5,65,0.11172873818788216
cam796_w5,66,0.15453029460811563
cam796_w5,67,0.23179544191217344
cam796_w5,68,0.20511395219566425
cam796_w5,69,0.006670372429127293
cam796_w5,70,0.0011117287381878821
cam796_w5,71,0.0
cam796_w5,72,0.0
cam796_w5,73,0.0
cam796_w5,74,0.0
cam796_w5,75,0.0
cam796_w5,76,0.0
cam796_w5,77,0.0
cam796_w5,78,0.0
cam796_w5,79,0.0
cam796_w5,80,0.0
cam796_w5,81,0.0
cam796_w5,82,0.0
cam796_w5,83,0.0
cam796_w5,84,0.022099447513812154
cam796_w5,85,0.0
cam796_w5,86,0.0
cam796_w5,87,0.0
cam796_w5,88,0.018153117600631413
cam796_w5,89,0.1925808997632202
cam796_w5,90,0.11996842936069456
cam796_w5,91,0.30544593528018943
cam796_w5,92,0.13338595106550907
cam796_w5,93,0.08681925808997633
cam796_w5,94,0.12786108918705605
cam796_w5,95,0.008681925808997633
cam796_w5,96,0.47040252565114443
cam796_w5,97,0.0
cam796_w5,98,0.0
cam796_w5,99,0.0734017363851618
cam796_w5,100,0.4617205998421468
cam796_w5,101,0.42699289660615625
cam796_w5,102,0.11996842936069456
cam796_w5,103,0.8445146014206788
cam796_w5,104,0.8823993685872139
cam796_w5,105,0.17363851617995266
cam796_w5,106,0.3228097868981847
cam796_w5,107,0.9865824782951855
cam796_w5,108,0.5351223362273086
cam796_w5,109,0.14601420678768745
cam796_w5,110,0.20126282557221783
cam796_w5,111,0.08524072612470403
cam796_w5,112,0.909234411996843
cam796_w5,113,0.8950276243093923
cam796_w5,114,0.4514601420678769
cam796_w5,115,0.7647987371744278
cam796_w5,116,0.13417521704814522
cam796_w5,117,0.036306235201262825
cam796_w5,118,0.44751381215469616
cam796_w5,119,0.36306235201262826
cam796_w5,120,0.813733228097869
cam796_w5,121,0.7545382794001578
cam796_w5,122,0.15548539857932123
cam796_w5,123,0.05288082083662194
cam796_w5,124,0.026835043409629045
cam796_w5,125,0.01499605367008682
cam796_w5,126,0.0
cam796_w5,127,0.0
cam796_w5,128,0.035516969218626675
cam796_w5,129,0.0
cam796_w5,130,0.003946329913180742
cam796_w5,131,0.0
cam796_w5,132,0.056037884767166535
cam796_w5,133,0.003946329913180742
cam796_w5,134,0.0
cam796_w5,135,0.0023677979479084454
cam796_w5,136,0.0
cam796_w5,137,0.0
cam796_w5,138,0.021310181531176007
cam796_w5,139,0.0
cam796_w5,140,0.003946329913180742
cam796_w5,141,0.1270718232044199
cam796_w5,142,0.027624309392265192
cam796_w5,143,0.0
cam796_w5,144,0.03472770323599053
cam796_w5,145,0.0
cam796_w5,146,0.0
cam796_w5,147,0.006314127861089187
cam796_w5,148,0.0
cam796_w5,149,0.0
cam796_w5,150,0.0
cam796_w5,151,0.0
cam796_w5,152,0.0
cam796_w5,153,0.0
cam796_w5,154,0.0
cam796_w5,155,0.0
cam796_w5,156,0.0
cam796_w5,157,0.0
cam796_w5,158,0.0
cam796_w5,159,0.0
cam796_w5,160,0.0
cam796_w5,161,0.0
cam796_w5,162,0.0
cam796_w5,163,0.0
cam796_w5,164,0.0
cam796_w5,165,0.0
cam796_w5,166,0.0
cam796_w5,167,0.0
cam796_w5,168,0.00624512099921936
cam796_w5,169,0.00078064012490242
cam796_w5,170,0.13348946135831383
cam796_w5,171,0.18969555035128804
cam796_w5,172,0.13895394223263074
cam796_w5,173,0.3091334894613583
cam796_w5,174,0.34972677595628415
cam796_w5,175,0.00624512099921936
cam796_w5,176,0.01795472287275566
cam796_w5,177,0.03278688524590164
cam796_w5,178,0.00078064012490242
cam796_w5,179,0.07259953161592506
cam796_w5,180,0.20530835284933646
cam796_w5,181,0.4886807181889149
cam796_w5,182,0.18423106947697113
cam796_w5,183,0.19984387197501952
cam796_w5,184,0.0468384074941452
cam796_w5,185,0.0
cam796_w5,186,0.14597970335675253
cam796_w5,187,0.0
cam796_w5,188,0.0
cam796_w5,189,0.0
cam796_w5,190,0.0
cam796_w5,191,0.0
cam796_w5,192,0.02029664324746292
cam796_w5,193,0.01249024199843872
cam796_w5,194,0.0
cam796_w5,195,0.20452771272443404
cam796_w5,196,0.06401249024199844
cam796_w5,197,0.00078064012490242
cam796_w5,198,0.04137392661982826
cam796_w5,199,0.02654176424668228
cam796_w5,200,0.04137392661982826
cam796_w5,201,0.1366120218579235
cam796_w5,202,0.0195160031225605
cam796_w5,203,0.0
cam796_w5,204,0.00078064012490242
cam796_w5,205,0.0
cam796_w5,206,0.0
cam796_w5,207,0.00936768149882904
cam796_w5,208,0.0
cam796_w5,209,0.01327088212334114
cam796_w5,210,0.00468384074941452
cam796_w5,211,0.00078064012490242
cam796_w5,212,0.0
cam796_w5,213,0.00546448087431694
cam796_w5,214,0.0
cam796_w5,215,0.0
cam796_w5,216,0.11943793911007025
cam796_w5,217,0.00156128024980484
cam796_w5,218,0.053864168618266976
cam796_w5,219,0.05152224824355972
cam796_w5,220,0.0
cam796_w5,221,0.0
cam796_w5,222,0.0
cam796_w5,223,0.0
cam796_w5,224,0.0
cam796_w5,225,0.0
cam796_w5,226,0.0
cam796_w5,227,0.0
cam796_w5,228,0.0
cam796_w5,229,0.0
cam796_w5,230,0.0
cam796_w5,231,0.0
cam796_w5,232,0.0
cam796_w5,233,0.0
cam796_w5,234,0.0
cam796_w5,235,0.0
cam796_w5,236,0.0033400133600534404
cam796_w5,237,0.0033400133600534404
cam796_w5,238,0.004676018704074816
cam796_w5,239,0.022044088176352707
cam796_w5,240,0.018704074816299265
cam796_w5,241,0.014028056112224449
cam796_w5,242,0.06212424849699399
cam796_w5,243,0.012024048096192385
cam796_w5,244,0.21509686038744155
cam796_w5,245,0.14228456913827656
cam796_w5,246,0.19505678022712092
cam796_w5,247,0.34468937875751504
cam796_w5,248,0.1396125584502338
cam796_w5,249,0.18303273213092852
cam796_w5,250,0.5257181028724115
cam796_w5,251,0.14896459585838343
cam796_w5,252,0.11022044088176353
cam796_w5,253,0.09953239812959253
cam796_w5,254,0.029392117568470273
cam796_w5,255,0.1409485637942552
cam796_w5,256,0.08216432865731463
cam796_w5,257,0.1342685370741483
cam796_w5,258,0.09151636606546426
cam796_w5,259,0.08684034736138944
cam796_w5,260,0.03006012024048096
cam796_w5,261,0.16098864395457582
cam796_w5,262,0.447561790247161
cam796_w5,263,0.0674682698730795
cam796_w5,264,0.022044088176352707
cam796_w5,265,0.33266533066132264
cam796_w5,266,0.11556446225784903
cam796_w5,267,0.02338009352037408
cam796_w5,268,0.04008016032064128
cam796_w5,269,0.058784235136940546
cam796_w5,270,0.0
cam796_w5,271,0.014696058784235137
cam796_w5,272,0.008016032064128256
cam796_w5,273,0.0033400133600534404
cam796_w5,274,0.05477621910487642
cam796_w5,275,0.016700066800267203
cam796_w5,276,0.04408817635270541
cam796_w5,277,0.08617234468937876
cam796_w5,278,0.07682030728122913
cam796_w5,279,0.026720106880427523
cam796_w5,280,0.06012024048096192
cam796_w5,281,0.012024048096192385
cam796_w5,282,0.04008016032064128
cam796_w5,283,0.028724114896459586
cam796_w5,284,0.07080828323313293
cam796_w5,285,0.01603206412825651
cam796_w5,286,0.0
cam796_w5,287,0.0
cam796_w5,288,0.0
cam796_w5,289,0.0
cam796_w5,290,0.013360053440213761
cam796_w5,291,0.0033400133600534404
cam796_w5,292,0.026720106880427523
cam796_w5,293,0.01002004008016032
cam796_w5,294,0.05678022712090848
cam796_w5,295,0.0013360053440213762
cam796_w5,296,0.0
cam796_w5,297,0.0
cam796_w5,298,0.0
cam796_w5,299,0.0
cam796_w5,300,0.0
cam796_w5,301,0.0
cam796_w5,302,0.0
cam796_w5,303,0.0
cam796_w5,304,0.0
cam796_w5,305,0.0013026487190620929
cam796_w5,306,0.0
cam796_w5,307,0.0
cam796_w5,308,0.0
cam796_w5,309,0.0
cam796_w5,310,0.0013026487190620929
cam796_w5,311,0.0008684324793747286
cam796_w5,312,0.0034737299174989146
cam796_w5,313,0.0021710811984368217
cam796_w5,314,0.0
cam796_w5,315,0.00303951367781155
cam796_w5,316,0.0668693009118541
cam796_w5,317,0.07338254450716457
cam796_w5,318,0.08206686930091185
cam796_w5,319,0.25401650021710814
cam796_w5,320,0.17846287451150672
cam796_w5,321,0.4211897524967434
cam796_w5,322,0.3925314806773773
cam796_w5,323,0.055145462440295265
cam796_w5,324,0.09292227529309596
cam796_w5,325,0.13113330438558402
cam796_w5,326,0.44072948328267475
cam796_w5,327,0.26183239253148066
cam796_w5,328,0.2418584455058619
cam796_w5,329,0.12722535822839776
cam796_w5,330,0.15762049500651323
cam796_w5,331,0.04646113764654798
cam796_w5,332,0.055145462440295265
cam796_w5,333,0.10725141120277898
cam796_w5,334,0.010855405992184108
cam796_w5,335,0.07642205818497612
cam796_w5,336,0.30351715154146763
cam796_w5,337,0.33174120712114635
cam796_w5,338,0.22058184976118106
cam796_w5,339,0.12462006079027356
cam796_w5,340,0.07034303082935302
cam796_w5,341,0.08467216673903603
cam796_w5,342,0.16152844116369952
cam796_w5,343,0.24229266174554928
cam796_w5,344,0.5414676508901433
cam796_w5,345,0.2153712548849327
cam796_w5,346,0.12852800694745983
cam796_w5,347,0.10508033000434217
cam796_w5,348,0.06643508467216674
cam796_w5,349,0.08336951801997394
cam796_w5,350,0.08033000434216239
cam796_w5,351,0.12071211463308727
cam796_w5,352,0.28484585323491096
cam796_w5,353,0.2765957446808511
cam796_w5,354,0.5445071645679549
cam796_w5,355,0.5080330004342163
cam796_w5,356,0.2961354754667825
cam796_w5,357,0.17802865827181938
cam796_w5,358,0.31046461137646547
cam796_w5,359,0.12592270950933565
cam796_w5,360,0.09596178897090751
cam796_w5,361,0.12027789839339992
cam796_w5,362,0.04646113764654798
cam796_w5,363,0.026921406860616587
cam796_w5,364,0.02518454190186713
cam796_w5,365,0.010421189752496743
cam796_w5,366,0.06513243595310464
cam796_w5,367,0.0013026487190620929
cam796_w5,368,0.08163265306122448
cam796_w5,369,0.15631784628745116
cam796_w5,370,0.08380373425966131
cam796_w5,371,0.10377768128528007
cam796_w5,372,0.026487190620929222
cam796_w5,373,0.02344767694311767
cam796_w5,374,0.0633955709943552
cam796_w5,375,0.0243161094224924
